{"type":"FeatureCollection","kaynak":"Kurgusal. Hücreler OpenStreetMap ve İBB nokta yoğunluğundan k-ortalama ve Voronoi ile türetildi. Gerçek operatör verisi kullanılmadı.","uretim_tarihi":"2026-09-18","tohum":20260921,"features":[{"type":"Feature","geometry":{"type":"MultiPolygon","coordinates":[[[[28.969171,40.875253],[28.969172,40.875175],[28.969182,40.875098],[28.969194,40.875046],[28.969213,40.874996],[28.969237,40.874947],[28.969275,40.874891],[28.96932,40.87484],[28.969374,40.874793],[28.96941,40.874767],[28.969449,40.874743],[28.969459,40.874556],[28.969601,40.874531],[28.969662,40.874332],[28.969666,40.874297],[28.96966,40.874263],[28.969645,40.87423],[28.969622,40.8742],[28.969609,40.874188],[28.969593,40.874178],[28.969562,40.874166],[28.969528,40.874161],[28.969515,40.87415],[28.969507,40.874136],[28.969505,40.874118],[28.969513,40.874101],[28.969526,40.874086],[28.969543,40.874075],[28.969563,40.874066],[28.969597,40.874061],[28.96963,40.874063],[28.969657,40.87407],[28.96968,40.874082],[28.969736,40.874143],[28.970015,40.87398],[28.970064,40.873981],[28.970112,40.873976],[28.970158,40.873965],[28.970206,40.873946],[28.970249,40.87392],[28.97026,40.873947],[28.970261,40.873976],[28.970252,40.874004],[28.970237,40.874023],[28.970216,40.87404],[28.97024,40.874055],[28.970269,40.874065],[28.9703,40.874069],[28.970338,40.874067],[28.970373,40.874057],[28.970482,40.874109],[28.970596,40.874156],[28.970713,40.874198],[28.970845,40.874236],[28.97098,40.874268],[28.971057,40.874291],[28.971131,40.874321],[28.971199,40.874356],[28.971262,40.874397],[28.971331,40.874431],[28.971405,40.874458],[28.971475,40.874476],[28.971546,40.874488],[28.971642,40.874504],[28.971738,40.874513],[28.971835,40.874517],[28.971935,40.874514],[28.972034,40.874519],[28.972133,40.874532],[28.972195,40.874544],[28.972256,40.874559],[28.972377,40.87459],[28.972473,40.874619],[28.972567,40.87465],[28.972616,40.874663],[28.972668,40.874671],[28.97272,40.874671],[28.97277,40.874666],[28.972819,40.874654],[28.972903,40.874639],[28.97299,40.874628],[28.973076,40.874623],[28.973187,40.874625],[28.973298,40.874634],[28.973408,40.874485],[28.973431,40.874468],[28.973458,40.874453],[28.973488,40.874443],[28.973524,40.874436],[28.973562,40.874435],[28.97359,40.874507],[28.97365,40.874657],[28.973682,40.874677],[28.973718,40.874694],[28.973756,40.874707],[28.973795,40.874715],[28.973836,40.874719],[28.973917,40.874724],[28.973999,40.87472],[28.974068,40.87471],[28.974135,40.874695],[28.9742,40.874673],[28.974261,40.874647],[28.974299,40.874634],[28.97434,40.874628],[28.974382,40.874629],[28.974419,40.874634],[28.974455,40.874645],[28.974487,40.874661],[28.974503,40.874677],[28.974512,40.874697],[28.974511,40.874718],[28.974502,40.874738],[28.974486,40.874753],[28.974465,40.874764],[28.974441,40.87477],[28.974352,40.87476],[28.974145,40.874865],[28.974131,40.875008],[28.973845,40.875259],[28.973535,40.875526],[28.973627,40.875585],[28.973291,40.87623],[28.97399,40.876455],[28.97401,40.876426],[28.974036,40.876401],[28.974065,40.876377],[28.974083,40.876366],[28.974097,40.876352],[28.974107,40.876336],[28.974113,40.876317],[28.974112,40.876298],[28.974107,40.87626],[28.974096,40.876235],[28.974081,40.87621],[28.974135,40.876152],[28.974181,40.876167],[28.974343,40.87596],[28.974377,40.875918],[28.974417,40.875878],[28.974461,40.875843],[28.974494,40.875821],[28.97453,40.8758],[28.974605,40.875765],[28.974671,40.875743],[28.974741,40.875726],[28.974587,40.875991],[28.974428,40.876262],[28.974402,40.876297],[28.974379,40.876329],[28.974322,40.876393],[28.974259,40.876454],[28.974188,40.876512],[28.974111,40.876566],[28.974028,40.876615],[28.973807,40.876759],[28.973578,40.876897],[28.973503,40.877039],[28.973433,40.877077],[28.973357,40.877108],[28.973276,40.877132],[28.973205,40.877146],[28.973132,40.877154],[28.972987,40.877167],[28.972877,40.87717],[28.972767,40.877168],[28.972658,40.877161],[28.972541,40.877149],[28.972427,40.877129],[28.972315,40.8771],[28.972234,40.877074],[28.972156,40.877043],[28.971999,40.876982],[28.971864,40.876926],[28.971732,40.876868],[28.971659,40.876836],[28.971592,40.876797],[28.971533,40.876752],[28.97149,40.876709],[28.971453,40.876663],[28.97136,40.876622],[28.971264,40.876583],[28.971104,40.876525],[28.970942,40.876468],[28.970802,40.876422],[28.970665,40.876372],[28.97055,40.876326],[28.970439,40.876274],[28.970332,40.876218],[28.970209,40.876141],[28.970094,40.876058],[28.969989,40.875968],[28.969987,40.875985],[28.969975,40.875999],[28.969957,40.876007],[28.969936,40.876009],[28.969614,40.875856],[28.96955,40.875821],[28.969493,40.875779],[28.969444,40.875732],[28.969403,40.875681],[28.969369,40.875622],[28.969346,40.875561],[28.969335,40.875498],[28.969171,40.875253]]],[[[28.990193,40.866195],[28.990197,40.866175],[28.990207,40.866149],[28.990237,40.866119],[28.990308,40.866079],[28.990413,40.866018],[28.990473,40.865968],[28.99043,40.865928],[28.990394,40.865899],[28.990389,40.865871],[28.99044,40.865864],[28.990446,40.865857],[28.990445,40.86584],[28.990438,40.865741],[28.990456,40.865716],[28.990508,40.865701],[28.990552,40.865696],[28.990537,40.865636],[28.990509,40.8656],[28.990489,40.865576],[28.990487,40.865547],[28.99052,40.865525],[28.990588,40.865495],[28.990727,40.865211],[28.990878,40.864998],[28.990913,40.864948],[28.990977,40.864782],[28.990982,40.864771],[28.991013,40.864736],[28.991031,40.864658],[28.991126,40.864664],[28.991196,40.864676],[28.991231,40.864702],[28.991242,40.864653],[28.991329,40.864657],[28.991343,40.864573],[28.991377,40.864431],[28.991453,40.864319],[28.991512,40.864262],[28.99148,40.864221],[28.991478,40.864165],[28.991452,40.864114],[28.99151,40.864091],[28.991402,40.864061],[28.991349,40.864022],[28.991307,40.863974],[28.991337,40.863938],[28.991368,40.863939],[28.99139,40.863919],[28.991389,40.8639],[28.991432,40.863893],[28.99145,40.863917],[28.99145,40.863873],[28.991496,40.863875],[28.991519,40.86388],[28.991525,40.863873],[28.991522,40.86386],[28.99149,40.863833],[28.991489,40.863817],[28.991494,40.863796],[28.991539,40.863763],[28.991581,40.863736],[28.991647,40.863742],[28.991667,40.863735],[28.991679,40.863726],[28.991705,40.863692],[28.991692,40.863599],[28.991698,40.863547],[28.991787,40.863525],[28.991815,40.863524],[28.991815,40.863573],[28.991829,40.863578],[28.991867,40.863563],[28.991914,40.863549],[28.991992,40.863504],[28.992093,40.86346],[28.992178,40.863431],[28.992307,40.863408],[28.992324,40.863412],[28.992318,40.863487],[28.992286,40.863521],[28.992318,40.863557],[28.992365,40.863523],[28.99237,40.863488],[28.992488,40.863475],[28.992534,40.863521],[28.992557,40.863447],[28.992589,40.86344],[28.992626,40.863452],[28.992695,40.863417],[28.992756,40.863368],[28.992772,40.86342],[28.992789,40.863421],[28.992794,40.863345],[28.99285,40.863336],[28.992882,40.863369],[28.992995,40.863332],[28.992985,40.863293],[28.993062,40.863255],[28.993115,40.863265],[28.993122,40.86331],[28.993109,40.863333],[28.993054,40.86336],[28.993063,40.863375],[28.993134,40.863346],[28.993155,40.863334],[28.993201,40.863301],[28.99332,40.863279],[28.993378,40.863252],[28.993432,40.863176],[28.993509,40.863154],[28.993611,40.863186],[28.993881,40.863315],[28.994155,40.863459],[28.994263,40.863338],[28.994904,40.863695],[28.995063,40.863539],[28.996133,40.864338],[28.996709,40.864768],[28.997,40.864985],[28.996734,40.865194],[28.996357,40.865079],[28.996161,40.865208],[28.995508,40.865654],[28.995044,40.865977],[28.994462,40.866324],[28.994344,40.866237],[28.99387,40.866558],[28.993839,40.866533],[28.993794,40.866497],[28.993843,40.86646],[28.993858,40.866472],[28.994105,40.866306],[28.993869,40.866112],[28.993804,40.866117],[28.993761,40.866116],[28.993693,40.866107],[28.993599,40.866092],[28.99347,40.86605],[28.993256,40.865982],[28.993091,40.865961],[28.992915,40.865957],[28.992688,40.86598],[28.992534,40.865997],[28.992065,40.86604],[28.991712,40.866053],[28.99158,40.866024],[28.991481,40.866012],[28.991377,40.866024],[28.991307,40.866071],[28.991223,40.866127],[28.990953,40.866176],[28.990776,40.866172],[28.990634,40.866358],[28.990559,40.866356],[28.990506,40.866292],[28.990459,40.866269],[28.990397,40.866272],[28.990321,40.866305],[28.990282,40.866303],[28.990257,40.866282],[28.990239,40.866245],[28.99022,40.866233],[28.990198,40.866218],[28.990193,40.866195]]],[[[29.03917,40.911841],[29.039202,40.911744],[29.03931,40.911403],[29.039428,40.911095],[29.039535,40.910884],[29.039621,40.910722],[29.039642,40.910479],[29.039717,40.910325],[29.0399,40.910179],[29.040179,40.90992],[29.040447,40.909628],[29.04064,40.909328],[29.040705,40.90919],[29.040662,40.909003],[29.04064,40.908898],[29.040737,40.908825],[29.040865,40.908728],[29.041166,40.908395],[29.041466,40.908111],[29.041906,40.907649],[29.042314,40.90726],[29.04248,40.907134],[29.042612,40.907046],[29.042576,40.907003],[29.042595,40.906923],[29.042712,40.906911],[29.042771,40.906933],[29.043161,40.906627],[29.043128,40.90655],[29.043272,40.906483],[29.043311,40.906538],[29.043534,40.906511],[29.043551,40.906548],[29.043655,40.90653],[29.043859,40.906579],[29.043898,40.90657],[29.043882,40.906494],[29.043926,40.906469],[29.043977,40.906542],[29.044417,40.906376],[29.044792,40.906182],[29.045007,40.905995],[29.045329,40.905792],[29.045457,40.905662],[29.045546,40.905584],[29.045829,40.905196],[29.045953,40.904911],[29.045941,40.904572],[29.045865,40.904438],[29.045758,40.904308],[29.045608,40.904187],[29.045479,40.904187],[29.04535,40.904],[29.045296,40.904057],[29.04506,40.903927],[29.0452,40.903773],[29.045125,40.903595],[29.045071,40.903376],[29.045018,40.903238],[29.045071,40.903084],[29.045136,40.902954],[29.0452,40.902776],[29.045393,40.902646],[29.045511,40.902565],[29.045736,40.902605],[29.046155,40.902532],[29.046509,40.902516],[29.046788,40.902492],[29.047045,40.902516],[29.047367,40.902622],[29.0477,40.902654],[29.048322,40.902703],[29.048687,40.902703],[29.049019,40.902654],[29.049245,40.902589],[29.049427,40.902573],[29.049685,40.902662],[29.049974,40.90263],[29.050285,40.902638],[29.050833,40.902751],[29.051165,40.902808],[29.051487,40.902979],[29.052045,40.903254],[29.052367,40.903368],[29.052667,40.9034],[29.052925,40.9034],[29.053322,40.903335],[29.053686,40.903254],[29.05374,40.903149],[29.054019,40.903246],[29.053965,40.903368],[29.054067,40.903455],[29.054059,40.903509],[29.054299,40.903647],[29.054416,40.903695],[29.054899,40.904006],[29.055296,40.90426],[29.055446,40.904352],[29.055706,40.904483],[29.055972,40.904584],[29.056079,40.904681],[29.056261,40.904843],[29.056318,40.904945],[29.056425,40.905132],[29.056557,40.905283],[29.056682,40.905366],[29.056833,40.905435],[29.056971,40.905499],[29.057031,40.905608],[29.05704,40.905714],[29.056997,40.905791],[29.056845,40.905953],[29.056775,40.906044],[29.056742,40.906201],[29.056776,40.906384],[29.056924,40.906589],[29.057102,40.906649],[29.057061,40.906884],[29.056937,40.907122],[29.056723,40.907317],[29.05668,40.907625],[29.056626,40.907779],[29.056465,40.907909],[29.056208,40.908063],[29.0558,40.908355],[29.055682,40.908509],[29.055564,40.908784],[29.055527,40.908945],[29.05544,40.909104],[29.055537,40.909109],[29.055535,40.909181],[29.055387,40.909177],[29.055387,40.909513],[29.05582,40.909513],[29.055812,40.909612],[29.055807,40.909679],[29.055748,40.909677],[29.055709,40.909676],[29.055709,40.909602],[29.055398,40.90961],[29.055376,40.910072],[29.055752,40.910113],[29.055827,40.909991],[29.055934,40.909926],[29.05602,40.909951],[29.055951,40.910052],[29.055837,40.910221],[29.055784,40.910299],[29.055795,40.910486],[29.056063,40.910518],[29.055979,40.910737],[29.055971,40.910758],[29.055622,40.910704],[29.055415,40.910887],[29.05503,40.911264],[29.054749,40.911708],[29.05454,40.912034],[29.054274,40.912325],[29.054087,40.912447],[29.053892,40.912747],[29.053693,40.912905],[29.053467,40.91308],[29.053355,40.913218],[29.053077,40.913493],[29.052924,40.913551],[29.05278,40.913599],[29.052265,40.913778],[29.052201,40.913834],[29.051847,40.913826],[29.051782,40.91394],[29.051535,40.91394],[29.051439,40.913834],[29.051238,40.913831],[29.050945,40.913826],[29.050888,40.913832],[29.050548,40.913867],[29.050323,40.91415],[29.050323,40.914152],[29.050312,40.914248],[29.050538,40.914248],[29.050602,40.914313],[29.050738,40.914369],[29.050738,40.914414],[29.050888,40.914427],[29.050888,40.914466],[29.050889,40.914492],[29.0494,40.914386],[29.048899,40.914296],[29.048487,40.914219],[29.046989,40.91403],[29.046453,40.913971],[29.045914,40.913875],[29.045602,40.913875],[29.045162,40.913915],[29.044701,40.913899],[29.044379,40.913818],[29.044079,40.91381],[29.04365,40.91377],[29.043446,40.913802],[29.043414,40.913891],[29.043317,40.913891],[29.043188,40.913729],[29.042974,40.913607],[29.042609,40.913478],[29.042427,40.913396],[29.042309,40.913299],[29.042094,40.91317],[29.041815,40.913113],[29.041515,40.913113],[29.041242,40.913219],[29.040973,40.913163],[29.040468,40.913017],[29.040211,40.912903],[29.0399,40.912782],[29.039793,40.912644],[29.039621,40.912376],[29.039278,40.911922],[29.03917,40.911841]]],[[[29.052269,40.878219],[29.052601,40.878194],[29.052904,40.878163],[29.053162,40.878013],[29.053272,40.877695],[29.053155,40.877604],[29.053237,40.877401],[29.053555,40.877132],[29.053579,40.877024],[29.053622,40.876646],[29.053811,40.87631],[29.054075,40.876094],[29.05433,40.875978],[29.05449,40.87592],[29.055275,40.875645],[29.055906,40.875418],[29.056077,40.875308],[29.05628,40.875222],[29.056984,40.875202],[29.058705,40.875247],[29.060001,40.875046],[29.061032,40.874873],[29.061701,40.874527],[29.062241,40.874287],[29.063057,40.873865],[29.063941,40.873949],[29.064129,40.874124],[29.065108,40.874429],[29.065756,40.874532],[29.066696,40.874747],[29.067147,40.87501],[29.067525,40.87522],[29.067754,40.875348],[29.068009,40.875522],[29.068254,40.875704],[29.068515,40.875827],[29.068859,40.876128],[29.068849,40.876292],[29.06916,40.87671],[29.069059,40.876741],[29.069178,40.877037],[29.069432,40.877269],[29.069528,40.877236],[29.069602,40.877356],[29.069551,40.877375],[29.069738,40.877505],[29.069866,40.877718],[29.070068,40.877851],[29.070387,40.878473],[29.070312,40.878594],[29.070641,40.878786],[29.070805,40.878623],[29.071198,40.878837],[29.070919,40.879148],[29.07109,40.879238],[29.071596,40.87912],[29.072133,40.878986],[29.072372,40.87893],[29.072474,40.879125],[29.072432,40.87916],[29.072469,40.87927],[29.071824,40.879428],[29.071227,40.879578],[29.071132,40.879531],[29.07066,40.879684],[29.070634,40.879664],[29.070473,40.879802],[29.070439,40.879782],[29.070213,40.879962],[29.070147,40.87995],[29.069874,40.88017],[29.069723,40.880398],[29.06981,40.881038],[29.07079,40.880977],[29.070797,40.881083],[29.070807,40.881223],[29.069827,40.881278],[29.070006,40.881406],[29.069918,40.881478],[29.069875,40.881518],[29.069771,40.881602],[29.069604,40.881484],[29.06936,40.881655],[29.069055,40.881856],[29.068913,40.881975],[29.068797,40.882211],[29.068755,40.882542],[29.068774,40.88272],[29.068921,40.882915],[29.069288,40.883301],[29.0693,40.883338],[29.069364,40.883522],[29.069501,40.883783],[29.069594,40.883729],[29.069671,40.883741],[29.069726,40.884157],[29.069537,40.884588],[29.068928,40.884735],[29.068087,40.884814],[29.067322,40.885],[29.06676,40.885039],[29.066556,40.885035],[29.066471,40.884981],[29.066097,40.884977],[29.065754,40.885027],[29.065177,40.885267],[29.064559,40.885254],[29.064326,40.885186],[29.063434,40.885163],[29.063334,40.885182],[29.062978,40.885284],[29.062901,40.885415],[29.062641,40.885538],[29.062425,40.885486],[29.062058,40.88548],[29.061535,40.885241],[29.061237,40.885261],[29.060809,40.885268],[29.060547,40.885346],[29.060408,40.885612],[29.060356,40.885733],[29.060411,40.88577],[29.060421,40.885816],[29.060327,40.886182],[29.059992,40.886429],[29.059593,40.886463],[29.059229,40.886415],[29.058686,40.886467],[29.058437,40.886372],[29.057875,40.886182],[29.057562,40.886184],[29.057212,40.886234],[29.056984,40.886389],[29.056778,40.886625],[29.056602,40.886669],[29.056327,40.886746],[29.055929,40.886587],[29.055208,40.886259],[29.055219,40.886096],[29.055324,40.885947],[29.05568,40.885791],[29.056091,40.885837],[29.056647,40.885234],[29.056781,40.884869],[29.056936,40.884662],[29.057159,40.884164],[29.057255,40.88365],[29.057225,40.883209],[29.057166,40.88302],[29.057029,40.882784],[29.056944,40.8827],[29.056821,40.882624],[29.056669,40.882615],[29.056603,40.882663],[29.056497,40.882628],[29.05639,40.882533],[29.05632,40.882334],[29.056016,40.881966],[29.05572,40.88179],[29.055298,40.881672],[29.054723,40.881273],[29.054525,40.880913],[29.054531,40.880567],[29.054016,40.880302],[29.054198,40.880042],[29.054122,40.87979],[29.054123,40.879588],[29.054054,40.879413],[29.053624,40.87894],[29.053421,40.878907],[29.053349,40.878805],[29.053204,40.878661],[29.053057,40.878583],[29.052697,40.878408],[29.052269,40.878219]]],[[[29.074712,40.869222],[29.074807,40.869042],[29.074862,40.868851],[29.075107,40.868737],[29.075171,40.86854],[29.075528,40.868528],[29.075712,40.868448],[29.076266,40.868316],[29.077504,40.868103],[29.078074,40.868317],[29.078544,40.868215],[29.078781,40.868158],[29.07899,40.868056],[29.079441,40.868068],[29.079876,40.86799],[29.080556,40.86799],[29.081104,40.867838],[29.081457,40.867686],[29.081809,40.867489],[29.082201,40.867403],[29.08297,40.867425],[29.083219,40.867449],[29.083343,40.867475],[29.083396,40.867613],[29.083435,40.867782],[29.083304,40.867927],[29.083285,40.868121],[29.083158,40.868313],[29.082763,40.868797],[29.082626,40.869204],[29.082572,40.86936],[29.082435,40.869624],[29.082336,40.86971],[29.082308,40.869806],[29.082352,40.870011],[29.082442,40.870274],[29.082474,40.870434],[29.082725,40.870636],[29.082734,40.870756],[29.082799,40.870869],[29.082887,40.870971],[29.083281,40.871201],[29.083921,40.871381],[29.084943,40.871619],[29.085136,40.871635],[29.085279,40.871647],[29.085638,40.871635],[29.085709,40.871625],[29.086246,40.87155],[29.086806,40.871376],[29.087602,40.871076],[29.087837,40.870945],[29.088028,40.870839],[29.088371,40.870414],[29.088438,40.870082],[29.088408,40.869836],[29.08797,40.869725],[29.087704,40.869498],[29.087403,40.869401],[29.087189,40.869258],[29.087103,40.868914],[29.087077,40.868583],[29.086897,40.868427],[29.086931,40.868187],[29.087163,40.86807],[29.087658,40.868273],[29.08788,40.868229],[29.088218,40.868223],[29.088902,40.868467],[29.08924,40.868461],[29.089352,40.86881],[29.089591,40.868975],[29.08977,40.869097],[29.08995,40.869126],[29.090113,40.86909],[29.090622,40.869168],[29.090945,40.869163],[29.091292,40.869194],[29.09197,40.869407],[29.092649,40.869398],[29.092987,40.869391],[29.093328,40.869413],[29.094141,40.869407],[29.094266,40.869111],[29.094574,40.869098],[29.094811,40.869068],[29.095386,40.869135],[29.095717,40.869364],[29.095853,40.86949],[29.095862,40.869613],[29.096213,40.869659],[29.096544,40.869646],[29.096759,40.869537],[29.096943,40.869483],[29.097167,40.869453],[29.097377,40.869532],[29.097543,40.869596],[29.099187,40.880487],[29.099186,40.88049],[29.09919,40.880506],[29.099494,40.882518],[29.099491,40.882523],[29.098879,40.883205],[29.098579,40.883516],[29.098686,40.883821],[29.098338,40.883899],[29.097946,40.884054],[29.097707,40.884233],[29.097664,40.88433],[29.097685,40.884403],[29.097668,40.884402],[29.09748,40.884398],[29.097218,40.88447],[29.097272,40.884559],[29.097194,40.884656],[29.097085,40.884585],[29.096994,40.884526],[29.096807,40.884537],[29.096487,40.884717],[29.095788,40.884744],[29.095597,40.884751],[29.095317,40.88476],[29.095175,40.884768],[29.094489,40.884795],[29.093995,40.884697],[29.093813,40.884808],[29.093394,40.88471],[29.093137,40.88482],[29.092193,40.884347],[29.091892,40.884457],[29.091735,40.88416],[29.091765,40.884099],[29.091885,40.884039],[29.091815,40.883905],[29.091231,40.883445],[29.090624,40.883209],[29.090038,40.883023],[29.089683,40.883006],[29.089362,40.883091],[29.088829,40.883155],[29.088784,40.883084],[29.088841,40.882985],[29.088892,40.882808],[29.08865,40.882591],[29.089022,40.882273],[29.089286,40.882078],[29.089617,40.881912],[29.09013,40.88168],[29.090301,40.881602],[29.09053,40.881528],[29.090564,40.881293],[29.090588,40.881135],[29.090406,40.880657],[29.090337,40.880513],[29.09029,40.880412],[29.090015,40.880189],[29.089926,40.880143],[29.089848,40.880103],[29.089717,40.880171],[29.089561,40.880117],[29.089551,40.880025],[29.089405,40.87988],[29.089277,40.879837],[29.089239,40.879811],[29.088532,40.879317],[29.088345,40.879235],[29.087883,40.879034],[29.087558,40.878916],[29.087429,40.878851],[29.087367,40.87882],[29.087192,40.878639],[29.086864,40.878328],[29.086464,40.878037],[29.086388,40.878083],[29.085807,40.877831],[29.085466,40.877514],[29.085068,40.877355],[29.08376,40.877031],[29.083215,40.876897],[29.082399,40.876799],[29.082061,40.876805],[29.081213,40.876721],[29.080604,40.87644],[29.079671,40.876079],[29.079315,40.875896],[29.078809,40.87574],[29.078307,40.875718],[29.077958,40.87543],[29.077469,40.87506],[29.076722,40.874398],[29.07642,40.874203],[29.076033,40.874042],[29.07574,40.873516],[29.075297,40.873109],[29.074949,40.872661],[29.074862,40.872391],[29.075153,40.872181],[29.075542,40.872188],[29.075825,40.87204],[29.07589,40.871901],[29.075961,40.871632],[29.075938,40.871327],[29.075906,40.871058],[29.075789,40.870886],[29.075938,40.870735],[29.076127,40.870597],[29.075961,40.870358],[29.075724,40.870161],[29.075511,40.870029],[29.075383,40.869848],[29.075052,40.869521],[29.074831,40.869515],[29.074727,40.869365],[29.074712,40.869222]]],[[[29.076054,40.884746],[29.076096,40.884451],[29.076191,40.883899],[29.076266,40.883654],[29.076271,40.883636],[29.076274,40.883632],[29.076397,40.883439],[29.076533,40.883301],[29.076597,40.883128],[29.0766,40.883124],[29.076647,40.883145],[29.076799,40.883212],[29.077203,40.88303],[29.077154,40.882795],[29.077263,40.882597],[29.077306,40.88253],[29.077315,40.882461],[29.077268,40.882373],[29.077248,40.882369],[29.077175,40.882362],[29.077158,40.882416],[29.07713,40.882422],[29.077104,40.882398],[29.076946,40.882323],[29.076985,40.882254],[29.077061,40.882132],[29.077037,40.882113],[29.077007,40.882091],[29.077038,40.882072],[29.077047,40.882045],[29.077028,40.88203],[29.077047,40.88201],[29.077049,40.881987],[29.076986,40.882006],[29.076991,40.881987],[29.077028,40.881952],[29.077008,40.881902],[29.076966,40.881855],[29.076941,40.881747],[29.076876,40.881705],[29.076784,40.881663],[29.076697,40.881626],[29.076642,40.88155],[29.076557,40.881494],[29.076457,40.88151],[29.076442,40.881555],[29.076353,40.881538],[29.076372,40.88148],[29.076329,40.881455],[29.076293,40.881408],[29.076349,40.881277],[29.076446,40.881247],[29.07643,40.881176],[29.076483,40.881182],[29.076505,40.881214],[29.076677,40.881234],[29.076778,40.881197],[29.076903,40.881219],[29.076971,40.881239],[29.077025,40.881267],[29.077066,40.881305],[29.077079,40.881345],[29.077062,40.88136],[29.077079,40.881434],[29.077169,40.881468],[29.077147,40.881521],[29.077157,40.881591],[29.077183,40.881631],[29.077213,40.881643],[29.077231,40.881666],[29.077365,40.881834],[29.077418,40.881901],[29.077473,40.881987],[29.077444,40.882015],[29.07745,40.882063],[29.077504,40.88211],[29.077562,40.882155],[29.077572,40.882156],[29.077653,40.882169],[29.077856,40.882383],[29.077988,40.882498],[29.078003,40.882512],[29.078079,40.882562],[29.07809,40.882599],[29.078082,40.882642],[29.077975,40.882702],[29.077931,40.882747],[29.077917,40.882936],[29.077903,40.882971],[29.077891,40.883002],[29.077907,40.883095],[29.077914,40.883136],[29.07792,40.883259],[29.077893,40.883318],[29.077879,40.88335],[29.077891,40.883391],[29.077857,40.883423],[29.077836,40.88347],[29.077822,40.8835],[29.077874,40.883644],[29.077916,40.883646],[29.077867,40.883668],[29.077852,40.883705],[29.077831,40.883751],[29.077876,40.883841],[29.078284,40.884276],[29.078328,40.884338],[29.078422,40.884468],[29.078568,40.884565],[29.078713,40.884688],[29.078769,40.884742],[29.078768,40.884824],[29.078747,40.884849],[29.078828,40.884861],[29.078814,40.884917],[29.078767,40.88491],[29.078765,40.884919],[29.078683,40.884907],[29.078683,40.884923],[29.078542,40.885035],[29.078137,40.885266],[29.078031,40.885334],[29.077602,40.885614],[29.077268,40.885731],[29.077201,40.885739],[29.077164,40.885735],[29.077169,40.885706],[29.077179,40.885648],[29.077124,40.88563],[29.077062,40.885641],[29.077044,40.88564],[29.077014,40.885638],[29.077008,40.885672],[29.076964,40.885675],[29.076922,40.885639],[29.076926,40.885626],[29.076886,40.885612],[29.076814,40.885586],[29.076682,40.88554],[29.076698,40.885582],[29.076615,40.885564],[29.076614,40.885521],[29.076584,40.885505],[29.076473,40.885481],[29.07633,40.885304],[29.076398,40.885262],[29.076311,40.885185],[29.076336,40.885177],[29.076361,40.885168],[29.076327,40.885129],[29.07628,40.885116],[29.076255,40.885134],[29.076226,40.885101],[29.07619,40.885061],[29.076186,40.885052],[29.076054,40.884746]]]]},"properties":{"hucre_kodu":"BZ-001","ilce":"Adalar","alan_km2":5.35,"yogunluk_puani":12,"komsular":["BZ-122","BZ-249","BZ-246","BZ-046","BZ-002","BZ-158","BZ-136","BZ-134","BZ-130"]}},{"type":"Feature","geometry":{"type":"MultiPolygon","coordinates":[[[[29.097543,40.869596],[29.097699,40.869656],[29.097935,40.869849],[29.098869,40.870447],[29.099,40.870558],[29.099365,40.870773],[29.0999,40.871361],[29.100055,40.871835],[29.10196,40.87286],[29.102231,40.872883],[29.102456,40.872804],[29.102638,40.872776],[29.103986,40.873438],[29.1039,40.873516],[29.102664,40.872918],[29.102493,40.873003],[29.102432,40.873003],[29.102166,40.873094],[29.102261,40.873327],[29.101531,40.873548],[29.101875,40.874275],[29.102261,40.874184],[29.102287,40.87421],[29.101866,40.874333],[29.101875,40.874366],[29.101565,40.874457],[29.101565,40.874573],[29.101694,40.874638],[29.101746,40.874554],[29.10184,40.874625],[29.101995,40.874508],[29.102046,40.87456],[29.101857,40.874684],[29.101754,40.874794],[29.102637,40.87531],[29.104029,40.873937],[29.104149,40.874009],[29.102681,40.875443],[29.101603,40.876613],[29.101535,40.876686],[29.102129,40.877035],[29.102082,40.877085],[29.102034,40.877136],[29.10145,40.876796],[29.100887,40.877598],[29.10105,40.877669],[29.100942,40.877852],[29.100862,40.877987],[29.100673,40.877929],[29.10066,40.877951],[29.100646,40.877972],[29.100622,40.878009],[29.100261,40.878699],[29.100247,40.878724],[29.100241,40.878736],[29.099911,40.879291],[29.099397,40.880153],[29.099265,40.880129],[29.099187,40.880487],[29.097543,40.869596]]],[[[29.09919,40.880506],[29.099241,40.880752],[29.09945,40.880867],[29.099862,40.880993],[29.099913,40.880933],[29.100063,40.881062],[29.100164,40.881149],[29.100224,40.881211],[29.1001,40.881369],[29.09991,40.881417],[29.099729,40.881556],[29.099737,40.881816],[29.09961,40.882075],[29.099604,40.882326],[29.099494,40.882518],[29.09919,40.880506]]],[[[29.107238,40.860905],[29.107242,40.860892],[29.107263,40.860888],[29.107276,40.860871],[29.107279,40.860852],[29.107298,40.860842],[29.107319,40.860838],[29.107331,40.860826],[29.107326,40.860813],[29.107309,40.860807],[29.107308,40.860785],[29.10732,40.860779],[29.107337,40.860772],[29.10733,40.860756],[29.107312,40.860741],[29.107322,40.860708],[29.107332,40.860703],[29.107342,40.860691],[29.107342,40.86068],[29.107351,40.860673],[29.107381,40.860664],[29.107408,40.860632],[29.107457,40.860621],[29.107498,40.860631],[29.107554,40.860678],[29.107575,40.860717],[29.107606,40.860713],[29.10763,40.860712],[29.10764,40.860695],[29.107626,40.860681],[29.107618,40.860668],[29.107636,40.860652],[29.107669,40.860646],[29.1077,40.860636],[29.107712,40.860622],[29.10771,40.860603],[29.107691,40.860592],[29.107664,40.860579],[29.107674,40.860555],[29.107696,40.860535],[29.107711,40.86053],[29.107722,40.860531],[29.107723,40.860525],[29.10772,40.860519],[29.107728,40.860513],[29.107763,40.860516],[29.1078,40.860519],[29.107822,40.860518],[29.107836,40.860512],[29.107833,40.860505],[29.107842,40.860498],[29.107875,40.860496],[29.107896,40.860493],[29.107911,40.860486],[29.107904,40.86048],[29.107892,40.860477],[29.107889,40.860465],[29.107859,40.860455],[29.107848,40.860437],[29.10785,40.86041],[29.107899,40.860386],[29.107922,40.860392],[29.107933,40.860411],[29.107955,40.860421],[29.107972,40.86043],[29.107981,40.860443],[29.107992,40.860439],[29.107994,40.860425],[29.107998,40.860412],[29.107985,40.860402],[29.107965,40.860401],[29.10796,40.860389],[29.107962,40.860371],[29.108001,40.86036],[29.108051,40.860365],[29.10808,40.860393],[29.108103,40.860427],[29.108125,40.860438],[29.108135,40.860425],[29.10813,40.860405],[29.108118,40.860378],[29.108123,40.860358],[29.10818,40.860351],[29.108275,40.860366],[29.108301,40.86038],[29.108318,40.860396],[29.108331,40.860398],[29.108338,40.860395],[29.108347,40.86039],[29.108339,40.860378],[29.108331,40.860359],[29.108338,40.860348],[29.108351,40.860334],[29.108363,40.860335],[29.10837,40.860337],[29.108378,40.860337],[29.108383,40.860338],[29.108386,40.860337],[29.108386,40.860334],[29.108382,40.860332],[29.108377,40.860328],[29.108378,40.860324],[29.108408,40.860313],[29.108454,40.860325],[29.108472,40.86033],[29.108491,40.860329],[29.108528,40.860346],[29.108524,40.860359],[29.108519,40.860368],[29.108524,40.860374],[29.108538,40.860374],[29.108555,40.860368],[29.108562,40.860373],[29.108573,40.860378],[29.108579,40.860377],[29.108573,40.860367],[29.108566,40.86036],[29.108568,40.860354],[29.108578,40.860353],[29.108583,40.860363],[29.108592,40.860363],[29.108595,40.86036],[29.108593,40.860352],[29.108587,40.86035],[29.108587,40.860345],[29.108588,40.860339],[29.108599,40.860334],[29.108615,40.860329],[29.108634,40.860331],[29.108653,40.860333],[29.108663,40.860346],[29.108663,40.860364],[29.108666,40.860376],[29.108682,40.860372],[29.108693,40.860369],[29.108702,40.860366],[29.108695,40.860356],[29.108696,40.86035],[29.108708,40.860349],[29.108745,40.860357],[29.10875,40.860366],[29.108765,40.86037],[29.108779,40.860365],[29.108812,40.860373],[29.108833,40.860388],[29.108838,40.860402],[29.108847,40.860413],[29.108862,40.860413],[29.108885,40.860403],[29.108947,40.860401],[29.10907,40.860399],[29.109155,40.860432],[29.109218,40.860473],[29.109337,40.860473],[29.109434,40.860448],[29.109505,40.860396],[29.109719,40.860349],[29.109797,40.86037],[29.109837,40.860373],[29.109877,40.860356],[29.109939,40.860334],[29.110004,40.860339],[29.110006,40.860357],[29.110022,40.860373],[29.11005,40.860373],[29.11006,40.860357],[29.110065,40.86034],[29.110081,40.860328],[29.110131,40.860319],[29.11018,40.860312],[29.110322,40.860274],[29.110419,40.860264],[29.11051,40.860259],[29.110543,40.860256],[29.110568,40.86028],[29.110568,40.860297],[29.110591,40.860307],[29.110619,40.860319],[29.110639,40.86032],[29.110654,40.860304],[29.110651,40.860291],[29.11062,40.860276],[29.110587,40.860259],[29.110576,40.860231],[29.110613,40.860219],[29.110721,40.86019],[29.110769,40.860202],[29.110792,40.86022],[29.110834,40.860223],[29.110904,40.860205],[29.110996,40.86019],[29.111048,40.860206],[29.111071,40.860229],[29.111125,40.860244],[29.111269,40.860222],[29.111362,40.860197],[29.111413,40.860196],[29.111441,40.860185],[29.111418,40.860173],[29.111399,40.860163],[29.111407,40.860144],[29.111435,40.860134],[29.111473,40.860141],[29.111487,40.86015],[29.111506,40.860152],[29.111534,40.860139],[29.111547,40.860149],[29.111573,40.860149],[29.111587,40.860138],[29.111617,40.860125],[29.111686,40.860103],[29.111769,40.860086],[29.111888,40.86009],[29.111994,40.860079],[29.112109,40.860064],[29.112168,40.86006],[29.112194,40.860089],[29.112172,40.860115],[29.112229,40.860125],[29.112356,40.860162],[29.112758,40.860013],[29.112724,40.859941],[29.112972,40.859847],[29.11299,40.859698],[29.113036,40.859693],[29.11302,40.859291],[29.112841,40.859207],[29.112798,40.8592],[29.112733,40.859199],[29.112731,40.859165],[29.112729,40.859107],[29.11278,40.859106],[29.112778,40.859068],[29.112805,40.859062],[29.112803,40.859011],[29.112748,40.858967],[29.112722,40.858898],[29.112717,40.858851],[29.112712,40.858762],[29.112807,40.858761],[29.112832,40.858722],[29.112827,40.858677],[29.112797,40.858643],[29.112792,40.858573],[29.112774,40.858435],[29.112779,40.858311],[29.112706,40.858272],[29.11262,40.858192],[29.112526,40.858138],[29.112505,40.858084],[29.112403,40.858028],[29.112325,40.858006],[29.112258,40.857994],[29.112164,40.857991],[29.112019,40.858028],[29.11206,40.8581],[29.112077,40.858134],[29.111987,40.858108],[29.111824,40.85801],[29.111679,40.857933],[29.111596,40.85789],[29.111497,40.857879],[29.111445,40.857919],[29.111399,40.857914],[29.111354,40.857891],[29.111335,40.857856],[29.111333,40.857806],[29.111352,40.857777],[29.111401,40.857729],[29.111447,40.857708],[29.111486,40.857706],[29.111538,40.857676],[29.111609,40.857637],[29.111724,40.857586],[29.111798,40.857583],[29.111851,40.857569],[29.111883,40.857533],[29.111895,40.857498],[29.11188,40.857493],[29.111971,40.85722],[29.111889,40.857213],[29.111896,40.857167],[29.111925,40.856925],[29.111901,40.856914],[29.111906,40.856858],[29.111859,40.856775],[29.11182,40.85678],[29.111778,40.856744],[29.1118,40.856694],[29.111773,40.856615],[29.11179,40.856612],[29.111831,40.856414],[29.111903,40.856405],[29.111933,40.856394],[29.111933,40.856315],[29.111934,40.856292],[29.111932,40.856223],[29.111965,40.856222],[29.111966,40.856146],[29.11196,40.856017],[29.111975,40.855884],[29.111962,40.855801],[29.111954,40.855651],[29.111912,40.855416],[29.111838,40.855257],[29.111806,40.855234],[29.111782,40.855198],[29.11177,40.855146],[29.111763,40.855095],[29.111744,40.85503],[29.111651,40.854902],[29.111541,40.854788],[29.111363,40.854643],[29.111105,40.854483],[29.110921,40.854352],[29.110779,40.854235],[29.110735,40.854217],[29.110523,40.854071],[29.110489,40.854071],[29.11048,40.854006],[29.110427,40.854009],[29.110411,40.853914],[29.110387,40.853779],[29.110373,40.853698],[29.110393,40.853681],[29.110433,40.853675],[29.110458,40.853608],[29.110453,40.853522],[29.110478,40.853443],[29.110469,40.853426],[29.110488,40.853389],[29.110497,40.853366],[29.110478,40.853347],[29.110451,40.853348],[29.11044,40.853346],[29.110434,40.853356],[29.110409,40.853376],[29.11041,40.853389],[29.110401,40.853399],[29.110385,40.853409],[29.110347,40.85342],[29.110336,40.853419],[29.11033,40.853412],[29.110328,40.853395],[29.110332,40.853391],[29.110329,40.853387],[29.11033,40.853382],[29.110337,40.853379],[29.110342,40.853383],[29.110346,40.853385],[29.11037,40.853353],[29.110401,40.853336],[29.11042,40.853316],[29.110414,40.853292],[29.110429,40.853272],[29.110448,40.85327],[29.110456,40.853265],[29.110462,40.853233],[29.110454,40.853219],[29.110462,40.853186],[29.110495,40.853139],[29.110528,40.853079],[29.110533,40.853056],[29.110529,40.853035],[29.110613,40.852974],[29.110658,40.852921],[29.110684,40.852895],[29.110697,40.852877],[29.110704,40.852866],[29.110741,40.852848],[29.110767,40.852842],[29.110778,40.852843],[29.110792,40.852824],[29.110782,40.852819],[29.110777,40.85281],[29.110779,40.852799],[29.110862,40.852751],[29.110915,40.852717],[29.11096,40.852673],[29.111033,40.852626],[29.111057,40.852645],[29.111074,40.852633],[29.111106,40.852611],[29.111118,40.852585],[29.111142,40.852558],[29.111215,40.852523],[29.111254,40.852516],[29.111317,40.85246],[29.111344,40.852407],[29.111367,40.85233],[29.111415,40.852269],[29.111374,40.852263],[29.11136,40.852268],[29.111334,40.85229],[29.111293,40.852318],[29.111251,40.852334],[29.111244,40.852332],[29.111241,40.852324],[29.11125,40.852309],[29.111268,40.852294],[29.111315,40.852264],[29.111339,40.852249],[29.111362,40.852237],[29.111384,40.852224],[29.111433,40.852208],[29.111471,40.852159],[29.11152,40.852119],[29.111576,40.85208],[29.111632,40.852028],[29.111676,40.852014],[29.111712,40.851993],[29.111736,40.851968],[29.111759,40.851929],[29.11183,40.85185],[29.111934,40.85176],[29.112011,40.851657],[29.112078,40.851539],[29.112198,40.851438],[29.112204,40.851402],[29.112195,40.851366],[29.112181,40.851362],[29.112157,40.851358],[29.112139,40.851367],[29.112115,40.851369],[29.112096,40.85136],[29.112098,40.851333],[29.112123,40.85131],[29.112123,40.851297],[29.112111,40.851284],[29.11216,40.851241],[29.11221,40.85123],[29.112245,40.851213],[29.112286,40.851211],[29.112369,40.851201],[29.112427,40.851144],[29.112508,40.85112],[29.112592,40.851109],[29.112749,40.850902],[29.112884,40.850689],[29.113034,40.850447],[29.113077,40.850378],[29.113094,40.850329],[29.113093,40.85028],[29.113083,40.850251],[29.11304,40.850192],[29.113034,40.85019],[29.113041,40.850179],[29.113035,40.850175],[29.113027,40.850178],[29.113021,40.85019],[29.113019,40.850198],[29.113011,40.850199],[29.112977,40.850189],[29.112953,40.850177],[29.112925,40.850176],[29.112913,40.850149],[29.112935,40.850127],[29.112975,40.850116],[29.112997,40.850112],[29.113017,40.850122],[29.113035,40.850104],[29.113063,40.85008],[29.113095,40.850046],[29.113092,40.850017],[29.113072,40.849989],[29.113046,40.849985],[29.113041,40.84997],[29.113049,40.849951],[29.113067,40.849924],[29.113111,40.849844],[29.113135,40.849804],[29.113156,40.84979],[29.113166,40.849783],[29.113162,40.849774],[29.113154,40.849768],[29.113144,40.849771],[29.113138,40.849776],[29.113132,40.849777],[29.113104,40.849749],[29.113092,40.849712],[29.113104,40.849668],[29.113155,40.849638],[29.113205,40.849596],[29.11322,40.849548],[29.113269,40.849512],[29.113319,40.849487],[29.113382,40.849384],[29.113487,40.849217],[29.113909,40.848516],[29.114264,40.847873],[29.114278,40.847842],[29.114368,40.847665],[29.114561,40.847229],[29.1146,40.847077],[29.114636,40.846928],[29.114661,40.846812],[29.114648,40.846728],[29.114621,40.846643],[29.114655,40.846589],[29.114652,40.846534],[29.114677,40.846465],[29.114681,40.846379],[29.114647,40.846316],[29.114573,40.846281],[29.114504,40.846101],[29.114472,40.845985],[29.114423,40.845867],[29.114385,40.845834],[29.114378,40.845769],[29.11438,40.845704],[29.114384,40.845628],[29.114301,40.845439],[29.114231,40.845206],[29.11415,40.845052],[29.114037,40.844899],[29.113863,40.844735],[29.11345,40.844455],[29.113189,40.844325],[29.112871,40.844224],[29.112681,40.844161],[29.112477,40.844118],[29.112264,40.844047],[29.112133,40.84393],[29.111987,40.843804],[29.111849,40.843688],[29.111718,40.843597],[29.111704,40.843562],[29.111743,40.843535],[29.111738,40.843508],[29.111707,40.843481],[29.111656,40.843474],[29.111537,40.843435],[29.111474,40.843435],[29.111427,40.843419],[29.111307,40.843372],[29.111231,40.843323],[29.111173,40.843275],[29.111149,40.843245],[29.111107,40.84324],[29.111074,40.843265],[29.111059,40.843314],[29.111054,40.843359],[29.111032,40.843391],[29.111,40.843313],[29.110987,40.843256],[29.110958,40.843245],[29.110938,40.843257],[29.11092,40.843264],[29.110878,40.843156],[29.110845,40.843108],[29.110802,40.843074],[29.110799,40.843047],[29.11079,40.843015],[29.110753,40.842968],[29.110732,40.842953],[29.110723,40.842935],[29.1107,40.842923],[29.110688,40.842917],[29.110676,40.842925],[29.110667,40.842932],[29.110657,40.842928],[29.110647,40.842919],[29.110642,40.842901],[29.110625,40.842887],[29.110593,40.84286],[29.110567,40.842823],[29.110558,40.84279],[29.110551,40.842781],[29.110538,40.842779],[29.110521,40.842782],[29.110525,40.842796],[29.11051,40.842814],[29.110477,40.842815],[29.110456,40.842798],[29.110442,40.842759],[29.110417,40.842727],[29.110419,40.842711],[29.110435,40.842694],[29.110429,40.842682],[29.110414,40.842676],[29.110398,40.842669],[29.110392,40.842678],[29.110368,40.842686],[29.110328,40.842657],[29.110317,40.842571],[29.110287,40.842547],[29.110231,40.842572],[29.11019,40.842595],[29.110132,40.842569],[29.110115,40.842541],[29.110116,40.842509],[29.110092,40.842489],[29.110073,40.842456],[29.110096,40.842422],[29.110056,40.842391],[29.110008,40.842377],[29.109977,40.842328],[29.109959,40.842266],[29.109968,40.842194],[29.109962,40.842168],[29.109939,40.842141],[29.109946,40.842107],[29.10997,40.842077],[29.109981,40.842036],[29.110017,40.842],[29.11006,40.84191],[29.110095,40.841879],[29.110104,40.841861],[29.110101,40.841835],[29.110074,40.841834],[29.110039,40.841845],[29.110004,40.841846],[29.109977,40.841867],[29.109945,40.841872],[29.10994,40.841853],[29.109948,40.841816],[29.109967,40.841789],[29.110008,40.841748],[29.110067,40.841734],[29.110121,40.841704],[29.110178,40.84171],[29.110225,40.841727],[29.110247,40.841757],[29.110292,40.84176],[29.110342,40.841785],[29.110387,40.841808],[29.110488,40.841827],[29.110551,40.841838],[29.110566,40.841862],[29.110603,40.841881],[29.110646,40.841878],[29.110689,40.841856],[29.110771,40.841852],[29.110881,40.841889],[29.110965,40.841887],[29.111047,40.84187],[29.111109,40.841866],[29.111181,40.841859],[29.111234,40.841841],[29.11128,40.841817],[29.111297,40.841797],[29.111348,40.841784],[29.11138,40.841803],[29.111403,40.841825],[29.111417,40.841847],[29.111453,40.841873],[29.111491,40.841874],[29.111522,40.841844],[29.111544,40.841812],[29.111625,40.841807],[29.111709,40.841806],[29.111788,40.841816],[29.111839,40.841808],[29.111925,40.841767],[29.111949,40.841752],[29.111972,40.84174],[29.112098,40.841645],[29.112183,40.84156],[29.112234,40.841452],[29.112254,40.841412],[29.112241,40.841368],[29.112261,40.841251],[29.112273,40.841229],[29.112309,40.841203],[29.112319,40.841177],[29.112306,40.841122],[29.11228,40.841054],[29.112255,40.840993],[29.112255,40.84093],[29.11227,40.840887],[29.112341,40.840826],[29.112344,40.840797],[29.112314,40.840767],[29.112275,40.840749],[29.112285,40.840702],[29.112271,40.840671],[29.112275,40.840643],[29.112294,40.840636],[29.112321,40.840646],[29.112343,40.840679],[29.112374,40.840701],[29.112394,40.840698],[29.112439,40.8407],[29.112455,40.840722],[29.112456,40.840743],[29.112467,40.840756],[29.112488,40.840757],[29.112512,40.840746],[29.112542,40.840729],[29.112589,40.840715],[29.112659,40.840668],[29.112758,40.840605],[29.112799,40.840588],[29.112833,40.84052],[29.112868,40.840429],[29.112923,40.840344],[29.112954,40.840276],[29.112974,40.840203],[29.113003,40.840192],[29.113037,40.840186],[29.113062,40.840154],[29.113057,40.840128],[29.113031,40.840115],[29.113002,40.840117],[29.112986,40.840112],[29.11299,40.840097],[29.113002,40.840079],[29.113004,40.840057],[29.112985,40.840041],[29.112969,40.840033],[29.112943,40.840037],[29.11292,40.840053],[29.11292,40.840068],[29.112927,40.840081],[29.112924,40.840097],[29.112906,40.840112],[29.112894,40.84011],[29.112881,40.8401],[29.112881,40.84009],[29.112872,40.840082],[29.112857,40.840082],[29.112837,40.840076],[29.112828,40.84006],[29.11281,40.84006],[29.112801,40.840069],[29.112799,40.840079],[29.112793,40.840095],[29.112775,40.84009],[29.112764,40.840084],[29.112756,40.84009],[29.112754,40.840101],[29.112754,40.840117],[29.112768,40.840122],[29.112782,40.840124],[29.112781,40.840131],[29.112762,40.840134],[29.112758,40.840139],[29.112755,40.840143],[29.112756,40.84015],[29.112733,40.840149],[29.112723,40.840141],[29.112721,40.840125],[29.112727,40.840114],[29.112727,40.840108],[29.112712,40.840103],[29.112705,40.840096],[29.112695,40.840064],[29.112692,40.840053],[29.112707,40.840039],[29.112704,40.84003],[29.11268,40.840018],[29.112671,40.839984],[29.112666,40.839962],[29.112672,40.839954],[29.112672,40.83994],[29.112666,40.83993],[29.112664,40.839912],[29.11267,40.839897],[29.112669,40.839875],[29.112669,40.839849],[29.112668,40.839829],[29.112659,40.839807],[29.112648,40.839786],[29.11266,40.839759],[29.112701,40.839739],[29.11272,40.839719],[29.112703,40.839694],[29.112708,40.839684],[29.112738,40.839663],[29.112786,40.839658],[29.112805,40.83966],[29.112825,40.839659],[29.112829,40.839653],[29.112837,40.83965],[29.112856,40.839652],[29.112861,40.839658],[29.112874,40.839659],[29.112887,40.839651],[29.112906,40.839639],[29.112929,40.83963],[29.112907,40.839622],[29.112874,40.839622],[29.112829,40.839626],[29.112768,40.839628],[29.112719,40.839624],[29.112658,40.839648],[29.11264,40.839655],[29.11261,40.839635],[29.1126,40.839611],[29.112615,40.839586],[29.112659,40.839571],[29.112685,40.839551],[29.112699,40.839548],[29.112709,40.839541],[29.112699,40.839531],[29.112687,40.83953],[29.112677,40.839533],[29.11266,40.839525],[29.112651,40.839521],[29.112657,40.839506],[29.11267,40.83949],[29.112677,40.839483],[29.112671,40.839456],[29.112672,40.839431],[29.112678,40.839419],[29.112696,40.839412],[29.112705,40.839404],[29.112712,40.839396],[29.112711,40.839383],[29.11271,40.839343],[29.112715,40.839306],[29.112738,40.839245],[29.112737,40.839199],[29.112723,40.839149],[29.112728,40.83913],[29.112739,40.839123],[29.112748,40.839125],[29.112772,40.839144],[29.112819,40.839155],[29.112886,40.839154],[29.11297,40.839138],[29.113032,40.83915],[29.113086,40.839149],[29.113102,40.839124],[29.113156,40.839109],[29.113169,40.839081],[29.113194,40.839069],[29.113199,40.839033],[29.113171,40.839013],[29.113171,40.838996],[29.113194,40.839],[29.113199,40.83898],[29.113185,40.838957],[29.113182,40.838941],[29.113159,40.838925],[29.113157,40.838913],[29.113206,40.838902],[29.11325,40.838892],[29.113289,40.838874],[29.11332,40.838849],[29.11335,40.838837],[29.113374,40.838818],[29.113383,40.838802],[29.113397,40.838787],[29.113443,40.838768],[29.113489,40.838773],[29.113503,40.838847],[29.113533,40.83889],[29.113572,40.83891],[29.113608,40.838912],[29.113629,40.838902],[29.113655,40.838867],[29.11368,40.838773],[29.113678,40.838727],[29.113688,40.838706],[29.113714,40.838704],[29.113754,40.838719],[29.113768,40.838745],[29.113757,40.838781],[29.113799,40.838792],[29.113861,40.838785],[29.113903,40.838767],[29.113973,40.838749],[29.113999,40.838717],[29.113984,40.838639],[29.114005,40.8386],[29.11401,40.838557],[29.114025,40.838532],[29.11404,40.838526],[29.114069,40.838551],[29.114126,40.838558],[29.114171,40.83854],[29.114188,40.838509],[29.114189,40.838496],[29.114173,40.838487],[29.11417,40.838475],[29.114183,40.838459],[29.11419,40.838444],[29.114188,40.838426],[29.114168,40.838379],[29.114176,40.838358],[29.114202,40.83835],[29.114225,40.838353],[29.114251,40.838339],[29.114287,40.838311],[29.114303,40.838309],[29.114327,40.838328],[29.11436,40.838337],[29.11438,40.838322],[29.114388,40.838297],[29.114411,40.838271],[29.114464,40.838269],[29.114594,40.838215],[29.114625,40.838213],[29.114647,40.838223],[29.114648,40.838239],[29.114676,40.838248],[29.1147,40.83826],[29.114718,40.838259],[29.114726,40.838245],[29.11472,40.838225],[29.114698,40.838208],[29.114708,40.838183],[29.114741,40.838176],[29.114853,40.838199],[29.114928,40.838223],[29.115034,40.83826],[29.115092,40.838284],[29.115152,40.838302],[29.115211,40.838306],[29.115243,40.83829],[29.115352,40.838281],[29.115428,40.838293],[29.115488,40.838312],[29.115556,40.83837],[29.115571,40.838415],[29.115579,40.838462],[29.115587,40.838488],[29.115603,40.838504],[29.115622,40.838508],[29.115642,40.838503],[29.115654,40.838487],[29.115673,40.83848],[29.11571,40.838476],[29.115744,40.838479],[29.115763,40.838466],[29.115786,40.838439],[29.115801,40.838436],[29.115844,40.838439],[29.115886,40.838435],[29.115938,40.838446],[29.115953,40.838471],[29.115991,40.838495],[29.116051,40.838529],[29.116112,40.838542],[29.116176,40.838546],[29.116239,40.838544],[29.116271,40.838548],[29.116287,40.838544],[29.116308,40.838535],[29.116355,40.838538],[29.11638,40.838549],[29.116417,40.838544],[29.116456,40.838538],[29.116481,40.838529],[29.116479,40.838516],[29.116467,40.838502],[29.116464,40.83848],[29.116482,40.838466],[29.116509,40.838458],[29.116546,40.83844],[29.11657,40.838429],[29.116606,40.838432],[29.116648,40.838427],[29.116659,40.838415],[29.116661,40.83841],[29.116662,40.838406],[29.116657,40.838403],[29.116648,40.838398],[29.11665,40.838392],[29.116674,40.83838],[29.116702,40.838373],[29.116714,40.838386],[29.116731,40.838386],[29.11675,40.838397],[29.116772,40.838402],[29.116785,40.8384],[29.116798,40.838395],[29.116793,40.838389],[29.116782,40.838386],[29.116782,40.83838],[29.116792,40.838373],[29.116812,40.838368],[29.116827,40.838352],[29.116844,40.838354],[29.116845,40.838373],[29.116854,40.838383],[29.116853,40.838392],[29.116842,40.838397],[29.116835,40.838406],[29.116836,40.838417],[29.116845,40.838426],[29.116867,40.838477],[29.116879,40.838524],[29.116883,40.83857],[29.116884,40.8386],[29.1169,40.838622],[29.116916,40.838629],[29.116937,40.838634],[29.116964,40.838627],[29.116982,40.838608],[29.116986,40.838559],[29.116983,40.838504],[29.116986,40.838447],[29.11699,40.838431],[29.116989,40.838423],[29.116984,40.838416],[29.116975,40.838412],[29.116971,40.838408],[29.11697,40.838403],[29.116974,40.838397],[29.116996,40.838391],[29.11701,40.838396],[29.117026,40.838394],[29.117045,40.838391],[29.11706,40.838387],[29.117075,40.838393],[29.1171,40.838392],[29.117119,40.838381],[29.117145,40.838375],[29.117189,40.838378],[29.117209,40.838356],[29.117211,40.83833],[29.117233,40.838325],[29.117251,40.838324],[29.117257,40.838335],[29.117264,40.838363],[29.117281,40.838383],[29.117323,40.838404],[29.117383,40.838421],[29.117436,40.838418],[29.117447,40.838432],[29.117461,40.83844],[29.117475,40.838441],[29.117489,40.838433],[29.11749,40.838414],[29.117488,40.838391],[29.117498,40.83838],[29.117503,40.83838],[29.117507,40.838378],[29.117504,40.838371],[29.117507,40.838367],[29.117512,40.838364],[29.117534,40.838365],[29.117556,40.838376],[29.117569,40.838394],[29.117572,40.838405],[29.117588,40.83842],[29.117609,40.838428],[29.117635,40.838427],[29.117661,40.838432],[29.117704,40.838443],[29.117717,40.83844],[29.117727,40.838425],[29.117753,40.838409],[29.11777,40.83839],[29.117781,40.838385],[29.117797,40.838397],[29.117798,40.838411],[29.11782,40.838425],[29.117843,40.838431],[29.117867,40.838431],[29.117915,40.838453],[29.117999,40.838454],[29.118097,40.838444],[29.118235,40.838392],[29.118364,40.838335],[29.118392,40.838322],[29.11841,40.838304],[29.118429,40.838275],[29.118463,40.838269],[29.11848,40.838262],[29.118483,40.838249],[29.118485,40.838222],[29.118498,40.83821],[29.118505,40.838203],[29.118509,40.838192],[29.118515,40.838175],[29.118536,40.838165],[29.118561,40.838162],[29.11858,40.838164],[29.11862,40.838146],[29.118706,40.83811],[29.118753,40.838075],[29.118787,40.838065],[29.118834,40.838056],[29.118901,40.83805],[29.118943,40.838049],[29.118965,40.838056],[29.11896,40.838078],[29.118952,40.838105],[29.118947,40.838136],[29.118947,40.838156],[29.118954,40.838169],[29.118966,40.838172],[29.118987,40.838163],[29.118997,40.838149],[29.119002,40.838122],[29.119017,40.838106],[29.119036,40.838102],[29.119069,40.838101],[29.11908,40.838115],[29.119089,40.838129],[29.11911,40.838139],[29.119136,40.838136],[29.119148,40.838121],[29.119142,40.838115],[29.119134,40.838113],[29.119129,40.838104],[29.119127,40.83809],[29.119126,40.838076],[29.119134,40.838058],[29.119148,40.838043],[29.119161,40.838029],[29.119187,40.838017],[29.119209,40.83802],[29.119221,40.838035],[29.119217,40.838055],[29.119214,40.83807],[29.119212,40.838102],[29.119219,40.83811],[29.119241,40.838112],[29.119267,40.83812],[29.119275,40.838133],[29.119264,40.838152],[29.119244,40.838158],[29.119231,40.838162],[29.119217,40.838169],[29.11921,40.838184],[29.119215,40.838199],[29.119254,40.838222],[29.119288,40.838236],[29.11933,40.838239],[29.119365,40.838237],[29.119406,40.838228],[29.119434,40.838217],[29.119455,40.838212],[29.119489,40.838211],[29.119516,40.838214],[29.119522,40.838218],[29.119524,40.838225],[29.119527,40.838229],[29.119535,40.838231],[29.119541,40.838227],[29.119545,40.838224],[29.119551,40.838221],[29.119563,40.838223],[29.119602,40.838219],[29.119631,40.838218],[29.119653,40.838213],[29.119661,40.838215],[29.119662,40.838223],[29.119666,40.838232],[29.11967,40.838243],[29.119673,40.838259],[29.119677,40.838268],[29.119699,40.838273],[29.119712,40.838272],[29.119719,40.838274],[29.119731,40.838282],[29.119741,40.838283],[29.119765,40.838273],[29.11979,40.838257],[29.1198,40.838245],[29.119815,40.838231],[29.11984,40.838219],[29.119863,40.838219],[29.119875,40.838222],[29.11988,40.838228],[29.119883,40.838242],[29.119884,40.838251],[29.11988,40.838266],[29.119887,40.838278],[29.119921,40.838298],[29.119925,40.838311],[29.11993,40.838325],[29.119937,40.838336],[29.119947,40.838342],[29.119969,40.838347],[29.119979,40.83836],[29.119996,40.838385],[29.120021,40.838397],[29.120051,40.838401],[29.120098,40.838421],[29.120153,40.838423],[29.120204,40.8384],[29.120242,40.838374],[29.120261,40.838367],[29.12028,40.83837],[29.120352,40.838338],[29.120405,40.838327],[29.120465,40.838354],[29.120513,40.83837],[29.120546,40.838385],[29.120594,40.838393],[29.120648,40.838396],[29.120721,40.838391],[29.120772,40.838381],[29.12081,40.838369],[29.120795,40.838362],[29.120791,40.838351],[29.120799,40.838344],[29.12082,40.838318],[29.120809,40.838299],[29.120843,40.838284],[29.120932,40.838224],[29.120981,40.838214],[29.12102,40.838225],[29.121034,40.83825],[29.121047,40.838254],[29.121061,40.838251],[29.121074,40.838234],[29.121098,40.838217],[29.12113,40.838215],[29.121152,40.838225],[29.121162,40.83825],[29.121148,40.838294],[29.121145,40.838335],[29.12115,40.838359],[29.121171,40.838367],[29.121196,40.838388],[29.121222,40.838392],[29.121301,40.838388],[29.121339,40.838383],[29.12136,40.838385],[29.121394,40.8384],[29.121423,40.838409],[29.121443,40.838412],[29.121464,40.838405],[29.121503,40.838385],[29.121564,40.838377],[29.121613,40.838386],[29.121658,40.838404],[29.121704,40.838421],[29.121738,40.838422],[29.121806,40.838411],[29.121876,40.838414],[29.121933,40.838431],[29.12202,40.838449],[29.122074,40.838446],[29.122136,40.838441],[29.122164,40.83846],[29.122193,40.838469],[29.122249,40.838465],[29.122265,40.838471],[29.122271,40.838475],[29.122276,40.838477],[29.122281,40.838474],[29.122287,40.838465],[29.122296,40.838464],[29.122373,40.838496],[29.122382,40.838507],[29.122383,40.838518],[29.12238,40.838543],[29.122392,40.838559],[29.122436,40.838564],[29.122536,40.838562],[29.122635,40.838565],[29.122793,40.838506],[29.122972,40.838434],[29.123297,40.838271],[29.123607,40.838072],[29.123777,40.837916],[29.123849,40.837848],[29.123874,40.837811],[29.123874,40.837789],[29.123853,40.837758],[29.123848,40.837737],[29.123829,40.837717],[29.123811,40.837703],[29.123781,40.837699],[29.123747,40.837687],[29.123754,40.837644],[29.123766,40.83762],[29.123799,40.83761],[29.123833,40.837616],[29.12387,40.83761],[29.123913,40.837614],[29.123915,40.837626],[29.123926,40.837633],[29.123962,40.837634],[29.12401,40.837638],[29.124027,40.837654],[29.124019,40.837678],[29.124024,40.837696],[29.124025,40.837719],[29.124047,40.83773],[29.124055,40.837747],[29.124053,40.837767],[29.124075,40.837799],[29.124096,40.837827],[29.12409,40.837845],[29.124096,40.837875],[29.124114,40.837891],[29.124135,40.837904],[29.124149,40.837908],[29.124151,40.83792],[29.124137,40.837932],[29.124119,40.837938],[29.124113,40.837949],[29.124106,40.837975],[29.124086,40.837984],[29.124064,40.837988],[29.124053,40.837995],[29.124044,40.838004],[29.12404,40.838024],[29.124028,40.838055],[29.124071,40.838134],[29.124104,40.838189],[29.124166,40.838228],[29.124218,40.83822],[29.124239,40.838214],[29.124264,40.838227],[29.124292,40.838227],[29.124319,40.838246],[29.124297,40.838292],[29.124263,40.838312],[29.124242,40.838333],[29.124236,40.838358],[29.12423,40.838377],[29.124277,40.838397],[29.124298,40.838416],[29.124326,40.838422],[29.124353,40.838401],[29.124386,40.838388],[29.124395,40.838405],[29.124375,40.83844],[29.124375,40.838464],[29.124398,40.838471],[29.124442,40.838453],[29.124455,40.838453],[29.124462,40.838463],[29.124461,40.838485],[29.124439,40.838519],[29.12444,40.838553],[29.124417,40.838572],[29.124384,40.838592],[29.124356,40.838605],[29.124335,40.83863],[29.124324,40.838669],[29.124335,40.838688],[29.12436,40.838701],[29.124399,40.838699],[29.124426,40.838724],[29.124443,40.838752],[29.124432,40.838797],[29.124437,40.838827],[29.124455,40.838856],[29.124485,40.838879],[29.124518,40.838892],[29.124545,40.838916],[29.124551,40.838959],[29.124547,40.838982],[29.124538,40.839002],[29.124508,40.839049],[29.124495,40.839074],[29.124505,40.839082],[29.124522,40.839082],[29.124545,40.839079],[29.124563,40.8391],[29.124547,40.839133],[29.124519,40.839155],[29.124513,40.839177],[29.124578,40.839276],[29.124602,40.839311],[29.124602,40.839362],[29.124614,40.839418],[29.124645,40.839465],[29.12469,40.839525],[29.124801,40.839578],[29.124809,40.839598],[29.124826,40.839619],[29.124851,40.839636],[29.124872,40.839644],[29.124901,40.83968],[29.124925,40.839699],[29.124959,40.839706],[29.124987,40.83974],[29.125003,40.839771],[29.125039,40.839795],[29.125085,40.839844],[29.125078,40.839866],[29.125079,40.839881],[29.125093,40.839895],[29.125114,40.839909],[29.12514,40.839955],[29.125145,40.839973],[29.125131,40.840002],[29.125111,40.840016],[29.125083,40.840028],[29.125058,40.840042],[29.125042,40.840068],[29.125037,40.840093],[29.125053,40.840118],[29.125066,40.840131],[29.12506,40.840145],[29.125049,40.840155],[29.125027,40.840167],[29.125014,40.840173],[29.125011,40.840182],[29.125018,40.840188],[29.125029,40.840186],[29.125049,40.84019],[29.125088,40.840199],[29.125109,40.840202],[29.125112,40.840209],[29.125101,40.840248],[29.125089,40.840272],[29.125076,40.840281],[29.125064,40.840281],[29.125059,40.840288],[29.12506,40.840296],[29.125073,40.840301],[29.125091,40.840309],[29.125089,40.84032],[29.125076,40.840338],[29.125047,40.840366],[29.125034,40.840396],[29.125018,40.840397],[29.12501,40.840412],[29.125011,40.840434],[29.125014,40.84047],[29.125005,40.840483],[29.125006,40.840539],[29.125015,40.840551],[29.125027,40.840562],[29.125029,40.84058],[29.125023,40.840598],[29.125011,40.840608],[29.125,40.840609],[29.124999,40.840611],[29.124999,40.840612],[29.125,40.840615],[29.125003,40.84062],[29.12501,40.840632],[29.12501,40.840633],[29.12501,40.840635],[29.125011,40.840646],[29.12501,40.840647],[29.12501,40.840649],[29.125003,40.84066],[29.125001,40.840662],[29.124999,40.840665],[29.124989,40.840674],[29.124988,40.840676],[29.124988,40.840677],[29.124988,40.840679],[29.124988,40.84068],[29.124995,40.840699],[29.124997,40.840709],[29.124997,40.840711],[29.124996,40.840712],[29.124989,40.840718],[29.124988,40.84072],[29.124985,40.840723],[29.124975,40.840737],[29.124964,40.84075],[29.124966,40.840765],[29.12497,40.840778],[29.12496,40.840841],[29.124953,40.840865],[29.124946,40.840881],[29.124931,40.840893],[29.12491,40.840905],[29.124868,40.840906],[29.124831,40.840934],[29.124802,40.840989],[29.124784,40.841006],[29.124785,40.841021],[29.124791,40.841033],[29.124808,40.841055],[29.124809,40.841069],[29.124805,40.84108],[29.124796,40.841096],[29.124781,40.841109],[29.124724,40.841143],[29.124692,40.841157],[29.124662,40.84118],[29.124652,40.841202],[29.124635,40.84122],[29.124582,40.841259],[29.124551,40.841262],[29.124531,40.84126],[29.124517,40.841256],[29.124494,40.841264],[29.12434,40.84137],[29.124275,40.841407],[29.124229,40.841471],[29.124204,40.841552],[29.124185,40.841615],[29.124193,40.841673],[29.124199,40.841691],[29.124206,40.841698],[29.124202,40.841709],[29.124164,40.841718],[29.124155,40.841732],[29.124153,40.84175],[29.124162,40.841769],[29.124176,40.841791],[29.124193,40.841789],[29.124209,40.841781],[29.12421,40.841769],[29.124217,40.84176],[29.124234,40.841758],[29.124247,40.84176],[29.124259,40.84176],[29.124281,40.84175],[29.124287,40.841741],[29.124283,40.84172],[29.124286,40.841708],[29.124293,40.841692],[29.124305,40.841684],[29.124317,40.841683],[29.124326,40.841687],[29.124328,40.841698],[29.124316,40.841713],[29.124319,40.841736],[29.124311,40.841763],[29.124286,40.841798],[29.124247,40.841867],[29.124236,40.841907],[29.124247,40.841953],[29.124265,40.841997],[29.124334,40.842108],[29.124389,40.842186],[29.124435,40.842247],[29.124472,40.842279],[29.124495,40.842296],[29.124505,40.842318],[29.124505,40.842346],[29.124514,40.842381],[29.124541,40.842425],[29.124578,40.842447],[29.12462,40.842516],[29.12465,40.842582],[29.124687,40.842629],[29.12472,40.842678],[29.124707,40.842705],[29.124707,40.842731],[29.124734,40.842823],[29.124776,40.842907],[29.124799,40.842923],[29.124829,40.842934],[29.124841,40.842948],[29.124825,40.842965],[29.12481,40.843017],[29.12482,40.843046],[29.124832,40.843053],[29.124848,40.843054],[29.124854,40.843061],[29.12485,40.843069],[29.124837,40.843076],[29.124797,40.843083],[29.124772,40.843098],[29.124768,40.843125],[29.124776,40.843151],[29.124746,40.843216],[29.124714,40.843244],[29.124669,40.843261],[29.12454,40.843389],[29.124506,40.843405],[29.124456,40.843407],[29.124372,40.843505],[29.124288,40.843663],[29.124273,40.843709],[29.124263,40.843763],[29.124268,40.843911],[29.124294,40.844037],[29.124335,40.844152],[29.12442,40.84433],[29.12455,40.844491],[29.124667,40.844616],[29.124847,40.844762],[29.124931,40.844814],[29.125021,40.844855],[29.125149,40.84494],[29.125311,40.845022],[29.125504,40.845115],[29.125625,40.845166],[29.125762,40.845258],[29.125879,40.845384],[29.125943,40.845458],[29.126024,40.845545],[29.12609,40.845617],[29.126124,40.84567],[29.126171,40.845764],[29.126246,40.845863],[29.12639,40.846022],[29.126438,40.84606],[29.126556,40.846193],[29.126583,40.846223],[29.126593,40.846252],[29.12657,40.846289],[29.126531,40.846347],[29.126493,40.846398],[29.126442,40.846443],[29.126434,40.846515],[29.126424,40.846582],[29.126426,40.846641],[29.126445,40.846728],[29.126468,40.846865],[29.126485,40.847031],[29.126497,40.847062],[29.126505,40.847086],[29.126507,40.847108],[29.1265,40.847127],[29.126472,40.847133],[29.126465,40.847157],[29.126467,40.847191],[29.126483,40.84724],[29.126502,40.847277],[29.126511,40.847368],[29.126509,40.847504],[29.126523,40.847565],[29.126531,40.847742],[29.126525,40.847929],[29.126522,40.84796],[29.126489,40.847959],[29.126481,40.848133],[29.126475,40.848253],[29.126408,40.848517],[29.126395,40.848717],[29.12634,40.848717],[29.12631,40.848876],[29.126253,40.848875],[29.12623,40.848917],[29.126207,40.848968],[29.126205,40.849],[29.126208,40.849036],[29.12623,40.849039],[29.12624,40.849052],[29.126203,40.849452],[29.126155,40.849744],[29.126162,40.849865],[29.126151,40.850156],[29.126067,40.850449],[29.125976,40.850756],[29.125936,40.850984],[29.125879,40.851222],[29.125788,40.851682],[29.125784,40.851765],[29.125804,40.851964],[29.125798,40.851982],[29.125797,40.852009],[29.12579,40.852037],[29.125765,40.852128],[29.125765,40.852195],[29.125726,40.852255],[29.125652,40.852319],[29.125582,40.852436],[29.12549,40.852625],[29.125374,40.85288],[29.125313,40.852995],[29.125284,40.853145],[29.125259,40.853327],[29.125222,40.853543],[29.125191,40.853909],[29.12521,40.854027],[29.125247,40.854137],[29.125252,40.854154],[29.125276,40.854214],[29.125348,40.854393],[29.125355,40.854413],[29.125351,40.854593],[29.125365,40.85475],[29.125445,40.854914],[29.12547,40.854951],[29.125507,40.855004],[29.125518,40.855109],[29.125543,40.855523],[29.125554,40.855553],[29.12557,40.855571],[29.125592,40.855585],[29.126009,40.855598],[29.126055,40.855626],[29.126076,40.855661],[29.126084,40.855693],[29.126063,40.855718],[29.125766,40.855737],[29.125668,40.855747],[29.125589,40.855762],[29.12555,40.855772],[29.125519,40.855782],[29.125505,40.855806],[29.125508,40.855833],[29.125521,40.855875],[29.125545,40.85593],[29.125589,40.855984],[29.125654,40.856039],[29.125693,40.856064],[29.12574,40.856083],[29.125801,40.856087],[29.12584,40.856087],[29.125874,40.856077],[29.125905,40.856057],[29.125919,40.85603],[29.125913,40.855999],[29.125893,40.855945],[29.12588,40.855894],[29.125885,40.855881],[29.125977,40.855866],[29.126021,40.855889],[29.126106,40.856176],[29.126132,40.856211],[29.126137,40.856292],[29.126137,40.856299],[29.126157,40.856646],[29.126159,40.856685],[29.126174,40.856964],[29.126175,40.856972],[29.126179,40.857048],[29.126087,40.857056],[29.126105,40.857158],[29.126108,40.857169],[29.126113,40.857186],[29.126161,40.857342],[29.126202,40.857388],[29.126244,40.857419],[29.126276,40.857448],[29.126288,40.857459],[29.126395,40.857557],[29.126725,40.857756],[29.127073,40.858091],[29.127184,40.858135],[29.127286,40.858177],[29.127423,40.858302],[29.127437,40.858297],[29.127442,40.858302],[29.12746,40.858317],[29.127537,40.858392],[29.127549,40.858404],[29.12756,40.858414],[29.127698,40.858574],[29.12779,40.858653],[29.127793,40.858655],[29.127813,40.858668],[29.127902,40.858727],[29.12802,40.858787],[29.12805,40.858807],[29.128069,40.858821],[29.128394,40.859094],[29.12842,40.859142],[29.128431,40.859197],[29.128483,40.859251],[29.128494,40.859262],[29.128501,40.859271],[29.128731,40.859438],[29.128806,40.859481],[29.128825,40.859491],[29.128843,40.859501],[29.128917,40.859529],[29.12894,40.859538],[29.129061,40.859585],[29.129081,40.859592],[29.129088,40.859595],[29.129144,40.859619],[29.129166,40.859627],[29.129466,40.859743],[29.129489,40.859751],[29.129556,40.859777],[29.129598,40.859792],[29.12962,40.8598],[29.129624,40.859801],[29.129821,40.859853],[29.129841,40.859858],[29.129906,40.859876],[29.129928,40.859881],[29.13013,40.859935],[29.130153,40.859935],[29.130177,40.859936],[29.130437,40.859886],[29.130472,40.8599],[29.130496,40.859881],[29.130538,40.859922],[29.130557,40.859938],[29.130669,40.86004],[29.130661,40.860047],[29.130688,40.86007],[29.1307,40.860084],[29.130868,40.860233],[29.130813,40.860291],[29.13082,40.860303],[29.130835,40.860316],[29.130966,40.860399],[29.130978,40.8604],[29.131007,40.860382],[29.131025,40.860387],[29.131221,40.860589],[29.131272,40.860771],[29.131287,40.860825],[29.131295,40.860849],[29.131311,40.860907],[29.131313,40.86091],[29.131323,40.860924],[29.131346,40.86096],[29.131354,40.860977],[29.131405,40.861075],[29.131416,40.861096],[29.131455,40.861175],[29.131467,40.861195],[29.131469,40.861199],[29.131452,40.861205],[29.131526,40.861309],[29.131538,40.861325],[29.131649,40.861463],[29.131657,40.861473],[29.131756,40.861546],[29.131869,40.861672],[29.131874,40.861678],[29.131886,40.861691],[29.131985,40.861793],[29.131994,40.861824],[29.13203,40.86188],[29.132085,40.86193],[29.132192,40.861996],[29.132366,40.862085],[29.132389,40.862097],[29.132396,40.862101],[29.132706,40.862263],[29.132847,40.862444],[29.132891,40.862428],[29.132984,40.862543],[29.133,40.862562],[29.132866,40.862628],[29.132873,40.862653],[29.132892,40.862668],[29.132921,40.862658],[29.132934,40.862668],[29.132934,40.862682],[29.132897,40.862761],[29.13296,40.862852],[29.132946,40.86286],[29.132992,40.86291],[29.133067,40.862992],[29.133141,40.86307],[29.133148,40.863075],[29.133164,40.863088],[29.133206,40.86312],[29.133266,40.863171],[29.133282,40.863185],[29.133329,40.863224],[29.133357,40.863208],[29.133369,40.863209],[29.133443,40.863273],[29.133475,40.863281],[29.133505,40.86328],[29.13354,40.863249],[29.13356,40.863263],[29.133634,40.863316],[29.133762,40.863428],[29.133846,40.863518],[29.133863,40.863537],[29.134005,40.863695],[29.133982,40.863713],[29.134114,40.863881],[29.134319,40.864107],[29.134535,40.864339],[29.134573,40.864376],[29.13462,40.864398],[29.134683,40.864411],[29.134711,40.864441],[29.134727,40.864471],[29.13476,40.864514],[29.134765,40.864522],[29.134794,40.86456],[29.134841,40.864615],[29.134848,40.864623],[29.134731,40.864683],[29.134809,40.864799],[29.134822,40.864818],[29.134825,40.864823],[29.134824,40.864844],[29.134878,40.86492],[29.134959,40.865033],[29.134989,40.865065],[29.135013,40.865084],[29.135037,40.865113],[29.135051,40.86515],[29.135085,40.865195],[29.135118,40.865237],[29.135132,40.865255],[29.135243,40.865396],[29.135265,40.865384],[29.135278,40.865402],[29.135294,40.865421],[29.135326,40.865462],[29.135341,40.86548],[29.135355,40.865497],[29.135427,40.865584],[29.135431,40.865588],[29.13545,40.865607],[29.135475,40.865632],[29.135566,40.865713],[29.135579,40.865725],[29.135613,40.865756],[29.135637,40.865775],[29.135657,40.86578],[29.13566,40.865782],[29.135681,40.865799],[29.13581,40.865903],[29.135829,40.865918],[29.135911,40.865983],[29.135926,40.865972],[29.136021,40.866048],[29.136037,40.866062],[29.136117,40.866126],[29.136067,40.866156],[29.136336,40.866437],[29.136423,40.866522],[29.136429,40.866528],[29.136434,40.866535],[29.136501,40.86662],[29.136513,40.866637],[29.136593,40.86674],[29.136609,40.866754],[29.136692,40.866827],[29.13679,40.86689],[29.136844,40.86692],[29.13694,40.866971],[29.136961,40.866982],[29.137047,40.867116],[29.137071,40.867144],[29.137138,40.867238],[29.137151,40.867255],[29.137162,40.867271],[29.13711,40.867293],[29.13721,40.867438],[29.137229,40.86748],[29.137222,40.867534],[29.137246,40.867581],[29.137292,40.867644],[29.137363,40.867779],[29.137388,40.86781],[29.137412,40.867823],[29.137453,40.867876],[29.137486,40.867895],[29.137503,40.867914],[29.137521,40.867918],[29.137528,40.867935],[29.137536,40.867956],[29.137546,40.86798],[29.137551,40.867992],[29.137541,40.868015],[29.137561,40.868063],[29.1376,40.868166],[29.137627,40.868235],[29.137635,40.868256],[29.137687,40.868388],[29.137697,40.868495],[29.137704,40.868525],[29.137701,40.868532],[29.137652,40.868537],[29.137682,40.868739],[29.137686,40.868747],[29.137716,40.868745],[29.137718,40.868761],[29.137721,40.868783],[29.137697,40.868786],[29.137698,40.8688],[29.137714,40.868834],[29.13775,40.868907],[29.137764,40.868926],[29.137787,40.86904],[29.137792,40.869061],[29.137806,40.869129],[29.137813,40.869143],[29.137819,40.869159],[29.137818,40.869168],[29.137814,40.869173],[29.137815,40.869186],[29.13782,40.869197],[29.137833,40.869209],[29.137861,40.869216],[29.137884,40.869219],[29.137984,40.869232],[29.138071,40.869198],[29.138089,40.869215],[29.138113,40.869237],[29.138395,40.869203],[29.138408,40.86921],[29.138437,40.869226],[29.138449,40.869233],[29.138651,40.869477],[29.138659,40.869487],[29.138673,40.869505],[29.138758,40.869601],[29.138796,40.86959],[29.138818,40.869606],[29.138917,40.869711],[29.138985,40.869755],[29.139051,40.869796],[29.139136,40.870885],[29.139085,40.87088],[29.139083,40.870912],[29.139017,40.870906],[29.138886,40.871354],[29.138741,40.87132],[29.138708,40.87135],[29.138629,40.871498],[29.138592,40.871767],[29.138594,40.871791],[29.138603,40.871799],[29.138592,40.87182],[29.138482,40.871801],[29.13836,40.871841],[29.138294,40.871879],[29.138271,40.871897],[29.138333,40.87195],[29.138321,40.871956],[29.138305,40.871965],[29.138282,40.871945],[29.13826,40.871936],[29.138106,40.871985],[29.137981,40.87211],[29.137985,40.87216],[29.137998,40.872251],[29.138011,40.872274],[29.138055,40.872305],[29.138107,40.872334],[29.138069,40.872366],[29.138015,40.872334],[29.137991,40.872352],[29.137947,40.872327],[29.137877,40.872375],[29.13784,40.872381],[29.137812,40.872372],[29.137759,40.872333],[29.137738,40.87233],[29.137654,40.872388],[29.137667,40.872409],[29.137702,40.872442],[29.137726,40.872486],[29.137613,40.872556],[29.137503,40.872629],[29.137402,40.872669],[29.137176,40.872751],[29.136971,40.872825],[29.136964,40.872828],[29.136853,40.872875],[29.136813,40.872892],[29.136444,40.873109],[29.136304,40.873216],[29.136295,40.873222],[29.136285,40.873231],[29.136098,40.873392],[29.135869,40.873654],[29.135795,40.873763],[29.135764,40.873809],[29.135692,40.873987],[29.135671,40.874063],[29.13566,40.874104],[29.135667,40.874293],[29.13555,40.874455],[29.135476,40.874537],[29.135396,40.874616],[29.135306,40.87467],[29.135259,40.874686],[29.135196,40.874679],[29.135122,40.874663],[29.135052,40.874655],[29.134929,40.874669],[29.134859,40.874673],[29.134777,40.874665],[29.134723,40.874654],[29.134693,40.874644],[29.134653,40.874641],[29.134572,40.874643],[29.134499,40.874663],[29.134386,40.874708],[29.134315,40.874749],[29.13429,40.874773],[29.134277,40.874807],[29.134276,40.874843],[29.134282,40.87487],[29.134288,40.874908],[29.134279,40.874968],[29.134278,40.874995],[29.134285,40.875013],[29.134278,40.875022],[29.134231,40.875019],[29.134196,40.875024],[29.134166,40.875016],[29.134116,40.874999],[29.134052,40.874975],[29.134034,40.87497],[29.134022,40.874969],[29.134011,40.874962],[29.133996,40.874947],[29.133929,40.874946],[29.133808,40.874933],[29.133682,40.874926],[29.133619,40.874923],[29.133575,40.874927],[29.133518,40.874942],[29.133453,40.874962],[29.133398,40.874963],[29.13332,40.874944],[29.133279,40.874923],[29.133264,40.874907],[29.133248,40.874899],[29.133208,40.874891],[29.133108,40.874877],[29.132959,40.874864],[29.132732,40.874842],[29.132514,40.874825],[29.132442,40.874823],[29.132361,40.874765],[29.132283,40.874719],[29.132204,40.874691],[29.132087,40.87467],[29.131946,40.874673],[29.131762,40.874694],[29.131613,40.874724],[29.131504,40.87476],[29.131357,40.874815],[29.131322,40.874824],[29.131247,40.874831],[29.131234,40.874813],[29.131162,40.874802],[29.131049,40.874795],[29.130926,40.874782],[29.130764,40.874797],[29.130706,40.87482],[29.130661,40.874853],[29.130643,40.874901],[29.130636,40.874954],[29.130625,40.874973],[29.130618,40.874993],[29.13065,40.875021],[29.130619,40.875039],[29.130583,40.875012],[29.130571,40.875013],[29.130528,40.875037],[29.130452,40.875067],[29.130443,40.875064],[29.130335,40.875102],[29.130273,40.875113],[29.130198,40.875113],[29.130127,40.875105],[29.130065,40.875088],[29.130039,40.875074],[29.130018,40.875047],[29.129947,40.87506],[29.129608,40.875104],[29.129213,40.875102],[29.129032,40.875061],[29.128851,40.875008],[29.128632,40.87493],[29.128436,40.874848],[29.128304,40.874792],[29.12816,40.874731],[29.127733,40.874551],[29.127726,40.87456],[29.127614,40.87453],[29.127616,40.874524],[29.127493,40.874489],[29.127394,40.874664],[29.127187,40.874594],[29.127287,40.874422],[29.127251,40.87441],[29.127246,40.874418],[29.127063,40.874356],[29.127061,40.87436],[29.126997,40.874341],[29.126999,40.874336],[29.126704,40.874256],[29.126698,40.87427],[29.126694,40.874272],[29.126558,40.874238],[29.126554,40.874234],[29.12656,40.87422],[29.126039,40.874105],[29.126026,40.874098],[29.125998,40.87409],[29.12599,40.874097],[29.125981,40.8741],[29.125971,40.874101],[29.12596,40.874101],[29.125952,40.874097],[29.125945,40.874093],[29.12594,40.874086],[29.125939,40.874079],[29.125924,40.874077],[29.125902,40.874077],[29.125707,40.874035],[29.12566,40.874026],[29.125616,40.874017],[29.125546,40.874004],[29.125551,40.873984],[29.1254,40.873957],[29.125392,40.873952],[29.125391,40.873944],[29.125396,40.873936],[29.125409,40.873933],[29.125444,40.873941],[29.125545,40.873958],[29.12559,40.873902],[29.125598,40.873808],[29.125588,40.873778],[29.125565,40.873755],[29.12555,40.873751],[29.125536,40.873745],[29.125526,40.873738],[29.12552,40.873729],[29.125518,40.873711],[29.125444,40.873707],[29.125408,40.873705],[29.125306,40.873699],[29.12529,40.873688],[29.125062,40.873661],[29.124942,40.873597],[29.124866,40.873575],[29.12475,40.873527],[29.124473,40.873353],[29.12445,40.87334],[29.124324,40.873269],[29.123869,40.87325],[29.123633,40.87324],[29.123594,40.873226],[29.123569,40.87325],[29.123511,40.873222],[29.123484,40.873243],[29.1229,40.87291],[29.122913,40.872897],[29.122882,40.872871],[29.12287,40.87285],[29.122867,40.872819],[29.122893,40.872782],[29.122967,40.872696],[29.122993,40.872692],[29.123022,40.8727],[29.123132,40.872584],[29.123099,40.872554],[29.123045,40.8725],[29.122903,40.872415],[29.122877,40.872402],[29.122735,40.872359],[29.122697,40.872355],[29.122227,40.872306],[29.122163,40.872375],[29.122027,40.87243],[29.121979,40.872474],[29.12169,40.872389],[29.121689,40.872315],[29.121605,40.87222],[29.121488,40.872118],[29.121415,40.872055],[29.12137,40.872011],[29.121343,40.871979],[29.121278,40.871957],[29.121248,40.871948],[29.120819,40.871807],[29.120782,40.871795],[29.120513,40.871706],[29.120483,40.871696],[29.120505,40.871662],[29.120391,40.871631],[29.120377,40.87165],[29.120326,40.871637],[29.120263,40.871769],[29.120148,40.871738],[29.120118,40.87173],[29.119997,40.871696],[29.120043,40.871604],[29.120027,40.871593],[29.119892,40.871564],[29.119816,40.871693],[29.119778,40.871685],[29.119751,40.871739],[29.119712,40.871732],[29.119671,40.871753],[29.119285,40.871659],[29.119332,40.871524],[29.119292,40.871482],[29.119211,40.871427],[29.119035,40.871376],[29.118897,40.871373],[29.11875,40.871394],[29.118644,40.871442],[29.118621,40.87148],[29.11864,40.871558],[29.118662,40.871697],[29.118636,40.871699],[29.118638,40.871714],[29.118647,40.871777],[29.11859,40.871782],[29.118338,40.871814],[29.118215,40.871784],[29.118156,40.8718],[29.118092,40.8718],[29.118053,40.871808],[29.118013,40.871801],[29.117977,40.871789],[29.117966,40.871761],[29.117861,40.871737],[29.117825,40.871702],[29.117847,40.871513],[29.117766,40.871493],[29.117761,40.871461],[29.117732,40.871461],[29.117728,40.871456],[29.117719,40.871444],[29.117719,40.871436],[29.117716,40.871308],[29.117718,40.871239],[29.117567,40.871119],[29.117248,40.870915],[29.117014,40.870916],[29.116882,40.870877],[29.116842,40.870866],[29.116656,40.870815],[29.116626,40.870805],[29.116529,40.870777],[29.116498,40.870768],[29.116408,40.870742],[29.116383,40.870776],[29.116369,40.870771],[29.116308,40.870747],[29.116179,40.870697],[29.116114,40.870777],[29.116093,40.870804],[29.116017,40.870769],[29.115895,40.870704],[29.11578,40.870692],[29.115688,40.870778],[29.115617,40.870792],[29.115565,40.870835],[29.115517,40.870803],[29.115613,40.870716],[29.115651,40.87071],[29.11569,40.870728],[29.115775,40.870647],[29.115679,40.870591],[29.115572,40.870688],[29.115581,40.870695],[29.115526,40.870743],[29.115477,40.870713],[29.115424,40.870759],[29.115376,40.87073],[29.115456,40.87066],[29.115419,40.870633],[29.115433,40.870622],[29.115302,40.870536],[29.115246,40.870585],[29.115377,40.870674],[29.11534,40.870707],[29.114945,40.870465],[29.115099,40.870345],[29.115082,40.870324],[29.115054,40.870296],[29.11505,40.870273],[29.115302,40.869946],[29.115279,40.869884],[29.115294,40.869873],[29.115277,40.869834],[29.11526,40.86983],[29.115219,40.869707],[29.115201,40.869654],[29.115194,40.869634],[29.115129,40.86945],[29.115116,40.869308],[29.115167,40.869267],[29.115133,40.869125],[29.115074,40.869044],[29.115036,40.869025],[29.114891,40.868973],[29.11481,40.868977],[29.1148,40.868931],[29.114826,40.868887],[29.114905,40.868891],[29.114964,40.868838],[29.115007,40.868842],[29.115042,40.868812],[29.115131,40.868728],[29.115192,40.868626],[29.115181,40.86861],[29.115203,40.868553],[29.115185,40.868501],[29.115164,40.868504],[29.115085,40.868377],[29.11508,40.868368],[29.115071,40.868346],[29.115026,40.868235],[29.115021,40.868222],[29.115016,40.868209],[29.114955,40.868019],[29.114949,40.868002],[29.114941,40.867988],[29.114817,40.867761],[29.114806,40.867742],[29.114791,40.867716],[29.114688,40.867539],[29.114641,40.867541],[29.114619,40.867476],[29.11463,40.86747],[29.114538,40.867336],[29.114537,40.867286],[29.114537,40.867275],[29.114532,40.867263],[29.114516,40.867216],[29.11447,40.867176],[29.11447,40.867159],[29.114402,40.867088],[29.114303,40.867018],[29.114242,40.866962],[29.114208,40.866931],[29.114124,40.866968],[29.11412,40.866988],[29.114091,40.866988],[29.114067,40.866981],[29.114038,40.866979],[29.114008,40.866978],[29.113988,40.866986],[29.113957,40.866974],[29.113944,40.866954],[29.114037,40.866865],[29.114083,40.866883],[29.114102,40.866868],[29.114103,40.86685],[29.114145,40.866849],[29.11418,40.866821],[29.114216,40.866829],[29.114252,40.866844],[29.11426,40.866866],[29.11428,40.866881],[29.114309,40.866884],[29.11433,40.866867],[29.11437,40.866868],[29.114395,40.866869],[29.114408,40.866844],[29.114394,40.866839],[29.114371,40.866823],[29.11437,40.866798],[29.1144,40.866786],[29.11443,40.866782],[29.114445,40.866793],[29.11447,40.866789],[29.114494,40.866762],[29.114487,40.866746],[29.114488,40.866721],[29.114476,40.866707],[29.114504,40.86669],[29.114528,40.866664],[29.114538,40.866627],[29.114585,40.866538],[29.11464,40.866485],[29.114643,40.866445],[29.114606,40.866426],[29.114597,40.866407],[29.114581,40.866371],[29.114584,40.866297],[29.114589,40.86622],[29.114622,40.866199],[29.114653,40.866202],[29.114676,40.86619],[29.114681,40.866175],[29.114672,40.866157],[29.114644,40.866152],[29.11461,40.86614],[29.114573,40.866102],[29.114579,40.866004],[29.114568,40.865978],[29.114394,40.866074],[29.11442,40.866094],[29.114344,40.866138],[29.114319,40.866117],[29.114346,40.866099],[29.114241,40.866008],[29.114271,40.865986],[29.114304,40.866],[29.114333,40.866002],[29.114384,40.865993],[29.114437,40.865974],[29.11451,40.865945],[29.114593,40.865896],[29.114584,40.865872],[29.11458,40.865855],[29.114594,40.865834],[29.114622,40.865819],[29.114624,40.865796],[29.114535,40.865631],[29.11457,40.865617],[29.114604,40.865665],[29.115034,40.865533],[29.115046,40.865372],[29.11506,40.865224],[29.115068,40.865009],[29.115078,40.864804],[29.115298,40.864821],[29.1153,40.86477],[29.115079,40.864762],[29.115085,40.864598],[29.11517,40.864598],[29.115168,40.864627],[29.115299,40.864651],[29.115348,40.864655],[29.115355,40.864633],[29.115376,40.864603],[29.115381,40.864571],[29.115404,40.864561],[29.115409,40.864522],[29.115424,40.864491],[29.115429,40.864433],[29.115427,40.864421],[29.115429,40.864408],[29.115426,40.864363],[29.115433,40.864264],[29.115433,40.864247],[29.115433,40.864244],[29.115413,40.86418],[29.11542,40.864047],[29.115351,40.864042],[29.115319,40.864036],[29.11531,40.864003],[29.115311,40.863999],[29.115314,40.863978],[29.115315,40.863971],[29.115324,40.863957],[29.115343,40.863947],[29.115277,40.863701],[29.115264,40.863679],[29.115273,40.863655],[29.115235,40.863461],[29.115211,40.863437],[29.115185,40.863411],[29.115128,40.863354],[29.115008,40.86302],[29.114915,40.862858],[29.114903,40.862834],[29.114833,40.862705],[29.1147,40.862538],[29.114683,40.862515],[29.114582,40.862396],[29.114556,40.862367],[29.114549,40.862356],[29.114453,40.862257],[29.114323,40.862143],[29.114344,40.862112],[29.114276,40.862089],[29.114105,40.862059],[29.113906,40.862032],[29.113808,40.862049],[29.113751,40.86206],[29.113702,40.862045],[29.11367,40.862005],[29.113646,40.86197],[29.113613,40.861893],[29.113542,40.861818],[29.113456,40.861765],[29.113433,40.861738],[29.113422,40.861714],[29.113397,40.861694],[29.113352,40.861665],[29.113269,40.861591],[29.11313,40.861552],[29.112958,40.861528],[29.112849,40.861523],[29.112801,40.861519],[29.112756,40.861497],[29.112667,40.861454],[29.112542,40.861451],[29.112439,40.861477],[29.112378,40.861501],[29.112269,40.861505],[29.112154,40.861489],[29.112102,40.861464],[29.112072,40.861449],[29.112018,40.861441],[29.111974,40.861449],[29.111879,40.861435],[29.111817,40.861393],[29.111727,40.861372],[29.11161,40.861361],[29.111449,40.861357],[29.111252,40.861366],[29.111193,40.861373],[29.111137,40.861314],[29.111052,40.861257],[29.110975,40.861201],[29.110936,40.861196],[29.110896,40.861177],[29.110886,40.861155],[29.110866,40.861145],[29.110783,40.861151],[29.110766,40.861168],[29.110723,40.86118],[29.110689,40.861174],[29.110601,40.861179],[29.110582,40.86121],[29.110589,40.861235],[29.110596,40.861264],[29.110588,40.861277],[29.11057,40.861283],[29.11053,40.86128],[29.110475,40.861288],[29.110458,40.861273],[29.110456,40.861258],[29.110442,40.861244],[29.110417,40.861237],[29.110397,40.861217],[29.110336,40.861187],[29.110314,40.861176],[29.110311,40.861158],[29.110265,40.861156],[29.110193,40.861165],[29.110146,40.861176],[29.110098,40.861176],[29.11008,40.861185],[29.110071,40.861186],[29.110059,40.861177],[29.11006,40.861162],[29.110052,40.861151],[29.109996,40.861153],[29.10996,40.86114],[29.109907,40.861146],[29.109843,40.861148],[29.10975,40.86115],[29.109678,40.861163],[29.10966,40.861186],[29.109661,40.861204],[29.109625,40.861213],[29.109564,40.861214],[29.109516,40.861234],[29.109503,40.861255],[29.10951,40.861281],[29.109502,40.861328],[29.109471,40.861344],[29.10945,40.861335],[29.109429,40.86134],[29.109419,40.86135],[29.109417,40.861368],[29.109398,40.861385],[29.109351,40.861391],[29.109307,40.861382],[29.109279,40.861373],[29.109267,40.861344],[29.109229,40.861317],[29.109153,40.861292],[29.109021,40.861282],[29.108879,40.86128],[29.108745,40.861307],[29.10862,40.861348],[29.1085,40.86136],[29.108444,40.861359],[29.108386,40.861379],[29.108308,40.861415],[29.108292,40.861458],[29.108262,40.861487],[29.108234,40.861485],[29.108176,40.861524],[29.108127,40.86155],[29.108076,40.861542],[29.108049,40.861524],[29.10803,40.861495],[29.108007,40.861486],[29.107989,40.861496],[29.10793,40.861498],[29.107844,40.861473],[29.107782,40.861436],[29.10772,40.861409],[29.107707,40.861376],[29.107678,40.861357],[29.107638,40.861367],[29.107616,40.861383],[29.107564,40.8614],[29.107517,40.861409],[29.107495,40.861437],[29.107421,40.861445],[29.107403,40.861418],[29.10741,40.861379],[29.107426,40.861358],[29.107458,40.861345],[29.10747,40.861334],[29.107495,40.861295],[29.107481,40.86126],[29.107415,40.861241],[29.107394,40.861249],[29.107382,40.861248],[29.107374,40.861237],[29.107393,40.861199],[29.107401,40.861171],[29.107417,40.861167],[29.107429,40.861144],[29.107454,40.861127],[29.107475,40.861113],[29.107488,40.861109],[29.107494,40.861104],[29.107492,40.861097],[29.107478,40.861092],[29.107473,40.861089],[29.10747,40.861084],[29.107457,40.861084],[29.107452,40.861089],[29.107446,40.861092],[29.107421,40.861094],[29.107392,40.861099],[29.107379,40.861092],[29.10738,40.861078],[29.107384,40.861072],[29.10739,40.861069],[29.107393,40.86106],[29.107389,40.861057],[29.107384,40.861052],[29.107373,40.861013],[29.107348,40.860969],[29.107369,40.860942],[29.10739,40.860944],[29.107399,40.860935],[29.107387,40.860925],[29.107366,40.860921],[29.107348,40.860923],[29.107323,40.860902],[29.107307,40.860899],[29.10729,40.860906],[29.107277,40.860926],[29.107264,40.860921],[29.10724,40.860922],[29.107238,40.860905]]],[[[29.111023,40.820323],[29.111058,40.820265],[29.1111,40.820208],[29.111149,40.820155],[29.111207,40.820102],[29.111272,40.820053],[29.111342,40.820008],[29.111371,40.820001],[29.111401,40.819999],[29.111431,40.820002],[29.111457,40.820008],[29.111481,40.820019],[29.111502,40.820032],[29.111568,40.819989],[29.111376,40.819882],[29.111533,40.819792],[29.111562,40.819779],[29.111595,40.819773],[29.111623,40.819775],[29.11165,40.819773],[29.111676,40.819766],[29.111703,40.819754],[29.111726,40.819737],[29.111818,40.819721],[29.111888,40.819703],[29.111926,40.819737],[29.112181,40.819505],[29.112275,40.819427],[29.112305,40.819417],[29.112336,40.819412],[29.112367,40.819412],[29.112402,40.819418],[29.112434,40.819428],[29.112465,40.819422],[29.112494,40.819411],[29.112521,40.819397],[29.112552,40.819373],[29.112575,40.819345],[29.112551,40.819323],[29.112467,40.819351],[29.112454,40.819354],[29.112441,40.819353],[29.112429,40.819348],[29.11242,40.819341],[29.112511,40.819278],[29.112604,40.819213],[29.112691,40.819144],[29.112773,40.819071],[29.112844,40.819],[29.11291,40.818927],[29.11297,40.81885],[29.112932,40.81882],[29.113014,40.818756],[29.113049,40.818762],[29.113086,40.818763],[29.113122,40.818757],[29.11315,40.818747],[29.113174,40.818734],[29.11315,40.818697],[29.112956,40.81858],[29.113135,40.818425],[29.113205,40.81836],[29.113314,40.81826],[29.113385,40.818192],[29.113463,40.818127],[29.113527,40.818079],[29.113595,40.818033],[29.113659,40.818034],[29.113666,40.818043],[29.113692,40.818078],[29.113691,40.818125],[29.113694,40.818154],[29.113697,40.818186],[29.113799,40.818325],[29.113773,40.818383],[29.113755,40.818446],[29.113811,40.818418],[29.113915,40.818365],[29.113932,40.818474],[29.113943,40.818583],[29.113946,40.818617],[29.113941,40.818651],[29.113929,40.818684],[29.113913,40.818712],[29.113891,40.818738],[29.113865,40.818761],[29.113867,40.818777],[29.113873,40.818829],[29.113875,40.81884],[29.113886,40.818895],[29.113914,40.818985],[29.113877,40.81901],[29.113845,40.819038],[29.113819,40.819069],[29.113798,40.819104],[29.113785,40.819142],[29.113779,40.819181],[29.113766,40.819218],[29.113761,40.819257],[29.113762,40.819296],[29.11377,40.819331],[29.113784,40.819366],[29.113686,40.819424],[29.113709,40.819471],[29.11373,40.819511],[29.113676,40.819559],[29.113631,40.819612],[29.113603,40.819658],[29.113583,40.819705],[29.113569,40.819755],[29.113649,40.819913],[29.113533,40.820017],[29.113617,40.820081],[29.113588,40.820145],[29.113568,40.820211],[29.113557,40.820272],[29.113556,40.820278],[29.113556,40.820297],[29.113554,40.820357],[29.113564,40.820435],[29.113532,40.820467],[29.113497,40.820498],[29.113424,40.820551],[29.113344,40.820597],[29.113257,40.820636],[29.113165,40.820667],[29.113088,40.820659],[29.113014,40.820642],[29.112943,40.820618],[29.112882,40.820589],[29.112816,40.820568],[29.112755,40.820557],[29.112692,40.820552],[29.112667,40.82055],[29.112642,40.820552],[29.112618,40.820558],[29.112596,40.820568],[29.112578,40.820582],[29.112564,40.820598],[29.11253,40.820593],[29.112498,40.820586],[29.112458,40.820573],[29.112422,40.820556],[29.112343,40.82053],[29.112261,40.82051],[29.112151,40.82049],[29.11204,40.82048],[29.111997,40.820519],[29.111945,40.820552],[29.111886,40.820576],[29.111834,40.820591],[29.11178,40.820599],[29.111724,40.820601],[29.111669,40.820597],[29.111715,40.820453],[29.111697,40.820434],[29.111672,40.82042],[29.111646,40.820414],[29.111618,40.820414],[29.111498,40.820474],[29.111381,40.820533],[29.111352,40.820534],[29.111323,40.82053],[29.111297,40.82052],[29.111274,40.820506],[29.11126,40.82049],[29.11125,40.820472],[29.111246,40.820453],[29.111385,40.820413],[29.111296,40.820329],[29.111105,40.820369],[29.111023,40.820323]]],[[[29.140547,40.85047],[29.140761,40.850113],[29.141502,40.849918],[29.142146,40.84948],[29.142575,40.849058],[29.143133,40.848838],[29.143594,40.848351],[29.143766,40.848238],[29.14383,40.848092],[29.144334,40.847759],[29.14457,40.847386],[29.145783,40.846834],[29.146275,40.846793],[29.14663,40.846834],[29.146963,40.846736],[29.147263,40.84685],[29.147721,40.846849],[29.147907,40.84715],[29.148207,40.847986],[29.148218,40.849171],[29.147864,40.849609],[29.146952,40.850356],[29.146705,40.850949],[29.146877,40.851257],[29.146802,40.851898],[29.1468,40.851902],[29.146512,40.852426],[29.146233,40.852693],[29.145217,40.853233],[29.144486,40.853518],[29.14423,40.853718],[29.143787,40.85447],[29.143808,40.854681],[29.144098,40.855144],[29.144055,40.855542],[29.143658,40.855809],[29.143165,40.855696],[29.14295,40.855485],[29.142811,40.854373],[29.142392,40.853456],[29.141888,40.852994],[29.14148,40.852531],[29.141413,40.852154],[29.14103,40.851655],[29.141008,40.851452],[29.140547,40.8509],[29.140547,40.85047]]]]},"properties":{"hucre_kodu":"BZ-002","ilce":"Adalar","alan_km2":5.99,"yogunluk_puani":26,"komsular":["BZ-159","BZ-158","BZ-001","BZ-221","BZ-140","BZ-139","BZ-162"]}},{"type":"Feature","geometry":{"type":"Polygon","coordinates":[[[28.552246,41.21825],[28.559411,41.161291],[28.668603,41.185405],[28.672725,41.188766],[28.663015,41.231648],[28.558819,41.231648],[28.552246,41.21825]]]},"properties":{"hucre_kodu":"BZ-003","ilce":"Arnavutköy","alan_km2":61.7,"yogunluk_puani":2,"komsular":["BZ-007","BZ-010","BZ-004","BZ-094","BZ-095","BZ-005"]}},{"type":"Feature","geometry":{"type":"Polygon","coordinates":[[[28.542388,41.354993],[28.544798,41.284725],[28.558819,41.231648],[28.663015,41.231648],[28.665929,41.237163],[28.661356,41.346232],[28.660976,41.346308],[28.660461,41.34648],[28.659899,41.346783],[28.659588,41.346951],[28.659307,41.347121],[28.658922,41.347249],[28.658371,41.347578],[28.657856,41.34785],[28.645503,41.349124],[28.644254,41.349213],[28.643128,41.349563],[28.641508,41.349764],[28.640707,41.349927],[28.639453,41.350316],[28.63897,41.35051],[28.63803,41.350642],[28.636374,41.351046],[28.63518,41.351536],[28.6347,41.35169],[28.634083,41.351947],[28.632797,41.352209],[28.631667,41.352613],[28.630762,41.352793],[28.629811,41.353204],[28.628955,41.353457],[28.628188,41.353763],[28.627305,41.353977],[28.625581,41.354614],[28.624862,41.354931],[28.624502,41.355036],[28.6242,41.355152],[28.621741,41.356344],[28.620989,41.356397],[28.620721,41.356461],[28.620329,41.356639],[28.619996,41.356779],[28.619474,41.356926],[28.619306,41.357014],[28.618333,41.357524],[28.61747,41.357706],[28.617041,41.357939],[28.614477,41.358957],[28.613564,41.359366],[28.612449,41.359831],[28.611244,41.360316],[28.609862,41.361215],[28.609589,41.361611],[28.609477,41.361808],[28.609187,41.361905],[28.609026,41.361901],[28.608801,41.361833],[28.608618,41.36178],[28.608382,41.361784],[28.607868,41.361829],[28.606947,41.362079],[28.606187,41.362415],[28.605243,41.362845],[28.604423,41.363061],[28.603973,41.36321],[28.60356,41.363387],[28.603023,41.363697],[28.602385,41.364047],[28.601956,41.364244],[28.601618,41.364389],[28.601103,41.364587],[28.600148,41.364893],[28.59974,41.365082],[28.599279,41.365223],[28.598624,41.365504],[28.598008,41.365798],[28.59753,41.366036],[28.596817,41.366318],[28.596141,41.366539],[28.595658,41.366752],[28.595341,41.366881],[28.59495,41.367083],[28.594617,41.367171],[28.59429,41.367356],[28.594054,41.367562],[28.593662,41.367731],[28.593153,41.36794],[28.592439,41.368242],[28.591967,41.368492],[28.59149,41.36862],[28.590556,41.368979],[28.590304,41.3691],[28.590058,41.369216],[28.589752,41.369369],[28.589253,41.369498],[28.588754,41.369615],[28.587878,41.369929],[28.587438,41.370079],[28.586817,41.370431],[28.58624,41.370777],[28.58574,41.370915],[28.585154,41.37104],[28.584725,41.371181],[28.584016,41.371464],[28.583289,41.371799],[28.582714,41.372107],[28.582355,41.372262],[28.581983,41.372392],[28.581547,41.372644],[28.580815,41.372972],[28.580296,41.373228],[28.579661,41.373405],[28.578782,41.373677],[28.577553,41.37426],[28.576636,41.374663],[28.576185,41.374901],[28.575976,41.375202],[28.575413,41.375573],[28.574796,41.375859],[28.57427,41.376132],[28.573986,41.376418],[28.573718,41.37664],[28.573208,41.377054],[28.572854,41.377231],[28.57273,41.377215],[28.572516,41.377171],[28.572403,41.377183],[28.572183,41.377276],[28.571985,41.377429],[28.571749,41.37765],[28.571464,41.377839],[28.571084,41.378056],[28.570606,41.378431],[28.570091,41.378813],[28.569608,41.379051],[28.569061,41.379216],[28.56853,41.379485],[28.568401,41.37963],[28.568224,41.379791],[28.567881,41.380049],[28.567264,41.380242],[28.566309,41.380375],[28.565741,41.380516],[28.565295,41.380777],[28.564984,41.380983],[28.56456,41.3812],[28.564389,41.38153],[28.564238,41.381965],[28.564083,41.382235],[28.563659,41.382577],[28.563262,41.382806],[28.562672,41.383007],[28.561798,41.383257],[28.56132,41.383462],[28.560762,41.383559],[28.560296,41.383631],[28.559668,41.383832],[28.559309,41.383985],[28.558901,41.384267],[28.557994,41.384666],[28.557662,41.384899],[28.557474,41.385044],[28.556911,41.385318],[28.55602,41.385611],[28.555645,41.385776],[28.555226,41.385953],[28.554803,41.386171],[28.554604,41.386203],[28.554229,41.386183],[28.553939,41.386227],[28.553343,41.3864],[28.553048,41.386453],[28.552684,41.386505],[28.551825,41.386787],[28.551262,41.386948],[28.551006,41.386968],[28.542388,41.354993]]]},"properties":{"hucre_kodu":"BZ-004","ilce":"Arnavutköy","alan_km2":144.68,"yogunluk_puani":1,"komsular":["BZ-010","BZ-009","BZ-091","BZ-093","BZ-094","BZ-003"]}},{"type":"Feature","geometry":{"type":"Polygon","coordinates":[[[28.555832,41.131264],[28.638015,41.144875],[28.668603,41.185405],[28.559411,41.161291],[28.555832,41.131264]]]},"properties":{"hucre_kodu":"BZ-005","ilce":"Arnavutköy","alan_km2":28.56,"yogunluk_puani":1,"komsular":["BZ-095","BZ-006","BZ-007","BZ-003"]}},{"type":"Feature","geometry":{"type":"Polygon","coordinates":[[[28.551507,41.120843],[28.571936,41.090164],[28.635735,41.090164],[28.643819,41.098733],[28.638015,41.144875],[28.555832,41.131264],[28.551507,41.120843]]]},"properties":{"hucre_kodu":"BZ-006","ilce":"Arnavutköy","alan_km2":36.74,"yogunluk_puani":2,"komsular":["BZ-049","BZ-007","BZ-005","BZ-095","BZ-084","BZ-088"]}},{"type":"Feature","geometry":{"type":"Polygon","coordinates":[[[28.638015,41.144875],[28.643819,41.098733],[28.647229,41.099554],[28.702224,41.154206],[28.692046,41.172596],[28.672725,41.188766],[28.668603,41.185405],[28.638015,41.144875]]]},"properties":{"hucre_kodu":"BZ-007","ilce":"Arnavutköy","alan_km2":27.62,"yogunluk_puani":0,"komsular":["BZ-011","BZ-010","BZ-003","BZ-005","BZ-006","BZ-049","BZ-008"]}},{"type":"Feature","geometry":{"type":"Polygon","coordinates":[[[28.647229,41.099554],[28.692505,41.090984],[28.715364,41.1137],[28.709687,41.146296],[28.702224,41.154206],[28.647229,41.099554]]]},"properties":{"hucre_kodu":"BZ-008","ilce":"Arnavutköy","alan_km2":20.43,"yogunluk_puani":1,"komsular":["BZ-052","BZ-011","BZ-007","BZ-049","BZ-028"]}},{"type":"Feature","geometry":{"type":"Polygon","coordinates":[[[28.661356,41.346232],[28.665929,41.237163],[28.718933,41.246527],[28.747713,41.275126],[28.734599,41.327253],[28.734527,41.32724],[28.734103,41.327228],[28.733735,41.327115],[28.733473,41.326996],[28.733156,41.32692],[28.732947,41.326843],[28.732778,41.326762],[28.732708,41.32667],[28.732625,41.326474],[28.732432,41.326168],[28.731574,41.325942],[28.730646,41.32585],[28.729581,41.325992],[28.728465,41.326253],[28.727765,41.326337],[28.727346,41.32643],[28.726609,41.326577],[28.726005,41.326754],[28.725574,41.326923],[28.725085,41.327092],[28.724232,41.32734],[28.723502,41.32764],[28.722438,41.327894],[28.722009,41.327981],[28.721403,41.328128],[28.720416,41.328425],[28.720388,41.328435],[28.719486,41.328755],[28.719234,41.328828],[28.719004,41.328926],[28.718708,41.329043],[28.718365,41.329178],[28.717848,41.329398],[28.717495,41.329524],[28.717179,41.329631],[28.717033,41.329681],[28.716366,41.329875],[28.715783,41.329971],[28.715354,41.330092],[28.71476,41.330435],[28.714164,41.330765],[28.713165,41.331164],[28.712803,41.331445],[28.712667,41.331621],[28.712543,41.331573],[28.712383,41.331511],[28.71222,41.331489],[28.711702,41.331565],[28.711282,41.331677],[28.710682,41.331908],[28.710409,41.332095],[28.710249,41.332301],[28.71001,41.332235],[28.710002,41.332233],[28.709895,41.332204],[28.709324,41.332268],[28.708922,41.332389],[28.708353,41.332711],[28.707961,41.333067],[28.70793,41.333183],[28.707811,41.333246],[28.707404,41.333326],[28.707002,41.333421],[28.706491,41.333633],[28.705618,41.334004],[28.705203,41.334287],[28.70505,41.334286],[28.704776,41.334285],[28.704118,41.334416],[28.703485,41.334645],[28.702771,41.335003],[28.702459,41.335303],[28.702373,41.335295],[28.702207,41.335279],[28.702054,41.335265],[28.701446,41.335411],[28.70058,41.335747],[28.700019,41.336026],[28.699739,41.336205],[28.699605,41.336324],[28.699375,41.336332],[28.699198,41.336279],[28.698856,41.336348],[28.698267,41.336518],[28.697675,41.336766],[28.69718,41.33709],[28.696952,41.337246],[28.696769,41.337413],[28.696596,41.337424],[28.696426,41.337435],[28.695894,41.337547],[28.695401,41.337664],[28.695171,41.337701],[28.694843,41.337844],[28.694351,41.338145],[28.694169,41.338304],[28.694048,41.338495],[28.693791,41.338453],[28.693644,41.33843],[28.693341,41.338439],[28.69282,41.338601],[28.692341,41.338788],[28.691716,41.339118],[28.691458,41.339374],[28.691357,41.339576],[28.691165,41.339572],[28.691016,41.33957],[28.690662,41.339614],[28.690214,41.339717],[28.689839,41.339865],[28.689517,41.340015],[28.689184,41.340214],[28.688899,41.340466],[28.688644,41.340735],[28.688631,41.340976],[28.687576,41.341319],[28.687039,41.341331],[28.68666,41.341316],[28.686267,41.3414],[28.68589,41.341604],[28.685472,41.342142],[28.685449,41.342584],[28.685449,41.342923],[28.685474,41.343087],[28.685527,41.343144],[28.685684,41.343228],[28.685713,41.343281],[28.685702,41.343333],[28.685673,41.34337],[28.685609,41.343398],[28.685543,41.343397],[28.685474,41.343378],[28.685407,41.343334],[28.685238,41.343254],[28.685177,41.343317],[28.68437,41.342877],[28.684169,41.343109],[28.684055,41.343285],[28.684033,41.343276],[28.683938,41.343286],[28.683928,41.343724],[28.684016,41.343726],[28.684119,41.343713],[28.684169,41.343714],[28.684166,41.343754],[28.683886,41.343748],[28.683872,41.344206],[28.683843,41.344666],[28.684456,41.345154],[28.686242,41.344948],[28.686349,41.344444],[28.686418,41.344117],[28.686467,41.344107],[28.686432,41.343952],[28.686433,41.34382],[28.686487,41.343726],[28.686515,41.343727],[28.68673,41.343363],[28.686679,41.343339],[28.686668,41.343316],[28.686667,41.343262],[28.686694,41.343205],[28.686751,41.343147],[28.686844,41.343121],[28.686935,41.343124],[28.687023,41.343144],[28.687115,41.343202],[28.687147,41.343284],[28.687137,41.343364],[28.686871,41.343777],[28.686837,41.343958],[28.686819,41.344045],[28.686839,41.344149],[28.687121,41.344706],[28.687179,41.344783],[28.687262,41.344919],[28.687309,41.344929],[28.687391,41.344996],[28.6875,41.344949],[28.687759,41.344957],[28.687855,41.345014],[28.687886,41.345143],[28.687817,41.345275],[28.687099,41.345353],[28.686417,41.34545],[28.686119,41.345479],[28.685697,41.345547],[28.685453,41.345688],[28.685209,41.345885],[28.6851,41.345893],[28.684999,41.346057],[28.684932,41.34611],[28.684984,41.346179],[28.685153,41.346173],[28.685202,41.34626],[28.685047,41.346366],[28.684753,41.346398],[28.684694,41.346436],[28.684642,41.346407],[28.684562,41.346412],[28.684556,41.346442],[28.684629,41.34646],[28.68468,41.346497],[28.68467,41.346567],[28.684724,41.346605],[28.684758,41.346667],[28.684697,41.346688],[28.684715,41.346722],[28.684782,41.346728],[28.684745,41.346749],[28.684588,41.34681],[28.684751,41.34683],[28.684836,41.34686],[28.684877,41.346898],[28.684867,41.346969],[28.684813,41.347017],[28.684754,41.347022],[28.684678,41.347418],[28.684613,41.347578],[28.684481,41.347696],[28.684461,41.347867],[28.684135,41.348079],[28.683857,41.348156],[28.683577,41.348111],[28.68335,41.348293],[28.683106,41.348412],[28.682816,41.348377],[28.682449,41.348311],[28.682411,41.348166],[28.682172,41.348111],[28.681816,41.348188],[28.681676,41.348255],[28.681591,41.34838],[28.681432,41.348311],[28.681363,41.348224],[28.681204,41.34815],[28.681045,41.348055],[28.680689,41.348116],[28.68062,41.34819],[28.680384,41.348035],[28.680166,41.348049],[28.679928,41.348055],[28.679879,41.347892],[28.679706,41.347766],[28.679532,41.34764],[28.679313,41.347608],[28.679284,41.347542],[28.679315,41.347462],[28.679327,41.347433],[28.679414,41.34737],[28.679492,41.347131],[28.67956,41.34692],[28.679715,41.34683],[28.679818,41.346767],[28.679989,41.34669],[28.680069,41.346532],[28.680024,41.346408],[28.679832,41.346096],[28.67956,41.34581],[28.678996,41.34559],[28.67901,41.345506],[28.679166,41.345452],[28.679131,41.345055],[28.67916,41.34495],[28.679166,41.344864],[28.67908,41.344749],[28.679024,41.344592],[28.678939,41.34444],[28.678765,41.344314],[28.678544,41.344235],[28.678222,41.344076],[28.678184,41.344012],[28.678073,41.343834],[28.6778,41.343619],[28.677724,41.343559],[28.67755,41.343433],[28.677132,41.343199],[28.676728,41.34308],[28.676355,41.343025],[28.67588,41.342979],[28.675107,41.342895],[28.674413,41.342846],[28.67365,41.342842],[28.672637,41.342908],[28.671778,41.343025],[28.670861,41.343171],[28.66986,41.343395],[28.669057,41.343625],[28.668277,41.343887],[28.667708,41.34411],[28.666965,41.344319],[28.666304,41.344583],[28.665616,41.344906],[28.664743,41.345199],[28.664101,41.345418],[28.66316,41.345783],[28.662772,41.345949],[28.662294,41.346087],[28.661556,41.346193],[28.661356,41.346232]]]},"properties":{"hucre_kodu":"BZ-009","ilce":"Arnavutköy","alan_km2":65,"yogunluk_puani":2,"komsular":["BZ-012","BZ-015","BZ-004","BZ-010"]}},{"type":"Feature","geometry":{"type":"Polygon","coordinates":[[[28.663015,41.231648],[28.672725,41.188766],[28.692046,41.172596],[28.744347,41.198583],[28.752771,41.220907],[28.718933,41.246527],[28.665929,41.237163],[28.663015,41.231648]]]},"properties":{"hucre_kodu":"BZ-010","ilce":"Arnavutköy","alan_km2":41.2,"yogunluk_puani":1,"komsular":["BZ-011","BZ-013","BZ-012","BZ-009","BZ-004","BZ-003","BZ-007"]}},{"type":"Feature","geometry":{"type":"Polygon","coordinates":[[[28.692046,41.172596],[28.702224,41.154206],[28.709687,41.146296],[28.756625,41.151479],[28.768086,41.159072],[28.750779,41.19347],[28.744347,41.198583],[28.692046,41.172596]]]},"properties":{"hucre_kodu":"BZ-011","ilce":"Arnavutköy","alan_km2":23.06,"yogunluk_puani":13,"komsular":["BZ-055","BZ-014","BZ-013","BZ-010","BZ-007","BZ-008","BZ-052"]}},{"type":"Feature","geometry":{"type":"Polygon","coordinates":[[[28.718933,41.246527],[28.752771,41.220907],[28.812967,41.236859],[28.818315,41.249613],[28.747713,41.275126],[28.718933,41.246527]]]},"properties":{"hucre_kodu":"BZ-012","ilce":"Arnavutköy","alan_km2":28.46,"yogunluk_puani":1,"komsular":["BZ-010","BZ-013","BZ-111","BZ-015","BZ-009"]}},{"type":"Feature","geometry":{"type":"Polygon","coordinates":[[[28.744347,41.198583],[28.750779,41.19347],[28.812967,41.19347],[28.812967,41.236859],[28.752771,41.220907],[28.744347,41.198583]]]},"properties":{"hucre_kodu":"BZ-013","ilce":"Arnavutköy","alan_km2":21.07,"yogunluk_puani":5,"komsular":["BZ-011","BZ-014","BZ-111","BZ-012","BZ-010"]}},{"type":"Feature","geometry":{"type":"Polygon","coordinates":[[[28.750779,41.19347],[28.768086,41.159072],[28.791446,41.16423],[28.814026,41.185989],[28.812967,41.19347],[28.750779,41.19347]]]},"properties":{"hucre_kodu":"BZ-014","ilce":"Arnavutköy","alan_km2":13.58,"yogunluk_puani":2,"komsular":["BZ-016","BZ-111","BZ-013","BZ-011","BZ-055"]}},{"type":"Feature","geometry":{"type":"Polygon","coordinates":[[[28.734599,41.327253],[28.747713,41.275126],[28.818315,41.249613],[28.853416,41.282834],[28.853024,41.282997],[28.852238,41.283275],[28.8516,41.283448],[28.850988,41.283599],[28.850543,41.283787],[28.849934,41.284113],[28.849524,41.284287],[28.849148,41.284476],[28.848748,41.284668],[28.848475,41.284819],[28.848306,41.284934],[28.848148,41.285091],[28.84803,41.285216],[28.847912,41.285349],[28.847831,41.28546],[28.847689,41.285522],[28.847458,41.285677],[28.847147,41.285839],[28.845849,41.286659],[28.845227,41.286941],[28.844937,41.287042],[28.844486,41.287118],[28.843955,41.287123],[28.84366,41.287127],[28.843344,41.287139],[28.843092,41.287143],[28.84284,41.287106],[28.842421,41.287002],[28.842003,41.286986],[28.8413,41.287002],[28.840715,41.287062],[28.840404,41.287046],[28.840195,41.287058],[28.840077,41.286986],[28.840002,41.286917],[28.839868,41.286881],[28.839728,41.286853],[28.83954,41.286873],[28.839117,41.286953],[28.838746,41.287006],[28.838414,41.286998],[28.838221,41.286977],[28.83806,41.286941],[28.837845,41.286969],[28.837701,41.28701],[28.837481,41.286998],[28.837293,41.286977],[28.837175,41.286865],[28.837039,41.286881],[28.8369,41.286902],[28.83666,41.286959],[28.836469,41.287027],[28.836297,41.287028],[28.835968,41.287138],[28.835948,41.287272],[28.835513,41.287503],[28.835161,41.28766],[28.83487,41.287783],[28.834657,41.287929],[28.834383,41.288055],[28.83419,41.288127],[28.83379,41.288219],[28.833468,41.288336],[28.833023,41.288553],[28.832674,41.288763],[28.832427,41.28892],[28.831961,41.28917],[28.83158,41.289372],[28.831306,41.289501],[28.831065,41.289602],[28.8307,41.289763],[28.830389,41.289864],[28.830131,41.290029],[28.829825,41.290129],[28.829386,41.290271],[28.828989,41.290331],[28.828753,41.290436],[28.827835,41.290678],[28.82673,41.291165],[28.826215,41.291327],[28.825416,41.291601],[28.824225,41.291891],[28.823581,41.292205],[28.822718,41.292628],[28.822197,41.292931],[28.821774,41.293108],[28.820985,41.293584],[28.820207,41.295071],[28.819456,41.295611],[28.818823,41.296155],[28.818126,41.296711],[28.816602,41.29792],[28.815674,41.298223],[28.815256,41.29869],[28.814778,41.298992],[28.813882,41.299315],[28.813239,41.299678],[28.812413,41.299665],[28.812048,41.299911],[28.811688,41.300157],[28.811061,41.300218],[28.810658,41.300193],[28.810353,41.300222],[28.810149,41.300318],[28.809301,41.300959],[28.80832,41.301527],[28.807767,41.301793],[28.807268,41.302075],[28.806855,41.30241],[28.806268,41.302763],[28.805965,41.302873],[28.805509,41.30295],[28.805026,41.302922],[28.804468,41.302894],[28.804109,41.302865],[28.803765,41.30291],[28.802719,41.30303],[28.801764,41.303188],[28.801056,41.303256],[28.800675,41.30318],[28.79986,41.302861],[28.798519,41.302619],[28.797033,41.302541],[28.79622,41.302561],[28.79552,41.302654],[28.794281,41.302978],[28.792763,41.303524],[28.791027,41.304169],[28.789708,41.304937],[28.789102,41.305479],[28.788891,41.30581],[28.78886,41.306111],[28.788919,41.306214],[28.789147,41.306434],[28.78959,41.306833],[28.789735,41.30729],[28.789812,41.30753],[28.790022,41.308126],[28.790069,41.308349],[28.790297,41.311315],[28.790329,41.311529],[28.790296,41.311691],[28.788898,41.314108],[28.788844,41.314192],[28.78875,41.314259],[28.788621,41.314287],[28.788501,41.314277],[28.788402,41.314214],[28.788342,41.314124],[28.788332,41.314001],[28.788424,41.313812],[28.7898,41.311561],[28.789828,41.311295],[28.789641,41.308346],[28.789555,41.308211],[28.789265,41.308056],[28.789155,41.307939],[28.788774,41.307331],[28.788566,41.307134],[28.788454,41.307105],[28.78841,41.307086],[28.788346,41.307085],[28.788255,41.307075],[28.788203,41.307131],[28.788131,41.307285],[28.788077,41.307322],[28.787978,41.307459],[28.787787,41.307377],[28.787886,41.307244],[28.78788,41.30717],[28.787903,41.307115],[28.78797,41.306994],[28.787983,41.306932],[28.787971,41.306886],[28.787932,41.306866],[28.78779,41.306802],[28.787524,41.30676],[28.786879,41.306716],[28.786363,41.306742],[28.785971,41.306792],[28.78536,41.30697],[28.784582,41.307201],[28.783128,41.307689],[28.780779,41.308648],[28.780473,41.308986],[28.780387,41.30919],[28.780282,41.309325],[28.780272,41.309488],[28.780288,41.309668],[28.780331,41.309919],[28.780423,41.311459],[28.781148,41.312277],[28.781857,41.313241],[28.781932,41.313249],[28.783089,41.312961],[28.783174,41.313118],[28.784094,41.312898],[28.784292,41.312814],[28.784726,41.312555],[28.784751,41.312513],[28.784794,41.31247],[28.784893,41.312424],[28.785006,41.312409],[28.785105,41.312434],[28.78518,41.312482],[28.785199,41.312563],[28.785196,41.312633],[28.785161,41.312697],[28.784507,41.313072],[28.784308,41.313136],[28.783455,41.313308],[28.782415,41.313497],[28.781583,41.313721],[28.78128,41.313806],[28.780862,41.314013],[28.780178,41.314368],[28.77914,41.314873],[28.778751,41.315041],[28.778416,41.315272],[28.778169,41.315357],[28.777906,41.315381],[28.777641,41.315449],[28.77737,41.315566],[28.777107,41.315736],[28.776651,41.315981],[28.77623,41.316169],[28.775849,41.316386],[28.775403,41.316578],[28.774899,41.316922],[28.774491,41.317228],[28.774162,41.317524],[28.773907,41.317742],[28.773365,41.318403],[28.77303,41.318888],[28.772703,41.319313],[28.772104,41.320065],[28.771718,41.320548],[28.771297,41.321074],[28.771096,41.321285],[28.770744,41.321604],[28.770527,41.321753],[28.770358,41.321876],[28.770264,41.32192],[28.77016,41.322005],[28.769985,41.322142],[28.76969,41.322337],[28.769315,41.322565],[28.769162,41.322611],[28.768864,41.322768],[28.768505,41.322943],[28.768046,41.323157],[28.767663,41.323235],[28.767427,41.323322],[28.766987,41.323421],[28.765986,41.32362],[28.765568,41.323711],[28.76534,41.323733],[28.765206,41.323733],[28.765082,41.323747],[28.764868,41.323757],[28.764726,41.323739],[28.764581,41.323701],[28.764433,41.323618],[28.764114,41.323562],[28.763886,41.323523],[28.763593,41.323558],[28.762896,41.32364],[28.762247,41.323747],[28.76122,41.323989],[28.760182,41.324269],[28.759648,41.32449],[28.759249,41.324682],[28.758964,41.324831],[28.758685,41.325022],[28.758369,41.325288],[28.757591,41.325775],[28.757113,41.326144],[28.756757,41.326361],[28.756352,41.326555],[28.755413,41.326978],[28.754504,41.327383],[28.753321,41.327771],[28.752629,41.327892],[28.751977,41.327969],[28.751502,41.327971],[28.750904,41.327941],[28.750282,41.327882],[28.749552,41.327731],[28.749112,41.32758],[28.748724,41.327413],[28.748305,41.327197],[28.747648,41.326929],[28.747122,41.326783],[28.746661,41.326712],[28.745905,41.326674],[28.744789,41.326625],[28.744137,41.326587],[28.743769,41.326541],[28.743501,41.326424],[28.743155,41.326261],[28.742917,41.326146],[28.742496,41.326025],[28.742128,41.325979],[28.741782,41.325979],[28.741447,41.326003],[28.740264,41.326267],[28.739545,41.326468],[28.738896,41.326625],[28.738056,41.326797],[28.737153,41.327006],[28.736595,41.327163],[28.736152,41.327252],[28.735895,41.327292],[28.735594,41.327334],[28.735305,41.327348],[28.735015,41.327316],[28.7348,41.32729],[28.734599,41.327253]]]},"properties":{"hucre_kodu":"BZ-015","ilce":"Arnavutköy","alan_km2":43.45,"yogunluk_puani":0,"komsular":["BZ-111","BZ-184","BZ-009","BZ-012"]}},{"type":"Feature","geometry":{"type":"Polygon","coordinates":[[[28.791446,41.16423],[28.794836,41.137281],[28.82919,41.122108],[28.835207,41.169951],[28.814026,41.185989],[28.791446,41.16423]]]},"properties":{"hucre_kodu":"BZ-016","ilce":"Arnavutköy","alan_km2":17.57,"yogunluk_puani":3,"komsular":["BZ-056","BZ-217","BZ-111","BZ-014","BZ-055"]}},{"type":"Feature","geometry":{"type":"Polygon","coordinates":[[[29.074827,40.985521],[29.080779,40.982366],[29.09609,40.982366],[29.096928,40.984587],[29.090139,41.002578],[29.08504,41.007083],[29.074827,41.00167],[29.074827,40.985521]]]},"properties":{"hucre_kodu":"BZ-017","ilce":"Ataşehir","alan_km2":3.79,"yogunluk_puani":10,"komsular":["BZ-245","BZ-132","BZ-133","BZ-135","BZ-020","BZ-018","BZ-230"]}},{"type":"Feature","geometry":{"type":"Polygon","coordinates":[[[29.090139,41.002578],[29.096928,40.984587],[29.110555,40.996624],[29.10756,41.002578],[29.090139,41.002578]]]},"properties":{"hucre_kodu":"BZ-018","ilce":"Ataşehir","alan_km2":2.01,"yogunluk_puani":24,"komsular":["BZ-230","BZ-017","BZ-020","BZ-232"]}},{"type":"Feature","geometry":{"type":"Polygon","coordinates":[[[29.094349,40.963693],[29.105187,40.954119],[29.113925,40.959909],[29.108055,40.975465],[29.098137,40.97875],[29.094349,40.963693]]]},"properties":{"hucre_kodu":"BZ-019","ilce":"Ataşehir","alan_km2":2.76,"yogunluk_puani":28,"komsular":["BZ-020","BZ-135","BZ-136","BZ-156","BZ-021"]}},{"type":"Feature","geometry":{"type":"Polygon","coordinates":[[[29.09609,40.982366],[29.098137,40.97875],[29.108055,40.975465],[29.122099,40.981668],[29.110875,40.99654],[29.110555,40.996624],[29.096928,40.984587],[29.09609,40.982366]]]},"properties":{"hucre_kodu":"BZ-020","ilce":"Ataşehir","alan_km2":2.83,"yogunluk_puani":19,"komsular":["BZ-017","BZ-135","BZ-019","BZ-021","BZ-022","BZ-232","BZ-018"]}},{"type":"Feature","geometry":{"type":"Polygon","coordinates":[[[29.108055,40.975465],[29.113925,40.959909],[29.125414,40.959909],[29.125414,40.980789],[29.122099,40.981668],[29.108055,40.975465]]]},"properties":{"hucre_kodu":"BZ-021","ilce":"Ataşehir","alan_km2":2.68,"yogunluk_puani":9,"komsular":["BZ-020","BZ-019","BZ-156","BZ-160","BZ-022"]}},{"type":"Feature","geometry":{"type":"Polygon","coordinates":[[[29.110875,40.99654],[29.122099,40.981668],[29.125414,40.980789],[29.136864,40.986858],[29.124887,41.002728],[29.110875,40.99654]]]},"properties":{"hucre_kodu":"BZ-022","ilce":"Ataşehir","alan_km2":2.83,"yogunluk_puani":37,"komsular":["BZ-234","BZ-232","BZ-020","BZ-021","BZ-160"]}},{"type":"Feature","geometry":{"type":"Polygon","coordinates":[[[29.141159,40.986858],[29.153923,40.969945],[29.167073,40.972123],[29.167073,40.993595],[29.165552,40.996619],[29.149663,41.001883],[29.141159,40.986858]]]},"properties":{"hucre_kodu":"BZ-023","ilce":"Ataşehir","alan_km2":5.51,"yogunluk_puani":6,"komsular":["BZ-234","BZ-160","BZ-165","BZ-024","BZ-237","BZ-235"]}},{"type":"Feature","geometry":{"type":"Polygon","coordinates":[[[29.167073,40.972123],[29.191827,40.963924],[29.184363,40.993595],[29.167073,40.993595],[29.167073,40.972123]]]},"properties":{"hucre_kodu":"BZ-024","ilce":"Ataşehir","alan_km2":4.88,"yogunluk_puani":2,"komsular":["BZ-237","BZ-023","BZ-165","BZ-176"]}},{"type":"Feature","geometry":{"type":"Polygon","coordinates":[[[28.669385,40.98486],[28.676236,40.964888],[28.676138,40.965947],[28.677547,40.966023],[28.677565,40.965924],[28.677813,40.96591],[28.677985,40.964095],[28.678111,40.962761],[28.678414,40.962802],[28.677944,40.967695],[28.678408,40.967735],[28.678398,40.967882],[28.678583,40.967902],[28.678619,40.967711],[28.678973,40.967723],[28.679084,40.966595],[28.679554,40.966623],[28.679876,40.963314],[28.680304,40.96335],[28.679997,40.966491],[28.680328,40.966505],[28.680293,40.966583],[28.680594,40.966535],[28.681201,40.966555],[28.681502,40.966591],[28.681925,40.962927],[28.682326,40.962963],[28.681919,40.966722],[28.683741,40.966814],[28.684103,40.963094],[28.68448,40.963592],[28.684477,40.963629],[28.684515,40.963639],[28.684698,40.963881],[28.684631,40.964325],[28.685086,40.964517],[28.684795,40.967503],[28.684723,40.968223],[28.684754,40.968761],[28.685027,40.968829],[28.685444,40.968859],[28.685695,40.968811],[28.685706,40.968619],[28.686566,40.968703],[28.686709,40.968548],[28.686852,40.968582],[28.686846,40.968827],[28.686941,40.969194],[28.686841,40.969476],[28.686889,40.969728],[28.686888,40.970007],[28.687025,40.970163],[28.687367,40.970286],[28.68767,40.970394],[28.688051,40.970533],[28.688506,40.97064],[28.689412,40.970769],[28.689743,40.971001],[28.690112,40.971658],[28.690187,40.971735],[28.690326,40.9718],[28.690816,40.971988],[28.717293,41.00707],[28.673158,41.00707],[28.673103,41.007028],[28.669385,40.98486]]]},"properties":{"hucre_kodu":"BZ-025","ilce":"Avcılar","alan_km2":11.4,"yogunluk_puani":24,"komsular":["BZ-029","BZ-026","BZ-109","BZ-079","BZ-078"]}},{"type":"Feature","geometry":{"type":"Polygon","coordinates":[[[28.673158,41.00707],[28.717293,41.00707],[28.733576,41.020015],[28.729997,41.030446],[28.706503,41.036106],[28.693681,41.028825],[28.673158,41.00707]]]},"properties":{"hucre_kodu":"BZ-026","ilce":"Avcılar","alan_km2":10.51,"yogunluk_puani":6,"komsular":["BZ-148","BZ-027","BZ-110","BZ-109","BZ-025","BZ-029"]}},{"type":"Feature","geometry":{"type":"Polygon","coordinates":[[[28.69281,41.067706],[28.694227,41.056438],[28.706503,41.036106],[28.729997,41.030446],[28.736315,41.043002],[28.736819,41.046005],[28.735526,41.051999],[28.717745,41.067706],[28.69281,41.067706]]]},"properties":{"hucre_kodu":"BZ-027","ilce":"Avcılar","alan_km2":10.51,"yogunluk_puani":9,"komsular":["BZ-051","BZ-050","BZ-028","BZ-108","BZ-110","BZ-026","BZ-148","BZ-147"]}},{"type":"Feature","geometry":{"type":"Polygon","coordinates":[[[28.690492,41.072312],[28.69281,41.067706],[28.717745,41.067706],[28.717745,41.111692],[28.715364,41.1137],[28.692505,41.090984],[28.690492,41.072312]]]},"properties":{"hucre_kodu":"BZ-028","ilce":"Avcılar","alan_km2":8.62,"yogunluk_puani":3,"komsular":["BZ-027","BZ-050","BZ-052","BZ-008","BZ-049","BZ-108"]}},{"type":"Feature","geometry":{"type":"MultiPolygon","coordinates":[[[[28.684103,40.963094],[28.684179,40.962323],[28.684589,40.962351],[28.684497,40.963331],[28.68448,40.963592],[28.684103,40.963094]]],[[[28.684515,40.963639],[28.684725,40.963698],[28.684698,40.963881],[28.684515,40.963639]]],[[[28.690816,40.971988],[28.690852,40.972002],[28.691302,40.972124],[28.691785,40.972237],[28.692172,40.972286],[28.69274,40.972326],[28.693287,40.972326],[28.693684,40.972277],[28.693931,40.972293],[28.694124,40.972358],[28.694295,40.972372],[28.694465,40.972387],[28.69472,40.972312],[28.694897,40.972302],[28.695025,40.972277],[28.695058,40.972213],[28.695154,40.970892],[28.695229,40.9709],[28.695133,40.972229],[28.695229,40.972253],[28.695229,40.972383],[28.695251,40.972456],[28.696678,40.97312],[28.696763,40.973209],[28.696818,40.973291],[28.697269,40.973393],[28.697883,40.973478],[28.69884,40.973533],[28.699241,40.973533],[28.699485,40.973524],[28.699505,40.97332],[28.699467,40.97332],[28.699489,40.97299],[28.699639,40.972998],[28.699617,40.973323],[28.699564,40.973323],[28.699542,40.973744],[28.700415,40.973692],[28.701151,40.973692],[28.701595,40.973674],[28.701975,40.973669],[28.702489,40.973658],[28.702729,40.973638],[28.702664,40.973574],[28.703061,40.97346],[28.703458,40.973436],[28.703705,40.973452],[28.703995,40.973493],[28.704418,40.973477],[28.704768,40.973452],[28.705374,40.973373],[28.705376,40.973277],[28.705437,40.97326],[28.705469,40.973279],[28.705475,40.973343],[28.706219,40.973199],[28.70715,40.973108],[28.707948,40.972959],[28.708388,40.972871],[28.708702,40.972741],[28.708816,40.972642],[28.708777,40.972616],[28.70882,40.972576],[28.709052,40.972621],[28.70925,40.97261],[28.70946,40.972546],[28.709588,40.972456],[28.709803,40.972378],[28.710037,40.972364],[28.710264,40.9724],[28.710415,40.972446],[28.710494,40.972516],[28.710552,40.972605],[28.710686,40.972675],[28.710737,40.972746],[28.710873,40.972799],[28.711009,40.97282],[28.711286,40.972816],[28.711672,40.97277],[28.712173,40.972692],[28.712226,40.972651],[28.712248,40.972554],[28.712323,40.972522],[28.712806,40.972408],[28.712956,40.972368],[28.713106,40.972392],[28.71331,40.972352],[28.713546,40.972327],[28.713739,40.972271],[28.713835,40.972206],[28.713835,40.97176],[28.7139,40.971687],[28.713911,40.971639],[28.713868,40.971566],[28.713986,40.971096],[28.714104,40.970894],[28.714629,40.97044],[28.714804,40.970403],[28.715616,40.970132],[28.716454,40.969903],[28.716634,40.969795],[28.717215,40.969573],[28.71796,40.969229],[28.718072,40.969236],[28.718143,40.969266],[28.718188,40.969323],[28.718179,40.969384],[28.718154,40.96944],[28.718131,40.969464],[28.718001,40.969492],[28.717472,40.969671],[28.717141,40.969808],[28.716992,40.969916],[28.716927,40.970164],[28.716796,40.970152],[28.716642,40.97018],[28.716358,40.970276],[28.71635,40.97029],[28.715015,40.970589],[28.714576,40.971007],[28.714685,40.971504],[28.714924,40.971703],[28.715396,40.971891],[28.715959,40.971704],[28.71686,40.971392],[28.716888,40.971366],[28.716879,40.971324],[28.716679,40.970877],[28.716636,40.970731],[28.716657,40.970642],[28.7167,40.970586],[28.716797,40.970577],[28.716882,40.970626],[28.716947,40.970707],[28.717204,40.971201],[28.717174,40.971224],[28.717255,40.971294],[28.717707,40.971134],[28.717731,40.971039],[28.717745,40.970999],[28.717916,40.970948],[28.717711,40.970604],[28.717757,40.97059],[28.717802,40.970575],[28.718,40.97092],[28.718195,40.970867],[28.718235,40.970915],[28.718323,40.970963],[28.718435,40.970975],[28.719366,40.97076],[28.719451,40.970607],[28.719456,40.970538],[28.719371,40.970209],[28.719296,40.970035],[28.719093,40.969638],[28.719093,40.969581],[28.719178,40.969546],[28.719285,40.969504],[28.719459,40.969432],[28.719833,40.969312],[28.720516,40.969271],[28.721305,40.969216],[28.722111,40.969147],[28.72299,40.969083],[28.725038,40.968936],[28.725479,40.969035],[28.725685,40.969246],[28.725639,40.969514],[28.725453,40.969736],[28.725299,40.969819],[28.725172,40.969834],[28.724975,40.969834],[28.724768,40.970191],[28.724598,40.970489],[28.724643,40.970577],[28.724782,40.97065],[28.724894,40.970712],[28.724991,40.970759],[28.725148,40.970874],[28.725659,40.971112],[28.725797,40.971154],[28.725969,40.9712],[28.726323,40.971288],[28.726698,40.971383],[28.72717,40.971483],[28.727241,40.971497],[28.727459,40.971515],[28.727869,40.971525],[28.728244,40.971558],[28.72857,40.971579],[28.728868,40.971594],[28.729701,40.971625],[28.729972,40.971623],[28.730529,40.971614],[28.730855,40.971609],[28.731185,40.971618],[28.731509,40.97162],[28.731691,40.971594],[28.731785,40.971617],[28.732009,40.971633],[28.732148,40.971655],[28.732201,40.971639],[28.732428,40.971665],[28.732755,40.971658],[28.73285,40.971677],[28.733273,40.971629],[28.733628,40.971611],[28.733882,40.971591],[28.734252,40.971525],[28.734691,40.971496],[28.734735,40.971493],[28.735288,40.971389],[28.735846,40.97124],[28.736302,40.971168],[28.736374,40.971107],[28.73657,40.970942],[28.736951,40.970521],[28.737469,40.970022],[28.737747,40.969887],[28.738025,40.969854],[28.738334,40.969988],[28.738445,40.970141],[28.738506,40.970562],[28.738561,40.97067],[28.738728,40.970703],[28.739969,40.970691],[28.740163,40.970665],[28.740259,40.970583],[28.740521,40.970347],[28.741191,40.970262],[28.74165,40.970504],[28.743023,40.971838],[28.743343,40.97274],[28.743766,40.973724],[28.743892,40.974014],[28.744172,40.974181],[28.744379,40.974119],[28.744547,40.974133],[28.744597,40.974307],[28.74447,40.974438],[28.744393,40.974595],[28.744454,40.97472],[28.745565,40.975341],[28.745824,40.975181],[28.746007,40.975203],[28.746087,40.975305],[28.745966,40.975503],[28.746304,40.975598],[28.746688,40.975672],[28.74701,40.975753],[28.747342,40.975858],[28.747682,40.975974],[28.748183,40.976136],[28.748541,40.976239],[28.748866,40.976384],[28.749238,40.976557],[28.749569,40.976808],[28.749851,40.97697],[28.749985,40.97721],[28.750203,40.977398],[28.750438,40.977528],[28.75059,40.977724],[28.750994,40.97806],[28.751348,40.978263],[28.751549,40.978548],[28.751781,40.97891],[28.751982,40.979194],[28.752215,40.97934],[28.752297,40.979391],[28.75224,40.979579],[28.75234,40.979762],[28.752822,40.979943],[28.753158,40.980026],[28.753453,40.980022],[28.753453,40.993559],[28.746987,41.005799],[28.733576,41.020015],[28.717293,41.00707],[28.690816,40.971988]]]]},"properties":{"hucre_kodu":"BZ-029","ilce":"Avcılar","alan_km2":17.18,"yogunluk_puani":5,"komsular":["BZ-150","BZ-148","BZ-026","BZ-025","BZ-078","BZ-046","BZ-045","BZ-152"]}},{"type":"Feature","geometry":{"type":"Polygon","coordinates":[[[28.800512,41.036722],[28.803426,41.027069],[28.807731,41.02279],[28.823175,41.02279],[28.825717,41.029528],[28.818504,41.048642],[28.800512,41.036722]]]},"properties":{"hucre_kodu":"BZ-030","ilce":"Bağcılar","alan_km2":4.03,"yogunluk_puani":6,"komsular":["BZ-038","BZ-032","BZ-031","BZ-154","BZ-151","BZ-155"]}},{"type":"Feature","geometry":{"type":"Polygon","coordinates":[[[28.818504,41.048642],[28.825717,41.029528],[28.836772,41.029528],[28.836772,41.040757],[28.822241,41.053593],[28.818504,41.048642]]]},"properties":{"hucre_kodu":"BZ-031","ilce":"Bağcılar","alan_km2":2.51,"yogunluk_puani":17,"komsular":["BZ-032","BZ-034","BZ-033","BZ-154","BZ-030"]}},{"type":"Feature","geometry":{"type":"Polygon","coordinates":[[[28.823175,41.02279],[28.830595,41.012959],[28.840891,41.015687],[28.843,41.021276],[28.836772,41.029528],[28.825717,41.029528],[28.823175,41.02279]]]},"properties":{"hucre_kodu":"BZ-032","ilce":"Bağcılar","alan_km2":2.17,"yogunluk_puani":35,"komsular":["BZ-034","BZ-031","BZ-030","BZ-038","BZ-041","BZ-042"]}},{"type":"Feature","geometry":{"type":"Polygon","coordinates":[[[28.822241,41.053593],[28.836772,41.040757],[28.852065,41.040757],[28.855455,41.043002],[28.827845,41.079585],[28.822241,41.053593]]]},"properties":{"hucre_kodu":"BZ-033","ilce":"Bağcılar","alan_km2":5.75,"yogunluk_puani":28,"komsular":["BZ-035","BZ-036","BZ-154","BZ-031","BZ-034"]}},{"type":"Feature","geometry":{"type":"Polygon","coordinates":[[[28.836772,41.029528],[28.843,41.021276],[28.845285,41.02279],[28.852065,41.040757],[28.836772,41.040757],[28.836772,41.029528]]]},"properties":{"hucre_kodu":"BZ-034","ilce":"Bağcılar","alan_km2":1.86,"yogunluk_puani":25,"komsular":["BZ-035","BZ-033","BZ-031","BZ-032","BZ-042"]}},{"type":"Feature","geometry":{"type":"Polygon","coordinates":[[[28.845285,41.02279],[28.863554,41.02279],[28.863554,41.041522],[28.862716,41.043002],[28.855455,41.043002],[28.852065,41.040757],[28.845285,41.02279]]]},"properties":{"hucre_kodu":"BZ-035","ilce":"Bağcılar","alan_km2":2.7,"yogunluk_puani":22,"komsular":["BZ-103","BZ-036","BZ-033","BZ-034","BZ-042","BZ-037"]}},{"type":"Feature","geometry":{"type":"Polygon","coordinates":[[[28.827845,41.079585],[28.855455,41.043002],[28.862716,41.043002],[28.863554,41.044483],[28.863554,41.075813],[28.827845,41.08107],[28.827845,41.079585]]]},"properties":{"hucre_kodu":"BZ-036","ilce":"Bağcılar","alan_km2":7.11,"yogunluk_puani":15,"komsular":["BZ-103","BZ-102","BZ-219","BZ-154","BZ-033","BZ-035"]}},{"type":"Feature","geometry":{"type":"Polygon","coordinates":[[[28.863554,41.02279],[28.865248,41.020545],[28.881408,41.020545],[28.882325,41.021456],[28.876993,41.035586],[28.863554,41.041522],[28.863554,41.02279]]]},"properties":{"hucre_kodu":"BZ-037","ilce":"Bağcılar","alan_km2":2.64,"yogunluk_puani":20,"komsular":["BZ-104","BZ-103","BZ-035","BZ-042","BZ-127","BZ-128"]}},{"type":"Feature","geometry":{"type":"Polygon","coordinates":[[[28.807731,41.02279],[28.812854,41.002429],[28.825096,41.005673],[28.830595,41.012959],[28.823175,41.02279],[28.807731,41.02279]]]},"properties":{"hucre_kodu":"BZ-038","ilce":"Bahçelievler","alan_km2":2.99,"yogunluk_puani":4,"komsular":["BZ-032","BZ-030","BZ-155","BZ-039","BZ-041"]}},{"type":"Feature","geometry":{"type":"Polygon","coordinates":[[[28.806658,40.994219],[28.813054,40.980095],[28.829434,40.973894],[28.830821,40.976344],[28.830821,40.998087],[28.825096,41.005673],[28.812854,41.002429],[28.806658,40.994219]]]},"properties":{"hucre_kodu":"BZ-039","ilce":"Bahçelievler","alan_km2":5.08,"yogunluk_puani":4,"komsular":["BZ-041","BZ-038","BZ-155","BZ-045","BZ-046","BZ-047","BZ-040"]}},{"type":"Feature","geometry":{"type":"Polygon","coordinates":[[[28.830821,40.976344],[28.845699,40.989487],[28.845699,40.998087],[28.830821,40.998087],[28.830821,40.976344]]]},"properties":{"hucre_kodu":"BZ-040","ilce":"Bahçelievler","alan_km2":2.11,"yogunluk_puani":10,"komsular":["BZ-043","BZ-041","BZ-039","BZ-047"]}},{"type":"Feature","geometry":{"type":"Polygon","coordinates":[[[28.825096,41.005673],[28.830821,40.998087],[28.845699,40.998087],[28.849089,41.004824],[28.840891,41.015687],[28.830595,41.012959],[28.825096,41.005673]]]},"properties":{"hucre_kodu":"BZ-041","ilce":"Bahçelievler","alan_km2":2.76,"yogunluk_puani":16,"komsular":["BZ-042","BZ-032","BZ-038","BZ-039","BZ-040","BZ-043"]}},{"type":"Feature","geometry":{"type":"Polygon","coordinates":[[[28.840891,41.015687],[28.849089,41.004824],[28.861294,41.004824],[28.865248,41.020545],[28.863554,41.02279],[28.845285,41.02279],[28.843,41.021276],[28.840891,41.015687]]]},"properties":{"hucre_kodu":"BZ-042","ilce":"Bahçelievler","alan_km2":3.27,"yogunluk_puani":5,"komsular":["BZ-037","BZ-035","BZ-034","BZ-032","BZ-041","BZ-043","BZ-127"]}},{"type":"Feature","geometry":{"type":"Polygon","coordinates":[[[28.845699,40.989487],[28.867584,40.979821],[28.861294,41.004824],[28.849089,41.004824],[28.845699,40.998087],[28.845699,40.989487]]]},"properties":{"hucre_kodu":"BZ-043","ilce":"Bahçelievler","alan_km2":3.29,"yogunluk_puani":4,"komsular":["BZ-047","BZ-044","BZ-042","BZ-041","BZ-040"]}},{"type":"Feature","geometry":{"type":"Polygon","coordinates":[[[28.861294,41.004824],[28.867584,40.979821],[28.870786,40.975578],[28.881684,41.004458],[28.881408,41.004824],[28.861294,41.004824]]]},"properties":{"hucre_kodu":"BZ-044","ilce":"Bahçelievler","alan_km2":3.06,"yogunluk_puani":23,"komsular":["BZ-128","BZ-127","BZ-043","BZ-047","BZ-048"]}},{"type":"Feature","geometry":{"type":"Polygon","coordinates":[[[28.77798,40.975233],[28.778203,40.975088],[28.778557,40.974926],[28.778954,40.974724],[28.779366,40.97451],[28.779548,40.974417],[28.7796,40.974338],[28.7798,40.974232],[28.779962,40.974201],[28.78023,40.974133],[28.780896,40.973857],[28.781411,40.973671],[28.781582,40.973622],[28.781808,40.973703],[28.781936,40.973703],[28.78243,40.973493],[28.782752,40.973266],[28.782957,40.973178],[28.783005,40.97316],[28.783385,40.972999],[28.784093,40.972699],[28.784844,40.972375],[28.785724,40.972043],[28.786185,40.971881],[28.786861,40.971532],[28.787301,40.971354],[28.787687,40.971135],[28.788342,40.970803],[28.789232,40.97035],[28.78979,40.970106],[28.79001,40.96998],[28.790354,40.969803],[28.791222,40.969403],[28.79183,40.969082],[28.792325,40.96882],[28.793019,40.968454],[28.793905,40.968001],[28.794097,40.967755],[28.794474,40.967269],[28.795089,40.966733],[28.796068,40.965919],[28.796904,40.965177],[28.797215,40.964906],[28.79749,40.964764],[28.797582,40.96472],[28.813054,40.980095],[28.806658,40.994219],[28.806642,40.994222],[28.77798,40.975233]]]},"properties":{"hucre_kodu":"BZ-045","ilce":"Bakırköy","alan_km2":4.5,"yogunluk_puani":15,"komsular":["BZ-039","BZ-155","BZ-152","BZ-029","BZ-046"]}},{"type":"Feature","geometry":{"type":"MultiPolygon","coordinates":[[[[28.797582,40.96472],[28.79777,40.96463],[28.797994,40.964485],[28.798131,40.964347],[28.798218,40.964201],[28.798274,40.964075],[28.798427,40.963909],[28.79862,40.963774],[28.799049,40.963566],[28.799592,40.963344],[28.800047,40.96317],[28.800533,40.963045],[28.801197,40.962912],[28.801433,40.96284],[28.802017,40.962613],[28.802348,40.962503],[28.802957,40.962302],[28.803593,40.962097],[28.804068,40.961898],[28.804449,40.961697],[28.804816,40.96151],[28.805205,40.961286],[28.805523,40.961052],[28.805751,40.960827],[28.806077,40.960515],[28.806375,40.960125],[28.806573,40.959925],[28.806789,40.95977],[28.807188,40.959532],[28.807874,40.959182],[28.808526,40.958833],[28.808868,40.958601],[28.809064,40.958419],[28.809156,40.958286],[28.809231,40.958059],[28.809235,40.957681],[28.809179,40.956935],[28.809222,40.95683],[28.809533,40.956652],[28.81022,40.956303],[28.81052,40.956093],[28.810702,40.956004],[28.810853,40.956028],[28.810906,40.956125],[28.810831,40.956198],[28.810456,40.956384],[28.810338,40.956522],[28.810338,40.956627],[28.810391,40.956733],[28.810563,40.956887],[28.810702,40.956968],[28.810949,40.957057],[28.811303,40.957081],[28.811797,40.957057],[28.812247,40.956976],[28.812666,40.956862],[28.812988,40.956684],[28.813213,40.956482],[28.813309,40.956279],[28.813299,40.956085],[28.813224,40.955922],[28.813116,40.955874],[28.812956,40.955866],[28.81287,40.955914],[28.812794,40.955971],[28.812687,40.955963],[28.812601,40.955906],[28.812601,40.955809],[28.812709,40.955736],[28.813481,40.95555],[28.814189,40.955371],[28.814372,40.955339],[28.8145,40.955388],[28.814533,40.955477],[28.814479,40.95555],[28.814372,40.955582],[28.814275,40.955542],[28.814232,40.955631],[28.814264,40.955744],[28.81435,40.955858],[28.814543,40.955947],[28.814747,40.955979],[28.815005,40.956012],[28.815284,40.955995],[28.815552,40.955898],[28.815724,40.955793],[28.815852,40.955647],[28.815874,40.955509],[28.815831,40.955347],[28.81579,40.955293],[28.815788,40.95529],[28.815563,40.955315],[28.81553,40.955185],[28.815584,40.955096],[28.816056,40.954982],[28.816314,40.954982],[28.816496,40.955056],[28.816625,40.955185],[28.816764,40.95529],[28.816914,40.955323],[28.817204,40.955266],[28.817601,40.955234],[28.817998,40.955266],[28.818363,40.955307],[28.818674,40.955307],[28.819017,40.955266],[28.821732,40.954804],[28.822547,40.954642],[28.82288,40.954594],[28.823201,40.954545],[28.823417,40.954529],[28.823578,40.954521],[28.823739,40.954538],[28.824404,40.954764],[28.824898,40.954951],[28.825059,40.954983],[28.825198,40.954991],[28.825295,40.95504],[28.825359,40.955129],[28.825327,40.955242],[28.82523,40.955315],[28.825112,40.955323],[28.824984,40.955307],[28.824876,40.95525],[28.824806,40.955207],[28.823638,40.954773],[28.823455,40.954807],[28.823341,40.954854],[28.822658,40.955009],[28.822688,40.955137],[28.822505,40.95521],[28.822344,40.955218],[28.822151,40.955242],[28.822293,40.955733],[28.822401,40.956104],[28.822655,40.956984],[28.823761,40.957292],[28.823804,40.957203],[28.823932,40.957236],[28.824404,40.956312],[28.824469,40.956215],[28.824487,40.956151],[28.824518,40.956008],[28.824559,40.955966],[28.824627,40.955974],[28.824657,40.956144],[28.824604,40.956341],[28.824319,40.956871],[28.824608,40.957001],[28.824845,40.95709],[28.825209,40.957171],[28.825531,40.957179],[28.825917,40.957147],[28.826283,40.957088],[28.826609,40.956967],[28.826823,40.95684],[28.826995,40.956695],[28.827087,40.956563],[28.827172,40.956401],[28.827194,40.956239],[28.82714,40.956077],[28.826915,40.955753],[28.826421,40.955907],[28.826325,40.95598],[28.826217,40.955988],[28.826121,40.955923],[28.8261,40.955858],[28.826185,40.955785],[28.826271,40.955785],[28.826432,40.955737],[28.827745,40.955278],[28.827949,40.955256],[28.827997,40.955298],[28.827997,40.955347],[28.827944,40.955396],[28.82774,40.955444],[28.827622,40.955485],[28.8276,40.955598],[28.827643,40.955744],[28.827761,40.955849],[28.827949,40.955959],[28.828196,40.956028],[28.828441,40.956043],[28.828802,40.95601],[28.8291,40.955907],[28.829337,40.955802],[28.829505,40.955681],[28.82966,40.955528],[28.829756,40.955333],[28.829753,40.955162],[28.82967,40.955019],[28.829538,40.954977],[28.829357,40.955015],[28.829199,40.955054],[28.829092,40.955007],[28.829017,40.954914],[28.829038,40.954868],[28.829124,40.954829],[28.829843,40.954667],[28.830014,40.954667],[28.830164,40.954723],[28.83025,40.954788],[28.831495,40.955331],[28.832965,40.956028],[28.834372,40.956644],[28.834587,40.956712],[28.834656,40.956717],[28.835321,40.956288],[28.83546,40.956181],[28.835584,40.956142],[28.835691,40.956154],[28.835763,40.956228],[28.835751,40.956285],[28.835689,40.956331],[28.835576,40.95636],[28.834796,40.956834],[28.834868,40.956992],[28.834994,40.957228],[28.835166,40.957381],[28.835402,40.957503],[28.835681,40.957608],[28.835949,40.957665],[28.836314,40.957722],[28.836743,40.957738],[28.837054,40.957738],[28.837354,40.957698],[28.837595,40.957642],[28.837614,40.957636],[28.829434,40.973894],[28.813054,40.980095],[28.797582,40.96472]]],[[[28.837655,40.956733],[28.83774,40.956685],[28.838051,40.956769],[28.837976,40.956916],[28.837869,40.956895],[28.837719,40.956879],[28.837655,40.956822],[28.837655,40.956733]]]]},"properties":{"hucre_kodu":"BZ-046","ilce":"Bakırköy","alan_km2":5.69,"yogunluk_puani":2,"komsular":["BZ-246","BZ-047","BZ-039","BZ-045","BZ-029","BZ-001"]}},{"type":"Feature","geometry":{"type":"Polygon","coordinates":[[[28.829434,40.973894],[28.837614,40.957636],[28.837805,40.957576],[28.837977,40.957527],[28.838137,40.95739],[28.838213,40.957236],[28.838245,40.95709],[28.838213,40.956968],[28.838116,40.956944],[28.837976,40.956916],[28.838051,40.956769],[28.83876,40.95696],[28.838867,40.957033],[28.838953,40.957155],[28.839011,40.957335],[28.839102,40.957783],[28.839208,40.958132],[28.839328,40.958331],[28.839414,40.958386],[28.839758,40.958686],[28.840096,40.959017],[28.840133,40.959059],[28.84038,40.959342],[28.840659,40.959715],[28.841002,40.960225],[28.841442,40.960914],[28.841624,40.960979],[28.841764,40.961019],[28.841882,40.961125],[28.842011,40.961117],[28.843229,40.962963],[28.843186,40.962981],[28.84352,40.963482],[28.843448,40.963523],[28.8437,40.963857],[28.843775,40.963986],[28.843748,40.964138],[28.843681,40.964241],[28.84392,40.964706],[28.844017,40.964831],[28.844261,40.965147],[28.844415,40.96542],[28.84437,40.965469],[28.84447,40.965603],[28.844709,40.965969],[28.844975,40.966145],[28.845148,40.966338],[28.845374,40.966661],[28.84625,40.966862],[28.846243,40.966923],[28.845763,40.966828],[28.845742,40.966942],[28.845538,40.967166],[28.845473,40.967357],[28.845487,40.967452],[28.845415,40.96756],[28.845192,40.967658],[28.845071,40.9678],[28.845211,40.968746],[28.845385,40.968985],[28.845592,40.969174],[28.845846,40.96943],[28.846094,40.969688],[28.846222,40.969874],[28.846345,40.970059],[28.846564,40.970359],[28.846866,40.970655],[28.847126,40.970785],[28.847452,40.970963],[28.847606,40.971071],[28.847905,40.97124],[28.84862,40.971457],[28.848914,40.971469],[28.849519,40.970973],[28.849833,40.970752],[28.851056,40.96976],[28.85101,40.969699],[28.851077,40.969594],[28.851144,40.969537],[28.851257,40.969504],[28.851407,40.969551],[28.851453,40.969673],[28.851396,40.969766],[28.848875,40.971791],[28.848985,40.971884],[28.848994,40.97189],[28.8491,40.971967],[28.851651,40.970003],[28.85174,40.96995],[28.851836,40.969991],[28.851927,40.9701],[28.851874,40.970193],[28.851764,40.970238],[28.851635,40.97024],[28.849389,40.972012],[28.849425,40.972403],[28.849396,40.972536],[28.849409,40.972724],[28.849462,40.972876],[28.849644,40.973112],[28.850011,40.973356],[28.850464,40.973673],[28.850754,40.973872],[28.850967,40.973998],[28.85137,40.974182],[28.851557,40.974268],[28.851804,40.974339],[28.851917,40.974387],[28.852008,40.97443],[28.852255,40.974478],[28.85234,40.974462],[28.852405,40.974413],[28.852662,40.974462],[28.85277,40.974462],[28.852866,40.974446],[28.853483,40.974559],[28.853708,40.974555],[28.853907,40.974515],[28.854052,40.974418],[28.854347,40.974446],[28.854561,40.974434],[28.854738,40.974373],[28.855012,40.974235],[28.855197,40.974168],[28.855433,40.974126],[28.855742,40.974102],[28.856804,40.974089],[28.856983,40.974102],[28.85713,40.974128],[28.857203,40.974161],[28.857598,40.974162],[28.858064,40.97415],[28.858231,40.974122],[28.85851,40.974073],[28.85875,40.974064],[28.858747,40.973794],[28.858776,40.973731],[28.858811,40.973682],[28.85894,40.973686],[28.85896,40.973706],[28.858978,40.973745],[28.858916,40.97378],[28.858855,40.973811],[28.858869,40.974067],[28.85915,40.974083],[28.859491,40.974114],[28.859647,40.974138],[28.859668,40.974243],[28.859743,40.97426],[28.860494,40.974227],[28.860644,40.974195],[28.860757,40.974205],[28.861192,40.974179],[28.861256,40.974211],[28.861822,40.974166],[28.863227,40.973991],[28.864638,40.973825],[28.865707,40.973646],[28.865857,40.973557],[28.865877,40.972943],[28.865821,40.970979],[28.865905,40.969282],[28.865868,40.968232],[28.865937,40.968034],[28.866046,40.967836],[28.866305,40.967561],[28.86661,40.96741],[28.867024,40.967273],[28.87389,40.967353],[28.873842,40.967478],[28.867086,40.967448],[28.866749,40.967547],[28.866467,40.967686],[28.866253,40.967924],[28.866121,40.968264],[28.866201,40.969507],[28.868094,40.969518],[28.868771,40.969522],[28.868773,40.969756],[28.869279,40.969766],[28.870458,40.969789],[28.871654,40.969813],[28.872767,40.969835],[28.872905,40.969745],[28.872948,40.968697],[28.873329,40.96871],[28.873377,40.968712],[28.870786,40.975578],[28.867584,40.979821],[28.845699,40.989487],[28.830821,40.976344],[28.829434,40.973894]]]},"properties":{"hucre_kodu":"BZ-047","ilce":"Bakırköy","alan_km2":5.52,"yogunluk_puani":16,"komsular":["BZ-044","BZ-043","BZ-040","BZ-039","BZ-046","BZ-246","BZ-048"]}},{"type":"Feature","geometry":{"type":"MultiPolygon","coordinates":[[[[28.870786,40.975578],[28.873377,40.968712],[28.874414,40.968749],[28.874629,40.968756],[28.874847,40.968746],[28.87498,40.968758],[28.875282,40.969158],[28.875219,40.969114],[28.874987,40.969057],[28.874783,40.969038],[28.87456,40.969074],[28.874375,40.969182],[28.873037,40.970171],[28.873471,40.970476],[28.873882,40.970792],[28.874298,40.971103],[28.874656,40.971358],[28.874978,40.971613],[28.875322,40.971869],[28.875735,40.972182],[28.876253,40.972569],[28.877261,40.971781],[28.877981,40.972735],[28.877958,40.972752],[28.878038,40.97281],[28.878129,40.972931],[28.878041,40.972998],[28.878363,40.973241],[28.878404,40.973295],[28.878383,40.973311],[28.878349,40.973336],[28.877978,40.973057],[28.87751,40.973443],[28.876886,40.973466],[28.87668,40.974056],[28.876787,40.974104],[28.876727,40.974142],[28.876825,40.974209],[28.877224,40.974337],[28.877838,40.974534],[28.87797,40.974508],[28.878034,40.974496],[28.878058,40.974393],[28.878092,40.974291],[28.878087,40.974098],[28.877845,40.973824],[28.877886,40.973733],[28.877952,40.973701],[28.878471,40.974156],[28.878795,40.974242],[28.879216,40.974371],[28.89331,40.993047],[28.89331,41.000607],[28.881684,41.004458],[28.870786,40.975578]]],[[[28.873842,40.967478],[28.87389,40.967353],[28.87392,40.967353],[28.874014,40.967479],[28.873842,40.967478]]]]},"properties":{"hucre_kodu":"BZ-048","ilce":"Bakırköy","alan_km2":3.59,"yogunluk_puani":9,"komsular":["BZ-247","BZ-128","BZ-044","BZ-047","BZ-246"]}},{"type":"Feature","geometry":{"type":"Polygon","coordinates":[[[28.635735,41.090164],[28.648011,41.06414],[28.655175,41.062953],[28.690492,41.072312],[28.692505,41.090984],[28.647229,41.099554],[28.643819,41.098733],[28.635735,41.090164]]]},"properties":{"hucre_kodu":"BZ-049","ilce":"Başakşehir","alan_km2":13.65,"yogunluk_puani":3,"komsular":["BZ-028","BZ-008","BZ-007","BZ-006","BZ-088","BZ-107","BZ-108"]}},{"type":"Feature","geometry":{"type":"Polygon","coordinates":[[[28.717745,41.067706],[28.735526,41.051999],[28.742304,41.096901],[28.717745,41.111692],[28.717745,41.067706]]]},"properties":{"hucre_kodu":"BZ-050","ilce":"Başakşehir","alan_km2":9.28,"yogunluk_puani":1,"komsular":["BZ-027","BZ-051","BZ-052","BZ-028"]}},{"type":"Feature","geometry":{"type":"Polygon","coordinates":[[[28.735526,41.051999],[28.736819,41.046005],[28.760942,41.061987],[28.768595,41.09241],[28.756166,41.096901],[28.742304,41.096901],[28.735526,41.051999]]]},"properties":{"hucre_kodu":"BZ-051","ilce":"Başakşehir","alan_km2":9.98,"yogunluk_puani":4,"komsular":["BZ-053","BZ-054","BZ-052","BZ-050","BZ-027","BZ-147"]}},{"type":"Feature","geometry":{"type":"Polygon","coordinates":[[[28.709687,41.146296],[28.715364,41.1137],[28.717745,41.111692],[28.742304,41.096901],[28.756166,41.096901],[28.764588,41.130378],[28.756625,41.151479],[28.709687,41.146296]]]},"properties":{"hucre_kodu":"BZ-052","ilce":"Başakşehir","alan_km2":20.97,"yogunluk_puani":4,"komsular":["BZ-051","BZ-054","BZ-055","BZ-011","BZ-008","BZ-028","BZ-050"]}},{"type":"Feature","geometry":{"type":"Polygon","coordinates":[[[28.760942,41.061987],[28.771307,41.057409],[28.787235,41.064443],[28.795234,41.090942],[28.792834,41.09241],[28.768595,41.09241],[28.760942,41.061987]]]},"properties":{"hucre_kodu":"BZ-053","ilce":"Başakşehir","alan_km2":7.86,"yogunluk_puani":1,"komsular":["BZ-154","BZ-056","BZ-054","BZ-051","BZ-147","BZ-149"]}},{"type":"Feature","geometry":{"type":"Polygon","coordinates":[[[28.756166,41.096901],[28.768595,41.09241],[28.792834,41.09241],[28.789438,41.119403],[28.764588,41.130378],[28.756166,41.096901]]]},"properties":{"hucre_kodu":"BZ-054","ilce":"Başakşehir","alan_km2":9.39,"yogunluk_puani":17,"komsular":["BZ-056","BZ-055","BZ-052","BZ-051","BZ-053"]}},{"type":"Feature","geometry":{"type":"Polygon","coordinates":[[[28.756625,41.151479],[28.764588,41.130378],[28.789438,41.119403],[28.794836,41.137281],[28.791446,41.16423],[28.768086,41.159072],[28.756625,41.151479]]]},"properties":{"hucre_kodu":"BZ-055","ilce":"Başakşehir","alan_km2":10.74,"yogunluk_puani":8,"komsular":["BZ-054","BZ-056","BZ-016","BZ-014","BZ-011","BZ-052"]}},{"type":"Feature","geometry":{"type":"Polygon","coordinates":[[[28.789438,41.119403],[28.792834,41.09241],[28.795234,41.090942],[28.822794,41.088507],[28.830407,41.103638],[28.831896,41.109557],[28.82919,41.122108],[28.794836,41.137281],[28.789438,41.119403]]]},"properties":{"hucre_kodu":"BZ-056","ilce":"Başakşehir","alan_km2":14.21,"yogunluk_puani":6,"komsular":["BZ-217","BZ-016","BZ-055","BZ-054","BZ-053","BZ-154","BZ-219","BZ-218"]}},{"type":"Feature","geometry":{"type":"Polygon","coordinates":[[[28.890335,41.029528],[28.90478,41.029528],[28.898848,41.045248],[28.892774,41.049272],[28.890335,41.044425],[28.890335,41.029528]]]},"properties":{"hucre_kodu":"BZ-057","ilce":"Bayrampaşa","alan_km2":1.84,"yogunluk_puani":19,"komsular":["BZ-105","BZ-058","BZ-059","BZ-103","BZ-104"]}},{"type":"Feature","geometry":{"type":"Polygon","coordinates":[[[28.898848,41.045248],[28.90478,41.029528],[28.908791,41.025984],[28.921457,41.034375],[28.915986,41.045248],[28.898848,41.045248]]]},"properties":{"hucre_kodu":"BZ-058","ilce":"Bayrampaşa","alan_km2":2.6,"yogunluk_puani":16,"komsular":["BZ-115","BZ-059","BZ-057","BZ-105","BZ-250"]}},{"type":"Feature","geometry":{"type":"Polygon","coordinates":[[[28.890612,41.056433],[28.892774,41.049272],[28.898848,41.045248],[28.915986,41.045248],[28.917643,41.051836],[28.9066,41.066468],[28.892272,41.069632],[28.890612,41.056433]]]},"properties":{"hucre_kodu":"BZ-059","ilce":"Bayrampaşa","alan_km2":4.45,"yogunluk_puani":32,"komsular":["BZ-058","BZ-115","BZ-126","BZ-125","BZ-102","BZ-103","BZ-057"]}},{"type":"Feature","geometry":{"type":"Polygon","coordinates":[[[28.984954,41.046546],[28.988966,41.043002],[29.002563,41.043002],[29.004258,41.047494],[29.002563,41.051986],[28.988966,41.051986],[28.985383,41.048821],[28.984954,41.046546]]]},"properties":{"hucre_kodu":"BZ-060","ilce":"Beşiktaş","alan_km2":1.41,"yogunluk_puani":28,"komsular":["BZ-062","BZ-208","BZ-207","BZ-206","BZ-083","BZ-061","BZ-063"]}},{"type":"Feature","geometry":{"type":"Polygon","coordinates":[[[28.988966,41.043002],[28.992991,41.032335],[28.993029,41.032337],[28.992843,41.032735],[28.993398,41.032867],[28.993627,41.03312],[28.994381,41.032615],[28.994601,41.032857],[28.994155,41.033033],[28.993708,41.033209],[28.993937,41.033461],[28.993914,41.033749],[28.99421,41.033763],[28.994507,41.033776],[28.994498,41.033884],[28.994202,41.03387],[28.993905,41.033856],[28.993879,41.03418],[28.993812,41.034399],[28.994391,41.034501],[28.994359,41.034606],[28.99378,41.034505],[28.99374,41.034633],[28.993855,41.03476],[28.993798,41.034998],[28.994245,41.035456],[28.994452,41.035668],[28.995056,41.036238],[28.995023,41.036272],[28.994831,41.036098],[28.994773,41.036138],[28.994748,41.036176],[28.994751,41.036234],[28.994795,41.036371],[28.994867,41.036423],[28.99495,41.036388],[28.995012,41.036406],[28.995139,41.036304],[28.995263,41.036419],[28.995713,41.036646],[28.995651,41.036711],[28.995784,41.036773],[28.996549,41.037143],[28.996709,41.037437],[28.996783,41.037497],[29.002438,41.039114],[29.002809,41.039222],[29.003477,41.039405],[29.003879,41.039517],[29.002563,41.043002],[28.988966,41.043002]]]},"properties":{"hucre_kodu":"BZ-061","ilce":"Beşiktaş","alan_km2":0.74,"yogunluk_puani":4,"komsular":["BZ-240","BZ-063","BZ-060","BZ-083","BZ-082","BZ-239"]}},{"type":"Feature","geometry":{"type":"Polygon","coordinates":[[[29.002563,41.051986],[29.004258,41.047494],[29.021265,41.047494],[29.021265,41.077949],[29.01335,41.080571],[29.002563,41.051986]]]},"properties":{"hucre_kodu":"BZ-062","ilce":"Beşiktaş","alan_km2":4.21,"yogunluk_puani":13,"komsular":["BZ-185","BZ-208","BZ-060","BZ-063","BZ-064"]}},{"type":"Feature","geometry":{"type":"Polygon","coordinates":[[[29.002563,41.043002],[29.003879,41.039517],[29.003943,41.039535],[29.004639,41.039729],[29.005111,41.039859],[29.005166,41.039872],[29.005153,41.039901],[29.005309,41.039977],[29.005389,41.040031],[29.005404,41.040019],[29.005381,41.040001],[29.005481,41.039927],[29.005501,41.039943],[29.005572,41.03989],[29.005705,41.039992],[29.00578,41.04005],[29.005594,41.040188],[29.005555,41.040219],[29.005653,41.040285],[29.006007,41.040571],[29.006134,41.040493],[29.006321,41.040688],[29.006238,41.040751],[29.006315,41.040809],[29.006433,41.040714],[29.006639,41.04087],[29.0072,41.040969],[29.007247,41.040798],[29.007419,41.040825],[29.007584,41.040852],[29.007474,41.041248],[29.00778,41.041312],[29.007994,41.041357],[29.008041,41.041229],[29.008124,41.041246],[29.008274,41.041275],[29.008331,41.041078],[29.009041,41.041214],[29.009069,41.041158],[29.009697,41.041224],[29.010056,41.041298],[29.010617,41.041472],[29.010598,41.041517],[29.010464,41.041492],[29.010402,41.04164],[29.010476,41.041666],[29.010855,41.041796],[29.010966,41.041603],[29.012833,41.042197],[29.012769,41.042305],[29.01294,41.042291],[29.012946,41.042271],[29.012991,41.042267],[29.012997,41.042293],[29.013072,41.042275],[29.016907,41.043499],[29.016867,41.043618],[29.018148,41.044044],[29.018034,41.044274],[29.018127,41.044392],[29.018013,41.044599],[29.018148,41.044652],[29.018281,41.044457],[29.018391,41.044514],[29.018438,41.044473],[29.0185,41.044508],[29.018457,41.044549],[29.019677,41.04521],[29.020915,41.045715],[29.021141,41.045803],[29.021155,41.045778],[29.021813,41.046041],[29.021265,41.047494],[29.004258,41.047494],[29.002563,41.043002]]]},"properties":{"hucre_kodu":"BZ-063","ilce":"Beşiktaş","alan_km2":0.88,"yogunluk_puani":27,"komsular":["BZ-062","BZ-060","BZ-061","BZ-240","BZ-064"]}},{"type":"Feature","geometry":{"type":"MultiPolygon","coordinates":[[[[29.021265,41.047494],[29.021813,41.046041],[29.023483,41.046707],[29.024658,41.047173],[29.024892,41.047257],[29.025171,41.047263],[29.025537,41.047315],[29.025617,41.047371],[29.025639,41.047377],[29.025633,41.047407],[29.026171,41.047465],[29.026815,41.046993],[29.026894,41.046988],[29.027055,41.047076],[29.027353,41.047064],[29.027556,41.047094],[29.027918,41.047432],[29.027784,41.047525],[29.028015,41.047666],[29.028177,41.047801],[29.028584,41.048358],[29.029911,41.048991],[29.030799,41.049347],[29.031107,41.049427],[29.031123,41.049464],[29.031228,41.049484],[29.031252,41.049504],[29.031729,41.049549],[29.032274,41.049633],[29.032336,41.049543],[29.032647,41.049711],[29.032673,41.049692],[29.032799,41.049752],[29.032966,41.049936],[29.032945,41.04996],[29.033302,41.050424],[29.033265,41.050445],[29.033614,41.051017],[29.033763,41.051302],[29.033717,41.051316],[29.034174,41.052228],[29.034412,41.052664],[29.034519,41.052638],[29.03497,41.053724],[29.034897,41.053743],[29.035075,41.054165],[29.035192,41.054147],[29.035638,41.055274],[29.035858,41.05578],[29.035865,41.05581],[29.035966,41.05606],[29.036034,41.057043],[29.036586,41.059498],[29.036713,41.059637],[29.036944,41.059822],[29.037161,41.059694],[29.037289,41.059836],[29.037141,41.059924],[29.037128,41.060092],[29.037571,41.060684],[29.037796,41.060984],[29.038446,41.061379],[29.039275,41.061789],[29.039729,41.062099],[29.040028,41.062387],[29.040153,41.06245],[29.040518,41.062624],[29.040674,41.062753],[29.040786,41.062889],[29.040886,41.063106],[29.040908,41.063212],[29.040924,41.063678],[29.040981,41.064133],[29.041018,41.064329],[29.04117,41.064977],[29.041326,41.065432],[29.041747,41.066073],[29.041891,41.066085],[29.041923,41.066113],[29.042197,41.066356],[29.042349,41.066491],[29.042318,41.066522],[29.042306,41.066583],[29.042271,41.066763],[29.04237,41.066817],[29.0427,41.066996],[29.043113,41.067122],[29.043133,41.067085],[29.04321,41.06694],[29.043243,41.066879],[29.043282,41.066763],[29.043375,41.066781],[29.043539,41.066806],[29.043514,41.066913],[29.043715,41.066943],[29.043761,41.067171],[29.043765,41.067194],[29.044009,41.067246],[29.04431,41.06727],[29.044647,41.067314],[29.044641,41.067361],[29.044763,41.067406],[29.044778,41.067445],[29.045307,41.067536],[29.045414,41.06756],[29.045602,41.067401],[29.045653,41.067429],[29.045883,41.067588],[29.045979,41.067676],[29.046028,41.067726],[29.046331,41.067851],[29.046376,41.067891],[29.046373,41.068039],[29.046365,41.068232],[29.046413,41.068338],[29.046478,41.068656],[29.046485,41.068813],[29.046477,41.069037],[29.046404,41.069347],[29.046317,41.069572],[29.045416,41.07095],[29.045274,41.071182],[29.045259,41.071259],[29.045277,41.071362],[29.045308,41.07142],[29.04508,41.072317],[29.044997,41.072537],[29.044955,41.072667],[29.044816,41.072896],[29.044995,41.072952],[29.044981,41.073038],[29.044937,41.073123],[29.044931,41.073224],[29.044072,41.075001],[29.04408,41.075074],[29.044107,41.075155],[29.0443,41.075379],[29.044274,41.076249],[29.044289,41.076249],[29.044544,41.076257],[29.044555,41.076315],[29.044589,41.076384],[29.04442,41.076388],[29.044436,41.07658],[29.044444,41.076581],[29.044453,41.076668],[29.044439,41.076667],[29.044449,41.076794],[29.044487,41.076808],[29.044402,41.076982],[29.044304,41.076956],[29.0443,41.076967],[29.044366,41.07699],[29.044314,41.077087],[29.044284,41.077084],[29.044215,41.077197],[29.044191,41.077215],[29.044187,41.077233],[29.0442,41.07727],[29.044227,41.077319],[29.044262,41.07734],[29.044293,41.077339],[29.044326,41.077416],[29.04427,41.077429],[29.044338,41.077518],[29.044282,41.077533],[29.044334,41.077607],[29.044331,41.077622],[29.044323,41.077627],[29.044368,41.077667],[29.044378,41.077661],[29.044547,41.077816],[29.04453,41.077824],[29.044543,41.077832],[29.044471,41.077867],[29.044504,41.077884],[29.044587,41.077903],[29.044637,41.077965],[29.04481,41.078076],[29.044813,41.078087],[29.044982,41.078192],[29.045022,41.078126],[29.045103,41.078093],[29.045172,41.07811],[29.045358,41.078127],[29.045371,41.07809],[29.045517,41.078133],[29.045509,41.078147],[29.045728,41.078221],[29.045683,41.078296],[29.045727,41.07838],[29.045759,41.078366],[29.045786,41.078399],[29.045756,41.078415],[29.04583,41.078514],[29.045827,41.078534],[29.045823,41.078554],[29.045808,41.078565],[29.046035,41.078736],[29.046023,41.078768],[29.046056,41.078777],[29.046287,41.078929],[29.046426,41.079022],[29.046471,41.079048],[29.046522,41.079075],[29.046576,41.079093],[29.046638,41.079109],[29.046703,41.079119],[29.046783,41.079129],[29.047499,41.079197],[29.048128,41.079257],[29.04813,41.079206],[29.048389,41.079235],[29.048428,41.079244],[29.04507,41.080271],[29.043625,41.080418],[29.021265,41.077949],[29.021265,41.047494]]],[[[29.052419,41.061502],[29.052454,41.061047],[29.052479,41.060713],[29.05266,41.060124],[29.052823,41.059852],[29.053183,41.058079],[29.053238,41.05772],[29.061018,41.064592],[29.055989,41.071256],[29.056054,41.07104],[29.056048,41.07089],[29.056082,41.070745],[29.056124,41.070608],[29.056149,41.070555],[29.056233,41.070529],[29.056297,41.070486],[29.056433,41.070332],[29.056409,41.070317],[29.056434,41.070289],[29.056459,41.070304],[29.056506,41.070242],[29.056528,41.070248],[29.056537,41.070229],[29.056492,41.070217],[29.056511,41.070153],[29.05656,41.070162],[29.056568,41.070135],[29.056579,41.070136],[29.056705,41.069737],[29.056675,41.069729],[29.056655,41.069616],[29.056655,41.069556],[29.056665,41.069502],[29.056682,41.069456],[29.056722,41.069386],[29.056695,41.069377],[29.056708,41.069356],[29.056733,41.069364],[29.056762,41.069325],[29.056836,41.069229],[29.05681,41.069218],[29.056832,41.069184],[29.056862,41.069197],[29.056958,41.069039],[29.056996,41.068957],[29.057021,41.068962],[29.057143,41.068578],[29.057046,41.068386],[29.05699,41.068151],[29.056968,41.068154],[29.056813,41.067751],[29.056828,41.067594],[29.056797,41.067593],[29.056795,41.067607],[29.056774,41.067605],[29.05678,41.067522],[29.056804,41.067523],[29.056804,41.067532],[29.056839,41.067534],[29.056856,41.067387],[29.056943,41.067388],[29.056946,41.067278],[29.056914,41.067276],[29.056918,41.067187],[29.056978,41.067187],[29.056943,41.066843],[29.05696,41.066421],[29.056342,41.065715],[29.055861,41.065308],[29.055355,41.06468],[29.054889,41.064052],[29.054534,41.063545],[29.054178,41.063038],[29.054006,41.062912],[29.053732,41.062602],[29.053485,41.062537],[29.052814,41.062098],[29.052419,41.061502]]]]},"properties":{"hucre_kodu":"BZ-064","ilce":"Beşiktaş","alan_km2":5.91,"yogunluk_puani":4,"komsular":["BZ-185","BZ-062","BZ-063","BZ-240","BZ-242","BZ-065","BZ-189","BZ-188"]}},{"type":"Feature","geometry":{"type":"MultiPolygon","coordinates":[[[[29.051405,41.079941],[29.051511,41.079943],[29.0519,41.079945],[29.05198,41.079955],[29.052051,41.079968],[29.052166,41.079999],[29.052189,41.079952],[29.052757,41.080176],[29.052758,41.080172],[29.052817,41.080196],[29.052789,41.08024],[29.052904,41.080285],[29.052935,41.080303],[29.053252,41.080411],[29.053319,41.080411],[29.053654,41.080551],[29.053914,41.080673],[29.053947,41.080629],[29.054668,41.080969],[29.054631,41.081016],[29.054776,41.081095],[29.054862,41.08114],[29.05494,41.081182],[29.055327,41.081318],[29.055838,41.081643],[29.056004,41.081802],[29.05608,41.081991],[29.05651,41.082426],[29.056678,41.082674],[29.056787,41.082957],[29.056843,41.082947],[29.057018,41.083562],[29.056946,41.083575],[29.057,41.083734],[29.057228,41.085395],[29.05716,41.086034],[29.057213,41.086327],[29.057259,41.086312],[29.057289,41.086431],[29.057265,41.086953],[29.057204,41.086957],[29.057203,41.086986],[29.05708,41.08746],[29.051405,41.079941]]],[[[29.055352,41.073245],[29.055367,41.073185],[29.055388,41.073119],[29.055418,41.072956],[29.055482,41.072572],[29.055605,41.072265],[29.055572,41.072258],[29.055588,41.072154],[29.055879,41.071603],[29.055976,41.071299],[29.055989,41.071256],[29.061018,41.064592],[29.073472,41.055591],[29.118148,41.07039],[29.112742,41.081852],[29.067821,41.101692],[29.06452,41.097319],[29.064615,41.097138],[29.064817,41.096593],[29.064857,41.096277],[29.065072,41.095624],[29.065407,41.095378],[29.066205,41.095039],[29.067252,41.094751],[29.067466,41.094401],[29.067013,41.094021],[29.066857,41.09389],[29.06575,41.09369],[29.065587,41.093017],[29.06563,41.092422],[29.065836,41.092053],[29.066273,41.091829],[29.066281,41.091582],[29.065963,41.089273],[29.065903,41.088943],[29.065706,41.088425],[29.066092,41.087953],[29.066202,41.08681],[29.066758,41.08566],[29.066916,41.085107],[29.066857,41.084571],[29.066688,41.083337],[29.066585,41.083369],[29.066532,41.083274],[29.066486,41.08319],[29.066594,41.083157],[29.066574,41.083115],[29.066618,41.083104],[29.066559,41.082967],[29.066603,41.082922],[29.066486,41.082743],[29.066473,41.082747],[29.066438,41.082751],[29.066314,41.082549],[29.066347,41.082533],[29.066326,41.082443],[29.066256,41.082349],[29.066233,41.082333],[29.066212,41.082313],[29.066193,41.082294],[29.066164,41.082266],[29.066132,41.082239],[29.065985,41.082075],[29.065959,41.081969],[29.065992,41.081871],[29.066032,41.081793],[29.066016,41.08179],[29.06604,41.081684],[29.066299,41.081438],[29.066274,41.081291],[29.066272,41.081283],[29.06624,41.081104],[29.065611,41.080914],[29.065371,41.080733],[29.065205,41.080519],[29.065135,41.080269],[29.065124,41.079892],[29.065122,41.07985],[29.065013,41.079755],[29.064946,41.079706],[29.064884,41.079704],[29.064886,41.079673],[29.064888,41.079644],[29.064965,41.079648],[29.064996,41.079598],[29.065126,41.079501],[29.065252,41.079451],[29.065256,41.079376],[29.06489,41.079375],[29.064892,41.079339],[29.065235,41.079337],[29.065161,41.079226],[29.065149,41.079208],[29.065048,41.079243],[29.064958,41.079091],[29.065075,41.079051],[29.065047,41.079011],[29.064878,41.079046],[29.064271,41.078142],[29.064302,41.078126],[29.064294,41.078056],[29.064247,41.077936],[29.064251,41.077892],[29.064302,41.077708],[29.064342,41.077603],[29.064361,41.077587],[29.064493,41.077533],[29.064326,41.077148],[29.064177,41.077192],[29.06388,41.076629],[29.063693,41.076372],[29.06336,41.076364],[29.06336,41.076397],[29.063243,41.076397],[29.063242,41.076381],[29.063034,41.076386],[29.062904,41.076384],[29.062818,41.076375],[29.062817,41.076355],[29.062551,41.076355],[29.062456,41.076323],[29.062495,41.076085],[29.062277,41.076027],[29.062255,41.076175],[29.062044,41.076172],[29.062049,41.076142],[29.062064,41.076143],[29.062071,41.076113],[29.061989,41.076102],[29.061999,41.076053],[29.061956,41.076045],[29.061958,41.076019],[29.061794,41.075969],[29.061649,41.075911],[29.061678,41.075849],[29.061536,41.075807],[29.061543,41.075787],[29.061497,41.075774],[29.061533,41.075698],[29.061376,41.075651],[29.06138,41.075638],[29.061348,41.075628],[29.061382,41.075561],[29.061293,41.075529],[29.061063,41.075445],[29.061147,41.075322],[29.061116,41.07531],[29.061107,41.075324],[29.061071,41.075312],[29.061028,41.075377],[29.061053,41.075391],[29.061029,41.075427],[29.060678,41.075287],[29.06029,41.075175],[29.060256,41.075132],[29.059887,41.074954],[29.059892,41.074924],[29.05981,41.074895],[29.059792,41.07492],[29.059511,41.074837],[29.059539,41.074788],[29.059057,41.074652],[29.05904,41.074683],[29.058585,41.074544],[29.058388,41.074485],[29.05833,41.07447],[29.058281,41.074574],[29.058327,41.074585],[29.058295,41.074661],[29.058053,41.074596],[29.058092,41.07452],[29.058128,41.07453],[29.05817,41.074429],[29.058097,41.074439],[29.057658,41.074445],[29.057019,41.074442],[29.056315,41.074441],[29.056168,41.074407],[29.056025,41.07436],[29.055917,41.074321],[29.05584,41.074277],[29.055787,41.074234],[29.055741,41.074171],[29.055723,41.074084],[29.055563,41.073758],[29.055548,41.073751],[29.055397,41.073464],[29.055373,41.073389],[29.055352,41.073284],[29.055352,41.073245]]]]},"properties":{"hucre_kodu":"BZ-065","ilce":"Beykoz","alan_km2":14.88,"yogunluk_puani":4,"komsular":["BZ-064","BZ-242","BZ-231","BZ-070","BZ-067","BZ-189"]}},{"type":"Feature","geometry":{"type":"MultiPolygon","coordinates":[[[[29.053413,41.181805],[29.054978,41.165211],[29.055413,41.165247],[29.056003,41.165369],[29.056445,41.165707],[29.056657,41.165877],[29.057035,41.165758],[29.057173,41.165964],[29.057221,41.165954],[29.057433,41.166253],[29.057556,41.166214],[29.057587,41.166276],[29.057609,41.166314],[29.057412,41.166415],[29.057517,41.166593],[29.057491,41.166636],[29.057482,41.166693],[29.057538,41.166818],[29.057517,41.166897],[29.057599,41.166928],[29.057596,41.166939],[29.057567,41.167077],[29.057631,41.167283],[29.057713,41.167481],[29.058144,41.168131],[29.057955,41.168582],[29.058156,41.168885],[29.058649,41.168688],[29.058951,41.169151],[29.058605,41.1693],[29.059249,41.169865],[29.05933,41.169808],[29.059625,41.170039],[29.059861,41.170312],[29.060035,41.170384],[29.060207,41.170505],[29.060442,41.17064],[29.061201,41.170997],[29.061637,41.171134],[29.061672,41.171188],[29.062274,41.171262],[29.062625,41.17132],[29.062618,41.171356],[29.062844,41.171388],[29.062993,41.171419],[29.063025,41.171398],[29.063117,41.17143],[29.063136,41.17142],[29.063171,41.171442],[29.063163,41.171457],[29.063213,41.171479],[29.06329,41.171505],[29.063298,41.171489],[29.063332,41.171489],[29.063347,41.171507],[29.063332,41.171525],[29.063391,41.171545],[29.063548,41.171616],[29.063842,41.171802],[29.06409,41.171923],[29.064687,41.171931],[29.064861,41.171972],[29.065716,41.172104],[29.066248,41.172135],[29.066221,41.172177],[29.067089,41.172268],[29.067796,41.172507],[29.068144,41.172757],[29.068491,41.173008],[29.069094,41.173212],[29.069618,41.173487],[29.069926,41.173523],[29.070125,41.173741],[29.070421,41.173899],[29.070778,41.174089],[29.070973,41.174268],[29.07117,41.174254],[29.071593,41.174574],[29.071935,41.174853],[29.072166,41.174952],[29.07229,41.174924],[29.072502,41.17504],[29.072707,41.175022],[29.073126,41.175531],[29.073103,41.175596],[29.073283,41.176022],[29.073326,41.176403],[29.073692,41.177118],[29.073873,41.177274],[29.07386,41.177537],[29.073991,41.177979],[29.074012,41.178638],[29.073981,41.179225],[29.07394,41.17974],[29.073727,41.179811],[29.073776,41.180426],[29.073849,41.180871],[29.073968,41.181001],[29.074281,41.180862],[29.074047,41.180389],[29.074161,41.180374],[29.074195,41.180112],[29.074113,41.179705],[29.074169,41.179694],[29.074244,41.180135],[29.074212,41.180294],[29.074206,41.180429],[29.07442,41.180827],[29.074713,41.181227],[29.074634,41.181257],[29.07482,41.181713],[29.075149,41.181591],[29.075199,41.181643],[29.075231,41.181687],[29.075066,41.181758],[29.07531,41.182105],[29.075204,41.18213],[29.075238,41.182215],[29.075438,41.182184],[29.075452,41.182214],[29.075278,41.18224],[29.075377,41.18287],[29.075515,41.182992],[29.075722,41.183088],[29.076124,41.183143],[29.076244,41.18327],[29.076347,41.1838],[29.076605,41.184465],[29.076782,41.184821],[29.076993,41.185175],[29.077225,41.185528],[29.077334,41.185648],[29.077436,41.185708],[29.077502,41.185738],[29.077649,41.185745],[29.077713,41.185698],[29.077778,41.185724],[29.077799,41.185735],[29.077806,41.18575],[29.077771,41.185788],[29.077899,41.18593],[29.077986,41.186006],[29.078073,41.186045],[29.078141,41.186011],[29.078169,41.186032],[29.078152,41.186056],[29.078417,41.186248],[29.078467,41.186264],[29.078557,41.186212],[29.078578,41.186168],[29.07874,41.186039],[29.078831,41.186103],[29.078657,41.18623],[29.078741,41.186312],[29.078889,41.18648],[29.079077,41.186717],[29.079204,41.1868],[29.079297,41.186705],[29.07934,41.186731],[29.079273,41.186829],[29.079475,41.186954],[29.079539,41.186897],[29.079717,41.186991],[29.079745,41.187003],[29.079775,41.187006],[29.079838,41.186964],[29.079946,41.186901],[29.08,41.186965],[29.079963,41.186996],[29.079974,41.187015],[29.079936,41.187076],[29.080326,41.187429],[29.080422,41.187511],[29.080494,41.187551],[29.08056,41.187573],[29.080746,41.187438],[29.08081,41.18748],[29.080672,41.187581],[29.080719,41.187617],[29.081055,41.187816],[29.081473,41.187522],[29.081552,41.187572],[29.081379,41.187732],[29.081469,41.188171],[29.081499,41.18835],[29.081571,41.18847],[29.081865,41.188647],[29.08232,41.188871],[29.082731,41.189192],[29.083009,41.189455],[29.083358,41.189861],[29.083519,41.19024],[29.083628,41.190472],[29.08376,41.190708],[29.083831,41.190865],[29.083908,41.190927],[29.083997,41.190937],[29.084068,41.190912],[29.084125,41.190936],[29.084153,41.190996],[29.084107,41.191074],[29.084057,41.191153],[29.084204,41.191325],[29.084383,41.191393],[29.084616,41.191736],[29.085009,41.192107],[29.085189,41.192296],[29.085365,41.192367],[29.085912,41.1931],[29.086174,41.193657],[29.086661,41.194041],[29.086814,41.194189],[29.086944,41.19437],[29.087043,41.194643],[29.08723,41.194825],[29.087311,41.194952],[29.087441,41.195042],[29.087636,41.195356],[29.087753,41.19551],[29.087866,41.195593],[29.087895,41.195696],[29.088005,41.195786],[29.088099,41.195864],[29.088214,41.19592],[29.0883,41.196084],[29.088473,41.19622],[29.088512,41.196447],[29.088593,41.196657],[29.088615,41.19697],[29.088697,41.197221],[29.088973,41.197454],[29.08917,41.197652],[29.089311,41.197763],[29.089434,41.198001],[29.089606,41.198223],[29.089782,41.198395],[29.090022,41.19848],[29.090264,41.198657],[29.090408,41.198877],[29.090538,41.199078],[29.090627,41.199137],[29.090687,41.199321],[29.09079,41.199473],[29.091064,41.199724],[29.091152,41.199961],[29.091285,41.20008],[29.091347,41.20025],[29.091431,41.200362],[29.091664,41.200457],[29.091808,41.200452],[29.091772,41.200546],[29.092022,41.200772],[29.092252,41.200927],[29.092545,41.20103],[29.092866,41.201355],[29.09326,41.201518],[29.093565,41.201566],[29.09393,41.201666],[29.094045,41.201668],[29.094156,41.201606],[29.094242,41.201427],[29.094328,41.201442],[29.094234,41.201613],[29.094545,41.201768],[29.094838,41.202036],[29.095563,41.202364],[29.095865,41.202494],[29.096216,41.202548],[29.096446,41.20253],[29.096687,41.202451],[29.096859,41.202476],[29.097099,41.202581],[29.097493,41.202689],[29.097829,41.202866],[29.097911,41.202957],[29.097829,41.203296],[29.097719,41.203564],[29.098204,41.203899],[29.098288,41.204479],[29.098645,41.205056],[29.098809,41.205247],[29.099058,41.205261],[29.099159,41.205449],[29.099327,41.205587],[29.100168,41.206071],[29.101473,41.206266],[29.102035,41.206107],[29.10241,41.205987],[29.102678,41.205764],[29.102688,41.205514],[29.102928,41.205283],[29.103039,41.205178],[29.103351,41.205135],[29.103547,41.205254],[29.103735,41.205301],[29.103965,41.205222],[29.104127,41.205246],[29.105022,41.2056],[29.105764,41.205288],[29.106311,41.205158],[29.106695,41.205642],[29.106484,41.205953],[29.106147,41.206832],[29.105512,41.207063],[29.105287,41.207222],[29.105204,41.207501],[29.10554,41.207804],[29.106116,41.208238],[29.106361,41.208476],[29.106476,41.208736],[29.106966,41.208913],[29.107345,41.209043],[29.107264,41.209202],[29.107374,41.209311],[29.10773,41.209466],[29.108085,41.209578],[29.108286,41.209755],[29.10808,41.209813],[29.108363,41.20995],[29.108672,41.210034],[29.10889,41.210039],[29.109101,41.210219],[29.109304,41.210453],[29.109516,41.210703],[29.109397,41.210821],[29.109653,41.211042],[29.109757,41.211291],[29.109626,41.211474],[29.109734,41.211552],[29.110007,41.211656],[29.110397,41.212075],[29.110169,41.212137],[29.110463,41.212352],[29.110458,41.212543],[29.110353,41.212777],[29.110557,41.212753],[29.110807,41.212776],[29.111027,41.212847],[29.110839,41.212986],[29.110461,41.21306],[29.110236,41.213042],[29.109861,41.213114],[29.109645,41.213092],[29.109506,41.213175],[29.109503,41.213191],[29.109485,41.213287],[29.109462,41.213376],[29.109417,41.213504],[29.109465,41.213618],[29.109541,41.213633],[29.109607,41.213671],[29.109643,41.213688],[29.109699,41.213704],[29.109758,41.213704],[29.109781,41.2137],[29.109797,41.213631],[29.109833,41.213605],[29.109891,41.213604],[29.109915,41.213591],[29.110032,41.21359],[29.110128,41.213616],[29.110201,41.21366],[29.110256,41.213706],[29.110287,41.213727],[29.110332,41.213761],[29.110408,41.213744],[29.110431,41.213758],[29.110596,41.213776],[29.110676,41.213791],[29.110761,41.213827],[29.110893,41.213825],[29.111027,41.213802],[29.111184,41.213817],[29.111288,41.213836],[29.111362,41.213896],[29.111446,41.214048],[29.111504,41.214166],[29.111295,41.214223],[29.111258,41.214279],[29.11121,41.214346],[29.110792,41.214403],[29.1106,41.214497],[29.11053,41.21455],[29.110411,41.214563],[29.110397,41.214591],[29.110404,41.214615],[29.110355,41.214624],[29.110355,41.214645],[29.110156,41.214672],[29.109968,41.214734],[29.109929,41.214713],[29.109886,41.214748],[29.109659,41.214863],[29.109604,41.214873],[29.109554,41.214909],[29.109281,41.215081],[29.109242,41.215185],[29.109286,41.215167],[29.109351,41.215148],[29.109409,41.215099],[29.109423,41.215253],[29.109351,41.21529],[29.10944,41.215312],[29.10949,41.215308],[29.109532,41.215343],[29.109476,41.215353],[29.109396,41.215383],[29.109377,41.215448],[29.109391,41.21548],[29.109478,41.215493],[29.109536,41.215471],[29.109571,41.215481],[29.10966,41.21549],[29.109664,41.215525],[29.1097,41.215551],[29.109672,41.215598],[29.109665,41.215661],[29.109544,41.215723],[29.109496,41.215716],[29.109191,41.215809],[29.108989,41.215831],[29.108866,41.215781],[29.10873,41.215754],[29.108817,41.21582],[29.10865,41.215791],[29.108553,41.215785],[29.108475,41.215786],[29.108426,41.215783],[29.108411,41.215821],[29.10838,41.215879],[29.108299,41.215865],[29.108158,41.215798],[29.107995,41.215744],[29.107811,41.215742],[29.10781,41.215756],[29.10776,41.215942],[29.107745,41.21613],[29.10769,41.216184],[29.107744,41.216244],[29.107578,41.216265],[29.107857,41.216357],[29.107852,41.216453],[29.107727,41.216499],[29.107711,41.216528],[29.107675,41.216568],[29.107702,41.216601],[29.107712,41.216613],[29.107806,41.216625],[29.107909,41.216712],[29.10812,41.216792],[29.108161,41.216855],[29.108041,41.216887],[29.10785,41.21687],[29.107706,41.216919],[29.107627,41.216884],[29.107503,41.216803],[29.107361,41.216746],[29.107216,41.216709],[29.107159,41.216697],[29.107092,41.216726],[29.107045,41.216799],[29.106918,41.216856],[29.106938,41.216886],[29.106958,41.216914],[29.106946,41.216942],[29.10698,41.216946],[29.106981,41.216985],[29.106904,41.216973],[29.106817,41.216954],[29.106814,41.216988],[29.106773,41.217056],[29.106764,41.217085],[29.106733,41.217124],[29.106793,41.217163],[29.106746,41.217239],[29.106737,41.217308],[29.106923,41.217384],[29.107149,41.217514],[29.106928,41.217672],[29.106812,41.21774],[29.106668,41.217727],[29.106654,41.217816],[29.10669,41.217865],[29.106797,41.217916],[29.106792,41.217961],[29.106836,41.218041],[29.106681,41.217997],[29.106516,41.217903],[29.106367,41.217804],[29.106231,41.217975],[29.106131,41.218159],[29.106056,41.218481],[29.106092,41.219148],[29.106195,41.219303],[29.106403,41.219414],[29.106408,41.219456],[29.106369,41.219488],[29.106263,41.21956],[29.106207,41.21966],[29.106149,41.219909],[29.106137,41.220145],[29.106366,41.220578],[29.10636,41.220736],[29.106356,41.220856],[29.106363,41.220959],[29.106375,41.221122],[29.106495,41.221368],[29.053413,41.181805]]],[[[29.057285,41.14076],[29.057444,41.139067],[29.05751,41.139087],[29.057707,41.139208],[29.057937,41.139351],[29.057975,41.139661],[29.057913,41.139815],[29.057678,41.140299],[29.057605,41.140275],[29.057285,41.14076]]],[[[29.057624,41.137163],[29.057825,41.135029],[29.071895,41.123377],[29.071899,41.12341],[29.071791,41.123979],[29.071698,41.124537],[29.071441,41.125089],[29.071161,41.124991],[29.071139,41.125017],[29.07091,41.125643],[29.071167,41.125716],[29.071234,41.12577],[29.071054,41.126],[29.070948,41.125977],[29.070913,41.126007],[29.07085,41.125983],[29.070355,41.126754],[29.070438,41.126792],[29.070428,41.126983],[29.070362,41.127118],[29.070166,41.127362],[29.07001,41.127459],[29.069697,41.127645],[29.069505,41.127718],[29.069263,41.127769],[29.068445,41.128066],[29.068051,41.128208],[29.067855,41.128315],[29.067765,41.128425],[29.067534,41.128599],[29.067306,41.128716],[29.066977,41.128802],[29.066828,41.12883],[29.066505,41.128845],[29.066271,41.128948],[29.06604,41.129065],[29.065799,41.129234],[29.065666,41.129393],[29.065596,41.129569],[29.065506,41.12965],[29.064825,41.130071],[29.064573,41.130219],[29.064169,41.130455],[29.064065,41.130534],[29.063973,41.130615],[29.063849,41.130781],[29.063638,41.131465],[29.063463,41.131834],[29.063263,41.132331],[29.063168,41.132543],[29.062703,41.133021],[29.062567,41.133144],[29.062515,41.133222],[29.062512,41.133294],[29.062509,41.133335],[29.062538,41.133512],[29.062558,41.133654],[29.062498,41.134137],[29.062349,41.134338],[29.06201,41.134756],[29.061539,41.135196],[29.061216,41.135496],[29.061146,41.135577],[29.061088,41.135707],[29.060822,41.135791],[29.060687,41.135805],[29.060561,41.135804],[29.060553,41.135758],[29.060306,41.135724],[29.060301,41.135783],[29.060194,41.135775],[29.060204,41.135705],[29.05973,41.135942],[29.059225,41.136199],[29.058984,41.136429],[29.058733,41.136683],[29.058774,41.136731],[29.058802,41.136929],[29.058879,41.136985],[29.058893,41.137065],[29.058942,41.137128],[29.058778,41.137183],[29.058748,41.137129],[29.058486,41.137068],[29.058478,41.137053],[29.058184,41.137172],[29.058114,41.137089],[29.057966,41.13704],[29.057624,41.137163]]],[[[29.071165,41.143157],[29.071431,41.143181],[29.071443,41.14324],[29.071585,41.143221],[29.071859,41.143172],[29.071789,41.142816],[29.071693,41.142317],[29.072098,41.142241],[29.072108,41.141901],[29.073271,41.14165],[29.073194,41.141241],[29.073619,41.141137],[29.073726,41.141343],[29.073877,41.141314],[29.074781,41.141092],[29.07647,41.140805],[29.07714,41.140536],[29.077061,41.140374],[29.077362,41.140196],[29.077995,41.13997],[29.07851,41.139728],[29.078978,41.139605],[29.079828,41.13972],[29.081013,41.139881],[29.081131,41.139897],[29.083466,41.14044],[29.081406,41.139877],[29.07897,41.139348],[29.078797,41.139223],[29.078574,41.139106],[29.078177,41.13892],[29.078885,41.138427],[29.079121,41.138556],[29.079341,41.138399],[29.079196,41.13833],[29.079325,41.138233],[29.079432,41.138306],[29.07954,41.138257],[29.079615,41.138152],[29.079608,41.138053],[29.079452,41.137843],[29.07958,41.137649],[29.079391,41.13739],[29.080353,41.136847],[29.080524,41.137022],[29.080936,41.13686],[29.081297,41.137106],[29.082327,41.136893],[29.082972,41.13711],[29.083458,41.137204],[29.084195,41.137159],[29.084182,41.137136],[29.084881,41.137007],[29.084879,41.136984],[29.084932,41.136984],[29.084941,41.137006],[29.085221,41.136951],[29.085215,41.136917],[29.085252,41.136914],[29.08526,41.136948],[29.08546,41.13691],[29.08551,41.136854],[29.085593,41.136842],[29.085726,41.136813],[29.085728,41.136801],[29.0858,41.136792],[29.08582,41.136821],[29.086023,41.136759],[29.08603,41.136733],[29.08625,41.136663],[29.086264,41.136617],[29.086246,41.136583],[29.086284,41.136568],[29.086302,41.13659],[29.086616,41.136464],[29.086654,41.136539],[29.086742,41.136513],[29.086725,41.136477],[29.086805,41.136449],[29.08686,41.136441],[29.086825,41.136396],[29.086915,41.136363],[29.086969,41.13642],[29.087016,41.136413],[29.087142,41.136383],[29.087104,41.136339],[29.087189,41.13633],[29.087518,41.136145],[29.088379,41.135642],[29.088518,41.135509],[29.088754,41.135361],[29.088782,41.135337],[29.088835,41.135328],[29.089473,41.134968],[29.089958,41.134714],[29.090028,41.134777],[29.090173,41.134749],[29.090201,41.134723],[29.090176,41.134673],[29.090055,41.13439],[29.090244,41.134342],[29.090412,41.134305],[29.090541,41.134636],[29.090869,41.13457],[29.090892,41.13464],[29.090998,41.134607],[29.090943,41.134507],[29.09097,41.134496],[29.091024,41.134586],[29.09106,41.134598],[29.091367,41.134403],[29.091549,41.134281],[29.09154,41.134243],[29.091646,41.13412],[29.091676,41.134054],[29.091698,41.133979],[29.091562,41.133978],[29.091568,41.133895],[29.091643,41.133898],[29.091641,41.133799],[29.091671,41.1338],[29.091659,41.133498],[29.09171,41.133497],[29.091731,41.133289],[29.091729,41.133208],[29.091705,41.133207],[29.091706,41.133175],[29.091681,41.13308],[29.091659,41.133076],[29.091647,41.132983],[29.09157,41.132742],[29.091579,41.132452],[29.091614,41.132452],[29.091615,41.132429],[29.091604,41.132429],[29.091604,41.132354],[29.091627,41.132287],[29.091767,41.132133],[29.091946,41.13192],[29.091837,41.131868],[29.092398,41.131101],[29.092543,41.130954],[29.111816,41.15649],[29.129152,41.20243],[29.128968,41.202409],[29.12854,41.202296],[29.128337,41.202275],[29.128047,41.202309],[29.127202,41.202517],[29.126978,41.20254],[29.126955,41.202458],[29.126915,41.202469],[29.12685,41.202223],[29.126667,41.202256],[29.12676,41.202578],[29.126451,41.202626],[29.126487,41.202806],[29.126601,41.202962],[29.126588,41.202994],[29.126459,41.203061],[29.126385,41.202969],[29.126271,41.202662],[29.126236,41.202685],[29.126193,41.202779],[29.126193,41.20287],[29.126102,41.202882],[29.126101,41.202839],[29.126124,41.202654],[29.126077,41.202599],[29.126066,41.202555],[29.126121,41.202519],[29.126121,41.202459],[29.126078,41.20242],[29.126,41.202438],[29.125963,41.202461],[29.125884,41.202442],[29.125792,41.202487],[29.125664,41.202496],[29.125597,41.202444],[29.125413,41.202345],[29.125187,41.20229],[29.125058,41.202284],[29.124903,41.202175],[29.124806,41.20218],[29.12484,41.202253],[29.124371,41.202197],[29.124179,41.202177],[29.124043,41.202148],[29.123791,41.202088],[29.123551,41.202083],[29.123211,41.201999],[29.123254,41.201844],[29.12327,41.201707],[29.123037,41.20164],[29.12286,41.201696],[29.122953,41.201805],[29.122904,41.201847],[29.122672,41.201769],[29.122239,41.201708],[29.121825,41.20145],[29.121628,41.201212],[29.121372,41.200913],[29.120966,41.200732],[29.120677,41.20071],[29.120504,41.200585],[29.120007,41.200415],[29.119733,41.200388],[29.1197,41.200522],[29.119559,41.20051],[29.119438,41.200451],[29.119256,41.200398],[29.119075,41.200479],[29.118332,41.200402],[29.118058,41.200284],[29.117799,41.200006],[29.117745,41.199812],[29.118088,41.199006],[29.118396,41.198795],[29.118681,41.1984],[29.118849,41.198093],[29.119231,41.197912],[29.119473,41.197565],[29.119809,41.197359],[29.120012,41.197141],[29.120111,41.196963],[29.120145,41.196712],[29.120086,41.196415],[29.119808,41.195705],[29.119232,41.195086],[29.118999,41.1944],[29.119016,41.194288],[29.119198,41.194263],[29.119252,41.194029],[29.119139,41.193894],[29.119216,41.193303],[29.119079,41.193031],[29.119125,41.192502],[29.119385,41.192263],[29.119716,41.192],[29.119708,41.191743],[29.119327,41.190467],[29.119153,41.190341],[29.118979,41.190217],[29.118492,41.18971],[29.118258,41.188946],[29.117898,41.188439],[29.118063,41.187909],[29.11791,41.187827],[29.117956,41.187784],[29.118097,41.187857],[29.118163,41.187796],[29.118246,41.187854],[29.118321,41.187813],[29.118368,41.18788],[29.118618,41.187769],[29.118537,41.187557],[29.118375,41.187275],[29.118138,41.186977],[29.11775,41.186729],[29.11666,41.186793],[29.115973,41.186549],[29.115879,41.186686],[29.115677,41.186601],[29.115497,41.186418],[29.115462,41.185705],[29.115117,41.185648],[29.114929,41.185798],[29.114755,41.185674],[29.114462,41.184938],[29.113878,41.184791],[29.112855,41.184682],[29.112668,41.184615],[29.11262,41.184432],[29.112844,41.184333],[29.112946,41.184162],[29.112914,41.184023],[29.112787,41.18393],[29.112844,41.183734],[29.112475,41.183659],[29.112503,41.183577],[29.112878,41.183648],[29.112996,41.183281],[29.112584,41.18296],[29.112134,41.182912],[29.111944,41.182969],[29.111686,41.183079],[29.111614,41.183275],[29.11171,41.183428],[29.111576,41.183545],[29.111297,41.183694],[29.111216,41.183734],[29.110662,41.18401],[29.110132,41.184118],[29.110039,41.184097],[29.109968,41.184063],[29.109799,41.183848],[29.109761,41.183835],[29.109744,41.183843],[29.109744,41.183853],[29.109773,41.183913],[29.109778,41.18397],[29.109753,41.18402],[29.109678,41.184032],[29.109433,41.183956],[29.109302,41.183873],[29.109239,41.183763],[29.109163,41.183739],[29.109133,41.183758],[29.109148,41.183821],[29.109149,41.183946],[29.109005,41.183999],[29.108763,41.183965],[29.108427,41.183891],[29.108201,41.183848],[29.108029,41.183702],[29.107758,41.18346],[29.107479,41.183127],[29.107267,41.182741],[29.107417,41.181717],[29.107136,41.181193],[29.106962,41.181067],[29.106678,41.180741],[29.105767,41.180669],[29.1054,41.180898],[29.104804,41.181297],[29.103716,41.181533],[29.103169,41.181717],[29.102544,41.181722],[29.101753,41.181655],[29.101181,41.181322],[29.100835,41.181109],[29.100066,41.180677],[29.09929,41.180796],[29.098296,41.180746],[29.098046,41.180686],[29.097777,41.180721],[29.097047,41.180438],[29.096601,41.180391],[29.095536,41.180441],[29.095085,41.180478],[29.094848,41.180493],[29.094595,41.180504],[29.094156,41.18056],[29.093716,41.180432],[29.09352,41.180414],[29.093346,41.180289],[29.092705,41.180106],[29.091197,41.180021],[29.091076,41.180048],[29.090888,41.179984],[29.090885,41.17992],[29.090557,41.179861],[29.090211,41.179721],[29.089996,41.179702],[29.089721,41.179544],[29.089473,41.179371],[29.089189,41.179172],[29.088936,41.17905],[29.088674,41.179004],[29.088538,41.179077],[29.087122,41.178662],[29.086983,41.178569],[29.08688,41.178438],[29.087,41.177732],[29.086942,41.177594],[29.086683,41.177585],[29.086685,41.177506],[29.086938,41.177518],[29.08704,41.176965],[29.086934,41.176953],[29.086975,41.176805],[29.087204,41.176846],[29.08731,41.176537],[29.087233,41.176526],[29.087277,41.176414],[29.087374,41.176438],[29.087544,41.175953],[29.087734,41.175048],[29.087426,41.174992],[29.087454,41.174823],[29.087584,41.174842],[29.087611,41.174739],[29.087577,41.174733],[29.087598,41.174691],[29.087632,41.174702],[29.087626,41.174715],[29.087639,41.174717],[29.087802,41.174457],[29.087784,41.174448],[29.087828,41.174326],[29.087881,41.17433],[29.087938,41.174195],[29.08792,41.174194],[29.087922,41.174146],[29.087902,41.17413],[29.087971,41.174006],[29.087873,41.173983],[29.087898,41.17392],[29.087983,41.17394],[29.087972,41.173965],[29.088028,41.173977],[29.088178,41.17376],[29.088156,41.173754],[29.088154,41.173712],[29.088168,41.173713],[29.088175,41.173592],[29.087838,41.17353],[29.08787,41.173428],[29.087905,41.173334],[29.0883,41.17341],[29.088316,41.173381],[29.088372,41.173363],[29.088396,41.173369],[29.088394,41.173101],[29.08835,41.172812],[29.088267,41.172815],[29.088219,41.17258],[29.088315,41.172544],[29.088282,41.172429],[29.088196,41.172445],[29.08815,41.172349],[29.088179,41.172331],[29.088146,41.172255],[29.088162,41.172234],[29.088117,41.17214],[29.088208,41.172119],[29.088004,41.17173],[29.087909,41.171747],[29.08792,41.171794],[29.08787,41.171795],[29.087841,41.171727],[29.087993,41.17167],[29.087947,41.171598],[29.087918,41.171605],[29.087888,41.171569],[29.08792,41.171547],[29.087832,41.171452],[29.087776,41.171472],[29.087741,41.171427],[29.087783,41.171393],[29.087564,41.171164],[29.087422,41.171149],[29.08734,41.171066],[29.087341,41.170957],[29.08728,41.170897],[29.087312,41.170837],[29.086974,41.170419],[29.087002,41.170403],[29.08686,41.170266],[29.086788,41.1703],[29.086754,41.170265],[29.086685,41.170052],[29.086533,41.169919],[29.08626,41.169701],[29.086088,41.16967],[29.085955,41.169584],[29.085705,41.169471],[29.085608,41.169404],[29.085327,41.169304],[29.085286,41.169368],[29.08461,41.169153],[29.084649,41.169051],[29.08448,41.169003],[29.084442,41.169049],[29.084253,41.168973],[29.0841,41.168911],[29.083978,41.168855],[29.083792,41.168768],[29.083787,41.168689],[29.083144,41.168407],[29.082942,41.168284],[29.082751,41.168169],[29.082255,41.167746],[29.081963,41.167605],[29.081761,41.167525],[29.081583,41.167452],[29.081372,41.167346],[29.08059,41.167187],[29.079568,41.167093],[29.079439,41.167189],[29.079457,41.167286],[29.079304,41.167285],[29.079318,41.167349],[29.079236,41.167359],[29.079208,41.167246],[29.078105,41.167241],[29.07791,41.167057],[29.07694,41.166942],[29.076612,41.166893],[29.0762,41.166789],[29.075777,41.166708],[29.075475,41.166562],[29.075223,41.166422],[29.074818,41.166211],[29.074371,41.165658],[29.074215,41.165449],[29.07396,41.165055],[29.073677,41.164652],[29.073574,41.164634],[29.073546,41.164649],[29.073494,41.164596],[29.073585,41.164547],[29.073636,41.16455],[29.073695,41.164571],[29.073768,41.164525],[29.073698,41.164436],[29.07368,41.164443],[29.07366,41.164417],[29.073733,41.164384],[29.073753,41.164409],[29.073729,41.16442],[29.073807,41.164515],[29.073927,41.164386],[29.073843,41.164072],[29.073645,41.163803],[29.073397,41.1635],[29.073231,41.163413],[29.073189,41.163358],[29.073148,41.163373],[29.073105,41.163415],[29.073061,41.163334],[29.073115,41.163338],[29.073171,41.16331],[29.073124,41.163121],[29.073006,41.162898],[29.072906,41.16267],[29.072862,41.162636],[29.072872,41.162573],[29.07274,41.162125],[29.072415,41.161564],[29.072416,41.161189],[29.07249,41.16109],[29.072517,41.161116],[29.072649,41.161008],[29.072645,41.160982],[29.072668,41.160961],[29.072637,41.160941],[29.072803,41.160837],[29.072862,41.160874],[29.072892,41.160848],[29.072934,41.160852],[29.073383,41.160443],[29.07375,41.16019],[29.074183,41.159928],[29.07404,41.159807],[29.074884,41.159213],[29.074949,41.159269],[29.074969,41.159256],[29.075044,41.159327],[29.075484,41.15888],[29.075468,41.158841],[29.075598,41.158729],[29.075666,41.158748],[29.076002,41.158344],[29.075903,41.158281],[29.075862,41.158316],[29.075811,41.158283],[29.076036,41.158067],[29.076216,41.158171],[29.076876,41.157388],[29.076904,41.157287],[29.07681,41.157262],[29.076593,41.157553],[29.076587,41.157562],[29.076516,41.157535],[29.076991,41.156909],[29.077065,41.156942],[29.07691,41.157143],[29.076999,41.157192],[29.077399,41.156669],[29.07737,41.156658],[29.077586,41.156219],[29.077468,41.156166],[29.077505,41.156053],[29.077544,41.156055],[29.077525,41.156148],[29.077679,41.156205],[29.077763,41.156033],[29.077843,41.155266],[29.077475,41.15522],[29.077427,41.155412],[29.077352,41.155407],[29.077416,41.155147],[29.077828,41.155188],[29.077887,41.154941],[29.077909,41.154496],[29.077748,41.153648],[29.077705,41.153422],[29.07771,41.153233],[29.077523,41.15301],[29.077523,41.15259],[29.077448,41.15238],[29.077339,41.152213],[29.076611,41.150686],[29.07612,41.149817],[29.076079,41.149797],[29.075913,41.150433],[29.075814,41.150423],[29.075933,41.149931],[29.076021,41.149536],[29.075682,41.148969],[29.075487,41.149619],[29.07538,41.149595],[29.075432,41.149425],[29.075584,41.148958],[29.075546,41.148945],[29.075598,41.148767],[29.075227,41.148324],[29.075032,41.148937],[29.074929,41.148919],[29.075139,41.148213],[29.074926,41.147985],[29.074755,41.147759],[29.074561,41.148387],[29.074452,41.148371],[29.07466,41.147723],[29.074083,41.147106],[29.073835,41.147168],[29.073032,41.147779],[29.072981,41.147848],[29.072918,41.147856],[29.072852,41.147824],[29.072837,41.147769],[29.072914,41.147718],[29.073913,41.146937],[29.073829,41.14682],[29.073437,41.146506],[29.072791,41.14594],[29.072703,41.145952],[29.072557,41.14575],[29.072673,41.145673],[29.072509,41.145252],[29.07236,41.145115],[29.071856,41.143245],[29.071492,41.14329],[29.071434,41.14334],[29.071325,41.143364],[29.07123,41.143387],[29.071165,41.143157]]],[[[29.108608,41.222943],[29.108763,41.222945],[29.108967,41.223046],[29.109717,41.22291],[29.109752,41.222954],[29.109649,41.223056],[29.10958,41.223191],[29.109492,41.223278],[29.109546,41.223392],[29.109397,41.223531],[29.108608,41.222943]]],[[[29.125382,41.204999],[29.125389,41.204824],[29.125594,41.20472],[29.125766,41.204749],[29.125847,41.204828],[29.125853,41.204989],[29.126549,41.20546],[29.127715,41.204542],[29.127873,41.204678],[29.127426,41.205003],[29.127524,41.205085],[29.126993,41.205517],[29.129735,41.207401],[29.130721,41.206587],[29.131513,41.208686],[29.131348,41.208688],[29.130043,41.20842],[29.129973,41.208239],[29.129699,41.208221],[29.129557,41.20789],[29.125382,41.204999]]],[[[29.12911,41.202474],[29.129154,41.202437],[29.129174,41.202489],[29.129155,41.202508],[29.12911,41.202474]]]]},"properties":{"hucre_kodu":"BZ-066","ilce":"Beykoz","alan_km2":22.84,"yogunluk_puani":2,"komsular":["BZ-189","BZ-067","BZ-068","BZ-069","BZ-071","BZ-072","BZ-186","BZ-187"]}},{"type":"Feature","geometry":{"type":"Polygon","coordinates":[[[29.067821,41.101692],[29.112742,41.081852],[29.111643,41.086949],[29.089931,41.115717],[29.089719,41.115684],[29.089639,41.115549],[29.089627,41.115487],[29.088873,41.11528],[29.088498,41.115118],[29.088253,41.115063],[29.088238,41.115106],[29.087839,41.115011],[29.087773,41.115046],[29.087374,41.114541],[29.087317,41.114568],[29.087014,41.114173],[29.087066,41.114149],[29.086956,41.113994],[29.086575,41.113762],[29.086125,41.1135],[29.085975,41.113413],[29.085671,41.113239],[29.08501,41.11237],[29.084635,41.111886],[29.084579,41.111916],[29.084271,41.111516],[29.08433,41.111493],[29.083645,41.110612],[29.083174,41.110353],[29.083135,41.110405],[29.082886,41.110253],[29.082679,41.110112],[29.082704,41.110069],[29.082541,41.109924],[29.082472,41.109828],[29.082441,41.10972],[29.082431,41.109497],[29.082403,41.109499],[29.082404,41.10944],[29.082423,41.108749],[29.082369,41.108747],[29.082373,41.108573],[29.081897,41.108561],[29.081895,41.108519],[29.081899,41.108458],[29.082372,41.108474],[29.082374,41.10829],[29.082415,41.10829],[29.082375,41.108112],[29.082321,41.108036],[29.082232,41.10797],[29.082126,41.107909],[29.082122,41.107866],[29.081994,41.107842],[29.082006,41.107785],[29.081999,41.107707],[29.081992,41.107638],[29.081864,41.107405],[29.081771,41.10731],[29.081696,41.107233],[29.081467,41.107111],[29.081311,41.107081],[29.080508,41.107308],[29.080343,41.107355],[29.08031,41.107368],[29.07955,41.107634],[29.079432,41.10767],[29.078787,41.107684],[29.078049,41.107693],[29.077953,41.107687],[29.077908,41.107669],[29.077862,41.107706],[29.077766,41.107658],[29.077789,41.10761],[29.076771,41.107114],[29.076576,41.107055],[29.076201,41.106994],[29.076199,41.107025],[29.076505,41.107072],[29.076503,41.107087],[29.076354,41.107069],[29.076351,41.107087],[29.076494,41.10711],[29.076485,41.10717],[29.075829,41.107057],[29.075852,41.10694],[29.074701,41.106725],[29.073728,41.107017],[29.073594,41.107051],[29.073434,41.107044],[29.073226,41.107018],[29.072272,41.106617],[29.071662,41.106201],[29.071672,41.106168],[29.071379,41.105952],[29.071272,41.105867],[29.071167,41.105686],[29.070619,41.105371],[29.070581,41.105379],[29.069987,41.105057],[29.069994,41.105042],[29.069721,41.104951],[29.069684,41.104984],[29.069582,41.104939],[29.0696,41.104902],[29.069021,41.104636],[29.068891,41.104585],[29.068473,41.104282],[29.067821,41.101692]]]},"properties":{"hucre_kodu":"BZ-067","ilce":"Beykoz","alan_km2":5.39,"yogunluk_puani":6,"komsular":["BZ-189","BZ-065","BZ-070","BZ-068","BZ-066"]}},{"type":"Feature","geometry":{"type":"MultiPolygon","coordinates":[[[[29.089931,41.115717],[29.111643,41.086949],[29.116625,41.113353],[29.097298,41.126158],[29.097252,41.125938],[29.097218,41.125926],[29.097372,41.125821],[29.09742,41.125593],[29.097481,41.125381],[29.097278,41.125355],[29.097358,41.125105],[29.097385,41.125109],[29.097325,41.12532],[29.097612,41.12536],[29.097641,41.125207],[29.097608,41.125196],[29.097621,41.125113],[29.097564,41.125107],[29.097574,41.125081],[29.097623,41.125079],[29.097614,41.125006],[29.097715,41.124654],[29.097584,41.124419],[29.097583,41.124162],[29.09747,41.12393],[29.097154,41.12384],[29.097057,41.123709],[29.097114,41.123452],[29.097402,41.123263],[29.097685,41.123049],[29.097801,41.123042],[29.0978,41.122964],[29.097722,41.122949],[29.097664,41.122299],[29.097685,41.12224],[29.097649,41.122136],[29.09759,41.122131],[29.097533,41.12196],[29.097509,41.121718],[29.097413,41.121729],[29.097419,41.121762],[29.097269,41.121773],[29.097236,41.121639],[29.097381,41.12162],[29.097387,41.121653],[29.097468,41.121642],[29.097416,41.121406],[29.097247,41.121432],[29.097239,41.121399],[29.097311,41.121389],[29.097247,41.121132],[29.097093,41.121138],[29.09697,41.120632],[29.096912,41.120446],[29.09699,41.120441],[29.096992,41.120463],[29.096957,41.120463],[29.096992,41.120624],[29.097265,41.120582],[29.097169,41.120322],[29.097054,41.120336],[29.097003,41.1201],[29.096965,41.120112],[29.096923,41.120063],[29.09683,41.120091],[29.096813,41.120064],[29.096928,41.120023],[29.096792,41.119805],[29.096901,41.11977],[29.096849,41.119621],[29.096769,41.11964],[29.096743,41.119558],[29.096721,41.119531],[29.096674,41.119312],[29.096591,41.119314],[29.096577,41.119202],[29.096659,41.119192],[29.096655,41.119004],[29.096573,41.119007],[29.096573,41.118996],[29.096609,41.118995],[29.096616,41.118988],[29.096616,41.118965],[29.096587,41.118933],[29.096588,41.118912],[29.096646,41.118911],[29.096624,41.118681],[29.096502,41.118686],[29.0965,41.11864],[29.096619,41.118634],[29.0966,41.118429],[29.096392,41.118211],[29.096185,41.117982],[29.096225,41.117938],[29.09621,41.117925],[29.096168,41.117922],[29.096136,41.117875],[29.096085,41.117829],[29.096139,41.117787],[29.096103,41.117762],[29.096127,41.117735],[29.096108,41.117719],[29.096092,41.117734],[29.096066,41.117731],[29.095714,41.117441],[29.095241,41.117115],[29.094828,41.116907],[29.094731,41.116988],[29.094558,41.116898],[29.094586,41.116868],[29.094573,41.116862],[29.094596,41.116841],[29.094434,41.116778],[29.094403,41.116832],[29.094326,41.116803],[29.094349,41.116749],[29.094187,41.116686],[29.094177,41.11671],[29.093423,41.11651],[29.093338,41.116876],[29.093206,41.116859],[29.093068,41.11684],[29.093154,41.116474],[29.093179,41.116373],[29.093056,41.116326],[29.091501,41.116043],[29.091419,41.116297],[29.091188,41.11626],[29.091213,41.116167],[29.09136,41.116184],[29.091428,41.115996],[29.09139,41.115964],[29.091086,41.11592],[29.090982,41.116247],[29.090071,41.116083],[29.090181,41.115756],[29.089931,41.115717]]],[[[29.096459,41.126686],[29.096581,41.126369],[29.09665,41.126386],[29.096622,41.126487],[29.096755,41.126517],[29.096669,41.126574],[29.096582,41.126553],[29.096537,41.126662],[29.096493,41.126691],[29.096459,41.126686]]]]},"properties":{"hucre_kodu":"BZ-068","ilce":"Beykoz","alan_km2":4.46,"yogunluk_puani":7,"komsular":["BZ-066","BZ-067","BZ-070","BZ-069"]}},{"type":"Feature","geometry":{"type":"MultiPolygon","coordinates":[[[[29.092543,41.130954],[29.092555,41.130942],[29.092734,41.130765],[29.092892,41.13067],[29.092873,41.130637],[29.093095,41.130422],[29.093136,41.130437],[29.093268,41.130278],[29.092907,41.130143],[29.093417,41.12945],[29.09393,41.128778],[29.094134,41.128888],[29.094146,41.129104],[29.093961,41.129019],[29.093162,41.129987],[29.093236,41.130128],[29.093538,41.130245],[29.09437,41.129322],[29.094945,41.128718],[29.09501,41.128444],[29.094963,41.128362],[29.094755,41.128298],[29.095212,41.127807],[29.095392,41.1279],[29.095996,41.127419],[29.096015,41.127425],[29.096125,41.127324],[29.096138,41.127338],[29.096224,41.127252],[29.096251,41.127221],[29.096275,41.127235],[29.096404,41.127123],[29.096384,41.127091],[29.096914,41.126634],[29.096669,41.126574],[29.096755,41.126517],[29.096986,41.12657],[29.097301,41.126173],[29.097298,41.126158],[29.116625,41.113353],[29.121157,41.119359],[29.111816,41.15649],[29.092543,41.130954]]],[[[29.096493,41.126691],[29.096537,41.126662],[29.096523,41.126695],[29.096493,41.126691]]]]},"properties":{"hucre_kodu":"BZ-069","ilce":"Beykoz","alan_km2":5.66,"yogunluk_puani":1,"komsular":["BZ-066","BZ-068","BZ-070","BZ-071"]}},{"type":"Feature","geometry":{"type":"Polygon","coordinates":[[[29.111643,41.086949],[29.112742,41.081852],[29.118148,41.07039],[29.126046,41.067312],[29.188485,41.093166],[29.19683,41.108477],[29.19683,41.119359],[29.121157,41.119359],[29.116625,41.113353],[29.111643,41.086949]]]},"properties":{"hucre_kodu":"BZ-070","ilce":"Beykoz","alan_km2":29.54,"yogunluk_puani":1,"komsular":["BZ-067","BZ-065","BZ-231","BZ-096","BZ-099","BZ-100","BZ-071","BZ-069","BZ-068"]}},{"type":"Feature","geometry":{"type":"Polygon","coordinates":[[[29.111816,41.15649],[29.121157,41.119359],[29.19683,41.119359],[29.197564,41.124946],[29.137257,41.21056],[29.137138,41.210417],[29.136951,41.209907],[29.136777,41.209781],[29.136598,41.209645],[29.136212,41.209613],[29.13614,41.209708],[29.136147,41.209869],[29.136008,41.209817],[29.135941,41.209702],[29.135809,41.209671],[29.135798,41.209611],[29.135876,41.209599],[29.135882,41.209435],[29.135736,41.209291],[29.135058,41.208959],[29.134912,41.208941],[29.134758,41.208862],[29.134549,41.208854],[29.13446,41.208951],[29.134541,41.208991],[29.134476,41.209036],[29.134208,41.209139],[29.13383,41.20921],[29.133655,41.209326],[29.133492,41.209334],[29.133476,41.209229],[29.133326,41.209314],[29.133188,41.2093],[29.133008,41.20899],[29.132949,41.208799],[29.132896,41.208128],[29.132532,41.208251],[29.132577,41.208404],[29.132502,41.208388],[29.132175,41.20843],[29.131898,41.208506],[29.132094,41.208568],[29.132043,41.208608],[29.131837,41.208596],[29.13175,41.208684],[29.131513,41.208686],[29.130721,41.206587],[29.131233,41.206164],[29.131344,41.206065],[29.131404,41.206116],[29.131483,41.206036],[29.131594,41.205758],[29.131705,41.205384],[29.131519,41.204416],[29.131504,41.204123],[29.131243,41.20346],[29.131043,41.203141],[29.130815,41.203],[29.13072,41.203044],[29.13069,41.202931],[29.13051,41.202793],[29.130232,41.202647],[29.130001,41.202743],[29.129884,41.202628],[29.129724,41.202505],[29.129473,41.202414],[29.129253,41.202407],[29.129174,41.202489],[29.129154,41.202437],[29.129161,41.202431],[29.129152,41.20243],[29.111816,41.15649]]]},"properties":{"hucre_kodu":"BZ-071","ilce":"Beykoz","alan_km2":42.07,"yogunluk_puani":1,"komsular":["BZ-069","BZ-070","BZ-100","BZ-072","BZ-066"]}},{"type":"Feature","geometry":{"type":"Polygon","coordinates":[[[29.137257,41.21056],[29.197564,41.124946],[29.218584,41.137325],[29.253633,41.199245],[29.189581,41.220463],[29.189243,41.220466],[29.188742,41.220527],[29.18833,41.220612],[29.188157,41.220638],[29.187972,41.22064],[29.18781,41.220641],[29.1876,41.220641],[29.187123,41.220645],[29.186285,41.220743],[29.185591,41.220882],[29.185234,41.220868],[29.184355,41.220895],[29.183895,41.220908],[29.183505,41.221223],[29.182939,41.221096],[29.18265,41.221043],[29.18232,41.221049],[29.182372,41.221137],[29.182485,41.221154],[29.182777,41.221128],[29.182783,41.221186],[29.182584,41.221239],[29.182371,41.221415],[29.182315,41.221528],[29.182366,41.221705],[29.182368,41.22177],[29.182304,41.221771],[29.182203,41.221725],[29.182064,41.221729],[29.181969,41.22168],[29.181847,41.221696],[29.181747,41.221638],[29.181594,41.221588],[29.18143,41.221592],[29.181485,41.221473],[29.18143,41.221461],[29.181286,41.221588],[29.18109,41.221585],[29.18094,41.221722],[29.180838,41.221789],[29.180788,41.221774],[29.180781,41.221644],[29.180579,41.221669],[29.180386,41.221754],[29.180188,41.221688],[29.180212,41.221581],[29.180149,41.22148],[29.17971,41.221359],[29.17946,41.22147],[29.179342,41.221599],[29.178957,41.221808],[29.17855,41.221903],[29.178482,41.222149],[29.178314,41.222182],[29.17821,41.222147],[29.178173,41.222283],[29.178062,41.222311],[29.177994,41.22229],[29.177807,41.222461],[29.177628,41.222421],[29.17756,41.222518],[29.177526,41.222493],[29.177485,41.222358],[29.177201,41.222421],[29.177121,41.222506],[29.176987,41.222564],[29.17681,41.222465],[29.176721,41.222465],[29.176638,41.222524],[29.176566,41.222524],[29.176575,41.222567],[29.17652,41.222564],[29.176359,41.222537],[29.176435,41.222474],[29.176515,41.222438],[29.176508,41.222383],[29.176633,41.222269],[29.176596,41.221948],[29.176439,41.221787],[29.176231,41.221695],[29.176047,41.221586],[29.175782,41.221546],[29.175675,41.221674],[29.175525,41.221672],[29.175417,41.221679],[29.175332,41.22162],[29.174898,41.221688],[29.174782,41.221884],[29.174559,41.221896],[29.174479,41.222005],[29.174235,41.222044],[29.174095,41.222175],[29.174095,41.222397],[29.17398,41.222524],[29.173816,41.222459],[29.173587,41.222602],[29.1733,41.222944],[29.173274,41.223139],[29.173024,41.223434],[29.173194,41.223504],[29.173137,41.223629],[29.173244,41.223796],[29.173188,41.223953],[29.172711,41.224186],[29.17244,41.22421],[29.172346,41.224428],[29.17222,41.224457],[29.172054,41.224358],[29.171939,41.224454],[29.171748,41.224402],[29.171346,41.224519],[29.171241,41.224463],[29.171314,41.224267],[29.171078,41.22428],[29.170548,41.224513],[29.170042,41.224719],[29.169863,41.22485],[29.169462,41.224853],[29.168918,41.224785],[29.168701,41.224677],[29.168484,41.224739],[29.168304,41.22464],[29.168492,41.224523],[29.168347,41.22445],[29.168382,41.224287],[29.168034,41.224183],[29.167716,41.224317],[29.167489,41.22441],[29.167146,41.224315],[29.166791,41.224463],[29.166724,41.224327],[29.166515,41.224313],[29.166512,41.224428],[29.166239,41.224534],[29.165447,41.224459],[29.165118,41.224331],[29.164942,41.224153],[29.164756,41.223775],[29.164809,41.223646],[29.164685,41.223579],[29.164702,41.223452],[29.164876,41.22329],[29.164648,41.223149],[29.164596,41.222814],[29.164262,41.222736],[29.164423,41.222631],[29.164339,41.222539],[29.164231,41.222537],[29.164251,41.222399],[29.163999,41.222344],[29.164066,41.222122],[29.163879,41.222181],[29.16386,41.222325],[29.163577,41.222264],[29.163337,41.222064],[29.163268,41.221846],[29.163305,41.221299],[29.163656,41.221162],[29.163495,41.22092],[29.163255,41.220829],[29.163007,41.2205],[29.162951,41.220369],[29.163259,41.220046],[29.163189,41.219824],[29.162975,41.219639],[29.162309,41.219993],[29.162206,41.219955],[29.162413,41.219883],[29.162288,41.219749],[29.162095,41.219764],[29.162104,41.219702],[29.162309,41.219613],[29.162745,41.219416],[29.162597,41.21918],[29.16271,41.218786],[29.162702,41.218339],[29.162518,41.218115],[29.162754,41.21805],[29.162648,41.217938],[29.162111,41.217538],[29.162021,41.217476],[29.161367,41.217162],[29.160991,41.217085],[29.160755,41.217104],[29.160614,41.217241],[29.160626,41.217349],[29.160594,41.217383],[29.160512,41.217352],[29.160393,41.217434],[29.160426,41.217492],[29.160333,41.217635],[29.160291,41.217751],[29.160315,41.217816],[29.160195,41.217964],[29.15994,41.218034],[29.159689,41.21803],[29.159194,41.218088],[29.159091,41.218157],[29.158593,41.218163],[29.158517,41.218296],[29.158408,41.218316],[29.157897,41.218312],[29.157791,41.218274],[29.157562,41.218325],[29.157293,41.218483],[29.157041,41.218441],[29.156833,41.218514],[29.156745,41.218619],[29.156877,41.218653],[29.156893,41.21869],[29.156787,41.218695],[29.15668,41.218719],[29.156632,41.218921],[29.156427,41.218953],[29.156247,41.218902],[29.155852,41.218965],[29.155711,41.218945],[29.15562,41.218986],[29.155514,41.21905],[29.155588,41.219102],[29.155579,41.219163],[29.155411,41.219157],[29.155273,41.219098],[29.155126,41.219078],[29.155097,41.218976],[29.155042,41.218979],[29.154987,41.218964],[29.154976,41.218905],[29.154976,41.218828],[29.155029,41.218826],[29.155065,41.218807],[29.155051,41.218769],[29.154967,41.218733],[29.154913,41.218732],[29.154825,41.218695],[29.154786,41.218727],[29.154799,41.218768],[29.154886,41.218801],[29.154913,41.218857],[29.154923,41.218967],[29.154717,41.218979],[29.154787,41.219074],[29.15487,41.219136],[29.154868,41.219207],[29.1547,41.219318],[29.154672,41.219395],[29.154591,41.219403],[29.154508,41.21942],[29.154571,41.219501],[29.154554,41.219541],[29.154182,41.219526],[29.154143,41.219587],[29.154036,41.219605],[29.153886,41.219515],[29.153952,41.21949],[29.153886,41.219429],[29.153928,41.219399],[29.15407,41.219384],[29.154082,41.21943],[29.154196,41.219449],[29.154363,41.219412],[29.15446,41.219357],[29.154302,41.219232],[29.154071,41.218947],[29.153863,41.218773],[29.153849,41.218701],[29.153766,41.218646],[29.15367,41.218455],[29.153525,41.218372],[29.153419,41.218348],[29.153339,41.218348],[29.153248,41.218272],[29.153209,41.218298],[29.153316,41.218401],[29.15337,41.218466],[29.153157,41.218472],[29.153045,41.218326],[29.152896,41.218339],[29.152846,41.218448],[29.152698,41.218493],[29.152432,41.218442],[29.152381,41.218337],[29.152341,41.218344],[29.15231,41.218238],[29.152329,41.218142],[29.152196,41.218051],[29.151945,41.218001],[29.152002,41.218124],[29.152015,41.218234],[29.151823,41.218444],[29.151817,41.218526],[29.151753,41.218549],[29.151552,41.218615],[29.151386,41.218536],[29.151439,41.218313],[29.150889,41.218201],[29.150731,41.218076],[29.150609,41.217754],[29.150679,41.21759],[29.150836,41.21738],[29.151072,41.21742],[29.151273,41.217334],[29.151337,41.217213],[29.151309,41.21708],[29.151395,41.217104],[29.151386,41.216894],[29.151622,41.216914],[29.151884,41.216605],[29.152059,41.21608],[29.152149,41.21611],[29.152216,41.216031],[29.1523,41.216051],[29.152336,41.215943],[29.152313,41.215725],[29.152167,41.21532],[29.152041,41.215152],[29.151825,41.215184],[29.151763,41.215129],[29.151872,41.215079],[29.152057,41.215023],[29.152216,41.214921],[29.152208,41.214742],[29.152131,41.214544],[29.152074,41.214484],[29.152033,41.214499],[29.151906,41.214401],[29.151963,41.214332],[29.151902,41.214282],[29.151644,41.214125],[29.15136,41.213866],[29.150899,41.213818],[29.150592,41.213807],[29.15056,41.213617],[29.150243,41.213315],[29.149902,41.213039],[29.14931,41.213075],[29.148881,41.212914],[29.148313,41.212953],[29.14799,41.212822],[29.147859,41.212599],[29.148121,41.212421],[29.148016,41.21206],[29.147702,41.211903],[29.1472,41.211991],[29.14697,41.21204],[29.14679,41.211922],[29.146608,41.211845],[29.146592,41.21199],[29.146396,41.212101],[29.146116,41.212146],[29.145884,41.212026],[29.145733,41.212048],[29.145682,41.212161],[29.145488,41.212203],[29.145338,41.212139],[29.145336,41.21204],[29.145086,41.212001],[29.144926,41.21205],[29.144779,41.212232],[29.14447,41.21225],[29.144096,41.212342],[29.143957,41.212538],[29.143779,41.212802],[29.14368,41.212839],[29.143483,41.212371],[29.142488,41.212624],[29.142174,41.21273],[29.141748,41.212636],[29.141731,41.213002],[29.141632,41.212985],[29.141558,41.212367],[29.141466,41.212351],[29.141479,41.212525],[29.141286,41.212521],[29.141158,41.212569],[29.140931,41.212532],[29.140755,41.212406],[29.140466,41.212508],[29.140375,41.212261],[29.14017,41.212317],[29.140055,41.212141],[29.139862,41.212036],[29.139596,41.211937],[29.139666,41.211792],[29.139446,41.211836],[29.139304,41.211707],[29.139563,41.211652],[29.139084,41.211542],[29.138853,41.211518],[29.138867,41.211391],[29.138147,41.211495],[29.137634,41.211331],[29.137556,41.211245],[29.137366,41.21069],[29.137257,41.21056]]]},"properties":{"hucre_kodu":"BZ-072","ilce":"Beykoz","alan_km2":57.22,"yogunluk_puani":0,"komsular":["BZ-066","BZ-071","BZ-100","BZ-074","BZ-073","BZ-186"]}},{"type":"Feature","geometry":{"type":"Polygon","coordinates":[[[29.189581,41.220463],[29.253633,41.199245],[29.293257,41.221746],[29.292805,41.221868],[29.292133,41.222017],[29.290884,41.22224],[29.29023,41.222324],[29.289838,41.222484],[29.289517,41.222762],[29.288649,41.222883],[29.288261,41.222979],[29.28791,41.223013],[29.28739,41.223232],[29.28708,41.223409],[29.286489,41.223572],[29.286441,41.223656],[29.286441,41.223735],[29.286422,41.223875],[29.286523,41.224007],[29.286437,41.224067],[29.286162,41.22411],[29.285839,41.224013],[29.285738,41.223892],[29.285499,41.223842],[29.284987,41.224041],[29.284688,41.224086],[29.28434,41.224165],[29.284083,41.224266],[29.284026,41.224356],[29.284139,41.224446],[29.284225,41.224522],[29.284153,41.224626],[29.283802,41.224671],[29.283462,41.224677],[29.283283,41.224533],[29.282916,41.224567],[29.282595,41.224646],[29.282446,41.224722],[29.2823,41.22484],[29.282375,41.225005],[29.282311,41.225211],[29.28218,41.225348],[29.281993,41.225424],[29.281736,41.225517],[29.281597,41.225613],[29.281463,41.225767],[29.281455,41.225922],[29.281182,41.226073],[29.281007,41.226043],[29.280902,41.226026],[29.280719,41.226124],[29.280581,41.226228],[29.280372,41.226321],[29.2802,41.226374],[29.279968,41.226405],[29.279628,41.226489],[29.279448,41.226571],[29.279549,41.226748],[29.279407,41.226925],[29.279022,41.227198],[29.278839,41.227355],[29.278525,41.227431],[29.278357,41.227423],[29.278163,41.227395],[29.278025,41.2274],[29.278124,41.227607],[29.277958,41.227739],[29.277793,41.22787],[29.277288,41.228002],[29.276814,41.228024],[29.276586,41.22808],[29.276268,41.228029],[29.276094,41.227904],[29.275498,41.227836],[29.275408,41.227892],[29.275207,41.227861],[29.274953,41.227858],[29.274788,41.227816],[29.274597,41.22785],[29.274444,41.22776],[29.274179,41.227783],[29.273929,41.227721],[29.273809,41.227805],[29.273577,41.227813],[29.27345,41.227712],[29.273215,41.22767],[29.273022,41.22771],[29.272505,41.227825],[29.272168,41.22778],[29.271858,41.227802],[29.271454,41.22801],[29.27132,41.228083],[29.271211,41.228249],[29.271259,41.228441],[29.271439,41.228676],[29.271552,41.228955],[29.271489,41.229265],[29.271144,41.229446],[29.270971,41.229415],[29.270924,41.229547],[29.270724,41.229615],[29.270375,41.229551],[29.270116,41.229487],[29.270013,41.229388],[29.269891,41.229377],[29.269776,41.229483],[29.269702,41.229429],[29.269765,41.229319],[29.26959,41.229277],[29.269531,41.229124],[29.269499,41.228933],[29.269315,41.229153],[29.26907,41.228906],[29.268762,41.228826],[29.268458,41.228735],[29.268154,41.228627],[29.267915,41.228383],[29.267978,41.228221],[29.267967,41.228055],[29.267776,41.227999],[29.267652,41.228023],[29.267654,41.228231],[29.267591,41.22842],[29.267652,41.228551],[29.267531,41.228826],[29.267391,41.228813],[29.267159,41.229102],[29.267389,41.229329],[29.267675,41.229527],[29.267517,41.229852],[29.267137,41.230118],[29.266921,41.230221],[29.266576,41.230488],[29.26632,41.230407],[29.265905,41.230177],[29.265595,41.230189],[29.26546,41.230243],[29.265391,41.230338],[29.265366,41.230444],[29.265451,41.230563],[29.265703,41.230752],[29.265717,41.230993],[29.265431,41.231214],[29.264866,41.231296],[29.264504,41.231069],[29.264112,41.23106],[29.263928,41.230974],[29.263802,41.230774],[29.263271,41.230723],[29.262974,41.230681],[29.262346,41.230632],[29.262114,41.230553],[29.261563,41.2305],[29.260931,41.230463],[29.260438,41.230472],[29.259997,41.230492],[29.259693,41.230461],[29.259396,41.23051],[29.259058,41.230642],[29.258853,41.23081],[29.258667,41.230808],[29.258428,41.230676],[29.258176,41.230622],[29.258064,41.230527],[29.25792,41.23047],[29.257508,41.230614],[29.257164,41.230866],[29.25686,41.231177],[29.256666,41.231472],[29.25666,41.231678],[29.256774,41.231907],[29.256693,41.232062],[29.256725,41.232248],[29.256944,41.232495],[29.257101,41.232831],[29.257465,41.232961],[29.257411,41.233219],[29.257077,41.233465],[29.25712,41.233622],[29.257387,41.233803],[29.257404,41.233973],[29.257235,41.234121],[29.257099,41.234144],[29.25699,41.234113],[29.256912,41.234348],[29.25696,41.234542],[29.257123,41.234647],[29.257031,41.235024],[29.256819,41.235053],[29.256519,41.235144],[29.25635,41.235334],[29.256109,41.235306],[29.256031,41.235152],[29.256114,41.234873],[29.255994,41.234679],[29.255474,41.234497],[29.25489,41.234225],[29.254176,41.234094],[29.253248,41.234157],[29.253166,41.234127],[29.253099,41.234113],[29.252947,41.234064],[29.252809,41.234025],[29.25267,41.234048],[29.252501,41.233906],[29.25241,41.233942],[29.252167,41.233991],[29.252047,41.233972],[29.251935,41.233888],[29.25183,41.234007],[29.251836,41.234089],[29.251696,41.23411],[29.251321,41.233875],[29.251144,41.233773],[29.251112,41.233699],[29.251023,41.233585],[29.25089,41.233528],[29.250757,41.233385],[29.250602,41.233154],[29.250475,41.233108],[29.250239,41.233043],[29.250077,41.232902],[29.249903,41.232876],[29.249749,41.232802],[29.249483,41.232605],[29.248819,41.232332],[29.248678,41.232285],[29.248488,41.232285],[29.248188,41.232358],[29.247881,41.232425],[29.247735,41.232395],[29.24758,41.232307],[29.247453,41.232177],[29.247335,41.232062],[29.246996,41.232069],[29.246301,41.23202],[29.245718,41.231901],[29.245453,41.231702],[29.245309,41.231651],[29.245269,41.23158],[29.245344,41.231471],[29.245453,41.231425],[29.245526,41.231398],[29.245562,41.23131],[29.245339,41.230923],[29.245147,41.230652],[29.245021,41.230404],[29.245085,41.230238],[29.245113,41.230064],[29.244854,41.229958],[29.244648,41.23003],[29.244373,41.229806],[29.244393,41.22967],[29.244464,41.229601],[29.244298,41.22927],[29.2441,41.22911],[29.244055,41.229],[29.243757,41.228888],[29.243489,41.228757],[29.243309,41.228676],[29.243135,41.228551],[29.242446,41.228307],[29.241823,41.228025],[29.241371,41.227877],[29.24079,41.228032],[29.239985,41.228173],[29.239596,41.228238],[29.238707,41.228561],[29.238295,41.228906],[29.238282,41.229254],[29.237839,41.229342],[29.237556,41.229194],[29.237111,41.229071],[29.237025,41.228868],[29.23684,41.228718],[29.236419,41.228611],[29.236148,41.228681],[29.236001,41.228581],[29.235743,41.22853],[29.235607,41.228722],[29.235352,41.228833],[29.2351,41.22893],[29.234827,41.229048],[29.234651,41.229427],[29.234787,41.229504],[29.234802,41.229589],[29.234765,41.229788],[29.234571,41.229839],[29.234107,41.230123],[29.234141,41.229961],[29.233877,41.229876],[29.233883,41.229751],[29.233907,41.229693],[29.233763,41.229601],[29.233566,41.229582],[29.233253,41.229617],[29.23316,41.229765],[29.232973,41.229876],[29.232656,41.229991],[29.232469,41.229811],[29.232699,41.229608],[29.233047,41.229333],[29.233102,41.229094],[29.233034,41.22891],[29.232798,41.228681],[29.231909,41.228951],[29.231279,41.229007],[29.230553,41.228724],[29.230412,41.228567],[29.230286,41.228588],[29.229536,41.228699],[29.229284,41.228586],[29.229376,41.228468],[29.229235,41.22829],[29.228903,41.228153],[29.228758,41.228156],[29.227317,41.228761],[29.226501,41.229107],[29.225875,41.229277],[29.225613,41.229325],[29.224999,41.229564],[29.225016,41.229721],[29.224796,41.230087],[29.22472,41.230179],[29.224648,41.23024],[29.224372,41.230398],[29.223947,41.230581],[29.223714,41.230523],[29.223394,41.230387],[29.223248,41.230284],[29.223059,41.230126],[29.222961,41.230004],[29.223024,41.229877],[29.223133,41.229353],[29.222896,41.229143],[29.222708,41.229131],[29.222029,41.229143],[29.221396,41.229118],[29.220052,41.228995],[29.21976,41.228919],[29.219496,41.228946],[29.219217,41.229113],[29.21901,41.22919],[29.218669,41.229409],[29.218654,41.229462],[29.218598,41.229471],[29.218574,41.229571],[29.218632,41.229587],[29.218632,41.229633],[29.218571,41.229633],[29.2185,41.229779],[29.218896,41.2301],[29.218979,41.230269],[29.218798,41.230394],[29.218608,41.230496],[29.218506,41.230643],[29.218598,41.230882],[29.218644,41.231099],[29.218626,41.231344],[29.21846,41.231392],[29.218355,41.231344],[29.218343,41.231154],[29.218414,41.23109],[29.218337,41.230854],[29.21822,41.230704],[29.218014,41.230697],[29.217674,41.230752],[29.217492,41.23086],[29.217249,41.230993],[29.216941,41.230974],[29.216603,41.23081],[29.216087,41.230796],[29.215635,41.230824],[29.215383,41.231013],[29.215152,41.231228],[29.21506,41.231309],[29.214952,41.231272],[29.215038,41.231138],[29.214808,41.230969],[29.214906,41.230837],[29.214891,41.230706],[29.214778,41.230541],[29.214608,41.230446],[29.214211,41.230409],[29.214061,41.230302],[29.213882,41.229983],[29.214038,41.229622],[29.214429,41.229209],[29.214597,41.229154],[29.214656,41.229058],[29.21476,41.22904],[29.214882,41.22898],[29.214889,41.228895],[29.214783,41.228861],[29.214935,41.228646],[29.2151,41.22835],[29.215226,41.228303],[29.215306,41.228196],[29.21518,41.228121],[29.215232,41.227985],[29.215529,41.22764],[29.215568,41.227599],[29.215757,41.22739],[29.21609,41.227085],[29.216023,41.226961],[29.216066,41.226938],[29.216167,41.227034],[29.216338,41.226963],[29.216693,41.2264],[29.216849,41.226013],[29.216614,41.225724],[29.216276,41.225434],[29.216059,41.225182],[29.21543,41.224638],[29.215262,41.224536],[29.215065,41.224495],[29.214744,41.224766],[29.214672,41.224734],[29.215213,41.224241],[29.214726,41.223943],[29.213964,41.224565],[29.213909,41.224532],[29.214559,41.223884],[29.214346,41.223704],[29.214156,41.223478],[29.213658,41.223232],[29.213423,41.223114],[29.212901,41.222928],[29.21248,41.222757],[29.211979,41.222614],[29.211725,41.222499],[29.211449,41.222352],[29.211199,41.222319],[29.210592,41.222134],[29.210086,41.222089],[29.209245,41.221953],[29.208776,41.221842],[29.208203,41.22179],[29.207618,41.221649],[29.207443,41.221636],[29.207196,41.221654],[29.206969,41.22155],[29.206611,41.22153],[29.206289,41.221497],[29.205895,41.221495],[29.20561,41.221506],[29.205366,41.22151],[29.20517,41.221523],[29.204955,41.2215],[29.204479,41.221534],[29.204353,41.221515],[29.204283,41.221495],[29.204175,41.221463],[29.203669,41.221504],[29.202956,41.22151],[29.202325,41.221674],[29.201936,41.221961],[29.20181,41.222032],[29.201618,41.222127],[29.201365,41.222348],[29.201133,41.222541],[29.201345,41.22268],[29.201318,41.222727],[29.201297,41.222794],[29.201387,41.222903],[29.201585,41.223078],[29.201869,41.223179],[29.201878,41.223182],[29.201944,41.223415],[29.201732,41.223661],[29.201494,41.223826],[29.20113,41.223809],[29.200705,41.223919],[29.200394,41.223907],[29.200079,41.224047],[29.199709,41.2239],[29.199597,41.223683],[29.199459,41.223551],[29.199438,41.223362],[29.199575,41.22326],[29.199717,41.223154],[29.200037,41.222905],[29.200397,41.222693],[29.200484,41.222635],[29.200617,41.222568],[29.200713,41.22252],[29.200774,41.222423],[29.200759,41.222269],[29.200668,41.221914],[29.200572,41.221735],[29.200238,41.221474],[29.199932,41.221268],[29.199565,41.221039],[29.199261,41.220868],[29.198841,41.220673],[29.198444,41.22054],[29.198037,41.220466],[29.197925,41.220446],[29.197803,41.220377],[29.197568,41.220317],[29.197338,41.220297],[29.197136,41.220295],[29.196418,41.220313],[29.196015,41.220224],[29.195667,41.220206],[29.194841,41.220198],[29.194159,41.220246],[29.19407,41.220196],[29.193703,41.220178],[29.192535,41.220198],[29.192118,41.220193],[29.191447,41.220293],[29.190381,41.220408],[29.189897,41.22046],[29.189581,41.220463]]]},"properties":{"hucre_kodu":"BZ-073","ilce":"Beykoz","alan_km2":16.46,"yogunluk_puani":1,"komsular":["BZ-186","BZ-072","BZ-074","BZ-191","BZ-184"]}},{"type":"Feature","geometry":{"type":"Polygon","coordinates":[[[29.218584,41.137325],[29.304292,41.137325],[29.390785,41.165976],[29.400772,41.210082],[29.400568,41.210115],[29.399892,41.210268],[29.398937,41.210631],[29.398615,41.210752],[29.39839,41.210874],[29.39809,41.210979],[29.398047,41.21118],[29.397842,41.211387],[29.396883,41.21159],[29.39648,41.211879],[29.396308,41.211815],[29.396102,41.212124],[29.395759,41.212034],[29.395493,41.211847],[29.39551,41.21164],[29.395184,41.211625],[29.394677,41.21175],[29.394394,41.212002],[29.394583,41.212066],[29.394583,41.212415],[29.393505,41.212173],[29.392825,41.212188],[29.392403,41.212195],[29.391974,41.212376],[29.391825,41.212722],[29.391659,41.212854],[29.391495,41.212985],[29.390145,41.21327],[29.389979,41.213402],[29.389658,41.213922],[29.389526,41.214952],[29.389182,41.21483],[29.389007,41.214706],[29.388554,41.214589],[29.387526,41.214353],[29.386837,41.214111],[29.386637,41.214131],[29.386456,41.214058],[29.386148,41.213869],[29.385894,41.213743],[29.3856,41.213568],[29.385111,41.213377],[29.384103,41.213205],[29.383743,41.213148],[29.382724,41.21317],[29.38204,41.213056],[29.381653,41.212852],[29.381002,41.212564],[29.380813,41.212054],[29.380639,41.211929],[29.379271,41.211701],[29.378582,41.211458],[29.377861,41.211426],[29.377912,41.211729],[29.377233,41.211743],[29.376893,41.21175],[29.376728,41.211882],[29.376406,41.212402],[29.376242,41.212533],[29.375232,41.212811],[29.374897,41.212947],[29.374708,41.212437],[29.374534,41.212312],[29.373855,41.212326],[29.373175,41.21234],[29.372836,41.212347],[29.372156,41.212361],[29.371981,41.212237],[29.371807,41.212112],[29.371095,41.211983],[29.370944,41.211745],[29.37077,41.21162],[29.370595,41.211495],[29.370421,41.21137],[29.37036,41.211369],[29.370194,41.211501],[29.37003,41.211633],[29.36969,41.21164],[29.369341,41.21139],[29.368653,41.211147],[29.368313,41.211154],[29.367303,41.211432],[29.366973,41.211695],[29.366633,41.211702],[29.366284,41.211453],[29.365605,41.211467],[29.365256,41.211217],[29.363209,41.211003],[29.361841,41.210774],[29.361501,41.210781],[29.359812,41.211072],[29.357774,41.211114],[29.357277,41.210777],[29.356827,41.210916],[29.35556,41.211309],[29.355099,41.211422],[29.354799,41.211552],[29.354348,41.211745],[29.354155,41.211963],[29.354074,41.212217],[29.353578,41.212612],[29.353093,41.212544],[29.353074,41.21275],[29.352621,41.212819],[29.352725,41.212501],[29.352041,41.212387],[29.351784,41.212778],[29.351205,41.213077],[29.350303,41.212738],[29.349767,41.212714],[29.349681,41.212431],[29.349305,41.212238],[29.348233,41.212512],[29.346634,41.212916],[29.346023,41.213133],[29.345647,41.213319],[29.345293,41.213808],[29.345471,41.214061],[29.34566,41.214571],[29.345316,41.214449],[29.344618,41.21395],[29.344067,41.213874],[29.343599,41.213971],[29.343269,41.214234],[29.342919,41.214229],[29.342426,41.214431],[29.342447,41.214697],[29.342233,41.214697],[29.342222,41.214536],[29.34205,41.214488],[29.341953,41.214649],[29.341664,41.21473],[29.341278,41.215036],[29.341192,41.214899],[29.340934,41.214875],[29.340741,41.214722],[29.340472,41.214903],[29.340234,41.214938],[29.340065,41.215077],[29.339908,41.215329],[29.339679,41.215207],[29.339357,41.215222],[29.339078,41.215278],[29.339089,41.215085],[29.339035,41.214907],[29.339035,41.214706],[29.338862,41.21458],[29.338522,41.214587],[29.338252,41.214689],[29.338113,41.214907],[29.338209,41.214996],[29.338102,41.215133],[29.337598,41.214859],[29.337163,41.214615],[29.336823,41.214622],[29.336471,41.214609],[29.335924,41.214835],[29.335709,41.214964],[29.335291,41.215077],[29.335205,41.215335],[29.334965,41.215527],[29.334368,41.21565],[29.334261,41.215448],[29.333875,41.215496],[29.333521,41.216005],[29.333682,41.216312],[29.333392,41.216376],[29.333141,41.216237],[29.332802,41.216244],[29.33248,41.216626],[29.332298,41.216586],[29.331901,41.216053],[29.332104,41.215744],[29.331929,41.21562],[29.331755,41.215495],[29.331465,41.215352],[29.3311,41.215312],[29.330768,41.215707],[29.330328,41.215384],[29.329995,41.215586],[29.329705,41.215909],[29.329727,41.216304],[29.329877,41.21649],[29.329587,41.216579],[29.329448,41.216353],[29.329065,41.216319],[29.328611,41.216272],[29.328376,41.216076],[29.328032,41.215956],[29.327517,41.216587],[29.327753,41.216789],[29.327385,41.216867],[29.327313,41.217047],[29.32713,41.217023],[29.326712,41.216716],[29.326208,41.216539],[29.325983,41.216563],[29.325661,41.216442],[29.325115,41.216541],[29.324631,41.216522],[29.32418,41.216409],[29.323923,41.216514],[29.32374,41.216684],[29.323396,41.216602],[29.323161,41.216353],[29.322614,41.216555],[29.32194,41.21672],[29.32021,41.216926],[29.319179,41.216749],[29.317947,41.217305],[29.317552,41.217596],[29.31722,41.217842],[29.317054,41.217974],[29.316638,41.218346],[29.316434,41.218492],[29.316166,41.21871],[29.316048,41.219089],[29.315586,41.219315],[29.31534,41.219081],[29.315128,41.219282],[29.314846,41.219339],[29.314548,41.219179],[29.314382,41.219311],[29.314084,41.219307],[29.313569,41.21921],[29.313462,41.219412],[29.313363,41.219332],[29.313249,41.219265],[29.312936,41.219339],[29.312679,41.219407],[29.312432,41.21946],[29.312282,41.219525],[29.311863,41.219638],[29.311692,41.219702],[29.311456,41.219912],[29.311681,41.220162],[29.311209,41.220186],[29.310998,41.220275],[29.310834,41.2203],[29.310837,41.22039],[29.310856,41.220537],[29.310393,41.220629],[29.310236,41.220626],[29.310011,41.220848],[29.309914,41.220944],[29.309705,41.220899],[29.309506,41.22082],[29.309331,41.220696],[29.308988,41.220533],[29.308809,41.220321],[29.30824,41.220356],[29.308008,41.220443],[29.308001,41.220533],[29.307836,41.220615],[29.307551,41.220575],[29.307207,41.220606],[29.30682,41.220567],[29.30643,41.220369],[29.305811,41.220418],[29.305325,41.220443],[29.304787,41.220499],[29.30426,41.220738],[29.30417,41.220859],[29.304196,41.22123],[29.304066,41.221354],[29.303718,41.221286],[29.303139,41.221149],[29.302711,41.220957],[29.302548,41.221053],[29.301697,41.221106],[29.301453,41.22145],[29.301169,41.221517],[29.300769,41.221379],[29.300594,41.221506],[29.300556,41.221686],[29.300437,41.221762],[29.300205,41.221694],[29.299775,41.221627],[29.299401,41.22159],[29.29899,41.221582],[29.298613,41.221573],[29.298146,41.221688],[29.297862,41.221773],[29.297253,41.222062],[29.297111,41.222244],[29.296886,41.222147],[29.296434,41.221798],[29.296079,41.221556],[29.295447,41.221486],[29.294547,41.221568],[29.294151,41.221655],[29.293459,41.221691],[29.293257,41.221746],[29.253633,41.199245],[29.218584,41.137325]]]},"properties":{"hucre_kodu":"BZ-074","ilce":"Beykoz","alan_km2":99.02,"yogunluk_puani":1,"komsular":["BZ-072","BZ-100","BZ-101","BZ-190","BZ-191","BZ-073"]}},{"type":"Feature","geometry":{"type":"Polygon","coordinates":[[[28.59485,40.973782],[28.594852,40.973574],[28.59524,40.972955],[28.595575,40.972441],[28.595738,40.972255],[28.595926,40.972125],[28.596239,40.971933],[28.596576,40.971777],[28.596696,40.971749],[28.596799,40.971732],[28.596925,40.971721],[28.597143,40.9717],[28.597314,40.97167],[28.597465,40.971566],[28.597611,40.971428],[28.59772,40.971309],[28.597839,40.971124],[28.598129,40.97067],[28.598478,40.969872],[28.598527,40.969663],[28.598655,40.969243],[28.5989,40.969108],[28.599089,40.968975],[28.599138,40.968835],[28.599052,40.968585],[28.599022,40.968492],[28.598949,40.96829],[28.598864,40.967942],[28.598796,40.967797],[28.598646,40.967857],[28.598672,40.967928],[28.598335,40.968129],[28.597726,40.968553],[28.597569,40.96871],[28.597524,40.968811],[28.597525,40.9689],[28.597549,40.969036],[28.597583,40.969199],[28.597597,40.969302],[28.597609,40.969394],[28.597625,40.96947],[28.597638,40.969522],[28.597703,40.969578],[28.597774,40.969546],[28.597853,40.969504],[28.597891,40.969479],[28.597923,40.969447],[28.598013,40.969103],[28.59804,40.969049],[28.598062,40.969003],[28.598109,40.968917],[28.598252,40.968755],[28.598405,40.968564],[28.598423,40.968574],[28.598128,40.968935],[28.5981,40.968986],[28.598064,40.969055],[28.598035,40.969108],[28.598006,40.969202],[28.597973,40.969336],[28.597943,40.969456],[28.597898,40.969497],[28.597836,40.969535],[28.597763,40.969574],[28.597715,40.969595],[28.597743,40.969612],[28.597777,40.969637],[28.597781,40.969693],[28.597751,40.969741],[28.59769,40.969777],[28.597573,40.969796],[28.597469,40.969789],[28.5974,40.96973],[28.597362,40.969653],[28.597368,40.969603],[28.597403,40.969562],[28.597416,40.969499],[28.597317,40.96908],[28.597276,40.968884],[28.597297,40.96879],[28.59748,40.968527],[28.597721,40.968315],[28.597915,40.96818],[28.598076,40.968056],[28.59816,40.967965],[28.598206,40.967874],[28.598225,40.967748],[28.598177,40.967636],[28.59802,40.967404],[28.597863,40.967158],[28.597807,40.967081],[28.596116,40.964794],[28.595979,40.964563],[28.59591,40.964373],[28.595946,40.964164],[28.596065,40.963983],[28.596211,40.963876],[28.598338,40.96292],[28.599996,40.962184],[28.600258,40.962073],[28.600576,40.962034],[28.600875,40.962055],[28.60118,40.962122],[28.601413,40.962229],[28.60169,40.962428],[28.602031,40.962898],[28.602041,40.963058],[28.601996,40.963157],[28.601752,40.963206],[28.601489,40.963059],[28.601375,40.962906],[28.601426,40.962773],[28.60132,40.962637],[28.601146,40.962512],[28.600947,40.962428],[28.600707,40.962372],[28.600429,40.962387],[28.599953,40.962556],[28.596829,40.963995],[28.596528,40.964122],[28.596377,40.964207],[28.596348,40.964374],[28.596517,40.964588],[28.597118,40.965348],[28.600209,40.963975],[28.600309,40.964105],[28.597248,40.965511],[28.59815,40.966622],[28.598645,40.966424],[28.598331,40.966007],[28.598519,40.965933],[28.598825,40.96633],[28.5995,40.966022],[28.599216,40.965612],[28.599394,40.965542],[28.599702,40.965933],[28.60049,40.96557],[28.600199,40.965196],[28.600389,40.965111],[28.6007,40.965487],[28.602279,40.964768],[28.601849,40.964181],[28.601923,40.964151],[28.60219,40.964135],[28.602872,40.964157],[28.60332,40.964166],[28.603617,40.964203],[28.603743,40.964259],[28.603956,40.964424],[28.604457,40.964847],[28.604928,40.965065],[28.605518,40.965265],[28.605975,40.965356],[28.606265,40.965346],[28.606369,40.965339],[28.606458,40.965333],[28.607239,40.96514],[28.607859,40.964911],[28.60855,40.964372],[28.609094,40.963943],[28.609848,40.963673],[28.610743,40.963528],[28.611445,40.963397],[28.612121,40.963032],[28.612979,40.962713],[28.613723,40.96254],[28.614141,40.962401],[28.621755,40.982576],[28.617853,40.998087],[28.610206,41.008218],[28.597054,40.999505],[28.597047,40.999363],[28.596991,40.999095],[28.596974,40.998861],[28.597003,40.998259],[28.597015,40.998131],[28.597098,40.997594],[28.597197,40.997244],[28.597196,40.997013],[28.597202,40.996182],[28.597225,40.995503],[28.597315,40.994551],[28.597255,40.99427],[28.597095,40.993781],[28.596939,40.993236],[28.596999,40.993212],[28.596997,40.992953],[28.597234,40.992371],[28.597104,40.991905],[28.596821,40.991116],[28.596777,40.991093],[28.596845,40.990997],[28.596653,40.99091],[28.596612,40.990859],[28.596482,40.990434],[28.596441,40.990442],[28.596327,40.98989],[28.596263,40.989531],[28.596194,40.989158],[28.596146,40.988719],[28.596119,40.988392],[28.596117,40.988081],[28.596181,40.988078],[28.596189,40.987965],[28.596117,40.987947],[28.596138,40.987896],[28.596198,40.987905],[28.596214,40.987807],[28.596268,40.987645],[28.596227,40.987603],[28.596334,40.987364],[28.596412,40.987206],[28.596584,40.986897],[28.596761,40.986541],[28.596955,40.986131],[28.597265,40.98532],[28.597317,40.985155],[28.597383,40.98516],[28.597426,40.985035],[28.597368,40.985023],[28.597449,40.984778],[28.597509,40.98471],[28.597478,40.984647],[28.597541,40.984459],[28.597595,40.984474],[28.597665,40.984271],[28.597602,40.984253],[28.597651,40.984163],[28.59769,40.984179],[28.597731,40.984055],[28.597718,40.983933],[28.597904,40.983447],[28.598186,40.982748],[28.598499,40.981784],[28.59859,40.981809],[28.598903,40.981152],[28.598817,40.980708],[28.59877,40.980617],[28.598743,40.98053],[28.598701,40.980407],[28.598184,40.979492],[28.597825,40.979077],[28.59736,40.978462],[28.59697,40.977827],[28.59688,40.977743],[28.596804,40.977627],[28.596675,40.977432],[28.596518,40.977095],[28.596182,40.976552],[28.595823,40.976104],[28.595654,40.975808],[28.59516,40.97471],[28.594991,40.974001],[28.59485,40.973782]]]},"properties":{"hucre_kodu":"BZ-075","ilce":"Beylikdüzü","alan_km2":7.98,"yogunluk_puani":3,"komsular":["BZ-076","BZ-077","BZ-087","BZ-085","BZ-078"]}},{"type":"Feature","geometry":{"type":"Polygon","coordinates":[[[28.617853,40.998087],[28.621755,40.982576],[28.646522,40.993515],[28.641921,40.998087],[28.617853,40.998087]]]},"properties":{"hucre_kodu":"BZ-076","ilce":"Beylikdüzü","alan_km2":2.51,"yogunluk_puani":16,"komsular":["BZ-079","BZ-077","BZ-075","BZ-078"]}},{"type":"Feature","geometry":{"type":"Polygon","coordinates":[[[28.610206,41.008218],[28.617853,40.998087],[28.641921,40.998087],[28.62607,41.029591],[28.617932,41.028692],[28.610206,41.008218]]]},"properties":{"hucre_kodu":"BZ-077","ilce":"Beylikdüzü","alan_km2":5.81,"yogunluk_puani":19,"komsular":["BZ-079","BZ-088","BZ-087","BZ-075","BZ-076"]}},{"type":"Feature","geometry":{"type":"Polygon","coordinates":[[[28.614141,40.962401],[28.614567,40.962259],[28.615465,40.961821],[28.616336,40.961724],[28.616871,40.961947],[28.618396,40.96152],[28.619393,40.961106],[28.620143,40.960995],[28.620747,40.960717],[28.621763,40.960702],[28.622101,40.960697],[28.62244,40.960693],[28.623123,40.96094],[28.623807,40.961187],[28.625167,40.961424],[28.625512,40.961676],[28.628559,40.961633],[28.62968,40.961347],[28.629852,40.961268],[28.630002,40.961314],[28.6301,40.961312],[28.630221,40.961298],[28.630342,40.961325],[28.630816,40.961485],[28.631944,40.961585],[28.632283,40.961581],[28.632681,40.96166],[28.633238,40.961741],[28.63387,40.961717],[28.635338,40.96188],[28.635748,40.962005],[28.636246,40.962082],[28.636692,40.962158],[28.637369,40.962229],[28.638611,40.962346],[28.640427,40.962235],[28.640776,40.962311],[28.641256,40.962356],[28.641895,40.962293],[28.642758,40.962269],[28.643942,40.96235],[28.644432,40.962345],[28.645076,40.96244],[28.645856,40.962671],[28.6468,40.962761],[28.648335,40.962735],[28.651871,40.962788],[28.652135,40.962811],[28.652855,40.962769],[28.653187,40.962716],[28.653705,40.962647],[28.654144,40.962543],[28.65491,40.962254],[28.655862,40.961083],[28.656255,40.960796],[28.657105,40.96064],[28.657542,40.96057],[28.657732,40.960593],[28.657818,40.960671],[28.657818,40.960773],[28.65768,40.960908],[28.657429,40.960942],[28.656655,40.960959],[28.656426,40.961],[28.656316,40.961051],[28.656139,40.961244],[28.654989,40.962546],[28.65494,40.962648],[28.654904,40.962758],[28.654837,40.962812],[28.654735,40.962857],[28.654788,40.962924],[28.654278,40.963166],[28.654315,40.963209],[28.654171,40.963291],[28.654192,40.963331],[28.654243,40.963387],[28.654356,40.963483],[28.654655,40.963537],[28.65514,40.963593],[28.655397,40.963597],[28.655513,40.963564],[28.65558,40.963542],[28.655653,40.963495],[28.655691,40.963411],[28.6557,40.963317],[28.655675,40.963235],[28.655389,40.963],[28.655376,40.962971],[28.655387,40.96293],[28.655452,40.962899],[28.655508,40.962897],[28.65558,40.962907],[28.656304,40.963219],[28.656597,40.96335],[28.65708,40.963618],[28.657443,40.963637],[28.658049,40.963647],[28.658361,40.963634],[28.658642,40.963594],[28.658717,40.963556],[28.658744,40.963522],[28.658771,40.963474],[28.658805,40.963383],[28.658841,40.963277],[28.658878,40.963236],[28.658921,40.963209],[28.659162,40.963179],[28.660031,40.963068],[28.660798,40.962956],[28.661555,40.962849],[28.662196,40.962771],[28.662217,40.962769],[28.662272,40.963033],[28.662838,40.96295],[28.663394,40.962873],[28.663951,40.9628],[28.664473,40.96273],[28.664881,40.962662],[28.664821,40.962428],[28.664575,40.961295],[28.664836,40.961255],[28.664827,40.9612],[28.664575,40.961233],[28.663872,40.961329],[28.663867,40.961131],[28.66378,40.961098],[28.66357,40.961071],[28.659543,40.961548],[28.657956,40.961868],[28.65772,40.961897],[28.657639,40.961864],[28.657583,40.961813],[28.65759,40.961762],[28.657691,40.961698],[28.659647,40.961309],[28.663078,40.960875],[28.663313,40.960846],[28.663905,40.960869],[28.664056,40.960942],[28.66487,40.960922],[28.665012,40.960979],[28.665377,40.960944],[28.665769,40.960942],[28.665995,40.960918],[28.66609,40.960908],[28.666505,40.960877],[28.666804,40.960782],[28.666695,40.958253],[28.666684,40.958115],[28.666904,40.9579],[28.667856,40.957649],[28.668599,40.9575],[28.669353,40.957353],[28.669704,40.957317],[28.670469,40.957322],[28.671422,40.957195],[28.671884,40.957164],[28.672161,40.957243],[28.672321,40.957415],[28.672385,40.957573],[28.672321,40.957711],[28.672515,40.95763],[28.672687,40.957813],[28.671209,40.958559],[28.669167,40.959556],[28.669057,40.963216],[28.66937,40.963218],[28.669372,40.963285],[28.669595,40.963287],[28.669819,40.963313],[28.66989,40.963353],[28.669879,40.963473],[28.670604,40.963489],[28.670639,40.96205],[28.670897,40.96205],[28.670832,40.963787],[28.671596,40.963811],[28.671591,40.963955],[28.67239,40.964008],[28.672639,40.961328],[28.674678,40.961412],[28.674388,40.964593],[28.675107,40.964679],[28.67588,40.964826],[28.676252,40.96131],[28.676566,40.961318],[28.676236,40.964888],[28.669385,40.98486],[28.646522,40.993515],[28.621755,40.982576],[28.614141,40.962401]]]},"properties":{"hucre_kodu":"BZ-078","ilce":"Beylikdüzü","alan_km2":13.44,"yogunluk_puani":2,"komsular":["BZ-029","BZ-025","BZ-079","BZ-076","BZ-075","BZ-085"]}},{"type":"Feature","geometry":{"type":"Polygon","coordinates":[[[28.62607,41.029591],[28.641921,40.998087],[28.646522,40.993515],[28.669385,40.98486],[28.673103,41.007028],[28.670134,41.010962],[28.638449,41.036152],[28.62607,41.029591]]]},"properties":{"hucre_kodu":"BZ-079","ilce":"Beylikdüzü","alan_km2":11.62,"yogunluk_puani":21,"komsular":["BZ-109","BZ-106","BZ-088","BZ-077","BZ-076","BZ-078","BZ-025"]}},{"type":"Feature","geometry":{"type":"MultiPolygon","coordinates":[[[[28.937946,41.038511],[28.9461,41.038511],[28.946058,41.038585],[28.945967,41.038729],[28.945517,41.039441],[28.944746,41.040694],[28.9449,41.04078],[28.944855,41.040811],[28.944817,41.04086],[28.944566,41.040765],[28.943698,41.041036],[28.94287,41.041295],[28.942432,41.041432],[28.942307,41.041471],[28.941344,41.041785],[28.941122,41.041857],[28.940762,41.041974],[28.939972,41.042272],[28.939683,41.042549],[28.939637,41.042663],[28.939588,41.042741],[28.939481,41.042907],[28.939318,41.043141],[28.939237,41.043257],[28.93914,41.043398],[28.939026,41.04347],[28.938936,41.043602],[28.938757,41.04385],[28.938716,41.043925],[28.938641,41.044097],[28.93855,41.04434],[28.938542,41.044366],[28.938536,41.044383],[28.938494,41.044486],[28.938405,41.044741],[28.938362,41.044864],[28.938306,41.045058],[28.938266,41.04532],[28.938502,41.045484],[28.938297,41.045651],[28.938266,41.045642],[28.938264,41.045966],[28.938262,41.046253],[28.93826,41.046447],[28.938225,41.046468],[28.938194,41.046618],[28.938217,41.046636],[28.9382,41.046723],[28.938181,41.046824],[28.938052,41.046944],[28.937946,41.047051],[28.937946,41.038511]]],[[[28.937946,41.054478],[28.93818,41.054697],[28.938273,41.054761],[28.938489,41.05491],[28.938723,41.055079],[28.939218,41.05532],[28.939262,41.055267],[28.939901,41.055472],[28.940129,41.055545],[28.940728,41.055657],[28.941374,41.055791],[28.941864,41.055884],[28.942542,41.056103],[28.9428,41.056214],[28.942969,41.05634],[28.943209,41.05643],[28.943479,41.056428],[28.943917,41.056345],[28.944308,41.056359],[28.94466,41.056419],[28.945177,41.056588],[28.945389,41.056735],[28.945518,41.056863],[28.94562,41.056924],[28.945887,41.056933],[28.946151,41.056863],[28.946338,41.056892],[28.946635,41.056938],[28.946859,41.057196],[28.946892,41.057405],[28.946843,41.057696],[28.946774,41.058107],[28.946756,41.05821],[28.946689,41.058316],[28.946356,41.058838],[28.946354,41.059309],[28.946254,41.059654],[28.946222,41.059775],[28.946094,41.060254],[28.945904,41.060715],[28.945737,41.061173],[28.945441,41.061752],[28.945343,41.062023],[28.945256,41.062266],[28.945067,41.062634],[28.944724,41.063214],[28.939038,41.063214],[28.937946,41.060803],[28.937946,41.054478]]],[[[28.939012,41.049334],[28.939287,41.049206],[28.939641,41.048292],[28.939804,41.048175],[28.939831,41.048177],[28.939974,41.047762],[28.940105,41.047529],[28.940365,41.047031],[28.940329,41.046999],[28.940662,41.046681],[28.940597,41.046655],[28.940625,41.046615],[28.940654,41.046574],[28.940668,41.046554],[28.940741,41.046583],[28.94099,41.046502],[28.941156,41.046346],[28.941309,41.046177],[28.941322,41.045939],[28.941329,41.045722],[28.941535,41.045489],[28.94217,41.045129],[28.94229,41.045071],[28.942609,41.044915],[28.942912,41.04477],[28.943329,41.044571],[28.943649,41.044486],[28.944179,41.044328],[28.944595,41.044203],[28.945477,41.043749],[28.945711,41.04352],[28.946329,41.043257],[28.946775,41.043069],[28.947533,41.042507],[28.947729,41.042296],[28.9479,41.042107],[28.948149,41.04184],[28.947922,41.041558],[28.947934,41.041548],[28.948031,41.041465],[28.948262,41.041269],[28.948178,41.041204],[28.948329,41.041106],[28.948819,41.041482],[28.948919,41.041402],[28.948999,41.041459],[28.949098,41.041377],[28.94873,41.041081],[28.948715,41.041036],[28.948744,41.041005],[28.948604,41.040883],[28.948642,41.040858],[28.948772,41.040772],[28.948821,41.040782],[28.94886,41.040766],[28.948885,41.040728],[28.948912,41.04069],[28.949009,41.040616],[28.949062,41.040551],[28.949139,41.040491],[28.949208,41.040449],[28.94936,41.040309],[28.9495,41.040089],[28.949665,41.039867],[28.949779,41.039702],[28.949813,41.039694],[28.94985,41.03964],[28.949883,41.039592],[28.949917,41.039548],[28.949946,41.03951],[28.950065,41.039353],[28.950151,41.03923],[28.950157,41.039143],[28.950183,41.039074],[28.950211,41.039001],[28.950222,41.038961],[28.950295,41.03866],[28.95034,41.038511],[28.953257,41.038511],[28.960037,41.056477],[28.94761,41.063064],[28.947547,41.063014],[28.947533,41.062915],[28.947358,41.062773],[28.947283,41.061997],[28.947271,41.06177],[28.947431,41.061598],[28.947425,41.060741],[28.948199,41.059144],[28.948204,41.058217],[28.948475,41.05756],[28.948454,41.057168],[28.948168,41.056587],[28.948049,41.056346],[28.947706,41.055521],[28.947419,41.055373],[28.947199,41.055309],[28.946841,41.055205],[28.946433,41.055087],[28.946232,41.055028],[28.944941,41.054644],[28.94355,41.054204],[28.942962,41.053905],[28.941914,41.053367],[28.941894,41.053357],[28.941524,41.053252],[28.941302,41.05317],[28.941098,41.053062],[28.940971,41.052983],[28.940741,41.052839],[28.94043,41.052578],[28.940272,41.052536],[28.939577,41.05155],[28.939357,41.05146],[28.939012,41.049334]]]]},"properties":{"hucre_kodu":"BZ-080","ilce":"Beyoğlu","alan_km2":3.32,"yogunluk_puani":4,"komsular":["BZ-137","BZ-116","BZ-126","BZ-115","BZ-121","BZ-081"]}},{"type":"Feature","geometry":{"type":"Polygon","coordinates":[[[28.953257,41.038511],[28.95856,41.033827],[28.95958,41.033696],[28.95966,41.033853],[28.959754,41.033894],[28.959966,41.033883],[28.960138,41.033874],[28.960564,41.033601],[28.960882,41.033878],[28.960929,41.033852],[28.960616,41.033555],[28.96062,41.033508],[28.96128,41.033009],[28.962109,41.032637],[28.962714,41.032314],[28.963054,41.032085],[28.96297,41.032024],[28.963315,41.031769],[28.963402,41.031826],[28.964079,41.031391],[28.964236,41.031422],[28.964831,41.030707],[28.96568,41.031135],[28.966083,41.030766],[28.966308,41.030569],[28.966447,41.030452],[28.966619,41.030085],[28.966485,41.030009],[28.966562,41.029933],[28.966568,41.029934],[28.972727,41.036056],[28.97393,41.039243],[28.960923,41.056477],[28.960037,41.056477],[28.953257,41.038511]]]},"properties":{"hucre_kodu":"BZ-081","ilce":"Beyoğlu","alan_km2":2.76,"yogunluk_puani":12,"komsular":["BZ-206","BZ-137","BZ-080","BZ-121","BZ-123","BZ-082","BZ-083"]}},{"type":"Feature","geometry":{"type":"MultiPolygon","coordinates":[[[[28.966568,41.029934],[28.966589,41.029906],[28.966983,41.029517],[28.966934,41.029448],[28.972746,41.021748],[28.972759,41.021744],[28.972818,41.021697],[28.973115,41.021711],[28.97317,41.021754],[28.973198,41.021733],[28.973225,41.021713],[28.973334,41.021781],[28.973381,41.02181],[28.973437,41.021826],[28.973499,41.021843],[28.973641,41.021858],[28.973801,41.021875],[28.973906,41.021818],[28.974059,41.021805],[28.974182,41.021817],[28.974228,41.021865],[28.974471,41.02181],[28.97473,41.021734],[28.97516,41.021554],[28.975704,41.021627],[28.976447,41.021781],[28.976687,41.021079],[28.976815,41.021101],[28.976992,41.021128],[28.976764,41.021841],[28.976895,41.021868],[28.977782,41.022315],[28.977872,41.022233],[28.979318,41.023197],[28.979896,41.02357],[28.980304,41.023832],[28.982282,41.02516],[28.98248,41.025286],[28.982854,41.02546],[28.983737,41.025863],[28.986302,41.027062],[28.972727,41.036056],[28.966568,41.029934]]],[[[28.976214,41.017152],[28.977182,41.01587],[28.988087,41.012258],[28.988108,41.012452],[28.988068,41.013004],[28.987618,41.014044],[28.987625,41.014155],[28.987468,41.014719],[28.987199,41.015624],[28.987131,41.015894],[28.987007,41.016377],[28.98693,41.016737],[28.986854,41.017031],[28.986838,41.017065],[28.986803,41.017109],[28.986736,41.017187],[28.986691,41.017355],[28.986504,41.017465],[28.986371,41.017452],[28.985953,41.017552],[28.985922,41.017558],[28.985349,41.017652],[28.985331,41.017764],[28.983922,41.017559],[28.983696,41.017488],[28.983476,41.01742],[28.983205,41.017336],[28.982598,41.017147],[28.982642,41.017074],[28.982565,41.017047],[28.982536,41.017074],[28.982457,41.017076],[28.982441,41.017019],[28.982431,41.016982],[28.982421,41.016949],[28.982411,41.016919],[28.981875,41.017012],[28.981781,41.016699],[28.981109,41.016717],[28.981116,41.016651],[28.98073,41.01667],[28.980703,41.016697],[28.980443,41.016694],[28.979148,41.01668],[28.978248,41.016671],[28.978239,41.016755],[28.977657,41.016691],[28.977639,41.016772],[28.977609,41.016913],[28.976901,41.016667],[28.976833,41.016783],[28.976811,41.016815],[28.97676,41.016892],[28.976422,41.017018],[28.976455,41.017064],[28.976271,41.017132],[28.976214,41.017152]]]]},"properties":{"hucre_kodu":"BZ-082","ilce":"Beyoğlu","alan_km2":1.7,"yogunluk_puani":72,"komsular":["BZ-061","BZ-083","BZ-081","BZ-123","BZ-124","BZ-239"]}},{"type":"Feature","geometry":{"type":"Polygon","coordinates":[[[28.972727,41.036056],[28.986302,41.027062],[28.986766,41.027279],[28.988564,41.02812],[28.988881,41.02841],[28.98875,41.0285],[28.98871,41.028506],[28.988654,41.028487],[28.988632,41.02843],[28.988654,41.02841],[28.988505,41.02828],[28.988455,41.028256],[28.988252,41.028169],[28.988197,41.028243],[28.987889,41.028636],[28.987964,41.028733],[28.988119,41.028931],[28.988533,41.028749],[28.988696,41.028785],[28.988847,41.028987],[28.990178,41.030788],[28.990037,41.030839],[28.990113,41.031022],[28.990137,41.031065],[28.990201,41.031075],[28.990218,41.031076],[28.990237,41.031078],[28.990257,41.031081],[28.990276,41.031086],[28.990294,41.031092],[28.990312,41.031099],[28.99033,41.031106],[28.990438,41.031026],[28.991933,41.032181],[28.992112,41.03261],[28.992491,41.032651],[28.992701,41.032701],[28.992772,41.031829],[28.992914,41.031836],[28.992874,41.03233],[28.992953,41.032334],[28.992991,41.032335],[28.988966,41.043002],[28.984954,41.046546],[28.97393,41.039243],[28.972727,41.036056]]]},"properties":{"hucre_kodu":"BZ-083","ilce":"Beyoğlu","alan_km2":2.06,"yogunluk_puani":94,"komsular":["BZ-060","BZ-206","BZ-081","BZ-082","BZ-061"]}},{"type":"Feature","geometry":{"type":"Polygon","coordinates":[[[28.4613,41.026419],[28.46138,41.026393],[28.462188,41.026054],[28.462897,41.0258],[28.463809,41.02545],[28.464295,41.025257],[28.464727,41.025039],[28.46577,41.024634],[28.466708,41.024136],[28.467551,41.023756],[28.46805,41.023478],[28.468711,41.023266],[28.46939,41.023006],[28.469921,41.022745],[28.470383,41.022509],[28.471706,41.021909],[28.47198,41.021704],[28.472489,41.021391],[28.47302,41.021124],[28.473448,41.020875],[28.473748,41.020581],[28.474084,41.020448],[28.474417,41.020187],[28.474908,41.019714],[28.475136,41.019455],[28.475362,41.018842],[28.475391,41.01825],[28.475727,41.018117],[28.476265,41.018031],[28.476887,41.017796],[28.47751,41.017421],[28.478165,41.017109],[28.478101,41.016967],[28.478441,41.016818],[28.478671,41.016726],[28.478756,41.016832],[28.478818,41.016808],[28.478941,41.016908],[28.479265,41.016753],[28.479647,41.016538],[28.480239,41.016197],[28.480312,41.016142],[28.494398,41.018808],[28.560749,41.042785],[28.571936,41.062551],[28.571936,41.090164],[28.551507,41.120843],[28.530091,41.117569],[28.4613,41.026419]]]},"properties":{"hucre_kodu":"BZ-084","ilce":"Büyükçekmece","alan_km2":59.56,"yogunluk_puani":1,"komsular":["BZ-088","BZ-006","BZ-095","BZ-092","BZ-085","BZ-086","BZ-087"]}},{"type":"Feature","geometry":{"type":"Polygon","coordinates":[[[28.480312,41.016142],[28.480621,41.015908],[28.481071,41.015561],[28.48184,41.014839],[28.481939,41.014579],[28.481906,41.014412],[28.481825,41.014001],[28.481692,41.013819],[28.481653,41.013677],[28.481764,41.013611],[28.482117,41.0135],[28.482412,41.013373],[28.482533,41.013192],[28.482481,41.013063],[28.48257,41.012989],[28.482906,41.012856],[28.484234,41.012418],[28.484939,41.012118],[28.485339,41.011839],[28.485755,41.011612],[28.486043,41.011581],[28.48633,41.011611],[28.486831,41.011533],[28.487615,41.011255],[28.488395,41.010937],[28.48919,41.010601],[28.490162,41.01024],[28.490963,41.009945],[28.493613,41.00892],[28.494334,41.008601],[28.495005,41.008335],[28.49567,41.008085],[28.496131,41.007926],[28.496595,41.007714],[28.497409,41.007395],[28.497728,41.00733],[28.497907,41.007245],[28.498153,41.007086],[28.498442,41.006989],[28.49861,41.006893],[28.500152,41.006241],[28.500767,41.00598],[28.501625,41.005581],[28.502115,41.005365],[28.503316,41.004822],[28.50414,41.004377],[28.505472,41.003705],[28.506129,41.003382],[28.506612,41.003048],[28.507017,41.002519],[28.507745,41.002265],[28.50842,41.002128],[28.508583,41.001869],[28.508742,41.001744],[28.508916,41.001608],[28.509146,41.000906],[28.507644,41.000201],[28.507494,41.000031],[28.507386,40.999836],[28.507387,40.999594],[28.507494,40.999327],[28.508363,40.998152],[28.510101,40.996938],[28.51038,40.997086],[28.510129,40.997159],[28.50857,40.998238],[28.507558,40.999778],[28.507937,41.000017],[28.508999,40.998617],[28.509123,40.998598],[28.508028,41.000075],[28.508432,41.000308],[28.509018,40.999519],[28.509148,40.999558],[28.508583,41.000294],[28.509037,41.000536],[28.509755,40.999658],[28.509684,40.99908],[28.510399,40.998537],[28.510027,40.99805],[28.510249,40.997909],[28.510738,40.998457],[28.511784,40.998371],[28.512988,40.997698],[28.511893,40.997309],[28.511274,40.997648],[28.511088,40.997515],[28.511947,40.997103],[28.513455,40.997595],[28.514415,40.997556],[28.515764,40.997282],[28.516436,40.997016],[28.517446,40.996746],[28.518117,40.996481],[28.51845,40.99622],[28.521129,40.995125],[28.521747,40.994853],[28.522338,40.994589],[28.522519,40.994501],[28.522525,40.994416],[28.522758,40.99427],[28.522672,40.99414],[28.522768,40.994066],[28.522964,40.994031],[28.523036,40.99409],[28.523107,40.994112],[28.523234,40.994064],[28.523236,40.994004],[28.523246,40.993993],[28.5236,40.993881],[28.524013,40.993773],[28.524432,40.993675],[28.524783,40.993504],[28.524801,40.993492],[28.525294,40.993264],[28.525956,40.99296],[28.526346,40.992741],[28.52697,40.992472],[28.527586,40.992155],[28.527974,40.991945],[28.528383,40.991783],[28.528646,40.991679],[28.529659,40.991254],[28.530092,40.991129],[28.530817,40.990767],[28.531533,40.990453],[28.532282,40.99014],[28.532419,40.990084],[28.532574,40.990019],[28.5327,40.989953],[28.532829,40.989878],[28.532928,40.98979],[28.533282,40.989604],[28.533475,40.989548],[28.533763,40.989485],[28.533932,40.989392],[28.534134,40.989306],[28.534229,40.98923],[28.53432,40.989149],[28.53457,40.988951],[28.534712,40.988863],[28.53489,40.98883],[28.535036,40.988841],[28.5352,40.988778],[28.535332,40.98873],[28.535439,40.988631],[28.536366,40.988255],[28.536705,40.988122],[28.537104,40.987941],[28.537287,40.987882],[28.537472,40.987794],[28.537652,40.987704],[28.537977,40.98749],[28.538051,40.987331],[28.538057,40.987221],[28.538126,40.987138],[28.538405,40.986944],[28.538791,40.986644],[28.539046,40.986452],[28.539238,40.986196],[28.539288,40.986073],[28.539363,40.985988],[28.539557,40.985857],[28.539911,40.985598],[28.540001,40.98548],[28.540028,40.985354],[28.54027,40.985202],[28.540578,40.985014],[28.540822,40.984852],[28.5409,40.984769],[28.540998,40.984703],[28.541171,40.984593],[28.541495,40.984499],[28.541793,40.984532],[28.542246,40.984659],[28.54267,40.984949],[28.542797,40.985116],[28.542855,40.985266],[28.543125,40.985489],[28.543331,40.985606],[28.543809,40.985814],[28.544062,40.986024],[28.544235,40.986095],[28.544394,40.986169],[28.544475,40.986305],[28.544467,40.986371],[28.544391,40.986453],[28.544186,40.986506],[28.544049,40.986621],[28.544051,40.986788],[28.544102,40.987109],[28.544104,40.987371],[28.544121,40.987511],[28.544183,40.987685],[28.544187,40.987794],[28.544029,40.988169],[28.544002,40.988363],[28.544085,40.988509],[28.544159,40.988616],[28.544245,40.988677],[28.544357,40.988715],[28.544506,40.988932],[28.544479,40.989011],[28.544607,40.989534],[28.544658,40.989761],[28.544454,40.990058],[28.544436,40.990155],[28.544485,40.99046],[28.544517,40.990467],[28.544549,40.990723],[28.544518,40.990722],[28.544597,40.991134],[28.544694,40.991351],[28.54477,40.991769],[28.544733,40.991779],[28.544874,40.992106],[28.544927,40.992176],[28.545017,40.992538],[28.544988,40.992541],[28.545009,40.992771],[28.545152,40.993009],[28.545294,40.993082],[28.545392,40.993411],[28.545367,40.993441],[28.545379,40.993551],[28.545544,40.993867],[28.545675,40.994201],[28.545656,40.994214],[28.545752,40.994531],[28.545791,40.994776],[28.545905,40.995063],[28.545876,40.995103],[28.546008,40.995306],[28.546057,40.995433],[28.546102,40.995459],[28.54616,40.995541],[28.546007,40.995712],[28.546082,40.995931],[28.546096,40.995974],[28.494398,41.018808],[28.480312,41.016142]]]},"properties":{"hucre_kodu":"BZ-085","ilce":"Büyükçekmece","alan_km2":6.29,"yogunluk_puani":1,"komsular":["BZ-078","BZ-075","BZ-087","BZ-086","BZ-084","BZ-092","BZ-205"]}},{"type":"Feature","geometry":{"type":"MultiPolygon","coordinates":[[[[28.494398,41.018808],[28.546096,40.995974],[28.546114,40.996029],[28.546212,40.996322],[28.546422,40.996435],[28.546302,40.996675],[28.546439,40.996832],[28.546514,40.997013],[28.546606,40.997513],[28.546761,40.997835],[28.546817,40.997904],[28.547132,40.99818],[28.547186,40.998243],[28.547432,40.99856],[28.547459,40.998692],[28.547362,40.998924],[28.547295,40.999057],[28.547248,40.999158],[28.547178,40.999311],[28.547127,40.999496],[28.547196,40.999714],[28.547299,40.999805],[28.547574,40.999967],[28.547827,41.000105],[28.54801,41.000352],[28.548084,41.000599],[28.548283,41.00088],[28.54851,41.001025],[28.549196,41.001395],[28.549554,41.001635],[28.549574,41.001763],[28.549544,41.001771],[28.549674,41.001992],[28.550022,41.002249],[28.550125,41.002303],[28.550475,41.002535],[28.550686,41.002725],[28.550864,41.002912],[28.550929,41.002944],[28.551216,41.003432],[28.5513,41.003543],[28.551401,41.003827],[28.551594,41.00407],[28.551801,41.004469],[28.551771,41.004944],[28.551801,41.005361],[28.551844,41.005507],[28.551898,41.005553],[28.551932,41.005612],[28.551923,41.005653],[28.551875,41.005733],[28.55189,41.00591],[28.551904,41.005911],[28.551911,41.006036],[28.551942,41.00635],[28.551963,41.0066],[28.551953,41.006816],[28.551962,41.006847],[28.552046,41.00715],[28.55208,41.007254],[28.552118,41.007359],[28.552335,41.007551],[28.552358,41.007583],[28.552534,41.007774],[28.552507,41.007785],[28.552616,41.007932],[28.552786,41.008078],[28.55285,41.008035],[28.553085,41.008251],[28.553256,41.008448],[28.553161,41.008535],[28.553193,41.008573],[28.553644,41.008958],[28.553949,41.009113],[28.554116,41.009207],[28.554369,41.009271],[28.554816,41.009423],[28.555092,41.009519],[28.555233,41.009532],[28.555317,41.009556],[28.555589,41.009636],[28.556569,41.009914],[28.556687,41.009908],[28.556846,41.009853],[28.556895,41.009815],[28.556829,41.009756],[28.556848,41.009654],[28.556946,41.009631],[28.557071,41.009672],[28.55716,41.009743],[28.557197,41.009799],[28.55721,41.009852],[28.557221,41.009944],[28.557234,41.010086],[28.557212,41.010103],[28.557226,41.010296],[28.557779,41.010839],[28.558415,41.011371],[28.559468,41.011792],[28.559681,41.012027],[28.560283,41.01247],[28.56056,41.012623],[28.560822,41.012695],[28.561047,41.012752],[28.561218,41.012731],[28.561283,41.012684],[28.56122,41.012603],[28.561244,41.012553],[28.561291,41.012535],[28.561345,41.012546],[28.561446,41.012673],[28.561453,41.012703],[28.56147,41.012773],[28.56148,41.012859],[28.561494,41.012928],[28.561639,41.012996],[28.561636,41.013078],[28.561674,41.013102],[28.561714,41.013182],[28.562389,41.013392],[28.563225,41.013464],[28.56352,41.013495],[28.563889,41.013455],[28.564376,41.013442],[28.565081,41.013909],[28.565215,41.013982],[28.565366,41.013989],[28.565435,41.014128],[28.565541,41.01421],[28.565507,41.014411],[28.565367,41.014322],[28.565103,41.014117],[28.564329,41.01361],[28.564113,41.013645],[28.563901,41.013667],[28.56355,41.013686],[28.562922,41.013717],[28.563183,41.015311],[28.564283,41.015322],[28.564282,41.015442],[28.563268,41.01543],[28.563049,41.016233],[28.563232,41.016507],[28.563288,41.016565],[28.563486,41.016643],[28.563866,41.016774],[28.564086,41.016847],[28.564246,41.016845],[28.564385,41.016814],[28.5648,41.016584],[28.565179,41.016368],[28.560749,41.042785],[28.494398,41.018808]]],[[[28.565304,41.01549],[28.565319,41.015461],[28.565332,41.015456],[28.565319,41.015534],[28.565304,41.01549]]]]},"properties":{"hucre_kodu":"BZ-086","ilce":"Büyükçekmece","alan_km2":15.27,"yogunluk_puani":26,"komsular":["BZ-085","BZ-087","BZ-084"]}},{"type":"Feature","geometry":{"type":"MultiPolygon","coordinates":[[[[28.560749,41.042785],[28.565179,41.016368],[28.5654,41.016242],[28.565452,41.016156],[28.565407,41.015805],[28.565319,41.015534],[28.565332,41.015456],[28.565361,41.015446],[28.565413,41.015443],[28.565465,41.015473],[28.565501,41.015543],[28.565503,41.015628],[28.56551,41.01584],[28.565582,41.016136],[28.565581,41.016222],[28.565525,41.016289],[28.565266,41.016444],[28.565258,41.016486],[28.565246,41.016626],[28.565619,41.016957],[28.56608,41.017374],[28.566459,41.017635],[28.566728,41.017686],[28.566889,41.017795],[28.567057,41.01787],[28.567098,41.018058],[28.567502,41.018159],[28.568563,41.018256],[28.569035,41.018256],[28.569525,41.018323],[28.570097,41.018171],[28.570588,41.018137],[28.571523,41.018208],[28.572749,41.018311],[28.572813,41.017931],[28.572823,41.017873],[28.572913,41.01775],[28.572948,41.017702],[28.57312,41.017498],[28.573159,41.017452],[28.573425,41.017199],[28.573981,41.016847],[28.574573,41.016559],[28.575082,41.016416],[28.578493,41.015719],[28.578629,41.015588],[28.579255,41.015166],[28.58021,41.014877],[28.581006,41.014762],[28.581892,41.014778],[28.582475,41.014888],[28.582772,41.014949],[28.58292,41.015008],[28.583038,41.015047],[28.583075,41.015147],[28.583035,41.015226],[28.582936,41.015269],[28.582756,41.01525],[28.582643,41.015186],[28.58258,41.015082],[28.582422,41.015059],[28.582335,41.01507],[28.582315,41.015166],[28.580826,41.015207],[28.580818,41.015165],[28.580532,41.015198],[28.580245,41.015262],[28.580004,41.015321],[28.579718,41.015424],[28.579389,41.015577],[28.579139,41.015703],[28.578959,41.015834],[28.578796,41.015954],[28.57855,41.016011],[28.578219,41.016083],[28.575114,41.016711],[28.574987,41.017085],[28.574718,41.017037],[28.574696,41.017104],[28.574967,41.017158],[28.574798,41.017694],[28.574887,41.018285],[28.577629,41.018019],[28.577446,41.016927],[28.577925,41.016883],[28.578102,41.017927],[28.579909,41.017756],[28.579862,41.017512],[28.580887,41.017415],[28.58225,41.017292],[28.582152,41.016695],[28.582057,41.016101],[28.581997,41.015715],[28.582009,41.015704],[28.582023,41.015718],[28.582034,41.015768],[28.582102,41.01577],[28.582123,41.015724],[28.582168,41.0157],[28.58223,41.015709],[28.582264,41.015738],[28.582274,41.015774],[28.582457,41.015764],[28.582553,41.016297],[28.583157,41.016248],[28.583171,41.016338],[28.58257,41.016397],[28.582616,41.016708],[28.582882,41.016687],[28.582896,41.016746],[28.582947,41.016776],[28.582987,41.016815],[28.583011,41.016904],[28.583078,41.017298],[28.583108,41.017378],[28.583149,41.017421],[28.583212,41.017442],[28.583294,41.017453],[28.58335,41.017483],[28.583473,41.017469],[28.583494,41.01741],[28.583533,41.017416],[28.58352,41.017465],[28.584575,41.017343],[28.585165,41.017268],[28.585892,41.017183],[28.586807,41.017078],[28.587196,41.017004],[28.587536,41.016893],[28.587961,41.01679],[28.588877,41.016533],[28.589404,41.016384],[28.589881,41.016259],[28.590144,41.016158],[28.590566,41.016051],[28.59103,41.015934],[28.591742,41.015748],[28.592063,41.015529],[28.591911,41.015304],[28.591778,41.015074],[28.591796,41.014995],[28.591938,41.014829],[28.592043,41.014762],[28.592145,41.014723],[28.592261,41.014744],[28.59229,41.014815],[28.592241,41.014885],[28.592123,41.014955],[28.592065,41.01501],[28.592098,41.015061],[28.592179,41.015132],[28.592277,41.015195],[28.59246,41.01526],[28.592571,41.015276],[28.592688,41.015267],[28.592909,41.01523],[28.593408,41.015056],[28.59447,41.014525],[28.59446,41.014413],[28.594438,41.01418],[28.594431,41.014067],[28.594438,41.013986],[28.594472,41.013908],[28.594538,41.013854],[28.594643,41.013846],[28.594701,41.013887],[28.594688,41.013945],[28.594672,41.014004],[28.594679,41.014093],[28.594743,41.014114],[28.59482,41.014137],[28.595633,41.013905],[28.595895,41.013849],[28.596091,41.013648],[28.596352,41.013382],[28.596442,41.013293],[28.596489,41.013252],[28.596604,41.013134],[28.596747,41.01298],[28.596902,41.012812],[28.597051,41.012621],[28.597354,41.012256],[28.597493,41.012041],[28.597647,41.011811],[28.597369,41.011645],[28.597444,41.011569],[28.597724,41.011732],[28.597848,41.011632],[28.5988,41.010636],[28.598785,41.010592],[28.598796,41.010577],[28.598812,41.010557],[28.598866,41.010553],[28.598902,41.010546],[28.599317,41.009675],[28.599453,41.009386],[28.599577,41.009125],[28.599657,41.00896],[28.599774,41.008701],[28.599825,41.008558],[28.59986,41.008355],[28.599865,41.008197],[28.599825,41.007962],[28.599757,41.007603],[28.599702,41.007451],[28.599629,41.007334],[28.599541,41.00723],[28.599465,41.007163],[28.599257,41.006991],[28.599133,41.006866],[28.599087,41.006816],[28.598918,41.006597],[28.598778,41.006383],[28.598602,41.006114],[28.598461,41.005805],[28.598261,41.005453],[28.598168,41.00529],[28.598046,41.005065],[28.597803,41.004645],[28.597744,41.00449],[28.597713,41.004429],[28.597652,41.004259],[28.597637,41.004219],[28.597635,41.0042],[28.597581,41.004066],[28.597555,41.003949],[28.597526,41.003758],[28.597509,41.003707],[28.597463,41.003443],[28.597431,41.00316],[28.597397,41.002664],[28.597361,41.002492],[28.597342,41.002244],[28.597284,41.001933],[28.59724,41.001624],[28.597218,41.00145],[28.597227,41.00113],[28.59721,41.001043],[28.597199,41.000918],[28.597172,41.00079],[28.597102,41.000401],[28.597054,40.999505],[28.610206,41.008218],[28.617932,41.028692],[28.571936,41.062551],[28.560749,41.042785]]],[[[28.565507,41.014411],[28.565541,41.01421],[28.565677,41.014315],[28.566076,41.014678],[28.56617,41.014817],[28.566186,41.014971],[28.566201,41.015268],[28.566111,41.015291],[28.566045,41.01521],[28.566002,41.015079],[28.566066,41.014932],[28.565961,41.014756],[28.565805,41.014605],[28.565592,41.014419],[28.565559,41.014444],[28.565507,41.014411]]]]},"properties":{"hucre_kodu":"BZ-087","ilce":"Büyükçekmece","alan_km2":16.95,"yogunluk_puani":15,"komsular":["BZ-077","BZ-088","BZ-084","BZ-086","BZ-085","BZ-075"]}},{"type":"Feature","geometry":{"type":"Polygon","coordinates":[[[28.571936,41.062551],[28.617932,41.028692],[28.62607,41.029591],[28.638449,41.036152],[28.639721,41.038511],[28.648011,41.06414],[28.635735,41.090164],[28.571936,41.090164],[28.571936,41.062551]]]},"properties":{"hucre_kodu":"BZ-088","ilce":"Büyükçekmece","alan_km2":32.58,"yogunluk_puani":2,"komsular":["BZ-049","BZ-006","BZ-084","BZ-087","BZ-077","BZ-079","BZ-106","BZ-107"]}},{"type":"Feature","geometry":{"type":"Polygon","coordinates":[[[28.070948,41.494757],[28.071058,41.493845],[28.071184,41.493407],[28.072943,41.492946],[28.078601,41.493141],[28.080081,41.49187],[28.081323,41.49106],[28.082385,41.490931],[28.083506,41.490272],[28.08423,41.490377],[28.084756,41.490297],[28.085347,41.490077],[28.086215,41.489091],[28.086706,41.488101],[28.088168,41.486592],[28.08911,41.486015],[28.089488,41.485498],[28.089842,41.484767],[28.090024,41.484285],[28.090045,41.483754],[28.09018,41.483434],[28.0904,41.483047],[28.090732,41.482709],[28.091891,41.48185],[28.092779,41.48066],[28.093586,41.480057],[28.094476,41.479575],[28.09585,41.478934],[28.096719,41.478257],[28.098104,41.478325],[28.098714,41.47812],[28.099294,41.477577],[28.099573,41.477147],[28.099643,41.476494],[28.10113,41.475901],[28.102764,41.475234],[28.104326,41.475612],[28.104615,41.475741],[28.104929,41.475673],[28.10449,41.474802],[28.104905,41.474077],[28.105441,41.4739],[28.105838,41.47386],[28.106202,41.473702],[28.106332,41.473393],[28.106396,41.47279],[28.106632,41.471705],[28.106329,41.470508],[28.10645,41.469229],[28.106689,41.468935],[28.107115,41.468795],[28.107694,41.468699],[28.108573,41.46826],[28.109497,41.467461],[28.110967,41.466206],[28.1112,41.465977],[28.111686,41.46541],[28.112007,41.464478],[28.112167,41.4623],[28.112426,41.461921],[28.112587,41.461503],[28.112555,41.460892],[28.112619,41.460273],[28.112726,41.45963],[28.112414,41.458756],[28.112361,41.457113],[28.112179,41.45659],[28.112167,41.455384],[28.111889,41.45416],[28.11204,41.453285],[28.112265,41.452119],[28.112519,41.450241],[28.112391,41.449153],[28.113189,41.448418],[28.113638,41.447608],[28.113542,41.446611],[28.11363,41.445676],[28.113638,41.444743],[28.113445,41.4437],[28.11337,41.442702],[28.113499,41.441858],[28.113746,41.440769],[28.113612,41.440109],[28.113735,41.439453],[28.113778,41.438874],[28.113514,41.438395],[28.113123,41.437716],[28.112694,41.436638],[28.112437,41.436372],[28.112501,41.435142],[28.112623,41.434694],[28.112216,41.434058],[28.11205,41.433614],[28.111621,41.433042],[28.111082,41.431909],[28.111074,41.431281],[28.111396,41.430742],[28.111397,41.43014],[28.111095,41.429471],[28.111267,41.429125],[28.111085,41.42853],[28.11138,41.428004],[28.11124,41.426536],[28.111804,41.425835],[28.111804,41.425119],[28.112544,41.42417],[28.112918,41.423304],[28.113027,41.422472],[28.113831,41.421724],[28.11461,41.42103],[28.11529,41.419793],[28.115784,41.418425],[28.11616,41.417623],[28.116513,41.417275],[28.117608,41.41668],[28.118248,41.416213],[28.118863,41.415448],[28.119292,41.414998],[28.119421,41.414676],[28.119711,41.414201],[28.120054,41.413533],[28.120526,41.413348],[28.120666,41.412689],[28.121213,41.412134],[28.121277,41.411466],[28.121598,41.410264],[28.121772,41.409681],[28.120051,41.409271],[28.119485,41.408963],[28.119121,41.408633],[28.118239,41.407968],[28.11779,41.408207],[28.117082,41.408171],[28.116578,41.408038],[28.115977,41.407837],[28.114904,41.407756],[28.113307,41.407057],[28.112351,41.406251],[28.111573,41.405343],[28.110945,41.404578],[28.11013,41.40399],[28.109636,41.403982],[28.108864,41.404248],[28.107819,41.40437],[28.104459,41.404184],[28.101763,41.404109],[28.10174,41.403113],[28.10159,41.40238],[28.100839,41.401037],[28.100457,41.399643],[28.099873,41.39764],[28.099569,41.395514],[28.098914,41.394076],[28.098779,41.392103],[28.099015,41.390284],[28.099329,41.388405],[28.098808,41.386036],[28.098119,41.385255],[28.097709,41.384056],[28.096261,41.380279],[28.09607,41.379874],[28.241673,41.352313],[28.225497,41.523783],[28.225411,41.523704],[28.224968,41.523677],[28.224675,41.523359],[28.224226,41.523121],[28.223961,41.523208],[28.223687,41.523298],[28.223242,41.523333],[28.222571,41.523482],[28.221899,41.523779],[28.22048,41.52465],[28.21978,41.525408],[28.21961,41.525954],[28.219355,41.526478],[28.219097,41.528001],[28.219192,41.52824],[28.219884,41.528386],[28.22008,41.528532],[28.221623,41.528897],[28.221863,41.528911],[28.221747,41.52905],[28.221996,41.52907],[28.221881,41.529269],[28.221463,41.529296],[28.22141,41.529688],[28.221064,41.529821],[28.221109,41.529595],[28.220825,41.529588],[28.220585,41.529728],[28.220239,41.529728],[28.220018,41.530013],[28.219538,41.530345],[28.21929,41.530239],[28.219414,41.530013],[28.219015,41.530099],[28.21906,41.530505],[28.218625,41.530657],[28.218378,41.530435],[28.218303,41.530491],[28.21825,41.530672],[28.217844,41.530989],[28.217676,41.531454],[28.217429,41.531664],[28.217188,41.531688],[28.216855,41.531816],[28.216256,41.532092],[28.215759,41.532092],[28.215626,41.532311],[28.214899,41.532782],[28.214854,41.532945],[28.214843,41.533033],[28.214666,41.533134],[28.21443,41.533146],[28.214334,41.533061],[28.214029,41.533035],[28.213905,41.533274],[28.214154,41.533453],[28.213027,41.533944],[28.212794,41.534298],[28.212273,41.534668],[28.211918,41.534642],[28.211963,41.534854],[28.210951,41.536096],[28.21041,41.536169],[28.209576,41.536806],[28.208492,41.537932],[28.208175,41.538247],[28.207997,41.538513],[28.207775,41.538652],[28.207146,41.538473],[28.206636,41.538354],[28.206046,41.538453],[28.205655,41.538825],[28.205788,41.539141],[28.20581,41.539301],[28.205877,41.539569],[28.205826,41.539695],[28.205274,41.539801],[28.205112,41.53992],[28.205123,41.540206],[28.20475,41.540239],[28.2042,41.540844],[28.203707,41.541185],[28.202834,41.541959],[28.202595,41.542271],[28.202187,41.542882],[28.201743,41.543128],[28.201397,41.543453],[28.200936,41.543705],[28.200599,41.54425],[28.199419,41.54506],[28.19922,41.545241],[28.199055,41.545392],[28.199126,41.546023],[28.199152,41.546336],[28.199185,41.546488],[28.199211,41.546729],[28.199197,41.546906],[28.198911,41.546938],[28.198916,41.54703],[28.198932,41.547187],[28.198997,41.547267],[28.199473,41.54753],[28.199474,41.547669],[28.199372,41.547693],[28.199201,41.547813],[28.199506,41.548086],[28.19948,41.548315],[28.199464,41.548448],[28.198498,41.548488],[28.197919,41.548552],[28.197221,41.548644],[28.196706,41.548725],[28.196368,41.548701],[28.195918,41.548761],[28.195569,41.548912],[28.194925,41.548719],[28.194405,41.548215],[28.19412,41.54818],[28.193949,41.548243],[28.194067,41.548476],[28.193852,41.548417],[28.193584,41.548215],[28.193164,41.548167],[28.192822,41.548171],[28.192517,41.54819],[28.192047,41.548559],[28.191996,41.548693],[28.192152,41.548857],[28.1922,41.549186],[28.192157,41.549371],[28.192221,41.549507],[28.192377,41.549644],[28.192812,41.549965],[28.192987,41.550137],[28.193004,41.550439],[28.192709,41.550929],[28.192671,41.551434],[28.192967,41.551732],[28.192999,41.552065],[28.193013,41.552476],[28.192698,41.552679],[28.192125,41.552697],[28.191877,41.552545],[28.19154,41.552519],[28.191253,41.552566],[28.190902,41.552888],[28.190468,41.553059],[28.190113,41.553032],[28.189837,41.553079],[28.189234,41.552928],[28.188976,41.5529],[28.188729,41.552956],[28.188418,41.553056],[28.188126,41.552969],[28.187967,41.5531],[28.188131,41.553225],[28.188316,41.553353],[28.188268,41.55357],[28.188138,41.55361],[28.187651,41.553594],[28.187463,41.553482],[28.187163,41.553454],[28.187045,41.553646],[28.186868,41.553727],[28.186432,41.553756],[28.186085,41.554152],[28.186144,41.554409],[28.186337,41.554562],[28.186279,41.554785],[28.186069,41.554959],[28.185892,41.554939],[28.185666,41.555019],[28.185623,41.555164],[28.185575,41.555393],[28.185516,41.555513],[28.185462,41.556019],[28.185469,41.556081],[28.185559,41.556902],[28.18579,41.557384],[28.186079,41.557572],[28.186369,41.557588],[28.186594,41.557556],[28.187093,41.557468],[28.187479,41.557524],[28.187785,41.557681],[28.188386,41.557843],[28.188257,41.558086],[28.18808,41.558235],[28.188263,41.558355],[28.188268,41.55856],[28.188063,41.558874],[28.187619,41.558929],[28.187496,41.558989],[28.187243,41.559158],[28.186916,41.559419],[28.186857,41.559672],[28.186476,41.560141],[28.185993,41.560474],[28.184733,41.560988],[28.183832,41.561099],[28.18307,41.561125],[28.182786,41.561137],[28.182673,41.561277],[28.182684,41.561494],[28.182609,41.561743],[28.182646,41.561871],[28.182491,41.562193],[28.18212,41.562329],[28.1819,41.562602],[28.181927,41.56275],[28.18197,41.562851],[28.181664,41.563108],[28.181283,41.563204],[28.181112,41.563304],[28.180903,41.563497],[28.180897,41.563629],[28.180892,41.564248],[28.180945,41.564561],[28.181047,41.564781],[28.181155,41.565123],[28.181208,41.565339],[28.181257,41.565468],[28.181521,41.565615],[28.181866,41.56574],[28.182238,41.565853],[28.182319,41.565961],[28.182512,41.565893],[28.182895,41.565986],[28.183129,41.566146],[28.183381,41.566154],[28.183708,41.566138],[28.184084,41.566238],[28.184336,41.566427],[28.184786,41.566609],[28.184604,41.566768],[28.184615,41.566876],[28.184743,41.566985],[28.184942,41.567017],[28.185355,41.566933],[28.185634,41.566888],[28.186063,41.566808],[28.186423,41.566876],[28.186675,41.566949],[28.186509,41.567361],[28.186111,41.567422],[28.186063,41.567635],[28.185173,41.567755],[28.184711,41.56792],[28.184743,41.568161],[28.184271,41.568293],[28.184041,41.568237],[28.183703,41.568181],[28.183354,41.568205],[28.183016,41.568285],[28.182346,41.568472],[28.182287,41.568775],[28.182335,41.568891],[28.182533,41.569116],[28.182437,41.569325],[28.182426,41.569457],[28.182635,41.569638],[28.182238,41.570115],[28.182002,41.570513],[28.181938,41.570697],[28.182351,41.570954],[28.182582,41.571171],[28.18231,41.571383],[28.181964,41.571129],[28.181622,41.571133],[28.180948,41.571653],[28.180269,41.571917],[28.179932,41.572177],[28.179588,41.572194],[28.179385,41.572238],[28.179213,41.572359],[28.178408,41.572311],[28.178049,41.572069],[28.177485,41.571713],[28.176906,41.571504],[28.176158,41.571446],[28.175635,41.571849],[28.17542,41.571809],[28.175289,41.572014],[28.175265,41.572218],[28.175559,41.572488],[28.175631,41.572632],[28.176177,41.572472],[28.176858,41.572337],[28.177033,41.572592],[28.176965,41.57288],[28.176413,41.573001],[28.176203,41.572888],[28.175876,41.572941],[28.175683,41.572904],[28.175436,41.573077],[28.175072,41.573186],[28.174589,41.573177],[28.174229,41.573169],[28.174136,41.573007],[28.173435,41.572888],[28.172083,41.5729],[28.171735,41.573197],[28.171719,41.573555],[28.171429,41.573916],[28.171078,41.574065],[28.170904,41.573938],[28.170533,41.573803],[28.170345,41.573619],[28.169943,41.573743],[28.169702,41.574068],[28.169058,41.574173],[28.168685,41.574089],[28.168339,41.573836],[28.167997,41.573839],[28.167588,41.57384],[28.167486,41.574137],[28.167422,41.574385],[28.167095,41.574558],[28.165963,41.574759],[28.165834,41.574907],[28.165721,41.575076],[28.165737,41.575224],[28.166091,41.57532],[28.166152,41.575784],[28.166247,41.576007],[28.166558,41.576312],[28.166849,41.576547],[28.167196,41.576837],[28.167137,41.577331],[28.167041,41.577699],[28.166563,41.577712],[28.16636,41.577835],[28.166006,41.577985],[28.166016,41.578154],[28.166231,41.578298],[28.165931,41.578438],[28.165344,41.578359],[28.165142,41.578711],[28.164667,41.57875],[28.164493,41.578624],[28.164321,41.578497],[28.163295,41.578507],[28.162578,41.578699],[28.161591,41.578781],[28.161135,41.578888],[28.161027,41.578976],[28.160808,41.579101],[28.160507,41.579125],[28.160233,41.579309],[28.159654,41.579381],[28.159364,41.579438],[28.159029,41.579536],[28.158927,41.579578],[28.158635,41.579642],[28.158404,41.579749],[28.158191,41.579843],[28.157849,41.579846],[28.157353,41.579707],[28.157161,41.579596],[28.156873,41.579524],[28.156782,41.579534],[28.156605,41.579642],[28.156591,41.579805],[28.156489,41.579913],[28.156406,41.579945],[28.15636,41.579941],[28.156358,41.580022],[28.15636,41.580108],[28.156261,41.58023],[28.156215,41.580329],[28.15581,41.580509],[28.155706,41.580393],[28.15577,41.580326],[28.155803,41.58023],[28.155676,41.580196],[28.155498,41.580059],[28.155456,41.57987],[28.155255,41.579482],[28.154526,41.579305],[28.153582,41.579305],[28.152165,41.579787],[28.150878,41.580284],[28.149977,41.580734],[28.149548,41.581183],[28.148024,41.582178],[28.147058,41.58282],[28.146372,41.583286],[28.145878,41.583302],[28.144312,41.582836],[28.143067,41.582451],[28.142552,41.582202],[28.141758,41.582002],[28.140986,41.582146],[28.140516,41.58219],[28.14042,41.582199],[28.139746,41.582239],[28.139153,41.582026],[28.138089,41.581496],[28.137199,41.580902],[28.136898,41.580573],[28.136632,41.580019],[28.136716,41.579634],[28.136596,41.579177],[28.136566,41.578776],[28.136362,41.578446],[28.135976,41.578238],[28.135536,41.578254],[28.134935,41.578238],[28.133625,41.577263],[28.132948,41.576428],[28.132768,41.57583],[28.132902,41.575443],[28.133468,41.574933],[28.132907,41.574498],[28.132285,41.574],[28.131523,41.574032],[28.130525,41.573904],[28.130461,41.573639],[28.130697,41.573422],[28.130955,41.573109],[28.130719,41.572876],[28.130225,41.572836],[28.129721,41.572997],[28.128937,41.573177],[28.128337,41.573157],[28.128217,41.572939],[28.128401,41.572604],[28.128712,41.572307],[28.128734,41.571978],[28.128508,41.571761],[28.127993,41.571624],[28.127629,41.5714],[28.127323,41.571021],[28.126577,41.569425],[28.12559,41.568109],[28.124881,41.568052],[28.12453,41.568259],[28.124248,41.568181],[28.123444,41.567603],[28.123107,41.567081],[28.123337,41.566784],[28.12382,41.56668],[28.124137,41.566354],[28.124099,41.565893],[28.123832,41.565381],[28.12294,41.564456],[28.122017,41.563846],[28.120839,41.56313],[28.119936,41.562963],[28.11852,41.562963],[28.11799,41.562588],[28.1182,41.561478],[28.118563,41.560539],[28.118993,41.560325],[28.120773,41.560603],[28.122385,41.560758],[28.123033,41.560499],[28.123391,41.560145],[28.123476,41.559752],[28.123369,41.559174],[28.123616,41.558435],[28.123712,41.557697],[28.12376,41.557043],[28.124629,41.556742],[28.1247,41.556171],[28.124876,41.555682],[28.124807,41.554983],[28.124861,41.554309],[28.124741,41.554072],[28.124324,41.553875],[28.123863,41.553867],[28.123662,41.553561],[28.12412,41.553048],[28.124582,41.552815],[28.124651,41.552607],[28.124657,41.55239],[28.124227,41.552245],[28.123809,41.552181],[28.123262,41.552061],[28.122683,41.551916],[28.122028,41.551764],[28.12148,41.551813],[28.121256,41.551948],[28.120902,41.551988],[28.120676,41.551852],[28.120515,41.551679],[28.120322,41.551033],[28.119829,41.550905],[28.119577,41.550657],[28.119539,41.550407],[28.119483,41.550177],[28.119035,41.550005],[28.118863,41.549692],[28.119121,41.549435],[28.119593,41.54917],[28.119571,41.548769],[28.119786,41.54856],[28.120322,41.548713],[28.120987,41.548937],[28.121587,41.548833],[28.121728,41.54864],[28.121492,41.548351],[28.120741,41.547902],[28.120687,41.547645],[28.120987,41.547444],[28.121835,41.547404],[28.122425,41.547171],[28.122554,41.546689],[28.121975,41.546103],[28.121492,41.545926],[28.121384,41.545613],[28.121771,41.545172],[28.121728,41.54477],[28.120891,41.544553],[28.120601,41.544168],[28.120826,41.543582],[28.121343,41.542849],[28.12093,41.542428],[28.119732,41.54235],[28.119312,41.541984],[28.118717,41.541682],[28.118262,41.541759],[28.117842,41.542057],[28.116975,41.542488],[28.116501,41.542523],[28.115902,41.541759],[28.116074,41.54151],[28.116846,41.541132],[28.116814,41.540916],[28.116192,41.540241],[28.116567,41.539896],[28.117125,41.539775],[28.117876,41.539719],[28.118303,41.539424],[28.11867,41.539141],[28.118903,41.538682],[28.119994,41.538276],[28.120204,41.537647],[28.121279,41.537266],[28.121438,41.536989],[28.120998,41.536643],[28.120951,41.536433],[28.120902,41.53621],[28.120407,41.53562],[28.120279,41.535246],[28.121138,41.53478],[28.121009,41.534266],[28.120526,41.534033],[28.120243,41.533708],[28.120311,41.533367],[28.120735,41.532484],[28.120751,41.532451],[28.120794,41.531503],[28.120343,41.530926],[28.1198,41.529448],[28.118906,41.528515],[28.117662,41.527744],[28.116481,41.526797],[28.116546,41.526148],[28.115462,41.525275],[28.114135,41.523959],[28.112753,41.523416],[28.111372,41.522419],[28.110553,41.521252],[28.109583,41.520317],[28.10838,41.519426],[28.10734,41.519134],[28.106451,41.518688],[28.105613,41.518105],[28.105563,41.517646],[28.105161,41.51709],[28.105034,41.516508],[28.104615,41.515744],[28.103907,41.515422],[28.102892,41.515535],[28.102297,41.516711],[28.101848,41.516671],[28.10116,41.515968],[28.099814,41.515591],[28.098457,41.515519],[28.097376,41.515133],[28.096504,41.513912],[28.095968,41.513301],[28.096032,41.512771],[28.095658,41.512046],[28.094404,41.511192],[28.093436,41.510441],[28.092942,41.509879],[28.092427,41.509236],[28.091912,41.509622],[28.090882,41.509413],[28.090024,41.509429],[28.088732,41.508974],[28.087792,41.508738],[28.086677,41.508722],[28.086054,41.508947],[28.085092,41.509005],[28.083522,41.509236],[28.082664,41.509204],[28.082042,41.509027],[28.081226,41.508545],[28.080068,41.508577],[28.07891,41.508959],[28.078015,41.508663],[28.077266,41.508018],[28.076189,41.507632],[28.075476,41.506585],[28.076334,41.505235],[28.076828,41.505147],[28.0773,41.504962],[28.077428,41.504367],[28.077621,41.503901],[28.077621,41.503323],[28.077278,41.502712],[28.076763,41.502278],[28.076162,41.501973],[28.075261,41.501764],[28.074531,41.500639],[28.074639,41.499868],[28.074194,41.499237],[28.073947,41.498382],[28.07362,41.498108],[28.07252,41.497149],[28.072238,41.496398],[28.071763,41.495448],[28.070948,41.494757]]]},"properties":{"hucre_kodu":"BZ-089","ilce":"Çatalca","alan_km2":230.7,"yogunluk_puani":10,"komsular":["BZ-197","BZ-199","BZ-090"]}},{"type":"Feature","geometry":{"type":"Polygon","coordinates":[[[28.225497,41.523783],[28.241673,41.352313],[28.307744,41.279994],[28.406931,41.441285],[28.405956,41.441903],[28.404936,41.442182],[28.403899,41.442601],[28.402994,41.44278],[28.401868,41.443206],[28.400485,41.444043],[28.399536,41.444382],[28.398907,41.444721],[28.397728,41.445033],[28.395254,41.445957],[28.393268,41.446894],[28.390617,41.447811],[28.388596,41.448815],[28.387381,41.449446],[28.38582,41.449984],[28.384233,41.450676],[28.381157,41.451673],[28.380119,41.45233],[28.379321,41.452669],[28.377273,41.453281],[28.37448,41.454603],[28.373434,41.454968],[28.371714,41.455846],[28.369506,41.45659],[28.36682,41.458039],[28.365508,41.458617],[28.36115,41.460178],[28.359017,41.461085],[28.35803,41.461527],[28.355197,41.462756],[28.350346,41.464677],[28.34714,41.466045],[28.343997,41.46742],[28.341991,41.468224],[28.340253,41.468803],[28.338738,41.469408],[28.336358,41.470331],[28.335071,41.470982],[28.333257,41.4717],[28.332362,41.471858],[28.332192,41.471907],[28.331299,41.472167],[28.330393,41.472433],[28.329712,41.472678],[28.32888,41.473048],[28.327426,41.473747],[28.326557,41.474153],[28.32544,41.474657],[28.323644,41.475379],[28.322357,41.475841],[28.321129,41.476307],[28.319449,41.476991],[28.317239,41.478076],[28.316177,41.478345],[28.313929,41.479125],[28.313205,41.479503],[28.311306,41.480415],[28.310422,41.480803],[28.309632,41.48115],[28.308361,41.481614],[28.307236,41.482028],[28.306945,41.482135],[28.305505,41.482732],[28.304215,41.483391],[28.302798,41.484164],[28.301897,41.484548],[28.300854,41.485],[28.300111,41.485414],[28.299274,41.485732],[28.29793,41.486182],[28.296482,41.486734],[28.295031,41.48718],[28.293789,41.487705],[28.292772,41.488101],[28.291511,41.488551],[28.290506,41.488946],[28.289591,41.489352],[28.288875,41.489756],[28.288038,41.490104],[28.287223,41.490371],[28.286507,41.490688],[28.285815,41.49094],[28.285584,41.491086],[28.285396,41.491177],[28.2852,41.491291],[28.28484,41.491559],[28.283899,41.492014],[28.283626,41.492167],[28.283387,41.492274],[28.283277,41.492362],[28.283084,41.492436],[28.282569,41.492635],[28.282175,41.492758],[28.281228,41.493142],[28.28041,41.493573],[28.279549,41.494027],[28.278728,41.494476],[28.278522,41.494729],[28.278334,41.49506],[28.278242,41.495266],[28.278296,41.495379],[28.278377,41.495476],[28.278314,41.495524],[28.278031,41.495418],[28.277805,41.495426],[28.277431,41.495185],[28.277146,41.495108],[28.27673,41.495116],[28.276159,41.495219],[28.275775,41.49537],[28.275308,41.49551],[28.275064,41.495564],[28.274799,41.495675],[28.274249,41.49585],[28.273702,41.495982],[28.273214,41.496049],[28.272818,41.496182],[28.272623,41.496175],[28.272527,41.496149],[28.272398,41.496167],[28.272285,41.496223],[28.272189,41.496322],[28.272047,41.496418],[28.271897,41.496511],[28.271682,41.496615],[28.271142,41.496992],[28.270998,41.497051],[28.270818,41.497151],[28.270627,41.497311],[28.269869,41.498198],[28.269139,41.499066],[28.268699,41.499749],[28.268489,41.499989],[28.268152,41.500062],[28.267621,41.499982],[28.267283,41.500002],[28.266942,41.500311],[28.266508,41.500589],[28.265977,41.500876],[28.264848,41.50141],[28.264703,41.501575],[28.264188,41.501804],[28.264081,41.501844],[28.263893,41.501941],[28.263609,41.502023],[28.263364,41.502069],[28.263043,41.502184],[28.262629,41.502264],[28.262517,41.502248],[28.26241,41.502198],[28.262243,41.502188],[28.262064,41.502218],[28.261934,41.502334],[28.261605,41.502819],[28.261457,41.503027],[28.261492,41.503112],[28.261393,41.503304],[28.261227,41.503578],[28.260996,41.503863],[28.260959,41.504335],[28.261007,41.504552],[28.261071,41.504652],[28.261326,41.504719],[28.261624,41.504739],[28.261795,41.504801],[28.261809,41.504899],[28.261811,41.504986],[28.261766,41.505042],[28.261667,41.505098],[28.261551,41.505219],[28.261437,41.505238],[28.261229,41.505151],[28.261071,41.505189],[28.260913,41.505357],[28.260948,41.505442],[28.261025,41.505474],[28.261114,41.505586],[28.261082,41.505669],[28.260958,41.506088],[28.260795,41.506237],[28.260585,41.506613],[28.260425,41.506864],[28.260342,41.506972],[28.260218,41.507079],[28.259964,41.50727],[28.259564,41.507354],[28.259494,41.507372],[28.259309,41.507447],[28.259183,41.50744],[28.259009,41.507461],[28.258261,41.507709],[28.258145,41.507728],[28.258137,41.507665],[28.25807,41.507563],[28.257917,41.507569],[28.257742,41.507581],[28.25756,41.507541],[28.257201,41.507585],[28.256892,41.507595],[28.256589,41.507603],[28.256485,41.507513],[28.256313,41.507525],[28.256216,41.507569],[28.256085,41.507653],[28.255948,41.50774],[28.255325,41.508167],[28.25484,41.508676],[28.254341,41.509049],[28.253719,41.509323],[28.253118,41.509481],[28.252681,41.50962],[28.252536,41.509742],[28.252512,41.509921],[28.252654,41.510034],[28.252711,41.510287],[28.252787,41.510446],[28.252743,41.510558],[28.252539,41.510685],[28.252215,41.510698],[28.25198,41.510532],[28.251831,41.51066],[28.251341,41.511004],[28.250981,41.511132],[28.250919,41.511198],[28.250745,41.511333],[28.250357,41.511549],[28.250216,41.511293],[28.250153,41.511157],[28.250428,41.51103],[28.25002,41.510778],[28.249478,41.510731],[28.249425,41.510526],[28.249221,41.510545],[28.249168,41.510831],[28.248996,41.510779],[28.248859,41.510638],[28.248591,41.510658],[28.248174,41.510904],[28.248041,41.51111],[28.248041,41.511356],[28.247766,41.511462],[28.247252,41.511391],[28.247086,41.511325],[28.246807,41.511263],[28.246799,41.511343],[28.247429,41.511715],[28.247679,41.512],[28.247802,41.512339],[28.247784,41.512977],[28.247687,41.513196],[28.247465,41.513402],[28.247083,41.513515],[28.247119,41.51384],[28.247105,41.514066],[28.247101,41.514378],[28.246906,41.514559],[28.246719,41.514649],[28.246536,41.514755],[28.246294,41.51481],[28.246096,41.514709],[28.246072,41.514617],[28.24601,41.514505],[28.245933,41.514406],[28.245817,41.51447],[28.245726,41.514617],[28.245451,41.51495],[28.245203,41.514877],[28.24519,41.514541],[28.244906,41.514536],[28.244659,41.514685],[28.244386,41.514784],[28.243948,41.514834],[28.243886,41.51488],[28.24389,41.514996],[28.244032,41.515202],[28.243872,41.515355],[28.244041,41.515707],[28.244074,41.515844],[28.243969,41.515946],[28.243872,41.515973],[28.243851,41.515772],[28.243605,41.515653],[28.243471,41.515533],[28.24332,41.515537],[28.243136,41.515581],[28.242736,41.515617],[28.242623,41.515661],[28.242483,41.515746],[28.242312,41.51578],[28.24207,41.51583],[28.241698,41.515939],[28.241129,41.515932],[28.24071,41.515944],[28.240303,41.516021],[28.23996,41.516225],[28.239887,41.5163],[28.239734,41.516434],[28.239555,41.516641],[28.239374,41.516949],[28.239163,41.517047],[28.23905,41.517113],[28.238801,41.517095],[28.238653,41.517109],[28.238354,41.517015],[28.238101,41.516969],[28.237811,41.517017],[28.237709,41.516904],[28.237393,41.516842],[28.237342,41.516902],[28.237378,41.517009],[28.237476,41.517387],[28.237454,41.517563],[28.237409,41.51766],[28.237269,41.517718],[28.23714,41.517663],[28.23695,41.517692],[28.236805,41.517726],[28.236655,41.517834],[28.23658,41.517961],[28.236358,41.518324],[28.236571,41.518523],[28.236473,41.518692],[28.236365,41.518736],[28.236196,41.518784],[28.236038,41.518864],[28.235923,41.518991],[28.235665,41.519093],[28.235472,41.519093],[28.23537,41.519152],[28.235139,41.519264],[28.235016,41.519258],[28.234834,41.51929],[28.234576,41.519391],[28.234415,41.519457],[28.23426,41.519539],[28.234115,41.519605],[28.233946,41.519604],[28.233807,41.519585],[28.233244,41.519772],[28.232552,41.52019],[28.231969,41.520859],[28.231763,41.521068],[28.231575,41.521349],[28.231406,41.521772],[28.231323,41.522068],[28.231452,41.522256],[28.231541,41.522462],[28.232039,41.522672],[28.232168,41.522779],[28.232194,41.522871],[28.232173,41.522975],[28.231822,41.522881],[28.231733,41.522921],[28.23169,41.523009],[28.231612,41.523086],[28.231843,41.523312],[28.232091,41.523418],[28.232251,41.523624],[28.231926,41.523795],[28.231883,41.523855],[28.231797,41.523973],[28.231696,41.524042],[28.231618,41.523999],[28.231527,41.523907],[28.231275,41.523943],[28.231234,41.524138],[28.231143,41.524196],[28.231033,41.524164],[28.230565,41.52391],[28.230202,41.523784],[28.229571,41.523807],[28.229327,41.523907],[28.229207,41.523997],[28.229209,41.52407],[28.229362,41.524379],[28.229367,41.524582],[28.229322,41.524666],[28.229287,41.524758],[28.22926,41.524919],[28.229172,41.525034],[28.229035,41.52501],[28.228938,41.524939],[28.228897,41.524647],[28.228525,41.524519],[28.228152,41.524381],[28.227904,41.524547],[28.227558,41.524494],[28.22754,41.52474],[28.22738,41.524654],[28.226964,41.524587],[28.226786,41.524707],[28.226555,41.524547],[28.225988,41.524601],[28.225748,41.524481],[28.225757,41.524023],[28.225497,41.523783]]]},"properties":{"hucre_kodu":"BZ-090","ilce":"Çatalca","alan_km2":218.27,"yogunluk_puani":0,"komsular":["BZ-089","BZ-199","BZ-091"]}},{"type":"Feature","geometry":{"type":"Polygon","coordinates":[[[28.307744,41.279994],[28.307823,41.275205],[28.354006,41.218843],[28.542388,41.354993],[28.551006,41.386968],[28.550543,41.387004],[28.550103,41.387109],[28.549251,41.387492],[28.548794,41.387592],[28.548333,41.387737],[28.548172,41.387797],[28.547909,41.387946],[28.547577,41.388151],[28.546858,41.388135],[28.546241,41.388159],[28.545737,41.388223],[28.545066,41.388239],[28.544809,41.3883],[28.544567,41.38832],[28.544283,41.388364],[28.543977,41.388433],[28.543692,41.388509],[28.542755,41.388763],[28.542057,41.389036],[28.54159,41.389257],[28.540971,41.389512],[28.539738,41.389688],[28.539031,41.389898],[28.53847,41.389883],[28.537819,41.390188],[28.537085,41.390391],[28.536472,41.390665],[28.535803,41.391011],[28.535121,41.391367],[28.53443,41.391568],[28.533643,41.391792],[28.532917,41.392068],[28.532156,41.392322],[28.53146,41.39252],[28.530754,41.392831],[28.530057,41.393174],[28.529375,41.39358],[28.528528,41.394115],[28.52805,41.394369],[28.527589,41.394522],[28.527466,41.39451],[28.527283,41.394502],[28.526999,41.39459],[28.526639,41.394807],[28.525953,41.395254],[28.52532,41.39552],[28.524054,41.395785],[28.522471,41.396304],[28.521774,41.396562],[28.520803,41.396904],[28.520304,41.397146],[28.519709,41.397383],[28.518941,41.397725],[28.518351,41.398015],[28.517574,41.398244],[28.516613,41.398457],[28.515916,41.398707],[28.514972,41.39896],[28.514344,41.399234],[28.513722,41.399419],[28.512751,41.399801],[28.512091,41.400135],[28.51141,41.400332],[28.510664,41.400606],[28.509854,41.400936],[28.508872,41.40133],[28.508207,41.401668],[28.507585,41.401894],[28.506743,41.402212],[28.506228,41.402369],[28.505622,41.402513],[28.504688,41.402759],[28.503953,41.403141],[28.5028,41.403543],[28.502017,41.403853],[28.501325,41.404219],[28.500643,41.40457],[28.499522,41.405048],[28.498616,41.405426],[28.497564,41.405801],[28.496776,41.406054],[28.496255,41.406316],[28.495317,41.406634],[28.494732,41.406847],[28.4939,41.407169],[28.493093,41.407662],[28.491956,41.408084],[28.491847,41.408133],[28.491603,41.408244],[28.491232,41.408422],[28.490784,41.408573],[28.490274,41.408891],[28.489389,41.409325],[28.488101,41.409953],[28.486578,41.410528],[28.485725,41.410802],[28.48492,41.411184],[28.483939,41.411707],[28.483461,41.411892],[28.48271,41.41221],[28.481825,41.412532],[28.481294,41.412745],[28.4802,41.413142],[28.479433,41.413413],[28.478553,41.413855],[28.477925,41.414201],[28.477539,41.414455],[28.477072,41.414583],[28.476326,41.41495],[28.47564,41.415207],[28.475066,41.415573],[28.474004,41.415943],[28.473355,41.416148],[28.472679,41.416442],[28.472142,41.416635],[28.471421,41.416977],[28.471021,41.417146],[28.47049,41.417392],[28.469744,41.417625],[28.469347,41.41787],[28.468511,41.418309],[28.46725,41.418695],[28.466086,41.419057],[28.465217,41.419318],[28.464251,41.419745],[28.463516,41.420095],[28.462636,41.420457],[28.462143,41.420678],[28.461252,41.420911],[28.460276,41.421269],[28.458855,41.421792],[28.45722,41.42242],[28.456231,41.422742],[28.454525,41.423353],[28.453651,41.423788],[28.452337,41.424363],[28.45158,41.424648],[28.450953,41.424938],[28.450361,41.425105],[28.448762,41.425479],[28.447938,41.425742],[28.447332,41.42598],[28.446758,41.426193],[28.446148,41.42644],[28.445138,41.426877],[28.444499,41.427098],[28.443893,41.427359],[28.443013,41.427733],[28.442515,41.427906],[28.441608,41.42824],[28.440825,41.428457],[28.439626,41.428802],[28.43825,41.429157],[28.436915,41.429606],[28.435589,41.430082],[28.434436,41.430501],[28.43384,41.430778],[28.433443,41.431076],[28.432918,41.431341],[28.432263,41.431546],[28.431308,41.431832],[28.430761,41.432037],[28.42927,41.432544],[28.428615,41.432809],[28.427607,41.433139],[28.426899,41.43342],[28.426093,41.433848],[28.425417,41.434113],[28.424925,41.434297],[28.424064,41.434643],[28.423388,41.434908],[28.422929,41.435069],[28.422035,41.435439],[28.421363,41.4356],[28.420923,41.435866],[28.420376,41.436035],[28.419507,41.436364],[28.418788,41.43663],[28.415443,41.437888],[28.413466,41.438609],[28.412275,41.439035],[28.410099,41.439991],[28.409582,41.440148],[28.407215,41.441105],[28.406931,41.441285],[28.307744,41.279994]]]},"properties":{"hucre_kodu":"BZ-091","ilce":"Çatalca","alan_km2":249.37,"yogunluk_puani":0,"komsular":["BZ-004","BZ-090","BZ-199","BZ-202","BZ-093"]}},{"type":"Feature","geometry":{"type":"Polygon","coordinates":[[[28.388193,41.169796],[28.432634,41.037304],[28.432896,41.037212],[28.434103,41.036869],[28.434974,41.036553],[28.435572,41.036343],[28.435795,41.036229],[28.436099,41.036137],[28.436596,41.0361],[28.436873,41.036026],[28.437156,41.035899],[28.437246,41.035839],[28.438281,41.035365],[28.438686,41.035309],[28.439232,41.035164],[28.43985,41.034882],[28.44013,41.034724],[28.440636,41.034582],[28.44129,41.034286],[28.441608,41.034205],[28.442954,41.033783],[28.443705,41.033459],[28.444004,41.033265],[28.444703,41.033132],[28.445417,41.032788],[28.44616,41.032478],[28.447835,41.03194],[28.448066,41.031841],[28.448211,41.031799],[28.448905,41.03155],[28.449238,41.031289],[28.450016,41.031051],[28.450588,41.031015],[28.450921,41.030754],[28.451594,41.030489],[28.452365,41.030151],[28.452841,41.02995],[28.453165,41.029811],[28.453726,41.029592],[28.454423,41.029285],[28.455063,41.029053],[28.455927,41.028688],[28.456859,41.028384],[28.457422,41.028143],[28.458278,41.027791],[28.459018,41.027398],[28.459156,41.027201],[28.458837,41.026524],[28.458888,41.026406],[28.458992,41.026337],[28.459108,41.026378],[28.459529,41.026994],[28.459911,41.026914],[28.460716,41.026607],[28.4613,41.026419],[28.530091,41.117569],[28.388193,41.169796]]]},"properties":{"hucre_kodu":"BZ-092","ilce":"Çatalca","alan_km2":92.71,"yogunluk_puani":1,"komsular":["BZ-084","BZ-095","BZ-205","BZ-085"]}},{"type":"Feature","geometry":{"type":"Polygon","coordinates":[[[28.354006,41.218843],[28.361499,41.203767],[28.544798,41.284725],[28.542388,41.354993],[28.354006,41.218843]]]},"properties":{"hucre_kodu":"BZ-093","ilce":"Çatalca","alan_km2":79.19,"yogunluk_puani":2,"komsular":["BZ-094","BZ-004","BZ-091","BZ-202"]}},{"type":"Feature","geometry":{"type":"Polygon","coordinates":[[[28.361499,41.203767],[28.365487,41.192946],[28.372283,41.188443],[28.552246,41.21825],[28.558819,41.231648],[28.544798,41.284725],[28.361499,41.203767]]]},"properties":{"hucre_kodu":"BZ-094","ilce":"Çatalca","alan_km2":76.97,"yogunluk_puani":1,"komsular":["BZ-003","BZ-004","BZ-093","BZ-202","BZ-205","BZ-095"]}},{"type":"Feature","geometry":{"type":"Polygon","coordinates":[[[28.372283,41.188443],[28.388193,41.169796],[28.530091,41.117569],[28.551507,41.120843],[28.555832,41.131264],[28.559411,41.161291],[28.552246,41.21825],[28.372283,41.188443]]]},"properties":{"hucre_kodu":"BZ-095","ilce":"Çatalca","alan_km2":103.77,"yogunluk_puani":2,"komsular":["BZ-006","BZ-005","BZ-003","BZ-094","BZ-205","BZ-092","BZ-084"]}},{"type":"Feature","geometry":{"type":"Polygon","coordinates":[[[29.126046,41.067312],[29.127725,41.045075],[29.138007,41.026002],[29.146913,41.020101],[29.160099,41.022597],[29.162554,41.025036],[29.190631,41.080841],[29.188485,41.093166],[29.126046,41.067312]]]},"properties":{"hucre_kodu":"BZ-096","ilce":"Çekmeköy","alan_km2":25.3,"yogunluk_puani":12,"komsular":["BZ-231","BZ-233","BZ-234","BZ-235","BZ-238","BZ-097","BZ-099","BZ-070"]}},{"type":"Feature","geometry":{"type":"Polygon","coordinates":[[[29.162554,41.025036],[29.189174,41.025036],[29.202683,41.048902],[29.190631,41.080841],[29.162554,41.025036]]]},"properties":{"hucre_kodu":"BZ-097","ilce":"Çekmeköy","alan_km2":10.31,"yogunluk_puani":8,"komsular":["BZ-099","BZ-096","BZ-238","BZ-098"]}},{"type":"Feature","geometry":{"type":"Polygon","coordinates":[[[29.187765,41.017567],[29.205757,41.005647],[29.219242,41.032448],[29.202683,41.048902],[29.189174,41.025036],[29.187765,41.017567]]]},"properties":{"hucre_kodu":"BZ-098","ilce":"Çekmeköy","alan_km2":6.9,"yogunluk_puani":3,"komsular":["BZ-238","BZ-177","BZ-178","BZ-099","BZ-097"]}},{"type":"Feature","geometry":{"type":"Polygon","coordinates":[[[29.188485,41.093166],[29.190631,41.080841],[29.202683,41.048902],[29.219242,41.032448],[29.225164,41.030094],[29.262906,41.044382],[29.275449,41.054769],[29.258718,41.076938],[29.19683,41.108477],[29.188485,41.093166]]]},"properties":{"hucre_kodu":"BZ-099","ilce":"Çekmeköy","alan_km2":35.78,"yogunluk_puani":3,"komsular":["BZ-096","BZ-097","BZ-098","BZ-178","BZ-180","BZ-181","BZ-101","BZ-100","BZ-070"]}},{"type":"Feature","geometry":{"type":"Polygon","coordinates":[[[29.19683,41.108477],[29.258718,41.076938],[29.304292,41.137325],[29.218584,41.137325],[29.197564,41.124946],[29.19683,41.119359],[29.19683,41.108477]]]},"properties":{"hucre_kodu":"BZ-100","ilce":"Çekmeköy","alan_km2":37.37,"yogunluk_puani":1,"komsular":["BZ-071","BZ-070","BZ-099","BZ-101","BZ-074","BZ-072"]}},{"type":"Feature","geometry":{"type":"Polygon","coordinates":[[[29.258718,41.076938],[29.275449,41.054769],[29.319969,41.040889],[29.394807,41.118015],[29.390785,41.165976],[29.304292,41.137325],[29.258718,41.076938]]]},"properties":{"hucre_kodu":"BZ-101","ilce":"Çekmeköy","alan_km2":87.85,"yogunluk_puani":6,"komsular":["BZ-099","BZ-181","BZ-175","BZ-190","BZ-074","BZ-100"]}},{"type":"Feature","geometry":{"type":"Polygon","coordinates":[[[28.863554,41.044483],[28.890612,41.056433],[28.892272,41.069632],[28.888407,41.076803],[28.880731,41.080871],[28.863554,41.075813],[28.863554,41.044483]]]},"properties":{"hucre_kodu":"BZ-102","ilce":"Esenler","alan_km2":7.14,"yogunluk_puani":18,"komsular":["BZ-125","BZ-220","BZ-219","BZ-036","BZ-103","BZ-059"]}},{"type":"Feature","geometry":{"type":"Polygon","coordinates":[[[28.862716,41.043002],[28.863554,41.041522],[28.876993,41.035586],[28.890335,41.044425],[28.892774,41.049272],[28.890612,41.056433],[28.863554,41.044483],[28.862716,41.043002]]]},"properties":{"hucre_kodu":"BZ-103","ilce":"Esenler","alan_km2":2.94,"yogunluk_puani":19,"komsular":["BZ-057","BZ-059","BZ-102","BZ-036","BZ-035","BZ-037","BZ-104"]}},{"type":"Feature","geometry":{"type":"Polygon","coordinates":[[[28.876993,41.035586],[28.882325,41.021456],[28.884723,41.022092],[28.890335,41.029528],[28.890335,41.044425],[28.876993,41.035586]]]},"properties":{"hucre_kodu":"BZ-104","ilce":"Esenler","alan_km2":1.73,"yogunluk_puani":20,"komsular":["BZ-128","BZ-105","BZ-057","BZ-103","BZ-037"]}},{"type":"Feature","geometry":{"type":"Polygon","coordinates":[[[28.884723,41.022092],[28.900701,41.015035],[28.907586,41.019597],[28.908791,41.025984],[28.90478,41.029528],[28.890335,41.029528],[28.884723,41.022092]]]},"properties":{"hucre_kodu":"BZ-105","ilce":"Esenler","alan_km2":2.24,"yogunluk_puani":7,"komsular":["BZ-058","BZ-057","BZ-104","BZ-128","BZ-248","BZ-250"]}},{"type":"Feature","geometry":{"type":"Polygon","coordinates":[[[28.638449,41.036152],[28.670134,41.010962],[28.670134,41.038511],[28.639721,41.038511],[28.638449,41.036152]]]},"properties":{"hucre_kodu":"BZ-106","ilce":"Esenyurt","alan_km2":4.42,"yogunluk_puani":2,"komsular":["BZ-109","BZ-107","BZ-088","BZ-079"]}},{"type":"Feature","geometry":{"type":"Polygon","coordinates":[[[28.639721,41.038511],[28.670134,41.038511],[28.67311,41.042454],[28.67311,41.047111],[28.655175,41.062953],[28.648011,41.06414],[28.639721,41.038511]]]},"properties":{"hucre_kodu":"BZ-107","ilce":"Esenyurt","alan_km2":5.39,"yogunluk_puani":9,"komsular":["BZ-110","BZ-108","BZ-049","BZ-088","BZ-106","BZ-109"]}},{"type":"Feature","geometry":{"type":"Polygon","coordinates":[[[28.655175,41.062953],[28.67311,41.047111],[28.694227,41.056438],[28.69281,41.067706],[28.690492,41.072312],[28.655175,41.062953]]]},"properties":{"hucre_kodu":"BZ-108","ilce":"Esenyurt","alan_km2":5.22,"yogunluk_puani":12,"komsular":["BZ-027","BZ-028","BZ-049","BZ-107","BZ-110"]}},{"type":"Feature","geometry":{"type":"Polygon","coordinates":[[[28.670134,41.010962],[28.673103,41.007028],[28.673158,41.00707],[28.693681,41.028825],[28.67311,41.042454],[28.670134,41.038511],[28.670134,41.010962]]]},"properties":{"hucre_kodu":"BZ-109","ilce":"Esenyurt","alan_km2":4.29,"yogunluk_puani":22,"komsular":["BZ-026","BZ-110","BZ-107","BZ-106","BZ-079","BZ-025"]}},{"type":"Feature","geometry":{"type":"Polygon","coordinates":[[[28.67311,41.042454],[28.693681,41.028825],[28.706503,41.036106],[28.694227,41.056438],[28.67311,41.047111],[28.67311,41.042454]]]},"properties":{"hucre_kodu":"BZ-110","ilce":"Esenyurt","alan_km2":4.79,"yogunluk_puani":7,"komsular":["BZ-109","BZ-026","BZ-027","BZ-108","BZ-107"]}},{"type":"Feature","geometry":{"type":"Polygon","coordinates":[[[28.812967,41.19347],[28.814026,41.185989],[28.835207,41.169951],[28.85177,41.167025],[28.92596,41.245666],[28.921076,41.271548],[28.921017,41.271549],[28.918673,41.271847],[28.917822,41.271909],[28.916765,41.27193],[28.916161,41.271924],[28.915932,41.271967],[28.915752,41.271985],[28.915618,41.271825],[28.915752,41.271578],[28.915661,41.271265],[28.915464,41.270911],[28.915105,41.270772],[28.914493,41.270745],[28.913727,41.270705],[28.913108,41.270405],[28.912177,41.270244],[28.911109,41.270185],[28.910441,41.270286],[28.910041,41.270464],[28.909791,41.270739],[28.909773,41.271043],[28.909874,41.271269],[28.90976,41.271358],[28.909545,41.27142],[28.909352,41.271421],[28.909221,41.271399],[28.909152,41.271379],[28.909002,41.271331],[28.90872,41.27128],[28.908533,41.271239],[28.908285,41.271136],[28.908025,41.271057],[28.907844,41.271059],[28.90765,41.271129],[28.907592,41.271253],[28.907515,41.271356],[28.907439,41.271485],[28.907326,41.271595],[28.907085,41.271734],[28.906791,41.271865],[28.906276,41.272003],[28.905533,41.272168],[28.90458,41.272493],[28.903801,41.272801],[28.903137,41.273348],[28.902693,41.27369],[28.901772,41.274297],[28.901446,41.274398],[28.900426,41.27464],[28.899252,41.274596],[28.898157,41.274411],[28.896988,41.274226],[28.896076,41.274162],[28.895071,41.2743],[28.893608,41.274553],[28.892369,41.274738],[28.891323,41.274847],[28.889864,41.274771],[28.889059,41.274597],[28.88848,41.274484],[28.88833,41.274376],[28.888099,41.274234],[28.887766,41.274102],[28.886835,41.274168],[28.885064,41.274597],[28.883347,41.275056],[28.87911,41.275884],[28.877509,41.276242],[28.87702,41.27652],[28.875972,41.276667],[28.874369,41.276962],[28.873307,41.277254],[28.870767,41.278173],[28.869994,41.278347],[28.86905,41.27858],[28.868412,41.278816],[28.867873,41.279042],[28.867175,41.279252],[28.866738,41.279336],[28.866025,41.279475],[28.865536,41.279546],[28.865303,41.279546],[28.865003,41.279552],[28.864676,41.279649],[28.86452,41.279715],[28.864295,41.27981],[28.864107,41.279834],[28.863975,41.279844],[28.863782,41.279859],[28.86356,41.279856],[28.863297,41.279873],[28.863004,41.279873],[28.862581,41.279961],[28.862227,41.280096],[28.8618,41.280256],[28.861285,41.280477],[28.86095,41.280604],[28.860451,41.280751],[28.860019,41.280818],[28.85981,41.28084],[28.859314,41.280893],[28.859054,41.280951],[28.858718,41.281036],[28.858337,41.281144],[28.857286,41.281447],[28.856782,41.281586],[28.856567,41.281691],[28.856151,41.28186],[28.855553,41.281995],[28.854968,41.282158],[28.854384,41.282394],[28.853635,41.282743],[28.853416,41.282834],[28.818315,41.249613],[28.812967,41.236859],[28.812967,41.19347]]]},"properties":{"hucre_kodu":"BZ-111","ilce":"Eyüpsultan","alan_km2":79.32,"yogunluk_puani":1,"komsular":["BZ-217","BZ-112","BZ-184","BZ-015","BZ-012","BZ-013","BZ-014","BZ-016"]}},{"type":"Feature","geometry":{"type":"Polygon","coordinates":[[[28.85177,41.167025],[28.886964,41.139045],[28.911165,41.142818],[28.951096,41.164604],[28.95597,41.173368],[28.92596,41.245666],[28.85177,41.167025]]]},"properties":{"hucre_kodu":"BZ-112","ilce":"Eyüpsultan","alan_km2":54.6,"yogunluk_puani":18,"komsular":["BZ-183","BZ-184","BZ-111","BZ-217","BZ-220","BZ-114"]}},{"type":"Feature","geometry":{"type":"Polygon","coordinates":[[[28.920092,41.070937],[28.937946,41.065023],[28.937946,41.090164],[28.920092,41.090164],[28.920092,41.070937]]]},"properties":{"hucre_kodu":"BZ-113","ilce":"Eyüpsultan","alan_km2":3.7,"yogunluk_puani":14,"komsular":["BZ-116","BZ-114","BZ-125","BZ-126"]}},{"type":"Feature","geometry":{"type":"Polygon","coordinates":[[[28.911165,41.094895],[28.920092,41.090164],[28.937946,41.090164],[28.955419,41.108686],[28.951267,41.163695],[28.951096,41.164604],[28.911165,41.142818],[28.911165,41.094895]]]},"properties":{"hucre_kodu":"BZ-114","ilce":"Eyüpsultan","alan_km2":23.93,"yogunluk_puani":1,"komsular":["BZ-113","BZ-116","BZ-182","BZ-183","BZ-112","BZ-220","BZ-125"]}},{"type":"Feature","geometry":{"type":"Polygon","coordinates":[[[28.915986,41.045248],[28.921457,41.034375],[28.931994,41.032048],[28.934142,41.033471],[28.937946,41.038511],[28.937946,41.047051],[28.937881,41.047116],[28.93783,41.047194],[28.937905,41.047261],[28.937847,41.047298],[28.937786,41.047337],[28.937685,41.047247],[28.937666,41.047243],[28.937603,41.047259],[28.93737,41.047321],[28.937303,41.04744],[28.937184,41.047622],[28.935146,41.049728],[28.935061,41.049855],[28.935026,41.049984],[28.935017,41.05004],[28.935169,41.050033],[28.935192,41.050048],[28.93521,41.050135],[28.93533,41.050851],[28.935352,41.051006],[28.935424,41.051413],[28.935444,41.051549],[28.93548,41.051787],[28.935714,41.052203],[28.935701,41.052202],[28.935755,41.052304],[28.935773,41.052306],[28.935931,41.052507],[28.936064,41.05267],[28.936421,41.053075],[28.936702,41.053328],[28.936937,41.053527],[28.937416,41.053933],[28.937888,41.054425],[28.937946,41.054478],[28.937946,41.060803],[28.917643,41.051836],[28.915986,41.045248]]]},"properties":{"hucre_kodu":"BZ-115","ilce":"Eyüpsultan","alan_km2":4.08,"yogunluk_puani":10,"komsular":["BZ-119","BZ-121","BZ-080","BZ-126","BZ-059","BZ-058","BZ-250"]}},{"type":"Feature","geometry":{"type":"MultiPolygon","coordinates":[[[[28.937946,41.065023],[28.939038,41.063214],[28.944724,41.063214],[28.944703,41.06325],[28.944468,41.063575],[28.944243,41.063803],[28.944038,41.064011],[28.943834,41.06434],[28.943824,41.064543],[28.943802,41.06478],[28.944059,41.064791],[28.94416,41.064795],[28.944256,41.064769],[28.944321,41.064667],[28.944383,41.064665],[28.944396,41.064553],[28.944498,41.064556],[28.944498,41.06477],[28.94453,41.06479],[28.94527,41.06479],[28.945335,41.064721],[28.945345,41.064192],[28.945327,41.064107],[28.945395,41.064032],[28.9456,41.063803],[28.945823,41.063555],[28.946695,41.063381],[28.94699,41.063406],[28.947124,41.063531],[28.947381,41.064301],[28.947621,41.064589],[28.94791,41.064672],[28.948079,41.064721],[28.948268,41.064585],[28.948323,41.064537],[28.964113,41.085459],[28.958223,41.10497],[28.955419,41.108686],[28.937946,41.090164],[28.937946,41.065023]]],[[[28.947849,41.063909],[28.948115,41.064261],[28.947864,41.064137],[28.947849,41.063909]]]]},"properties":{"hucre_kodu":"BZ-116","ilce":"Eyüpsultan","alan_km2":7.04,"yogunluk_puani":7,"komsular":["BZ-138","BZ-182","BZ-114","BZ-113","BZ-126","BZ-080","BZ-137"]}},{"type":"Feature","geometry":{"type":"Polygon","coordinates":[[[28.916513,41.011711],[28.919266,41.00077],[28.924962,40.997752],[28.93497,41.011013],[28.93497,41.016053],[28.931994,41.021967],[28.916513,41.011711]]]},"properties":{"hucre_kodu":"BZ-117","ilce":"Fatih","alan_km2":2.44,"yogunluk_puani":37,"komsular":["BZ-119","BZ-250","BZ-248","BZ-249","BZ-118","BZ-120"]}},{"type":"Feature","geometry":{"type":"MultiPolygon","coordinates":[[[[28.924962,40.997752],[28.928199,40.992033],[28.929031,40.992885],[28.929114,40.992919],[28.929253,40.992836],[28.929487,40.993086],[28.929575,40.993032],[28.929678,40.993113],[28.929577,40.993289],[28.929613,40.993552],[28.931299,40.994511],[28.931371,40.994552],[28.931694,40.99468],[28.931759,40.994706],[28.931956,40.994861],[28.932315,40.995245],[28.93313,40.996251],[28.933211,40.996604],[28.934084,40.998603],[28.934589,40.999412],[28.935021,40.999848],[28.935562,41.000239],[28.936086,41.000423],[28.936244,41.000513],[28.936388,41.000792],[28.93681,41.001088],[28.93691,41.001132],[28.937184,41.001268],[28.937635,41.001313],[28.937785,41.001308],[28.937891,41.001217],[28.938163,41.001249],[28.93833,41.001212],[28.938523,41.001272],[28.938583,41.001378],[28.938503,41.001553],[28.938555,41.001634],[28.93876,41.001722],[28.93882,41.00167],[28.938895,41.001583],[28.938949,41.001492],[28.938984,41.001388],[28.938983,41.001289],[28.938945,41.001205],[28.938864,41.001137],[28.938021,41.000756],[28.937989,41.000712],[28.937986,41.000626],[28.937978,41.000365],[28.938048,41.00002],[28.938159,40.999716],[28.938324,40.999395],[28.938523,40.99911],[28.938765,40.998821],[28.939078,40.998535],[28.939439,40.998261],[28.939815,40.998014],[28.940271,40.997742],[28.940773,40.997477],[28.941296,40.997229],[28.941757,40.997045],[28.9421,40.996905],[28.942835,40.996677],[28.943198,40.996585],[28.943727,40.996462],[28.944315,40.99635],[28.944943,40.996267],[28.945555,40.996222],[28.946138,40.996202],[28.946787,40.996212],[28.947404,40.996244],[28.948032,40.996308],[28.948632,40.996398],[28.949201,40.996508],[28.949804,40.996657],[28.949848,40.996671],[28.949848,41.001156],[28.93497,41.011013],[28.924962,40.997752]]],[[[28.928624,40.991281],[28.928794,40.99098],[28.929426,40.990864],[28.929591,40.990944],[28.9303,40.992331],[28.930292,40.992523],[28.930147,40.99275],[28.929978,40.992792],[28.929878,40.992713],[28.929977,40.992464],[28.929989,40.992402],[28.92955,40.991524],[28.929354,40.991162],[28.92928,40.991101],[28.929156,40.991106],[28.928624,40.991281]]]]},"properties":{"hucre_kodu":"BZ-118","ilce":"Fatih","alan_km2":2.03,"yogunluk_puani":37,"komsular":["BZ-249","BZ-122","BZ-120","BZ-117"]}},{"type":"Feature","geometry":{"type":"Polygon","coordinates":[[[28.931994,41.021967],[28.93497,41.016053],[28.955376,41.016053],[28.955938,41.019031],[28.934142,41.033471],[28.931994,41.032048],[28.931994,41.021967]]]},"properties":{"hucre_kodu":"BZ-119","ilce":"Fatih","alan_km2":2.32,"yogunluk_puani":92,"komsular":["BZ-123","BZ-121","BZ-115","BZ-250","BZ-117","BZ-120"]}},{"type":"Feature","geometry":{"type":"Polygon","coordinates":[[[28.93497,41.011013],[28.949848,41.001156],[28.955913,41.013209],[28.955376,41.016053],[28.93497,41.016053],[28.93497,41.011013]]]},"properties":{"hucre_kodu":"BZ-120","ilce":"Fatih","alan_km2":1.88,"yogunluk_puani":74,"komsular":["BZ-123","BZ-119","BZ-117","BZ-118","BZ-122"]}},{"type":"Feature","geometry":{"type":"MultiPolygon","coordinates":[[[[28.934142,41.033471],[28.955938,41.019031],[28.960292,41.0248],[28.960137,41.024973],[28.960157,41.024979],[28.95989,41.025227],[28.959877,41.025265],[28.95978,41.025477],[28.959735,41.02546],[28.959617,41.025736],[28.959653,41.025908],[28.959596,41.025921],[28.959665,41.026198],[28.959745,41.026219],[28.959733,41.026289],[28.959699,41.026278],[28.959609,41.026311],[28.959547,41.026384],[28.959459,41.026517],[28.959432,41.026521],[28.959352,41.02659],[28.959216,41.026631],[28.959128,41.026668],[28.95895,41.026783],[28.958848,41.026852],[28.958725,41.026922],[28.958577,41.026991],[28.958458,41.027114],[28.958344,41.027191],[28.958268,41.027226],[28.958239,41.027272],[28.95825,41.027289],[28.957896,41.027559],[28.957865,41.027527],[28.957834,41.027535],[28.957799,41.027563],[28.957718,41.027668],[28.957542,41.027963],[28.957452,41.028142],[28.9575,41.02819],[28.957512,41.028244],[28.957512,41.028334],[28.95746,41.02841],[28.957321,41.02851],[28.957197,41.028588],[28.95712,41.028612],[28.956958,41.028581],[28.956662,41.028549],[28.956336,41.028552],[28.955991,41.028608],[28.955917,41.028613],[28.955586,41.028694],[28.955379,41.028693],[28.955128,41.028731],[28.954566,41.028845],[28.954312,41.028915],[28.953971,41.029044],[28.953412,41.029139],[28.953225,41.02919],[28.953034,41.029335],[28.952653,41.029809],[28.952632,41.029835],[28.952614,41.029894],[28.952623,41.029943],[28.952647,41.02999],[28.952735,41.030068],[28.952988,41.030285],[28.952968,41.030392],[28.952814,41.030571],[28.952772,41.030653],[28.95275,41.030677],[28.952569,41.030823],[28.952613,41.030856],[28.952547,41.030907],[28.952489,41.03096],[28.952471,41.030981],[28.95244,41.031011],[28.952329,41.031087],[28.952257,41.031077],[28.951996,41.030953],[28.951656,41.031064],[28.951211,41.031203],[28.95104,41.031211],[28.950588,41.031463],[28.950527,41.031525],[28.950135,41.031985],[28.949744,41.032359],[28.949762,41.032394],[28.949786,41.032426],[28.949848,41.032488],[28.949781,41.033016],[28.949692,41.033093],[28.949732,41.033155],[28.94974,41.033137],[28.950161,41.033307],[28.950023,41.033513],[28.949627,41.033787],[28.949547,41.033738],[28.949251,41.033888],[28.949102,41.034245],[28.949163,41.034301],[28.949086,41.034561],[28.949098,41.034773],[28.949299,41.034736],[28.949324,41.034819],[28.949342,41.034879],[28.949283,41.034892],[28.949293,41.034931],[28.949177,41.034956],[28.949175,41.035006],[28.949195,41.035179],[28.949242,41.0353],[28.949069,41.035481],[28.948843,41.035697],[28.948866,41.035717],[28.948815,41.035746],[28.948497,41.035838],[28.948561,41.035974],[28.948486,41.036008],[28.948334,41.03605],[28.948177,41.036062],[28.947943,41.036124],[28.947357,41.036373],[28.947131,41.036597],[28.946942,41.036821],[28.946754,41.037162],[28.946619,41.03743],[28.946594,41.037499],[28.94658,41.037543],[28.946568,41.037577],[28.946399,41.037771],[28.946313,41.037898],[28.946348,41.038075],[28.946294,41.03817],[28.9461,41.038511],[28.937946,41.038511],[28.934142,41.033471]]],[[[28.95034,41.038511],[28.950505,41.037957],[28.95067,41.037888],[28.950747,41.037808],[28.950806,41.037782],[28.950868,41.037807],[28.951009,41.037619],[28.950779,41.037496],[28.950835,41.037431],[28.950909,41.037467],[28.950905,41.037498],[28.951041,41.037548],[28.951098,41.037568],[28.951137,41.037515],[28.951171,41.037539],[28.951249,41.03745],[28.951179,41.037413],[28.951207,41.03738],[28.951244,41.037391],[28.951263,41.037386],[28.951363,41.037247],[28.951301,41.037222],[28.951355,41.037139],[28.951416,41.037149],[28.951471,41.037064],[28.95142,41.037036],[28.95184,41.036391],[28.951775,41.036357],[28.952019,41.036139],[28.952284,41.035749],[28.952537,41.035827],[28.952533,41.035865],[28.952813,41.036017],[28.953057,41.035858],[28.952688,41.035607],[28.952608,41.035425],[28.952617,41.035394],[28.952696,41.035499],[28.953407,41.035987],[28.953614,41.035761],[28.952806,41.035216],[28.952522,41.035002],[28.952414,41.034889],[28.952933,41.034698],[28.953064,41.034904],[28.953169,41.034856],[28.953052,41.034682],[28.953424,41.034549],[28.954001,41.034454],[28.954097,41.034581],[28.954279,41.034516],[28.954216,41.034436],[28.954501,41.034339],[28.954429,41.034214],[28.954732,41.034094],[28.95501,41.033979],[28.955112,41.034126],[28.955423,41.034111],[28.955745,41.034078],[28.955713,41.033834],[28.957264,41.033676],[28.957293,41.033691],[28.957352,41.033982],[28.95856,41.033827],[28.953257,41.038511],[28.95034,41.038511]]]]},"properties":{"hucre_kodu":"BZ-121","ilce":"Fatih","alan_km2":2.22,"yogunluk_puani":38,"komsular":["BZ-081","BZ-080","BZ-115","BZ-119","BZ-123"]}},{"type":"Feature","geometry":{"type":"Polygon","coordinates":[[[28.949848,40.996671],[28.950385,40.99683],[28.950936,40.997025],[28.951456,40.997237],[28.951948,40.997463],[28.952387,40.997694],[28.952775,40.997925],[28.953135,40.998155],[28.95343,40.998367],[28.954655,40.998348],[28.955013,40.998309],[28.955424,40.998298],[28.960282,40.998224],[28.96072,40.998146],[28.960831,40.998133],[28.960918,40.99815],[28.961005,40.998198],[28.961051,40.998255],[28.961069,40.998321],[28.961066,40.998359],[28.961036,40.998423],[28.960942,40.998494],[28.960859,40.998517],[28.960769,40.998517],[28.960682,40.998493],[28.960287,40.998419],[28.95986,40.998425],[28.959864,40.998607],[28.954775,40.998684],[28.953733,40.999213],[28.953382,41.000029],[28.953791,41.000148],[28.953763,41.000214],[28.953349,41.000108],[28.953183,41.000495],[28.953592,41.000622],[28.953557,41.000692],[28.953146,41.000581],[28.95287,41.001224],[28.953744,41.00213],[28.954064,41.00217],[28.95419,41.001609],[28.954262,41.001627],[28.954174,41.001984],[28.954117,41.002215],[28.955478,41.002382],[28.955765,41.002188],[28.955456,41.001901],[28.955548,41.001848],[28.955698,41.001986],[28.955863,41.002138],[28.956412,41.001793],[28.956101,41.001502],[28.956168,41.001458],[28.956221,41.001424],[28.957033,41.002232],[28.957123,41.002175],[28.957142,41.002162],[28.957314,41.002052],[28.958435,41.001866],[28.958214,41.001297],[28.958147,41.001122],[28.958157,41.001082],[28.958198,41.001063],[28.958221,41.001066],[28.958246,41.00109],[28.958323,41.001306],[28.958538,41.001841],[28.9589,41.001765],[28.959516,41.001615],[28.959552,41.001606],[28.959575,41.001661],[28.960085,41.001512],[28.961248,41.0013],[28.961592,41.001083],[28.961856,41.001],[28.962198,41.000945],[28.965238,41.000882],[28.965446,41.000903],[28.96549,41.000969],[28.965459,41.001025],[28.965316,41.001028],[28.965309,41.000987],[28.964024,41.001014],[28.96402,41.001066],[28.962242,41.001115],[28.96225,41.00108],[28.96205,41.001098],[28.961823,41.001151],[28.961616,41.001235],[28.961347,41.001433],[28.960864,41.002085],[28.961456,41.002288],[28.961466,41.002288],[28.961466,41.00197],[28.961536,41.00197],[28.961537,41.002288],[28.962156,41.002288],[28.962158,41.001926],[28.962235,41.001926],[28.962233,41.002288],[28.962804,41.002291],[28.962815,41.00197],[28.962884,41.001972],[28.962887,41.0023],[28.963515,41.002296],[28.96361,41.002296],[28.96397,41.002146],[28.964141,41.002139],[28.964278,41.00227],[28.96457,41.002316],[28.964943,41.002335],[28.967184,41.002132],[28.968238,41.002019],[28.968566,41.00201],[28.96877,41.001996],[28.966264,41.008637],[28.955913,41.013209],[28.949848,41.001156],[28.949848,40.996671]]]},"properties":{"hucre_kodu":"BZ-122","ilce":"Fatih","alan_km2":1.41,"yogunluk_puani":8,"komsular":["BZ-130","BZ-124","BZ-123","BZ-120","BZ-118","BZ-249","BZ-001"]}},{"type":"Feature","geometry":{"type":"MultiPolygon","coordinates":[[[[28.955376,41.016053],[28.955913,41.013209],[28.966264,41.008637],[28.977182,41.01587],[28.976214,41.017152],[28.976122,41.017186],[28.976095,41.01715],[28.975377,41.017428],[28.975408,41.01749],[28.975182,41.017578],[28.975068,41.017623],[28.975044,41.0176],[28.974987,41.017581],[28.974774,41.017655],[28.97424,41.017869],[28.974291,41.017941],[28.974141,41.017996],[28.973959,41.01807],[28.973915,41.018003],[28.973217,41.018279],[28.9732,41.018353],[28.973161,41.018347],[28.972989,41.018322],[28.973009,41.018253],[28.972137,41.018134],[28.972121,41.01814],[28.972088,41.018153],[28.971978,41.018195],[28.971882,41.018233],[28.971676,41.018312],[28.971662,41.018318],[28.971641,41.018326],[28.971606,41.018339],[28.971361,41.01832],[28.971271,41.018367],[28.971197,41.018403],[28.970618,41.018701],[28.970644,41.01874],[28.970438,41.018827],[28.970211,41.018925],[28.970188,41.018896],[28.970133,41.018921],[28.969629,41.019634],[28.96932,41.019558],[28.969145,41.019512],[28.96899,41.019442],[28.968972,41.019433],[28.968967,41.019521],[28.968873,41.019513],[28.968758,41.019514],[28.968753,41.019432],[28.967793,41.019466],[28.967586,41.019505],[28.967421,41.019565],[28.967287,41.019732],[28.967017,41.019639],[28.966373,41.019526],[28.966293,41.019545],[28.966063,41.019668],[28.965954,41.01983],[28.966018,41.020375],[28.966015,41.020449],[28.965948,41.020519],[28.965856,41.020556],[28.965825,41.020544],[28.965485,41.020759],[28.965152,41.02075],[28.965071,41.020717],[28.96484,41.02084],[28.964651,41.020914],[28.964458,41.020957],[28.964152,41.021091],[28.963836,41.021299],[28.963609,41.021494],[28.963456,41.02175],[28.963445,41.022065],[28.963521,41.022169],[28.96355,41.022267],[28.963522,41.022474],[28.963481,41.022533],[28.963148,41.022873],[28.962926,41.02295],[28.962912,41.022933],[28.962861,41.022953],[28.962774,41.022921],[28.962684,41.02304],[28.962546,41.023125],[28.96224,41.023297],[28.961883,41.023445],[28.961367,41.023685],[28.961251,41.023763],[28.961061,41.023951],[28.960415,41.024588],[28.960456,41.024617],[28.960292,41.0248],[28.955938,41.019031],[28.955376,41.016053]]],[[[28.966072,41.027995],[28.966182,41.027748],[28.966462,41.027683],[28.966722,41.027676],[28.966716,41.027479],[28.966539,41.027471],[28.96646,41.027445],[28.966598,41.026839],[28.966693,41.026541],[28.966866,41.026505],[28.966998,41.026528],[28.967053,41.026307],[28.966708,41.026207],[28.966797,41.025912],[28.96715,41.025979],[28.967209,41.025827],[28.966944,41.025776],[28.966963,41.025725],[28.967241,41.025774],[28.9673,41.0256],[28.967021,41.02554],[28.967162,41.02525],[28.967217,41.025143],[28.967362,41.025011],[28.967174,41.024888],[28.967392,41.024706],[28.967525,41.02446],[28.967941,41.024114],[28.968086,41.023985],[28.969904,41.022358],[28.970584,41.022224],[28.970823,41.022054],[28.97098,41.022004],[28.971108,41.021953],[28.971812,41.021965],[28.972223,41.021887],[28.972746,41.021748],[28.966934,41.029448],[28.966833,41.029304],[28.967288,41.028905],[28.967161,41.028765],[28.96653,41.028932],[28.966072,41.027995]]],[[[28.966562,41.029933],[28.966589,41.029906],[28.966568,41.029934],[28.966562,41.029933]]]]},"properties":{"hucre_kodu":"BZ-123","ilce":"Fatih","alan_km2":1.88,"yogunluk_puani":82,"komsular":["BZ-081","BZ-121","BZ-119","BZ-120","BZ-122","BZ-124","BZ-082"]}},{"type":"Feature","geometry":{"type":"Polygon","coordinates":[[[28.966264,41.008637],[28.96877,41.001996],[28.968815,41.001993],[28.969157,41.001901],[28.970823,41.001444],[28.973081,41.000984],[28.973191,41.001041],[28.975321,41.000972],[28.975374,41.001056],[28.975368,41.001192],[28.976172,41.001159],[28.976765,41.001133],[28.978335,41.00107],[28.978676,41.001208],[28.97862,41.001235],[28.978616,41.001328],[28.977922,41.001415],[28.977732,41.001437],[28.977596,41.001464],[28.977594,41.001481],[28.977592,41.001502],[28.977591,41.001554],[28.97759,41.001627],[28.977607,41.001765],[28.977652,41.001779],[28.978278,41.001774],[28.979086,41.001833],[28.98013,41.00204],[28.980657,41.002217],[28.981395,41.002589],[28.982025,41.003034],[28.982601,41.003671],[28.983141,41.004281],[28.983387,41.004525],[28.983845,41.004839],[28.985496,41.005787],[28.986041,41.006324],[28.986319,41.006747],[28.986879,41.008372],[28.987857,41.010213],[28.988087,41.012258],[28.977182,41.01587],[28.966264,41.008637]]]},"properties":{"hucre_kodu":"BZ-124","ilce":"Fatih","alan_km2":2.03,"yogunluk_puani":96,"komsular":["BZ-082","BZ-123","BZ-122","BZ-130","BZ-129","BZ-239"]}},{"type":"Feature","geometry":{"type":"Polygon","coordinates":[[[28.888407,41.076803],[28.892272,41.069632],[28.9066,41.066468],[28.920092,41.070937],[28.920092,41.090164],[28.911165,41.094895],[28.888407,41.076803]]]},"properties":{"hucre_kodu":"BZ-125","ilce":"Gaziosmanpaşa","alan_km2":5.56,"yogunluk_puani":9,"komsular":["BZ-113","BZ-114","BZ-220","BZ-102","BZ-059","BZ-126"]}},{"type":"Feature","geometry":{"type":"Polygon","coordinates":[[[28.9066,41.066468],[28.917643,41.051836],[28.937946,41.060803],[28.939038,41.063214],[28.937946,41.065023],[28.920092,41.070937],[28.9066,41.066468]]]},"properties":{"hucre_kodu":"BZ-126","ilce":"Gaziosmanpaşa","alan_km2":3.24,"yogunluk_puani":3,"komsular":["BZ-116","BZ-113","BZ-125","BZ-059","BZ-115","BZ-080"]}},{"type":"Feature","geometry":{"type":"Polygon","coordinates":[[[28.861294,41.004824],[28.881408,41.004824],[28.881408,41.020545],[28.865248,41.020545],[28.861294,41.004824]]]},"properties":{"hucre_kodu":"BZ-127","ilce":"Güngören","alan_km2":2.67,"yogunluk_puani":8,"komsular":["BZ-128","BZ-037","BZ-042","BZ-044"]}},{"type":"Feature","geometry":{"type":"Polygon","coordinates":[[[28.881408,41.004824],[28.881684,41.004458],[28.89331,41.000607],[28.897823,41.003597],[28.900701,41.015035],[28.884723,41.022092],[28.882325,41.021456],[28.881408,41.020545],[28.881408,41.004824]]]},"properties":{"hucre_kodu":"BZ-128","ilce":"Güngören","alan_km2":2.82,"yogunluk_puani":11,"komsular":["BZ-105","BZ-104","BZ-037","BZ-127","BZ-044","BZ-048","BZ-247","BZ-248"]}},{"type":"Feature","geometry":{"type":"Polygon","coordinates":[[[29.014842,40.992566],[29.014844,40.992545],[29.014859,40.992527],[29.014881,40.992511],[29.014905,40.992497],[29.014929,40.992484],[29.014978,40.992455],[29.015575,40.992076],[29.015705,40.991976],[29.015752,40.991922],[29.015769,40.991906],[29.015785,40.991901],[29.015809,40.991898],[29.015818,40.991897],[29.015834,40.991892],[29.015825,40.991886],[29.015813,40.99187],[29.015809,40.991857],[29.015825,40.991848],[29.015837,40.991831],[29.015845,40.991809],[29.01586,40.991791],[29.015879,40.991788],[29.015906,40.991787],[29.015917,40.991778],[29.015921,40.991764],[29.015928,40.991759],[29.015923,40.991752],[29.015919,40.991747],[29.015919,40.991738],[29.015938,40.991739],[29.015931,40.991715],[29.015922,40.991704],[29.015908,40.991681],[29.015915,40.991663],[29.015931,40.991647],[29.015963,40.991637],[29.015985,40.99163],[29.015998,40.991621],[29.015986,40.991612],[29.015971,40.991596],[29.015965,40.991578],[29.015983,40.991582],[29.016002,40.99159],[29.016006,40.991588],[29.015998,40.991583],[29.015992,40.99158],[29.015984,40.991575],[29.015973,40.991567],[29.015973,40.991556],[29.015981,40.991545],[29.015984,40.991547],[29.015988,40.991546],[29.01599,40.991539],[29.015996,40.991533],[29.016005,40.991532],[29.016011,40.991528],[29.01601,40.991526],[29.016027,40.99152],[29.016043,40.991521],[29.016051,40.991525],[29.016057,40.991523],[29.016057,40.991519],[29.016053,40.991515],[29.016049,40.991505],[29.016044,40.99149],[29.016033,40.991475],[29.016029,40.991465],[29.016033,40.991449],[29.016039,40.991441],[29.016042,40.991429],[29.016042,40.991419],[29.016053,40.991406],[29.016253,40.991231],[29.016326,40.991189],[29.016337,40.991171],[29.016341,40.991143],[29.016423,40.991067],[29.016531,40.990954],[29.016629,40.990856],[29.016733,40.990733],[29.016962,40.990296],[29.017108,40.989943],[29.017162,40.989806],[29.017256,40.989533],[29.01743,40.989285],[29.017922,40.988559],[29.033936,40.995632],[29.034858,40.998074],[29.024843,41.00692],[29.01523,41.000552],[29.015483,41.000526],[29.015756,41.000283],[29.015789,41.000253],[29.018322,40.997759],[29.018534,40.997553],[29.018532,40.99754],[29.018524,40.9975],[29.018518,40.997468],[29.018511,40.99743],[29.018506,40.997382],[29.01792,40.997452],[29.017911,40.997393],[29.018799,40.997305],[29.019072,40.997043],[29.018342,40.996644],[29.017624,40.996237],[29.01784,40.996079],[29.017981,40.99606],[29.018442,40.995581],[29.019049,40.995842],[29.019542,40.996112],[29.019911,40.996214],[29.020447,40.99626],[29.021162,40.99623],[29.021412,40.995979],[29.021607,40.995972],[29.021611,40.995925],[29.022573,40.99593],[29.022727,40.995669],[29.022842,40.995706],[29.022868,40.99561],[29.022778,40.995591],[29.022796,40.995559],[29.022914,40.995348],[29.022526,40.995136],[29.022862,40.994773],[29.023204,40.995019],[29.023678,40.99492],[29.02394,40.994583],[29.023954,40.994234],[29.02408,40.994233],[29.024088,40.993814],[29.023755,40.993814],[29.023755,40.993724],[29.024088,40.993724],[29.024082,40.993594],[29.023985,40.993594],[29.023987,40.993444],[29.023989,40.993305],[29.023558,40.992778],[29.023541,40.992757],[29.023129,40.992958],[29.022979,40.993031],[29.022645,40.993193],[29.022535,40.993065],[29.022451,40.992967],[29.023347,40.99253],[29.023008,40.99212],[29.021914,40.991732],[29.02186,40.991713],[29.021849,40.991727],[29.021865,40.991777],[29.021793,40.991889],[29.021548,40.991824],[29.021302,40.991758],[29.021386,40.99161],[29.021457,40.991585],[29.021465,40.991573],[29.02085,40.991353],[29.02088,40.991308],[29.020618,40.991199],[29.020479,40.991411],[29.020443,40.991397],[29.020408,40.991385],[29.020548,40.991172],[29.020363,40.9911],[29.019368,40.991123],[29.019352,40.991206],[29.019084,40.99142],[29.019021,40.991417],[29.018854,40.991597],[29.018786,40.991561],[29.018899,40.991432],[29.018881,40.99142],[29.018914,40.991377],[29.018913,40.991329],[29.018878,40.991326],[29.018894,40.991305],[29.018848,40.99127],[29.018787,40.99125],[29.018513,40.991059],[29.018401,40.991085],[29.018318,40.991114],[29.018291,40.991141],[29.018295,40.991171],[29.018277,40.991681],[29.018208,40.991681],[29.018219,40.991192],[29.018215,40.991189],[29.018201,40.991187],[29.01819,40.991188],[29.017933,40.991279],[29.017955,40.99132],[29.017348,40.991527],[29.017293,40.991439],[29.016917,40.991561],[29.016632,40.991655],[29.016723,40.991811],[29.016736,40.992124],[29.016663,40.992125],[29.016649,40.991818],[29.016575,40.991678],[29.016177,40.991814],[29.016071,40.991851],[29.015929,40.991926],[29.015611,40.992129],[29.015024,40.992511],[29.014995,40.992534],[29.014987,40.992557],[29.014984,40.99258],[29.01497,40.992604],[29.014956,40.992614],[29.014918,40.992618],[29.014893,40.992611],[29.014867,40.992603],[29.014849,40.992589],[29.014842,40.992566]]]},"properties":{"hucre_kodu":"BZ-129","ilce":"Kadıköy","alan_km2":1.58,"yogunluk_puani":4,"komsular":["BZ-241","BZ-239","BZ-124","BZ-130","BZ-131"]}},{"type":"Feature","geometry":{"type":"MultiPolygon","coordinates":[[[[29.017922,40.988559],[29.018071,40.988339],[29.018838,40.987369],[29.018978,40.987387],[29.019005,40.987352],[29.018855,40.9872],[29.019018,40.986975],[29.019121,40.98696],[29.019147,40.986869],[29.019291,40.986884],[29.019324,40.986809],[29.01924,40.98678],[29.019198,40.986703],[29.019248,40.986626],[29.019407,40.986495],[29.019846,40.985758],[29.020198,40.985274],[29.020195,40.985009],[29.020126,40.984685],[29.020292,40.984199],[29.020356,40.984044],[29.020414,40.983789],[29.020474,40.98342],[29.02043,40.982999],[29.0203,40.982362],[29.020154,40.981917],[29.020076,40.981715],[29.019904,40.981389],[29.019835,40.981269],[29.019849,40.98115],[29.019928,40.980896],[29.020005,40.980666],[29.020162,40.98041],[29.020508,40.979939],[29.020757,40.979669],[29.020916,40.979493],[29.021014,40.979413],[29.021105,40.979283],[29.021222,40.979106],[29.021361,40.97889],[29.021439,40.97893],[29.021815,40.978541],[29.022215,40.978285],[29.022522,40.978367],[29.02253,40.978396],[29.022553,40.978429],[29.0226,40.97845],[29.022645,40.978447],[29.022683,40.978432],[29.022733,40.978407],[29.022754,40.978403],[29.022762,40.978401],[29.022928,40.978503],[29.023441,40.978733],[29.023642,40.978819],[29.023776,40.978617],[29.02371,40.978587],[29.023735,40.978552],[29.02391,40.978629],[29.023881,40.978666],[29.023819,40.978639],[29.023685,40.978844],[29.023941,40.978972],[29.024032,40.979017],[29.024186,40.979094],[29.024215,40.979123],[29.024222,40.979176],[29.024105,40.979294],[29.024471,40.979532],[29.024485,40.979517],[29.024738,40.979681],[29.024787,40.979711],[29.024816,40.97973],[29.02508,40.979491],[29.025141,40.979192],[29.02509,40.979099],[29.024929,40.978985],[29.025084,40.978858],[29.025191,40.978932],[29.025244,40.978973],[29.025228,40.979051],[29.025135,40.979505],[29.02485,40.97975],[29.024884,40.979754],[29.024977,40.979682],[29.025155,40.979724],[29.025143,40.979778],[29.025163,40.979788],[29.025246,40.97969],[29.026029,40.979779],[29.026477,40.979855],[29.026846,40.979889],[29.026947,40.979841],[29.02708,40.979716],[29.027425,40.979449],[29.027505,40.979409],[29.027582,40.979356],[29.027717,40.979321],[29.028019,40.979323],[29.028162,40.97935],[29.028313,40.979405],[29.02853,40.979596],[29.028673,40.979675],[29.028852,40.97969],[29.029017,40.979671],[29.029481,40.97969],[29.029865,40.979823],[29.030052,40.979894],[29.0303,40.980011],[29.03041,40.980092],[29.030645,40.980233],[29.030872,40.980366],[29.03098,40.980404],[29.031066,40.980428],[29.03133,40.980472],[29.031537,40.980511],[29.031735,40.980557],[29.031963,40.980622],[29.032089,40.98067],[29.032219,40.980732],[29.032365,40.980821],[29.032491,40.980919],[29.032616,40.981042],[29.032714,40.98115],[29.033069,40.981537],[29.033235,40.981711],[29.033555,40.982079],[29.033668,40.982222],[29.034032,40.982106],[29.034046,40.982106],[29.034514,40.982104],[29.033969,40.981536],[29.033828,40.98149],[29.033732,40.981472],[29.03368,40.981387],[29.033742,40.981326],[29.033875,40.981269],[29.034084,40.981386],[29.034516,40.981818],[29.0346,40.981776],[29.034637,40.981758],[29.034598,40.981653],[29.034621,40.981591],[29.034683,40.98154],[29.034959,40.981276],[29.035729,40.980702],[29.035938,40.980532],[29.036264,40.980314],[29.036527,40.980139],[29.037176,40.979655],[29.037523,40.979389],[29.03808,40.978769],[29.038206,40.978535],[29.038223,40.978402],[29.038229,40.978312],[29.038232,40.978259],[29.038197,40.977861],[29.037205,40.977663],[29.036231,40.977472],[29.036178,40.977337],[29.036146,40.977203],[29.036086,40.976957],[29.036123,40.976879],[29.03615,40.976862],[29.03622,40.976819],[29.036342,40.976828],[29.036431,40.976835],[29.036514,40.976889],[29.036545,40.977033],[29.036533,40.977077],[29.03647,40.977155],[29.036546,40.977279],[29.036984,40.977368],[29.037434,40.977453],[29.037891,40.977551],[29.038454,40.977674],[29.033936,40.995632],[29.017922,40.988559]]],[[[29.031427,40.967706],[29.031476,40.967607],[29.031495,40.967547],[29.031563,40.967491],[29.031602,40.967441],[29.031738,40.967373],[29.031851,40.967339],[29.031932,40.967219],[29.032004,40.96711],[29.032237,40.966759],[29.032264,40.966775],[29.03229,40.966791],[29.032272,40.966814],[29.031919,40.967322],[29.032127,40.967435],[29.032391,40.967449],[29.032458,40.967398],[29.032409,40.967359],[29.032429,40.96734],[29.032487,40.967379],[29.032633,40.967265],[29.032667,40.967246],[29.032713,40.967243],[29.03275,40.967262],[29.032895,40.967092],[29.033024,40.966856],[29.033154,40.966599],[29.033216,40.966521],[29.033328,40.966446],[29.033445,40.966407],[29.033617,40.966402],[29.033908,40.966439],[29.033977,40.966439],[29.034362,40.966439],[29.034466,40.966446],[29.034564,40.966499],[29.034731,40.966621],[29.035013,40.966934],[29.035271,40.967234],[29.035314,40.967217],[29.035396,40.967266],[29.035469,40.967381],[29.035467,40.967419],[29.035743,40.967799],[29.035921,40.968029],[29.035995,40.9681],[29.036068,40.968161],[29.036082,40.968175],[29.036393,40.968431],[29.036466,40.968545],[29.036526,40.968731],[29.036558,40.968736],[29.036703,40.968761],[29.036783,40.968602],[29.037364,40.968555],[29.037527,40.968853],[29.038361,40.9687],[29.0384,40.968483],[29.038251,40.968265],[29.038595,40.968153],[29.038726,40.968383],[29.038787,40.968417],[29.03888,40.968457],[29.038976,40.96842],[29.039689,40.968134],[29.039911,40.967957],[29.040112,40.96764],[29.040237,40.967433],[29.040226,40.967289],[29.040209,40.967057],[29.040262,40.966763],[29.040295,40.966614],[29.040276,40.966457],[29.040243,40.96615],[29.040472,40.965984],[29.040678,40.965824],[29.040713,40.965774],[29.040779,40.96573],[29.040948,40.965695],[29.04109,40.96572],[29.041315,40.965691],[29.041472,40.965677],[29.039078,40.975194],[29.038485,40.97499],[29.038401,40.974849],[29.038333,40.974829],[29.036445,40.974287],[29.036229,40.974225],[29.036085,40.974278],[29.036032,40.97438],[29.035596,40.975206],[29.035098,40.976153],[29.035131,40.976166],[29.035262,40.976616],[29.035572,40.977026],[29.035571,40.977065],[29.035543,40.977079],[29.035471,40.977097],[29.035415,40.977087],[29.035382,40.977051],[29.035383,40.977006],[29.035222,40.976808],[29.035082,40.976607],[29.034983,40.976617],[29.034825,40.976586],[29.03475,40.976506],[29.03472,40.97643],[29.034766,40.976339],[29.03519,40.975483],[29.035625,40.974623],[29.035802,40.974228],[29.035748,40.974136],[29.035691,40.974051],[29.035374,40.973959],[29.035323,40.973942],[29.035302,40.973914],[29.03529,40.973893],[29.035294,40.973852],[29.035325,40.973815],[29.035359,40.973802],[29.035485,40.973818],[29.035513,40.97385],[29.035625,40.973887],[29.035762,40.97394],[29.035965,40.973843],[29.036199,40.973907],[29.036327,40.974074],[29.037126,40.974305],[29.037461,40.97394],[29.037722,40.973638],[29.037757,40.973609],[29.037773,40.973535],[29.037977,40.972837],[29.037868,40.97278],[29.037816,40.972816],[29.037736,40.972809],[29.037686,40.972753],[29.037706,40.972701],[29.037685,40.972681],[29.037648,40.972634],[29.037669,40.972577],[29.037674,40.972563],[29.037751,40.972524],[29.037845,40.972542],[29.037897,40.972606],[29.037876,40.97269],[29.038001,40.972741],[29.038251,40.971904],[29.03828,40.97184],[29.038299,40.971753],[29.038299,40.971683],[29.03831,40.971323],[29.038324,40.970945],[29.038243,40.970839],[29.037993,40.970522],[29.037754,40.970211],[29.037713,40.970167],[29.037352,40.969944],[29.037045,40.969761],[29.036725,40.969624],[29.036702,40.969594],[29.036628,40.969572],[29.03651,40.969592],[29.036501,40.969622],[29.035703,40.970349],[29.035602,40.970707],[29.035054,40.971094],[29.035021,40.971056],[29.034784,40.971048],[29.034523,40.971035],[29.033996,40.971016],[29.03398,40.971282],[29.033975,40.971542],[29.033966,40.972014],[29.033933,40.972563],[29.033917,40.972828],[29.033896,40.97368],[29.034393,40.973916],[29.034455,40.973881],[29.034571,40.973911],[29.034601,40.973982],[29.034592,40.974036],[29.034509,40.974086],[29.034457,40.974135],[29.03433,40.974123],[29.034087,40.973981],[29.033887,40.973909],[29.033766,40.973871],[29.033698,40.973813],[29.033657,40.973711],[29.033706,40.972588],[29.033714,40.972419],[29.033728,40.972008],[29.033727,40.971724],[29.033728,40.971705],[29.033744,40.971384],[29.033763,40.971074],[29.033709,40.971072],[29.033715,40.971012],[29.033589,40.97101],[29.033564,40.97102],[29.033342,40.97118],[29.033226,40.971259],[29.033192,40.971387],[29.033284,40.971435],[29.033283,40.971513],[29.033246,40.971551],[29.033228,40.971542],[29.033198,40.971558],[29.033142,40.971562],[29.033079,40.971564],[29.033017,40.971542],[29.032983,40.971532],[29.03297,40.971501],[29.032957,40.971463],[29.032977,40.971362],[29.032999,40.971242],[29.033025,40.971161],[29.033088,40.971096],[29.033123,40.971081],[29.033171,40.971041],[29.033224,40.971022],[29.033469,40.970793],[29.033426,40.970673],[29.033416,40.970584],[29.033546,40.970542],[29.033513,40.970519],[29.033462,40.970495],[29.033374,40.970531],[29.033285,40.970489],[29.033251,40.970456],[29.033166,40.970373],[29.033032,40.970242],[29.032993,40.970207],[29.033078,40.970147],[29.032994,40.970106],[29.032882,40.970214],[29.032754,40.970295],[29.032719,40.970265],[29.032804,40.970121],[29.032652,40.970021],[29.032438,40.969884],[29.032167,40.970044],[29.032117,40.970085],[29.032121,40.970156],[29.032154,40.970313],[29.032128,40.970388],[29.032076,40.97039],[29.032027,40.970337],[29.031997,40.970132],[29.032038,40.970045],[29.032261,40.969872],[29.032306,40.969807],[29.032302,40.969731],[29.032416,40.969559],[29.032387,40.969531],[29.032282,40.969618],[29.032161,40.969625],[29.032085,40.969567],[29.03192,40.96931],[29.031896,40.969273],[29.031813,40.969127],[29.031775,40.969051],[29.03176,40.968972],[29.031621,40.968685],[29.031544,40.968419],[29.031586,40.968356],[29.031658,40.968352],[29.031746,40.968341],[29.031793,40.968319],[29.031818,40.968278],[29.031825,40.968234],[29.031819,40.96819],[29.031819,40.968183],[29.031734,40.968083],[29.031636,40.968046],[29.031556,40.96798],[29.031522,40.967943],[29.031494,40.967873],[29.031448,40.967758],[29.031427,40.967706]]],[[[29.037914,40.976061],[29.03795,40.975962],[29.037965,40.975921],[29.03801,40.975805],[29.038358,40.975877],[29.038337,40.975932],[29.038414,40.975948],[29.038865,40.976037],[29.03883,40.976179],[29.038821,40.976177],[29.038529,40.976119],[29.038356,40.976083],[29.0383,40.976071],[29.038286,40.976067],[29.038263,40.97613],[29.038212,40.97612],[29.038114,40.976101],[29.037914,40.976061]]]]},"properties":{"hucre_kodu":"BZ-130","ilce":"Kadıköy","alan_km2":2.3,"yogunluk_puani":121,"komsular":["BZ-131","BZ-129","BZ-124","BZ-122","BZ-001","BZ-134","BZ-133"]}},{"type":"Feature","geometry":{"type":"Polygon","coordinates":[[[29.033936,40.995632],[29.038454,40.977674],[29.038769,40.977742],[29.039002,40.977236],[29.0391,40.977024],[29.039405,40.97629],[29.03924,40.976259],[29.039104,40.976232],[29.03883,40.976179],[29.038865,40.976037],[29.038866,40.976037],[29.039159,40.976096],[29.039599,40.976184],[29.039691,40.975946],[29.039726,40.975944],[29.039781,40.975828],[29.039843,40.975691],[29.039639,40.975387],[29.039078,40.975194],[29.041472,40.965677],[29.041846,40.965643],[29.041887,40.965664],[29.042207,40.965833],[29.042413,40.965943],[29.042632,40.966061],[29.043008,40.966258],[29.043388,40.96646],[29.043699,40.966668],[29.043927,40.966826],[29.044186,40.966977],[29.044395,40.967121],[29.044474,40.967219],[29.044649,40.967507],[29.044764,40.967881],[29.044833,40.968252],[29.045001,40.969018],[29.045426,40.969567],[29.045742,40.969646],[29.046034,40.969686],[29.046424,40.969663],[29.046795,40.969608],[29.047801,40.969405],[29.048768,40.969206],[29.049018,40.969096],[29.050375,40.968503],[29.050851,40.968314],[29.050775,40.968125],[29.050694,40.968132],[29.050559,40.967755],[29.05074,40.967727],[29.050895,40.968101],[29.050809,40.968114],[29.050894,40.9683],[29.051292,40.968118],[29.051445,40.967518],[29.051469,40.967486],[29.051541,40.967454],[29.051624,40.967465],[29.051676,40.967507],[29.05168,40.967565],[29.051657,40.967615],[29.05159,40.96765],[29.051551,40.967688],[29.051485,40.967896],[29.051498,40.967909],[29.051683,40.967993],[29.05189,40.968052],[29.052057,40.968063],[29.052298,40.968023],[29.052589,40.967931],[29.057742,40.976465],[29.051738,41.000333],[29.039119,41.000333],[29.034858,40.998074],[29.033936,40.995632]]]},"properties":{"hucre_kodu":"BZ-131","ilce":"Kadıköy","alan_km2":5.33,"yogunluk_puani":17,"komsular":["BZ-129","BZ-130","BZ-133","BZ-132","BZ-243","BZ-241"]}},{"type":"Feature","geometry":{"type":"Polygon","coordinates":[[[29.051738,41.000333],[29.057742,40.976465],[29.074827,40.985521],[29.074827,41.00167],[29.060646,41.009186],[29.051738,41.000333]]]},"properties":{"hucre_kodu":"BZ-132","ilce":"Kadıköy","alan_km2":4.81,"yogunluk_puani":5,"komsular":["BZ-243","BZ-131","BZ-133","BZ-017","BZ-245"]}},{"type":"Feature","geometry":{"type":"Polygon","coordinates":[[[29.052589,40.967931],[29.05266,40.967908],[29.052932,40.967762],[29.053176,40.967607],[29.053451,40.967388],[29.053621,40.967235],[29.053811,40.96705],[29.053854,40.96697],[29.053922,40.966845],[29.053984,40.966719],[29.054011,40.966587],[29.054002,40.96649],[29.053953,40.966411],[29.05384,40.966295],[29.053718,40.966345],[29.053692,40.966372],[29.053657,40.966417],[29.053609,40.966445],[29.053559,40.966452],[29.053496,40.966445],[29.05346,40.966413],[29.053433,40.966363],[29.05345,40.966308],[29.0535,40.966272],[29.054199,40.966074],[29.054693,40.965486],[29.055253,40.964869],[29.05593,40.964253],[29.055973,40.964273],[29.056521,40.963711],[29.056587,40.9637],[29.056644,40.963722],[29.056682,40.963758],[29.056696,40.963811],[29.056657,40.963865],[29.056589,40.963881],[29.056538,40.963885],[29.056155,40.964277],[29.056461,40.964466],[29.05655,40.964521],[29.056721,40.96457],[29.056957,40.964599],[29.057267,40.964564],[29.057512,40.964508],[29.057838,40.964368],[29.058157,40.96417],[29.058348,40.964006],[29.058438,40.963914],[29.058516,40.963796],[29.058577,40.963438],[29.058556,40.963269],[29.058509,40.96317],[29.058427,40.963085],[29.058371,40.963],[29.057948,40.963153],[29.057817,40.963192],[29.057758,40.963286],[29.057644,40.963346],[29.057496,40.963317],[29.057478,40.963234],[29.057713,40.963123],[29.058658,40.962819],[29.05938,40.962774],[29.060128,40.962759],[29.06034,40.962814],[29.060838,40.962814],[29.061397,40.962598],[29.061963,40.962203],[29.062168,40.962059],[29.062443,40.962041],[29.063349,40.962317],[29.064591,40.962831],[29.065723,40.962964],[29.066809,40.962923],[29.067485,40.962154],[29.06768,40.962267],[29.06757,40.962367],[29.067449,40.962392],[29.06718,40.962715],[29.06732,40.962768],[29.067465,40.962784],[29.067664,40.962787],[29.06777,40.962769],[29.067911,40.962741],[29.068023,40.962742],[29.068143,40.962734],[29.068267,40.962695],[29.068462,40.962612],[29.068636,40.962528],[29.068824,40.96244],[29.069022,40.962304],[29.069543,40.96179],[29.069983,40.961308],[29.07022,40.961051],[29.080779,40.965714],[29.080779,40.982366],[29.074827,40.985521],[29.057742,40.976465],[29.052589,40.967931]]]},"properties":{"hucre_kodu":"BZ-133","ilce":"Kadıköy","alan_km2":4.37,"yogunluk_puani":27,"komsular":["BZ-132","BZ-131","BZ-130","BZ-134","BZ-135","BZ-017"]}},{"type":"Feature","geometry":{"type":"Polygon","coordinates":[[[29.07022,40.961051],[29.070316,40.960947],[29.070618,40.960619],[29.070648,40.960586],[29.070829,40.960387],[29.07107,40.959968],[29.071117,40.959846],[29.071164,40.959721],[29.071238,40.95949],[29.071265,40.959373],[29.071289,40.959244],[29.071306,40.959144],[29.071304,40.959024],[29.071291,40.958794],[29.071073,40.958514],[29.070888,40.958614],[29.070734,40.958681],[29.070619,40.958785],[29.070572,40.958868],[29.07049,40.958881],[29.070393,40.958843],[29.070404,40.958744],[29.071018,40.958444],[29.071462,40.958196],[29.0718,40.957979],[29.072135,40.957756],[29.072372,40.957626],[29.072685,40.95749],[29.073158,40.957336],[29.07362,40.957132],[29.074043,40.956956],[29.07448,40.956733],[29.074568,40.956773],[29.074655,40.956761],[29.075147,40.956419],[29.075214,40.956401],[29.075278,40.956404],[29.075324,40.956452],[29.075338,40.956504],[29.075226,40.956627],[29.075063,40.956746],[29.075058,40.956817],[29.07509,40.956876],[29.075173,40.956958],[29.075322,40.957041],[29.075575,40.957067],[29.076019,40.957087],[29.076367,40.956994],[29.076706,40.956854],[29.076943,40.95674],[29.077187,40.956624],[29.077209,40.95661],[29.077473,40.95644],[29.077752,40.956238],[29.078069,40.956002],[29.078235,40.955831],[29.078275,40.95576],[29.078337,40.955651],[29.078248,40.955295],[29.078156,40.955292],[29.078062,40.955332],[29.078007,40.95538],[29.07793,40.955404],[29.077827,40.955371],[29.077811,40.9553],[29.077899,40.955238],[29.077957,40.95525],[29.078599,40.955171],[29.079095,40.95511],[29.079291,40.955009],[29.07949,40.954871],[29.079644,40.954711],[29.079813,40.954549],[29.079979,40.95435],[29.080158,40.954154],[29.080317,40.953984],[29.080554,40.953813],[29.081073,40.953482],[29.081565,40.953331],[29.082094,40.953283],[29.082559,40.953358],[29.082942,40.953433],[29.083168,40.953488],[29.083328,40.953528],[29.084424,40.95306],[29.084598,40.953097],[29.084646,40.953154],[29.08466,40.953202],[29.084649,40.953275],[29.084498,40.953379],[29.084305,40.953374],[29.083651,40.953647],[29.083801,40.954261],[29.08382,40.954339],[29.083894,40.954404],[29.084076,40.954479],[29.084265,40.95453],[29.08466,40.954611],[29.084976,40.954677],[29.085266,40.954706],[29.085404,40.954779],[29.085865,40.954778],[29.08646,40.954702],[29.08921,40.96199],[29.080779,40.965714],[29.07022,40.961051]]]},"properties":{"hucre_kodu":"BZ-134","ilce":"Kadıköy","alan_km2":1.32,"yogunluk_puani":17,"komsular":["BZ-136","BZ-135","BZ-133","BZ-130","BZ-001"]}},{"type":"Feature","geometry":{"type":"Polygon","coordinates":[[[29.080779,40.965714],[29.08921,40.96199],[29.094349,40.963693],[29.098137,40.97875],[29.09609,40.982366],[29.080779,40.982366],[29.080779,40.965714]]]},"properties":{"hucre_kodu":"BZ-135","ilce":"Kadıköy","alan_km2":2.76,"yogunluk_puani":30,"komsular":["BZ-020","BZ-017","BZ-133","BZ-134","BZ-136","BZ-019"]}},{"type":"Feature","geometry":{"type":"Polygon","coordinates":[[[29.08646,40.954702],[29.086921,40.954642],[29.087152,40.954606],[29.087512,40.954513],[29.087666,40.954405],[29.087755,40.95432],[29.08765,40.954192],[29.087776,40.954045],[29.088614,40.95324],[29.089416,40.952405],[29.089478,40.952301],[29.089463,40.952179],[29.089402,40.952026],[29.089199,40.951906],[29.089113,40.95196],[29.088932,40.951921],[29.08883,40.951873],[29.08879,40.951762],[29.088846,40.951585],[29.088915,40.951576],[29.089614,40.95179],[29.089875,40.951605],[29.090053,40.951465],[29.090198,40.951314],[29.090659,40.950978],[29.091729,40.950374],[29.093185,40.950198],[29.094215,40.950083],[29.094312,40.950034],[29.094476,40.949966],[29.094647,40.949998],[29.094712,40.950098],[29.09472,40.950178],[29.094659,40.950257],[29.09453,40.950293],[29.094447,40.950272],[29.094051,40.950278],[29.09318,40.950424],[29.092315,40.950527],[29.091729,40.950652],[29.091299,40.950876],[29.090972,40.95105],[29.090625,40.951245],[29.090512,40.951339],[29.09092,40.95174],[29.091008,40.95169],[29.091298,40.951772],[29.091897,40.951932],[29.091935,40.951943],[29.091916,40.952001],[29.091974,40.952019],[29.092625,40.952177],[29.092659,40.952185],[29.092693,40.952194],[29.092715,40.952199],[29.093219,40.952329],[29.09326,40.95234],[29.093291,40.952348],[29.093472,40.952394],[29.093577,40.95242],[29.093677,40.952388],[29.093971,40.952292],[29.094249,40.952203],[29.09442,40.952147],[29.094068,40.951803],[29.093885,40.951746],[29.093815,40.951574],[29.093844,40.95154],[29.093989,40.951501],[29.094025,40.951491],[29.094183,40.951451],[29.094256,40.951563],[29.094352,40.951711],[29.094294,40.951766],[29.094315,40.951793],[29.094625,40.952112],[29.094814,40.952004],[29.095086,40.95174],[29.095086,40.951717],[29.095121,40.951693],[29.095132,40.951656],[29.095164,40.95163],[29.095348,40.951515],[29.095543,40.951403],[29.095603,40.951376],[29.095671,40.951394],[29.095771,40.951344],[29.095826,40.951316],[29.09584,40.951159],[29.09596,40.950989],[29.096529,40.95057],[29.097573,40.949828],[29.098134,40.949446],[29.098684,40.949017],[29.098792,40.948919],[29.099541,40.94824],[29.099967,40.947767],[29.100858,40.946658],[29.101243,40.946133],[29.101873,40.945251],[29.102479,40.944645],[29.102825,40.944267],[29.102546,40.943275],[29.102193,40.942192],[29.101937,40.941415],[29.101833,40.940935],[29.101827,40.940627],[29.101896,40.939578],[29.101928,40.939234],[29.102014,40.939171],[29.102145,40.93917],[29.102223,40.939218],[29.102197,40.93929],[29.102139,40.939346],[29.102117,40.939524],[29.102035,40.940465],[29.102055,40.940899],[29.102122,40.941276],[29.102293,40.94178],[29.102394,40.942075],[29.10258,40.942059],[29.102866,40.942954],[29.102805,40.942964],[29.103073,40.943927],[29.103118,40.943979],[29.103202,40.943965],[29.103261,40.943914],[29.105187,40.954119],[29.094349,40.963693],[29.08921,40.96199],[29.08646,40.954702]]]},"properties":{"hucre_kodu":"BZ-136","ilce":"Kadıköy","alan_km2":1.71,"yogunluk_puani":38,"komsular":["BZ-135","BZ-134","BZ-001","BZ-158","BZ-157","BZ-156","BZ-019"]}},{"type":"Feature","geometry":{"type":"Polygon","coordinates":[[[28.94761,41.063064],[28.960037,41.056477],[28.960923,41.056477],[28.973378,41.064729],[28.97654,41.073109],[28.964113,41.085459],[28.948323,41.064537],[28.94844,41.064434],[28.948296,41.064351],[28.948115,41.064261],[28.947849,41.063909],[28.947822,41.063485],[28.947806,41.063218],[28.94761,41.063064]]]},"properties":{"hucre_kodu":"BZ-137","ilce":"Kâğıthane","alan_km2":4.2,"yogunluk_puani":4,"komsular":["BZ-206","BZ-207","BZ-138","BZ-116","BZ-080","BZ-081"]}},{"type":"Feature","geometry":{"type":"Polygon","coordinates":[[[28.958223,41.10497],[28.964113,41.085459],[28.97654,41.073109],[28.998791,41.078023],[29.008462,41.083515],[29.006386,41.089015],[28.958223,41.10497]]]},"properties":{"hucre_kodu":"BZ-138","ilce":"Kâğıthane","alan_km2":7.87,"yogunluk_puani":4,"komsular":["BZ-185","BZ-182","BZ-116","BZ-137","BZ-207","BZ-208"]}},{"type":"Feature","geometry":{"type":"Polygon","coordinates":[[[29.144884,40.901364],[29.145442,40.901139],[29.14638,40.900865],[29.147158,40.90062],[29.147974,40.900471],[29.148131,40.900441],[29.148237,40.900534],[29.148256,40.90065],[29.148162,40.900727],[29.148027,40.900772],[29.147849,40.900747],[29.147667,40.900762],[29.147479,40.900819],[29.147372,40.900932],[29.14735,40.901027],[29.14734,40.901119],[29.147388,40.901289],[29.147587,40.901431],[29.147784,40.90148],[29.148021,40.901532],[29.148563,40.901572],[29.149116,40.901603],[29.150383,40.901648],[29.151074,40.901601],[29.151766,40.901531],[29.151957,40.901433],[29.152072,40.901336],[29.152082,40.901171],[29.151852,40.90104],[29.151769,40.901003],[29.151739,40.900926],[29.151769,40.900874],[29.151855,40.900834],[29.152952,40.900925],[29.153488,40.9009],[29.154025,40.900828],[29.154565,40.900693],[29.154335,40.900328],[29.154491,40.900269],[29.154696,40.900657],[29.156737,40.899779],[29.158259,40.899033],[29.159798,40.898305],[29.173025,40.904147],[29.173025,40.920633],[29.170544,40.927206],[29.16131,40.923128],[29.144884,40.901364]]]},"properties":{"hucre_kodu":"BZ-139","ilce":"Kartal","alan_km2":4.37,"yogunluk_puani":8,"komsular":["BZ-163","BZ-162","BZ-002","BZ-140","BZ-141","BZ-142"]}},{"type":"Feature","geometry":{"type":"Polygon","coordinates":[[[29.159798,40.898305],[29.159867,40.898272],[29.160902,40.897769],[29.16187,40.897286],[29.162139,40.897155],[29.162331,40.897059],[29.16368,40.896394],[29.164163,40.896136],[29.164561,40.895914],[29.164993,40.895709],[29.165397,40.8955],[29.165886,40.895234],[29.166401,40.894973],[29.166963,40.894699],[29.167526,40.894356],[29.169101,40.893275],[29.169754,40.89286],[29.17038,40.892405],[29.171169,40.891977],[29.173133,40.891036],[29.174152,40.890421],[29.174569,40.890096],[29.174981,40.889654],[29.175248,40.889336],[29.175559,40.888918],[29.176186,40.888176],[29.176666,40.887662],[29.17701,40.887255],[29.177414,40.886878],[29.177971,40.886442],[29.178401,40.886147],[29.179388,40.885685],[29.180332,40.88549],[29.181365,40.885376],[29.182397,40.885291],[29.183043,40.885274],[29.183653,40.885224],[29.184512,40.885334],[29.185258,40.885594],[29.185855,40.885923],[29.186201,40.886173],[29.186548,40.886423],[29.18693,40.886671],[29.18718,40.886832],[29.187689,40.886998],[29.187797,40.886552],[29.187925,40.88657],[29.187818,40.887016],[29.187963,40.887029],[29.188324,40.886995],[29.188908,40.886847],[29.190116,40.886424],[29.190435,40.886269],[29.190207,40.886095],[29.190308,40.886018],[29.190539,40.886193],[29.190746,40.886126],[29.190587,40.885882],[29.190649,40.885822],[29.191271,40.885305],[29.1917,40.885125],[29.192192,40.884949],[29.192412,40.88489],[29.192553,40.884914],[29.192578,40.884976],[29.192595,40.885044],[29.19254,40.885089],[29.192474,40.885112],[29.19243,40.885095],[29.192057,40.885164],[29.191444,40.885395],[29.190887,40.885872],[29.190872,40.885945],[29.190987,40.886077],[29.191172,40.886238],[29.191251,40.88626],[29.191536,40.886146],[29.192381,40.885959],[29.192492,40.885922],[29.192464,40.885917],[29.192509,40.885802],[29.192549,40.885813],[29.192605,40.885628],[29.192654,40.885399],[29.194606,40.884602],[29.195552,40.884248],[29.173025,40.904147],[29.159798,40.898305]]]},"properties":{"hucre_kodu":"BZ-140","ilce":"Kartal","alan_km2":2.43,"yogunluk_puani":9,"komsular":["BZ-139","BZ-002","BZ-221","BZ-167","BZ-166","BZ-146","BZ-141"]}},{"type":"Feature","geometry":{"type":"Polygon","coordinates":[[[29.173025,40.904147],[29.195552,40.884248],[29.19712,40.883661],[29.198073,40.883387],[29.199261,40.883269],[29.199884,40.883182],[29.200481,40.883034],[29.201127,40.882783],[29.201536,40.882678],[29.20178,40.882685],[29.202695,40.887534],[29.20085,40.902198],[29.173025,40.920633],[29.173025,40.904147]]]},"properties":{"hucre_kodu":"BZ-141","ilce":"Kartal","alan_km2":5.2,"yogunluk_puani":9,"komsular":["BZ-142","BZ-139","BZ-140","BZ-146","BZ-143"]}},{"type":"Feature","geometry":{"type":"Polygon","coordinates":[[[29.170544,40.927206],[29.173025,40.920633],[29.20085,40.902198],[29.203799,40.92173],[29.19269,40.946262],[29.173853,40.933782],[29.170544,40.927206]]]},"properties":{"hucre_kodu":"BZ-142","ilce":"Kartal","alan_km2":7.67,"yogunluk_puani":2,"komsular":["BZ-163","BZ-139","BZ-141","BZ-143","BZ-144","BZ-165"]}},{"type":"Feature","geometry":{"type":"Polygon","coordinates":[[[29.20085,40.902198],[29.202695,40.887534],[29.221069,40.903764],[29.227849,40.92173],[29.203799,40.92173],[29.20085,40.902198]]]},"properties":{"hucre_kodu":"BZ-143","ilce":"Kartal","alan_km2":5.25,"yogunluk_puani":10,"komsular":["BZ-142","BZ-141","BZ-146","BZ-145","BZ-144"]}},{"type":"Feature","geometry":{"type":"Polygon","coordinates":[[[29.19269,40.946262],[29.203799,40.92173],[29.227849,40.92173],[29.24487,40.930752],[29.247238,40.937029],[29.227293,40.95685],[29.204842,40.961808],[29.198145,40.959273],[29.19269,40.946262]]]},"properties":{"hucre_kodu":"BZ-144","ilce":"Kartal","alan_km2":14.35,"yogunluk_puani":6,"komsular":["BZ-176","BZ-165","BZ-142","BZ-143","BZ-145","BZ-170","BZ-209","BZ-179"]}},{"type":"Feature","geometry":{"type":"Polygon","coordinates":[[[29.221069,40.903764],[29.246098,40.903764],[29.248178,40.904453],[29.24487,40.930752],[29.227849,40.92173],[29.221069,40.903764]]]},"properties":{"hucre_kodu":"BZ-145","ilce":"Kartal","alan_km2":4.57,"yogunluk_puani":3,"komsular":["BZ-144","BZ-143","BZ-146","BZ-166","BZ-170"]}},{"type":"Feature","geometry":{"type":"Polygon","coordinates":[[[29.20178,40.882685],[29.202045,40.882692],[29.202464,40.882859],[29.202646,40.882931],[29.20301,40.883116],[29.203345,40.883297],[29.203694,40.883273],[29.203848,40.883123],[29.204281,40.88292],[29.20503,40.882734],[29.205697,40.882522],[29.205918,40.882284],[29.205917,40.881594],[29.205587,40.881189],[29.205681,40.881135],[29.20602,40.881534],[29.206744,40.881254],[29.206792,40.881326],[29.206086,40.881664],[29.206061,40.882032],[29.206457,40.881896],[29.207134,40.881597],[29.207958,40.88128],[29.208294,40.881172],[29.208351,40.881154],[29.208564,40.881088],[29.208795,40.88101],[29.209611,40.880672],[29.210678,40.880298],[29.246098,40.903764],[29.221069,40.903764],[29.202695,40.887534],[29.20178,40.882685]]]},"properties":{"hucre_kodu":"BZ-146","ilce":"Kartal","alan_km2":4.15,"yogunluk_puani":13,"komsular":["BZ-141","BZ-140","BZ-166","BZ-145","BZ-143"]}},{"type":"Feature","geometry":{"type":"Polygon","coordinates":[[[28.736315,41.043002],[28.771307,41.043002],[28.771307,41.057409],[28.760942,41.061987],[28.736819,41.046005],[28.736315,41.043002]]]},"properties":{"hucre_kodu":"BZ-147","ilce":"Küçükçekmece","alan_km2":4.11,"yogunluk_puani":7,"komsular":["BZ-149","BZ-053","BZ-051","BZ-027","BZ-148"]}},{"type":"Feature","geometry":{"type":"Polygon","coordinates":[[[28.729997,41.030446],[28.733576,41.020015],[28.746987,41.005799],[28.781477,41.036265],[28.771307,41.043002],[28.736315,41.043002],[28.729997,41.030446]]]},"properties":{"hucre_kodu":"BZ-148","ilce":"Küçükçekmece","alan_km2":10.77,"yogunluk_puani":4,"komsular":["BZ-150","BZ-149","BZ-147","BZ-027","BZ-026","BZ-029"]}},{"type":"Feature","geometry":{"type":"Polygon","coordinates":[[[28.771307,41.043002],[28.781477,41.036265],[28.78321,41.036265],[28.791929,41.039566],[28.787235,41.064443],[28.771307,41.057409],[28.771307,41.043002]]]},"properties":{"hucre_kodu":"BZ-149","ilce":"Küçükçekmece","alan_km2":3.91,"yogunluk_puani":4,"komsular":["BZ-150","BZ-151","BZ-154","BZ-053","BZ-147","BZ-148"]}},{"type":"Feature","geometry":{"type":"Polygon","coordinates":[[[28.746987,41.005799],[28.753453,40.993559],[28.771346,41.000333],[28.78321,41.016053],[28.78321,41.036265],[28.781477,41.036265],[28.746987,41.005799]]]},"properties":{"hucre_kodu":"BZ-150","ilce":"Küçükçekmece","alan_km2":6.99,"yogunluk_puani":2,"komsular":["BZ-151","BZ-149","BZ-148","BZ-029","BZ-152","BZ-153"]}},{"type":"Feature","geometry":{"type":"Polygon","coordinates":[[[28.78321,41.016053],[28.795113,41.016053],[28.803426,41.027069],[28.800512,41.036722],[28.791929,41.039566],[28.78321,41.036265],[28.78321,41.016053]]]},"properties":{"hucre_kodu":"BZ-151","ilce":"Küçükçekmece","alan_km2":3.56,"yogunluk_puani":45,"komsular":["BZ-030","BZ-154","BZ-149","BZ-150","BZ-153","BZ-155"]}},{"type":"Feature","geometry":{"type":"Polygon","coordinates":[[[28.753453,40.980022],[28.753645,40.98002],[28.754088,40.980017],[28.754323,40.980093],[28.754711,40.980066],[28.755,40.980181],[28.755473,40.980224],[28.755961,40.980122],[28.756399,40.980055],[28.756768,40.979984],[28.75697,40.980038],[28.75706,40.980081],[28.757371,40.980106],[28.7575,40.980154],[28.757639,40.980211],[28.757725,40.980276],[28.758046,40.98043],[28.758584,40.980511],[28.758728,40.980442],[28.75897,40.98041],[28.759176,40.980414],[28.7593,40.980442],[28.759378,40.980448],[28.759498,40.980469],[28.759764,40.98045],[28.76024,40.980397],[28.760451,40.98036],[28.760727,40.98034],[28.760882,40.980304],[28.761253,40.980323],[28.76154,40.980248],[28.762274,40.980189],[28.762714,40.980337],[28.762855,40.980339],[28.763163,40.980574],[28.763356,40.980834],[28.763541,40.980971],[28.763702,40.981125],[28.763681,40.98123],[28.763874,40.981336],[28.764024,40.981457],[28.764099,40.981538],[28.76426,40.981563],[28.765762,40.981457],[28.765841,40.981467],[28.766481,40.981546],[28.766502,40.981627],[28.766578,40.981627],[28.766653,40.98204],[28.766642,40.982105],[28.766653,40.982551],[28.766696,40.982607],[28.766706,40.982688],[28.766674,40.982761],[28.766728,40.982834],[28.766738,40.982996],[28.766792,40.983101],[28.76676,40.98319],[28.766706,40.983263],[28.766567,40.983255],[28.766545,40.983296],[28.766481,40.983352],[28.766341,40.983361],[28.766256,40.983466],[28.766352,40.983514],[28.766599,40.983571],[28.766781,40.983571],[28.766931,40.983547],[28.766974,40.983652],[28.767007,40.983822],[28.767082,40.983879],[28.767157,40.984073],[28.767114,40.984162],[28.767082,40.984268],[28.767103,40.984349],[28.767178,40.984381],[28.767275,40.984389],[28.767382,40.984422],[28.767489,40.984632],[28.767575,40.98464],[28.76765,40.984567],[28.767565,40.984373],[28.767597,40.984316],[28.767704,40.984268],[28.767736,40.984195],[28.767715,40.984106],[28.767618,40.984008],[28.767608,40.98383],[28.767532,40.983652],[28.767554,40.983563],[28.767629,40.983304],[28.767608,40.983207],[28.767532,40.983166],[28.767382,40.983207],[28.767296,40.983166],[28.767275,40.983093],[28.767253,40.983028],[28.767275,40.982972],[28.767393,40.982939],[28.767457,40.982988],[28.76764,40.983012],[28.767736,40.983053],[28.767768,40.982947],[28.767929,40.982745],[28.768079,40.982551],[28.76838,40.982364],[28.768788,40.982227],[28.769324,40.982089],[28.769355,40.982013],[28.769351,40.981991],[28.769292,40.981909],[28.769277,40.981914],[28.769252,40.981904],[28.768911,40.982015],[28.768545,40.982148],[28.768409,40.982214],[28.768028,40.982429],[28.767695,40.982637],[28.76764,40.982688],[28.767565,40.982634],[28.767441,40.982511],[28.767382,40.982446],[28.767317,40.982176],[28.767178,40.982147],[28.767083,40.982064],[28.767082,40.981915],[28.767129,40.981816],[28.767208,40.981582],[28.767322,40.981434],[28.767412,40.981239],[28.76752,40.981068],[28.767652,40.980896],[28.767797,40.980723],[28.767917,40.980636],[28.768086,40.980553],[28.768195,40.980387],[28.768238,40.980321],[28.7683,40.980126],[28.768352,40.980026],[28.768288,40.979934],[28.768457,40.979827],[28.768639,40.979859],[28.768843,40.979786],[28.768969,40.979741],[28.769136,40.979639],[28.769377,40.979605],[28.769626,40.979529],[28.769962,40.979378],[28.770321,40.979276],[28.770551,40.979168],[28.770683,40.97914],[28.770858,40.979094],[28.771028,40.979018],[28.771089,40.978945],[28.771179,40.978898],[28.771268,40.978891],[28.771348,40.978905],[28.771502,40.978881],[28.772144,40.9786],[28.772513,40.978436],[28.772884,40.97835],[28.772911,40.978266],[28.772916,40.978172],[28.7729,40.978115],[28.772709,40.977829],[28.772698,40.977771],[28.772784,40.9778],[28.772846,40.977874],[28.773956,40.977452],[28.774313,40.977292],[28.774512,40.977187],[28.774716,40.977053],[28.774837,40.977209],[28.774941,40.977341],[28.774941,40.97745],[28.774797,40.977546],[28.774717,40.977587],[28.774659,40.977594],[28.774458,40.977674],[28.774243,40.97778],[28.773923,40.977923],[28.77369,40.978029],[28.773452,40.978229],[28.77318,40.978454],[28.772898,40.978749],[28.772744,40.978981],[28.77255,40.979264],[28.77249,40.979446],[28.772377,40.979864],[28.77219,40.980566],[28.772165,40.980663],[28.772103,40.980757],[28.771999,40.980803],[28.77205,40.980857],[28.772174,40.980831],[28.772283,40.980845],[28.772354,40.980911],[28.772415,40.981009],[28.772455,40.981135],[28.772452,40.981208],[28.77242,40.981272],[28.772299,40.981306],[28.772165,40.981324],[28.772054,40.981308],[28.771962,40.981277],[28.771902,40.981256],[28.771808,40.981136],[28.77179,40.981086],[28.771806,40.980992],[28.771945,40.980902],[28.77197,40.980883],[28.77193,40.98083],[28.771774,40.980903],[28.771593,40.980925],[28.771262,40.980929],[28.771019,40.980929],[28.770814,40.980945],[28.770355,40.981063],[28.770183,40.981148],[28.770056,40.98124],[28.76989,40.981369],[28.769732,40.981501],[28.769565,40.981661],[28.769427,40.981797],[28.769425,40.9818],[28.769398,40.981833],[28.769359,40.981873],[28.769338,40.981887],[28.769397,40.981963],[28.769446,40.981981],[28.769496,40.982],[28.76956,40.981992],[28.769667,40.981919],[28.769893,40.98166],[28.770021,40.981554],[28.770161,40.981498],[28.770322,40.98149],[28.770526,40.98153],[28.770794,40.981603],[28.770966,40.98166],[28.771169,40.981652],[28.771448,40.981708],[28.771577,40.981676],[28.771899,40.981635],[28.772146,40.981603],[28.772339,40.981611],[28.772611,40.981707],[28.772716,40.981718],[28.77274,40.981672],[28.772745,40.981636],[28.772755,40.981637],[28.772747,40.981675],[28.772725,40.98172],[28.772796,40.981736],[28.772831,40.98165],[28.772838,40.981652],[28.772803,40.981738],[28.77285,40.981752],[28.772852,40.981759],[28.772875,40.981773],[28.772894,40.981772],[28.772919,40.981673],[28.772924,40.981674],[28.772922,40.981689],[28.772908,40.981723],[28.772901,40.981771],[28.773058,40.981764],[28.773091,40.981767],[28.773102,40.98174],[28.773108,40.981742],[28.773099,40.981767],[28.773185,40.981774],[28.773183,40.981798],[28.773214,40.981797],[28.773214,40.981771],[28.773372,40.981775],[28.773509,40.981784],[28.773517,40.981773],[28.773494,40.981752],[28.773501,40.981744],[28.773545,40.981769],[28.773602,40.981779],[28.773708,40.981787],[28.773873,40.98179],[28.773872,40.98173],[28.773892,40.981729],[28.773889,40.98179],[28.773912,40.981796],[28.773934,40.981794],[28.773973,40.981781],[28.774002,40.981779],[28.774103,40.981776],[28.774155,40.981778],[28.774163,40.981742],[28.774167,40.981744],[28.774162,40.981778],[28.774272,40.981803],[28.77433,40.981824],[28.774479,40.981889],[28.774502,40.981904],[28.774709,40.981969],[28.774881,40.982002],[28.775021,40.982057],[28.775129,40.982131],[28.775133,40.982146],[28.775147,40.982155],[28.775158,40.982176],[28.775196,40.982162],[28.775203,40.98217],[28.775161,40.982183],[28.775164,40.982199],[28.775199,40.982242],[28.77525,40.982217],[28.775257,40.982228],[28.775206,40.98225],[28.775248,40.982316],[28.775295,40.982305],[28.775295,40.982313],[28.775253,40.982323],[28.77526,40.982347],[28.775296,40.982338],[28.775299,40.982345],[28.775264,40.982354],[28.775271,40.982369],[28.775267,40.982409],[28.775282,40.982427],[28.775342,40.982413],[28.775345,40.982422],[28.77528,40.982433],[28.775275,40.982453],[28.775292,40.982475],[28.775334,40.982467],[28.77529,40.982484],[28.775286,40.982493],[28.775287,40.982507],[28.775294,40.982518],[28.77535,40.982511],[28.775352,40.982524],[28.775294,40.982529],[28.775293,40.982538],[28.775301,40.982627],[28.775299,40.982707],[28.775344,40.982709],[28.775345,40.982717],[28.775299,40.982717],[28.7753,40.982751],[28.775283,40.982845],[28.775322,40.982846],[28.775321,40.982855],[28.77528,40.982854],[28.775262,40.982899],[28.7753,40.982903],[28.775299,40.982909],[28.775257,40.982905],[28.77525,40.982922],[28.775285,40.982925],[28.775285,40.982933],[28.775247,40.982929],[28.775238,40.982961],[28.775276,40.982969],[28.775273,40.982977],[28.775234,40.982966],[28.77522,40.982992],[28.775263,40.983002],[28.775261,40.983008],[28.775222,40.983],[28.775209,40.983039],[28.775252,40.983039],[28.775252,40.983049],[28.775199,40.983048],[28.775192,40.983064],[28.775191,40.983075],[28.775257,40.983082],[28.775254,40.983089],[28.775184,40.983081],[28.775176,40.983089],[28.775158,40.98313],[28.775211,40.98314],[28.775207,40.98315],[28.775153,40.983136],[28.775141,40.983202],[28.775174,40.983209],[28.775163,40.983237],[28.775152,40.983234],[28.775157,40.983215],[28.775137,40.98321],[28.77511,40.983256],[28.775136,40.983265],[28.775112,40.983316],[28.775089,40.983309],[28.775086,40.983311],[28.775057,40.983381],[28.774961,40.983503],[28.774863,40.983655],[28.774737,40.983814],[28.774694,40.983862],[28.774649,40.983902],[28.774577,40.983953],[28.774622,40.983978],[28.774617,40.983986],[28.77457,40.98396],[28.774557,40.983976],[28.774524,40.984],[28.774566,40.984025],[28.774558,40.984032],[28.774515,40.984005],[28.774501,40.984011],[28.774481,40.984043],[28.774407,40.984112],[28.774407,40.984122],[28.77442,40.984133],[28.774421,40.984145],[28.774312,40.984226],[28.774305,40.984237],[28.774231,40.98428],[28.774175,40.9843],[28.774113,40.984335],[28.774095,40.984355],[28.774073,40.984371],[28.774128,40.984411],[28.774121,40.984418],[28.774068,40.984379],[28.774036,40.984412],[28.774074,40.984444],[28.774071,40.984446],[28.774031,40.984417],[28.77399,40.984446],[28.774044,40.984491],[28.774037,40.984497],[28.773983,40.984451],[28.773968,40.984462],[28.773954,40.984478],[28.773913,40.984502],[28.773889,40.984531],[28.773931,40.984569],[28.773926,40.984572],[28.773882,40.984537],[28.773864,40.984547],[28.773852,40.984558],[28.773835,40.984586],[28.773865,40.984608],[28.773859,40.984612],[28.773829,40.984594],[28.773795,40.984625],[28.773828,40.984647],[28.773821,40.98465],[28.773789,40.98463],[28.773762,40.984659],[28.773786,40.984681],[28.77378,40.984686],[28.773757,40.984666],[28.77368,40.98471],[28.773661,40.984736],[28.773653,40.984741],[28.773645,40.98474],[28.773656,40.984753],[28.773698,40.984788],[28.773692,40.984792],[28.773631,40.984745],[28.773615,40.984772],[28.773582,40.984801],[28.773633,40.984829],[28.773628,40.984835],[28.773572,40.984808],[28.773537,40.984838],[28.773582,40.984863],[28.773578,40.984867],[28.773531,40.984841],[28.773511,40.984859],[28.773516,40.984861],[28.773495,40.984882],[28.773555,40.984912],[28.773552,40.984917],[28.77349,40.984888],[28.773472,40.984906],[28.773453,40.984933],[28.773486,40.984947],[28.773482,40.984953],[28.77345,40.984939],[28.773433,40.984955],[28.773411,40.984957],[28.77338,40.984974],[28.773354,40.985002],[28.773395,40.985016],[28.773392,40.985024],[28.773351,40.985008],[28.773332,40.985031],[28.773323,40.985027],[28.773312,40.985032],[28.773294,40.985058],[28.773277,40.985094],[28.773327,40.985117],[28.773322,40.985123],[28.773274,40.985104],[28.773266,40.985113],[28.773267,40.98512],[28.773256,40.985132],[28.77324,40.985126],[28.77322,40.985135],[28.773211,40.985154],[28.773205,40.985192],[28.773257,40.985207],[28.773252,40.985217],[28.773188,40.985196],[28.773175,40.985225],[28.773172,40.985223],[28.773164,40.985234],[28.773181,40.985243],[28.773114,40.985312],[28.773098,40.985316],[28.773082,40.985328],[28.773121,40.985342],[28.773112,40.985352],[28.773087,40.985341],[28.773078,40.985352],[28.773066,40.985347],[28.773057,40.98536],[28.773094,40.985373],[28.773088,40.98538],[28.773051,40.985365],[28.773049,40.985397],[28.773043,40.985411],[28.77302,40.985428],[28.772986,40.985436],[28.77298,40.985441],[28.772972,40.985453],[28.772981,40.985478],[28.772961,40.985507],[28.772931,40.985518],[28.772894,40.985552],[28.772982,40.985584],[28.772968,40.985604],[28.772956,40.9856],[28.772965,40.985587],[28.772891,40.985558],[28.772845,40.985623],[28.772867,40.98564],[28.772843,40.985664],[28.772827,40.985652],[28.77281,40.985672],[28.772797,40.985702],[28.772798,40.985728],[28.772777,40.985747],[28.772714,40.985897],[28.772666,40.985958],[28.772657,40.985976],[28.772642,40.986059],[28.772655,40.986097],[28.772636,40.986249],[28.77263,40.986266],[28.772597,40.986317],[28.772561,40.986484],[28.772484,40.986689],[28.772427,40.98682],[28.772286,40.98715],[28.771919,40.988022],[28.771472,40.98835],[28.771183,40.98838],[28.7709,40.988388],[28.770538,40.988369],[28.769996,40.988107],[28.77004,40.988625],[28.770372,40.988576],[28.771394,40.988593],[28.771457,40.988875],[28.770557,40.989173],[28.770319,40.989028],[28.770038,40.989029],[28.770063,40.989561],[28.770163,40.989809],[28.770439,40.989752],[28.770437,40.98975],[28.770515,40.989719],[28.77051,40.989716],[28.770613,40.989648],[28.770621,40.989655],[28.770696,40.98962],[28.770692,40.989613],[28.770758,40.989589],[28.770975,40.98948],[28.771051,40.989468],[28.771054,40.989453],[28.771115,40.989439],[28.771144,40.989412],[28.771163,40.9894],[28.77132,40.989367],[28.771428,40.989349],[28.771454,40.989351],[28.771465,40.989348],[28.771474,40.98934],[28.771531,40.989337],[28.771554,40.989332],[28.771644,40.989293],[28.771704,40.989253],[28.771738,40.98922],[28.771783,40.989187],[28.77186,40.989074],[28.771879,40.989032],[28.771932,40.988977],[28.771997,40.988886],[28.772018,40.988847],[28.772064,40.988726],[28.772085,40.988692],[28.772115,40.988649],[28.772141,40.988585],[28.772178,40.988515],[28.772201,40.988497],[28.77221,40.988449],[28.772291,40.988283],[28.772304,40.988242],[28.772338,40.988148],[28.772338,40.988122],[28.772347,40.988094],[28.772354,40.988072],[28.772365,40.987986],[28.77238,40.987972],[28.772386,40.987922],[28.772391,40.987856],[28.772372,40.987855],[28.772372,40.987851],[28.772355,40.98785],[28.77254,40.98736],[28.772592,40.987243],[28.772606,40.98715],[28.772631,40.987046],[28.772695,40.986809],[28.772791,40.986568],[28.772828,40.986477],[28.772876,40.986319],[28.772895,40.986301],[28.772903,40.986283],[28.77293,40.986256],[28.772937,40.986243],[28.772942,40.986136],[28.772959,40.986119],[28.773047,40.986094],[28.773155,40.986029],[28.773193,40.986002],[28.773281,40.985907],[28.773311,40.985843],[28.773502,40.985643],[28.773532,40.98559],[28.773554,40.985581],[28.773579,40.985565],[28.77367,40.98548],[28.77371,40.985459],[28.773786,40.985383],[28.773877,40.985313],[28.77394,40.985246],[28.774042,40.985125],[28.774112,40.985053],[28.774276,40.984872],[28.774393,40.984734],[28.774467,40.984596],[28.774502,40.984557],[28.774609,40.98447],[28.774735,40.984342],[28.774868,40.984232],[28.774912,40.984203],[28.775009,40.98411],[28.775094,40.98404],[28.775118,40.984014],[28.775145,40.983977],[28.775216,40.983849],[28.775279,40.983658],[28.775302,40.98357],[28.775301,40.98355],[28.775319,40.98347],[28.775356,40.983393],[28.775364,40.983363],[28.775421,40.983227],[28.775428,40.983221],[28.775465,40.983126],[28.775489,40.983077],[28.775568,40.982849],[28.775591,40.982759],[28.775595,40.982717],[28.775628,40.982554],[28.775637,40.982478],[28.775635,40.982393],[28.775639,40.982343],[28.775652,40.982288],[28.775683,40.982082],[28.775684,40.982025],[28.775666,40.981986],[28.77563,40.981949],[28.7756,40.981903],[28.775424,40.981785],[28.77532,40.981722],[28.775092,40.981633],[28.775043,40.981617],[28.774936,40.981564],[28.774919,40.981566],[28.774885,40.981548],[28.774874,40.981532],[28.774721,40.981446],[28.774607,40.981415],[28.774421,40.981375],[28.774338,40.981353],[28.774236,40.981306],[28.774104,40.981259],[28.774043,40.981231],[28.773885,40.981192],[28.773855,40.981192],[28.773823,40.981187],[28.773755,40.981164],[28.773632,40.981156],[28.773492,40.981139],[28.773334,40.981094],[28.77319,40.981038],[28.773145,40.981019],[28.773092,40.980984],[28.773032,40.980958],[28.773019,40.980928],[28.772929,40.980817],[28.772843,40.980655],[28.772854,40.980542],[28.772918,40.980437],[28.77295,40.980372],[28.773015,40.980202],[28.772961,40.980137],[28.77294,40.979983],[28.773015,40.979781],[28.773111,40.979619],[28.773219,40.979489],[28.773337,40.979327],[28.773422,40.979181],[28.773594,40.979011],[28.77368,40.978849],[28.773819,40.978582],[28.773862,40.978404],[28.773949,40.978263],[28.774067,40.9782],[28.774195,40.978113],[28.774377,40.977982],[28.774438,40.977906],[28.774791,40.977677],[28.77519,40.977363],[28.775154,40.977279],[28.775128,40.977203],[28.774988,40.976868],[28.775073,40.976802],[28.775218,40.97671],[28.77545,40.976525],[28.775706,40.976337],[28.776155,40.976069],[28.776266,40.976047],[28.776747,40.975768],[28.777073,40.975612],[28.777452,40.975461],[28.777967,40.975242],[28.77798,40.975233],[28.806642,40.994222],[28.795113,41.000333],[28.771346,41.000333],[28.753453,40.993559],[28.753453,40.980022]]]},"properties":{"hucre_kodu":"BZ-152","ilce":"Küçükçekmece","alan_km2":7.95,"yogunluk_puani":6,"komsular":["BZ-155","BZ-153","BZ-150","BZ-029","BZ-045"]}},{"type":"Feature","geometry":{"type":"Polygon","coordinates":[[[28.771346,41.000333],[28.795113,41.000333],[28.795113,41.016053],[28.78321,41.016053],[28.771346,41.000333]]]},"properties":{"hucre_kodu":"BZ-153","ilce":"Küçükçekmece","alan_km2":2.62,"yogunluk_puani":3,"komsular":["BZ-152","BZ-155","BZ-151","BZ-150"]}},{"type":"Feature","geometry":{"type":"Polygon","coordinates":[[[28.787235,41.064443],[28.791929,41.039566],[28.800512,41.036722],[28.818504,41.048642],[28.822241,41.053593],[28.827845,41.079585],[28.827845,41.08107],[28.822794,41.088507],[28.795234,41.090942],[28.787235,41.064443]]]},"properties":{"hucre_kodu":"BZ-154","ilce":"Küçükçekmece","alan_km2":15.14,"yogunluk_puani":9,"komsular":["BZ-036","BZ-219","BZ-056","BZ-053","BZ-149","BZ-151","BZ-030","BZ-031","BZ-033"]}},{"type":"Feature","geometry":{"type":"Polygon","coordinates":[[[28.795113,41.000333],[28.806642,40.994222],[28.806658,40.994219],[28.812854,41.002429],[28.807731,41.02279],[28.803426,41.027069],[28.795113,41.016053],[28.795113,41.000333]]]},"properties":{"hucre_kodu":"BZ-155","ilce":"Küçükçekmece","alan_km2":3.68,"yogunluk_puani":10,"komsular":["BZ-038","BZ-030","BZ-151","BZ-153","BZ-152","BZ-045","BZ-039"]}},{"type":"Feature","geometry":{"type":"Polygon","coordinates":[[[29.103261,40.943914],[29.103771,40.943469],[29.10414,40.943106],[29.104483,40.942964],[29.104947,40.942802],[29.105487,40.942607],[29.105573,40.942704],[29.10553,40.942866],[29.105039,40.943018],[29.104551,40.943177],[29.104312,40.943323],[29.103382,40.944035],[29.103454,40.944075],[29.104058,40.943919],[29.104704,40.943836],[29.105118,40.943715],[29.105331,40.943615],[29.105564,40.943521],[29.106111,40.943247],[29.106412,40.943101],[29.106732,40.942935],[29.107036,40.942799],[29.107237,40.942608],[29.107396,40.942451],[29.10761,40.942169],[29.10758,40.941969],[29.10757,40.941951],[29.107415,40.941653],[29.106775,40.940281],[29.106545,40.939801],[29.106562,40.939444],[29.106589,40.939245],[29.106667,40.939053],[29.106761,40.938917],[29.106876,40.938767],[29.107431,40.938141],[29.108302,40.937163],[29.108383,40.937065],[29.108392,40.937053],[29.129158,40.946225],[29.132266,40.954461],[29.125414,40.959909],[29.113925,40.959909],[29.105187,40.954119],[29.103261,40.943914]]]},"properties":{"hucre_kodu":"BZ-156","ilce":"Maltepe","alan_km2":4.08,"yogunluk_puani":12,"komsular":["BZ-019","BZ-136","BZ-157","BZ-161","BZ-160","BZ-021"]}},{"type":"Feature","geometry":{"type":"Polygon","coordinates":[[[29.108392,40.937053],[29.108619,40.936778],[29.113241,40.931564],[29.113296,40.931466],[29.112802,40.930714],[29.113046,40.930714],[29.113656,40.931655],[29.113874,40.931992],[29.114107,40.932048],[29.114188,40.932159],[29.114236,40.932329],[29.114301,40.932423],[29.114341,40.93246],[29.114394,40.932488],[29.115271,40.932904],[29.115443,40.932936],[29.116431,40.933355],[29.116468,40.933309],[29.116508,40.93326],[29.115553,40.932839],[29.115272,40.932665],[29.114572,40.932341],[29.11447,40.932265],[29.114396,40.931932],[29.113627,40.930714],[29.12839,40.930714],[29.131892,40.935355],[29.129158,40.946225],[29.108392,40.937053]]]},"properties":{"hucre_kodu":"BZ-157","ilce":"Maltepe","alan_km2":2.13,"yogunluk_puani":26,"komsular":["BZ-161","BZ-156","BZ-136","BZ-158","BZ-159"]}},{"type":"Feature","geometry":{"type":"MultiPolygon","coordinates":[[[[29.112425,40.930109],[29.112477,40.930057],[29.112538,40.930008],[29.112627,40.930007],[29.112699,40.930035],[29.112745,40.930076],[29.112745,40.930162],[29.113025,40.930681],[29.113046,40.930714],[29.112802,40.930714],[29.11271,40.930573],[29.112425,40.930109]]],[[[29.113231,40.929826],[29.113249,40.929505],[29.113345,40.929249],[29.113684,40.928802],[29.119228,40.922538],[29.11937,40.92261],[29.122686,40.924277],[29.122782,40.924172],[29.120573,40.923066],[29.119287,40.922447],[29.121708,40.919566],[29.122107,40.919234],[29.122609,40.918932],[29.123157,40.918752],[29.123639,40.918712],[29.124273,40.918799],[29.127207,40.919446],[29.127651,40.919236],[29.127721,40.919138],[29.127808,40.919027],[29.127842,40.918984],[29.127863,40.918968],[29.12795,40.919022],[29.127908,40.918948],[29.12789,40.918851],[29.127822,40.918639],[29.128017,40.918376],[29.128172,40.918309],[29.1281,40.918282],[29.128218,40.918127],[29.12771,40.917888],[29.127731,40.917863],[29.127752,40.917834],[29.128263,40.918061],[29.12839,40.917896],[29.12839,40.930714],[29.113627,40.930714],[29.113343,40.930265],[29.113231,40.929826]]]]},"properties":{"hucre_kodu":"BZ-158","ilce":"Maltepe","alan_km2":1.22,"yogunluk_puani":28,"komsular":["BZ-159","BZ-157","BZ-136","BZ-001","BZ-002"]}},{"type":"Feature","geometry":{"type":"Polygon","coordinates":[[[29.12839,40.917896],[29.128617,40.917599],[29.128663,40.917601],[29.128768,40.917497],[29.12895,40.917474],[29.129438,40.91679],[29.130376,40.91558],[29.130417,40.915517],[29.130318,40.915453],[29.130233,40.915363],[29.130273,40.915282],[29.130377,40.915233],[29.130477,40.915252],[29.130592,40.915379],[29.13069,40.915429],[29.130716,40.915401],[29.130724,40.91539],[29.130637,40.915341],[29.13082,40.914992],[29.130738,40.914975],[29.13063,40.914963],[29.13059,40.914905],[29.130602,40.914829],[29.130655,40.914755],[29.130749,40.914733],[29.130871,40.914825],[29.130959,40.91487],[29.131003,40.914808],[29.132037,40.913342],[29.132637,40.912291],[29.132475,40.912182],[29.131948,40.912203],[29.131939,40.912098],[29.1328,40.912059],[29.133361,40.911417],[29.133991,40.910749],[29.133613,40.910567],[29.13363,40.910445],[29.133786,40.910387],[29.133971,40.910431],[29.134019,40.910512],[29.134286,40.910674],[29.134343,40.910623],[29.134377,40.910588],[29.134428,40.910536],[29.134332,40.910474],[29.134861,40.909973],[29.134969,40.909869],[29.142773,40.930549],[29.131892,40.935355],[29.12839,40.930714],[29.12839,40.917896]]]},"properties":{"hucre_kodu":"BZ-159","ilce":"Maltepe","alan_km2":2.11,"yogunluk_puani":50,"komsular":["BZ-157","BZ-158","BZ-002","BZ-162","BZ-161"]}},{"type":"Feature","geometry":{"type":"Polygon","coordinates":[[[29.125414,40.959909],[29.132266,40.954461],[29.137713,40.955492],[29.152105,40.966934],[29.153923,40.969945],[29.141159,40.986858],[29.136864,40.986858],[29.125414,40.980789],[29.125414,40.959909]]]},"properties":{"hucre_kodu":"BZ-160","ilce":"Maltepe","alan_km2":5.96,"yogunluk_puani":12,"komsular":["BZ-022","BZ-021","BZ-156","BZ-161","BZ-164","BZ-165","BZ-023","BZ-234"]}},{"type":"Feature","geometry":{"type":"Polygon","coordinates":[[[29.129158,40.946225],[29.131892,40.935355],[29.142773,40.930549],[29.143763,40.930878],[29.147939,40.941942],[29.137713,40.955492],[29.132266,40.954461],[29.129158,40.946225]]]},"properties":{"hucre_kodu":"BZ-161","ilce":"Maltepe","alan_km2":2.82,"yogunluk_puani":20,"komsular":["BZ-156","BZ-157","BZ-159","BZ-162","BZ-163","BZ-164","BZ-160"]}},{"type":"Feature","geometry":{"type":"Polygon","coordinates":[[[29.134969,40.909869],[29.135531,40.909329],[29.136261,40.908656],[29.137331,40.907542],[29.137884,40.906999],[29.138277,40.906671],[29.138483,40.90645],[29.138714,40.906215],[29.140086,40.904818],[29.140776,40.904098],[29.142499,40.902597],[29.143407,40.902055],[29.144164,40.901654],[29.144884,40.901364],[29.16131,40.923128],[29.143763,40.930878],[29.142773,40.930549],[29.134969,40.909869]]]},"properties":{"hucre_kodu":"BZ-162","ilce":"Maltepe","alan_km2":3.83,"yogunluk_puani":3,"komsular":["BZ-161","BZ-159","BZ-002","BZ-139","BZ-163"]}},{"type":"Feature","geometry":{"type":"Polygon","coordinates":[[[29.143763,40.930878],[29.16131,40.923128],[29.170544,40.927206],[29.173853,40.933782],[29.161536,40.941942],[29.147939,40.941942],[29.143763,40.930878]]]},"properties":{"hucre_kodu":"BZ-163","ilce":"Maltepe","alan_km2":3.57,"yogunluk_puani":6,"komsular":["BZ-164","BZ-161","BZ-162","BZ-139","BZ-142","BZ-165"]}},{"type":"Feature","geometry":{"type":"Polygon","coordinates":[[[29.137713,40.955492],[29.147939,40.941942],[29.161536,40.941942],[29.152105,40.966934],[29.137713,40.955492]]]},"properties":{"hucre_kodu":"BZ-164","ilce":"Maltepe","alan_km2":3.05,"yogunluk_puani":5,"komsular":["BZ-160","BZ-161","BZ-163","BZ-165"]}},{"type":"Feature","geometry":{"type":"Polygon","coordinates":[[[29.152105,40.966934],[29.161536,40.941942],[29.173853,40.933782],[29.19269,40.946262],[29.198145,40.959273],[29.191827,40.963924],[29.167073,40.972123],[29.153923,40.969945],[29.152105,40.966934]]]},"properties":{"hucre_kodu":"BZ-165","ilce":"Maltepe","alan_km2":10.38,"yogunluk_puani":3,"komsular":["BZ-160","BZ-164","BZ-163","BZ-142","BZ-144","BZ-176","BZ-024","BZ-023"]}},{"type":"Feature","geometry":{"type":"Polygon","coordinates":[[[29.210678,40.880298],[29.211222,40.880107],[29.213299,40.879247],[29.214999,40.878488],[29.215342,40.878209],[29.215441,40.878145],[29.216341,40.87762],[29.217023,40.877242],[29.217873,40.87694],[29.218801,40.876739],[29.219991,40.8766],[29.220233,40.876528],[29.220931,40.876301],[29.221505,40.876056],[29.221739,40.875934],[29.22203,40.875746],[29.222411,40.875529],[29.222673,40.875342],[29.222689,40.87533],[29.248208,40.892236],[29.250046,40.901978],[29.248178,40.904453],[29.246098,40.903764],[29.210678,40.880298]]]},"properties":{"hucre_kodu":"BZ-166","ilce":"Pendik","alan_km2":3.91,"yogunluk_puani":7,"komsular":["BZ-145","BZ-146","BZ-140","BZ-167","BZ-168","BZ-170"]}},{"type":"Feature","geometry":{"type":"Polygon","coordinates":[[[29.222689,40.87533],[29.223038,40.875072],[29.223287,40.874857],[29.223538,40.874582],[29.223952,40.874101],[29.224228,40.87373],[29.22464,40.873229],[29.225092,40.872777],[29.22519,40.872568],[29.225367,40.872355],[29.225455,40.872198],[29.225693,40.872043],[29.226019,40.871719],[29.226342,40.871444],[29.227125,40.871055],[29.227549,40.870916],[29.227963,40.870764],[29.228209,40.870701],[29.228506,40.870636],[29.229169,40.870564],[29.229757,40.870525],[29.230371,40.870538],[29.230834,40.870592],[29.231443,40.870711],[29.23197,40.870415],[29.232347,40.870347],[29.232799,40.870303],[29.233461,40.870306],[29.233651,40.870227],[29.234186,40.869641],[29.234479,40.869348],[29.234828,40.869057],[29.235019,40.868965],[29.237086,40.868461],[29.238105,40.868202],[29.239126,40.867896],[29.239267,40.867836],[29.239383,40.867766],[29.239586,40.867698],[29.239853,40.867784],[29.239901,40.868042],[29.239645,40.868183],[29.239476,40.86815],[29.23942,40.868139],[29.238567,40.868365],[29.237723,40.868589],[29.236953,40.868795],[29.236313,40.868963],[29.235658,40.869136],[29.235195,40.869259],[29.234909,40.869416],[29.233606,40.870746],[29.233545,40.870839],[29.233696,40.87097],[29.233906,40.871083],[29.234326,40.871301],[29.234797,40.871548],[29.235275,40.871799],[29.235701,40.872023],[29.235668,40.872134],[29.235697,40.872157],[29.235361,40.872549],[29.235322,40.872526],[29.235219,40.872657],[29.235524,40.87336],[29.235441,40.873385],[29.235224,40.873482],[29.235271,40.873573],[29.2353,40.873627],[29.235314,40.873654],[29.234613,40.873923],[29.234255,40.874043],[29.234334,40.874172],[29.234631,40.874435],[29.234904,40.874579],[29.235191,40.874693],[29.235665,40.874498],[29.236038,40.874558],[29.23625,40.873799],[29.236331,40.873812],[29.236392,40.87382],[29.236176,40.874582],[29.236362,40.874612],[29.236583,40.874648],[29.236947,40.875003],[29.237189,40.87507],[29.238671,40.874834],[29.240153,40.874401],[29.240523,40.874263],[29.240931,40.874085],[29.241589,40.873835],[29.241894,40.873701],[29.242235,40.873585],[29.242882,40.873333],[29.243217,40.873211],[29.243836,40.872969],[29.244546,40.872677],[29.24519,40.87242],[29.246557,40.871822],[29.246935,40.871657],[29.247602,40.871387],[29.24822,40.871113],[29.24885,40.87083],[29.249366,40.870669],[29.24981,40.870501],[29.2505,40.870266],[29.251167,40.869983],[29.251615,40.869768],[29.252577,40.874868],[29.248208,40.892236],[29.222689,40.87533]]]},"properties":{"hucre_kodu":"BZ-167","ilce":"Pendik","alan_km2":3.22,"yogunluk_puani":16,"komsular":["BZ-168","BZ-166","BZ-140","BZ-221","BZ-169"]}},{"type":"Feature","geometry":{"type":"Polygon","coordinates":[[[29.248208,40.892236],[29.252577,40.874868],[29.276327,40.890603],[29.266624,40.898317],[29.250046,40.901978],[29.248208,40.892236]]]},"properties":{"hucre_kodu":"BZ-168","ilce":"Pendik","alan_km2":3.98,"yogunluk_puani":15,"komsular":["BZ-166","BZ-167","BZ-169","BZ-171","BZ-170"]}},{"type":"Feature","geometry":{"type":"MultiPolygon","coordinates":[[[[29.251615,40.869768],[29.251805,40.869677],[29.252351,40.869415],[29.253269,40.868966],[29.253806,40.868687],[29.254166,40.868483],[29.254481,40.868318],[29.255498,40.867791],[29.255884,40.867612],[29.256291,40.867367],[29.256716,40.867216],[29.256949,40.86713],[29.25741,40.867042],[29.257397,40.866976],[29.25727,40.866903],[29.256994,40.866585],[29.256793,40.866339],[29.256369,40.866397],[29.256308,40.866258],[29.256395,40.866177],[29.256664,40.866134],[29.256955,40.866144],[29.257125,40.866263],[29.257643,40.866821],[29.258354,40.867196],[29.258542,40.867139],[29.257912,40.866802],[29.257301,40.866126],[29.257089,40.86598],[29.256757,40.865946],[29.256448,40.865988],[29.25624,40.86589],[29.256299,40.865783],[29.256512,40.865692],[29.257096,40.865729],[29.257163,40.865715],[29.257062,40.865516],[29.255494,40.863028],[29.25532,40.862802],[29.254797,40.862725],[29.254531,40.8625],[29.254867,40.861995],[29.254872,40.861627],[29.255302,40.861609],[29.255422,40.861445],[29.255128,40.861041],[29.255167,40.860561],[29.255504,40.860496],[29.255648,40.860314],[29.256052,40.859483],[29.256288,40.859394],[29.256515,40.859488],[29.25679,40.859795],[29.256854,40.860039],[29.256705,40.860327],[29.256506,40.86056],[29.256152,40.860964],[29.256179,40.861209],[29.256429,40.861442],[29.256703,40.861612],[29.25697,40.861691],[29.256955,40.861909],[29.25666,40.862138],[29.256223,40.862404],[29.255691,40.862901],[29.256632,40.864442],[29.256947,40.864454],[29.257157,40.864463],[29.258908,40.864506],[29.258901,40.863948],[29.258973,40.863897],[29.259024,40.863932],[29.258974,40.863966],[29.258972,40.864209],[29.259368,40.864066],[29.259698,40.86376],[29.259474,40.863576],[29.260243,40.863064],[29.260608,40.863379],[29.260819,40.863243],[29.260481,40.862947],[29.260686,40.862812],[29.261337,40.862383],[29.261837,40.862054],[29.262,40.862164],[29.26236,40.86194],[29.262218,40.861803],[29.265061,40.859977],[29.264206,40.859268],[29.263588,40.859433],[29.25927,40.857056],[29.258429,40.857166],[29.257046,40.857299],[29.25612,40.857439],[29.255125,40.857581],[29.254318,40.857861],[29.253708,40.85814],[29.253434,40.858445],[29.253073,40.858769],[29.252807,40.859328],[29.25243,40.859211],[29.252917,40.858576],[29.253434,40.858166],[29.253717,40.857925],[29.253904,40.857787],[29.254524,40.857503],[29.25509,40.857341],[29.256052,40.857179],[29.256809,40.857128],[29.257933,40.856938],[29.258271,40.856931],[29.258278,40.856666],[29.258953,40.855997],[29.259528,40.855627],[29.259957,40.855251],[29.260412,40.855043],[29.261373,40.854848],[29.262615,40.854721],[29.262842,40.854654],[29.263036,40.854618],[29.263304,40.854604],[29.263817,40.854603],[29.263911,40.854589],[29.264018,40.854532],[29.265027,40.853907],[29.265142,40.853857],[29.265277,40.853834],[29.265466,40.853828],[29.265611,40.85385],[29.265737,40.853902],[29.265915,40.854017],[29.265994,40.854092],[29.266053,40.854199],[29.266368,40.85421],[29.266808,40.854229],[29.266878,40.854146],[29.266954,40.854082],[29.267015,40.854024],[29.267069,40.853986],[29.267126,40.85394],[29.267203,40.853917],[29.267278,40.853912],[29.267348,40.853919],[29.267389,40.853927],[29.26743,40.853951],[29.267455,40.853966],[29.2675,40.853999],[29.267533,40.854007],[29.267604,40.854003],[29.267734,40.855844],[29.268432,40.855838],[29.268718,40.85405],[29.269033,40.854074],[29.268698,40.856054],[29.269089,40.856093],[29.269083,40.856176],[29.269084,40.856722],[29.269125,40.85674],[29.2694,40.85674],[29.269407,40.856698],[29.269789,40.856725],[29.269908,40.855795],[29.270003,40.855804],[29.269899,40.856736],[29.269955,40.856741],[29.269951,40.856781],[29.270156,40.856796],[29.270161,40.856745],[29.270215,40.85675],[29.270189,40.857017],[29.271475,40.856898],[29.271653,40.8578],[29.271733,40.857804],[29.271908,40.857535],[29.271935,40.857547],[29.272044,40.857393],[29.272189,40.857277],[29.272269,40.857311],[29.272396,40.857254],[29.272499,40.857205],[29.272721,40.857084],[29.272882,40.856981],[29.273057,40.856867],[29.273253,40.856734],[29.273365,40.856646],[29.273622,40.856374],[29.273671,40.85633],[29.27381,40.856354],[29.27388,40.856305],[29.273985,40.856213],[29.273962,40.856067],[29.274112,40.85595],[29.274197,40.855943],[29.274237,40.855909],[29.274375,40.85578],[29.27446,40.855745],[29.274549,40.855719],[29.274624,40.855705],[29.274723,40.855677],[29.274953,40.855605],[29.275019,40.855702],[29.275445,40.855556],[29.275567,40.855733],[29.275836,40.855726],[29.276236,40.855648],[29.276709,40.855646],[29.276745,40.855646],[29.277021,40.855717],[29.277027,40.855782],[29.277522,40.855909],[29.277526,40.856052],[29.277868,40.856052],[29.278084,40.856095],[29.278354,40.855992],[29.278454,40.856011],[29.278798,40.855804],[29.278928,40.855798],[29.279131,40.855722],[29.279054,40.855431],[29.279632,40.855302],[29.279731,40.855565],[29.279875,40.855528],[29.279975,40.855444],[29.280323,40.855362],[29.280294,40.855293],[29.281258,40.855045],[29.281302,40.855132],[29.281379,40.855128],[29.281524,40.855219],[29.28185,40.855133],[29.281863,40.855131],[29.282171,40.855044],[29.282101,40.854918],[29.282479,40.854791],[29.282644,40.854819],[29.282891,40.854699],[29.282866,40.854673],[29.283297,40.854464],[29.283597,40.85422],[29.284083,40.854122],[29.284261,40.853942],[29.284572,40.85398],[29.284519,40.854227],[29.285744,40.85427],[29.285884,40.854356],[29.285957,40.854546],[29.286221,40.854492],[29.286382,40.854988],[29.286737,40.854908],[29.286999,40.854849],[29.28701,40.854761],[29.287084,40.854646],[29.287156,40.854527],[29.287262,40.854434],[29.287368,40.85417],[29.287473,40.853932],[29.287562,40.853727],[29.287839,40.853799],[29.288481,40.85223],[29.288697,40.852318],[29.293996,40.883914],[29.276327,40.890603],[29.252577,40.874868],[29.251615,40.869768]]],[[[29.26628,40.846729],[29.266494,40.846656],[29.27082,40.847538],[29.271269,40.850628],[29.271029,40.850654],[29.27083,40.849206],[29.268661,40.849182],[29.26859,40.849703],[29.26776,40.849668],[29.266703,40.847493],[29.266528,40.847186],[29.26628,40.846729]]]]},"properties":{"hucre_kodu":"BZ-169","ilce":"Pendik","alan_km2":10.04,"yogunluk_puani":18,"komsular":["BZ-171","BZ-168","BZ-167","BZ-221","BZ-222","BZ-223"]}},{"type":"Feature","geometry":{"type":"Polygon","coordinates":[[[29.24487,40.930752],[29.248178,40.904453],[29.250046,40.901978],[29.266624,40.898317],[29.275469,40.921756],[29.271602,40.932003],[29.257104,40.939207],[29.247238,40.937029],[29.24487,40.930752]]]},"properties":{"hucre_kodu":"BZ-170","ilce":"Pendik","alan_km2":8.61,"yogunluk_puani":1,"komsular":["BZ-209","BZ-144","BZ-145","BZ-166","BZ-168","BZ-171","BZ-172","BZ-214"]}},{"type":"Feature","geometry":{"type":"Polygon","coordinates":[[[29.266624,40.898317],[29.276327,40.890603],[29.293996,40.883914],[29.299152,40.889228],[29.294374,40.905057],[29.275469,40.921756],[29.266624,40.898317]]]},"properties":{"hucre_kodu":"BZ-171","ilce":"Pendik","alan_km2":6.33,"yogunluk_puani":4,"komsular":["BZ-172","BZ-170","BZ-168","BZ-169","BZ-223","BZ-174"]}},{"type":"Feature","geometry":{"type":"Polygon","coordinates":[[[29.271602,40.932003],[29.275469,40.921756],[29.294374,40.905057],[29.300263,40.928468],[29.292141,40.936539],[29.271602,40.932003]]]},"properties":{"hucre_kodu":"BZ-172","ilce":"Pendik","alan_km2":4.79,"yogunluk_puani":26,"komsular":["BZ-170","BZ-171","BZ-174","BZ-173","BZ-214"]}},{"type":"Feature","geometry":{"type":"Polygon","coordinates":[[[29.292141,40.936539],[29.300263,40.928468],[29.343486,40.928468],[29.341318,40.962936],[29.294259,40.942152],[29.292141,40.936539]]]},"properties":{"hucre_kodu":"BZ-173","ilce":"Pendik","alan_km2":10.85,"yogunluk_puani":4,"komsular":["BZ-214","BZ-172","BZ-174","BZ-226","BZ-216"]}},{"type":"Feature","geometry":{"type":"Polygon","coordinates":[[[29.294374,40.905057],[29.299152,40.889228],[29.322781,40.89492],[29.345024,40.924393],[29.343486,40.928468],[29.300263,40.928468],[29.294374,40.905057]]]},"properties":{"hucre_kodu":"BZ-174","ilce":"Pendik","alan_km2":12.68,"yogunluk_puani":11,"komsular":["BZ-172","BZ-171","BZ-223","BZ-225","BZ-226","BZ-173"]}},{"type":"Feature","geometry":{"type":"Polygon","coordinates":[[[29.31845,41.004672],[29.342718,40.97499],[29.492747,40.988243],[29.394807,41.118015],[29.319969,41.040889],[29.31845,41.004672]]]},"properties":{"hucre_kodu":"BZ-175","ilce":"Pendik","alan_km2":132.7,"yogunluk_puani":0,"komsular":["BZ-181","BZ-216","BZ-226","BZ-190","BZ-101"]}},{"type":"Feature","geometry":{"type":"Polygon","coordinates":[[[29.184363,40.993595],[29.191827,40.963924],[29.198145,40.959273],[29.204842,40.961808],[29.211833,40.989599],[29.205757,41.000333],[29.186057,41.000333],[29.184363,40.993595]]]},"properties":{"hucre_kodu":"BZ-176","ilce":"Sancaktepe","alan_km2":7.54,"yogunluk_puani":2,"komsular":["BZ-237","BZ-024","BZ-165","BZ-144","BZ-179","BZ-178","BZ-177"]}},{"type":"Feature","geometry":{"type":"Polygon","coordinates":[[[29.183798,41.004824],[29.186057,41.000333],[29.205757,41.000333],[29.205757,41.005647],[29.187765,41.017567],[29.186622,41.016053],[29.183798,41.004824]]]},"properties":{"hucre_kodu":"BZ-177","ilce":"Sancaktepe","alan_km2":2.29,"yogunluk_puani":16,"komsular":["BZ-236","BZ-237","BZ-176","BZ-178","BZ-098","BZ-238"]}},{"type":"Feature","geometry":{"type":"Polygon","coordinates":[[[29.205757,41.000333],[29.211833,40.989599],[29.237372,41.003134],[29.225164,41.030094],[29.219242,41.032448],[29.205757,41.005647],[29.205757,41.000333]]]},"properties":{"hucre_kodu":"BZ-178","ilce":"Sancaktepe","alan_km2":7.18,"yogunluk_puani":41,"komsular":["BZ-177","BZ-176","BZ-179","BZ-180","BZ-099","BZ-098"]}},{"type":"Feature","geometry":{"type":"Polygon","coordinates":[[[29.204842,40.961808],[29.227293,40.95685],[29.244165,40.979206],[29.246475,40.986858],[29.239608,41.002023],[29.237372,41.003134],[29.211833,40.989599],[29.204842,40.961808]]]},"properties":{"hucre_kodu":"BZ-179","ilce":"Sancaktepe","alan_km2":11.19,"yogunluk_puani":23,"komsular":["BZ-180","BZ-178","BZ-176","BZ-144","BZ-209","BZ-210","BZ-211"]}},{"type":"Feature","geometry":{"type":"Polygon","coordinates":[[[29.225164,41.030094],[29.237372,41.003134],[29.239608,41.002023],[29.254194,41.009754],[29.262906,41.044382],[29.225164,41.030094]]]},"properties":{"hucre_kodu":"BZ-180","ilce":"Sancaktepe","alan_km2":8.18,"yogunluk_puani":3,"komsular":["BZ-178","BZ-179","BZ-211","BZ-181","BZ-099"]}},{"type":"Feature","geometry":{"type":"Polygon","coordinates":[[[29.254194,41.009754],[29.282634,41.000333],[29.308096,41.000333],[29.314606,41.002489],[29.31845,41.004672],[29.319969,41.040889],[29.275449,41.054769],[29.262906,41.044382],[29.254194,41.009754]]]},"properties":{"hucre_kodu":"BZ-181","ilce":"Sancaktepe","alan_km2":25.98,"yogunluk_puani":1,"komsular":["BZ-099","BZ-180","BZ-211","BZ-212","BZ-215","BZ-216","BZ-175","BZ-101"]}},{"type":"Feature","geometry":{"type":"Polygon","coordinates":[[[28.951267,41.163695],[28.955419,41.108686],[28.958223,41.10497],[29.006386,41.089015],[29.006386,41.090662],[28.951267,41.163695]]]},"properties":{"hucre_kodu":"BZ-182","ilce":"Sarıyer","alan_km2":13.78,"yogunluk_puani":12,"komsular":["BZ-185","BZ-183","BZ-114","BZ-116","BZ-138"]}},{"type":"Feature","geometry":{"type":"Polygon","coordinates":[[[28.951096,41.164604],[28.951267,41.163695],[29.006386,41.090662],[29.017062,41.126025],[28.982388,41.171968],[28.95597,41.173368],[28.951096,41.164604]]]},"properties":{"hucre_kodu":"BZ-183","ilce":"Sarıyer","alan_km2":22.04,"yogunluk_puani":35,"komsular":["BZ-182","BZ-185","BZ-187","BZ-184","BZ-112","BZ-114"]}},{"type":"Feature","geometry":{"type":"Polygon","coordinates":[[[28.921076,41.271548],[28.92596,41.245666],[28.95597,41.173368],[28.982388,41.171968],[28.998273,41.177507],[29.023778,41.245095],[29.023749,41.245097],[29.023444,41.245069],[29.023138,41.245087],[29.022623,41.245139],[29.022488,41.245074],[29.022204,41.244982],[29.02093,41.245216],[29.020351,41.245178],[29.019831,41.245184],[29.019522,41.245196],[29.019324,41.245232],[29.019005,41.245278],[29.018549,41.245318],[29.018267,41.245341],[29.018058,41.245313],[29.017725,41.245341],[29.017467,41.245369],[29.017119,41.245402],[29.01692,41.245373],[29.016496,41.245365],[29.015928,41.24547],[29.015638,41.245498],[29.015389,41.24551],[29.015155,41.245543],[29.014834,41.245587],[29.01463,41.245587],[29.014281,41.245611],[29.0139,41.245643],[29.01327,41.245666],[29.012693,41.245732],[29.012119,41.245833],[29.011795,41.245857],[29.011588,41.245869],[29.011304,41.245897],[29.010869,41.245902],[29.010309,41.245962],[29.009837,41.24598],[29.009367,41.246055],[29.008935,41.246133],[29.008471,41.246251],[29.008246,41.246273],[29.007946,41.246251],[29.007669,41.246293],[29.007399,41.246381],[29.006978,41.246484],[29.005942,41.246632],[29.005188,41.246757],[29.004856,41.246805],[29.004518,41.246858],[29.003965,41.246938],[29.003525,41.246954],[29.002997,41.247033],[29.002351,41.247092],[29.001959,41.247144],[29.001508,41.247237],[29.001219,41.247269],[29.000902,41.247329],[29.000521,41.247402],[28.999947,41.247531],[28.999647,41.247563],[28.998998,41.24766],[28.998697,41.247684],[28.998488,41.247741],[28.998221,41.247787],[28.99814,41.247801],[28.997694,41.247934],[28.997209,41.24801],[28.997007,41.248016],[28.996831,41.248068],[28.996519,41.24812],[28.996026,41.248225],[28.995618,41.24831],[28.99535,41.248362],[28.994953,41.248491],[28.994556,41.248556],[28.994159,41.248644],[28.993741,41.248725],[28.993231,41.24883],[28.992856,41.248882],[28.992555,41.248939],[28.991981,41.249084],[28.991332,41.249278],[28.990683,41.249443],[28.989868,41.24962],[28.988985,41.249838],[28.988213,41.250018],[28.987749,41.250121],[28.987462,41.250217],[28.987118,41.25034],[28.986786,41.250445],[28.986306,41.250588],[28.985946,41.25073],[28.985423,41.250897],[28.985007,41.251078],[28.984575,41.251285],[28.984274,41.251419],[28.984013,41.251553],[28.983859,41.251722],[28.983693,41.25185],[28.983524,41.25197],[28.98342,41.251956],[28.983267,41.251954],[28.982919,41.252087],[28.982677,41.252238],[28.982376,41.252333],[28.981942,41.252387],[28.981826,41.252387],[28.98162,41.252365],[28.981472,41.252341],[28.981292,41.252307],[28.980985,41.252223],[28.980604,41.252305],[28.980282,41.252439],[28.980174,41.25248],[28.98,41.252656],[28.979882,41.252698],[28.979764,41.252677],[28.979667,41.252732],[28.979479,41.252815],[28.978921,41.252962],[28.978667,41.253057],[28.978422,41.253093],[28.977834,41.252987],[28.97764,41.252966],[28.977465,41.25306],[28.977062,41.252941],[28.976937,41.252762],[28.976595,41.252724],[28.976451,41.252706],[28.976433,41.252599],[28.97625,41.252599],[28.976037,41.252626],[28.975922,41.252715],[28.975732,41.252615],[28.975464,41.252583],[28.975266,41.25254],[28.974985,41.252507],[28.974639,41.252503],[28.974221,41.252602],[28.97375,41.252763],[28.973017,41.253008],[28.972508,41.25321],[28.971993,41.253295],[28.97128,41.25342],[28.97084,41.253516],[28.970509,41.253556],[28.970197,41.253595],[28.969876,41.253723],[28.969473,41.253809],[28.968802,41.25392],[28.968249,41.254109],[28.967587,41.254277],[28.967123,41.254435],[28.966967,41.254488],[28.965934,41.254799],[28.965167,41.255028],[28.964807,41.255218],[28.964637,41.255486],[28.964597,41.255652],[28.964653,41.255783],[28.964759,41.255893],[28.964886,41.255997],[28.964783,41.256279],[28.964748,41.256335],[28.964562,41.25663],[28.96429,41.256884],[28.963845,41.257041],[28.963582,41.257295],[28.963383,41.257497],[28.963106,41.257911],[28.962948,41.258209],[28.962885,41.258436],[28.961935,41.258735],[28.961345,41.258888],[28.960964,41.259146],[28.960411,41.259178],[28.959881,41.259195],[28.959548,41.259255],[28.959194,41.259291],[28.958963,41.259388],[28.958636,41.259509],[28.958341,41.259541],[28.957906,41.259618],[28.957273,41.259852],[28.956571,41.260227],[28.955895,41.26084],[28.955514,41.261469],[28.955235,41.261775],[28.954999,41.261945],[28.954639,41.26207],[28.954318,41.262179],[28.953894,41.262098],[28.953159,41.261961],[28.952714,41.261929],[28.952365,41.26184],[28.951665,41.261711],[28.950553,41.261517],[28.949841,41.261555],[28.949288,41.261781],[28.948874,41.261981],[28.948142,41.262151],[28.94747,41.262184],[28.946693,41.26216],[28.945721,41.262066],[28.944469,41.262252],[28.943185,41.262476],[28.942807,41.262644],[28.942343,41.263134],[28.942201,41.26349],[28.942055,41.26354],[28.939397,41.264446],[28.937458,41.265462],[28.934045,41.266656],[28.932228,41.26734],[28.930198,41.267703],[28.92951,41.267973],[28.92768,41.269055],[28.926175,41.269955],[28.924446,41.270697],[28.923011,41.27116],[28.921616,41.271538],[28.921076,41.271548]]]},"properties":{"hucre_kodu":"BZ-184","ilce":"Sarıyer","alan_km2":55.81,"yogunluk_puani":4,"komsular":["BZ-187","BZ-186","BZ-073","BZ-015","BZ-111","BZ-112","BZ-183"]}},{"type":"Feature","geometry":{"type":"Polygon","coordinates":[[[29.006386,41.089015],[29.008462,41.083515],[29.01335,41.080571],[29.021265,41.077949],[29.043625,41.080418],[29.027038,41.124373],[29.017062,41.126025],[29.006386,41.090662],[29.006386,41.089015]]]},"properties":{"hucre_kodu":"BZ-185","ilce":"Sarıyer","alan_km2":10.53,"yogunluk_puani":13,"komsular":["BZ-183","BZ-182","BZ-138","BZ-208","BZ-062","BZ-064","BZ-188","BZ-187"]}},{"type":"Feature","geometry":{"type":"Polygon","coordinates":[[[28.998273,41.177507],[29.053413,41.181805],[29.106495,41.221368],[29.106531,41.221441],[29.106745,41.22173],[29.106904,41.221911],[29.106971,41.221987],[29.107114,41.222108],[29.107306,41.222105],[29.10742,41.222285],[29.107665,41.222535],[29.107979,41.222621],[29.108224,41.222798],[29.108428,41.222941],[29.108608,41.222943],[29.109397,41.223531],[29.109132,41.223779],[29.10884,41.223946],[29.108676,41.223976],[29.108521,41.223938],[29.108399,41.223989],[29.108044,41.224039],[29.108084,41.224256],[29.10821,41.224254],[29.108335,41.224273],[29.108341,41.224357],[29.108248,41.224449],[29.108524,41.224815],[29.108769,41.224828],[29.109043,41.224901],[29.1093,41.224936],[29.109454,41.225098],[29.10967,41.225164],[29.109728,41.225249],[29.109886,41.225269],[29.110157,41.225414],[29.110302,41.225572],[29.110232,41.225721],[29.110107,41.225778],[29.110087,41.225896],[29.110104,41.226025],[29.110008,41.226095],[29.110203,41.226249],[29.110311,41.226334],[29.11046,41.226367],[29.110493,41.226517],[29.110636,41.226673],[29.110884,41.226789],[29.111114,41.226892],[29.11137,41.226947],[29.111403,41.227041],[29.111382,41.227137],[29.111481,41.227337],[29.111589,41.227482],[29.111758,41.227585],[29.111884,41.227723],[29.112056,41.227806],[29.11223,41.227951],[29.112449,41.228063],[29.112367,41.228223],[29.11249,41.228273],[29.112703,41.228341],[29.112834,41.228378],[29.112837,41.228481],[29.112945,41.22856],[29.113084,41.228617],[29.113216,41.22862],[29.113271,41.228742],[29.113181,41.228795],[29.112939,41.228701],[29.112915,41.228764],[29.113312,41.22892],[29.113338,41.229025],[29.113323,41.229225],[29.113265,41.229292],[29.113338,41.229371],[29.113493,41.229466],[29.113472,41.229507],[29.113504,41.229527],[29.113928,41.229613],[29.113953,41.229637],[29.113964,41.229683],[29.113956,41.229726],[29.113926,41.229757],[29.113876,41.229765],[29.113505,41.229676],[29.1133,41.229676],[29.113199,41.229891],[29.113269,41.229903],[29.113156,41.230329],[29.112355,41.230385],[29.112235,41.230865],[29.112874,41.23096],[29.112848,41.231054],[29.112213,41.230961],[29.11212,41.231336],[29.112102,41.231367],[29.112207,41.231628],[29.11233,41.231866],[29.112481,41.232013],[29.112484,41.232072],[29.112551,41.232118],[29.1132,41.231932],[29.113258,41.23194],[29.113285,41.23194],[29.113318,41.231957],[29.113338,41.23198],[29.113346,41.232003],[29.113344,41.232029],[29.113329,41.23206],[29.113294,41.232089],[29.11326,41.232111],[29.113166,41.23216],[29.113184,41.232202],[29.11306,41.232238],[29.11302,41.23216],[29.112914,41.232194],[29.112954,41.232266],[29.112741,41.232329],[29.112689,41.232402],[29.112661,41.232438],[29.112997,41.233182],[29.113234,41.233122],[29.113385,41.233459],[29.11306,41.233554],[29.113332,41.234073],[29.114097,41.233843],[29.114073,41.233789],[29.115308,41.23344],[29.114472,41.231756],[29.114008,41.231899],[29.11393,41.231881],[29.11388,41.231842],[29.113883,41.231791],[29.113948,41.231699],[29.114355,41.231573],[29.114444,41.23055],[29.11449,41.230546],[29.11465,41.229328],[29.114643,41.229221],[29.114579,41.229041],[29.114528,41.229024],[29.114482,41.228956],[29.11451,41.228865],[29.114577,41.2288],[29.11464,41.228775],[29.114757,41.228755],[29.114841,41.228764],[29.115011,41.228885],[29.115252,41.228971],[29.115247,41.229595],[29.115049,41.230323],[29.114966,41.231085],[29.11492,41.231527],[29.114947,41.231656],[29.115445,41.232668],[29.115953,41.233694],[29.11599,41.233789],[29.116173,41.233813],[29.116257,41.233871],[29.116232,41.233961],[29.116108,41.234027],[29.115979,41.233992],[29.115812,41.234085],[29.115708,41.234172],[29.115561,41.23419],[29.115405,41.234242],[29.115333,41.234199],[29.115285,41.23412],[29.115093,41.234136],[29.114868,41.234127],[29.114802,41.234115],[29.114353,41.234252],[29.114032,41.234334],[29.113714,41.234407],[29.113316,41.234503],[29.113172,41.234603],[29.112951,41.234757],[29.113007,41.234821],[29.113141,41.234838],[29.113228,41.234731],[29.113394,41.234834],[29.113128,41.234983],[29.112943,41.23512],[29.112717,41.235252],[29.112411,41.235291],[29.112188,41.235298],[29.112118,41.235256],[29.111779,41.23518],[29.111594,41.235109],[29.111664,41.234985],[29.111593,41.234871],[29.111145,41.234912],[29.110918,41.234963],[29.110961,41.235051],[29.110513,41.23504],[29.110458,41.23503],[29.110436,41.235146],[29.109799,41.235213],[29.109542,41.235196],[29.109373,41.235275],[29.109173,41.23537],[29.109028,41.235466],[29.108997,41.235591],[29.109071,41.235694],[29.109217,41.235765],[29.109485,41.23586],[29.109406,41.235934],[29.109452,41.236108],[29.109505,41.236296],[29.109747,41.236301],[29.110008,41.236415],[29.109951,41.236507],[29.109954,41.236601],[29.110231,41.236588],[29.110418,41.236653],[29.110952,41.236823],[29.111102,41.236989],[29.111327,41.237117],[29.111863,41.23735],[29.111913,41.237491],[29.111994,41.237539],[29.112099,41.237532],[29.112236,41.237581],[29.112181,41.237773],[29.111844,41.238064],[29.111632,41.238191],[29.111382,41.238276],[29.111185,41.238355],[29.111012,41.238347],[29.11075,41.238257],[29.11038,41.238289],[29.10973,41.238444],[29.10914,41.238332],[29.10863,41.238109],[29.108384,41.238044],[29.108306,41.237945],[29.108164,41.237923],[29.107974,41.237833],[29.107955,41.237699],[29.107643,41.237729],[29.10722,41.237645],[29.107077,41.237518],[29.107151,41.237367],[29.107035,41.237263],[29.106722,41.237307],[29.106541,41.237306],[29.106444,41.237268],[29.106407,41.237167],[29.106259,41.237094],[29.106026,41.23708],[29.105956,41.23709],[29.105927,41.237171],[29.105975,41.237263],[29.106021,41.237407],[29.105967,41.237552],[29.105842,41.237552],[29.10553,41.237667],[29.105524,41.237816],[29.105715,41.237901],[29.105774,41.238],[29.105953,41.237984],[29.106215,41.238209],[29.106656,41.238405],[29.106753,41.238601],[29.106748,41.238684],[29.106793,41.238754],[29.106871,41.238897],[29.106882,41.23903],[29.106898,41.239107],[29.106962,41.239226],[29.106978,41.239367],[29.107021,41.239488],[29.107021,41.239666],[29.106844,41.239779],[29.106506,41.239684],[29.106234,41.239412],[29.106098,41.239476],[29.105796,41.239392],[29.105404,41.238932],[29.105237,41.238796],[29.105074,41.238742],[29.105018,41.238794],[29.105226,41.239021],[29.104906,41.239071],[29.104827,41.239184],[29.10495,41.239284],[29.10487,41.2395],[29.105134,41.23972],[29.105387,41.239793],[29.105394,41.23991],[29.105444,41.240132],[29.105247,41.240421],[29.105004,41.240404],[29.104857,41.240372],[29.104607,41.240364],[29.104238,41.2404],[29.103974,41.240287],[29.103239,41.2404],[29.102629,41.240656],[29.102583,41.24088],[29.103094,41.240973],[29.103347,41.241076],[29.103312,41.241227],[29.102925,41.241324],[29.102064,41.241281],[29.101411,41.241113],[29.101176,41.241152],[29.10135,41.241394],[29.101466,41.241722],[29.101401,41.24178],[29.101204,41.241405],[29.100973,41.241182],[29.100915,41.241294],[29.101074,41.24181],[29.100974,41.242052],[29.100363,41.242041],[29.100194,41.241651],[29.100063,41.241424],[29.099586,41.241247],[29.099114,41.241061],[29.09925,41.240925],[29.098949,41.240788],[29.098754,41.240565],[29.098804,41.2404],[29.098611,41.240126],[29.098486,41.240057],[29.098274,41.240077],[29.098019,41.240101],[29.097721,41.240191],[29.097624,41.2403],[29.097506,41.240376],[29.097447,41.240614],[29.097462,41.240747],[29.097633,41.24088],[29.097472,41.241126],[29.097746,41.241291],[29.097957,41.241292],[29.098068,41.241501],[29.098422,41.24165],[29.098577,41.2418],[29.098449,41.241961],[29.098552,41.242038],[29.098461,41.24226],[29.098068,41.242635],[29.09782,41.242693],[29.097283,41.242586],[29.097227,41.24268],[29.097528,41.242694],[29.09782,41.242807],[29.097794,41.242978],[29.097302,41.24326],[29.097234,41.243538],[29.096853,41.243554],[29.096729,41.243639],[29.096638,41.243647],[29.096381,41.243427],[29.096316,41.243401],[29.096097,41.243356],[29.096459,41.243918],[29.095812,41.244561],[29.095606,41.244748],[29.095383,41.244918],[29.095182,41.244994],[29.094787,41.245047],[29.094648,41.245095],[29.094447,41.2452],[29.093876,41.245289],[29.093304,41.245278],[29.092897,41.24524],[29.092657,41.2447],[29.09267,41.244667],[29.092698,41.244647],[29.093086,41.244614],[29.093089,41.244527],[29.092933,41.244515],[29.092641,41.244306],[29.092558,41.244185],[29.092473,41.24412],[29.092325,41.243961],[29.09224,41.243824],[29.092214,41.243708],[29.092214,41.243632],[29.092209,41.243592],[29.092154,41.243519],[29.091887,41.243551],[29.091759,41.24357],[29.091628,41.243601],[29.091498,41.243657],[29.09138,41.243731],[29.091338,41.243769],[29.091307,41.243811],[29.091296,41.243865],[29.091304,41.243921],[29.091375,41.243986],[29.091548,41.243992],[29.091546,41.244031],[29.091481,41.244029],[29.091324,41.244308],[29.091408,41.244315],[29.091394,41.244408],[29.091251,41.244396],[29.091272,41.244492],[29.09149,41.244632],[29.091835,41.244674],[29.092005,41.244695],[29.092082,41.244704],[29.092122,41.244715],[29.092149,41.244735],[29.092161,41.244764],[29.092159,41.244796],[29.092142,41.244826],[29.092121,41.244852],[29.092088,41.244869],[29.092046,41.244878],[29.0917,41.244898],[29.091769,41.245049],[29.091817,41.245241],[29.091738,41.245307],[29.091732,41.245354],[29.091767,41.245444],[29.091754,41.245585],[29.091738,41.245789],[29.091762,41.245851],[29.091873,41.245994],[29.091674,41.246354],[29.091625,41.246404],[29.091647,41.246436],[29.091613,41.246503],[29.09151,41.246589],[29.091518,41.246735],[29.091639,41.246816],[29.091564,41.246929],[29.091506,41.24702],[29.091504,41.247102],[29.091327,41.247203],[29.091287,41.247263],[29.09118,41.247305],[29.091027,41.247408],[29.090982,41.247418],[29.090917,41.24738],[29.090806,41.247433],[29.090488,41.247475],[29.090403,41.247444],[29.090306,41.247464],[29.090363,41.247518],[29.090359,41.247624],[29.090177,41.247717],[29.089968,41.247773],[29.089791,41.247852],[29.089313,41.247915],[29.089093,41.247892],[29.088929,41.247707],[29.088929,41.247531],[29.088884,41.247419],[29.088662,41.247428],[29.088561,41.247365],[29.088607,41.247191],[29.088389,41.247088],[29.088187,41.247015],[29.088063,41.246904],[29.088099,41.246816],[29.087633,41.246449],[29.087456,41.246448],[29.087001,41.246464],[29.086851,41.246427],[29.086568,41.246451],[29.086552,41.24651],[29.086444,41.246552],[29.086276,41.246518],[29.086073,41.246295],[29.086138,41.246236],[29.085988,41.246172],[29.085809,41.246052],[29.085738,41.245891],[29.085608,41.245715],[29.085386,41.245572],[29.08534,41.245533],[29.085164,41.245538],[29.085144,41.245616],[29.085128,41.24568],[29.085005,41.245624],[29.08494,41.24556],[29.084695,41.245597],[29.084497,41.245705],[29.08437,41.245812],[29.084288,41.245932],[29.084275,41.24618],[29.084223,41.24629],[29.084249,41.246383],[29.084292,41.24651],[29.084428,41.24654],[29.084441,41.246596],[29.084516,41.246574],[29.084614,41.246625],[29.084526,41.246691],[29.0845,41.246784],[29.084503,41.24687],[29.084608,41.246907],[29.084523,41.247012],[29.084686,41.247069],[29.084803,41.247076],[29.084891,41.24711],[29.084835,41.247162],[29.084741,41.247169],[29.084699,41.247274],[29.084822,41.247287],[29.08485,41.247426],[29.084747,41.247495],[29.084536,41.247458],[29.084428,41.247482],[29.084314,41.247661],[29.084223,41.247727],[29.084197,41.24783],[29.084177,41.247965],[29.083963,41.248148],[29.084024,41.248338],[29.084053,41.248415],[29.083972,41.248523],[29.083894,41.248592],[29.083924,41.248648],[29.083735,41.248702],[29.08364,41.248785],[29.083718,41.248856],[29.083731,41.248952],[29.08378,41.249035],[29.08352,41.249118],[29.083241,41.249219],[29.083128,41.249294],[29.083077,41.249425],[29.083225,41.249419],[29.083617,41.249544],[29.084161,41.249507],[29.084483,41.249792],[29.08448,41.249929],[29.084338,41.249957],[29.084238,41.249945],[29.08415,41.249917],[29.084016,41.249937],[29.083702,41.249968],[29.083302,41.249965],[29.083288,41.249889],[29.083142,41.249877],[29.083038,41.249943],[29.082643,41.249921],[29.0825,41.249823],[29.082419,41.249755],[29.082347,41.249681],[29.082412,41.249618],[29.082484,41.249547],[29.08239,41.249402],[29.082292,41.249378],[29.082171,41.24927],[29.08191,41.24916],[29.081658,41.249263],[29.081342,41.249247],[29.081178,41.249191],[29.080798,41.249252],[29.080306,41.248892],[29.080089,41.248778],[29.079922,41.248764],[29.079692,41.248828],[29.079515,41.249046],[29.079193,41.249482],[29.079212,41.249651],[29.079158,41.249731],[29.07904,41.250133],[29.079085,41.250397],[29.07915,41.250494],[29.079223,41.250548],[29.079335,41.250558],[29.079573,41.250567],[29.079761,41.250901],[29.079799,41.250994],[29.079883,41.25107],[29.080001,41.251236],[29.080086,41.251413],[29.080204,41.251711],[29.079917,41.25176],[29.079655,41.25172],[29.079673,41.251867],[29.0797,41.251948],[29.079799,41.252032],[29.079901,41.252111],[29.079469,41.252147],[29.079258,41.252089],[29.079056,41.2522],[29.07908,41.252315],[29.079113,41.252421],[29.079134,41.252555],[29.079274,41.252609],[29.079343,41.252788],[29.079091,41.252817],[29.078944,41.252797],[29.078684,41.252952],[29.078684,41.252984],[29.078729,41.253065],[29.078508,41.253215],[29.078405,41.253351],[29.078456,41.253403],[29.078533,41.253555],[29.078388,41.253643],[29.078343,41.25369],[29.078391,41.25376],[29.078228,41.253912],[29.078153,41.253936],[29.077994,41.2539],[29.077833,41.253813],[29.077699,41.253704],[29.077487,41.253608],[29.077314,41.253482],[29.077126,41.253515],[29.076867,41.25337],[29.07683,41.253256],[29.076649,41.253185],[29.076457,41.253002],[29.076463,41.252919],[29.076487,41.252786],[29.076369,41.252641],[29.076173,41.25253],[29.076101,41.25243],[29.07613,41.252248],[29.076176,41.252155],[29.076138,41.252048],[29.076152,41.251923],[29.076279,41.251834],[29.075999,41.251447],[29.075991,41.251314],[29.07587,41.25122],[29.075835,41.251109],[29.075766,41.250941],[29.075848,41.250774],[29.075735,41.250735],[29.075631,41.250772],[29.075395,41.250694],[29.075329,41.250611],[29.075159,41.250611],[29.075207,41.25039],[29.075185,41.250294],[29.075322,41.250257],[29.07539,41.250186],[29.075632,41.250227],[29.075576,41.249986],[29.075534,41.24994],[29.075426,41.249837],[29.075372,41.249686],[29.075298,41.249657],[29.07523,41.249656],[29.075139,41.249687],[29.075198,41.249731],[29.07527,41.249793],[29.074896,41.249873],[29.074622,41.250013],[29.074423,41.249943],[29.07422,41.249908],[29.074056,41.249822],[29.073809,41.249759],[29.073745,41.249692],[29.073688,41.249583],[29.073623,41.249458],[29.073839,41.249413],[29.073829,41.249292],[29.073574,41.24933],[29.073418,41.249289],[29.07334,41.249181],[29.073245,41.248905],[29.073283,41.24883],[29.073201,41.248797],[29.0731,41.248663],[29.073013,41.248619],[29.072905,41.24851],[29.072821,41.248254],[29.072784,41.248146],[29.072671,41.248038],[29.072596,41.247972],[29.072526,41.247929],[29.072351,41.247894],[29.072042,41.247912],[29.071776,41.247989],[29.07154,41.248097],[29.071264,41.248266],[29.071043,41.248459],[29.071028,41.248696],[29.071061,41.248871],[29.071103,41.248989],[29.071178,41.249097],[29.071165,41.249171],[29.071118,41.249254],[29.071065,41.249354],[29.071072,41.249442],[29.07113,41.24944],[29.071171,41.249495],[29.071231,41.24952],[29.071339,41.249537],[29.071359,41.249568],[29.071165,41.249625],[29.071101,41.249688],[29.071063,41.249749],[29.071041,41.249851],[29.071043,41.249915],[29.071118,41.24993],[29.071191,41.249955],[29.071247,41.25002],[29.071269,41.250166],[29.071377,41.250179],[29.071596,41.250372],[29.071611,41.25045],[29.071801,41.25052],[29.072006,41.250701],[29.072057,41.250875],[29.07215,41.25103],[29.072163,41.251124],[29.07213,41.251191],[29.072216,41.251257],[29.072245,41.251335],[29.072208,41.251402],[29.072247,41.251543],[29.072183,41.251666],[29.071735,41.251898],[29.071393,41.252055],[29.071217,41.252119],[29.070961,41.252242],[29.070897,41.252399],[29.070774,41.252532],[29.070719,41.252713],[29.070377,41.252642],[29.070197,41.252493],[29.069716,41.251929],[29.069337,41.251987],[29.068709,41.252007],[29.068564,41.252057],[29.068548,41.252206],[29.068381,41.252327],[29.068172,41.252379],[29.067974,41.252327],[29.067709,41.252195],[29.067451,41.252252],[29.067389,41.252488],[29.067453,41.252585],[29.06755,41.25269],[29.067733,41.252862],[29.067678,41.253311],[29.067445,41.253551],[29.067163,41.253387],[29.067067,41.253206],[29.06689,41.253081],[29.066675,41.25294],[29.06652,41.252754],[29.066396,41.252617],[29.066488,41.252302],[29.066402,41.252052],[29.066172,41.251878],[29.066037,41.251522],[29.066081,41.251473],[29.066148,41.251469],[29.06617,41.251383],[29.066133,41.251314],[29.066068,41.251275],[29.066043,41.251219],[29.065994,41.251159],[29.065993,41.251118],[29.065858,41.25101],[29.065726,41.250949],[29.065662,41.250951],[29.065571,41.25099],[29.065464,41.250989],[29.065371,41.250952],[29.065358,41.25093],[29.065399,41.250912],[29.065381,41.250882],[29.06535,41.250845],[29.065372,41.25082],[29.065357,41.250789],[29.065132,41.250711],[29.065048,41.250687],[29.064941,41.250689],[29.064563,41.250673],[29.064147,41.250729],[29.063812,41.250849],[29.063545,41.25097],[29.063451,41.251053],[29.0634,41.251149],[29.063379,41.251186],[29.063398,41.251224],[29.063431,41.251298],[29.063353,41.251377],[29.063255,41.251444],[29.063115,41.251483],[29.062978,41.251484],[29.062949,41.251514],[29.062893,41.251521],[29.062845,41.251497],[29.062812,41.251461],[29.062628,41.251471],[29.062467,41.251503],[29.062358,41.251538],[29.062254,41.25161],[29.062196,41.25162],[29.062148,41.251666],[29.062117,41.251718],[29.062115,41.251777],[29.06211,41.251839],[29.062043,41.25189],[29.061941,41.252131],[29.062032,41.25221],[29.062022,41.252313],[29.062011,41.252395],[29.062106,41.252551],[29.061976,41.252706],[29.061976,41.25294],[29.062105,41.253359],[29.062126,41.253653],[29.061912,41.253851],[29.061729,41.253791],[29.061552,41.253771],[29.061552,41.253908],[29.061407,41.254045],[29.060968,41.253984],[29.060731,41.254323],[29.060683,41.254561],[29.060726,41.254763],[29.060696,41.255065],[29.060431,41.255226],[29.060319,41.25521],[29.060016,41.255077],[29.059842,41.254952],[29.059668,41.254826],[29.059122,41.254662],[29.058897,41.254686],[29.058715,41.254771],[29.058473,41.254875],[29.058232,41.254932],[29.057797,41.254916],[29.057148,41.254767],[29.056354,41.254823],[29.056129,41.254686],[29.055936,41.254742],[29.055614,41.254831],[29.055142,41.254916],[29.054909,41.254911],[29.054766,41.254996],[29.054562,41.254875],[29.054418,41.254807],[29.054246,41.254872],[29.054102,41.255157],[29.054204,41.25531],[29.05423,41.255576],[29.053828,41.255733],[29.053335,41.255685],[29.053034,41.255508],[29.052589,41.255528],[29.05246,41.255431],[29.052203,41.255512],[29.051951,41.255346],[29.051795,41.255407],[29.052219,41.255616],[29.052213,41.25573],[29.051666,41.255888],[29.051521,41.255856],[29.051172,41.255872],[29.050802,41.255888],[29.050609,41.255823],[29.050207,41.255883],[29.05003,41.256048],[29.050052,41.256193],[29.050207,41.256302],[29.050502,41.256548],[29.050304,41.256802],[29.049982,41.256649],[29.050089,41.256822],[29.049832,41.256955],[29.049692,41.256875],[29.049515,41.257024],[29.049365,41.256907],[29.049097,41.256976],[29.048737,41.256685],[29.048072,41.256387],[29.047788,41.256552],[29.047466,41.256423],[29.047386,41.256157],[29.047477,41.255992],[29.047434,41.255879],[29.047579,41.25554],[29.04776,41.255184],[29.047525,41.254991],[29.047166,41.254935],[29.046618,41.254983],[29.046323,41.254886],[29.046057,41.254685],[29.045373,41.254568],[29.045199,41.254443],[29.04488,41.25421],[29.044934,41.253915],[29.044846,41.253851],[29.044799,41.25378],[29.044758,41.25378],[29.044717,41.253645],[29.044574,41.253641],[29.044396,41.25363],[29.044199,41.253645],[29.04399,41.253704],[29.043837,41.253763],[29.043705,41.253797],[29.043581,41.253808],[29.043475,41.253781],[29.043234,41.253642],[29.043079,41.253604],[29.042938,41.253621],[29.042751,41.253745],[29.0426,41.25387],[29.042482,41.254193],[29.042493,41.254455],[29.042482,41.254491],[29.042413,41.254535],[29.042073,41.254675],[29.041807,41.254742],[29.041683,41.254842],[29.041792,41.255048],[29.041766,41.255113],[29.04157,41.255241],[29.041466,41.255323],[29.041247,41.255556],[29.041326,41.255712],[29.041414,41.255818],[29.041421,41.255887],[29.041377,41.255963],[29.04193,41.256332],[29.041959,41.25641],[29.041944,41.256462],[29.041902,41.256492],[29.04185,41.256503],[29.0418,41.256478],[29.041602,41.256435],[29.04141,41.256314],[29.041206,41.256262],[29.041018,41.256149],[29.040836,41.256153],[29.040594,41.256076],[29.040278,41.255867],[29.040058,41.255959],[29.03985,41.256077],[29.039846,41.256187],[29.039834,41.256297],[29.039812,41.256366],[29.039766,41.256425],[29.039826,41.256473],[29.039836,41.25651],[29.039712,41.25648],[29.0396,41.256417],[29.039466,41.256417],[29.039425,41.256403],[29.039389,41.256325],[29.039346,41.256303],[29.039071,41.256326],[29.038724,41.256389],[29.038426,41.256503],[29.038352,41.256512],[29.038275,41.256496],[29.038177,41.256555],[29.038135,41.256565],[29.038101,41.256559],[29.038082,41.256538],[29.038078,41.256524],[29.038137,41.256391],[29.038019,41.256286],[29.038148,41.256162],[29.038179,41.256009],[29.038311,41.256014],[29.03846,41.255722],[29.038491,41.255418],[29.038474,41.255269],[29.038364,41.255221],[29.038474,41.255107],[29.03869,41.25507],[29.038718,41.254945],[29.038828,41.254974],[29.038891,41.254759],[29.03887,41.254554],[29.038959,41.254421],[29.038895,41.254258],[29.038969,41.254157],[29.038987,41.254024],[29.038973,41.253875],[29.038846,41.253761],[29.038729,41.253383],[29.038838,41.25305],[29.038902,41.252909],[29.038778,41.252771],[29.038633,41.252633],[29.038502,41.252641],[29.038435,41.25222],[29.038566,41.251933],[29.038378,41.251709],[29.038191,41.251725],[29.037858,41.251459],[29.037621,41.251036],[29.037508,41.250906],[29.037402,41.250746],[29.037372,41.250628],[29.037341,41.250505],[29.037235,41.250343],[29.037148,41.250292],[29.037013,41.250174],[29.036826,41.250098],[29.036605,41.250041],[29.036473,41.250029],[29.036397,41.250062],[29.036302,41.250061],[29.036267,41.250112],[29.036176,41.250055],[29.036068,41.250075],[29.035983,41.250128],[29.035932,41.250181],[29.035779,41.250186],[29.035619,41.250175],[29.035202,41.250062],[29.035103,41.249854],[29.034918,41.249719],[29.034642,41.249603],[29.034535,41.249359],[29.034302,41.249386],[29.033991,41.249508],[29.033914,41.249371],[29.033665,41.249472],[29.033811,41.24933],[29.033855,41.249136],[29.034005,41.24908],[29.034025,41.248821],[29.034116,41.248592],[29.034211,41.248509],[29.034152,41.248331],[29.034155,41.248257],[29.0342,41.248181],[29.034213,41.248131],[29.034238,41.248066],[29.03425,41.247882],[29.034299,41.247789],[29.034361,41.247711],[29.034472,41.247552],[29.034449,41.247352],[29.034369,41.247207],[29.034222,41.246951],[29.033966,41.246725],[29.033657,41.246514],[29.033372,41.246321],[29.033296,41.246268],[29.03314,41.246175],[29.032539,41.246001],[29.031843,41.245918],[29.031394,41.245874],[29.031045,41.245793],[29.030498,41.245684],[29.030197,41.245644],[29.029988,41.245539],[29.029553,41.245478],[29.029025,41.245463],[29.02872,41.245444],[29.028216,41.245359],[29.027961,41.245328],[29.027697,41.245342],[29.027392,41.245353],[29.026979,41.245264],[29.026437,41.245248],[29.026328,41.245236],[29.026295,41.245233],[29.026027,41.245202],[29.025482,41.245192],[29.024911,41.245196],[29.024524,41.245103],[29.024141,41.245067],[29.023778,41.245095],[28.998273,41.177507]]]},"properties":{"hucre_kodu":"BZ-186","ilce":"Sarıyer","alan_km2":51.46,"yogunluk_puani":1,"komsular":["BZ-184","BZ-187","BZ-066","BZ-072","BZ-073"]}},{"type":"Feature","geometry":{"type":"Polygon","coordinates":[[[28.982388,41.171968],[29.017062,41.126025],[29.027038,41.124373],[29.04507,41.127786],[29.057825,41.135029],[29.057624,41.137163],[29.057483,41.137214],[29.057352,41.137268],[29.056907,41.137452],[29.0565,41.137617],[29.056145,41.137746],[29.055689,41.137947],[29.055518,41.138014],[29.055462,41.137958],[29.055256,41.138036],[29.055016,41.138142],[29.054787,41.138205],[29.054506,41.138306],[29.054337,41.138466],[29.054308,41.138497],[29.054229,41.138584],[29.0542,41.138707],[29.054188,41.138799],[29.054222,41.138884],[29.054263,41.13893],[29.054335,41.13901],[29.054393,41.139042],[29.054536,41.139121],[29.05462,41.139107],[29.054868,41.139159],[29.055188,41.139153],[29.055611,41.139166],[29.055891,41.139161],[29.056148,41.139133],[29.056731,41.139061],[29.056885,41.139061],[29.057103,41.139071],[29.057102,41.139035],[29.057368,41.139043],[29.057444,41.139067],[29.057285,41.14076],[29.057244,41.140822],[29.056989,41.141195],[29.056745,41.141559],[29.056574,41.141827],[29.056655,41.141857],[29.056565,41.141977],[29.056438,41.142152],[29.056348,41.142225],[29.056185,41.142319],[29.056029,41.142356],[29.055884,41.142407],[29.055727,41.142519],[29.055617,41.142587],[29.055556,41.142668],[29.055551,41.142717],[29.055551,41.142809],[29.055589,41.143043],[29.055673,41.143288],[29.055709,41.143485],[29.055691,41.143736],[29.055627,41.143872],[29.055584,41.143918],[29.055498,41.14403],[29.055353,41.144113],[29.054417,41.144843],[29.053748,41.14569],[29.053053,41.146355],[29.052572,41.146776],[29.0524,41.146957],[29.051739,41.14728],[29.051551,41.147254],[29.05083,41.147609],[29.050793,41.147689],[29.050753,41.147797],[29.050474,41.147996],[29.050421,41.148019],[29.049491,41.1482],[29.049373,41.148215],[29.049382,41.148305],[29.049001,41.148378],[29.048689,41.148435],[29.048392,41.148488],[29.048352,41.148404],[29.047207,41.14863],[29.046443,41.148757],[29.046467,41.148813],[29.045876,41.148947],[29.045855,41.148939],[29.045369,41.149192],[29.045523,41.149373],[29.044861,41.149802],[29.044571,41.149768],[29.044581,41.149749],[29.044811,41.149772],[29.044908,41.149729],[29.045295,41.149474],[29.045469,41.149367],[29.045357,41.149262],[29.04532,41.149273],[29.045295,41.149234],[29.044565,41.149665],[29.044593,41.14969],[29.044569,41.149706],[29.04452,41.149686],[29.044134,41.149976],[29.043768,41.15026],[29.043605,41.150435],[29.043419,41.150646],[29.043341,41.150731],[29.043166,41.150951],[29.042859,41.151292],[29.04271,41.151456],[29.042549,41.151648],[29.042437,41.15177],[29.042228,41.152013],[29.041969,41.152327],[29.041698,41.152632],[29.041587,41.152756],[29.04142,41.152921],[29.041283,41.152964],[29.04097,41.153045],[29.040351,41.153183],[29.039821,41.15332],[29.03972,41.153342],[29.038942,41.153474],[29.03841,41.153648],[29.038157,41.153734],[29.03791,41.153969],[29.037701,41.154139],[29.037466,41.154305],[29.036974,41.154659],[29.03682,41.154653],[29.036667,41.154804],[29.036735,41.154922],[29.036568,41.155214],[29.036617,41.155223],[29.036556,41.155423],[29.038222,41.155724],[29.038187,41.15581],[29.036593,41.15552],[29.03651,41.155813],[29.036432,41.155802],[29.036462,41.155713],[29.036338,41.155696],[29.036333,41.155738],[29.036165,41.155718],[29.036172,41.155935],[29.036288,41.156231],[29.036396,41.156216],[29.036359,41.155946],[29.036466,41.155915],[29.036531,41.156333],[29.036319,41.15637],[29.036359,41.156612],[29.036391,41.156737],[29.036446,41.156859],[29.036549,41.156972],[29.036576,41.156973],[29.036859,41.157174],[29.03719,41.157394],[29.037573,41.157656],[29.037849,41.157846],[29.03833,41.158088],[29.03859,41.158196],[29.038886,41.158299],[29.038895,41.158257],[29.038874,41.158252],[29.03894,41.157884],[29.039074,41.157897],[29.038996,41.158276],[29.038984,41.15833],[29.040394,41.15871],[29.041964,41.159137],[29.042784,41.159359],[29.043019,41.159434],[29.043503,41.159618],[29.043983,41.159837],[29.044093,41.159658],[29.043917,41.159581],[29.043939,41.159536],[29.044183,41.159638],[29.044037,41.159861],[29.044658,41.160139],[29.045586,41.160553],[29.046073,41.16077],[29.046166,41.16066],[29.046383,41.160759],[29.046297,41.16087],[29.046719,41.161062],[29.046913,41.161176],[29.047088,41.161306],[29.04737,41.161571],[29.047521,41.161776],[29.047766,41.162169],[29.047995,41.162447],[29.048384,41.162809],[29.048604,41.16297],[29.048887,41.163144],[29.048976,41.163023],[29.0492,41.163112],[29.049337,41.163184],[29.049472,41.163289],[29.049567,41.163325],[29.049589,41.163312],[29.049656,41.163327],[29.049604,41.163454],[29.049834,41.163521],[29.050143,41.163509],[29.05056,41.163679],[29.050645,41.163789],[29.050838,41.163946],[29.050979,41.164097],[29.051046,41.164155],[29.051166,41.164284],[29.051471,41.16459],[29.0516,41.164679],[29.051774,41.164755],[29.052225,41.164868],[29.053078,41.165022],[29.053949,41.165125],[29.054978,41.165211],[29.053413,41.181805],[28.998273,41.177507],[28.982388,41.171968]]]},"properties":{"hucre_kodu":"BZ-187","ilce":"Sarıyer","alan_km2":25.99,"yogunluk_puani":30,"komsular":["BZ-185","BZ-188","BZ-189","BZ-066","BZ-186","BZ-184","BZ-183"]}},{"type":"Feature","geometry":{"type":"Polygon","coordinates":[[[29.027038,41.124373],[29.043625,41.080418],[29.04507,41.080271],[29.04507,41.127786],[29.027038,41.124373]]]},"properties":{"hucre_kodu":"BZ-188","ilce":"Sarıyer","alan_km2":4.29,"yogunluk_puani":5,"komsular":["BZ-187","BZ-185","BZ-064","BZ-189"]}},{"type":"Feature","geometry":{"type":"MultiPolygon","coordinates":[[[[29.04507,41.080271],[29.048428,41.079244],[29.048652,41.079295],[29.048635,41.079343],[29.049075,41.079453],[29.04927,41.079499],[29.049796,41.079619],[29.050021,41.079669],[29.050383,41.079755],[29.050677,41.079839],[29.050926,41.079906],[29.051024,41.079923],[29.051206,41.079937],[29.051405,41.079941],[29.05708,41.08746],[29.05695,41.087959],[29.056929,41.088029],[29.057033,41.088054],[29.057049,41.08824],[29.056915,41.088263],[29.056925,41.088295],[29.056984,41.088284],[29.057096,41.088577],[29.057142,41.088603],[29.057171,41.08867],[29.057162,41.089031],[29.057106,41.089034],[29.0571,41.089148],[29.057055,41.089252],[29.057009,41.089447],[29.057036,41.089459],[29.056935,41.089796],[29.056911,41.089884],[29.056919,41.089953],[29.056942,41.089947],[29.057015,41.090211],[29.057102,41.090318],[29.057016,41.090339],[29.056987,41.09063],[29.056954,41.0908],[29.056894,41.091076],[29.056863,41.09122],[29.056838,41.091235],[29.056644,41.091549],[29.05581,41.092171],[29.055492,41.09243],[29.054771,41.0934],[29.054557,41.093685],[29.05447,41.093953],[29.05435,41.094095],[29.054289,41.094357],[29.054005,41.094848],[29.054126,41.09534],[29.054126,41.095942],[29.054117,41.096931],[29.054529,41.09708],[29.05455,41.097299],[29.054641,41.097481],[29.054589,41.097701],[29.054512,41.097805],[29.054512,41.097934],[29.054263,41.097973],[29.054231,41.098043],[29.054221,41.098062],[29.054209,41.098084],[29.054044,41.098144],[29.053534,41.098929],[29.053814,41.099062],[29.053836,41.099038],[29.054007,41.099123],[29.054271,41.099268],[29.054466,41.09939],[29.054563,41.099539],[29.054666,41.099722],[29.054712,41.099708],[29.055045,41.100335],[29.054994,41.10035],[29.055044,41.100443],[29.055123,41.100627],[29.055205,41.101004],[29.055212,41.101297],[29.055184,41.101739],[29.05543,41.101962],[29.055663,41.102159],[29.055726,41.102149],[29.05597,41.102723],[29.055909,41.10274],[29.056073,41.102954],[29.056209,41.102918],[29.056295,41.103063],[29.056197,41.103093],[29.056343,41.103279],[29.056582,41.103573],[29.056652,41.103558],[29.056753,41.103808],[29.056814,41.10407],[29.056762,41.104079],[29.056787,41.104458],[29.056896,41.104811],[29.057222,41.105254],[29.057286,41.105242],[29.057391,41.10555],[29.057488,41.105891],[29.057434,41.105896],[29.057621,41.106544],[29.057818,41.106956],[29.05787,41.10694],[29.058114,41.107345],[29.058073,41.107359],[29.058285,41.107735],[29.058326,41.107705],[29.05879,41.107935],[29.059067,41.108134],[29.059022,41.10817],[29.059236,41.108736],[29.059358,41.109323],[29.059172,41.109573],[29.058521,41.110308],[29.058579,41.110469],[29.058539,41.111251],[29.058487,41.111615],[29.058439,41.112001],[29.05853,41.112029],[29.058471,41.112684],[29.057955,41.113056],[29.057522,41.113363],[29.057691,41.113494],[29.057446,41.113634],[29.057285,41.113519],[29.057217,41.113566],[29.056524,41.113571],[29.056223,41.113487],[29.055414,41.11323],[29.055186,41.113293],[29.055065,41.113329],[29.054972,41.113372],[29.054769,41.113456],[29.054631,41.113516],[29.054394,41.113527],[29.054351,41.113772],[29.054423,41.113881],[29.054518,41.114074],[29.05457,41.114163],[29.054624,41.114196],[29.054636,41.114196],[29.054734,41.114242],[29.054862,41.114303],[29.055072,41.114374],[29.055295,41.114453],[29.055452,41.114513],[29.055732,41.114615],[29.055855,41.114665],[29.055842,41.114689],[29.056339,41.114851],[29.056487,41.114881],[29.056686,41.114919],[29.056842,41.114945],[29.057157,41.114943],[29.057405,41.114915],[29.057661,41.114848],[29.057849,41.114764],[29.057849,41.114747],[29.057973,41.11464],[29.057952,41.114607],[29.057981,41.114591],[29.058343,41.114421],[29.058619,41.114287],[29.058863,41.114193],[29.058873,41.114204],[29.059376,41.11397],[29.05945,41.114042],[29.060903,41.113393],[29.061052,41.113217],[29.061149,41.113263],[29.061168,41.113251],[29.061231,41.113254],[29.061319,41.113145],[29.061424,41.11315],[29.061695,41.113158],[29.061702,41.113122],[29.061759,41.113125],[29.061747,41.113165],[29.061806,41.113201],[29.061849,41.113224],[29.061919,41.113272],[29.062159,41.113521],[29.062173,41.113516],[29.062228,41.11358],[29.062253,41.113583],[29.062278,41.11361],[29.062272,41.113642],[29.062366,41.113779],[29.062584,41.114064],[29.062619,41.114091],[29.062775,41.114275],[29.062857,41.114355],[29.063014,41.114513],[29.062971,41.11454],[29.063081,41.114645],[29.063138,41.114694],[29.063217,41.114717],[29.063382,41.114858],[29.063441,41.114911],[29.063639,41.115339],[29.063752,41.115528],[29.063911,41.115801],[29.063949,41.11587],[29.064104,41.116164],[29.064158,41.116229],[29.064195,41.11627],[29.064264,41.116317],[29.06429,41.116359],[29.064333,41.116406],[29.06437,41.116437],[29.064374,41.116537],[29.0645,41.116648],[29.064466,41.116672],[29.064539,41.116716],[29.064583,41.116681],[29.064653,41.116707],[29.064646,41.116722],[29.064685,41.116735],[29.064732,41.116682],[29.064848,41.116742],[29.065035,41.116843],[29.065143,41.116904],[29.065234,41.116951],[29.065276,41.116974],[29.065298,41.116987],[29.065425,41.11707],[29.065451,41.117091],[29.065498,41.117094],[29.065538,41.117101],[29.065539,41.117141],[29.065934,41.117346],[29.065994,41.117274],[29.066054,41.117303],[29.066037,41.117326],[29.066025,41.11735],[29.066189,41.11745],[29.066317,41.117504],[29.066263,41.117555],[29.066329,41.1176],[29.066333,41.117613],[29.066372,41.117624],[29.06638,41.1176],[29.066421,41.117611],[29.066414,41.117636],[29.066585,41.117686],[29.066589,41.117709],[29.066764,41.117747],[29.066746,41.117791],[29.06687,41.117822],[29.066953,41.117845],[29.066937,41.117873],[29.06698,41.117887],[29.067005,41.117839],[29.067154,41.117892],[29.067112,41.117941],[29.067192,41.117978],[29.067205,41.117964],[29.067381,41.118054],[29.067366,41.11807],[29.067534,41.118172],[29.067591,41.118137],[29.067663,41.118208],[29.067692,41.118194],[29.067733,41.118236],[29.067753,41.118228],[29.067936,41.118387],[29.068161,41.118548],[29.068235,41.118566],[29.068252,41.118569],[29.068601,41.118797],[29.068776,41.11891],[29.068829,41.118937],[29.068842,41.118933],[29.068944,41.119029],[29.069033,41.119118],[29.069062,41.119149],[29.069075,41.119141],[29.069119,41.119182],[29.069112,41.119187],[29.069272,41.119315],[29.069556,41.119584],[29.069575,41.119571],[29.069709,41.119685],[29.069789,41.119646],[29.070072,41.120017],[29.070092,41.12001],[29.070262,41.120232],[29.070327,41.120209],[29.070454,41.120402],[29.070393,41.120429],[29.070605,41.120766],[29.070718,41.120973],[29.070779,41.121209],[29.070931,41.121595],[29.071098,41.121565],[29.071195,41.121713],[29.070804,41.121859],[29.070905,41.12198],[29.070965,41.121963],[29.071088,41.122135],[29.071126,41.12218],[29.071223,41.12213],[29.071307,41.12223],[29.0714,41.122198],[29.071496,41.122335],[29.071479,41.122347],[29.071542,41.122463],[29.071579,41.122461],[29.071732,41.122872],[29.07183,41.123242],[29.071884,41.123281],[29.071895,41.123377],[29.057825,41.135029],[29.04507,41.127786],[29.04507,41.080271]]],[[[29.064373,41.097768],[29.064428,41.097493],[29.06452,41.097319],[29.067821,41.101692],[29.068473,41.104282],[29.068141,41.104042],[29.068103,41.10405],[29.067699,41.103725],[29.067704,41.103707],[29.067429,41.103477],[29.067401,41.103526],[29.067324,41.103466],[29.067352,41.103437],[29.066981,41.103172],[29.066959,41.103191],[29.066913,41.103217],[29.066879,41.103237],[29.066174,41.102745],[29.066081,41.102507],[29.065862,41.101854],[29.065982,41.101329],[29.065934,41.101054],[29.065468,41.100295],[29.065461,41.100287],[29.065377,41.100154],[29.065366,41.100137],[29.065299,41.100065],[29.065288,41.099856],[29.065092,41.099176],[29.064569,41.0981],[29.064519,41.098112],[29.064418,41.097895],[29.064373,41.097768]]]]},"properties":{"hucre_kodu":"BZ-189","ilce":"Sarıyer","alan_km2":7.24,"yogunluk_puani":3,"komsular":["BZ-187","BZ-188","BZ-064","BZ-065","BZ-067","BZ-066"]}},{"type":"Feature","geometry":{"type":"MultiPolygon","coordinates":[[[[29.390785,41.165976],[29.394807,41.118015],[29.492747,40.988243],[29.49828,40.984082],[29.499066,40.984853],[29.499246,40.985349],[29.500104,40.986151],[29.500811,40.986767],[29.50152,40.986985],[29.502411,40.987066],[29.503276,40.986889],[29.50476,40.987009],[29.505901,40.987868],[29.506327,40.989212],[29.506316,40.989479],[29.505978,40.991329],[29.505683,40.992719],[29.505479,40.993561],[29.505428,40.994444],[29.50563,40.994589],[29.506488,40.995043],[29.506702,40.995245],[29.506598,40.995624],[29.506456,40.99612],[29.505823,40.996759],[29.505357,40.997642],[29.505801,40.99845],[29.506252,40.999423],[29.505456,41.000198],[29.502582,41.000453],[29.501746,41.000954],[29.500898,41.001707],[29.499932,41.002654],[29.499471,41.003707],[29.498591,41.003771],[29.497969,41.004257],[29.497439,41.004346],[29.49315,41.008173],[29.492841,41.009083],[29.492819,41.0099],[29.493621,41.011962],[29.493667,41.01237],[29.494032,41.012718],[29.49416,41.013025],[29.494815,41.013673],[29.495051,41.014126],[29.49548,41.014701],[29.496446,41.015268],[29.497873,41.015762],[29.498355,41.016401],[29.499053,41.017024],[29.499676,41.017673],[29.499761,41.018044],[29.499514,41.018781],[29.499772,41.019048],[29.49945,41.019396],[29.499267,41.01972],[29.499181,41.020049],[29.499868,41.021217],[29.500523,41.021768],[29.500812,41.022067],[29.500804,41.022518],[29.500259,41.02399],[29.500201,41.024415],[29.500464,41.025446],[29.500102,41.026403],[29.500588,41.028184],[29.501854,41.031992],[29.502849,41.032064],[29.503991,41.032805],[29.505329,41.033658],[29.506917,41.035276],[29.507925,41.036231],[29.508097,41.03683],[29.507986,41.037489],[29.507967,41.040152],[29.508637,41.041655],[29.509868,41.041688],[29.511533,41.040056],[29.512705,41.042296],[29.517541,41.044047],[29.520897,41.041578],[29.522465,41.042129],[29.523546,41.040774],[29.523121,41.039979],[29.52483,41.037559],[29.527218,41.036228],[29.525742,41.034265],[29.527086,41.033789],[29.527069,41.032229],[29.528199,41.031664],[29.530487,41.031921],[29.530313,41.033408],[29.531996,41.03411],[29.535161,41.033816],[29.537305,41.033145],[29.536773,41.035463],[29.538613,41.03682],[29.54248,41.037032],[29.543567,41.035539],[29.544448,41.035444],[29.545485,41.037078],[29.546779,41.03703],[29.55079,41.035398],[29.551815,41.03592],[29.552848,41.038308],[29.55349,41.038893],[29.556786,41.038236],[29.558057,41.039234],[29.559192,41.03877],[29.561413,41.037861],[29.5636,41.036227],[29.566584,41.034576],[29.570515,41.033191],[29.571636,41.033521],[29.5735,41.03275],[29.574359,41.033783],[29.574309,41.034244],[29.573813,41.034714],[29.574519,41.03533],[29.574849,41.034429],[29.576283,41.034373],[29.577998,41.032563],[29.579066,41.032587],[29.579938,41.032095],[29.586687,41.031703],[29.588843,41.031371],[29.58979,41.030783],[29.592355,41.030299],[29.5936,41.028816],[29.594726,41.029122],[29.597331,41.028896],[29.598658,41.027534],[29.600263,41.026565],[29.600193,41.026106],[29.599764,41.025694],[29.599142,41.025548],[29.59881,41.025257],[29.598627,41.024658],[29.598799,41.02401],[29.598722,41.023552],[29.598412,41.022828],[29.598177,41.021954],[29.59749,41.021193],[29.597189,41.020513],[29.597533,41.020076],[29.597576,41.019558],[29.598112,41.019377],[29.598992,41.018878],[29.599722,41.017987],[29.600193,41.016935],[29.600558,41.015802],[29.601124,41.013904],[29.601138,41.013398],[29.601438,41.013001],[29.601857,41.012475],[29.601063,41.011989],[29.60132,41.011431],[29.601302,41.010938],[29.600827,41.01092],[29.600279,41.010856],[29.600129,41.010443],[29.600387,41.010119],[29.600236,41.008888],[29.600816,41.0085],[29.600966,41.008046],[29.60102,41.007633],[29.60059,41.006103],[29.600108,41.00463],[29.599378,41.003901],[29.598927,41.003367],[29.600157,41.003506],[29.602017,41.005099],[29.603423,41.007005],[29.605375,41.005493],[29.609092,41.007402],[29.609964,41.006576],[29.565664,41.106362],[29.483673,41.189931],[29.483426,41.18999],[29.482838,41.190148],[29.481403,41.190419],[29.481423,41.190932],[29.480748,41.191074],[29.47973,41.191096],[29.477712,41.191653],[29.477382,41.191917],[29.475694,41.19221],[29.471648,41.193067],[29.471318,41.19333],[29.46996,41.19336],[29.46963,41.193623],[29.468282,41.193909],[29.467612,41.19418],[29.465924,41.194473],[29.465594,41.194737],[29.464925,41.195008],[29.463571,41.195166],[29.462946,41.195573],[29.462237,41.195835],[29.461907,41.196099],[29.461237,41.19637],[29.459889,41.196656],[29.459723,41.196788],[29.45938,41.197013],[29.458972,41.19711],[29.457871,41.197212],[29.457201,41.197483],[29.455852,41.197769],[29.454843,41.198047],[29.452126,41.198105],[29.450305,41.198136],[29.448083,41.198174],[29.445354,41.198762],[29.444005,41.199048],[29.442752,41.199263],[29.44145,41.199596],[29.440634,41.199761],[29.439628,41.200167],[29.439298,41.200431],[29.437949,41.200716],[29.43728,41.200987],[29.436271,41.201265],[29.435347,41.20146],[29.434922,41.20155],[29.434252,41.201821],[29.433582,41.202092],[29.432573,41.20237],[29.431903,41.202641],[29.431563,41.202648],[29.430884,41.202662],[29.430215,41.202933],[29.428866,41.203218],[29.428196,41.203489],[29.427526,41.20376],[29.426177,41.204045],[29.426011,41.204177],[29.425847,41.204309],[29.424838,41.204587],[29.424672,41.204719],[29.424507,41.20485],[29.424168,41.204858],[29.422809,41.204886],[29.422644,41.205018],[29.422479,41.20515],[29.4218,41.205164],[29.42146,41.205171],[29.420451,41.205449],[29.420285,41.205582],[29.420121,41.205713],[29.419781,41.20572],[29.419441,41.205727],[29.418432,41.206005],[29.417762,41.206276],[29.416413,41.206561],[29.415064,41.206846],[29.414394,41.207117],[29.413724,41.207387],[29.412375,41.207672],[29.411366,41.20795],[29.4112,41.208083],[29.411035,41.208214],[29.41087,41.208346],[29.410705,41.208477],[29.410539,41.20861],[29.410375,41.208741],[29.409365,41.209019],[29.408695,41.20929],[29.406997,41.209325],[29.406318,41.209339],[29.405978,41.209346],[29.403967,41.209278],[29.403326,41.209447],[29.402527,41.209629],[29.401921,41.209945],[29.401581,41.209952],[29.400772,41.210082],[29.390785,41.165976]]],[[[29.604871,40.986151],[29.604893,40.984563],[29.605,40.983948],[29.605923,40.9827],[29.606931,40.981259],[29.607789,40.980773],[29.608841,40.980595],[29.610043,40.980206],[29.610922,40.979979],[29.612253,40.980368],[29.613111,40.980805],[29.613648,40.981228],[29.613862,40.980627],[29.614323,40.979987],[29.614956,40.980052],[29.615815,40.97959],[29.616651,40.979299],[29.617349,40.979169],[29.617998,40.978861],[29.61847,40.978651],[29.618551,40.978541],[29.619095,40.978296],[29.619256,40.978317],[29.619656,40.978157],[29.61972,40.978039],[29.620004,40.977849],[29.620189,40.97777],[29.620235,40.977658],[29.619999,40.977581],[29.620037,40.977432],[29.620305,40.977164],[29.620508,40.976946],[29.62053,40.976768],[29.6206,40.976537],[29.620814,40.976346],[29.621023,40.976217],[29.621233,40.976156],[29.621426,40.976176],[29.621565,40.976221],[29.621823,40.975953],[29.622139,40.975881],[29.622504,40.975893],[29.622628,40.975682],[29.622724,40.975577],[29.62303,40.975617],[29.623539,40.975492],[29.62393,40.975118],[29.610257,41.005916],[29.611244,41.000371],[29.6103,40.994152],[29.610386,40.992467],[29.609485,40.992208],[29.608798,40.991658],[29.608111,40.991528],[29.606867,40.990783],[29.606566,40.989714],[29.60603,40.989131],[29.6053,40.987236],[29.604871,40.986151]]]]},"properties":{"hucre_kodu":"BZ-190","ilce":"Şile","alan_km2":225.31,"yogunluk_puani":0,"komsular":["BZ-101","BZ-175","BZ-226","BZ-228","BZ-194","BZ-192","BZ-191","BZ-074"]}},{"type":"Feature","geometry":{"type":"Polygon","coordinates":[[[29.483673,41.189931],[29.565664,41.106362],[29.586624,41.171163],[29.584635,41.171333],[29.582541,41.171336],[29.580572,41.171681],[29.580006,41.171694],[29.577856,41.171742],[29.576509,41.172029],[29.575491,41.172051],[29.574996,41.17212],[29.574505,41.172245],[29.574321,41.172234],[29.574138,41.17221],[29.573946,41.172245],[29.573605,41.172306],[29.57009,41.172942],[29.568732,41.172972],[29.567385,41.173259],[29.566716,41.173531],[29.564,41.173591],[29.562653,41.173878],[29.561239,41.174269],[29.560636,41.174436],[29.556922,41.175032],[29.556593,41.175296],[29.554566,41.175598],[29.553548,41.17562],[29.553218,41.175885],[29.55221,41.176164],[29.550183,41.176465],[29.548835,41.176752],[29.547148,41.177046],[29.544452,41.177619],[29.543783,41.17789],[29.542775,41.178169],[29.541087,41.178463],[29.540758,41.178727],[29.5394,41.178757],[29.538392,41.179036],[29.536704,41.17933],[29.536035,41.179601],[29.535027,41.17988],[29.534008,41.179903],[29.533679,41.180167],[29.531991,41.180461],[29.530643,41.180747],[29.528946,41.180784],[29.527598,41.18107],[29.527333,41.181143],[29.526589,41.181349],[29.52626,41.181613],[29.524572,41.181907],[29.523564,41.182186],[29.522894,41.182457],[29.521546,41.182743],[29.521217,41.183007],[29.520208,41.183286],[29.51886,41.183572],[29.518695,41.183705],[29.51853,41.183836],[29.516833,41.183873],[29.516164,41.184145],[29.513797,41.184453],[29.513128,41.184724],[29.512423,41.185052],[29.511667,41.184786],[29.510722,41.184007],[29.509364,41.184036],[29.508355,41.184315],[29.507007,41.184601],[29.506338,41.184872],[29.50464,41.184909],[29.504311,41.185173],[29.503302,41.185452],[29.502972,41.185716],[29.501284,41.186009],[29.500276,41.186288],[29.498927,41.186574],[29.497239,41.186867],[29.496231,41.187146],[29.494203,41.187446],[29.492186,41.188003],[29.490837,41.188289],[29.489819,41.188311],[29.489133,41.188521],[29.487801,41.188868],[29.487428,41.188995],[29.486279,41.189265],[29.485672,41.18945],[29.484237,41.189797],[29.483673,41.189931]]]},"properties":{"hucre_kodu":"BZ-191","ilce":"Şile","alan_km2":32.25,"yogunluk_puani":12,"komsular":["BZ-074","BZ-190","BZ-192","BZ-193","BZ-073"]}},{"type":"Feature","geometry":{"type":"Polygon","coordinates":[[[29.565664,41.106362],[29.609964,41.006576],[29.610175,41.006377],[29.610257,41.005916],[29.62393,40.975118],[29.624301,40.974763],[29.624551,40.974538],[29.625707,40.974293],[29.631967,40.971526],[29.632353,40.97134],[29.632621,40.971348],[29.633646,40.970972],[29.641972,40.970875],[29.646563,40.970162],[29.646837,40.969757],[29.647384,40.969327],[29.64835,40.968708],[29.648843,40.968631],[29.64916,40.968691],[29.649498,40.968562],[29.650034,40.968724],[29.650565,40.968886],[29.651156,40.96923],[29.651424,40.969445],[29.651778,40.969404],[29.651719,40.969295],[29.652118,40.968665],[29.652454,40.968574],[29.652711,40.968562],[29.653081,40.968448],[29.653382,40.968428],[29.653741,40.968497],[29.654063,40.968444],[29.654369,40.968319],[29.654642,40.968088],[29.654766,40.967849],[29.654814,40.967529],[29.65498,40.967383],[29.655101,40.967339],[29.672999,41.149156],[29.591482,41.170758],[29.591442,41.170758],[29.591016,41.170733],[29.588697,41.170985],[29.586624,41.171163],[29.565664,41.106362]]]},"properties":{"hucre_kodu":"BZ-192","ilce":"Şile","alan_km2":133.45,"yogunluk_puani":1,"komsular":["BZ-191","BZ-190","BZ-194","BZ-193"]}},{"type":"Feature","geometry":{"type":"MultiPolygon","coordinates":[[[[29.591482,41.170758],[29.672999,41.149156],[29.676656,41.162479],[29.676189,41.162556],[29.675664,41.162646],[29.674544,41.162919],[29.673478,41.163181],[29.672466,41.16359],[29.672058,41.163742],[29.671644,41.164069],[29.671509,41.164319],[29.671595,41.164471],[29.671644,41.164745],[29.671454,41.165032],[29.671302,41.165212],[29.671024,41.16551],[29.670203,41.165834],[29.669687,41.166055],[29.669197,41.166289],[29.668506,41.166481],[29.667332,41.166623],[29.666268,41.166706],[29.666172,41.166399],[29.665941,41.166105],[29.665683,41.165851],[29.665683,41.165585],[29.665661,41.165392],[29.665443,41.165101],[29.66474,41.16505],[29.663866,41.164906],[29.663322,41.164815],[29.662979,41.164864],[29.66237,41.16486],[29.661891,41.164921],[29.661522,41.165032],[29.660994,41.165056],[29.660766,41.165073],[29.660439,41.165134],[29.660052,41.165092],[29.658496,41.165439],[29.656983,41.165882],[29.656548,41.166135],[29.654777,41.166457],[29.652887,41.166973],[29.652181,41.167152],[29.651416,41.16733],[29.650667,41.167541],[29.649502,41.167758],[29.6486,41.168023],[29.647575,41.168338],[29.646872,41.168703],[29.646035,41.169168],[29.645564,41.169266],[29.645289,41.169549],[29.644777,41.170205],[29.644819,41.170505],[29.644886,41.170643],[29.645217,41.17081],[29.645314,41.171055],[29.645341,41.171138],[29.645448,41.171181],[29.645576,41.171153],[29.645634,41.171033],[29.645812,41.170949],[29.645946,41.170961],[29.645956,41.171012],[29.646085,41.170999],[29.646122,41.171094],[29.646059,41.17122],[29.645857,41.171249],[29.645823,41.171354],[29.64551,41.171424],[29.64535,41.171338],[29.645285,41.171743],[29.645201,41.171945],[29.644948,41.172027],[29.644706,41.171976],[29.644589,41.172001],[29.644374,41.171912],[29.644179,41.171937],[29.644092,41.171863],[29.643964,41.171651],[29.643974,41.171517],[29.644499,41.171179],[29.644341,41.170999],[29.644513,41.170672],[29.644513,41.170544],[29.644459,41.170432],[29.64432,41.170297],[29.644124,41.170131],[29.643836,41.170043],[29.643123,41.169754],[29.642536,41.169725],[29.641807,41.169555],[29.641029,41.169611],[29.64005,41.169826],[29.638697,41.170115],[29.637646,41.170221],[29.636979,41.170503],[29.63674,41.170683],[29.635863,41.170722],[29.634665,41.171179],[29.634655,41.171185],[29.633407,41.17198],[29.632703,41.172628],[29.632575,41.172837],[29.632882,41.173338],[29.632927,41.173586],[29.633257,41.173688],[29.633646,41.173975],[29.633654,41.174116],[29.633264,41.174297],[29.63307,41.174122],[29.632605,41.174263],[29.632328,41.174178],[29.632021,41.174313],[29.631859,41.174012],[29.631684,41.173958],[29.631227,41.17406],[29.630553,41.173823],[29.630415,41.173871],[29.630291,41.173913],[29.630067,41.173967],[29.629741,41.174046],[29.629729,41.174049],[29.629452,41.174291],[29.629452,41.174517],[29.629909,41.174607],[29.630096,41.174849],[29.630186,41.175131],[29.630007,41.175277],[29.629587,41.1753],[29.629123,41.175052],[29.628838,41.174945],[29.628876,41.174635],[29.628614,41.174522],[29.628778,41.174364],[29.628718,41.174246],[29.628589,41.174215],[29.628576,41.174212],[29.628514,41.174305],[29.628479,41.174359],[29.628194,41.174421],[29.628059,41.174223],[29.627498,41.174347],[29.626711,41.174657],[29.626696,41.174664],[29.625618,41.175159],[29.625162,41.175214],[29.624882,41.175313],[29.624652,41.1755],[29.624202,41.176185],[29.624404,41.176411],[29.624464,41.176653],[29.624217,41.177121],[29.62433,41.17742],[29.624614,41.177594],[29.624951,41.177544],[29.625468,41.177871],[29.62552,41.177995],[29.624637,41.178175],[29.624539,41.178417],[29.624846,41.178468],[29.624801,41.178575],[29.624637,41.178744],[29.624142,41.178761],[29.623925,41.17919],[29.62394,41.179455],[29.624285,41.179505],[29.624344,41.179663],[29.624067,41.179691],[29.623625,41.179635],[29.623491,41.179945],[29.622929,41.179759],[29.622704,41.17955],[29.622749,41.179409],[29.623049,41.179466],[29.623266,41.179364],[29.623296,41.179156],[29.623079,41.17893],[29.623026,41.178784],[29.622772,41.178694],[29.622173,41.178998],[29.622255,41.179128],[29.621888,41.179207],[29.621806,41.179145],[29.621536,41.179207],[29.621057,41.17919],[29.621072,41.179331],[29.620547,41.179494],[29.619963,41.179477],[29.619723,41.179285],[29.619784,41.179009],[29.619881,41.178959],[29.619798,41.178513],[29.619469,41.178355],[29.619132,41.17813],[29.618772,41.178124],[29.618668,41.177876],[29.618218,41.177572],[29.618001,41.177662],[29.618136,41.177854],[29.617874,41.177831],[29.617919,41.17804],[29.617611,41.178231],[29.617769,41.178457],[29.617941,41.178744],[29.617567,41.17897],[29.616848,41.178987],[29.616653,41.179252],[29.616166,41.179173],[29.616099,41.178975],[29.616181,41.178694],[29.616316,41.178694],[29.616346,41.17853],[29.616084,41.178316],[29.61544,41.178203],[29.615372,41.178491],[29.614968,41.178541],[29.614339,41.178541],[29.614054,41.178801],[29.614017,41.179021],[29.614084,41.179223],[29.614354,41.179319],[29.614548,41.179657],[29.614608,41.179793],[29.614548,41.179973],[29.614481,41.180469],[29.614099,41.180965],[29.613537,41.181061],[29.612968,41.180954],[29.612489,41.180836],[29.612227,41.180683],[29.612137,41.180357],[29.612429,41.180311],[29.612519,41.180154],[29.612212,41.179911],[29.612024,41.179889],[29.611807,41.179894],[29.611642,41.180047],[29.61165,41.180216],[29.611687,41.180447],[29.611231,41.180345],[29.611388,41.180131],[29.611347,41.180012],[29.61132,41.179934],[29.611118,41.179815],[29.61013,41.179736],[29.609845,41.17981],[29.609523,41.179962],[29.609396,41.180204],[29.60962,41.180317],[29.609545,41.18052],[29.609351,41.180695],[29.609238,41.180559],[29.609101,41.180447],[29.60886,41.180383],[29.608617,41.180527],[29.608016,41.180896],[29.607564,41.181217],[29.607612,41.181277],[29.607686,41.181333],[29.607635,41.181392],[29.607638,41.181466],[29.607751,41.181475],[29.607835,41.181521],[29.607912,41.181594],[29.607885,41.181662],[29.607827,41.181677],[29.607755,41.181684],[29.60773,41.181733],[29.607733,41.181797],[29.607751,41.181882],[29.607763,41.181951],[29.607636,41.18206],[29.607367,41.182149],[29.607294,41.182064],[29.607212,41.182008],[29.607135,41.182012],[29.60711,41.181973],[29.607111,41.181915],[29.607066,41.181914],[29.607046,41.182004],[29.606919,41.182025],[29.606686,41.181864],[29.606661,41.181804],[29.606566,41.18179],[29.606546,41.181847],[29.606474,41.181896],[29.60639,41.181911],[29.606294,41.181856],[29.606325,41.181794],[29.606396,41.181719],[29.606207,41.181592],[29.605879,41.181329],[29.6023,41.179367],[29.601857,41.179108],[29.601574,41.178958],[29.601181,41.178887],[29.600686,41.178909],[29.600077,41.178896],[29.599899,41.178799],[29.599767,41.178671],[29.599849,41.178538],[29.600024,41.178446],[29.600353,41.178529],[29.600553,41.178528],[29.600741,41.178591],[29.601046,41.17861],[29.601391,41.178686],[29.601698,41.178771],[29.602119,41.178954],[29.606295,41.181074],[29.607815,41.180163],[29.608418,41.180325],[29.608896,41.180011],[29.608647,41.179826],[29.609093,41.179252],[29.608877,41.179125],[29.608552,41.178991],[29.60869,41.178862],[29.608739,41.178648],[29.608869,41.178434],[29.609192,41.178305],[29.609169,41.178077],[29.608874,41.177839],[29.608404,41.17764],[29.607811,41.177337],[29.607596,41.177252],[29.607332,41.177148],[29.606875,41.177009],[29.606105,41.176593],[29.606002,41.176507],[29.605889,41.176461],[29.603963,41.176189],[29.603882,41.176584],[29.60366,41.177454],[29.603898,41.177499],[29.603873,41.17756],[29.603337,41.177487],[29.603354,41.177421],[29.603576,41.177447],[29.603647,41.177079],[29.603234,41.177008],[29.602828,41.177107],[29.602574,41.177235],[29.602321,41.177465],[29.601886,41.177861],[29.60178,41.177873],[29.601721,41.177797],[29.602415,41.177183],[29.602124,41.177135],[29.602113,41.177024],[29.602193,41.176904],[29.602717,41.176888],[29.603172,41.176685],[29.603458,41.176454],[29.603596,41.175983],[29.603697,41.175393],[29.603628,41.175274],[29.60355,41.175229],[29.602878,41.174511],[29.602015,41.173709],[29.601266,41.17305],[29.600455,41.17257],[29.599841,41.172336],[29.59905,41.171881],[29.598786,41.171733],[29.597059,41.171249],[29.595128,41.170942],[29.593777,41.170764],[29.593746,41.170761],[29.592899,41.170777],[29.591939,41.170764],[29.591482,41.170758]]],[[[29.604775,41.183455],[29.604867,41.183299],[29.604973,41.183257],[29.60505,41.183153],[29.605141,41.183149],[29.6053,41.183055],[29.605322,41.182942],[29.605355,41.182834],[29.605569,41.182712],[29.605715,41.182733],[29.605832,41.182792],[29.605933,41.182885],[29.605951,41.182992],[29.605903,41.183032],[29.605896,41.183132],[29.605838,41.183133],[29.60579,41.183194],[29.605826,41.183358],[29.605833,41.183529],[29.605724,41.183584],[29.605628,41.1836],[29.605467,41.183531],[29.605333,41.183608],[29.605322,41.183689],[29.605166,41.183689],[29.605066,41.183618],[29.604936,41.183644],[29.604802,41.183564],[29.604775,41.183455]]],[[[29.608473,41.181198],[29.608519,41.181101],[29.608582,41.181119],[29.608778,41.181187],[29.608818,41.18123],[29.608907,41.181264],[29.608948,41.181246],[29.60899,41.18126],[29.609045,41.181224],[29.609001,41.181129],[29.609018,41.181105],[29.609136,41.181099],[29.609199,41.181028],[29.609259,41.181],[29.609357,41.181038],[29.60942,41.181048],[29.609404,41.181107],[29.6096,41.181064],[29.609726,41.181064],[29.609851,41.181104],[29.609882,41.181185],[29.609926,41.181296],[29.609922,41.181337],[29.609941,41.181367],[29.609933,41.181428],[29.609847,41.181484],[29.609635,41.181832],[29.609585,41.181888],[29.609581,41.182025],[29.609482,41.182136],[29.60938,41.182156],[29.609329,41.182146],[29.609284,41.182195],[29.609265,41.182268],[29.60931,41.18231],[29.6093,41.182397],[29.6093,41.182459],[29.609203,41.182488],[29.609141,41.182548],[29.609072,41.182554],[29.608959,41.18256],[29.608876,41.182528],[29.60876,41.182524],[29.608659,41.182485],[29.60853,41.182328],[29.608578,41.182231],[29.608701,41.182086],[29.608605,41.182033],[29.608581,41.181979],[29.608613,41.181898],[29.608683,41.18187],[29.608771,41.181827],[29.608822,41.181838],[29.608954,41.181692],[29.608991,41.181601],[29.608935,41.181512],[29.608932,41.181434],[29.608868,41.181458],[29.608669,41.181466],[29.608557,41.181408],[29.608495,41.181333],[29.608479,41.181256],[29.608473,41.181198]]],[[[29.610516,41.181279],[29.610559,41.181182],[29.610812,41.18102],[29.611109,41.18083],[29.611321,41.180808],[29.611473,41.180869],[29.611492,41.180971],[29.611331,41.181093],[29.611294,41.181392],[29.611149,41.181408],[29.611095,41.181344],[29.611031,41.181416],[29.611052,41.18157],[29.610974,41.181612],[29.610927,41.181672],[29.610816,41.181642],[29.610747,41.181565],[29.610719,41.181489],[29.610559,41.181416],[29.610516,41.181279]]],[[[29.611837,41.183366],[29.611867,41.18318],[29.612084,41.183158],[29.61209,41.183155],[29.612234,41.183085],[29.612167,41.183011],[29.612279,41.182983],[29.612459,41.183135],[29.612361,41.183282],[29.612204,41.183366],[29.612129,41.183513],[29.611995,41.183513],[29.61184,41.183369],[29.611837,41.183366]]]]},"properties":{"hucre_kodu":"BZ-193","ilce":"Şile","alan_km2":9.35,"yogunluk_puani":11,"komsular":["BZ-191","BZ-192","BZ-194"]}},{"type":"Feature","geometry":{"type":"MultiPolygon","coordinates":[[[[29.655101,40.967339],[29.655302,40.967266],[29.655586,40.966836],[29.655485,40.966431],[29.655485,40.966253],[29.655645,40.965605],[29.655694,40.965098],[29.655485,40.96492],[29.655318,40.964803],[29.655372,40.964608],[29.655645,40.964244],[29.655629,40.964061],[29.656584,40.963802],[29.657421,40.963907],[29.658242,40.963462],[29.658902,40.96334],[29.6588,40.962818],[29.659288,40.962806],[29.660125,40.962668],[29.660253,40.962992],[29.660178,40.963267],[29.661149,40.963357],[29.662335,40.963357],[29.662507,40.962984],[29.662576,40.962729],[29.662893,40.96236],[29.663075,40.961919],[29.663317,40.961748],[29.663858,40.961777],[29.664379,40.962222],[29.664872,40.962826],[29.665167,40.963434],[29.665784,40.963543],[29.665983,40.963523],[29.666541,40.963725],[29.666846,40.963502],[29.667085,40.963411],[29.667431,40.963527],[29.667635,40.963604],[29.668665,40.964029],[29.668665,40.964511],[29.668794,40.964961],[29.669459,40.965459],[29.670151,40.96554],[29.670811,40.965892],[29.671079,40.96618],[29.671696,40.966427],[29.671953,40.965698],[29.671953,40.965402],[29.672002,40.965256],[29.671884,40.965042],[29.671862,40.964799],[29.673198,40.964495],[29.673906,40.965029],[29.67456,40.964685],[29.674571,40.964572],[29.674791,40.964458],[29.675075,40.964414],[29.675354,40.964495],[29.675741,40.964519],[29.67669,40.96441],[29.679136,40.966022],[29.680252,40.96727],[29.681003,40.967658],[29.681121,40.967893],[29.681325,40.968096],[29.681454,40.968452],[29.68243,40.969084],[29.683498,40.969963],[29.683101,40.970234],[29.682956,40.970514],[29.682918,40.970915],[29.683304,40.971045],[29.683313,40.974453],[29.683808,40.977091],[29.685702,40.979355],[29.686013,40.979598],[29.687151,40.97976],[29.687617,40.979926],[29.687896,40.979926],[29.687918,40.979752],[29.688642,40.97985],[29.689023,40.979615],[29.689634,40.979631],[29.689838,40.980084],[29.690428,40.980587],[29.690793,40.980943],[29.691072,40.98134],[29.690847,40.98149],[29.691045,40.981996],[29.690713,40.982368],[29.688379,40.983907],[29.6889,40.984219],[29.689001,40.984393],[29.68928,40.984551],[29.689404,40.984737],[29.689559,40.984717],[29.689688,40.984778],[29.690224,40.98447],[29.691015,40.984529],[29.691175,40.984805],[29.691303,40.985098],[29.692009,40.988782],[29.700831,40.990049],[29.702037,40.992028],[29.702314,40.993451],[29.703125,40.994659],[29.704885,40.995415],[29.706257,40.996134],[29.709169,40.998362],[29.710636,41.000031],[29.711657,41.000456],[29.712052,41.001132],[29.71169,41.002111],[29.712846,41.002346],[29.713898,41.002282],[29.715593,41.002476],[29.71806,41.002897],[29.718391,41.003636],[29.718157,41.00469],[29.718213,41.00527],[29.718661,41.006168],[29.718841,41.006378],[29.719284,41.006897],[29.719481,41.007742],[29.718946,41.008426],[29.717433,41.009715],[29.714241,41.011167],[29.713833,41.01186],[29.713476,41.012757],[29.712782,41.012325],[29.712235,41.012248],[29.711559,41.011835],[29.710014,41.011609],[29.709102,41.011665],[29.707074,41.012613],[29.70632,41.014076],[29.705147,41.015624],[29.704585,41.016126],[29.703619,41.015932],[29.702225,41.016304],[29.701281,41.017184],[29.700122,41.018619],[29.698598,41.020157],[29.697955,41.020691],[29.697161,41.021015],[29.696925,41.021808],[29.69641,41.022618],[29.696281,41.023492],[29.696152,41.024415],[29.697547,41.025694],[29.698276,41.025791],[29.699027,41.026082],[29.699628,41.026632],[29.699371,41.027086],[29.699889,41.028364],[29.700463,41.02816],[29.702317,41.028309],[29.702637,41.028262],[29.702822,41.028448],[29.703315,41.028355],[29.704067,41.028318],[29.705828,41.028612],[29.705779,41.029885],[29.704434,41.03177],[29.70442,41.034479],[29.707267,41.031974],[29.710305,41.031035],[29.713745,41.029941],[29.715936,41.028964],[29.718146,41.027507],[29.718812,41.028008],[29.718318,41.02851],[29.71879,41.029352],[29.717567,41.029174],[29.717138,41.029692],[29.718404,41.030971],[29.71803,41.031749],[29.718438,41.031983],[29.721401,41.031164],[29.723043,41.03152],[29.723575,41.032541],[29.725259,41.034135],[29.726257,41.034572],[29.726815,41.035414],[29.726938,41.036683],[29.727875,41.037771],[29.728879,41.038891],[29.729819,41.041103],[29.732429,41.042176],[29.73383,41.041831],[29.734783,41.041644],[29.736008,41.04134],[29.736535,41.040488],[29.736342,41.037138],[29.7369,41.035665],[29.736428,41.034839],[29.737507,41.034642],[29.73881,41.035843],[29.740655,41.035956],[29.742125,41.035025],[29.742606,41.03416],[29.744993,41.034766],[29.746397,41.034349],[29.747372,41.033318],[29.750612,41.03199],[29.753691,41.027733],[29.75635,41.026561],[29.757607,41.026989],[29.759023,41.02724],[29.761137,41.027175],[29.764559,41.026835],[29.764967,41.025478],[29.771237,41.025248],[29.778363,41.027388],[29.780466,41.025428],[29.781996,41.025596],[29.783192,41.024605],[29.784998,41.023886],[29.785734,41.021549],[29.788238,41.020902],[29.78996,41.020258],[29.791499,41.019242],[29.793167,41.019957],[29.798444,41.152784],[29.798083,41.152961],[29.796164,41.153657],[29.795865,41.153717],[29.795496,41.153657],[29.795856,41.153419],[29.795839,41.15314],[29.795645,41.153041],[29.794695,41.153577],[29.794123,41.153803],[29.793982,41.15371],[29.793868,41.15373],[29.793859,41.153968],[29.793269,41.153882],[29.793181,41.15371],[29.792926,41.15369],[29.792891,41.153472],[29.792345,41.153419],[29.792275,41.153319],[29.791993,41.153379],[29.791641,41.153134],[29.791324,41.153081],[29.790893,41.152842],[29.790734,41.15267],[29.790347,41.152584],[29.790074,41.152332],[29.789951,41.152113],[29.789511,41.151901],[29.78952,41.151742],[29.789353,41.151729],[29.788895,41.152146],[29.789775,41.153432],[29.789925,41.153399],[29.790039,41.15367],[29.789898,41.153882],[29.78981,41.154147],[29.789986,41.154101],[29.790162,41.154459],[29.790092,41.154823],[29.789872,41.154863],[29.789793,41.155141],[29.789458,41.155386],[29.787197,41.155937],[29.786484,41.156208],[29.786079,41.156321],[29.785709,41.156639],[29.784556,41.156937],[29.784327,41.156851],[29.784178,41.157142],[29.783852,41.157215],[29.783808,41.157447],[29.783403,41.157533],[29.782867,41.157567],[29.78218,41.157354],[29.781855,41.157321],[29.781749,41.157056],[29.781467,41.157109],[29.781326,41.157116],[29.781133,41.15699],[29.781001,41.15705],[29.78101,41.157242],[29.780825,41.157374],[29.780887,41.157553],[29.780605,41.157931],[29.780244,41.157911],[29.780147,41.157779],[29.779954,41.157772],[29.780042,41.158011],[29.780244,41.158169],[29.780262,41.158335],[29.779927,41.158434],[29.779707,41.158269],[29.779382,41.158236],[29.779144,41.157865],[29.778704,41.157759],[29.778422,41.157812],[29.778097,41.157712],[29.778132,41.15754],[29.777718,41.15758],[29.777745,41.157388],[29.778026,41.157242],[29.778097,41.15697],[29.7784,41.15676],[29.778431,41.156738],[29.778247,41.156531],[29.778206,41.156455],[29.778123,41.156354],[29.777797,41.156129],[29.777217,41.156009],[29.776662,41.156029],[29.775954,41.156219],[29.775676,41.15648],[29.775421,41.156791],[29.775342,41.157156],[29.775404,41.157421],[29.7755,41.15758],[29.775826,41.157898],[29.776161,41.158017],[29.776363,41.158209],[29.776794,41.158335],[29.776935,41.158488],[29.776592,41.15868],[29.775765,41.158806],[29.7758,41.158687],[29.776143,41.15858],[29.775844,41.158507],[29.775175,41.15874],[29.775298,41.158938],[29.774946,41.159051],[29.774779,41.158845],[29.77492,41.158653],[29.775157,41.1586],[29.775052,41.158507],[29.774726,41.158574],[29.774277,41.158567],[29.774119,41.158521],[29.773969,41.158567],[29.774057,41.15866],[29.774013,41.158753],[29.773582,41.158912],[29.772869,41.159177],[29.772437,41.159203],[29.772147,41.15915],[29.771848,41.159329],[29.77154,41.159349],[29.771188,41.159641],[29.770976,41.159568],[29.770695,41.159674],[29.770184,41.159568],[29.770061,41.15974],[29.769929,41.160018],[29.769207,41.16025],[29.768521,41.160403],[29.768265,41.16037],[29.767913,41.160489],[29.767588,41.160542],[29.76735,41.160496],[29.767139,41.160549],[29.767059,41.160456],[29.766822,41.160515],[29.766479,41.160403],[29.766663,41.160336],[29.766707,41.159985],[29.76603,41.159594],[29.765731,41.159674],[29.764991,41.159561],[29.764859,41.159369],[29.764419,41.159376],[29.764084,41.159117],[29.76338,41.158978],[29.762967,41.158945],[29.762289,41.158879],[29.762051,41.158932],[29.761215,41.158746],[29.760124,41.158839],[29.759472,41.159097],[29.758953,41.159111],[29.758627,41.159031],[29.758328,41.158733],[29.757818,41.158507],[29.757765,41.158103],[29.757386,41.157732],[29.757008,41.157467],[29.756594,41.157248],[29.755996,41.157202],[29.755195,41.157354],[29.754376,41.157712],[29.753868,41.158052],[29.753742,41.158136],[29.753364,41.158481],[29.753117,41.158971],[29.753223,41.159747],[29.7531,41.160058],[29.753038,41.160449],[29.753249,41.160641],[29.753241,41.160761],[29.753698,41.16092],[29.75369,41.160993],[29.753267,41.1609],[29.753117,41.161105],[29.753496,41.161231],[29.753153,41.161417],[29.752651,41.16133],[29.752422,41.16145],[29.751929,41.161344],[29.751956,41.161211],[29.751181,41.161012],[29.751164,41.160781],[29.751419,41.160681],[29.751392,41.160575],[29.751947,41.160396],[29.75214,41.160118],[29.751938,41.159667],[29.751753,41.159482],[29.751401,41.159402],[29.751181,41.159217],[29.750961,41.158965],[29.750274,41.158753],[29.75001,41.158779],[29.75001,41.158912],[29.749544,41.158952],[29.748919,41.158759],[29.748655,41.158819],[29.748276,41.159077],[29.748188,41.159396],[29.748259,41.159634],[29.748672,41.159892],[29.748667,41.159965],[29.748352,41.159895],[29.748246,41.159872],[29.748106,41.159861],[29.747608,41.15974],[29.747334,41.159766],[29.747197,41.159752],[29.746965,41.159707],[29.746622,41.159647],[29.74678,41.159495],[29.745979,41.159336],[29.745645,41.159362],[29.745671,41.159535],[29.745328,41.159535],[29.744888,41.159343],[29.744809,41.159422],[29.745117,41.159574],[29.745125,41.1597],[29.744747,41.15974],[29.744421,41.159647],[29.744395,41.159747],[29.744465,41.159833],[29.744404,41.159919],[29.744157,41.159873],[29.744131,41.159952],[29.7437,41.159859],[29.743471,41.160144],[29.74311,41.160058],[29.742934,41.160091],[29.742442,41.159925],[29.742423,41.160028],[29.74195,41.159944],[29.741819,41.159873],[29.741795,41.159808],[29.741602,41.159761],[29.741533,41.159494],[29.741496,41.159259],[29.741726,41.158932],[29.741508,41.158889],[29.741496,41.158941],[29.741539,41.15903],[29.741371,41.159063],[29.741241,41.159231],[29.741091,41.159241],[29.740948,41.159072],[29.741079,41.158903],[29.74121,41.158871],[29.741247,41.158697],[29.741322,41.158641],[29.741066,41.158538],[29.741085,41.158454],[29.740855,41.158388],[29.740904,41.158266],[29.740848,41.1582],[29.740805,41.15828],[29.740631,41.15828],[29.740749,41.158379],[29.740668,41.158454],[29.740276,41.158383],[29.74022,41.158486],[29.739996,41.15865],[29.740176,41.158716],[29.740145,41.158796],[29.739734,41.158693],[29.739579,41.158824],[29.739442,41.158786],[29.739243,41.158557],[29.738925,41.158566],[29.738533,41.158411],[29.738413,41.158231],[29.738237,41.158265],[29.737859,41.158165],[29.738043,41.158019],[29.738237,41.15794],[29.738167,41.15786],[29.737973,41.157927],[29.737744,41.158139],[29.737533,41.158205],[29.737471,41.158086],[29.737656,41.15794],[29.737498,41.157867],[29.737225,41.15788],[29.73719,41.157794],[29.737366,41.157708],[29.737207,41.157628],[29.737506,41.157575],[29.737427,41.157284],[29.737419,41.157078],[29.737128,41.156999],[29.736987,41.157111],[29.736908,41.157032],[29.736547,41.156822],[29.736272,41.156992],[29.73644,41.156713],[29.736044,41.156601],[29.736232,41.156507],[29.735903,41.155965],[29.735372,41.155878],[29.735269,41.156031],[29.734923,41.155961],[29.734526,41.15625],[29.734506,41.156448],[29.734167,41.156456],[29.73395,41.156402],[29.734156,41.156199],[29.734375,41.156106],[29.734314,41.155939],[29.73379,41.155566],[29.733614,41.155275],[29.733298,41.155222],[29.732849,41.155275],[29.732752,41.155428],[29.73284,41.155587],[29.73247,41.155308],[29.731459,41.155352],[29.731337,41.155357],[29.730807,41.155494],[29.730458,41.155603],[29.729395,41.155879],[29.72863,41.156351],[29.728335,41.156549],[29.728195,41.156634],[29.728084,41.156642],[29.727884,41.156637],[29.727673,41.156614],[29.727109,41.15679],[29.726867,41.156942],[29.726772,41.15696],[29.726613,41.156897],[29.726453,41.156806],[29.726296,41.156717],[29.725895,41.156671],[29.725664,41.15667],[29.724971,41.156654],[29.724566,41.156718],[29.724307,41.156839],[29.724191,41.156932],[29.724178,41.15705],[29.724215,41.157267],[29.724266,41.157458],[29.724258,41.157586],[29.724025,41.157594],[29.723828,41.157531],[29.723689,41.157486],[29.723336,41.157354],[29.723123,41.157284],[29.722976,41.157135],[29.722808,41.15701],[29.72239,41.157002],[29.72221,41.157121],[29.722214,41.157236],[29.722289,41.157353],[29.722324,41.157455],[29.722225,41.157504],[29.722106,41.157498],[29.721987,41.157496],[29.72191,41.157547],[29.7218,41.157707],[29.721677,41.157813],[29.721461,41.157841],[29.721393,41.157728],[29.721313,41.157609],[29.721135,41.157542],[29.721016,41.157551],[29.720632,41.157675],[29.720303,41.157939],[29.719625,41.157955],[29.718935,41.157715],[29.718764,41.157593],[29.71855,41.157345],[29.718043,41.157292],[29.717537,41.157401],[29.717136,41.15764],[29.71711,41.157799],[29.717035,41.157995],[29.716338,41.158157],[29.715793,41.15833],[29.715485,41.158409],[29.715185,41.158462],[29.714885,41.158324],[29.714419,41.158353],[29.714155,41.158559],[29.713921,41.158774],[29.713644,41.158821],[29.713344,41.15885],[29.712882,41.158804],[29.712415,41.158804],[29.712094,41.158894],[29.711671,41.158986],[29.711182,41.159132],[29.710845,41.159189],[29.710292,41.159189],[29.709724,41.159162],[29.709159,41.15914],[29.708636,41.159058],[29.70792,41.15925],[29.706784,41.159541],[29.706127,41.159677],[29.705479,41.159881],[29.705384,41.160134],[29.705567,41.160455],[29.705347,41.160531],[29.704968,41.160631],[29.704642,41.16078],[29.704351,41.160883],[29.704034,41.160946],[29.7037,41.160992],[29.703189,41.161099],[29.702986,41.161281],[29.702913,41.161422],[29.702796,41.16168],[29.70278,41.161975],[29.70281,41.162073],[29.702951,41.162198],[29.70321,41.162313],[29.703337,41.162536],[29.702992,41.162714],[29.702834,41.162894],[29.702872,41.163083],[29.702894,41.163269],[29.702772,41.163336],[29.702785,41.163451],[29.702943,41.163625],[29.702783,41.163725],[29.702641,41.163734],[29.702454,41.163709],[29.702202,41.163756],[29.701852,41.163805],[29.701662,41.163662],[29.70139,41.163529],[29.701107,41.163643],[29.701004,41.163621],[29.700922,41.163527],[29.700756,41.163502],[29.700767,41.163658],[29.700838,41.16383],[29.700683,41.163953],[29.700335,41.164006],[29.70015,41.163924],[29.699881,41.163973],[29.699834,41.164057],[29.699693,41.164153],[29.699375,41.164161],[29.699209,41.164121],[29.698997,41.164049],[29.698564,41.164069],[29.698417,41.164141],[29.698355,41.164157],[29.69814,41.164108],[29.69792,41.164057],[29.697456,41.163996],[29.697213,41.163789],[29.697049,41.163617],[29.696973,41.163447],[29.696878,41.162904],[29.696837,41.162726],[29.696625,41.162659],[29.696299,41.162663],[29.696212,41.162802],[29.696236,41.162904],[29.696272,41.163076],[29.696185,41.163291],[29.696092,41.163574],[29.695638,41.163715],[29.695469,41.163734],[29.695135,41.163818],[29.694909,41.163811],[29.694566,41.163807],[29.694243,41.163809],[29.694003,41.163822],[29.693029,41.163714],[29.692768,41.163621],[29.692624,41.163523],[29.6926,41.163334],[29.692692,41.163091],[29.692508,41.16308],[29.692439,41.162941],[29.692426,41.162802],[29.692308,41.162704],[29.692026,41.162698],[29.691879,41.162763],[29.691659,41.162869],[29.691534,41.162876],[29.691452,41.162833],[29.691387,41.162753],[29.691346,41.162687],[29.691221,41.162677],[29.691099,41.162824],[29.691126,41.162945],[29.691286,41.16307],[29.691251,41.163212],[29.691137,41.163379],[29.691066,41.163525],[29.690957,41.163629],[29.690816,41.163691],[29.690659,41.163898],[29.690438,41.163977],[29.690283,41.163973],[29.690171,41.163906],[29.690239,41.163721],[29.690329,41.163566],[29.690457,41.163297],[29.690332,41.163156],[29.689984,41.163037],[29.689842,41.162902],[29.689684,41.162616],[29.68926,41.162542],[29.688975,41.162523],[29.6887,41.162566],[29.688542,41.162579],[29.688403,41.162714],[29.688232,41.162716],[29.688112,41.162867],[29.688017,41.162753],[29.687946,41.162779],[29.687908,41.162919],[29.687699,41.163064],[29.687571,41.163039],[29.687345,41.163058],[29.687082,41.163158],[29.687035,41.163291],[29.687019,41.163392],[29.686924,41.163465],[29.686826,41.163584],[29.686684,41.163637],[29.686581,41.163783],[29.686426,41.163815],[29.686383,41.16365],[29.686304,41.163658],[29.686187,41.163559],[29.686029,41.163447],[29.685665,41.163435],[29.685491,41.163508],[29.685393,41.163619],[29.685214,41.16364],[29.684838,41.163471],[29.684598,41.163384],[29.68434,41.16325],[29.684046,41.163191],[29.68387,41.163166],[29.683769,41.163185],[29.683663,41.16323],[29.683685,41.163308],[29.683753,41.163359],[29.683701,41.163451],[29.683655,41.163492],[29.683532,41.163469],[29.683445,41.163398],[29.683347,41.163201],[29.683217,41.163062],[29.682969,41.162845],[29.682744,41.162761],[29.682425,41.162763],[29.682159,41.162802],[29.68205,41.16289],[29.682056,41.162956],[29.682113,41.163066],[29.682164,41.163283],[29.682121,41.163365],[29.682004,41.163314],[29.681822,41.163269],[29.681661,41.163252],[29.681517,41.163201],[29.68143,41.16313],[29.681253,41.16298],[29.680968,41.16281],[29.680426,41.162566],[29.680035,41.162368],[29.679706,41.162161],[29.679178,41.161981],[29.678846,41.162024],[29.678528,41.162175],[29.678234,41.162237],[29.67803,41.162286],[29.677729,41.1623],[29.677451,41.162302],[29.676869,41.162444],[29.676656,41.162479],[29.672999,41.149156],[29.655101,40.967339]]],[[[29.726662,41.157499],[29.726865,41.157353],[29.727279,41.157426],[29.727217,41.157559],[29.727323,41.157605],[29.727208,41.157844],[29.72705,41.157883],[29.726733,41.157824],[29.726786,41.157605],[29.726662,41.157499]]],[[[29.727992,41.157497],[29.72815,41.15745],[29.728186,41.157351],[29.728335,41.157325],[29.728344,41.157245],[29.728098,41.157185],[29.728344,41.157112],[29.728458,41.157179],[29.728458,41.157325],[29.728652,41.157344],[29.728978,41.157556],[29.729057,41.157788],[29.729022,41.157947],[29.728896,41.157942],[29.728766,41.157868],[29.728828,41.157709],[29.728634,41.157643],[29.728538,41.15755],[29.728379,41.157656],[29.728212,41.157669],[29.728062,41.157583],[29.727992,41.157497]]],[[[29.747172,41.160033],[29.747334,41.159981],[29.747577,41.160051],[29.747583,41.160126],[29.747514,41.160229],[29.747265,41.160169],[29.747172,41.160033]]],[[[29.747664,41.160173],[29.747776,41.160108],[29.7479,41.160225],[29.747894,41.160319],[29.747701,41.160276],[29.747664,41.160173]]],[[[29.74805,41.16037],[29.748112,41.160234],[29.748174,41.160225],[29.748286,41.160412],[29.748286,41.160492],[29.748211,41.160548],[29.748093,41.160473],[29.74805,41.16037]]],[[[29.754367,41.16088],[29.75442,41.160767],[29.754904,41.161006],[29.755107,41.161297],[29.75508,41.161383],[29.754851,41.16135],[29.754719,41.161205],[29.754526,41.161152],[29.754403,41.161019],[29.754561,41.160993],[29.754367,41.16088]]],[[[29.781027,41.157348],[29.781087,41.157235],[29.781106,41.157142],[29.7813,41.157182],[29.781379,41.157315],[29.781274,41.157394],[29.781133,41.157401],[29.781027,41.157348]]]]},"properties":{"hucre_kodu":"BZ-194","ilce":"Şile","alan_km2":179.9,"yogunluk_puani":0,"komsular":["BZ-228","BZ-227","BZ-195","BZ-193","BZ-192","BZ-190"]}},{"type":"Feature","geometry":{"type":"Polygon","coordinates":[[[29.793167,41.019957],[29.793409,41.02006],[29.794257,41.019078],[29.795319,41.019744],[29.79593,41.019963],[29.800276,41.020708],[29.801145,41.020254],[29.804277,41.01955],[29.807542,41.019678],[29.808032,41.019939],[29.808442,41.019678],[29.808623,41.02019],[29.808902,41.019631],[29.810028,41.018975],[29.811004,41.018093],[29.811315,41.01751],[29.811358,41.017008],[29.811562,41.016288],[29.812109,41.015794],[29.812453,41.015454],[29.813805,41.014624],[29.81609,41.014466],[29.817259,41.015114],[29.819268,41.014992],[29.820231,41.014321],[29.820875,41.014313],[29.822753,41.013235],[29.824319,41.014159],[29.826555,41.013271],[29.828771,41.014887],[29.832044,41.014677],[29.834791,41.015839],[29.834082,41.016385],[29.835005,41.017389],[29.836164,41.017761],[29.836625,41.017462],[29.836881,41.017377],[29.838331,41.017793],[29.839479,41.018429],[29.840945,41.020805],[29.84185,41.020999],[29.843073,41.020643],[29.844052,41.020627],[29.844618,41.020319],[29.845326,41.020222],[29.84642,41.020805],[29.846919,41.021875],[29.848287,41.02278],[29.848416,41.023557],[29.850733,41.024965],[29.851613,41.026155],[29.85186,41.026827],[29.852619,41.027271],[29.854574,41.028381],[29.856999,41.028478],[29.857986,41.028559],[29.859617,41.029368],[29.861484,41.030534],[29.862229,41.030856],[29.862642,41.032606],[29.863586,41.033253],[29.863393,41.034062],[29.863771,41.035502],[29.864981,41.03628],[29.866385,41.036613],[29.867814,41.037558],[29.868522,41.039242],[29.86805,41.039743],[29.868462,41.040286],[29.870827,41.041053],[29.872105,41.040633],[29.8738,41.040844],[29.875688,41.040747],[29.876289,41.04052],[29.877019,41.040633],[29.877963,41.04052],[29.879186,41.040747],[29.880429,41.041967],[29.880265,41.043802],[29.880129,41.046538],[29.880001,41.046969],[29.881322,41.049425],[29.880393,41.051175],[29.881611,41.052439],[29.881493,41.05294],[29.880903,41.053612],[29.881041,41.054389],[29.882169,41.055352],[29.882469,41.056015],[29.883671,41.056711],[29.884314,41.056597],[29.885366,41.057698],[29.886997,41.058155],[29.887952,41.059874],[29.887137,41.063199],[29.887801,41.063352],[29.88944,41.062834],[29.890055,41.063401],[29.891447,41.06257],[29.892823,41.063927],[29.891783,41.067575],[29.892426,41.069686],[29.892093,41.070268],[29.892705,41.070754],[29.888853,41.075743],[29.888905,41.077603],[29.888349,41.077831],[29.887984,41.077645],[29.887787,41.078251],[29.886901,41.080438],[29.887608,41.080208],[29.889271,41.08236],[29.890998,41.082708],[29.890569,41.083362],[29.891213,41.084034],[29.891492,41.085004],[29.892554,41.085675],[29.892168,41.085918],[29.891825,41.086476],[29.891374,41.086896],[29.892232,41.087042],[29.89219,41.088142],[29.892919,41.089694],[29.891503,41.09296],[29.892061,41.092904],[29.892882,41.092731],[29.894389,41.092298],[29.898211,41.091508],[29.898532,41.091432],[29.900337,41.090899],[29.900925,41.091146],[29.901238,41.09114],[29.903048,41.09161],[29.903809,41.091764],[29.903626,41.091441],[29.907245,41.090644],[29.908607,41.089028],[29.910769,41.087981],[29.911351,41.088214],[29.910997,41.088999],[29.910332,41.089104],[29.911544,41.089638],[29.911809,41.088956],[29.912875,41.088999],[29.913175,41.089807],[29.914159,41.088824],[29.91516,41.088772],[29.914205,41.089346],[29.91413,41.089767],[29.914666,41.08988],[29.915643,41.089565],[29.915332,41.089476],[29.916863,41.088648],[29.917358,41.089051],[29.918917,41.088312],[29.922739,41.087965],[29.924152,41.086968],[29.927837,41.086448],[29.927734,41.087147],[29.928324,41.086912],[29.928991,41.087713],[29.931121,41.087778],[29.93139,41.087786],[29.933506,41.0868],[29.933707,41.086806],[29.936109,41.086878],[29.938458,41.086036],[29.94109,41.084013],[29.941413,41.084001],[29.941167,41.084503],[29.941328,41.08502],[29.943935,41.08502],[29.944074,41.084527],[29.943838,41.083937],[29.943935,41.083645],[29.945458,41.082683],[29.948151,41.082449],[29.950465,41.082076],[29.95152,41.08109],[29.954513,41.080095],[29.954771,41.080419],[29.954266,41.081462],[29.954236,41.082116],[29.954513,41.082901],[29.95505,41.08371],[29.955919,41.083775],[29.956563,41.083492],[29.957678,41.084001],[29.957056,41.084551],[29.957821,41.085535],[29.957807,41.086621],[29.956122,41.089442],[29.958588,41.092324],[29.958765,41.093238],[29.95859,41.094101],[29.958805,41.094465],[29.95815,41.094901],[29.957603,41.095168],[29.957126,41.095242],[29.956402,41.096179],[29.956316,41.096632],[29.955522,41.097691],[29.955393,41.098152],[29.954953,41.098709],[29.954399,41.098786],[29.94896,41.099858],[29.946002,41.099301],[29.943594,41.097465],[29.939525,41.097448],[29.937034,41.0978],[29.935838,41.098405],[29.931822,41.098095],[29.928522,41.096999],[29.928041,41.097774],[29.926575,41.09858],[29.923432,41.098976],[29.918364,41.099231],[29.916232,41.100083],[29.91501,41.101046],[29.915053,41.102057],[29.915289,41.102631],[29.915632,41.10297],[29.915031,41.103455],[29.914999,41.104037],[29.915664,41.104433],[29.916244,41.104506],[29.916694,41.10487],[29.916437,41.10521],[29.915788,41.105201],[29.914908,41.105278],[29.914511,41.105133],[29.914382,41.104918],[29.914178,41.104927],[29.91413,41.105137],[29.914355,41.105266],[29.914393,41.10546],[29.914591,41.105711],[29.914489,41.10586],[29.913443,41.105513],[29.913098,41.106409],[29.913095,41.10675],[29.913358,41.107061],[29.913025,41.10772],[29.913577,41.108144],[29.914146,41.108969],[29.914913,41.108455],[29.915235,41.108803],[29.914918,41.10926],[29.915267,41.109704],[29.915702,41.109991],[29.915112,41.110262],[29.914624,41.110577],[29.914447,41.111006],[29.914587,41.11158],[29.915096,41.111943],[29.915117,41.112218],[29.91472,41.112897],[29.91442,41.113047],[29.914366,41.11322],[29.914704,41.113528],[29.914677,41.113952],[29.914436,41.114122],[29.913545,41.114013],[29.913358,41.114239],[29.913921,41.114781],[29.913921,41.115023],[29.913347,41.115342],[29.912875,41.115504],[29.912665,41.115807],[29.91207,41.116046],[29.911451,41.118386],[29.911909,41.118341],[29.912193,41.118551],[29.912845,41.118678],[29.913287,41.118529],[29.913873,41.118632],[29.914203,41.118862],[29.914055,41.119105],[29.914031,41.119333],[29.914248,41.119461],[29.9144,41.119589],[29.914295,41.119934],[29.914055,41.12005],[29.914461,41.120071],[29.91402,41.120676],[29.913596,41.120819],[29.912977,41.120488],[29.912907,41.120083],[29.912724,41.11972],[29.912007,41.119332],[29.911705,41.119011],[29.90963,41.119419],[29.910114,41.120066],[29.909527,41.121049],[29.912128,41.122638],[29.914591,41.125902],[29.914859,41.132399],[29.915122,41.135992],[29.91415,41.139625],[29.914098,41.140342],[29.918147,41.14146],[29.91791,41.141542],[29.917781,41.141617],[29.917613,41.141766],[29.917371,41.141823],[29.917255,41.141938],[29.917327,41.142068],[29.917307,41.142147],[29.917227,41.142247],[29.916945,41.142395],[29.916777,41.142459],[29.91661,41.142608],[29.916366,41.142637],[29.91584,41.142616],[29.915587,41.142716],[29.915342,41.142801],[29.915217,41.142813],[29.915024,41.14271],[29.914731,41.142622],[29.914429,41.142643],[29.914176,41.142634],[29.914072,41.142607],[29.913806,41.142501],[29.913252,41.142477],[29.912862,41.142429],[29.912444,41.142504],[29.912114,41.14258],[29.911813,41.142592],[29.911604,41.142652],[29.911523,41.142737],[29.911358,41.14287],[29.911274,41.143079],[29.910997,41.143182],[29.910804,41.143333],[29.910483,41.143406],[29.910129,41.143409],[29.90984,41.143406],[29.909369,41.143324],[29.909176,41.143279],[29.908974,41.143158],[29.908405,41.14281],[29.908155,41.142619],[29.908039,41.142435],[29.907958,41.14206],[29.907963,41.141614],[29.907832,41.141297],[29.907861,41.141169],[29.908057,41.140955],[29.908021,41.140798],[29.907644,41.14066],[29.907357,41.140696],[29.90719,41.141071],[29.907157,41.141924],[29.907167,41.142138],[29.90705,41.142226],[29.906788,41.142331],[29.906532,41.142386],[29.906443,41.142541],[29.906311,41.14261],[29.906084,41.142617],[29.906094,41.142477],[29.905993,41.142538],[29.905933,41.142659],[29.905652,41.142758],[29.905455,41.142777],[29.904972,41.14284],[29.904695,41.142898],[29.904434,41.142985],[29.904281,41.143001],[29.904061,41.142925],[29.90365,41.142916],[29.903329,41.142925],[29.903075,41.142846],[29.902762,41.142716],[29.902489,41.142695],[29.902328,41.142749],[29.902211,41.142755],[29.901934,41.142695],[29.901713,41.142707],[29.901443,41.142649],[29.901062,41.14278],[29.900889,41.142867],[29.900849,41.142995],[29.900732,41.143046],[29.900378,41.14311],[29.900362,41.14314],[29.900341,41.143276],[29.900021,41.143261],[29.899788,41.143333],[29.899542,41.143312],[29.899402,41.143222],[29.899438,41.14314],[29.899225,41.143064],[29.898883,41.143113],[29.898574,41.143225],[29.898437,41.14337],[29.898341,41.143488],[29.898152,41.143515],[29.89808,41.143494],[29.897875,41.143421],[29.897553,41.14337],[29.89744,41.143324],[29.89744,41.143243],[29.897501,41.143209],[29.897791,41.143212],[29.897746,41.143116],[29.897702,41.143113],[29.897404,41.143091],[29.897139,41.142992],[29.896974,41.142904],[29.896858,41.142825],[29.896729,41.142631],[29.896717,41.142544],[29.896552,41.142577],[29.896271,41.142689],[29.896094,41.142795],[29.895917,41.142837],[29.895648,41.142774],[29.895242,41.142813],[29.895499,41.14291],[29.89566,41.142997],[29.895676,41.143049],[29.895503,41.143146],[29.895346,41.143173],[29.895423,41.143324],[29.895073,41.143376],[29.8949,41.143315],[29.894587,41.143231],[29.894277,41.143219],[29.89406,41.143134],[29.893807,41.143055],[29.893578,41.142955],[29.893337,41.142801],[29.893309,41.142613],[29.893108,41.142429],[29.892786,41.142416],[29.892405,41.142426],[29.892091,41.142426],[29.891902,41.142413],[29.891477,41.142472],[29.89074,41.142592],[29.890524,41.142665],[29.89027,41.142704],[29.890005,41.142737],[29.889752,41.142698],[29.889551,41.142665],[29.889185,41.14261],[29.889097,41.142495],[29.888932,41.142362],[29.888421,41.142392],[29.888237,41.142416],[29.888144,41.142359],[29.88804,41.142289],[29.887919,41.142253],[29.887594,41.14228],[29.887268,41.142304],[29.886951,41.142289],[29.886701,41.14218],[29.886476,41.142105],[29.886299,41.142062],[29.885938,41.142011],[29.885749,41.142077],[29.88556,41.142183],[29.885383,41.142253],[29.885102,41.142259],[29.884543,41.142259],[29.88431,41.142235],[29.884089,41.142138],[29.883872,41.142035],[29.883675,41.141914],[29.88353,41.141738],[29.883381,41.141638],[29.88316,41.141396],[29.883016,41.141454],[29.882746,41.141569],[29.882545,41.141654],[29.882132,41.141611],[29.881959,41.141514],[29.881649,41.141469],[29.88144,41.141345],[29.881163,41.141263],[29.881038,41.141233],[29.880551,41.141078],[29.880383,41.141079],[29.880303,41.141012],[29.880178,41.140782],[29.879636,41.140519],[29.879467,41.140416],[29.8796,41.140292],[29.879366,41.140207],[29.879218,41.140016],[29.8791,41.139523],[29.878846,41.139377],[29.878457,41.139251],[29.878068,41.139236],[29.877631,41.139344],[29.877413,41.139372],[29.877089,41.139283],[29.876725,41.138976],[29.876255,41.139036],[29.875926,41.139016],[29.875819,41.138875],[29.875704,41.138815],[29.875082,41.139043],[29.874814,41.139173],[29.874434,41.139357],[29.874037,41.139659],[29.873618,41.139971],[29.873315,41.140356],[29.873185,41.140643],[29.873124,41.140963],[29.873159,41.141329],[29.873167,41.141545],[29.873325,41.141513],[29.873545,41.141447],[29.87368,41.141545],[29.873732,41.141638],[29.874114,41.141644],[29.874367,41.141808],[29.87433,41.141923],[29.874052,41.142019],[29.873901,41.142086],[29.873794,41.141959],[29.873652,41.141899],[29.873564,41.141805],[29.87296,41.141865],[29.872418,41.142186],[29.872116,41.142119],[29.871583,41.142199],[29.871272,41.142347],[29.87121,41.142286],[29.871334,41.142159],[29.871326,41.142012],[29.871476,41.141852],[29.871077,41.141725],[29.870588,41.141557],[29.87002,41.141751],[29.869878,41.142012],[29.870029,41.142454],[29.869798,41.142581],[29.869096,41.142266],[29.868981,41.142133],[29.868564,41.142373],[29.868302,41.142338],[29.868128,41.142199],[29.868359,41.142006],[29.868066,41.141885],[29.867663,41.14186],[29.867356,41.141771],[29.866975,41.141775],[29.866626,41.141723],[29.866369,41.141696],[29.866152,41.141635],[29.866184,41.141502],[29.866168,41.141411],[29.865983,41.141408],[29.865798,41.141333],[29.865404,41.141237],[29.864419,41.141358],[29.864218,41.141572],[29.864138,41.141699],[29.863595,41.141706],[29.863344,41.141941],[29.863081,41.142044],[29.862832,41.142198],[29.862534,41.14248],[29.862361,41.142659],[29.862152,41.142922],[29.861996,41.143158],[29.861763,41.14363],[29.861324,41.143621],[29.86037,41.143394],[29.860091,41.143406],[29.859749,41.143355],[29.859403,41.143291],[29.859138,41.143273],[29.858662,41.143265],[29.858314,41.143134],[29.857778,41.143015],[29.857563,41.142937],[29.857074,41.142924],[29.856606,41.142925],[29.856297,41.142976],[29.855858,41.143068],[29.855406,41.142978],[29.85528,41.142746],[29.855067,41.142619],[29.854703,41.142342],[29.854572,41.142159],[29.8541,41.141873],[29.85413,41.141631],[29.853839,41.141343],[29.85362,41.141329],[29.853447,41.141343],[29.852412,41.141903],[29.852299,41.141927],[29.852181,41.141911],[29.852111,41.141824],[29.85209,41.141714],[29.852196,41.141565],[29.852343,41.141481],[29.852571,41.141426],[29.853075,41.141164],[29.85308,41.1409],[29.853159,41.140773],[29.8533,41.140632],[29.853407,41.140579],[29.853572,41.140488],[29.853947,41.140301],[29.85423,41.140079],[29.854609,41.139913],[29.855367,41.139664],[29.855354,41.139487],[29.855353,41.139467],[29.855341,41.139311],[29.854974,41.139292],[29.854623,41.13933],[29.853564,41.139738],[29.853437,41.139557],[29.851407,41.14095],[29.851226,41.140881],[29.851226,41.140768],[29.851929,41.140293],[29.851815,41.139974],[29.851561,41.139728],[29.851051,41.13943],[29.850471,41.139174],[29.849791,41.138929],[29.84938,41.138929],[29.8488,41.138971],[29.848177,41.138993],[29.847639,41.138993],[29.847377,41.138723],[29.846785,41.138778],[29.845982,41.138642],[29.845318,41.138838],[29.844846,41.139088],[29.844082,41.139179],[29.843851,41.139338],[29.84361,41.139429],[29.842465,41.139489],[29.84151,41.139754],[29.840505,41.139822],[29.840164,41.139989],[29.83945,41.139996],[29.838948,41.140216],[29.837772,41.140193],[29.83719,41.140382],[29.836275,41.140556],[29.835994,41.14073],[29.835592,41.140783],[29.834948,41.140969],[29.834909,41.14098],[29.833412,41.141063],[29.831253,41.141301],[29.831211,41.141305],[29.830307,41.141502],[29.829373,41.141911],[29.827083,41.142284],[29.826887,41.1423],[29.825725,41.142395],[29.824932,41.142684],[29.823896,41.142682],[29.821927,41.143136],[29.821314,41.143182],[29.82063,41.14331],[29.820056,41.143335],[29.819543,41.143402],[29.819608,41.143644],[29.81943,41.143764],[29.818982,41.144059],[29.818762,41.14421],[29.8183,41.144499],[29.817842,41.144776],[29.816731,41.145424],[29.815512,41.146102],[29.814667,41.14637],[29.814326,41.146401],[29.814065,41.146573],[29.813999,41.146746],[29.813784,41.14689],[29.813573,41.14697],[29.812906,41.147243],[29.812249,41.147772],[29.811509,41.147981],[29.810981,41.147699],[29.810562,41.147807],[29.810188,41.148015],[29.809789,41.147978],[29.809521,41.147911],[29.808952,41.148064],[29.808627,41.148284],[29.808553,41.148483],[29.808635,41.148563],[29.808553,41.148584],[29.808484,41.148835],[29.808419,41.149098],[29.808301,41.149264],[29.807447,41.149628],[29.807148,41.14984],[29.806391,41.150052],[29.806127,41.150397],[29.805616,41.150569],[29.805167,41.150496],[29.804948,41.150629],[29.80471,41.150543],[29.804631,41.150682],[29.804191,41.150615],[29.80412,41.150708],[29.804173,41.150861],[29.80405,41.150967],[29.803768,41.15104],[29.803073,41.151404],[29.802501,41.151669],[29.801867,41.151961],[29.801999,41.151782],[29.801929,41.151735],[29.801418,41.151788],[29.799834,41.152299],[29.799702,41.152153],[29.799465,41.152259],[29.799262,41.152279],[29.799113,41.152451],[29.798514,41.152749],[29.798444,41.152784],[29.793167,41.019957]]]},"properties":{"hucre_kodu":"BZ-195","ilce":"Şile","alan_km2":119.41,"yogunluk_puani":22,"komsular":["BZ-194"]}},{"type":"Feature","geometry":{"type":"Polygon","coordinates":[[[27.970848,41.099825],[27.974184,41.098982],[27.976502,41.098524],[27.977436,41.099453],[27.977805,41.099216],[27.977951,41.098993],[27.978004,41.098515],[27.977889,41.098182],[27.978144,41.097489],[27.978262,41.097028],[27.978026,41.096688],[27.977507,41.0966],[27.97706,41.095629],[27.976722,41.094427],[27.976921,41.09385],[27.977117,41.093252],[27.977107,41.092788],[27.976996,41.092217],[27.976754,41.091602],[27.975837,41.090939],[27.975408,41.090519],[27.975185,41.090268],[27.975204,41.089807],[27.97515,41.089322],[27.975075,41.088732],[27.974768,41.087657],[27.975054,41.086993],[27.975376,41.086815],[27.975798,41.08641],[27.976652,41.086063],[27.977436,41.085659],[27.978298,41.084942],[27.97881,41.084547],[27.978938,41.084066],[27.97895,41.083597],[27.978755,41.082683],[27.978441,41.082208],[27.977532,41.081511],[27.976288,41.080855],[27.975526,41.080039],[27.975001,41.079634],[27.974925,41.078963],[27.974665,41.077907],[27.975118,41.076715],[27.975397,41.075663],[27.975606,41.075248],[27.975977,41.075162],[27.97632,41.075421],[27.977028,41.075534],[27.97824,41.075534],[27.97956,41.075615],[27.980354,41.075954],[27.98101,41.076032],[27.981652,41.075655],[27.981942,41.075404],[27.981977,41.074984],[27.981824,41.074361],[27.981854,41.073819],[27.981628,41.073228],[27.981319,41.072776],[27.981076,41.072249],[27.981083,41.072064],[27.981298,41.071821],[27.981693,41.071553],[27.982306,41.071449],[27.982864,41.071554],[27.983667,41.07194],[27.983991,41.071854],[27.98399,41.071647],[27.983843,41.071319],[27.983648,41.070988],[27.983415,41.070762],[27.983,41.070519],[27.982354,41.070163],[27.981969,41.069848],[27.981605,41.06939],[27.981275,41.069047],[27.98089,41.068799],[27.980676,41.068579],[27.980571,41.068326],[27.980391,41.068042],[27.980179,41.067777],[27.979976,41.067637],[27.979661,41.06748],[27.978975,41.067227],[27.978589,41.066942],[27.977757,41.066604],[27.976856,41.066265],[27.975753,41.06614],[27.975443,41.065883],[27.975348,41.065614],[27.975702,41.064918],[27.97606,41.06452],[27.976653,41.063605],[27.97731,41.062912],[27.977514,41.062453],[27.977292,41.060914],[27.978534,41.058829],[27.978747,41.058235],[27.978785,41.0576],[27.978679,41.057004],[27.977847,41.053498],[27.977392,41.051684],[27.977628,41.051225],[27.97813,41.049336],[27.977128,41.04864],[27.976527,41.048056],[27.976526,41.047313],[27.976096,41.046723],[27.97471,41.044874],[27.973917,41.043426],[27.973863,41.042427],[27.974187,41.042072],[27.975027,41.041835],[27.976893,41.042089],[27.976978,41.042487],[27.976816,41.043325],[27.976569,41.043871],[27.980397,41.043656],[27.980611,41.041192],[27.98119,41.04051],[27.981696,41.040136],[27.981877,41.04048],[27.982478,41.041232],[27.984444,41.043206],[27.985937,41.044002],[27.990782,41.043215],[27.992298,41.042841],[27.992979,41.042147],[27.993335,41.04186],[27.993809,41.041665],[27.994022,41.041467],[27.994325,41.041145],[27.994655,41.039848],[27.994709,41.038764],[27.994893,41.038238],[27.995315,41.038114],[27.995739,41.038398],[27.996163,41.039105],[28.001604,41.03955],[28.003708,41.040052],[28.005377,41.040101],[28.006413,41.036921],[28.006436,41.036085],[28.005794,41.033421],[28.006579,41.032879],[28.007133,41.032476],[28.007583,41.032058],[28.008715,41.032872],[28.008904,41.03265],[28.009805,41.033273],[28.01077,41.033953],[28.011607,41.034463],[28.013217,41.035385],[28.013249,41.034786],[28.013281,41.03456],[28.013433,41.034252],[28.014003,41.034512],[28.014248,41.034624],[28.014462,41.034701],[28.014627,41.034764],[28.014899,41.034844],[28.015086,41.034915],[28.015297,41.034963],[28.015579,41.035003],[28.015961,41.035037],[28.01617,41.035053],[28.016294,41.035063],[28.016428,41.035058],[28.01651,41.035071],[28.016658,41.035139],[28.0168,41.035181],[28.016949,41.035202],[28.017068,41.035292],[28.017187,41.035383],[28.017291,41.035454],[28.01744,41.035535],[28.017662,41.035613],[28.018148,41.035747],[28.018417,41.035823],[28.018538,41.035846],[28.018622,41.035844],[28.018674,41.035864],[28.018733,41.035912],[28.018967,41.03614],[28.019193,41.036348],[28.019423,41.036545],[28.019616,41.036661],[28.019828,41.036777],[28.020119,41.036913],[28.020258,41.036968],[28.020451,41.037022],[28.020648,41.037081],[28.020852,41.037166],[28.020938,41.037217],[28.021073,41.03732],[28.021112,41.037377],[28.021153,41.037416],[28.021193,41.037444],[28.021253,41.037476],[28.021297,41.037489],[28.021354,41.03752],[28.021475,41.037607],[28.021801,41.037833],[28.021972,41.037955],[28.022067,41.038021],[28.022115,41.038052],[28.02217,41.038082],[28.022306,41.038138],[28.022423,41.038185],[28.022493,41.03821],[28.022551,41.038223],[28.02261,41.038232],[28.02267,41.038236],[28.02271,41.038242],[28.02275,41.038251],[28.022783,41.038266],[28.022913,41.038344],[28.023063,41.038451],[28.02321,41.038545],[28.02329,41.038598],[28.023367,41.03865],[28.023417,41.038681],[28.023468,41.038707],[28.02364,41.038791],[28.023784,41.038858],[28.023958,41.038953],[28.024116,41.039029],[28.024246,41.03909],[28.024385,41.039158],[28.024524,41.039234],[28.024598,41.039264],[28.024777,41.039329],[28.024956,41.039399],[28.025153,41.039481],[28.025277,41.039531],[28.025426,41.039563],[28.025513,41.039568],[28.02566,41.039533],[28.025745,41.039499],[28.025827,41.039512],[28.025896,41.039549],[28.02604,41.039657],[28.026235,41.039767],[28.026578,41.039905],[28.026991,41.040082],[28.027429,41.040223],[28.027961,41.04039],[28.028423,41.040514],[28.028935,41.040631],[28.029191,41.04069],[28.029288,41.040738],[28.029342,41.040751],[28.0294,41.040767],[28.029465,41.040795],[28.029514,41.040822],[28.029566,41.040841],[28.029639,41.040862],[28.029701,41.04088],[28.029776,41.040896],[28.029877,41.040909],[28.029977,41.040922],[28.030031,41.040933],[28.030112,41.040961],[28.0302,41.041],[28.030292,41.041046],[28.030385,41.041095],[28.030468,41.041139],[28.030555,41.041183],[28.030656,41.041211],[28.031086,41.041303],[28.031439,41.041396],[28.032298,41.041607],[28.032644,41.041652],[28.032827,41.041666],[28.033077,41.041676],[28.033299,41.041651],[28.033751,41.041575],[28.034028,41.041526],[28.034342,41.041483],[28.034445,41.041487],[28.034527,41.04151],[28.034652,41.041528],[28.034766,41.041525],[28.034845,41.041535],[28.034989,41.041574],[28.035114,41.041571],[28.035197,41.041538],[28.035271,41.041457],[28.035309,41.041376],[28.035345,41.041346],[28.035404,41.041353],[28.035521,41.041387],[28.035882,41.041445],[28.036136,41.041489],[28.036272,41.04149],[28.036371,41.041478],[28.03648,41.041438],[28.036621,41.041445],[28.036741,41.041473],[28.036813,41.041529],[28.036939,41.041584],[28.037088,41.041622],[28.037485,41.041636],[28.037539,41.041566],[28.037506,41.041506],[28.037882,41.041339],[28.037899,41.041077],[28.037973,41.041086],[28.037985,41.041222],[28.038143,41.041269],[28.038283,41.041305],[28.038737,41.04137],[28.038879,41.041388],[28.039068,41.041385],[28.039291,41.04138],[28.039616,41.04139],[28.039833,41.041426],[28.03995,41.041426],[28.040014,41.041406],[28.040087,41.041365],[28.040165,41.04134],[28.040204,41.041357],[28.040203,41.041412],[28.04023,41.041477],[28.040284,41.041542],[28.040371,41.041608],[28.040479,41.041655],[28.040587,41.04168],[28.040735,41.041711],[28.040858,41.041751],[28.041052,41.041862],[28.041208,41.041936],[28.041343,41.041961],[28.041495,41.041968],[28.041673,41.041967],[28.041789,41.041948],[28.041867,41.041929],[28.041925,41.041894],[28.041979,41.041888],[28.042094,41.041908],[28.042182,41.041947],[28.042324,41.041996],[28.042466,41.042021],[28.042576,41.042009],[28.042708,41.042008],[28.042846,41.042021],[28.04302,41.042051],[28.043145,41.042082],[28.043257,41.042143],[28.043418,41.042242],[28.043573,41.042328],[28.043699,41.042382],[28.043852,41.042441],[28.04413,41.042523],[28.044262,41.042564],[28.044369,41.042592],[28.044483,41.042609],[28.044604,41.042643],[28.044719,41.042675],[28.044867,41.042707],[28.044996,41.042735],[28.045028,41.042802],[28.045125,41.042902],[28.045319,41.043059],[28.045504,41.043196],[28.045678,41.04331],[28.046367,41.043696],[28.047123,41.044109],[28.047561,41.044293],[28.047999,41.044457],[28.048358,41.044601],[28.048564,41.044647],[28.048601,41.044463],[28.048645,41.044466],[28.04863,41.044554],[28.048822,41.044644],[28.04908,41.044776],[28.049287,41.044882],[28.04937,41.044904],[28.049469,41.044919],[28.049593,41.04493],[28.04968,41.044942],[28.049764,41.044971],[28.049898,41.045025],[28.050042,41.04509],[28.050162,41.045151],[28.050306,41.045248],[28.050445,41.045372],[28.050707,41.0456],[28.050951,41.045804],[28.051068,41.045897],[28.051185,41.045985],[28.051329,41.04605],[28.051417,41.046088],[28.051519,41.0461],[28.051643,41.046133],[28.051768,41.046173],[28.051895,41.04625],[28.052001,41.046317],[28.052239,41.046487],[28.052428,41.046616],[28.052598,41.046713],[28.05277,41.046785],[28.05299,41.046868],[28.053121,41.046888],[28.053225,41.0469],[28.053326,41.046899],[28.053444,41.046867],[28.053593,41.046813],[28.053637,41.046807],[28.053759,41.046853],[28.053859,41.046909],[28.05397,41.046968],[28.054047,41.046991],[28.054123,41.047001],[28.054157,41.04703],[28.054207,41.047103],[28.054334,41.04725],[28.054437,41.047349],[28.054528,41.047416],[28.05465,41.047496],[28.054797,41.047562],[28.054979,41.047656],[28.055109,41.047701],[28.055218,41.047733],[28.055406,41.047778],[28.055486,41.0478],[28.055568,41.047848],[28.05567,41.047912],[28.055808,41.04797],[28.055931,41.048029],[28.056008,41.048077],[28.05621,41.048235],[28.056396,41.048349],[28.056541,41.048441],[28.056587,41.048469],[28.056639,41.048476],[28.056681,41.048465],[28.056725,41.048549],[28.056784,41.048647],[28.056918,41.048787],[28.057037,41.048885],[28.057165,41.048968],[28.057392,41.049094],[28.05749,41.049135],[28.057541,41.049154],[28.057579,41.049156],[28.057623,41.049152],[28.057756,41.049184],[28.057861,41.049203],[28.057954,41.049261],[28.05812,41.049409],[28.05858,41.049679],[28.059185,41.050064],[28.059576,41.05027],[28.060077,41.050592],[28.060547,41.050877],[28.06108,41.051213],[28.061318,41.051346],[28.061472,41.05138],[28.061636,41.051462],[28.061777,41.051387],[28.061835,41.051339],[28.06195,41.051276],[28.062445,41.051623],[28.062509,41.051701],[28.063214,41.052263],[28.063815,41.052669],[28.064269,41.052921],[28.064621,41.053145],[28.064933,41.053283],[28.065235,41.053426],[28.06546,41.05353],[28.066132,41.053823],[28.067087,41.054272],[28.068111,41.054737],[28.068235,41.054794],[28.068685,41.054975],[28.069203,41.055184],[28.069565,41.055262],[28.069999,41.055267],[28.070471,41.055469],[28.071314,41.055801],[28.071725,41.055975],[28.073587,41.056371],[28.074352,41.056522],[28.075024,41.056732],[28.075417,41.056759],[28.076259,41.056905],[28.077106,41.056981],[28.077943,41.0572],[28.078839,41.057257],[28.079789,41.057421],[28.08063,41.057437],[28.081216,41.057633],[28.081828,41.057659],[28.083184,41.057646],[28.084206,41.057893],[28.085901,41.057877],[28.087262,41.058121],[28.087945,41.058371],[28.089301,41.058359],[28.090724,41.058618],[28.091419,41.058518],[28.091867,41.05835],[28.092692,41.058327],[28.093175,41.05848],[28.093925,41.058642],[28.094838,41.058793],[28.095641,41.058838],[28.096504,41.059015],[28.097097,41.059022],[28.098079,41.059287],[28.098214,41.059184],[28.099327,41.059299],[28.100207,41.059502],[28.100777,41.059562],[28.100939,41.05957],[28.101332,41.059669],[28.101646,41.059672],[28.102068,41.059726],[28.102817,41.059908],[28.103466,41.060016],[28.104104,41.060074],[28.105952,41.060254],[28.10658,41.060307],[28.107223,41.060482],[28.107669,41.060499],[28.108294,41.060596],[28.109396,41.060894],[28.110388,41.06092],[28.113769,41.061206],[28.11727,41.061427],[28.119144,41.060713],[28.11986,41.060376],[28.120789,41.060179],[28.121094,41.059955],[28.121577,41.059895],[28.121874,41.060024],[28.122596,41.059899],[28.122851,41.05965],[28.122821,41.060185],[28.123251,41.060647],[28.124059,41.061253],[28.124356,41.061302],[28.124287,41.061445],[28.124957,41.062475],[28.125447,41.062946],[28.125526,41.063537],[28.126499,41.063998],[28.126843,41.064056],[28.127246,41.064488],[28.127386,41.064584],[28.09085,41.142786],[28.066046,41.150802],[27.98158,41.158433],[27.980826,41.157356],[27.979968,41.155741],[27.979646,41.154755],[27.978701,41.152391],[27.978605,41.15137],[27.978948,41.150239],[27.97927,41.149553],[27.979345,41.149213],[27.979592,41.148308],[27.979612,41.14757],[27.980075,41.146547],[27.980322,41.145869],[27.980504,41.14515],[27.980665,41.144374],[27.980708,41.143792],[27.980547,41.142976],[27.980209,41.141764],[27.980032,41.140819],[27.979495,41.13947],[27.97882,41.138476],[27.978562,41.137005],[27.978658,41.135551],[27.97839,41.134269],[27.977339,41.131381],[27.976685,41.129991],[27.976395,41.128803],[27.976105,41.127979],[27.974539,41.124859],[27.974131,41.124197],[27.973356,41.122991],[27.974861,41.123332],[27.975824,41.123373],[27.975644,41.119525],[27.975436,41.117763],[27.974925,41.116066],[27.974056,41.114611],[27.973241,41.113204],[27.972453,41.111998],[27.972404,41.111725],[27.972532,41.111483],[27.97323,41.111434],[27.973745,41.11128],[27.974142,41.111256],[27.974925,41.111272],[27.975526,41.111095],[27.975794,41.111038],[27.976577,41.111305],[27.977362,41.11143],[27.975561,41.109839],[27.974528,41.109631],[27.973627,41.109316],[27.972873,41.108886],[27.97298,41.108699],[27.974088,41.10829],[27.974979,41.107974],[27.975687,41.107514],[27.975816,41.107213],[27.975687,41.10656],[27.975472,41.105978],[27.974783,41.104734],[27.973423,41.102542],[27.972179,41.100836],[27.971717,41.100391],[27.970848,41.099825]]]},"properties":{"hucre_kodu":"BZ-196","ilce":"Silivri","alan_km2":129.63,"yogunluk_puani":1,"komsular":["BZ-204","BZ-200","BZ-198","BZ-197"]}},{"type":"Feature","geometry":{"type":"Polygon","coordinates":[[[27.98158,41.158433],[28.066046,41.150802],[28.113202,41.296595],[28.084571,41.33706],[28.084188,41.336114],[28.083612,41.335486],[28.083161,41.334206],[28.082438,41.333576],[28.082119,41.333036],[28.081982,41.332442],[28.082178,41.332178],[28.082075,41.33167],[28.082168,41.331002],[28.082026,41.330544],[28.081759,41.330184],[28.081296,41.329298],[28.08088,41.328752],[28.080682,41.328426],[28.080385,41.327696],[28.080229,41.327544],[28.08006,41.327194],[28.079883,41.327007],[28.079796,41.326649],[28.079735,41.3264],[28.079501,41.325843],[28.079541,41.325679],[28.079578,41.325529],[28.080014,41.325223],[28.080325,41.325106],[28.080497,41.324853],[28.080432,41.324466],[28.080243,41.3241],[28.079355,41.323196],[28.079826,41.323022],[28.079553,41.32242],[28.079242,41.321756],[28.078941,41.321275],[28.07875,41.32107],[28.07864,41.320941],[28.07787,41.321122],[28.077823,41.320272],[28.078088,41.319764],[28.078101,41.317724],[28.077884,41.316684],[28.077912,41.314955],[28.077895,41.314692],[28.078044,41.314473],[28.07764,41.314242],[28.077787,41.313682],[28.078069,41.312744],[28.07818,41.311909],[28.078059,41.310783],[28.077829,41.309542],[28.07713,41.308313],[28.076822,41.305734],[28.076769,41.304394],[28.076767,41.303656],[28.076614,41.303009],[28.076433,41.302164],[28.077247,41.301725],[28.078119,41.30133],[28.078364,41.301096],[28.07825,41.30064],[28.077581,41.300259],[28.077088,41.299869],[28.076366,41.298954],[28.075751,41.298296],[28.075092,41.296702],[28.07519,41.296141],[28.076262,41.29581],[28.076295,41.295432],[28.075898,41.294837],[28.075702,41.294262],[28.075831,41.293005],[28.075928,41.292415],[28.076331,41.291902],[28.07578,41.291221],[28.075417,41.290382],[28.075647,41.289899],[28.076057,41.289583],[28.076516,41.289436],[28.076659,41.289086],[28.076834,41.288423],[28.076731,41.287925],[28.075772,41.287174],[28.073946,41.286285],[28.072136,41.284986],[28.071815,41.282566],[28.070862,41.281768],[28.069499,41.281077],[28.068828,41.280361],[28.06788,41.279533],[28.067524,41.279002],[28.066623,41.278605],[28.066179,41.278072],[28.065376,41.277685],[28.063574,41.277826],[28.063118,41.277723],[28.062635,41.277167],[28.062186,41.276204],[28.061672,41.274957],[28.058901,41.272003],[28.058373,41.270242],[28.057631,41.269155],[28.057252,41.268342],[28.057587,41.268218],[28.057852,41.268006],[28.05705,41.267966],[28.056211,41.26772],[28.056107,41.266897],[28.055451,41.267082],[28.054683,41.267269],[28.054006,41.267176],[28.052522,41.266948],[28.051163,41.267108],[28.05072,41.26691],[28.050253,41.26672],[28.04969,41.266499],[28.048671,41.266127],[28.047715,41.265889],[28.045856,41.265325],[28.045917,41.265155],[28.045123,41.264846],[28.043578,41.264048],[28.043485,41.263946],[28.043074,41.263711],[28.042162,41.263193],[28.041412,41.262658],[28.039838,41.26173],[28.038407,41.2607],[28.036942,41.259667],[28.036297,41.259355],[28.034472,41.258281],[28.032297,41.257184],[28.031423,41.256817],[28.030143,41.256121],[28.028045,41.255245],[28.025262,41.254264],[28.023401,41.253457],[28.022423,41.253293],[28.020654,41.252994],[28.019748,41.252522],[28.018926,41.2523],[28.017512,41.252181],[28.016388,41.252562],[28.015532,41.252281],[28.015092,41.25183],[28.013367,41.250266],[28.009633,41.248021],[28.006457,41.245702],[28.003915,41.244089],[28.002535,41.242458],[28.001018,41.240999],[28.000381,41.240615],[27.999863,41.239433],[27.999679,41.239097],[28.000088,41.238437],[27.998829,41.236309],[27.998604,41.23494],[27.99852,41.233529],[27.997843,41.231187],[27.997472,41.2304],[27.997553,41.229245],[27.997814,41.226364],[27.998263,41.222643],[27.998309,41.222419],[27.998437,41.222149],[27.998711,41.221886],[27.999194,41.221277],[28.000132,41.220129],[28.000755,41.219405],[28.001384,41.218694],[28.002219,41.217795],[28.003035,41.217016],[28.004504,41.215725],[28.006112,41.214062],[28.006656,41.213449],[28.007108,41.21284],[28.007739,41.211592],[28.008131,41.211007],[28.008791,41.209873],[28.009316,41.209175],[28.009773,41.208545],[28.009981,41.208235],[28.010089,41.20788],[28.010282,41.207609],[28.010667,41.207108],[28.010711,41.206931],[28.010808,41.206439],[28.010957,41.205816],[28.011172,41.20547],[28.011312,41.205099],[28.011538,41.204873],[28.012188,41.204265],[28.012637,41.203747],[28.013543,41.202698],[28.014916,41.201632],[28.01622,41.200823],[28.017064,41.198695],[28.017299,41.198269],[28.017476,41.197943],[28.017519,41.197571],[28.018007,41.197168],[28.018398,41.197047],[28.018463,41.196881],[28.018377,41.196207],[28.018795,41.195577],[28.018854,41.195279],[28.018745,41.195137],[28.018978,41.194415],[28.019171,41.193551],[28.019283,41.19282],[28.019348,41.192634],[28.01938,41.192316],[28.019429,41.192145],[28.019723,41.191823],[28.0199,41.191537],[28.019895,41.191339],[28.019804,41.191198],[28.019863,41.190846],[28.019872,41.190554],[28.019852,41.190253],[28.019975,41.189813],[28.01992,41.18896],[28.020233,41.188214],[28.020126,41.187956],[28.020126,41.187689],[28.020319,41.187342],[28.020544,41.186785],[28.020587,41.186567],[28.020726,41.186365],[28.020834,41.186147],[28.020844,41.185824],[28.020748,41.185348],[28.020725,41.184666],[28.020763,41.184094],[28.020971,41.183762],[28.021456,41.183249],[28.02152,41.183079],[28.021885,41.182352],[28.022239,41.182207],[28.022454,41.181924],[28.02334,41.181296],[28.023183,41.179074],[28.022001,41.177195],[28.021514,41.175574],[28.021488,41.173938],[28.020351,41.17229],[28.018554,41.171512],[28.016961,41.171499],[28.016124,41.169335],[28.017004,41.168107],[28.016789,41.167009],[28.015823,41.166702],[28.014573,41.166924],[28.012956,41.166937],[28.012583,41.165959],[28.012646,41.164951],[28.013624,41.16234],[28.013055,41.162227],[28.01209,41.162171],[28.011811,41.162001],[28.010866,41.161881],[28.009654,41.162001],[28.008163,41.162074],[28.006194,41.162114],[28.005322,41.16202],[28.004708,41.161944],[28.004086,41.161932],[28.002286,41.161939],[28.001071,41.161896],[27.99995,41.161811],[27.998872,41.161759],[27.997048,41.161795],[27.995449,41.161856],[27.994317,41.161815],[27.992155,41.161577],[27.991839,41.161625],[27.991549,41.161682],[27.990562,41.161822],[27.989666,41.162013],[27.988974,41.162166],[27.988551,41.162114],[27.987703,41.162162],[27.985999,41.162179],[27.98501,41.162146],[27.984279,41.161993],[27.983637,41.160951],[27.983218,41.160442],[27.982464,41.15974],[27.981867,41.158843],[27.98158,41.158433]]]},"properties":{"hucre_kodu":"BZ-197","ilce":"Silivri","alan_km2":95.84,"yogunluk_puani":0,"komsular":["BZ-196","BZ-198","BZ-199","BZ-089"]}},{"type":"Feature","geometry":{"type":"Polygon","coordinates":[[[28.066046,41.150802],[28.09085,41.142786],[28.146644,41.171829],[28.183471,41.203652],[28.20602,41.235102],[28.113202,41.296595],[28.066046,41.150802]]]},"properties":{"hucre_kodu":"BZ-198","ilce":"Silivri","alan_km2":102.37,"yogunluk_puani":1,"komsular":["BZ-202","BZ-199","BZ-197","BZ-196","BZ-200","BZ-201"]}},{"type":"Feature","geometry":{"type":"Polygon","coordinates":[[[28.084571,41.33706],[28.113202,41.296595],[28.20602,41.235102],[28.307823,41.275205],[28.307744,41.279994],[28.241673,41.352313],[28.09607,41.379874],[28.095543,41.37875],[28.094829,41.377396],[28.092125,41.375022],[28.090539,41.372703],[28.089358,41.369575],[28.089402,41.36763],[28.089423,41.366503],[28.089406,41.365726],[28.089074,41.363904],[28.089143,41.361697],[28.088725,41.360067],[28.088651,41.359465],[28.088586,41.358821],[28.088844,41.357307],[28.08903,41.355504],[28.088824,41.355052],[28.088565,41.354617],[28.088307,41.354295],[28.0879,41.353868],[28.087825,41.353619],[28.087857,41.352966],[28.087739,41.352418],[28.087868,41.351959],[28.088393,41.351138],[28.089006,41.35033],[28.08871,41.349552],[28.089123,41.348577],[28.089283,41.348242],[28.089917,41.347481],[28.089766,41.346273],[28.089041,41.34512],[28.087897,41.342176],[28.087035,41.340232],[28.086612,41.339314],[28.085046,41.338114],[28.084796,41.337635],[28.084674,41.337315],[28.084571,41.33706]]]},"properties":{"hucre_kodu":"BZ-199","ilce":"Silivri","alan_km2":174.44,"yogunluk_puani":1,"komsular":["BZ-091","BZ-090","BZ-089","BZ-197","BZ-198","BZ-202"]}},{"type":"Feature","geometry":{"type":"Polygon","coordinates":[[[28.09085,41.142786],[28.127386,41.064584],[28.12814,41.0651],[28.12826,41.065178],[28.129066,41.065511],[28.129893,41.065802],[28.130107,41.065869],[28.130242,41.065903],[28.130406,41.065899],[28.13053,41.065917],[28.130885,41.06602],[28.131094,41.066119],[28.131217,41.066128],[28.131324,41.066175],[28.131599,41.066353],[28.131878,41.066449],[28.132534,41.066636],[28.132794,41.066649],[28.133014,41.066733],[28.133287,41.066759],[28.13348,41.066813],[28.13384,41.066934],[28.135446,41.067262],[28.136733,41.067398],[28.13798,41.067427],[28.139667,41.068141],[28.140481,41.068251],[28.140928,41.068452],[28.142975,41.069032],[28.143515,41.069045],[28.143852,41.069139],[28.145299,41.069261],[28.145858,41.069187],[28.146633,41.069263],[28.147883,41.069545],[28.149442,41.069592],[28.150017,41.069773],[28.150575,41.069886],[28.151295,41.06999],[28.152054,41.070105],[28.152064,41.069972],[28.15243,41.070008],[28.152446,41.069919],[28.152495,41.069918],[28.152491,41.070013],[28.152715,41.070034],[28.152789,41.070034],[28.153144,41.070042],[28.154223,41.069867],[28.154219,41.069811],[28.154386,41.069771],[28.154396,41.069796],[28.154455,41.069771],[28.154443,41.069753],[28.154589,41.069694],[28.154608,41.069747],[28.154763,41.069701],[28.15495,41.06962],[28.154907,41.069508],[28.154845,41.069478],[28.15483,41.069429],[28.154858,41.0694],[28.154909,41.06938],[28.154956,41.069383],[28.155002,41.06941],[28.155011,41.069452],[28.154992,41.069457],[28.154991,41.069492],[28.155027,41.069553],[28.155076,41.069569],[28.155155,41.069551],[28.155777,41.069628],[28.156335,41.070287],[28.156636,41.070498],[28.156995,41.07061],[28.157455,41.070835],[28.157795,41.070861],[28.158272,41.071058],[28.158719,41.071153],[28.159126,41.071281],[28.159602,41.07134],[28.16006,41.071464],[28.160991,41.071777],[28.161687,41.071786],[28.16215,41.071977],[28.163182,41.072199],[28.163714,41.072118],[28.164426,41.072435],[28.165159,41.072473],[28.165457,41.072558],[28.165783,41.072547],[28.16674,41.072715],[28.167268,41.072742],[28.168576,41.072728],[28.168919,41.072788],[28.169256,41.072917],[28.169883,41.073004],[28.170576,41.072941],[28.171156,41.072974],[28.172004,41.073117],[28.173304,41.073108],[28.174602,41.073298],[28.175255,41.073366],[28.175914,41.073343],[28.176501,41.073273],[28.17849,41.073318],[28.181632,41.073386],[28.182909,41.073237],[28.183891,41.073257],[28.184443,41.073237],[28.184886,41.073284],[28.186042,41.073132],[28.186643,41.073116],[28.187344,41.072951],[28.187684,41.072825],[28.187841,41.072794],[28.187959,41.072636],[28.188252,41.072709],[28.188422,41.072752],[28.188853,41.072861],[28.190971,41.072756],[28.193007,41.072735],[28.196728,41.072183],[28.199437,41.071898],[28.200789,41.071627],[28.201462,41.071364],[28.202364,41.071094],[28.204653,41.071025],[28.205815,41.070819],[28.205862,41.07054],[28.20639,41.070395],[28.20698,41.070391],[28.208229,41.07034],[28.210936,41.070368],[28.218338,41.088583],[28.216179,41.098121],[28.146644,41.171829],[28.09085,41.142786]]]},"properties":{"hucre_kodu":"BZ-200","ilce":"Silivri","alan_km2":75.44,"yogunluk_puani":2,"komsular":["BZ-203","BZ-201","BZ-198","BZ-196","BZ-204"]}},{"type":"Feature","geometry":{"type":"Polygon","coordinates":[[[28.146644,41.171829],[28.216179,41.098121],[28.225299,41.134375],[28.183471,41.203652],[28.146644,41.171829]]]},"properties":{"hucre_kodu":"BZ-201","ilce":"Silivri","alan_km2":33.09,"yogunluk_puani":1,"komsular":["BZ-203","BZ-202","BZ-198","BZ-200"]}},{"type":"Feature","geometry":{"type":"Polygon","coordinates":[[[28.183471,41.203652],[28.225299,41.134375],[28.341831,41.160109],[28.365487,41.192946],[28.361499,41.203767],[28.354006,41.218843],[28.307823,41.275205],[28.20602,41.235102],[28.183471,41.203652]]]},"properties":{"hucre_kodu":"BZ-202","ilce":"Silivri","alan_km2":152.45,"yogunluk_puani":3,"komsular":["BZ-094","BZ-093","BZ-091","BZ-199","BZ-198","BZ-201","BZ-203","BZ-205"]}},{"type":"Feature","geometry":{"type":"Polygon","coordinates":[[[28.216179,41.098121],[28.218338,41.088583],[28.326437,41.131553],[28.341831,41.160109],[28.225299,41.134375],[28.216179,41.098121]]]},"properties":{"hucre_kodu":"BZ-203","ilce":"Silivri","alan_km2":36.23,"yogunluk_puani":2,"komsular":["BZ-204","BZ-205","BZ-202","BZ-201","BZ-200"]}},{"type":"Feature","geometry":{"type":"Polygon","coordinates":[[[28.210936,41.070368],[28.210981,41.070368],[28.211413,41.070405],[28.211489,41.070412],[28.211952,41.070776],[28.212452,41.07085],[28.212818,41.070724],[28.21305,41.070835],[28.21332,41.070964],[28.213794,41.071248],[28.213873,41.071673],[28.213944,41.072398],[28.214224,41.072728],[28.214858,41.073109],[28.215394,41.07383],[28.21614,41.074408],[28.21659,41.074745],[28.217323,41.07542],[28.218211,41.075843],[28.218516,41.076319],[28.218826,41.076514],[28.218877,41.076579],[28.218877,41.076662],[28.219061,41.076825],[28.219797,41.077163],[28.219984,41.077229],[28.220217,41.077293],[28.220842,41.077441],[28.221284,41.077524],[28.221989,41.077638],[28.22254,41.077672],[28.222733,41.077705],[28.223307,41.077738],[28.223864,41.077792],[28.224412,41.0778],[28.224933,41.077842],[28.225374,41.077869],[28.225848,41.077859],[28.226739,41.077813],[28.227493,41.077855],[28.228063,41.077874],[28.231773,41.077718],[28.232265,41.077447],[28.234142,41.077436],[28.234821,41.077429],[28.235715,41.077361],[28.235821,41.077368],[28.235988,41.077403],[28.236213,41.07745],[28.236296,41.077344],[28.236444,41.077237],[28.237541,41.076899],[28.239783,41.076062],[28.240873,41.075619],[28.242005,41.075044],[28.242115,41.074967],[28.242165,41.07499],[28.242269,41.074877],[28.242369,41.07477],[28.241695,41.074478],[28.24144,41.074368],[28.240606,41.073836],[28.240497,41.073748],[28.240281,41.073641],[28.239948,41.073549],[28.239941,41.073485],[28.240526,41.073495],[28.240674,41.073551],[28.24137,41.073812],[28.242051,41.074219],[28.24216,41.074239],[28.242318,41.074219],[28.242679,41.074022],[28.242844,41.07345],[28.243092,41.072767],[28.242903,41.07274],[28.242955,41.072563],[28.241744,41.072328],[28.240633,41.072109],[28.240658,41.072058],[28.2418,41.072272],[28.242979,41.072499],[28.243023,41.072307],[28.242618,41.071346],[28.242679,41.071308],[28.242369,41.071089],[28.241369,41.071488],[28.240973,41.071304],[28.240998,41.071258],[28.240305,41.070923],[28.240114,41.071034],[28.24004,41.071008],[28.239426,41.071814],[28.239019,41.072365],[28.23889,41.072295],[28.238497,41.072751],[28.238519,41.072795],[28.238512,41.07288],[28.238399,41.072928],[28.238283,41.07295],[28.238223,41.07292],[28.238193,41.072865],[28.2382,41.072806],[28.238267,41.072674],[28.239819,41.070771],[28.240387,41.07011],[28.240487,41.070112],[28.240624,41.070191],[28.24064,41.07028],[28.240573,41.070315],[28.240505,41.070312],[28.240301,41.070469],[28.240223,41.070663],[28.240224,41.070819],[28.241052,41.071195],[28.241252,41.0713],[28.242162,41.070932],[28.242743,41.070584],[28.242796,41.070417],[28.243203,41.070171],[28.243619,41.06994],[28.244125,41.069696],[28.2443,41.069605],[28.244793,41.069528],[28.245857,41.06925],[28.246229,41.069232],[28.246704,41.069249],[28.24703,41.06918],[28.247908,41.068923],[28.248546,41.068729],[28.249351,41.06844],[28.250007,41.068125],[28.250246,41.067893],[28.250519,41.067714],[28.250679,41.067401],[28.251173,41.067031],[28.251582,41.066818],[28.251984,41.066611],[28.252237,41.066435],[28.252245,41.066282],[28.252586,41.06607],[28.25323,41.065752],[28.253528,41.065502],[28.253842,41.065181],[28.254145,41.06499],[28.254585,41.064872],[28.254853,41.064784],[28.255192,41.0646],[28.255609,41.064497],[28.256176,41.064252],[28.256958,41.064097],[28.257971,41.063829],[28.259307,41.062787],[28.259981,41.062523],[28.26032,41.06252],[28.261003,41.062769],[28.265082,41.063238],[28.265421,41.063234],[28.268129,41.062947],[28.27186,41.062906],[28.27356,41.063144],[28.274238,41.063137],[28.274912,41.062873],[28.277285,41.062846],[28.277974,41.063352],[28.278228,41.063639],[28.279053,41.06371],[28.280352,41.063582],[28.281988,41.06341],[28.282556,41.063379],[28.28316,41.06328],[28.284656,41.063136],[28.286193,41.06294],[28.287459,41.062733],[28.289301,41.062493],[28.289376,41.062424],[28.290415,41.062308],[28.290388,41.062191],[28.290429,41.06219],[28.290484,41.062297],[28.290527,41.062299],[28.29057,41.062367],[28.291243,41.06223],[28.291804,41.06221],[28.292771,41.062021],[28.293561,41.061906],[28.294105,41.06183],[28.296005,41.061524],[28.296263,41.061506],[28.297089,41.061361],[28.297811,41.061192],[28.298485,41.061136],[28.298848,41.06102],[28.300613,41.060768],[28.301149,41.060731],[28.302938,41.060403],[28.305054,41.060044],[28.306199,41.059874],[28.306545,41.059781],[28.306907,41.059734],[28.308782,41.059306],[28.30879,41.059374],[28.310113,41.05914],[28.310786,41.058876],[28.311179,41.058772],[28.326437,41.131553],[28.218338,41.088583],[28.210936,41.070368]]]},"properties":{"hucre_kodu":"BZ-204","ilce":"Silivri","alan_km2":40.06,"yogunluk_puani":10,"komsular":["BZ-196","BZ-205","BZ-203","BZ-200"]}},{"type":"Feature","geometry":{"type":"Polygon","coordinates":[[[28.311179,41.058772],[28.311798,41.058608],[28.313134,41.057566],[28.31483,41.057546],[28.317547,41.057772],[28.319921,41.057745],[28.320255,41.057484],[28.320594,41.05748],[28.321277,41.057729],[28.321616,41.057725],[28.321955,41.057722],[28.322978,41.057966],[28.323656,41.057959],[28.325346,41.057682],[28.327381,41.057659],[28.329071,41.057383],[28.329744,41.057118],[28.331779,41.057095],[28.334486,41.056807],[28.334825,41.056803],[28.335215,41.056867],[28.335757,41.056774],[28.335975,41.056761],[28.336157,41.056858],[28.336594,41.057442],[28.337429,41.057758],[28.337528,41.057903],[28.338481,41.058249],[28.339159,41.058336],[28.34062,41.058276],[28.341915,41.058063],[28.344807,41.057528],[28.346886,41.057226],[28.347147,41.057174],[28.347576,41.057174],[28.347746,41.057008],[28.347791,41.056694],[28.347866,41.056671],[28.348113,41.056716],[28.348231,41.056699],[28.34859,41.056647],[28.349118,41.056528],[28.349819,41.056488],[28.350775,41.056273],[28.351463,41.056031],[28.351642,41.055897],[28.351663,41.055545],[28.352022,41.055284],[28.352142,41.054822],[28.352062,41.054601],[28.352116,41.054284],[28.352207,41.054172],[28.352407,41.054159],[28.353798,41.054036],[28.353912,41.053898],[28.354452,41.05375],[28.3587,41.053522],[28.358714,41.0537],[28.35918,41.053694],[28.359511,41.053551],[28.359906,41.053408],[28.360498,41.053077],[28.360677,41.052876],[28.361532,41.05264],[28.363222,41.052363],[28.3639,41.052355],[28.364834,41.05238],[28.365175,41.052021],[28.365406,41.051695],[28.365489,41.051598],[28.365625,41.051491],[28.365761,41.051453],[28.365956,41.051418],[28.366231,41.05142],[28.366866,41.051415],[28.367506,41.051418],[28.367553,41.051454],[28.367562,41.051499],[28.367532,41.051556],[28.367027,41.051544],[28.367023,41.05162],[28.365954,41.051612],[28.365759,41.051639],[28.365599,41.051725],[28.365362,41.052078],[28.365513,41.052297],[28.36667,41.052318],[28.366672,41.052404],[28.367128,41.052374],[28.3672,41.052285],[28.367201,41.052143],[28.367281,41.052136],[28.367339,41.052172],[28.367389,41.052289],[28.367818,41.052489],[28.368047,41.052781],[28.36818,41.05295],[28.368603,41.053159],[28.368868,41.053214],[28.36955,41.05324],[28.371173,41.053068],[28.371718,41.052939],[28.373806,41.052574],[28.376631,41.052012],[28.377457,41.051806],[28.37813,41.051672],[28.37948,41.051399],[28.381485,41.05102],[28.383299,41.050606],[28.384795,41.050243],[28.385556,41.050043],[28.38557,41.050039],[28.386136,41.049892],[28.386564,41.049781],[28.386595,41.049585],[28.387627,41.049323],[28.387705,41.049407],[28.38893,41.049232],[28.389626,41.048955],[28.389488,41.048757],[28.390145,41.048384],[28.390988,41.048092],[28.391282,41.048177],[28.392304,41.048421],[28.393666,41.048661],[28.39464,41.048439],[28.395738,41.048164],[28.396706,41.047884],[28.397379,41.047846],[28.397625,41.047781],[28.398611,41.047518],[28.399063,41.047312],[28.399695,41.047249],[28.403788,41.046228],[28.40446,41.045963],[28.405811,41.04569],[28.406483,41.045425],[28.407363,41.045248],[28.408137,41.045018],[28.408506,41.044887],[28.411016,41.044196],[28.413225,41.043545],[28.414434,41.043081],[28.414447,41.043076],[28.415538,41.042763],[28.416568,41.042466],[28.417386,41.042208],[28.418133,41.041925],[28.41927,41.041666],[28.420297,41.041277],[28.421293,41.040929],[28.421868,41.040775],[28.422561,41.040545],[28.423351,41.040392],[28.423481,41.040332],[28.423841,41.040144],[28.425308,41.039777],[28.426115,41.0394],[28.426946,41.039242],[28.427707,41.039003],[28.428719,41.038733],[28.429241,41.038614],[28.430441,41.03795],[28.431264,41.037903],[28.432054,41.037507],[28.432634,41.037304],[28.388193,41.169796],[28.372283,41.188443],[28.365487,41.192946],[28.341831,41.160109],[28.326437,41.131553],[28.311179,41.058772]]]},"properties":{"hucre_kodu":"BZ-205","ilce":"Silivri","alan_km2":97.52,"yogunluk_puani":14,"komsular":["BZ-095","BZ-094","BZ-202","BZ-203","BZ-204","BZ-085","BZ-092"]}},{"type":"Feature","geometry":{"type":"Polygon","coordinates":[[[28.960923,41.056477],[28.97393,41.039243],[28.984954,41.046546],[28.985383,41.048821],[28.973378,41.064729],[28.960923,41.056477]]]},"properties":{"hucre_kodu":"BZ-206","ilce":"Şişli","alan_km2":3,"yogunluk_puani":10,"komsular":["BZ-207","BZ-137","BZ-081","BZ-083","BZ-060"]}},{"type":"Feature","geometry":{"type":"Polygon","coordinates":[[[28.973378,41.064729],[28.985383,41.048821],[28.988966,41.051986],[28.998791,41.078023],[28.97654,41.073109],[28.973378,41.064729]]]},"properties":{"hucre_kodu":"BZ-207","ilce":"Şişli","alan_km2":3.73,"yogunluk_puani":34,"komsular":["BZ-208","BZ-138","BZ-137","BZ-206","BZ-060"]}},{"type":"Feature","geometry":{"type":"Polygon","coordinates":[[[28.988966,41.051986],[29.002563,41.051986],[29.01335,41.080571],[29.008462,41.083515],[28.998791,41.078023],[28.988966,41.051986]]]},"properties":{"hucre_kodu":"BZ-208","ilce":"Şişli","alan_km2":3.73,"yogunluk_puani":17,"komsular":["BZ-185","BZ-138","BZ-207","BZ-060","BZ-062"]}},{"type":"Feature","geometry":{"type":"Polygon","coordinates":[[[29.227293,40.95685],[29.247238,40.937029],[29.257104,40.939207],[29.262295,40.947806],[29.262295,40.967195],[29.244165,40.979206],[29.227293,40.95685]]]},"properties":{"hucre_kodu":"BZ-209","ilce":"Sultanbeyli","alan_km2":8.76,"yogunluk_puani":45,"komsular":["BZ-179","BZ-144","BZ-170","BZ-214","BZ-213","BZ-210"]}},{"type":"Feature","geometry":{"type":"Polygon","coordinates":[[[29.244165,40.979206],[29.262295,40.967195],[29.268799,40.975812],[29.252126,40.986858],[29.246475,40.986858],[29.244165,40.979206]]]},"properties":{"hucre_kodu":"BZ-210","ilce":"Sultanbeyli","alan_km2":2.31,"yogunluk_puani":9,"komsular":["BZ-211","BZ-179","BZ-209","BZ-213","BZ-212"]}},{"type":"Feature","geometry":{"type":"Polygon","coordinates":[[[29.239608,41.002023],[29.246475,40.986858],[29.252126,40.986858],[29.282634,41.000333],[29.254194,41.009754],[29.239608,41.002023]]]},"properties":{"hucre_kodu":"BZ-211","ilce":"Sultanbeyli","alan_km2":5.02,"yogunluk_puani":2,"komsular":["BZ-180","BZ-179","BZ-210","BZ-212","BZ-181"]}},{"type":"Feature","geometry":{"type":"Polygon","coordinates":[[[29.252126,40.986858],[29.268799,40.975812],[29.283292,40.980613],[29.308096,41.000333],[29.282634,41.000333],[29.252126,40.986858]]]},"properties":{"hucre_kodu":"BZ-212","ilce":"Sultanbeyli","alan_km2":6.33,"yogunluk_puani":9,"komsular":["BZ-211","BZ-210","BZ-213","BZ-215","BZ-181"]}},{"type":"Feature","geometry":{"type":"Polygon","coordinates":[[[29.262295,40.947806],[29.273784,40.955417],[29.283292,40.980613],[29.268799,40.975812],[29.262295,40.967195],[29.262295,40.947806]]]},"properties":{"hucre_kodu":"BZ-213","ilce":"Sultanbeyli","alan_km2":3.36,"yogunluk_puani":42,"komsular":["BZ-215","BZ-212","BZ-210","BZ-209","BZ-214"]}},{"type":"Feature","geometry":{"type":"Polygon","coordinates":[[[29.257104,40.939207],[29.271602,40.932003],[29.292141,40.936539],[29.294259,40.942152],[29.290922,40.955417],[29.273784,40.955417],[29.262295,40.947806],[29.257104,40.939207]]]},"properties":{"hucre_kodu":"BZ-214","ilce":"Sultanbeyli","alan_km2":5.87,"yogunluk_puani":8,"komsular":["BZ-213","BZ-209","BZ-170","BZ-172","BZ-173","BZ-216","BZ-215"]}},{"type":"Feature","geometry":{"type":"Polygon","coordinates":[[[29.273784,40.955417],[29.290922,40.955417],[29.314606,41.002489],[29.308096,41.000333],[29.283292,40.980613],[29.273784,40.955417]]]},"properties":{"hucre_kodu":"BZ-215","ilce":"Sultanbeyli","alan_km2":6.84,"yogunluk_puani":9,"komsular":["BZ-212","BZ-213","BZ-214","BZ-216","BZ-181"]}},{"type":"Feature","geometry":{"type":"Polygon","coordinates":[[[29.290922,40.955417],[29.294259,40.942152],[29.341318,40.962936],[29.342718,40.97499],[29.31845,41.004672],[29.314606,41.002489],[29.290922,40.955417]]]},"properties":{"hucre_kodu":"BZ-216","ilce":"Sultanbeyli","alan_km2":16.05,"yogunluk_puani":5,"komsular":["BZ-181","BZ-215","BZ-214","BZ-173","BZ-226","BZ-175"]}},{"type":"Feature","geometry":{"type":"Polygon","coordinates":[[[28.82919,41.122108],[28.831896,41.109557],[28.886658,41.138581],[28.886964,41.139045],[28.85177,41.167025],[28.835207,41.169951],[28.82919,41.122108]]]},"properties":{"hucre_kodu":"BZ-217","ilce":"Sultangazi","alan_km2":17.82,"yogunluk_puani":3,"komsular":["BZ-220","BZ-112","BZ-111","BZ-016","BZ-056","BZ-218"]}},{"type":"Feature","geometry":{"type":"Polygon","coordinates":[[[28.830407,41.103638],[28.877867,41.103638],[28.886658,41.138581],[28.831896,41.109557],[28.830407,41.103638]]]},"properties":{"hucre_kodu":"BZ-218","ilce":"Sultangazi","alan_km2":9.07,"yogunluk_puani":17,"komsular":["BZ-219","BZ-220","BZ-217","BZ-056"]}},{"type":"Feature","geometry":{"type":"Polygon","coordinates":[[[28.822794,41.088507],[28.827845,41.08107],[28.863554,41.075813],[28.880731,41.080871],[28.877867,41.103638],[28.830407,41.103638],[28.822794,41.088507]]]},"properties":{"hucre_kodu":"BZ-219","ilce":"Sultangazi","alan_km2":12.53,"yogunluk_puani":14,"komsular":["BZ-102","BZ-220","BZ-218","BZ-056","BZ-154","BZ-036"]}},{"type":"Feature","geometry":{"type":"Polygon","coordinates":[[[28.877867,41.103638],[28.880731,41.080871],[28.888407,41.076803],[28.911165,41.094895],[28.911165,41.142818],[28.886964,41.139045],[28.886658,41.138581],[28.877867,41.103638]]]},"properties":{"hucre_kodu":"BZ-220","ilce":"Sultangazi","alan_km2":15.85,"yogunluk_puani":16,"komsular":["BZ-125","BZ-114","BZ-112","BZ-217","BZ-218","BZ-219","BZ-102"]}},{"type":"Feature","geometry":{"type":"Polygon","coordinates":[[[29.254579,40.814562],[29.2547,40.81417],[29.254792,40.81373],[29.255222,40.813129],[29.256529,40.812129],[29.256805,40.811743],[29.25705,40.811003],[29.257364,40.810526],[29.257637,40.809999],[29.25778,40.808966],[29.258292,40.808483],[29.258673,40.807977],[29.258787,40.807412],[29.258694,40.807071],[29.258393,40.806716],[29.257727,40.806287],[29.257525,40.805969],[29.257359,40.805782],[29.257299,40.805479],[29.25706,40.80511],[29.257253,40.804517],[29.257106,40.804428],[29.257407,40.80437],[29.257428,40.803884],[29.257082,40.803435],[29.256938,40.803068],[29.257142,40.802704],[29.257657,40.802728],[29.257973,40.80299],[29.25867,40.802981],[29.259226,40.803262],[29.259583,40.80365],[29.259991,40.803845],[29.260585,40.803842],[29.261215,40.804108],[29.261404,40.804383],[29.262141,40.804902],[29.262923,40.804855],[29.263601,40.805014],[29.263586,40.805214],[29.263573,40.805588],[29.263765,40.80587],[29.264057,40.806147],[29.264255,40.806743],[29.263886,40.807409],[29.264252,40.808052],[29.264413,40.808052],[29.264815,40.808714],[29.264966,40.808993],[29.265266,40.809262],[29.265416,40.809278],[29.265529,40.809396],[29.265518,40.809506],[29.265325,40.809575],[29.265164,40.809502],[29.265117,40.809348],[29.264831,40.809074],[29.264329,40.808231],[29.263008,40.808528],[29.261682,40.808811],[29.262077,40.809947],[29.262915,40.809793],[29.264462,40.809499],[29.264556,40.809405],[29.264612,40.809395],[29.264682,40.809435],[29.264719,40.809534],[29.264654,40.809619],[29.264456,40.809648],[29.264055,40.80974],[29.264177,40.810058],[29.264434,40.810399],[29.264585,40.810569],[29.265048,40.810907],[29.265217,40.811007],[29.265231,40.811103],[29.265158,40.811139],[29.26507,40.810994],[29.264731,40.811084],[29.264792,40.81122],[29.265052,40.811167],[29.265193,40.811472],[29.265271,40.811486],[29.265768,40.811408],[29.266108,40.811612],[29.266763,40.811835],[29.266855,40.811693],[29.267141,40.811924],[29.267887,40.812066],[29.268468,40.812044],[29.268561,40.812019],[29.268907,40.811926],[29.269236,40.811752],[29.270072,40.811591],[29.27094,40.811616],[29.271799,40.812131],[29.272507,40.812355],[29.272838,40.812365],[29.2731,40.812345],[29.273396,40.812677],[29.273592,40.812839],[29.274218,40.813091],[29.27491,40.813149],[29.275224,40.813319],[29.275453,40.813443],[29.275633,40.813828],[29.275881,40.813981],[29.276767,40.814029],[29.276768,40.814082],[29.27735,40.814208],[29.27762,40.814171],[29.277615,40.814094],[29.278457,40.813955],[29.278424,40.813803],[29.278356,40.813812],[29.278338,40.813729],[29.278589,40.813697],[29.278607,40.813778],[29.278532,40.813788],[29.278564,40.813932],[29.27921,40.813813],[29.279236,40.813808],[29.279263,40.813837],[29.28012,40.813554],[29.280662,40.813322],[29.281907,40.812911],[29.282646,40.812737],[29.283125,40.812577],[29.283125,40.838434],[29.281865,40.837004],[29.28027,40.835684],[29.282289,40.834514],[29.282315,40.834369],[29.282224,40.834269],[29.28197,40.834256],[29.279898,40.835374],[29.278623,40.834197],[29.278321,40.833917],[29.277774,40.834085],[29.276943,40.834487],[29.276572,40.834722],[29.276447,40.834849],[29.276163,40.835137],[29.275442,40.835322],[29.274107,40.835569],[29.273657,40.835839],[29.27327,40.83567],[29.272647,40.836542],[29.272275,40.836376],[29.272178,40.836454],[29.272111,40.836507],[29.271946,40.836639],[29.271638,40.83714],[29.271626,40.837159],[29.271462,40.83729],[29.271124,40.837296],[29.270059,40.83887],[29.270428,40.839103],[29.270059,40.839714],[29.269874,40.840274],[29.269722,40.84079],[29.26745,40.842298],[29.270385,40.845441],[29.2706,40.845967],[29.27066,40.846441],[29.27082,40.847538],[29.266494,40.846656],[29.267038,40.84647],[29.26682,40.845686],[29.265793,40.845724],[29.265277,40.844898],[29.265457,40.844839],[29.265674,40.845233],[29.265845,40.845147],[29.266021,40.844983],[29.266004,40.844544],[29.265474,40.843611],[29.264799,40.843719],[29.262704,40.839962],[29.263433,40.839126],[29.264165,40.839528],[29.264357,40.839356],[29.264333,40.839157],[29.264674,40.839086],[29.265136,40.839147],[29.266697,40.839899],[29.266945,40.839602],[29.265468,40.838881],[29.265344,40.839018],[29.265284,40.838978],[29.265198,40.838933],[29.265312,40.838786],[29.266321,40.838625],[29.266298,40.838569],[29.266409,40.838542],[29.266584,40.838513],[29.266624,40.838652],[29.268309,40.838375],[29.268211,40.838034],[29.266328,40.838313],[29.266202,40.837924],[29.266205,40.837874],[29.266283,40.837838],[29.266343,40.837876],[29.266418,40.838094],[29.266682,40.838116],[29.268051,40.837902],[29.268519,40.837885],[29.269429,40.836494],[29.268192,40.836028],[29.268306,40.835851],[29.267909,40.835718],[29.267782,40.835882],[29.26758,40.83579],[29.267773,40.835483],[29.266786,40.835132],[29.266465,40.835599],[29.266142,40.836059],[29.265533,40.836984],[29.265728,40.837182],[29.265723,40.837219],[29.265676,40.837241],[29.265599,40.837215],[29.265354,40.836978],[29.264574,40.837185],[29.264205,40.837334],[29.264105,40.837241],[29.26419,40.837129],[29.265059,40.836903],[29.265294,40.836759],[29.265502,40.836493],[29.265715,40.836113],[29.266049,40.835588],[29.26634,40.835096],[29.266747,40.834469],[29.267345,40.833997],[29.26775,40.833911],[29.268286,40.833876],[29.268594,40.833571],[29.268962,40.83336],[29.269232,40.83308],[29.269814,40.832853],[29.270259,40.832544],[29.270931,40.832137],[29.271684,40.831809],[29.272243,40.831841],[29.272985,40.831551],[29.274226,40.831703],[29.274811,40.832002],[29.27593,40.831704],[29.276762,40.832048],[29.277677,40.831745],[29.277955,40.831518],[29.278253,40.831225],[29.278508,40.830776],[29.278582,40.830632],[29.278766,40.830361],[29.278938,40.830029],[29.27901,40.829806],[29.27914,40.829447],[29.279246,40.829121],[29.279292,40.829103],[29.279405,40.828792],[29.279539,40.828297],[29.279627,40.827948],[29.279673,40.827705],[29.279646,40.827306],[29.279543,40.827108],[29.279468,40.82707],[29.279539,40.827012],[29.279512,40.826945],[29.279565,40.826802],[29.279627,40.826661],[29.279631,40.826287],[29.279564,40.826012],[29.279467,40.825753],[29.279212,40.825368],[29.279071,40.82521],[29.278853,40.825062],[29.278766,40.825002],[29.278743,40.824974],[29.278669,40.824853],[29.278659,40.82475],[29.278627,40.824672],[29.278579,40.824617],[29.278564,40.824601],[29.278533,40.824542],[29.278486,40.824449],[29.278229,40.824339],[29.278218,40.82436],[29.278092,40.824312],[29.278051,40.824295],[29.278058,40.824286],[29.277911,40.824256],[29.277831,40.824261],[29.277681,40.824221],[29.277548,40.824213],[29.277484,40.824313],[29.277251,40.824244],[29.277024,40.824096],[29.276799,40.823764],[29.27659,40.823489],[29.276316,40.823281],[29.276149,40.823282],[29.276041,40.823235],[29.275898,40.823002],[29.27588,40.82283],[29.275966,40.822549],[29.275975,40.822326],[29.275816,40.821966],[29.275828,40.821895],[29.27572,40.821718],[29.27572,40.821628],[29.275669,40.82159],[29.275811,40.821425],[29.275769,40.821105],[29.275725,40.820996],[29.275762,40.820985],[29.275748,40.820924],[29.275484,40.820552],[29.275409,40.820427],[29.275334,40.820408],[29.275173,40.820369],[29.27515,40.820385],[29.275105,40.820361],[29.274837,40.820239],[29.274216,40.820031],[29.273948,40.820028],[29.27372,40.820055],[29.273539,40.820106],[29.273381,40.820152],[29.273241,40.820247],[29.273092,40.820274],[29.272843,40.820243],[29.272809,40.820199],[29.272691,40.820158],[29.272538,40.820106],[29.272556,40.820073],[29.272342,40.819993],[29.27208,40.819942],[29.271775,40.819957],[29.270882,40.820201],[29.270325,40.82009],[29.270121,40.819866],[29.26965,40.81967],[29.269202,40.819052],[29.269301,40.818502],[29.269428,40.818166],[29.269289,40.81766],[29.269086,40.817373],[29.269187,40.817203],[29.26894,40.816808],[29.268816,40.816876],[29.268086,40.815944],[29.267691,40.816113],[29.267625,40.816031],[29.268041,40.815827],[29.267702,40.815363],[29.26737,40.815061],[29.266648,40.81505],[29.264165,40.814956],[29.263695,40.815297],[29.263445,40.815454],[29.263235,40.815581],[29.261953,40.816441],[29.262383,40.816804],[29.262988,40.817365],[29.263844,40.818089],[29.264293,40.818426],[29.26442,40.818547],[29.264413,40.818687],[29.265819,40.818754],[29.26594,40.818748],[29.266031,40.818736],[29.266096,40.818715],[29.266147,40.818691],[29.266184,40.818683],[29.266257,40.818703],[29.266319,40.818744],[29.266354,40.818803],[29.266354,40.818847],[29.266327,40.818888],[29.26626,40.818933],[29.266174,40.818945],[29.266069,40.818945],[29.26534,40.818914],[29.264166,40.818847],[29.26397,40.818815],[29.263741,40.818758],[29.263575,40.818711],[29.263475,40.818675],[29.263354,40.818615],[29.263239,40.818548],[29.263005,40.818386],[29.26272,40.81815],[29.261214,40.816847],[29.260473,40.816207],[29.26011,40.815806],[29.259879,40.815721],[29.259644,40.815585],[29.259353,40.815455],[29.259171,40.815283],[29.258816,40.814852],[29.258633,40.814699],[29.258457,40.814577],[29.257891,40.814325],[29.257459,40.814326],[29.257204,40.814448],[29.256585,40.81459],[29.256233,40.814571],[29.255489,40.814725],[29.255047,40.814749],[29.254579,40.814562]]]},"properties":{"hucre_kodu":"BZ-221","ilce":"Tuzla","alan_km2":3.39,"yogunluk_puani":3,"komsular":["BZ-222","BZ-169","BZ-167","BZ-140","BZ-002"]}},{"type":"Feature","geometry":{"type":"Polygon","coordinates":[[[29.283125,40.812577],[29.283206,40.81255],[29.283988,40.812449],[29.284642,40.812396],[29.284905,40.812344],[29.284944,40.812391],[29.284712,40.812474],[29.284686,40.812541],[29.285404,40.812924],[29.285486,40.812983],[29.286065,40.813398],[29.286204,40.813483],[29.286651,40.813671],[29.286748,40.813534],[29.286777,40.813554],[29.28669,40.813692],[29.287147,40.813809],[29.287529,40.813898],[29.287894,40.813889],[29.288306,40.813797],[29.289123,40.813678],[29.289654,40.81354],[29.289949,40.813378],[29.290527,40.813115],[29.290893,40.812874],[29.291295,40.812748],[29.291874,40.812781],[29.292437,40.812782],[29.292872,40.81285],[29.292984,40.812932],[29.293075,40.813046],[29.293252,40.813099],[29.293397,40.812985],[29.294266,40.812677],[29.29469,40.812514],[29.295591,40.812218],[29.296552,40.811896],[29.297195,40.811694],[29.297399,40.811714],[29.297479,40.81184],[29.297404,40.811954],[29.297187,40.811938],[29.296442,40.812193],[29.296544,40.812361],[29.296875,40.812251],[29.29698,40.812433],[29.296207,40.812689],[29.296102,40.812508],[29.296468,40.812386],[29.296367,40.812212],[29.294998,40.812681],[29.295266,40.813151],[29.295199,40.813173],[29.29491,40.812701],[29.294309,40.812904],[29.294507,40.813229],[29.294484,40.813235],[29.294289,40.812914],[29.294234,40.812936],[29.294261,40.81303],[29.293942,40.813118],[29.293673,40.813846],[29.293974,40.813909],[29.293994,40.813852],[29.294055,40.813865],[29.294104,40.813713],[29.294936,40.813873],[29.294917,40.813927],[29.294148,40.813779],[29.294078,40.814008],[29.293955,40.813985],[29.293963,40.813964],[29.293656,40.813896],[29.293672,40.814017],[29.293262,40.814064],[29.293456,40.815216],[29.293871,40.81518],[29.293942,40.815623],[29.294659,40.815911],[29.294846,40.815995],[29.295006,40.815889],[29.294939,40.815832],[29.295442,40.815501],[29.295684,40.815716],[29.29561,40.815823],[29.295731,40.815948],[29.295726,40.816152],[29.296282,40.816158],[29.29628,40.816227],[29.29687,40.816232],[29.296869,40.816291],[29.297144,40.816293],[29.297145,40.816321],[29.297636,40.816345],[29.297746,40.816345],[29.29785,40.81634],[29.297928,40.816329],[29.297926,40.816014],[29.297998,40.816014],[29.297999,40.815945],[29.298227,40.815943],[29.298223,40.816211],[29.299616,40.816032],[29.299662,40.816009],[29.29969,40.815947],[29.299716,40.815904],[29.29975,40.815864],[29.299784,40.815834],[29.299827,40.81581],[29.299872,40.815797],[29.299896,40.81578],[29.299907,40.815756],[29.299925,40.815736],[29.299949,40.815725],[29.300008,40.815712],[29.300076,40.815706],[29.300132,40.815708],[29.300186,40.815717],[29.300247,40.815733],[29.300297,40.81575],[29.300344,40.815769],[29.300398,40.815796],[29.300435,40.815821],[29.300461,40.81584],[29.300486,40.815855],[29.300514,40.815861],[29.300552,40.815857],[29.30074,40.815816],[29.301152,40.815749],[29.301194,40.815736],[29.30206,40.815391],[29.302087,40.815375],[29.302104,40.815355],[29.302123,40.81533],[29.302139,40.815284],[29.302222,40.815046],[29.302237,40.815023],[29.302272,40.814995],[29.302333,40.814964],[29.30236,40.814848],[29.30182,40.814793],[29.301825,40.81476],[29.30183,40.814729],[29.302376,40.814784],[29.302405,40.814659],[29.302408,40.814613],[29.302415,40.81459],[29.302436,40.814562],[29.302464,40.814539],[29.302503,40.814517],[29.30287,40.814333],[29.302999,40.814258],[29.303379,40.814092],[29.304184,40.813817],[29.305038,40.813495],[29.300226,40.845374],[29.288697,40.852318],[29.288481,40.85223],[29.289024,40.8509],[29.289397,40.850972],[29.28997,40.849631],[29.290601,40.848335],[29.2911,40.848069],[29.29125,40.847552],[29.291241,40.847296],[29.291233,40.847039],[29.291553,40.84652],[29.29125,40.845018],[29.29115,40.844847],[29.289792,40.843386],[29.289397,40.842967],[29.286994,40.84435],[29.2869,40.844287],[29.286358,40.843921],[29.285792,40.844025],[29.285346,40.843727],[29.285243,40.843506],[29.284788,40.843051],[29.284372,40.842643],[29.283957,40.842235],[29.283226,40.841518],[29.283574,40.841258],[29.284248,40.839708],[29.283125,40.838434],[29.283125,40.812577]]]},"properties":{"hucre_kodu":"BZ-222","ilce":"Tuzla","alan_km2":5.76,"yogunluk_puani":14,"komsular":["BZ-224","BZ-223","BZ-169","BZ-221"]}},{"type":"Feature","geometry":{"type":"Polygon","coordinates":[[[29.288697,40.852318],[29.300226,40.845374],[29.352695,40.845374],[29.322781,40.89492],[29.299152,40.889228],[29.293996,40.883914],[29.288697,40.852318]]]},"properties":{"hucre_kodu":"BZ-223","ilce":"Tuzla","alan_km2":19.99,"yogunluk_puani":11,"komsular":["BZ-171","BZ-169","BZ-222","BZ-224","BZ-225","BZ-174"]}},{"type":"Feature","geometry":{"type":"Polygon","coordinates":[[[29.300226,40.845374],[29.305038,40.813495],[29.305316,40.813391],[29.305927,40.813079],[29.306684,40.812511],[29.307065,40.812109],[29.307086,40.812092],[29.307111,40.812074],[29.307294,40.811962],[29.307328,40.811945],[29.307364,40.811934],[29.307402,40.811929],[29.307469,40.811929],[29.307497,40.811924],[29.307529,40.811908],[29.307784,40.811729],[29.307812,40.811711],[29.308022,40.811598],[29.308051,40.811586],[29.308083,40.811574],[29.30831,40.81151],[29.308511,40.81146],[29.308549,40.811453],[29.308816,40.811421],[29.309029,40.811407],[29.309284,40.811406],[29.309521,40.811428],[29.309713,40.81146],[29.309968,40.811532],[29.310167,40.811605],[29.310803,40.811903],[29.311093,40.812056],[29.311637,40.812371],[29.312116,40.812662],[29.312301,40.812782],[29.31244,40.812882],[29.312549,40.812981],[29.31259,40.813012],[29.312681,40.813081],[29.312746,40.813118],[29.31281,40.813121],[29.312866,40.813094],[29.312958,40.813045],[29.313042,40.813011],[29.313129,40.812988],[29.313212,40.812988],[29.313306,40.813008],[29.313388,40.813035],[29.313452,40.813064],[29.313516,40.8131],[29.313591,40.813149],[29.313657,40.813193],[29.313719,40.813221],[29.313819,40.813237],[29.313898,40.813232],[29.314787,40.81303],[29.314847,40.813022],[29.314902,40.813023],[29.314985,40.813035],[29.315057,40.81304],[29.31514,40.813039],[29.315425,40.812992],[29.315874,40.812915],[29.31596,40.812909],[29.317043,40.812929],[29.317114,40.812927],[29.317473,40.812888],[29.317547,40.812885],[29.317612,40.812885],[29.317822,40.812899],[29.317876,40.812911],[29.317923,40.81293],[29.317952,40.812954],[29.317976,40.812987],[29.317992,40.813029],[29.317987,40.813068],[29.317975,40.813107],[29.317949,40.81314],[29.317895,40.813167],[29.317831,40.813186],[29.317751,40.813198],[29.317679,40.8132],[29.317268,40.813185],[29.316827,40.813167],[29.316662,40.813161],[29.316111,40.813143],[29.316032,40.813146],[29.315841,40.813152],[29.315806,40.813153],[29.315487,40.813209],[29.315425,40.81322],[29.315023,40.813288],[29.314966,40.813297],[29.314757,40.813374],[29.314692,40.813397],[29.31456,40.81348],[29.31447,40.813565],[29.314422,40.813627],[29.314391,40.813668],[29.314352,40.813766],[29.31433,40.813876],[29.314338,40.813981],[29.314347,40.814009],[29.314373,40.814087],[29.314431,40.814193],[29.314537,40.814326],[29.314641,40.814403],[29.314715,40.814435],[29.314626,40.814555],[29.314605,40.814601],[29.314609,40.814658],[29.314643,40.814723],[29.314699,40.814765],[29.31477,40.814794],[29.314857,40.814805],[29.314948,40.814802],[29.314906,40.814911],[29.314902,40.814984],[29.314916,40.815051],[29.314971,40.815104],[29.315054,40.815159],[29.315138,40.815181],[29.315246,40.815188],[29.315337,40.815179],[29.315303,40.815231],[29.31528,40.815309],[29.315287,40.815399],[29.315336,40.815493],[29.315412,40.81556],[29.31552,40.815603],[29.315623,40.815615],[29.315738,40.815597],[29.315681,40.815743],[29.315673,40.815864],[29.315721,40.815957],[29.315791,40.816033],[29.315915,40.816086],[29.316002,40.816092],[29.3161,40.816079],[29.316283,40.816012],[29.316327,40.815979],[29.316519,40.815833],[29.316608,40.815765],[29.316852,40.815539],[29.317109,40.8153],[29.317177,40.815206],[29.317421,40.814871],[29.317448,40.814834],[29.31759,40.814569],[29.317613,40.814503],[29.317654,40.814384],[29.317641,40.814156],[29.317622,40.814108],[29.317591,40.814058],[29.317583,40.813993],[29.317585,40.813924],[29.317608,40.813867],[29.317644,40.813823],[29.317712,40.813758],[29.317781,40.813713],[29.317877,40.813674],[29.317978,40.813644],[29.318082,40.813637],[29.319965,40.813775],[29.320067,40.813776],[29.320152,40.813764],[29.320226,40.813736],[29.32032,40.813711],[29.320391,40.813701],[29.320493,40.813717],[29.320566,40.813748],[29.320614,40.813786],[29.320631,40.813836],[29.320631,40.813886],[29.320604,40.813941],[29.320548,40.813975],[29.320476,40.813983],[29.320413,40.813973],[29.320351,40.813972],[29.319569,40.814221],[29.319629,40.814329],[29.319262,40.814501],[29.319139,40.814519],[29.319065,40.814544],[29.318978,40.81459],[29.318866,40.814716],[29.318773,40.81484],[29.31862,40.815076],[29.318544,40.815194],[29.318449,40.815356],[29.31834,40.815578],[29.318326,40.815606],[29.318223,40.815859],[29.318171,40.816054],[29.318141,40.816235],[29.318132,40.816288],[29.31811,40.816442],[29.318098,40.816573],[29.318095,40.816598],[29.318101,40.816849],[29.318103,40.816945],[29.31811,40.817036],[29.31813,40.817098],[29.318164,40.817156],[29.318208,40.817206],[29.318254,40.817239],[29.318331,40.817275],[29.318408,40.817295],[29.318488,40.817303],[29.318571,40.817291],[29.318655,40.817268],[29.318707,40.817235],[29.318768,40.817191],[29.318857,40.81712],[29.31888,40.817122],[29.318905,40.817124],[29.318915,40.817169],[29.318941,40.817289],[29.31896,40.817341],[29.318992,40.817394],[29.319049,40.817444],[29.319114,40.817473],[29.319201,40.817494],[29.31929,40.817496],[29.319385,40.817471],[29.319444,40.817436],[29.319503,40.817387],[29.319554,40.817331],[29.319572,40.817329],[29.3196,40.817327],[29.319648,40.81744],[29.319686,40.817515],[29.319727,40.817549],[29.319778,40.817573],[29.319839,40.817588],[29.319925,40.817589],[29.319984,40.817574],[29.32006,40.817541],[29.3201,40.817501],[29.320131,40.817454],[29.320133,40.817395],[29.320112,40.817335],[29.320003,40.816965],[29.319977,40.816573],[29.319985,40.816436],[29.320073,40.816121],[29.320174,40.815896],[29.320293,40.815698],[29.320447,40.815497],[29.320573,40.81536],[29.320655,40.815331],[29.320709,40.81533],[29.320757,40.815339],[29.320802,40.815359],[29.320853,40.815405],[29.320868,40.815457],[29.320849,40.815524],[29.320736,40.815649],[29.320609,40.815805],[29.320482,40.815995],[29.320396,40.816239],[29.320319,40.816549],[29.320339,40.81679],[29.320376,40.816916],[29.320478,40.816956],[29.32061,40.816942],[29.320754,40.816845],[29.320857,40.816649],[29.320983,40.816297],[29.32104,40.816065],[29.321043,40.81581],[29.321005,40.815587],[29.32101,40.815472],[29.321064,40.815415],[29.32113,40.81539],[29.321271,40.815402],[29.321331,40.815432],[29.321372,40.815565],[29.321379,40.815789],[29.321379,40.816047],[29.32138,40.816232],[29.321237,40.816615],[29.321186,40.816752],[29.321071,40.816953],[29.320854,40.817218],[29.320689,40.817364],[29.320568,40.81747],[29.320516,40.817537],[29.32049,40.817603],[29.32049,40.817664],[29.320514,40.817725],[29.320555,40.817775],[29.320618,40.817821],[29.320703,40.817851],[29.320813,40.817859],[29.32093,40.817841],[29.321025,40.817807],[29.321103,40.817758],[29.321188,40.817683],[29.321583,40.817292],[29.321838,40.816859],[29.321991,40.816426],[29.322043,40.815979],[29.322058,40.815801],[29.322034,40.815619],[29.321946,40.81524],[29.321481,40.814963],[29.320699,40.8146],[29.32064,40.814638],[29.320559,40.814623],[29.320478,40.814582],[29.320453,40.814509],[29.32048,40.814436],[29.320543,40.81438],[29.320649,40.814376],[29.320755,40.814405],[29.321635,40.814823],[29.32207,40.815075],[29.322144,40.815142],[29.322166,40.815216],[29.322224,40.815582],[29.322253,40.815801],[29.322257,40.815985],[29.322122,40.816685],[29.322313,40.816713],[29.322233,40.817053],[29.322353,40.817067],[29.322422,40.816744],[29.322517,40.816755],[29.322435,40.817129],[29.3225,40.817138],[29.322597,40.816768],[29.32266,40.816779],[29.322634,40.816909],[29.323334,40.817013],[29.323361,40.816885],[29.324177,40.816583],[29.324011,40.816325],[29.323973,40.816266],[29.323815,40.81605],[29.3238,40.816033],[29.323625,40.815837],[29.323566,40.81577],[29.323434,40.815669],[29.323231,40.815523],[29.323208,40.815506],[29.323029,40.815392],[29.322841,40.815289],[29.322753,40.815311],[29.322669,40.815271],[29.322615,40.815203],[29.322637,40.815138],[29.322716,40.81509],[29.322805,40.815077],[29.322893,40.815098],[29.322961,40.815146],[29.323007,40.815182],[29.323316,40.815364],[29.323561,40.815534],[29.323739,40.815692],[29.323969,40.815945],[29.324137,40.81617],[29.324246,40.816334],[29.3243,40.816386],[29.324342,40.816411],[29.324398,40.816427],[29.324178,40.817136],[29.324024,40.817607],[29.323999,40.817735],[29.324004,40.817853],[29.324027,40.818004],[29.324055,40.818115],[29.324155,40.818483],[29.324415,40.818453],[29.325058,40.818373],[29.324929,40.81711],[29.32509,40.817098],[29.32522,40.818091],[29.325637,40.81817],[29.325739,40.818121],[29.32602,40.81799],[29.325996,40.817375],[29.325987,40.817076],[29.32599,40.816948],[29.32619,40.816839],[29.32712,40.816462],[29.327716,40.816276],[29.328159,40.816118],[29.32918,40.815701],[29.331141,40.814843],[29.332818,40.813924],[29.333376,40.813643],[29.333845,40.813301],[29.334424,40.812772],[29.334425,40.812623],[29.33467,40.812313],[29.335012,40.811429],[29.33585,40.810951],[29.336729,40.81077],[29.337243,40.810725],[29.337711,40.810558],[29.338499,40.810046],[29.339118,40.809798],[29.341745,40.812274],[29.342027,40.813855],[29.342736,40.813928],[29.345402,40.817754],[29.345902,40.818577],[29.346681,40.820141],[29.34717,40.820854],[29.348542,40.822723],[29.348724,40.822956],[29.349121,40.82348],[29.349571,40.824078],[29.349869,40.824494],[29.352411,40.823281],[29.354535,40.822277],[29.356662,40.821001],[29.36229,40.816429],[29.362844,40.816916],[29.36304,40.817093],[29.363224,40.817376],[29.363798,40.818466],[29.364217,40.818976],[29.364065,40.819258],[29.363709,40.81956],[29.363659,40.819661],[29.363739,40.819972],[29.363757,40.820654],[29.363801,40.821097],[29.364124,40.821606],[29.364288,40.822277],[29.364339,40.823003],[29.363918,40.82338],[29.363584,40.823474],[29.363415,40.82369],[29.363487,40.824093],[29.364015,40.82514],[29.364139,40.825704],[29.364097,40.826437],[29.364173,40.827115],[29.364217,40.8272],[29.364473,40.827386],[29.364883,40.827551],[29.365071,40.827693],[29.365275,40.827882],[29.365455,40.828243],[29.365474,40.828664],[29.36578,40.829076],[29.366277,40.829476],[29.366342,40.829719],[29.366168,40.830785],[29.366337,40.831155],[29.366447,40.831256],[29.36655,40.831313],[29.366657,40.831374],[29.366938,40.831491],[29.367186,40.831634],[29.36732,40.831758],[29.367634,40.831938],[29.367821,40.831989],[29.367961,40.832085],[29.360841,40.841519],[29.352695,40.845374],[29.300226,40.845374]]]},"properties":{"hucre_kodu":"BZ-224","ilce":"Tuzla","alan_km2":16.69,"yogunluk_puani":6,"komsular":["BZ-227","BZ-225","BZ-223","BZ-222"]}},{"type":"Feature","geometry":{"type":"Polygon","coordinates":[[[29.322781,40.89492],[29.352695,40.845374],[29.360841,40.841519],[29.362469,40.849069],[29.361607,40.849116],[29.361736,40.849518],[29.361955,40.850284],[29.362067,40.850594],[29.362149,40.850788],[29.362255,40.850987],[29.362437,40.851263],[29.362743,40.851627],[29.362973,40.851877],[29.363101,40.852002],[29.364547,40.858707],[29.36447,40.858892],[29.36441,40.859088],[29.364636,40.859118],[29.372081,40.893647],[29.366473,40.913462],[29.345024,40.924393],[29.322781,40.89492]]]},"properties":{"hucre_kodu":"BZ-225","ilce":"Tuzla","alan_km2":22.04,"yogunluk_puani":3,"komsular":["BZ-226","BZ-174","BZ-223","BZ-224","BZ-227","BZ-228"]}},{"type":"Feature","geometry":{"type":"Polygon","coordinates":[[[29.341318,40.962936],[29.343486,40.928468],[29.345024,40.924393],[29.366473,40.913462],[29.441997,40.943483],[29.443068,40.944275],[29.44465,40.944966],[29.445644,40.945395],[29.45197,40.947513],[29.45358,40.950797],[29.454328,40.951807],[29.454989,40.954266],[29.456816,40.954383],[29.457774,40.954286],[29.458691,40.953864],[29.46035,40.953165],[29.461613,40.95239],[29.462495,40.951631],[29.471456,40.955193],[29.472585,40.956575],[29.473304,40.957507],[29.473636,40.957839],[29.474623,40.958443],[29.474902,40.958674],[29.47517,40.959111],[29.47561,40.95946],[29.476088,40.959626],[29.47722,40.959346],[29.478013,40.958852],[29.47884,40.958128],[29.479105,40.958233],[29.479739,40.960586],[29.479709,40.961056],[29.479483,40.961388],[29.479031,40.961901],[29.47944,40.962093],[29.4809,40.962198],[29.482475,40.96241],[29.482884,40.962627],[29.483174,40.963276],[29.483764,40.963567],[29.484052,40.96416],[29.484488,40.965043],[29.484708,40.966006],[29.484869,40.96697],[29.484993,40.96754],[29.48473,40.96876],[29.482101,40.969363],[29.481586,40.969562],[29.481219,40.969602],[29.483442,40.973208],[29.484164,40.974636],[29.484172,40.9752],[29.487562,40.976496],[29.489445,40.976851],[29.48988,40.97716],[29.493664,40.979791],[29.495654,40.981508],[29.49828,40.984082],[29.492747,40.988243],[29.342718,40.97499],[29.341318,40.962936]]]},"properties":{"hucre_kodu":"BZ-226","ilce":"Tuzla","alan_km2":63.18,"yogunluk_puani":1,"komsular":["BZ-216","BZ-173","BZ-174","BZ-225","BZ-228","BZ-190","BZ-175"]}},{"type":"Feature","geometry":{"type":"MultiPolygon","coordinates":[[[[29.360841,40.841519],[29.367961,40.832085],[29.368033,40.832133],[29.368201,40.832283],[29.368379,40.832488],[29.368606,40.832746],[29.368893,40.833026],[29.36935,40.833483],[29.369635,40.833951],[29.369747,40.834137],[29.369807,40.83427],[29.36985,40.834411],[29.369877,40.834564],[29.369967,40.835587],[29.369991,40.835686],[29.370038,40.835762],[29.370501,40.836149],[29.3706,40.836246],[29.370641,40.836313],[29.370689,40.836402],[29.370736,40.836532],[29.370727,40.836623],[29.370713,40.836711],[29.370739,40.836859],[29.370822,40.83711],[29.370906,40.837334],[29.370977,40.837493],[29.371001,40.837559],[29.371054,40.837635],[29.371103,40.837713],[29.371144,40.837778],[29.37003,40.838327],[29.36962,40.838935],[29.369343,40.839243],[29.369025,40.839568],[29.368267,40.839984],[29.365774,40.843815],[29.364322,40.84628],[29.363468,40.847836],[29.362988,40.848936],[29.362975,40.849041],[29.362469,40.849069],[29.360841,40.841519]]],[[[29.363101,40.852002],[29.364175,40.853051],[29.364996,40.85366],[29.366583,40.854705],[29.368085,40.855846],[29.367828,40.856185],[29.367717,40.856233],[29.367575,40.856231],[29.366085,40.85597],[29.365892,40.856782],[29.365232,40.857578],[29.364753,40.858211],[29.364547,40.858707],[29.363101,40.852002]]],[[[29.364636,40.859118],[29.364798,40.85914],[29.36579,40.859176],[29.366663,40.859274],[29.366821,40.860013],[29.367018,40.861229],[29.36721,40.862382],[29.367237,40.862544],[29.367437,40.862718],[29.367861,40.862884],[29.368118,40.862962],[29.368379,40.863169],[29.369527,40.86411],[29.370976,40.863875],[29.371192,40.863866],[29.371406,40.864089],[29.371696,40.86439],[29.371938,40.864572],[29.372134,40.864702],[29.37285,40.865351],[29.372968,40.866081],[29.373111,40.86669],[29.374425,40.868049],[29.374636,40.868317],[29.37526,40.868501],[29.377777,40.870762],[29.378729,40.871444],[29.379314,40.87228],[29.380413,40.872613],[29.382291,40.873067],[29.384664,40.873591],[29.390615,40.874931],[29.393814,40.87572],[29.396453,40.876355],[29.398315,40.877239],[29.399739,40.877798],[29.401257,40.879084],[29.402462,40.879546],[29.403571,40.879789],[29.406933,40.880069],[29.407974,40.879568],[29.409932,40.879787],[29.410168,40.87975],[29.41093,40.879561],[29.412045,40.879267],[29.412528,40.879233],[29.412758,40.879256],[29.413066,40.879214],[29.413277,40.87917],[29.413496,40.879124],[29.413703,40.879101],[29.414037,40.879175],[29.414016,40.879484],[29.41363,40.880214],[29.413288,40.881136],[29.413844,40.882534],[29.413845,40.882579],[29.372081,40.893647],[29.364636,40.859118]]]]},"properties":{"hucre_kodu":"BZ-227","ilce":"Tuzla","alan_km2":6.75,"yogunluk_puani":16,"komsular":["BZ-225","BZ-224","BZ-194","BZ-228"]}},{"type":"Feature","geometry":{"type":"MultiPolygon","coordinates":[[[[29.366473,40.913462],[29.372081,40.893647],[29.413845,40.882579],[29.413887,40.884205],[29.413716,40.885008],[29.413555,40.885689],[29.413555,40.886492],[29.414195,40.887463],[29.415121,40.888552],[29.415434,40.889121],[29.41554,40.889923],[29.415507,40.890547],[29.415443,40.89088],[29.415443,40.891545],[29.415293,40.892048],[29.415293,40.892445],[29.415411,40.893094],[29.415293,40.894173],[29.415026,40.895369],[29.415518,40.896671],[29.415754,40.897303],[29.416065,40.897797],[29.416258,40.898009],[29.416621,40.898283],[29.417185,40.898337],[29.418686,40.898457],[29.41996,40.898779],[29.420732,40.899012],[29.421234,40.89911],[29.422008,40.899223],[29.422266,40.899186],[29.423779,40.899144],[29.425223,40.899186],[29.427552,40.899235],[29.434527,40.899233],[29.435656,40.899306],[29.436704,40.899633],[29.438281,40.89961],[29.43954,40.899801],[29.440246,40.899925],[29.44213,40.900476],[29.442587,40.900685],[29.443274,40.901208],[29.443523,40.901603],[29.445003,40.902422],[29.445055,40.903174],[29.445853,40.904363],[29.446859,40.905489],[29.448001,40.906074],[29.449566,40.906138],[29.451376,40.907533],[29.453426,40.90919],[29.454062,40.909785],[29.454678,40.910397],[29.455492,40.91133],[29.456235,40.912302],[29.456458,40.912603],[29.455266,40.912977],[29.454067,40.915215],[29.452865,40.916318],[29.452107,40.917291],[29.45133,40.916121],[29.450923,40.91571],[29.450264,40.915366],[29.449759,40.916033],[29.447833,40.915625],[29.446919,40.916755],[29.445859,40.916545],[29.444582,40.91618],[29.443738,40.916131],[29.44381,40.917193],[29.443628,40.917802],[29.441741,40.920055],[29.441986,40.92268],[29.441168,40.927639],[29.441403,40.929065],[29.441529,40.929774],[29.441792,40.931368],[29.441959,40.932113],[29.442111,40.933118],[29.441969,40.933609],[29.440001,40.933787],[29.438274,40.933937],[29.43811,40.934545],[29.439521,40.936485],[29.438381,40.936907],[29.437078,40.938105],[29.437223,40.93882],[29.438942,40.939753],[29.438831,40.941143],[29.441997,40.943483],[29.366473,40.913462]]],[[[29.462495,40.951631],[29.463271,40.950964],[29.466622,40.951642],[29.469957,40.951661],[29.469774,40.952054],[29.469677,40.95331],[29.469984,40.953665],[29.470353,40.954023],[29.47089,40.954225],[29.470997,40.954631],[29.471456,40.955193],[29.462495,40.951631]]],[[[29.47884,40.958128],[29.479031,40.95796],[29.479105,40.958233],[29.47884,40.958128]]]]},"properties":{"hucre_kodu":"BZ-228","ilce":"Tuzla","alan_km2":26.05,"yogunluk_puani":2,"komsular":["BZ-190","BZ-226","BZ-225","BZ-227","BZ-194"]}},{"type":"Feature","geometry":{"type":"Polygon","coordinates":[[[29.074827,41.038287],[29.087392,41.013315],[29.103922,41.018791],[29.105511,41.023],[29.074827,41.043328],[29.074827,41.038287]]]},"properties":{"hucre_kodu":"BZ-229","ilce":"Ümraniye","alan_km2":3.69,"yogunluk_puani":48,"komsular":["BZ-244","BZ-245","BZ-230","BZ-233","BZ-231"]}},{"type":"Feature","geometry":{"type":"Polygon","coordinates":[[[29.08504,41.007083],[29.090139,41.002578],[29.10756,41.002578],[29.10756,41.011562],[29.103922,41.018791],[29.087392,41.013315],[29.08504,41.007083]]]},"properties":{"hucre_kodu":"BZ-230","ilce":"Ümraniye","alan_km2":2.57,"yogunluk_puani":10,"komsular":["BZ-233","BZ-229","BZ-245","BZ-017","BZ-018","BZ-232"]}},{"type":"Feature","geometry":{"type":"Polygon","coordinates":[[[29.073111,41.051286],[29.074827,41.043328],[29.105511,41.023],[29.127725,41.045075],[29.126046,41.067312],[29.118148,41.07039],[29.073472,41.055591],[29.073111,41.051286]]]},"properties":{"hucre_kodu":"BZ-231","ilce":"Ümraniye","alan_km2":15.12,"yogunluk_puani":8,"komsular":["BZ-242","BZ-244","BZ-229","BZ-233","BZ-096","BZ-070","BZ-065"]}},{"type":"Feature","geometry":{"type":"Polygon","coordinates":[[[29.10756,41.002578],[29.110555,40.996624],[29.110875,40.99654],[29.124887,41.002728],[29.127109,41.011562],[29.10756,41.011562],[29.10756,41.002578]]]},"properties":{"hucre_kodu":"BZ-232","ilce":"Ümraniye","alan_km2":2.03,"yogunluk_puani":23,"komsular":["BZ-230","BZ-018","BZ-020","BZ-022","BZ-234","BZ-233"]}},{"type":"Feature","geometry":{"type":"Polygon","coordinates":[[[29.103922,41.018791],[29.10756,41.011562],[29.127109,41.011562],[29.138007,41.026002],[29.127725,41.045075],[29.105511,41.023],[29.103922,41.018791]]]},"properties":{"hucre_kodu":"BZ-233","ilce":"Ümraniye","alan_km2":6.26,"yogunluk_puani":7,"komsular":["BZ-229","BZ-230","BZ-232","BZ-234","BZ-096","BZ-231"]}},{"type":"Feature","geometry":{"type":"Polygon","coordinates":[[[29.124887,41.002728],[29.136864,40.986858],[29.141159,40.986858],[29.149663,41.001883],[29.146913,41.020101],[29.138007,41.026002],[29.127109,41.011562],[29.124887,41.002728]]]},"properties":{"hucre_kodu":"BZ-234","ilce":"Ümraniye","alan_km2":5.82,"yogunluk_puani":15,"komsular":["BZ-232","BZ-022","BZ-160","BZ-023","BZ-235","BZ-096","BZ-233"]}},{"type":"Feature","geometry":{"type":"Polygon","coordinates":[[[29.146913,41.020101],[29.149663,41.001883],[29.165552,40.996619],[29.171744,41.004824],[29.167507,41.016053],[29.160099,41.022597],[29.146913,41.020101]]]},"properties":{"hucre_kodu":"BZ-235","ilce":"Ümraniye","alan_km2":4.17,"yogunluk_puani":5,"komsular":["BZ-096","BZ-234","BZ-023","BZ-237","BZ-236","BZ-238"]}},{"type":"Feature","geometry":{"type":"Polygon","coordinates":[[[29.167507,41.016053],[29.171744,41.004824],[29.183798,41.004824],[29.186622,41.016053],[29.167507,41.016053]]]},"properties":{"hucre_kodu":"BZ-236","ilce":"Ümraniye","alan_km2":1.64,"yogunluk_puani":7,"komsular":["BZ-238","BZ-235","BZ-237","BZ-177"]}},{"type":"Feature","geometry":{"type":"Polygon","coordinates":[[[29.165552,40.996619],[29.167073,40.993595],[29.184363,40.993595],[29.186057,41.000333],[29.183798,41.004824],[29.171744,41.004824],[29.165552,40.996619]]]},"properties":{"hucre_kodu":"BZ-237","ilce":"Ümraniye","alan_km2":1.79,"yogunluk_puani":1,"komsular":["BZ-235","BZ-023","BZ-024","BZ-176","BZ-177","BZ-236"]}},{"type":"Feature","geometry":{"type":"Polygon","coordinates":[[[29.160099,41.022597],[29.167507,41.016053],[29.186622,41.016053],[29.187765,41.017567],[29.189174,41.025036],[29.162554,41.025036],[29.160099,41.022597]]]},"properties":{"hucre_kodu":"BZ-238","ilce":"Ümraniye","alan_km2":2.11,"yogunluk_puani":6,"komsular":["BZ-096","BZ-235","BZ-236","BZ-177","BZ-098","BZ-097"]}},{"type":"Feature","geometry":{"type":"Polygon","coordinates":[[[29.006661,41.007303],[29.007913,41.0055],[29.007966,41.005423],[29.008359,41.004859],[29.01244,41.004452],[29.012428,41.004262],[29.013507,41.00264],[29.013431,41.002548],[29.010528,41.002831],[29.010395,41.002684],[29.011559,41.000915],[29.01523,41.000552],[29.024843,41.00692],[29.022933,41.014515],[29.008585,41.019268],[29.008621,41.019227],[29.008619,41.019032],[29.00866,41.018832],[29.008487,41.018751],[29.008517,41.018698],[29.00866,41.018709],[29.008653,41.018603],[29.008621,41.018393],[29.008626,41.018063],[29.008345,41.018022],[29.008247,41.018076],[29.008126,41.018526],[29.008369,41.018636],[29.008326,41.018699],[29.007948,41.018595],[29.008022,41.018265],[29.008178,41.017935],[29.008381,41.017893],[29.00844,41.017828],[29.008446,41.017728],[29.008523,41.017619],[29.008714,41.017532],[29.009238,41.017228],[29.00959,41.016962],[29.009988,41.016542],[29.010313,41.016076],[29.010565,41.015624],[29.010674,41.015266],[29.010757,41.014896],[29.010888,41.014372],[29.010991,41.013737],[29.01115,41.01299],[29.011027,41.012942],[29.01003,41.013191],[29.009509,41.013915],[29.009443,41.013877],[29.010035,41.013],[29.010617,41.012829],[29.010615,41.012783],[29.010875,41.012605],[29.010985,41.012463],[29.011015,41.012325],[29.010465,41.011211],[29.010302,41.011138],[29.010258,41.011058],[29.010121,41.011075],[29.010089,41.011007],[29.009995,41.011006],[29.009924,41.010827],[29.009899,41.010764],[29.00968,41.010814],[29.009425,41.010862],[29.009176,41.010939],[29.00892,41.010955],[29.008896,41.010912],[29.009418,41.010628],[29.010051,41.010462],[29.009994,41.010345],[29.009787,41.009924],[29.010034,41.009525],[29.009843,41.009463],[29.009617,41.009651],[29.009555,41.009629],[29.009829,41.009228],[29.009627,41.009158],[29.009371,41.009361],[29.009161,41.009206],[29.008087,41.009518],[29.007199,41.010916],[29.007072,41.010864],[29.006983,41.011003],[29.00686,41.010953],[29.007579,41.009822],[29.0073,41.009698],[29.00741,41.0095],[29.009176,41.009],[29.010357,41.007224],[29.010235,41.007101],[29.006706,41.007435],[29.006661,41.007303]]]},"properties":{"hucre_kodu":"BZ-239","ilce":"Üsküdar","alan_km2":1.83,"yogunluk_puani":5,"komsular":["BZ-061","BZ-082","BZ-124","BZ-129","BZ-241","BZ-240"]}},{"type":"Feature","geometry":{"type":"Polygon","coordinates":[[[29.006363,41.022136],[29.006433,41.021801],[29.006543,41.021467],[29.006845,41.020994],[29.006937,41.020968],[29.00711,41.020722],[29.007027,41.02064],[29.007513,41.020083],[29.007672,41.019936],[29.008435,41.01933],[29.008519,41.019342],[29.008585,41.019268],[29.022933,41.014515],[29.036269,41.026295],[29.030108,41.037179],[29.029998,41.037109],[29.029847,41.037008],[29.029781,41.036971],[29.029683,41.037078],[29.029555,41.037012],[29.029645,41.036913],[29.029599,41.036889],[29.029621,41.036865],[29.029538,41.036814],[29.029524,41.036837],[29.029376,41.036761],[29.029407,41.036702],[29.029361,41.03669],[29.029365,41.036676],[29.029324,41.036658],[29.029308,41.036699],[29.029185,41.03665],[29.029161,41.036677],[29.028797,41.036526],[29.028533,41.036394],[29.028218,41.036235],[29.0278,41.036027],[29.02754,41.035874],[29.027127,41.035541],[29.026653,41.035134],[29.026476,41.035008],[29.02643,41.035021],[29.026331,41.034962],[29.026184,41.034898],[29.026215,41.034869],[29.026111,41.034818],[29.026058,41.034842],[29.025896,41.03472],[29.02558,41.034457],[29.025383,41.034313],[29.025222,41.034168],[29.025182,41.034181],[29.025082,41.034103],[29.024807,41.033883],[29.024526,41.033679],[29.024345,41.033531],[29.024361,41.033514],[29.024245,41.033444],[29.024055,41.033334],[29.023986,41.033288],[29.023815,41.033176],[29.023552,41.033012],[29.023163,41.032748],[29.023145,41.032762],[29.022771,41.032513],[29.022807,41.032481],[29.02234,41.032199],[29.022355,41.032188],[29.022421,41.032128],[29.02221,41.032003],[29.022149,41.032068],[29.022139,41.032082],[29.02209,41.032051],[29.021946,41.031929],[29.021767,41.031862],[29.021708,41.031951],[29.021697,41.03198],[29.021798,41.032015],[29.021769,41.032057],[29.021468,41.03195],[29.021496,41.031902],[29.021588,41.031937],[29.021604,41.031912],[29.021661,41.031829],[29.021005,41.03159],[29.020391,41.03156],[29.020149,41.031503],[29.020095,41.031551],[29.019344,41.031067],[29.019108,41.030929],[29.018709,41.030662],[29.018046,41.030233],[29.017537,41.02996],[29.017315,41.029764],[29.01713,41.029579],[29.016837,41.029242],[29.016728,41.029116],[29.01666,41.029116],[29.016532,41.02899],[29.016403,41.028862],[29.01629,41.02875],[29.016345,41.028712],[29.01613,41.028551],[29.016041,41.028378],[29.016108,41.028314],[29.016056,41.028272],[29.015925,41.028163],[29.015784,41.028044],[29.01574,41.028008],[29.015691,41.028042],[29.015586,41.027955],[29.015504,41.028133],[29.015384,41.028223],[29.015287,41.02814],[29.015176,41.028044],[29.015282,41.027974],[29.015085,41.027829],[29.015003,41.027817],[29.014792,41.027603],[29.014697,41.027485],[29.014657,41.027434],[29.014642,41.027412],[29.014784,41.027322],[29.014471,41.027103],[29.014438,41.027144],[29.014321,41.027101],[29.014164,41.027037],[29.013987,41.026947],[29.013792,41.026809],[29.013601,41.026631],[29.013458,41.026443],[29.013512,41.026422],[29.013299,41.026225],[29.013168,41.026153],[29.012691,41.02606],[29.012549,41.026071],[29.012408,41.026104],[29.012031,41.02619],[29.011678,41.026199],[29.011343,41.026086],[29.01102,41.026103],[29.010777,41.026162],[29.010613,41.026146],[29.010282,41.026094],[29.010143,41.026064],[29.009842,41.025994],[29.009633,41.02594],[29.009579,41.025963],[29.009519,41.025955],[29.009489,41.02592],[29.009495,41.02589],[29.009414,41.025824],[29.009407,41.025804],[29.008904,41.025484],[29.008727,41.025351],[29.008561,41.025222],[29.008426,41.025087],[29.008,41.02463],[29.007651,41.024262],[29.00745,41.024038],[29.007238,41.023764],[29.007113,41.023521],[29.006993,41.023305],[29.006887,41.023153],[29.006788,41.023099],[29.006461,41.022529],[29.006367,41.022314],[29.006363,41.022136]]]},"properties":{"hucre_kodu":"BZ-240","ilce":"Üsküdar","alan_km2":3.28,"yogunluk_puani":22,"komsular":["BZ-063","BZ-061","BZ-239","BZ-241","BZ-242","BZ-064"]}},{"type":"Feature","geometry":{"type":"Polygon","coordinates":[[[29.022933,41.014515],[29.024843,41.00692],[29.034858,40.998074],[29.039119,41.000333],[29.039119,41.025036],[29.036269,41.026295],[29.022933,41.014515]]]},"properties":{"hucre_kodu":"BZ-241","ilce":"Üsküdar","alan_km2":2.84,"yogunluk_puani":11,"komsular":["BZ-242","BZ-240","BZ-239","BZ-129","BZ-131","BZ-243"]}},{"type":"Feature","geometry":{"type":"Polygon","coordinates":[[[29.030108,41.037179],[29.036269,41.026295],[29.039119,41.025036],[29.043395,41.025036],[29.073111,41.051286],[29.073472,41.055591],[29.061018,41.064592],[29.053238,41.05772],[29.053278,41.057464],[29.05296,41.057186],[29.05284,41.056959],[29.052668,41.056713],[29.05217,41.055911],[29.051956,41.055386],[29.051971,41.055326],[29.051691,41.054388],[29.051637,41.054127],[29.05163,41.053988],[29.051624,41.05362],[29.051683,41.053523],[29.051714,41.053526],[29.051737,41.053525],[29.051769,41.053395],[29.051686,41.052733],[29.051398,41.052157],[29.05142,41.051543],[29.051438,41.051217],[29.051505,41.051112],[29.051358,41.051052],[29.051457,41.050926],[29.051674,41.051015],[29.052042,41.050694],[29.052385,41.050422],[29.052179,41.049911],[29.05231,41.049863],[29.052478,41.049662],[29.05255,41.049668],[29.052588,41.049442],[29.052215,41.049213],[29.052151,41.049063],[29.052252,41.048817],[29.052212,41.048797],[29.052338,41.048559],[29.052058,41.048304],[29.052117,41.048238],[29.051192,41.047814],[29.051232,41.047763],[29.050753,41.047549],[29.049453,41.047297],[29.049467,41.047146],[29.04895,41.046937],[29.048184,41.046588],[29.047815,41.046423],[29.047685,41.046338],[29.047439,41.046247],[29.046843,41.045969],[29.046285,41.045713],[29.04603,41.045579],[29.045833,41.045473],[29.04579,41.045526],[29.045633,41.045506],[29.045295,41.045308],[29.045284,41.045274],[29.045309,41.045209],[29.045005,41.045096],[29.04479,41.045],[29.044555,41.044923],[29.044536,41.044916],[29.044446,41.044882],[29.043918,41.044678],[29.043818,41.04464],[29.043653,41.044521],[29.04337,41.044263],[29.043139,41.044038],[29.043116,41.044016],[29.0428,41.043895],[29.042745,41.043892],[29.042224,41.043868],[29.042166,41.043788],[29.042145,41.043761],[29.041415,41.043679],[29.041022,41.043635],[29.040713,41.04348],[29.039251,41.042662],[29.038476,41.042184],[29.038307,41.04208],[29.037854,41.041761],[29.037602,41.041627],[29.037534,41.041685],[29.036946,41.041358],[29.037001,41.041305],[29.037049,41.041329],[29.037029,41.041351],[29.037495,41.041613],[29.03763,41.041491],[29.037166,41.041221],[29.037105,41.041277],[29.037056,41.041249],[29.037126,41.04118],[29.037054,41.041136],[29.036867,41.041029],[29.036204,41.040674],[29.035671,41.040262],[29.035695,41.040239],[29.035379,41.039987],[29.03533,41.039948],[29.035174,41.039893],[29.035146,41.039895],[29.034954,41.039816],[29.034958,41.039801],[29.034924,41.039793],[29.034837,41.039771],[29.034841,41.039756],[29.03477,41.039722],[29.034773,41.039706],[29.034648,41.039677],[29.034645,41.039689],[29.034592,41.039676],[29.034597,41.039665],[29.034456,41.039631],[29.034461,41.039619],[29.03435,41.039591],[29.034299,41.039575],[29.03431,41.039551],[29.034108,41.03949],[29.034034,41.039459],[29.034011,41.039453],[29.033943,41.039434],[29.033838,41.039382],[29.033495,41.03932],[29.033354,41.039239],[29.033276,41.039109],[29.032902,41.038863],[29.032802,41.038735],[29.032522,41.038636],[29.031873,41.038529],[29.031781,41.038494],[29.0316,41.038412],[29.031627,41.038371],[29.031428,41.038273],[29.031243,41.03815],[29.031224,41.038137],[29.031272,41.038097],[29.031215,41.038061],[29.031025,41.037941],[29.030972,41.03797],[29.030899,41.037909],[29.03074,41.037754],[29.030559,41.037529],[29.030444,41.037423],[29.030289,41.037333],[29.030136,41.037197],[29.030108,41.037179]]]},"properties":{"hucre_kodu":"BZ-242","ilce":"Üsküdar","alan_km2":6.64,"yogunluk_puani":5,"komsular":["BZ-065","BZ-064","BZ-240","BZ-241","BZ-243","BZ-244","BZ-231"]}},{"type":"Feature","geometry":{"type":"Polygon","coordinates":[[[29.039119,41.000333],[29.051738,41.000333],[29.060646,41.009186],[29.06054,41.009891],[29.043395,41.025036],[29.039119,41.025036],[29.039119,41.000333]]]},"properties":{"hucre_kodu":"BZ-243","ilce":"Üsküdar","alan_km2":3.38,"yogunluk_puani":10,"komsular":["BZ-242","BZ-241","BZ-131","BZ-132","BZ-245","BZ-244"]}},{"type":"Feature","geometry":{"type":"Polygon","coordinates":[[[29.043395,41.025036],[29.06054,41.009891],[29.074827,41.038287],[29.074827,41.043328],[29.073111,41.051286],[29.043395,41.025036]]]},"properties":{"hucre_kodu":"BZ-244","ilce":"Üsküdar","alan_km2":5.35,"yogunluk_puani":11,"komsular":["BZ-231","BZ-242","BZ-243","BZ-245","BZ-229"]}},{"type":"Feature","geometry":{"type":"Polygon","coordinates":[[[29.06054,41.009891],[29.060646,41.009186],[29.074827,41.00167],[29.08504,41.007083],[29.087392,41.013315],[29.074827,41.038287],[29.06054,41.009891]]]},"properties":{"hucre_kodu":"BZ-245","ilce":"Üsküdar","alan_km2":4.88,"yogunluk_puani":23,"komsular":["BZ-229","BZ-244","BZ-243","BZ-132","BZ-017","BZ-230"]}},{"type":"Feature","geometry":{"type":"MultiPolygon","coordinates":[[[[28.87392,40.967353],[28.875288,40.967369],[28.875424,40.967409],[28.875496,40.967521],[28.875497,40.967584],[28.87544,40.967673],[28.875342,40.967728],[28.875244,40.967738],[28.875151,40.96772],[28.875062,40.967669],[28.875015,40.967606],[28.875028,40.967537],[28.875077,40.967484],[28.874014,40.967479],[28.87392,40.967353]]],[[[28.87498,40.968758],[28.875115,40.96877],[28.875329,40.968839],[28.875533,40.968961],[28.878674,40.97136],[28.879091,40.971756],[28.879196,40.971856],[28.879456,40.972117],[28.879578,40.972251],[28.87964,40.97232],[28.879679,40.972385],[28.879687,40.972438],[28.879692,40.972471],[28.879653,40.972519],[28.879589,40.972559],[28.879514,40.972577],[28.879434,40.972563],[28.879388,40.972528],[28.87934,40.972473],[28.879277,40.972389],[28.879262,40.972307],[28.878851,40.971902],[28.878372,40.971479],[28.8771,40.970481],[28.875767,40.9695],[28.875282,40.969158],[28.87498,40.968758]]],[[[28.877261,40.971781],[28.877406,40.971668],[28.877544,40.971772],[28.877595,40.971735],[28.877462,40.971624],[28.877495,40.971595],[28.878491,40.972351],[28.877981,40.972735],[28.877261,40.971781]]],[[[28.878038,40.97281],[28.878166,40.972903],[28.878129,40.972931],[28.878038,40.97281]]],[[[28.878363,40.973241],[28.878419,40.973283],[28.878404,40.973295],[28.878363,40.973241]]],[[[28.879216,40.974371],[28.879643,40.974501],[28.880083,40.974696],[28.88034,40.974874],[28.88092,40.975303],[28.881338,40.975571],[28.881773,40.975838],[28.882668,40.976407],[28.883215,40.976761],[28.883344,40.97679],[28.883634,40.976747],[28.883977,40.976729],[28.884342,40.976745],[28.884675,40.976818],[28.884975,40.976913],[28.885506,40.977164],[28.885858,40.977407],[28.886056,40.977543],[28.886233,40.977705],[28.886308,40.977865],[28.886381,40.978078],[28.886413,40.97813],[28.886541,40.978187],[28.887024,40.97843],[28.887367,40.978649],[28.887721,40.978876],[28.888182,40.979127],[28.88873,40.979402],[28.889073,40.979589],[28.889306,40.979716],[28.890068,40.97988],[28.890669,40.979919],[28.890799,40.979475],[28.890809,40.978198],[28.890641,40.978095],[28.890603,40.978025],[28.890596,40.977971],[28.89063,40.97791],[28.890772,40.977858],[28.890925,40.977895],[28.890999,40.977998],[28.891023,40.979411],[28.890954,40.979712],[28.890849,40.980011],[28.891032,40.980025],[28.891214,40.980041],[28.89123,40.979967],[28.891292,40.97988],[28.891377,40.979799],[28.891448,40.979652],[28.891485,40.979497],[28.891519,40.977978],[28.891584,40.977898],[28.891692,40.97785],[28.891799,40.977869],[28.891897,40.977911],[28.891948,40.97802],[28.891901,40.978121],[28.891743,40.978216],[28.891711,40.979497],[28.891644,40.97976],[28.89212,40.979916],[28.892512,40.979942],[28.892938,40.980001],[28.89307,40.980052],[28.893115,40.980148],[28.893071,40.980167],[28.892977,40.980142],[28.892909,40.980115],[28.892558,40.980085],[28.892125,40.980068],[28.891707,40.980057],[28.891592,40.980081],[28.891468,40.98019],[28.891326,40.980301],[28.891235,40.980433],[28.891181,40.980599],[28.891117,40.980795],[28.89113,40.980868],[28.891189,40.980941],[28.891329,40.981022],[28.891712,40.981134],[28.892128,40.981212],[28.892316,40.981229],[28.892788,40.98115],[28.893123,40.981045],[28.893131,40.980957],[28.892715,40.980447],[28.892912,40.980337],[28.893011,40.980451],[28.893535,40.980333],[28.893583,40.980469],[28.893111,40.980594],[28.893324,40.980828],[28.893453,40.980925],[28.893635,40.981026],[28.893898,40.980919],[28.894132,40.980816],[28.894046,40.980421],[28.894,40.980398],[28.893753,40.979985],[28.89356,40.979799],[28.893174,40.979224],[28.893281,40.979184],[28.89385,40.979977],[28.893989,40.979937],[28.894429,40.980577],[28.895057,40.980411],[28.894462,40.979508],[28.894627,40.979452],[28.895207,40.980326],[28.895647,40.980237],[28.8951,40.979379],[28.895239,40.979314],[28.895861,40.980229],[28.895893,40.980164],[28.896248,40.9801],[28.895668,40.979176],[28.895829,40.979119],[28.896419,40.980051],[28.8968,40.979921],[28.896752,40.979792],[28.896312,40.979071],[28.896451,40.979022],[28.897052,40.979913],[28.897331,40.9798],[28.898261,40.979511],[28.898297,40.9795],[28.898354,40.979485],[28.898753,40.979373],[28.898766,40.97922],[28.898937,40.979168],[28.899424,40.979042],[28.899621,40.979006],[28.89993,40.97895],[28.90022,40.978923],[28.90069,40.97889],[28.901145,40.978917],[28.901895,40.979005],[28.902317,40.979085],[28.902503,40.979119],[28.903006,40.979257],[28.904483,40.979839],[28.906334,40.980586],[28.906748,40.980756],[28.905725,40.984822],[28.89331,40.993047],[28.879216,40.974371]]]]},"properties":{"hucre_kodu":"BZ-246","ilce":"Zeytinburnu","alan_km2":1.9,"yogunluk_puani":41,"komsular":["BZ-249","BZ-247","BZ-048","BZ-047","BZ-046","BZ-001"]}},{"type":"Feature","geometry":{"type":"Polygon","coordinates":[[[28.89331,40.993047],[28.905725,40.984822],[28.910669,40.997923],[28.897823,41.003597],[28.89331,41.000607],[28.89331,40.993047]]]},"properties":{"hucre_kodu":"BZ-247","ilce":"Zeytinburnu","alan_km2":1.86,"yogunluk_puani":49,"komsular":["BZ-248","BZ-128","BZ-048","BZ-246","BZ-249"]}},{"type":"Feature","geometry":{"type":"Polygon","coordinates":[[[28.897823,41.003597],[28.910669,40.997923],[28.919266,41.00077],[28.916513,41.011711],[28.907586,41.019597],[28.900701,41.015035],[28.897823,41.003597]]]},"properties":{"hucre_kodu":"BZ-248","ilce":"Zeytinburnu","alan_km2":2.79,"yogunluk_puani":25,"komsular":["BZ-250","BZ-105","BZ-128","BZ-247","BZ-249","BZ-117"]}},{"type":"Feature","geometry":{"type":"Polygon","coordinates":[[[28.905725,40.984822],[28.906748,40.980756],[28.906781,40.98077],[28.907264,40.980979],[28.907812,40.981272],[28.908175,40.981495],[28.908341,40.981344],[28.908397,40.98137],[28.908227,40.98152],[28.908357,40.981611],[28.908426,40.9817],[28.9085,40.981673],[28.908531,40.981718],[28.908459,40.981743],[28.908466,40.981829],[28.908951,40.982371],[28.9094,40.982772],[28.909752,40.983089],[28.910244,40.983754],[28.910648,40.984309],[28.9112,40.985005],[28.911715,40.985718],[28.911785,40.985791],[28.913028,40.986298],[28.913867,40.986645],[28.914366,40.986855],[28.915177,40.987183],[28.915863,40.9874],[28.917091,40.987789],[28.917396,40.987881],[28.917689,40.987897],[28.918837,40.987888],[28.919138,40.987895],[28.919925,40.987921],[28.920076,40.9879],[28.92132,40.987851],[28.922265,40.987673],[28.922747,40.987633],[28.923251,40.987649],[28.923411,40.987661],[28.92384,40.987749],[28.924733,40.988062],[28.925067,40.988222],[28.925341,40.988447],[28.927844,40.99138],[28.927951,40.991407],[28.928719,40.990994],[28.928794,40.99098],[28.928624,40.991281],[28.928598,40.991289],[28.928037,40.991643],[28.927947,40.991776],[28.928199,40.992033],[28.924962,40.997752],[28.919266,41.00077],[28.910669,40.997923],[28.905725,40.984822]]]},"properties":{"hucre_kodu":"BZ-249","ilce":"Zeytinburnu","alan_km2":2.18,"yogunluk_puani":3,"komsular":["BZ-122","BZ-118","BZ-117","BZ-248","BZ-247","BZ-246","BZ-001"]}},{"type":"Feature","geometry":{"type":"Polygon","coordinates":[[[28.907586,41.019597],[28.916513,41.011711],[28.931994,41.021967],[28.931994,41.032048],[28.921457,41.034375],[28.908791,41.025984],[28.907586,41.019597]]]},"properties":{"hucre_kodu":"BZ-250","ilce":"Zeytinburnu","alan_km2":3.36,"yogunluk_puani":8,"komsular":["BZ-115","BZ-058","BZ-105","BZ-248","BZ-117","BZ-119"]}}]}