{"type":"FeatureCollection","kaynak":"OpenStreetMap katkıcıları (ODbL) ve İBB Açık Veri Portalı (İBB Açık Veri Lisansı)","uretim_tarihi":"2026-09-18","tohum":20260919,"features":[{"type":"Feature","geometry":{"type":"Point","coordinates":[28.907884,41.050681]},"properties":{"id":"D0001","kategori":"durak","ad":"BAYRAMPAŞA KAYMAKAMLIĞI","kaynak":"ibb_iett","durak_kodu":"191821","ilce":"Bayrampaşa","mahalle":"Muratpaşa Mahallesi"}},{"type":"Feature","geometry":{"type":"Point","coordinates":[28.896431,41.055716]},"properties":{"id":"D0002","kategori":"durak","ad":"BAYRAMPAŞA BELEDİYESİ SPOR TESİSLERİ","kaynak":"ibb_iett","durak_kodu":"107301","ilce":"Bayrampaşa","mahalle":"Kocatepe Mahallesi"}},{"type":"Feature","geometry":{"type":"Point","coordinates":[28.898153,41.060911]},"properties":{"id":"D0003","kategori":"durak","ad":"YEŞİL SOKAK","kaynak":"ibb_iett","durak_kodu":"106951","ilce":"Bayrampaşa","mahalle":"Yıldırım Mahallesi"}},{"type":"Feature","geometry":{"type":"Point","coordinates":[28.884961,41.073711]},"properties":{"id":"D0004","kategori":"durak","ad":"PAPATYA SOKAK","kaynak":"ibb_iett","durak_kodu":"109411","ilce":"Bayrampaşa","mahalle":"Cevatpaşa Mahallesi"}},{"type":"Feature","geometry":{"type":"Point","coordinates":[28.910504,41.040001]},"properties":{"id":"D0005","kategori":"durak","ad":"ŞAR SOKAK","kaynak":"ibb_iett","durak_kodu":"176901","ilce":"Bayrampaşa","mahalle":"Yenidoğan Mahallesi"}},{"type":"Feature","geometry":{"type":"Point","coordinates":[28.900639,41.046711]},"properties":{"id":"D0006","kategori":"durak","ad":"AYANCIK SOKAK","kaynak":"ibb_iett","durak_kodu":"108141","ilce":"Bayrampaşa","mahalle":"Muratpaşa Mahallesi"}},{"type":"Feature","geometry":{"type":"Point","coordinates":[28.903812,41.055912]},"properties":{"id":"D0007","kategori":"durak","ad":"KARTALTEPE","kaynak":"ibb_iett","durak_kodu":"106631","ilce":"Bayrampaşa","mahalle":"Kartaltepe Mahallesi"}},{"type":"Feature","geometry":{"type":"Point","coordinates":[28.90976,41.045044]},"properties":{"id":"D0008","kategori":"durak","ad":"SPOR KOMPLEKSİ","kaynak":"ibb_iett","durak_kodu":"109151","ilce":"Bayrampaşa","mahalle":"Muratpaşa Mahallesi"}},{"type":"Feature","geometry":{"type":"Point","coordinates":[28.888755,41.040585]},"properties":{"id":"D0009","kategori":"durak","ad":"HAYAT TEPE","kaynak":"ibb_iett","durak_kodu":"132961","ilce":"Bayrampaşa","mahalle":"Altıntepsi Mahallesi"}},{"type":"Feature","geometry":{"type":"Point","coordinates":[28.835429,40.993954]},"properties":{"id":"D0010","kategori":"durak","ad":"YAZGÜLÜ SOKAK","kaynak":"ibb_iett","durak_kodu":"178531","ilce":"Bahçelievler","mahalle":"Zafer Mahallesi"}},{"type":"Feature","geometry":{"type":"Point","coordinates":[28.822653,41.016447]},"properties":{"id":"D0011","kategori":"durak","ad":"DOĞU SANAYİ KÖYİÇİ CAMİİ","kaynak":"ibb_iett","durak_kodu":"103031","ilce":"Bahçelievler","mahalle":"Yenibosna Merkez Mahallesi"}},{"type":"Feature","geometry":{"type":"Point","coordinates":[28.868887,40.997146]},"properties":{"id":"D0012","kategori":"durak","ad":"İNCİRLİ(E-5)","kaynak":"ibb_iett","durak_kodu":"111021","ilce":"Bahçelievler","mahalle":"Bahçelievler Mahallesi"}},{"type":"Feature","geometry":{"type":"Point","coordinates":[28.852951,40.995212]},"properties":{"id":"D0013","kategori":"durak","ad":"KAMU SAĞLIĞI","kaynak":"ibb_iett","durak_kodu":"123401","ilce":"Bahçelievler","mahalle":"Siyavuşpaşa Mahallesi"}},{"type":"Feature","geometry":{"type":"Point","coordinates":[28.835184,41.017814]},"properties":{"id":"D0014","kategori":"durak","ad":"KOCA SİNAN","kaynak":"ibb_iett","durak_kodu":"800361","ilce":"Bahçelievler","mahalle":"Kocasinan Merkez Mahallesi"}},{"type":"Feature","geometry":{"type":"Point","coordinates":[28.827843,41.010146]},"properties":{"id":"D0015","kategori":"durak","ad":"MERYEM ANA SOKAK","kaynak":"ibb_iett","durak_kodu":"176851","ilce":"Bahçelievler","mahalle":"Yenibosna Merkez Mahallesi"}},{"type":"Feature","geometry":{"type":"Point","coordinates":[28.847009,41.011988]},"properties":{"id":"D0016","kategori":"durak","ad":"KOCASİNAN POLİS MERKEZİ","kaynak":"ibb_iett","durak_kodu":"125511","ilce":"Bahçelievler","mahalle":"Kocasinan Merkez Mahallesi"}},{"type":"Feature","geometry":{"type":"Point","coordinates":[28.838925,41.009212]},"properties":{"id":"D0017","kategori":"durak","ad":"MEVLANA CAMİİ","kaynak":"ibb_iett","durak_kodu":"129701","ilce":"Bahçelievler","mahalle":"Kocasinan Merkez Mahallesi"}},{"type":"Feature","geometry":{"type":"Point","coordinates":[28.816845,41.001298]},"properties":{"id":"D0018","kategori":"durak","ad":"KUYUMCUKENT ÇARŞI","kaynak":"ibb_iett","durak_kodu":"130162","ilce":"Bahçelievler","mahalle":"Yenibosna Merkez Mahallesi"}},{"type":"Feature","geometry":{"type":"Point","coordinates":[28.834161,41.001857]},"properties":{"id":"D0019","kategori":"durak","ad":"YENİBOSNA MERKEZ CAMİİ","kaynak":"ibb_iett","durak_kodu":"111071","ilce":"Bahçelievler","mahalle":"Fevzi Çakmak Mahallesi"}},{"type":"Feature","geometry":{"type":"Point","coordinates":[28.823593,40.997272]},"properties":{"id":"D0020","kategori":"durak","ad":"ZEYTİN DALI SOKAK","kaynak":"ibb_iett","durak_kodu":"191921","ilce":"Bahçelievler","mahalle":"Çobançeşme Mahallesi"}},{"type":"Feature","geometry":{"type":"Point","coordinates":[28.842919,40.995092]},"properties":{"id":"D0021","kategori":"durak","ad":"HÜRRİYET MAHALLESİ","kaynak":"ibb_iett","durak_kodu":"125842","ilce":"Bahçelievler","mahalle":"Şirinevler Mahallesi"}},{"type":"Feature","geometry":{"type":"Point","coordinates":[28.105383,41.072611]},"properties":{"id":"D0022","kategori":"durak","ad":"ÇERKEZKÖY YOLU","kaynak":"ibb_iett","durak_kodu":"179791","ilce":"Silivri","mahalle":"Çanta Sancaktepe Mahallesi"}},{"type":"Feature","geometry":{"type":"Point","coordinates":[28.334219,41.200657]},"properties":{"id":"D0023","kategori":"durak","ad":"ALİ ÇEŞME SOKAK","kaynak":"ibb_iett","durak_kodu":"188111","ilce":"Silivri","mahalle":"Akören Mahallesi"}},{"type":"Feature","geometry":{"type":"Point","coordinates":[28.366666,41.09222]},"properties":{"id":"D0024","kategori":"durak","ad":"İBRAHİM YİRİK MESLEKİ VE TEKNİK ANADOLU LİSESİ","kaynak":"ibb_iett","durak_kodu":"180381","ilce":"Silivri","mahalle":"Ortaköy Mahallesi"}},{"type":"Feature","geometry":{"type":"Point","coordinates":[28.24225,41.311523]},"properties":{"id":"D0025","kategori":"durak","ad":"MANDIRA CADDESİ","kaynak":"ibb_iett","durak_kodu":"189431","ilce":"Silivri","mahalle":"Danamandıra Mahallesi"}},{"type":"Feature","geometry":{"type":"Point","coordinates":[28.036294,41.05008]},"properties":{"id":"D0026","kategori":"durak","ad":"GAZİ","kaynak":"ibb_iett","durak_kodu":"176071","ilce":"Silivri","mahalle":"Gümüşyaka Mahallesi"}},{"type":"Feature","geometry":{"type":"Point","coordinates":[28.05895,41.235262]},"properties":{"id":"D0027","kategori":"durak","ad":"MERSİN AĞACI SOKAK","kaynak":"ibb_iett","durak_kodu":"179921","ilce":"Silivri","mahalle":"Büyük Çavuşlu Mahallesi"}},{"type":"Feature","geometry":{"type":"Point","coordinates":[28.08797,41.180581]},"properties":{"id":"D0028","kategori":"durak","ad":"ECEM OBA SAPAĞI","kaynak":"ibb_iett","durak_kodu":"182701","ilce":"Silivri","mahalle":"Çanta Sancaktepe Mahallesi"}},{"type":"Feature","geometry":{"type":"Point","coordinates":[28.124158,41.301083]},"properties":{"id":"D0029","kategori":"durak","ad":"MİLLİ ŞAİR CADDESİ","kaynak":"ibb_iett","durak_kodu":"182401","ilce":"Silivri","mahalle":"Çayırdere Mahallesi"}},{"type":"Feature","geometry":{"type":"Point","coordinates":[28.305404,41.066825]},"properties":{"id":"D0030","kategori":"durak","ad":"BİZİMKÖY","kaynak":"ibb_iett","durak_kodu":"128961","ilce":"Silivri","mahalle":"Cumhuriyet Mahallesi"}},{"type":"Feature","geometry":{"type":"Point","coordinates":[28.384035,41.051974]},"properties":{"id":"D0031","kategori":"durak","ad":"GÜZELKENT","kaynak":"ibb_iett","durak_kodu":"129631","ilce":"Silivri","mahalle":"Selimpaşa Mahallesi"}},{"type":"Feature","geometry":{"type":"Point","coordinates":[28.175028,41.316361]},"properties":{"id":"D0032","kategori":"durak","ad":"SAYALAR","kaynak":"ibb_iett","durak_kodu":"101081","ilce":"Silivri","mahalle":"Sayalar Mahallesi"}},{"type":"Feature","geometry":{"type":"Point","coordinates":[28.184917,41.078714]},"properties":{"id":"D0033","kategori":"durak","ad":"ALTINORAK MAHALLESİ","kaynak":"ibb_iett","durak_kodu":"100802","ilce":"Silivri","mahalle":"Semizkumlar Mahallesi"}},{"type":"Feature","geometry":{"type":"Point","coordinates":[28.113571,41.234488]},"properties":{"id":"D0034","kategori":"durak","ad":"BEYCİLER MAHALLESİ MUHTARLIĞI","kaynak":"ibb_iett","durak_kodu":"189391","ilce":"Silivri","mahalle":"Beyciler Mahallesi"}},{"type":"Feature","geometry":{"type":"Point","coordinates":[29.061459,40.972052]},"properties":{"id":"D0035","kategori":"durak","ad":"GÖZTEPE","kaynak":"ibb_iett","durak_kodu":"226031","ilce":"Kadıköy","mahalle":"Caddebostan Mahallesi"}},{"type":"Feature","geometry":{"type":"Point","coordinates":[29.02423,40.994073]},"properties":{"id":"D0036","kategori":"durak","ad":"KADIKÖY","kaynak":"ibb_iett","durak_kodu":"408031","ilce":"Kadıköy","mahalle":"Rasimpaşa Mahallesi"}},{"type":"Feature","geometry":{"type":"Point","coordinates":[29.073987,40.985995]},"properties":{"id":"D0037","kategori":"durak","ad":"ŞAİR ARŞİ CADDESİ","kaynak":"ibb_iett","durak_kodu":"227261","ilce":"Kadıköy","mahalle":"Merdivenköy Mahallesi"}},{"type":"Feature","geometry":{"type":"Point","coordinates":[29.039099,40.984201]},"properties":{"id":"D0038","kategori":"durak","ad":"KIZILTOPRAK","kaynak":"ibb_iett","durak_kodu":"224731","ilce":"Kadıköy","mahalle":"Zühtüpaşa Mahallesi"}},{"type":"Feature","geometry":{"type":"Point","coordinates":[29.036299,40.99712]},"properties":{"id":"D0039","kategori":"durak","ad":"GÜREŞÇİ YAŞAR YILMAZ","kaynak":"ibb_iett","durak_kodu":"205531","ilce":"Kadıköy","mahalle":"Acıbadem Mahallesi"}},{"type":"Feature","geometry":{"type":"Point","coordinates":[29.084729,40.979718]},"properties":{"id":"D0040","kategori":"durak","ad":"SİNAN SOKAK","kaynak":"ibb_iett","durak_kodu":"226261","ilce":"Kadıköy","mahalle":"Sahrayıcedit Mahallesi"}},{"type":"Feature","geometry":{"type":"Point","coordinates":[29.045083,40.972857]},"properties":{"id":"D0041","kategori":"durak","ad":"ŞEHİT SELİN ÇELİK","kaynak":"ibb_iett","durak_kodu":"224821","ilce":"Kadıköy","mahalle":"Fenerbahçe Mahallesi"}},{"type":"Feature","geometry":{"type":"Point","coordinates":[29.0367,41.003086]},"properties":{"id":"D0042","kategori":"durak","ad":"ACIBADEM LİSESİ","kaynak":"ibb_iett","durak_kodu":"225581","ilce":"Kadıköy","mahalle":"Acıbadem Mahallesi"}},{"type":"Feature","geometry":{"type":"Point","coordinates":[29.101236,40.957894]},"properties":{"id":"D0043","kategori":"durak","ad":"KONAK SOKAK","kaynak":"ibb_iett","durak_kodu":"230061","ilce":"Kadıköy","mahalle":"Bostancı Mahallesi"}},{"type":"Feature","geometry":{"type":"Point","coordinates":[29.089638,40.963442]},"properties":{"id":"D0044","kategori":"durak","ad":"ŞEMSETTİN GÜNALTAY CADDESİ","kaynak":"ibb_iett","durak_kodu":"225151","ilce":"Kadıköy","mahalle":"Kozyatağı Mahallesi"}},{"type":"Feature","geometry":{"type":"Point","coordinates":[29.103216,40.963531]},"properties":{"id":"D0045","kategori":"durak","ad":"TARİKİ HAS SOKAK","kaynak":"ibb_iett","durak_kodu":"291641","ilce":"Kadıköy","mahalle":"Bostancı Mahallesi"}},{"type":"Feature","geometry":{"type":"Point","coordinates":[29.061034,40.988102]},"properties":{"id":"D0046","kategori":"durak","ad":"MEHMET BEYAZIT ANADOLU LİSESİ","kaynak":"ibb_iett","durak_kodu":"227171","ilce":"Kadıköy","mahalle":"Merdivenköy Mahallesi"}},{"type":"Feature","geometry":{"type":"Point","coordinates":[29.082757,40.973105]},"properties":{"id":"D0047","kategori":"durak","ad":"19 MAYIS MAHALLESİ-ŞEHİT ORHUN GÖYTAN","kaynak":"ibb_iett","durak_kodu":"225121","ilce":"Kadıköy","mahalle":"19 Mayıs Mahallesi"}},{"type":"Feature","geometry":{"type":"Point","coordinates":[29.05647,40.998574]},"properties":{"id":"D0048","kategori":"durak","ad":"UZUNÇAYIR METROBÜS","kaynak":"ibb_iett","durak_kodu":"292212","ilce":"Kadıköy","mahalle":"Dumlupınar Mahallesi"}},{"type":"Feature","geometry":{"type":"Point","coordinates":[29.09413,40.954977]},"properties":{"id":"D0049","kategori":"durak","ad":"ÜSTBOSTANCI","kaynak":"ibb_iett","durak_kodu":"401181","ilce":"Kadıköy","mahalle":"Bostancı Mahallesi"}},{"type":"Feature","geometry":{"type":"Point","coordinates":[28.55989,41.018965]},"properties":{"id":"D0050","kategori":"durak","ad":"AKÇANSA","kaynak":"ibb_iett","durak_kodu":"130941","ilce":"Büyükçekmece","mahalle":"Mimarsinan Mahallesi"}},{"type":"Feature","geometry":{"type":"Point","coordinates":[28.537003,40.99139]},"properties":{"id":"D0051","kategori":"durak","ad":"VİLLALAR","kaynak":"ibb_iett","durak_kodu":"123191","ilce":"Büyükçekmece","mahalle":"Sinanoba Mahallesi"}},{"type":"Feature","geometry":{"type":"Point","coordinates":[28.527972,41.017895]},"properties":{"id":"D0052","kategori":"durak","ad":"HÜNKARTEPE","kaynak":"ibb_iett","durak_kodu":"100961","ilce":"Büyükçekmece","mahalle":"Murat Çesme Mahallesi"}},{"type":"Feature","geometry":{"type":"Point","coordinates":[28.624913,41.023098]},"properties":{"id":"D0053","kategori":"durak","ad":"TÜYAP","kaynak":"ibb_iett","durak_kodu":"122009","ilce":"Büyükçekmece","mahalle":"Cumhuriyet Mahallesi"}},{"type":"Feature","geometry":{"type":"Point","coordinates":[28.501877,41.034997]},"properties":{"id":"D0054","kategori":"durak","ad":"MUSTAFA KEMALPAŞA CADDESİ","kaynak":"ibb_iett","durak_kodu":"100161","ilce":"Büyükçekmece","mahalle":"Türkoba Mahallesi"}},{"type":"Feature","geometry":{"type":"Point","coordinates":[28.466873,41.035822]},"properties":{"id":"D0055","kategori":"durak","ad":"KUMBURGAZ MESLEKİ VE TEKNİK ANADOLU LİSESİ","kaynak":"ibb_iett","durak_kodu":"166161","ilce":"Büyükçekmece","mahalle":"Kumburgaz Mahallesi"}},{"type":"Feature","geometry":{"type":"Point","coordinates":[28.628288,41.083387]},"properties":{"id":"D0056","kategori":"durak","ad":"TEM ÇIKIŞI","kaynak":"ibb_iett","durak_kodu":"100841","ilce":"Büyükçekmece","mahalle":"Alkent 2000 Mahallesi"}},{"type":"Feature","geometry":{"type":"Point","coordinates":[28.595303,41.116337]},"properties":{"id":"D0057","kategori":"durak","ad":"KAHRAMAN CADDESİ","kaynak":"ibb_iett","durak_kodu":"186361","ilce":"Büyükçekmece","mahalle":"Karaağaç Mahallesi"}},{"type":"Feature","geometry":{"type":"Point","coordinates":[28.613311,40.99241]},"properties":{"id":"D0058","kategori":"durak","ad":"GÜRPINAR","kaynak":"ibb_iett","durak_kodu":"127003","ilce":"Büyükçekmece","mahalle":"Pınartepe Mahallesi"}},{"type":"Feature","geometry":{"type":"Point","coordinates":[28.581584,41.020373]},"properties":{"id":"D0059","kategori":"durak","ad":"BÜYÜKÇEKMECE","kaynak":"ibb_iett","durak_kodu":"176481","ilce":"Büyükçekmece","mahalle":"Fatih Mahallesi"}},{"type":"Feature","geometry":{"type":"Point","coordinates":[28.549465,41.033521]},"properties":{"id":"D0060","kategori":"durak","ad":"TAVŞAN SOKAK","kaynak":"ibb_iett","durak_kodu":"188581","ilce":"Büyükçekmece","mahalle":"Ulus Mahallesi"}},{"type":"Feature","geometry":{"type":"Point","coordinates":[28.543302,41.007922]},"properties":{"id":"D0061","kategori":"durak","ad":"PİRİREİS CADDESİ","kaynak":"ibb_iett","durak_kodu":"100901","ilce":"Büyükçekmece","mahalle":"Ekinoba Mahallesi"}},{"type":"Feature","geometry":{"type":"Point","coordinates":[28.522569,41.03299]},"properties":{"id":"D0062","kategori":"durak","ad":"TÜRKOBA MAHALLESİ MUHTARLIĞI","kaynak":"ibb_iett","durak_kodu":"184841","ilce":"Büyükçekmece","mahalle":"Türkoba Mahallesi"}},{"type":"Feature","geometry":{"type":"Point","coordinates":[28.626842,41.042069]},"properties":{"id":"D0063","kategori":"durak","ad":"KIRAÇ SAPAĞI","kaynak":"ibb_iett","durak_kodu":"127591","ilce":"Büyükçekmece","mahalle":"Çakmaklı Mahallesi"}},{"type":"Feature","geometry":{"type":"Point","coordinates":[28.498323,41.056496]},"properties":{"id":"D0064","kategori":"durak","ad":"AREL ÜNİVERSİTESİ","kaynak":"ibb_iett","durak_kodu":"185891","ilce":"Büyükçekmece","mahalle":"Türkoba Mahallesi"}},{"type":"Feature","geometry":{"type":"Point","coordinates":[28.53475,41.059596]},"properties":{"id":"D0065","kategori":"durak","ad":"TEPEKENT","kaynak":"ibb_iett","durak_kodu":"129271","ilce":"Büyükçekmece","mahalle":"Hürriyet Mahallesi"}},{"type":"Feature","geometry":{"type":"Point","coordinates":[29.046156,41.180887]},"properties":{"id":"D0066","kategori":"durak","ad":"MADEN ÜSTÜ","kaynak":"ibb_iett","durak_kodu":"112621","ilce":"Sarıyer","mahalle":"Maden Mahallesi"}},{"type":"Feature","geometry":{"type":"Point","coordinates":[29.06312,41.116676]},"properties":{"id":"D0067","kategori":"durak","ad":"YALILAR","kaynak":"ibb_iett","durak_kodu":"112291","ilce":"Sarıyer","mahalle":"Yeniköy Mahallesi"}},{"type":"Feature","geometry":{"type":"Point","coordinates":[28.995445,41.233839]},"properties":{"id":"D0068","kategori":"durak","ad":"SARITEPE KAMPÜSÜ","kaynak":"ibb_iett","durak_kodu":"177231","ilce":"Sarıyer","mahalle":"Gümüşdere Mahallesi"}},{"type":"Feature","geometry":{"type":"Point","coordinates":[29.026519,41.155509]},"properties":{"id":"D0069","kategori":"durak","ad":"YOL BAKIM 3. BÖLGE ŞANTİYESİ","kaynak":"ibb_iett","durak_kodu":"185341","ilce":"Sarıyer","mahalle":"PTT Evleri Mahallesi"}},{"type":"Feature","geometry":{"type":"Point","coordinates":[29.052217,41.146765]},"properties":{"id":"D0070","kategori":"durak","ad":"TABYA ALTI","kaynak":"ibb_iett","durak_kodu":"112381","ilce":"Sarıyer","mahalle":"Tarabya Mahallesi"}},{"type":"Feature","geometry":{"type":"Point","coordinates":[29.071238,41.18185]},"properties":{"id":"D0071","kategori":"durak","ad":"RIFKI GÜNEY KILDIRAN İLKOKULU","kaynak":"ibb_iett","durak_kodu":"112551","ilce":"Sarıyer","mahalle":"Rumelikavağı Mahallesi"}},{"type":"Feature","geometry":{"type":"Point","coordinates":[29.053725,41.192047]},"properties":{"id":"D0072","kategori":"durak","ad":"BALCI BAĞI","kaynak":"ibb_iett","durak_kodu":"112651","ilce":"Sarıyer","mahalle":"Zekeriyaköy Mahallesi"}},{"type":"Feature","geometry":{"type":"Point","coordinates":[29.032584,41.220731]},"properties":{"id":"D0073","kategori":"durak","ad":"USKUMRUKÖY YOLU","kaynak":"ibb_iett","durak_kodu":"112793","ilce":"Sarıyer","mahalle":"Uskumruköy Mahallesi"}},{"type":"Feature","geometry":{"type":"Point","coordinates":[29.062212,41.23513]},"properties":{"id":"D0074","kategori":"durak","ad":"BİZİMTEPE SİTESİ","kaynak":"ibb_iett","durak_kodu":"188231","ilce":"Sarıyer","mahalle":"Demirciköy Mahallesi"}},{"type":"Feature","geometry":{"type":"Point","coordinates":[29.033538,41.098931]},"properties":{"id":"D0075","kategori":"durak","ad":"KAVŞAK","kaynak":"ibb_iett","durak_kodu":"115952","ilce":"Sarıyer","mahalle":"Fatih Sultan Mehmet Mahallesi"}},{"type":"Feature","geometry":{"type":"Point","coordinates":[29.013004,41.244082]},"properties":{"id":"D0076","kategori":"durak","ad":"SARITEPE KAMPÜSÜ","kaynak":"ibb_iett","durak_kodu":"115641","ilce":"Sarıyer","mahalle":"Gümüşdere Mahallesi"}},{"type":"Feature","geometry":{"type":"Point","coordinates":[28.967011,41.117729]},"properties":{"id":"D0077","kategori":"durak","ad":"AYAZAĞA MESİRE ALANI","kaynak":"ibb_iett","durak_kodu":"120561","ilce":"Sarıyer","mahalle":"Ayazağa Mahallesi"}},{"type":"Feature","geometry":{"type":"Point","coordinates":[29.050441,41.092576]},"properties":{"id":"D0078","kategori":"durak","ad":"KARAYOLLARI","kaynak":"ibb_iett","durak_kodu":"113561","ilce":"Sarıyer","mahalle":"Baltalimanı Mahallesi"}},{"type":"Feature","geometry":{"type":"Point","coordinates":[29.038794,41.168676]},"properties":{"id":"D0079","kategori":"durak","ad":"ŞEN SOKAK ÇIKMAZI","kaynak":"ibb_iett","durak_kodu":"116752","ilce":"Sarıyer","mahalle":"Kocataş Mahallesi"}},{"type":"Feature","geometry":{"type":"Point","coordinates":[29.034704,41.128022]},"properties":{"id":"D0080","kategori":"durak","ad":"AŞAĞI CAMİİ","kaynak":"ibb_iett","durak_kodu":"116071","ilce":"Sarıyer","mahalle":"Çamlıtepe Mahallesi"}},{"type":"Feature","geometry":{"type":"Point","coordinates":[29.031345,41.11361]},"properties":{"id":"D0081","kategori":"durak","ad":"OSMAN KABİL CAMİİ","kaynak":"ibb_iett","durak_kodu":"115011","ilce":"Sarıyer","mahalle":"Pınar Mahallesi"}},{"type":"Feature","geometry":{"type":"Point","coordinates":[29.039808,41.232668]},"properties":{"id":"D0082","kategori":"durak","ad":"KİLYOS MEZARLIĞI","kaynak":"ibb_iett","durak_kodu":"112831","ilce":"Sarıyer","mahalle":"Demirciköy Mahallesi"}},{"type":"Feature","geometry":{"type":"Point","coordinates":[29.000463,41.102751]},"properties":{"id":"D0083","kategori":"durak","ad":"İMAM ÇEŞME","kaynak":"ibb_iett","durak_kodu":"113751","ilce":"Sarıyer","mahalle":"Huzur Mahallesi"}},{"type":"Feature","geometry":{"type":"Point","coordinates":[28.965776,41.131391]},"properties":{"id":"D0084","kategori":"durak","ad":"CENDERE SOKAK","kaynak":"ibb_iett","durak_kodu":"176721","ilce":"Sarıyer","mahalle":"Ayazağa Mahallesi"}},{"type":"Feature","geometry":{"type":"Point","coordinates":[29.097635,41.220684]},"properties":{"id":"D0085","kategori":"durak","ad":"HAVANTEPE YOLU","kaynak":"ibb_iett","durak_kodu":"112671","ilce":"Sarıyer","mahalle":"Garipçe Mahallesi"}},{"type":"Feature","geometry":{"type":"Point","coordinates":[29.000187,41.120379]},"properties":{"id":"D0086","kategori":"durak","ad":"YEŞİLTEPE","kaynak":"ibb_iett","durak_kodu":"115781","ilce":"Sarıyer","mahalle":"Ayazağa Mahallesi"}},{"type":"Feature","geometry":{"type":"Point","coordinates":[29.056517,41.168002]},"properties":{"id":"D0087","kategori":"durak","ad":"SARIYER MERKEZ","kaynak":"ibb_iett","durak_kodu":"112491","ilce":"Sarıyer","mahalle":"Merkez Mahallesi"}},{"type":"Feature","geometry":{"type":"Point","coordinates":[29.035553,41.196642]},"properties":{"id":"D0088","kategori":"durak","ad":"ZEKERİYAKÖY YOLU","kaynak":"ibb_iett","durak_kodu":"112761","ilce":"Sarıyer","mahalle":"Zekeriyaköy Mahallesi"}},{"type":"Feature","geometry":{"type":"Point","coordinates":[29.028026,41.14105]},"properties":{"id":"D0089","kategori":"durak","ad":"BAHÇEKÖY ÖĞRENCİ YURDU","kaynak":"ibb_iett","durak_kodu":"133731","ilce":"Sarıyer","mahalle":"PTT Evleri Mahallesi"}},{"type":"Feature","geometry":{"type":"Point","coordinates":[29.072254,41.206235]},"properties":{"id":"D0090","kategori":"durak","ad":"KOÇ ÜNİVERSİTESİ KAMPÜSÜ","kaynak":"ibb_iett","durak_kodu":"114342","ilce":"Sarıyer","mahalle":"Rumelifeneri Mahallesi"}},{"type":"Feature","geometry":{"type":"Point","coordinates":[28.69858,40.983816]},"properties":{"id":"D0091","kategori":"durak","ad":"DOLUM TESİSLERİ YOLU","kaynak":"ibb_iett","durak_kodu":"101941","ilce":"Avcılar","mahalle":"Cihangir Mahallesi"}},{"type":"Feature","geometry":{"type":"Point","coordinates":[28.714053,40.990542]},"properties":{"id":"D0092","kategori":"durak","ad":"CİHANGİR - ÜNİV.MAH.","kaynak":"ibb_iett","durak_kodu":"900341","ilce":"Avcılar","mahalle":"Üniversite Mahallesi"}},{"type":"Feature","geometry":{"type":"Point","coordinates":[28.720685,41.075831]},"properties":{"id":"D0093","kategori":"durak","ad":"KİRAZ SOKAK","kaynak":"ibb_iett","durak_kodu":"132021","ilce":"Avcılar","mahalle":"Tahtakale Mahallesi"}},{"type":"Feature","geometry":{"type":"Point","coordinates":[28.740438,41.062896]},"properties":{"id":"D0094","kategori":"durak","ad":"TAHTAKALE YOLU","kaynak":"ibb_iett","durak_kodu":"123081","ilce":"Avcılar","mahalle":"Tahtakale Mahallesi"}},{"type":"Feature","geometry":{"type":"Point","coordinates":[28.727487,41.060567]},"properties":{"id":"D0095","kategori":"durak","ad":"MERKEZ CAMİİ","kaynak":"ibb_iett","durak_kodu":"130771","ilce":"Avcılar","mahalle":"Tahtakale Mahallesi"}},{"type":"Feature","geometry":{"type":"Point","coordinates":[28.700414,41.066743]},"properties":{"id":"D0096","kategori":"durak","ad":"ÇORUH SOKAK","kaynak":"ibb_iett","durak_kodu":"133401","ilce":"Avcılar","mahalle":"Tahtakale Mahallesi"}},{"type":"Feature","geometry":{"type":"Point","coordinates":[28.703527,41.024405]},"properties":{"id":"D0097","kategori":"durak","ad":"FİRUZKÖY MAHALLESİ","kaynak":"ibb_iett","durak_kodu":"126711","ilce":"Avcılar","mahalle":"Firuzköy Mahallesi"}},{"type":"Feature","geometry":{"type":"Point","coordinates":[28.731288,40.980072]},"properties":{"id":"D0098","kategori":"durak","ad":"ŞÜKRÜBEY","kaynak":"ibb_iett","durak_kodu":"130861","ilce":"Avcılar","mahalle":"Merkez Mahallesi"}},{"type":"Feature","geometry":{"type":"Point","coordinates":[28.699216,41.011364]},"properties":{"id":"D0099","kategori":"durak","ad":"SU DEPOSU","kaynak":"ibb_iett","durak_kodu":"122891","ilce":"Avcılar","mahalle":"Firuzköy Mahallesi"}},{"type":"Feature","geometry":{"type":"Point","coordinates":[28.713734,41.003401]},"properties":{"id":"D0100","kategori":"durak","ad":"BAĞLARİÇİ CADDESİ","kaynak":"ibb_iett","durak_kodu":"100511","ilce":"Avcılar","mahalle":"Firuzköy Mahallesi"}},{"type":"Feature","geometry":{"type":"Point","coordinates":[28.702237,41.039759]},"properties":{"id":"D0101","kategori":"durak","ad":"648. SOKAK","kaynak":"ibb_iett","durak_kodu":"184551","ilce":"Avcılar","mahalle":"Yeşilkent Mahallesi"}},{"type":"Feature","geometry":{"type":"Point","coordinates":[28.745394,40.977829]},"properties":{"id":"D0102","kategori":"durak","ad":"İBB SOSYAL TESİSLERİ","kaynak":"ibb_iett","durak_kodu":"122741","ilce":"Avcılar","mahalle":"Denizköşkler Mahallesi"}},{"type":"Feature","geometry":{"type":"Point","coordinates":[29.079329,41.035031]},"properties":{"id":"D0103","kategori":"durak","ad":"BOSNA BULVARI","kaynak":"ibb_iett","durak_kodu":"220151","ilce":"Üsküdar","mahalle":"Yavuztürk Mahallesi"}},{"type":"Feature","geometry":{"type":"Point","coordinates":[29.011897,41.007557]},"properties":{"id":"D0104","kategori":"durak","ad":"HAREM SONDURAK","kaynak":"ibb_iett","durak_kodu":"285171","ilce":"Üsküdar","mahalle":"Selimiye Mahallesi"}},{"type":"Feature","geometry":{"type":"Point","coordinates":[29.071488,41.072987]},"properties":{"id":"D0105","kategori":"durak","ad":"KÜÇÜKSU CADDESİ","kaynak":"ibb_iett","durak_kodu":"220321","ilce":"Üsküdar","mahalle":"Küçüksu Mahallesi"}},{"type":"Feature","geometry":{"type":"Point","coordinates":[29.036855,41.012346]},"properties":{"id":"D0106","kategori":"durak","ad":"İŞÇİ EVLERİ","kaynak":"ibb_iett","durak_kodu":"224341","ilce":"Üsküdar","mahalle":"Barbaros Mahallesi"}},{"type":"Feature","geometry":{"type":"Point","coordinates":[29.057424,41.027514]},"properties":{"id":"D0107","kategori":"durak","ad":"ŞEHİT ONUR ENSAR AYANOĞLU","kaynak":"ibb_iett","durak_kodu":"223161","ilce":"Üsküdar","mahalle":"Burhaniye Mahallesi"}},{"type":"Feature","geometry":{"type":"Point","coordinates":[29.060821,41.058837]},"properties":{"id":"D0108","kategori":"durak","ad":"SARIHAN SOKAK","kaynak":"ibb_iett","durak_kodu":"292031","ilce":"Üsküdar","mahalle":"Kuleli Mahallesi"}},{"type":"Feature","geometry":{"type":"Point","coordinates":[29.04509,41.044058]},"properties":{"id":"D0109","kategori":"durak","ad":"BEYLERBEYİ","kaynak":"ibb_iett","durak_kodu":"219311","ilce":"Üsküdar","mahalle":"Beylerbeyi Mahallesi"}},{"type":"Feature","geometry":{"type":"Point","coordinates":[29.0558,41.0418]},"properties":{"id":"D0110","kategori":"durak","ad":"FISTIKLI BAYIR SOKAK","kaynak":"ibb_iett","durak_kodu":"285021","ilce":"Üsküdar","mahalle":"Çengelköy Mahallesi"}},{"type":"Feature","geometry":{"type":"Point","coordinates":[29.01229,41.025696]},"properties":{"id":"D0111","kategori":"durak","ad":"ÜSKÜDAR MARMARAY","kaynak":"ibb_iett","durak_kodu":"222004","ilce":"Üsküdar","mahalle":"Mimar Sinan Mahallesi"}},{"type":"Feature","geometry":{"type":"Point","coordinates":[29.089592,41.043963]},"properties":{"id":"D0112","kategori":"durak","ad":"ÇINARDİBİ CADDESİ","kaynak":"ibb_iett","durak_kodu":"203841","ilce":"Üsküdar","mahalle":"Yavuztürk Mahallesi"}},{"type":"Feature","geometry":{"type":"Point","coordinates":[29.066334,41.002235]},"properties":{"id":"D0113","kategori":"durak","ad":"DERE YOLU","kaynak":"ibb_iett","durak_kodu":"223601","ilce":"Üsküdar","mahalle":"Ünalan Mahallesi"}},{"type":"Feature","geometry":{"type":"Point","coordinates":[29.071274,41.015408]},"properties":{"id":"D0114","kategori":"durak","ad":"FATİH SULTAN MEHMET VAKIF ÜNİVERSİTESİ","kaynak":"ibb_iett","durak_kodu":"220541","ilce":"Üsküdar","mahalle":"Küçük Çamlıca Mahallesi"}},{"type":"Feature","geometry":{"type":"Point","coordinates":[29.064457,41.010061]},"properties":{"id":"D0115","kategori":"durak","ad":"KOTKU CAMİİ","kaynak":"ibb_iett","durak_kodu":"222831","ilce":"Üsküdar","mahalle":"Küçük Çamlıca Mahallesi"}},{"type":"Feature","geometry":{"type":"Point","coordinates":[29.061579,41.050487]},"properties":{"id":"D0116","kategori":"durak","ad":"ŞEHİT KADER SİVRİ","kaynak":"ibb_iett","durak_kodu":"220171","ilce":"Üsküdar","mahalle":"Çengelköy Mahallesi"}},{"type":"Feature","geometry":{"type":"Point","coordinates":[29.073771,41.062002]},"properties":{"id":"D0117","kategori":"durak","ad":"MİLLET CADDESİ","kaynak":"ibb_iett","durak_kodu":"260231","ilce":"Üsküdar","mahalle":"Küçüksu Mahallesi"}},{"type":"Feature","geometry":{"type":"Point","coordinates":[29.024848,41.027081]},"properties":{"id":"D0118","kategori":"durak","ad":"SETBAŞI","kaynak":"ibb_iett","durak_kodu":"222031","ilce":"Üsküdar","mahalle":"Selami Ali Mahallesi"}},{"type":"Feature","geometry":{"type":"Point","coordinates":[29.084305,41.015829]},"properties":{"id":"D0119","kategori":"durak","ad":"ALTINKÖY","kaynak":"ibb_iett","durak_kodu":"223291","ilce":"Üsküdar","mahalle":"Bulgurlu Mahallesi"}},{"type":"Feature","geometry":{"type":"Point","coordinates":[29.064857,41.041737]},"properties":{"id":"D0120","kategori":"durak","ad":"AKŞAM SOKAK","kaynak":"ibb_iett","durak_kodu":"261211","ilce":"Üsküdar","mahalle":"Mehmet Akif Ersoy Mahallesi"}},{"type":"Feature","geometry":{"type":"Point","coordinates":[29.054168,41.034612]},"properties":{"id":"D0121","kategori":"durak","ad":"BURHANİYE MAHALLESİ","kaynak":"ibb_iett","durak_kodu":"201271","ilce":"Üsküdar","mahalle":"Küplüce Mahallesi"}},{"type":"Feature","geometry":{"type":"Point","coordinates":[29.011135,41.014941]},"properties":{"id":"D0122","kategori":"durak","ad":"İHSANİYE İSKELE SOKAK","kaynak":"ibb_iett","durak_kodu":"259611","ilce":"Üsküdar","mahalle":"Salacak Mahallesi"}},{"type":"Feature","geometry":{"type":"Point","coordinates":[29.075383,41.00643]},"properties":{"id":"D0123","kategori":"durak","ad":"BARAJ YOLU SOKAK","kaynak":"ibb_iett","durak_kodu":"205151","ilce":"Üsküdar","mahalle":"Cumhuriyet Mahallesi"}},{"type":"Feature","geometry":{"type":"Point","coordinates":[28.872107,41.083693]},"properties":{"id":"D0124","kategori":"durak","ad":"CUMHURİYET MAHALLESİ","kaynak":"ibb_iett","durak_kodu":"106252","ilce":"Esenler","mahalle":"Oruçreis Mahallesi"}},{"type":"Feature","geometry":{"type":"Point","coordinates":[28.86025,41.06234]},"properties":{"id":"D0125","kategori":"durak","ad":"HZ.ALİ CAMİİ","kaynak":"ibb_iett","durak_kodu":"111281","ilce":"Esenler","mahalle":"Turgut Reis Mahallesi"}},{"type":"Feature","geometry":{"type":"Point","coordinates":[28.838682,41.072088]},"properties":{"id":"D0126","kategori":"durak","ad":"BATIŞEHİR","kaynak":"ibb_iett","durak_kodu":"","ilce":"Esenler","mahalle":"Oruçreis Mahallesi"}},{"type":"Feature","geometry":{"type":"Point","coordinates":[28.892617,41.018962]},"properties":{"id":"D0127","kategori":"durak","ad":"TEKNOPARK","kaynak":"ibb_iett","durak_kodu":"175951","ilce":"Esenler","mahalle":"Çifte Havuzlar Mahallesi"}},{"type":"Feature","geometry":{"type":"Point","coordinates":[28.892655,41.028787]},"properties":{"id":"D0128","kategori":"durak","ad":"İKTİSADİ VE İDARİ BİLİMLER FAKÜLTESİ","kaynak":"ibb_iett","durak_kodu":"133701","ilce":"Esenler","mahalle":"Çifte Havuzlar Mahallesi"}},{"type":"Feature","geometry":{"type":"Point","coordinates":[28.869278,41.056274]},"properties":{"id":"D0129","kategori":"durak","ad":"ESENLER KADIN DOĞUM HASTANESİ","kaynak":"ibb_iett","durak_kodu":"111322","ilce":"Esenler","mahalle":"Atışalanı Mahallesi"}},{"type":"Feature","geometry":{"type":"Point","coordinates":[28.880185,41.042995]},"properties":{"id":"D0130","kategori":"durak","ad":"ESENLER","kaynak":"ibb_iett","durak_kodu":"111421","ilce":"Esenler","mahalle":"Menderes Mahallesi"}},{"type":"Feature","geometry":{"type":"Point","coordinates":[28.881475,41.033112]},"properties":{"id":"D0131","kategori":"durak","ad":"AYAZMA CADDESİ","kaynak":"ibb_iett","durak_kodu":"102851","ilce":"Esenler","mahalle":"Nine Hatun Mahallesi"}},{"type":"Feature","geometry":{"type":"Point","coordinates":[28.877082,41.057932]},"properties":{"id":"D0132","kategori":"durak","ad":"15 TEMMUZ ŞEHİTLER PARKI","kaynak":"ibb_iett","durak_kodu":"177991","ilce":"Esenler","mahalle":"15 Temmuz Mahallesi"}},{"type":"Feature","geometry":{"type":"Point","coordinates":[28.875722,41.048959]},"properties":{"id":"D0133","kategori":"durak","ad":"ATIŞALANI YANYOL","kaynak":"ibb_iett","durak_kodu":"102652","ilce":"Esenler","mahalle":"Birlik Mahallesi"}},{"type":"Feature","geometry":{"type":"Point","coordinates":[28.887889,41.026217]},"properties":{"id":"D0134","kategori":"durak","ad":"SPOR KOMPLEKSİ","kaynak":"ibb_iett","durak_kodu":"132651","ilce":"Güngören","mahalle":"Gençosman Mahallesi"}},{"type":"Feature","geometry":{"type":"Point","coordinates":[28.896475,41.007427]},"properties":{"id":"D0135","kategori":"durak","ad":"TINAZTEPE","kaynak":"ibb_iett","durak_kodu":"110991","ilce":"Güngören","mahalle":"Abdurrahman Nafiz Gürman Mahallesi"}},{"type":"Feature","geometry":{"type":"Point","coordinates":[28.86596,41.023046]},"properties":{"id":"D0136","kategori":"durak","ad":"YAVUZ SELİM CADDESİ","kaynak":"ibb_iett","durak_kodu":"101822","ilce":"Güngören","mahalle":"Güneştepe Mahallesi"}},{"type":"Feature","geometry":{"type":"Point","coordinates":[28.883252,41.015061]},"properties":{"id":"D0137","kategori":"durak","ad":"CAMCIOĞLU","kaynak":"ibb_iett","durak_kodu":"125261","ilce":"Güngören","mahalle":"Mehmet Nesih Özmen Mahallesi"}},{"type":"Feature","geometry":{"type":"Point","coordinates":[28.860805,41.029035]},"properties":{"id":"D0138","kategori":"durak","ad":"GÜNEŞTEPE MAHALLESİ","kaynak":"ibb_iett","durak_kodu":"126861","ilce":"Güngören","mahalle":"Güneştepe Mahallesi"}},{"type":"Feature","geometry":{"type":"Point","coordinates":[28.876771,41.030991]},"properties":{"id":"D0139","kategori":"durak","ad":"NENEHATUN MAHALLESİ","kaynak":"ibb_iett","durak_kodu":"121961","ilce":"Güngören","mahalle":"Gençosman Mahallesi"}},{"type":"Feature","geometry":{"type":"Point","coordinates":[28.897363,41.016441]},"properties":{"id":"D0140","kategori":"durak","ad":"MUHTARLIK","kaynak":"ibb_iett","durak_kodu":"130461","ilce":"Güngören","mahalle":"Tozkoparan Mahallesi"}},{"type":"Feature","geometry":{"type":"Point","coordinates":[28.881386,41.008658]},"properties":{"id":"D0141","kategori":"durak","ad":"MEHMET AKİF CADDESİ","kaynak":"ibb_iett","durak_kodu":"102731","ilce":"Güngören","mahalle":"Mehmet Nesih Özmen Mahallesi"}},{"type":"Feature","geometry":{"type":"Point","coordinates":[28.866304,41.015955]},"properties":{"id":"D0142","kategori":"durak","ad":"SALCI SOKAK","kaynak":"ibb_iett","durak_kodu":"132151","ilce":"Güngören","mahalle":"Akıncılar Mahallesi"}},{"type":"Feature","geometry":{"type":"Point","coordinates":[28.875611,41.010425]},"properties":{"id":"D0143","kategori":"durak","ad":"GÜNGÖREN BELEDİYESİ","kaynak":"ibb_iett","durak_kodu":"123251","ilce":"Güngören","mahalle":"Güven Mahallesi"}},{"type":"Feature","geometry":{"type":"Point","coordinates":[29.184999,40.907145]},"properties":{"id":"D0144","kategori":"durak","ad":"ANKARA CADDESİ","kaynak":"ibb_iett","durak_kodu":"208161","ilce":"Kartal","mahalle":"Esentepe Mahallesi"}},{"type":"Feature","geometry":{"type":"Point","coordinates":[29.230832,40.912133]},"properties":{"id":"D0145","kategori":"durak","ad":"LİDER SOKAK","kaynak":"ibb_iett","durak_kodu":"211691","ilce":"Kartal","mahalle":"Yakacık Çarşı Mahallesi"}},{"type":"Feature","geometry":{"type":"Point","coordinates":[29.209665,40.929547]},"properties":{"id":"D0146","kategori":"durak","ad":"FATİH SULTAN MEHMET CADDESİ","kaynak":"ibb_iett","durak_kodu":"210561","ilce":"Kartal","mahalle":"Uğur Mumcu Mahallesi"}},{"type":"Feature","geometry":{"type":"Point","coordinates":[29.195523,40.917516]},"properties":{"id":"D0147","kategori":"durak","ad":"YAHYA KEMAL BEYATLI PARKI","kaynak":"ibb_iett","durak_kodu":"210581","ilce":"Kartal","mahalle":"Soğanlık Yeni Mahallesi"}},{"type":"Feature","geometry":{"type":"Point","coordinates":[29.192502,40.893273]},"properties":{"id":"D0148","kategori":"durak","ad":"CENGİZ TOPEL","kaynak":"ibb_iett","durak_kodu":"210161","ilce":"Kartal","mahalle":"Karlıktepe Mahallesi"}},{"type":"Feature","geometry":{"type":"Point","coordinates":[29.241144,40.907856]},"properties":{"id":"D0149","kategori":"durak","ad":"VATANSEVER CADDESİ","kaynak":"ibb_iett","durak_kodu":"284811","ilce":"Kartal","mahalle":"Hürriyet Mahallesi"}},{"type":"Feature","geometry":{"type":"Point","coordinates":[29.169932,40.913473]},"properties":{"id":"D0150","kategori":"durak","ad":"DENİZER CADDESİ","kaynak":"ibb_iett","durak_kodu":"228481","ilce":"Kartal","mahalle":"Cevizli Mahallesi"}},{"type":"Feature","geometry":{"type":"Point","coordinates":[29.2049,40.9164]},"properties":{"id":"D0151","kategori":"durak","ad":"GÜMÜŞPINAR MAHALLE MUHTARLIĞI","kaynak":"ibb_iett","durak_kodu":"292351","ilce":"Kartal","mahalle":"Gümüşpınar Mahallesi"}},{"type":"Feature","geometry":{"type":"Point","coordinates":[29.20641,40.889216]},"properties":{"id":"D0152","kategori":"durak","ad":"YUNUSGARAJI","kaynak":"ibb_iett","durak_kodu":"","ilce":"Kartal","mahalle":"Çavuşoğlu Mahallesi"}},{"type":"Feature","geometry":{"type":"Point","coordinates":[29.193752,40.886455]},"properties":{"id":"D0153","kategori":"durak","ad":"KARTAL","kaynak":"ibb_iett","durak_kodu":"401191","ilce":"Kartal","mahalle":"Kordonboyu Mahallesi"}},{"type":"Feature","geometry":{"type":"Point","coordinates":[29.21639,40.898662]},"properties":{"id":"D0154","kategori":"durak","ad":"ARKOZ SOKAK","kaynak":"ibb_iett","durak_kodu":"290561","ilce":"Kartal","mahalle":"Topselvi Mahalesi"}},{"type":"Feature","geometry":{"type":"Point","coordinates":[29.18054,40.886068]},"properties":{"id":"D0155","kategori":"durak","ad":"ADNAN KAHVECİ","kaynak":"ibb_iett","durak_kodu":"205921","ilce":"Kartal","mahalle":"Kordonboyu Mahallesi"}},{"type":"Feature","geometry":{"type":"Point","coordinates":[29.221794,40.909273]},"properties":{"id":"D0156","kategori":"durak","ad":"CUMHURİYET MAHALLESİ","kaynak":"ibb_iett","durak_kodu":"227551","ilce":"Kartal","mahalle":"Cumhuriyet Mahallesi"}},{"type":"Feature","geometry":{"type":"Point","coordinates":[29.21711,40.890473]},"properties":{"id":"D0157","kategori":"durak","ad":"CUMHURİYET","kaynak":"ibb_iett","durak_kodu":"228591","ilce":"Kartal","mahalle":"Topselvi Mahalesi"}},{"type":"Feature","geometry":{"type":"Point","coordinates":[29.214184,40.880144]},"properties":{"id":"D0158","kategori":"durak","ad":"VETERİNER ARAŞTIRMA","kaynak":"ibb_iett","durak_kodu":"225504","ilce":"Kartal","mahalle":"Kordonboyu Mahallesi"}},{"type":"Feature","geometry":{"type":"Point","coordinates":[29.219419,40.934571]},"properties":{"id":"D0159","kategori":"durak","ad":"GÜZELEVLER","kaynak":"ibb_iett","durak_kodu":"211751","ilce":"Kartal","mahalle":"Uğur Mumcu Mahallesi"}},{"type":"Feature","geometry":{"type":"Point","coordinates":[29.171774,40.897186]},"properties":{"id":"D0160","kategori":"durak","ad":"BEYAZ KÖŞK","kaynak":"ibb_iett","durak_kodu":"225421","ilce":"Kartal","mahalle":"Petrol İş Mahallesi"}},{"type":"Feature","geometry":{"type":"Point","coordinates":[28.828497,41.030414]},"properties":{"id":"D0161","kategori":"durak","ad":"HÜRRİYET AİLE SAĞLIĞI MERKEZİ","kaynak":"ibb_iett","durak_kodu":"176331","ilce":"Bağcılar","mahalle":"Hürriyet Mahallesi"}},{"type":"Feature","geometry":{"type":"Point","coordinates":[28.867941,41.035155]},"properties":{"id":"D0162","kategori":"durak","ad":"HZ.EBU BEKİR CAMİ","kaynak":"ibb_iett","durak_kodu":"800371","ilce":"Bağcılar","mahalle":"Çınar Mahallesi"}},{"type":"Feature","geometry":{"type":"Point","coordinates":[28.845618,41.03168]},"properties":{"id":"D0163","kategori":"durak","ad":"KİRAZLI KUBA CAMİİ","kaynak":"ibb_iett","durak_kodu":"103951","ilce":"Bağcılar","mahalle":"Kâzım Karabekir Mahallesi"}},{"type":"Feature","geometry":{"type":"Point","coordinates":[28.832725,41.053689]},"properties":{"id":"D0164","kategori":"durak","ad":"YEL DEĞİRMENİ","kaynak":"ibb_iett","durak_kodu":"131871","ilce":"Bağcılar","mahalle":"Göztepe Mahallesi"}},{"type":"Feature","geometry":{"type":"Point","coordinates":[28.840274,41.065424]},"properties":{"id":"D0165","kategori":"durak","ad":"BATIŞEHİR","kaynak":"ibb_iett","durak_kodu":"104291","ilce":"Bağcılar","mahalle":"Göztepe Mahallesi"}},{"type":"Feature","geometry":{"type":"Point","coordinates":[28.817805,41.030925]},"properties":{"id":"D0166","kategori":"durak","ad":"IŞIK SOKAK","kaynak":"ibb_iett","durak_kodu":"129421","ilce":"Bağcılar","mahalle":"Bağlar Mahallesi"}},{"type":"Feature","geometry":{"type":"Point","coordinates":[28.828269,41.064496]},"properties":{"id":"D0167","kategori":"durak","ad":"İSTOÇ  CAMİİ","kaynak":"ibb_iett","durak_kodu":"166051","ilce":"Bağcılar","mahalle":"Mahmutbey Mahallesi"}},{"type":"Feature","geometry":{"type":"Point","coordinates":[28.835886,41.060592]},"properties":{"id":"D0168","kategori":"durak","ad":"ORHANGAZİ CADDESİ","kaynak":"ibb_iett","durak_kodu":"104621","ilce":"Bağcılar","mahalle":"Göztepe Mahallesi"}},{"type":"Feature","geometry":{"type":"Point","coordinates":[28.85552,41.029988]},"properties":{"id":"D0169","kategori":"durak","ad":"ŞEHİT YILMAZ KAĞAN CADDESİ","kaynak":"ibb_iett","durak_kodu":"103861","ilce":"Bağcılar","mahalle":"Yıldıztepe Mahallesi"}},{"type":"Feature","geometry":{"type":"Point","coordinates":[28.838905,41.044056]},"properties":{"id":"D0170","kategori":"durak","ad":"İSTİKLAL İLKOKULU","kaynak":"ibb_iett","durak_kodu":"104611","ilce":"Bağcılar","mahalle":"Yenimahalle Mahallesi"}},{"type":"Feature","geometry":{"type":"Point","coordinates":[28.838158,41.023656]},"properties":{"id":"D0171","kategori":"durak","ad":"LİSELER","kaynak":"ibb_iett","durak_kodu":"104471","ilce":"Bağcılar","mahalle":"Barbaros Mahallesi"}},{"type":"Feature","geometry":{"type":"Point","coordinates":[28.813692,41.03779]},"properties":{"id":"D0172","kategori":"durak","ad":"TEKİN SOKAK","kaynak":"ibb_iett","durak_kodu":"129451","ilce":"Bağcılar","mahalle":"15 Temmuz Mahallesi"}},{"type":"Feature","geometry":{"type":"Point","coordinates":[28.830978,41.044149]},"properties":{"id":"D0173","kategori":"durak","ad":"ATEŞTUĞLA","kaynak":"ibb_iett","durak_kodu":"304441","ilce":"Bağcılar","mahalle":"Yenimahalle Mahallesi"}},{"type":"Feature","geometry":{"type":"Point","coordinates":[28.85098,41.042458]},"properties":{"id":"D0174","kategori":"durak","ad":"YAVUZSELİM MAHALLESİ","kaynak":"ibb_iett","durak_kodu":"123491","ilce":"Bağcılar","mahalle":"Yavuz Selim Mahallesi"}},{"type":"Feature","geometry":{"type":"Point","coordinates":[29.098106,41.043091]},"properties":{"id":"D0175","kategori":"durak","ad":"ELMALIKENT PARKI","kaynak":"ibb_iett","durak_kodu":"286291","ilce":"Ümraniye","mahalle":"Elmalıkent Mahallesi"}},{"type":"Feature","geometry":{"type":"Point","coordinates":[29.17794,40.99633]},"properties":{"id":"D0176","kategori":"durak","ad":"4.CADDE","kaynak":"ibb_iett","durak_kodu":"285371","ilce":"Ümraniye","mahalle":"Dudullu OSB Mahallesi"}},{"type":"Feature","geometry":{"type":"Point","coordinates":[29.134334,41.02301]},"properties":{"id":"D0177","kategori":"durak","ad":"60.YIL CUMHURİYET İLKOKULU","kaynak":"ibb_iett","durak_kodu":"204851","ilce":"Ümraniye","mahalle":"Ihlamurkuyu Mahallesi"}},{"type":"Feature","geometry":{"type":"Point","coordinates":[29.120325,41.049955]},"properties":{"id":"D0178","kategori":"durak","ad":"KOCATEPE","kaynak":"ibb_iett","durak_kodu":"214491","ilce":"Ümraniye","mahalle":"İnkılap Mahallesi"}},{"type":"Feature","geometry":{"type":"Point","coordinates":[29.160344,41.007694]},"properties":{"id":"D0179","kategori":"durak","ad":"MODOKO B KAPISI","kaynak":"ibb_iett","durak_kodu":"288001","ilce":"Ümraniye","mahalle":"Yukarı Dudullu Mahallesi"}},{"type":"Feature","geometry":{"type":"Point","coordinates":[29.103996,41.016747]},"properties":{"id":"D0180","kategori":"durak","ad":"GENÇLİK SOKAK","kaynak":"ibb_iett","durak_kodu":"223931","ilce":"Ümraniye","mahalle":"Atakent Mahallesi"}},{"type":"Feature","geometry":{"type":"Point","coordinates":[29.124235,41.021466]},"properties":{"id":"D0181","kategori":"durak","ad":"POLİGON CADDESİ","kaynak":"ibb_iett","durak_kodu":"203801","ilce":"Ümraniye","mahalle":"Fatih Sultan Mehmet Mahallesi"}},{"type":"Feature","geometry":{"type":"Point","coordinates":[29.105893,41.037678]},"properties":{"id":"D0182","kategori":"durak","ad":"ELİF SOKAK","kaynak":"ibb_iett","durak_kodu":"216861","ilce":"Ümraniye","mahalle":"İnkılap Mahallesi"}},{"type":"Feature","geometry":{"type":"Point","coordinates":[29.113541,41.006802]},"properties":{"id":"D0183","kategori":"durak","ad":"MANOLYA EVLERİ","kaynak":"ibb_iett","durak_kodu":"217831","ilce":"Ümraniye","mahalle":"Site Mahallesi"}},{"type":"Feature","geometry":{"type":"Point","coordinates":[29.104187,41.02803]},"properties":{"id":"D0184","kategori":"durak","ad":"YAMANEVLER","kaynak":"ibb_iett","durak_kodu":"223681","ilce":"Ümraniye","mahalle":"Yamanevler Mahallesi"}},{"type":"Feature","geometry":{"type":"Point","coordinates":[29.0907,41.01453]},"properties":{"id":"D0185","kategori":"durak","ad":"ATMACA SOKAK","kaynak":"ibb_iett","durak_kodu":"204581","ilce":"Ümraniye","mahalle":"Esenevler Mahallesi"}},{"type":"Feature","geometry":{"type":"Point","coordinates":[29.134774,41.013429]},"properties":{"id":"D0186","kategori":"durak","ad":"İSTİKBAL SOKAK","kaynak":"ibb_iett","durak_kodu":"222851","ilce":"Ümraniye","mahalle":"Mehmet Akif Mahallesi"}},{"type":"Feature","geometry":{"type":"Point","coordinates":[29.180861,41.004681]},"properties":{"id":"D0187","kategori":"durak","ad":"KURTULUŞ CADDESİ","kaynak":"ibb_iett","durak_kodu":"214341","ilce":"Ümraniye","mahalle":"Esenkent Mahallesi"}},{"type":"Feature","geometry":{"type":"Point","coordinates":[29.148649,40.999496]},"properties":{"id":"D0188","kategori":"durak","ad":"BAYRAKTAR BULVARI","kaynak":"ibb_iett","durak_kodu":"204261","ilce":"Ümraniye","mahalle":"Şerifali Mahallesi"}},{"type":"Feature","geometry":{"type":"Point","coordinates":[29.139771,41.001599]},"properties":{"id":"D0189","kategori":"durak","ad":"KAŞİF KALKAVAN PARKI","kaynak":"ibb_iett","durak_kodu":"288971","ilce":"Ümraniye","mahalle":"Tatlısu Mahallesi"}},{"type":"Feature","geometry":{"type":"Point","coordinates":[29.175632,41.011507]},"properties":{"id":"D0190","kategori":"durak","ad":"İDEALİST KENT CADDESİ","kaynak":"ibb_iett","durak_kodu":"290371","ilce":"Ümraniye","mahalle":"Necip Fazıl Mahallesi"}},{"type":"Feature","geometry":{"type":"Point","coordinates":[29.115608,41.042184]},"properties":{"id":"D0191","kategori":"durak","ad":"HACEGAN ORMANI","kaynak":"ibb_iett","durak_kodu":"214471","ilce":"Ümraniye","mahalle":"İnkılap Mahallesi"}},{"type":"Feature","geometry":{"type":"Point","coordinates":[29.189838,41.013914]},"properties":{"id":"D0192","kategori":"durak","ad":"MADENLER","kaynak":"ibb_iett","durak_kodu":"222381","ilce":"Ümraniye","mahalle":"Madenler Mahallesi"}},{"type":"Feature","geometry":{"type":"Point","coordinates":[29.129135,41.00205]},"properties":{"id":"D0193","kategori":"durak","ad":"ŞEYMA SOKAK","kaynak":"ibb_iett","durak_kodu":"218761","ilce":"Ümraniye","mahalle":"Tatlısu Mahallesi"}},{"type":"Feature","geometry":{"type":"Point","coordinates":[29.106868,41.050504]},"properties":{"id":"D0194","kategori":"durak","ad":"KURAN KURSU","kaynak":"ibb_iett","durak_kodu":"223901","ilce":"Ümraniye","mahalle":"Topağacı Mahallesi"}},{"type":"Feature","geometry":{"type":"Point","coordinates":[29.151014,41.02113]},"properties":{"id":"D0195","kategori":"durak","ad":"ADEM YAVUZ MAHALLESİ","kaynak":"ibb_iett","durak_kodu":"201961","ilce":"Ümraniye","mahalle":"Adem Yavuz Mahallesi"}},{"type":"Feature","geometry":{"type":"Point","coordinates":[29.125951,41.008406]},"properties":{"id":"D0196","kategori":"durak","ad":"ÇAMLIK AİLE SAĞLIĞI MERKEZİ","kaynak":"ibb_iett","durak_kodu":"230051","ilce":"Ümraniye","mahalle":"Çamlık Mahallesi"}},{"type":"Feature","geometry":{"type":"Point","coordinates":[29.089093,41.03333]},"properties":{"id":"D0197","kategori":"durak","ad":"BEREKET SİTESİ","kaynak":"ibb_iett","durak_kodu":"800691","ilce":"Ümraniye","mahalle":"Tantavi Mahallesi"}},{"type":"Feature","geometry":{"type":"Point","coordinates":[28.661006,41.276326]},"properties":{"id":"D0198","kategori":"durak","ad":"TERKOS KARABURUN CADDESİ","kaynak":"ibb_iett","durak_kodu":"184701","ilce":"Arnavutköy","mahalle":"Baklalı Mahallesi"}},{"type":"Feature","geometry":{"type":"Point","coordinates":[28.677006,41.110634]},"properties":{"id":"D0199","kategori":"durak","ad":"DELİKLİKAYA YOLU","kaynak":"ibb_iett","durak_kodu":"177301","ilce":"Arnavutköy","mahalle":"Deliklikaya Mahallesi"}},{"type":"Feature","geometry":{"type":"Point","coordinates":[28.618907,41.160609]},"properties":{"id":"D0200","kategori":"durak","ad":"ABDÜL EZEL PAŞA CADDESİ","kaynak":"ibb_iett","durak_kodu":"182111","ilce":"Arnavutköy","mahalle":"Hadımköy Mahallesi"}},{"type":"Feature","geometry":{"type":"Point","coordinates":[28.677354,41.18661]},"properties":{"id":"D0201","kategori":"durak","ad":"ÇİLİNGİR MUHTARLIĞI","kaynak":"ibb_iett","durak_kodu":"109931","ilce":"Arnavutköy","mahalle":"Çilingir Mahallesi"}},{"type":"Feature","geometry":{"type":"Point","coordinates":[28.753191,41.17402]},"properties":{"id":"D0202","kategori":"durak","ad":"BOĞAZKÖY YOLU","kaynak":"ibb_iett","durak_kodu":"108381","ilce":"Arnavutköy","mahalle":"Arnavutköy Merkez Mahallesi"}},{"type":"Feature","geometry":{"type":"Point","coordinates":[28.774106,41.209543]},"properties":{"id":"D0203","kategori":"durak","ad":"MEHMET AKİF ERSOY CAMİİ","kaynak":"ibb_iett","durak_kodu":"178101","ilce":"Arnavutköy","mahalle":"Bolluca Mahallesi"}},{"type":"Feature","geometry":{"type":"Point","coordinates":[28.783899,41.232582]},"properties":{"id":"D0204","kategori":"durak","ad":"S.ÇEŞME","kaynak":"ibb_iett","durak_kodu":"800161","ilce":"Arnavutköy","mahalle":"Bolluca Mahallesi"}},{"type":"Feature","geometry":{"type":"Point","coordinates":[28.720604,41.185303]},"properties":{"id":"D0205","kategori":"durak","ad":"ARNAVUTKÖY BELEDİYESİ","kaynak":"ibb_iett","durak_kodu":"166561","ilce":"Arnavutköy","mahalle":"Taşoluk Mahallesi"}},{"type":"Feature","geometry":{"type":"Point","coordinates":[28.743011,41.200723]},"properties":{"id":"D0206","kategori":"durak","ad":"AKŞEMSETTİN CADDESİ","kaynak":"ibb_iett","durak_kodu":"110101","ilce":"Arnavutköy","mahalle":"Yavuz Selim Mahallesi"}},{"type":"Feature","geometry":{"type":"Point","coordinates":[28.697043,41.210983]},"properties":{"id":"D0207","kategori":"durak","ad":"DOĞA SOKAK","kaynak":"ibb_iett","durak_kodu":"132901","ilce":"Arnavutköy","mahalle":"Adnan Menderes Mahallesi"}},{"type":"Feature","geometry":{"type":"Point","coordinates":[28.688816,41.339777]},"properties":{"id":"D0208","kategori":"durak","ad":"KUMSAL SOKAK","kaynak":"ibb_iett","durak_kodu":"132721","ilce":"Arnavutköy","mahalle":"Karaburun Mahallesi"}},{"type":"Feature","geometry":{"type":"Point","coordinates":[28.597508,41.236231]},"properties":{"id":"D0209","kategori":"durak","ad":"YASSIÖREN","kaynak":"ibb_iett","durak_kodu":"192301","ilce":"Arnavutköy","mahalle":"Yassıören Mahallesi"}},{"type":"Feature","geometry":{"type":"Point","coordinates":[28.638111,41.202175]},"properties":{"id":"D0210","kategori":"durak","ad":"DURSUNKÖY CADDESİ","kaynak":"ibb_iett","durak_kodu":"185191","ilce":"Arnavutköy","mahalle":"Dursunköy Mahallesi"}},{"type":"Feature","geometry":{"type":"Point","coordinates":[28.632583,41.280935]},"properties":{"id":"D0211","kategori":"durak","ad":"BALABAN SAPAĞI","kaynak":"ibb_iett","durak_kodu":"108091","ilce":"Arnavutköy","mahalle":"Boyalık Mahallesi"}},{"type":"Feature","geometry":{"type":"Point","coordinates":[28.653968,41.128265]},"properties":{"id":"D0212","kategori":"durak","ad":"DELİKLİKAYA İSTOEB","kaynak":"ibb_iett","durak_kodu":"188201","ilce":"Arnavutköy","mahalle":"Deliklikaya Mahallesi"}},{"type":"Feature","geometry":{"type":"Point","coordinates":[28.787707,41.155062]},"properties":{"id":"D0213","kategori":"durak","ad":"ORMAN İŞLETMESİ","kaynak":"ibb_iett","durak_kodu":"106482","ilce":"Arnavutköy","mahalle":"Boğazköy İstiklal Mahallesi"}},{"type":"Feature","geometry":{"type":"Point","coordinates":[28.696483,41.237346]},"properties":{"id":"D0214","kategori":"durak","ad":"MESİRE YERİ","kaynak":"ibb_iett","durak_kodu":"109521","ilce":"Arnavutköy","mahalle":"Tayakadın Mahallesi"}},{"type":"Feature","geometry":{"type":"Point","coordinates":[28.668368,41.308957]},"properties":{"id":"D0215","kategori":"durak","ad":"11 EVLER MAHALLESİ","kaynak":"ibb_iett","durak_kodu":"109561","ilce":"Arnavutköy","mahalle":"Terkos Mahallesi"}},{"type":"Feature","geometry":{"type":"Point","coordinates":[28.705252,41.164739]},"properties":{"id":"D0216","kategori":"durak","ad":"GÜLİSTAN SOKAK","kaynak":"ibb_iett","durak_kodu":"182751","ilce":"Arnavutköy","mahalle":"Hacımaşlı Mahallesi"}},{"type":"Feature","geometry":{"type":"Point","coordinates":[28.612006,41.31067]},"properties":{"id":"D0217","kategori":"durak","ad":"BALABAN CAMİİ","kaynak":"ibb_iett","durak_kodu":"109571","ilce":"Arnavutköy","mahalle":"Balaban Mahallesi"}},{"type":"Feature","geometry":{"type":"Point","coordinates":[28.611566,41.195513]},"properties":{"id":"D0218","kategori":"durak","ad":"DOLUNAY SOKAK","kaynak":"ibb_iett","durak_kodu":"181991","ilce":"Arnavutköy","mahalle":"Yassıören Mahallesi"}},{"type":"Feature","geometry":{"type":"Point","coordinates":[28.721739,41.326508]},"properties":{"id":"D0219","kategori":"durak","ad":"YENİKÖY SAHİL","kaynak":"ibb_iett","durak_kodu":"108041","ilce":"Arnavutköy","mahalle":"Yeniköy Mahallesi"}},{"type":"Feature","geometry":{"type":"Point","coordinates":[28.91385,41.096147]},"properties":{"id":"D0220","kategori":"durak","ad":"BARAJ YOLU","kaynak":"ibb_iett","durak_kodu":"120941","ilce":"Sultangazi","mahalle":"75. Yıl Mahallesi"}},{"type":"Feature","geometry":{"type":"Point","coordinates":[28.865179,41.114248]},"properties":{"id":"D0221","kategori":"durak","ad":"HACI MEHMET CİNGİL ORTAOKULU","kaynak":"ibb_iett","durak_kodu":"182991","ilce":"Sultangazi","mahalle":"Cebeci Mahallesi"}},{"type":"Feature","geometry":{"type":"Point","coordinates":[28.879334,41.088232]},"properties":{"id":"D0222","kategori":"durak","ad":"NECİP FAZIL CADDESİ","kaynak":"ibb_iett","durak_kodu":"110501","ilce":"Sultangazi","mahalle":"Cumhuriyet Mahallesi"}},{"type":"Feature","geometry":{"type":"Point","coordinates":[28.863748,41.094872]},"properties":{"id":"D0223","kategori":"durak","ad":"BEZMİALEM VAKIF ÜNİVERSİTESİ","kaynak":"ibb_iett","durak_kodu":"106281","ilce":"Sultangazi","mahalle":"Uğur Mumcu Mahallesi"}},{"type":"Feature","geometry":{"type":"Point","coordinates":[28.868954,41.106309]},"properties":{"id":"D0224","kategori":"durak","ad":"SULTANGAZİ BELEDİYESİ","kaynak":"ibb_iett","durak_kodu":"132931","ilce":"Sultangazi","mahalle":"Uğur Mumcu Mahallesi"}},{"type":"Feature","geometry":{"type":"Point","coordinates":[28.899717,41.099024]},"properties":{"id":"D0225","kategori":"durak","ad":"ŞAİR ABAY LİSESİ","kaynak":"ibb_iett","durak_kodu":"108811","ilce":"Sultangazi","mahalle":"Yunus Emre Mahallesi"}},{"type":"Feature","geometry":{"type":"Point","coordinates":[28.847962,41.120261]},"properties":{"id":"D0226","kategori":"durak","ad":"SULTANÇİFTLİĞİ ANADOLU LİSESİ","kaynak":"ibb_iett","durak_kodu":"185321","ilce":"Sultangazi","mahalle":"Cebeci Mahallesi"}},{"type":"Feature","geometry":{"type":"Point","coordinates":[28.856243,41.103166]},"properties":{"id":"D0227","kategori":"durak","ad":"ŞEHİT HİKMET BAYSAL","kaynak":"ibb_iett","durak_kodu":"191981","ilce":"Sultangazi","mahalle":"İsmetpaşa Mahallesi"}},{"type":"Feature","geometry":{"type":"Point","coordinates":[28.885048,41.096094]},"properties":{"id":"D0228","kategori":"durak","ad":"AVİZECİLER","kaynak":"ibb_iett","durak_kodu":"107921","ilce":"Sultangazi","mahalle":"Esentepe Mahallesi"}},{"type":"Feature","geometry":{"type":"Point","coordinates":[28.840982,41.127056]},"properties":{"id":"D0229","kategori":"durak","ad":"İSFALT","kaynak":"ibb_iett","durak_kodu":"106371","ilce":"Sultangazi","mahalle":"Eski Habipler Mahallesi"}},{"type":"Feature","geometry":{"type":"Point","coordinates":[28.899009,41.109727]},"properties":{"id":"D0230","kategori":"durak","ad":"MEVLANA CAMİ","kaynak":"ibb_iett","durak_kodu":"110342","ilce":"Sultangazi","mahalle":"Gazi Mahallesi"}},{"type":"Feature","geometry":{"type":"Point","coordinates":[28.863576,41.14623]},"properties":{"id":"D0231","kategori":"durak","ad":"ÇİMEN SOKAK","kaynak":"ibb_iett","durak_kodu":"177701","ilce":"Sultangazi","mahalle":"Yayla Mahallesi"}},{"type":"Feature","geometry":{"type":"Point","coordinates":[29.163508,40.929145]},"properties":{"id":"D0232","kategori":"durak","ad":"RECEP AĞA CAMİİ","kaynak":"ibb_iett","durak_kodu":"206271","ilce":"Maltepe","mahalle":"Gülsuyu Mahallesi"}},{"type":"Feature","geometry":{"type":"Point","coordinates":[29.16839,40.937209]},"properties":{"id":"D0233","kategori":"durak","ad":"UĞUR MUMCU SOKAK","kaynak":"ibb_iett","durak_kodu":"227431","ilce":"Maltepe","mahalle":"Esenkent Mahallesi"}},{"type":"Feature","geometry":{"type":"Point","coordinates":[29.150919,40.942503]},"properties":{"id":"D0234","kategori":"durak","ad":"ZÜMRÜTEVLER MAHALLE MUHTARLIĞI","kaynak":"ibb_iett","durak_kodu":"228711","ilce":"Maltepe","mahalle":"Zümrütevler Mahallesi"}},{"type":"Feature","geometry":{"type":"Point","coordinates":[29.159812,40.946748]},"properties":{"id":"D0235","kategori":"durak","ad":"HACI MUSTAFA ÖZYAZICI CAMİİ","kaynak":"ibb_iett","durak_kodu":"213651","ilce":"Maltepe","mahalle":"Zümrütevler Mahallesi"}},{"type":"Feature","geometry":{"type":"Point","coordinates":[29.133678,40.913499]},"properties":{"id":"D0236","kategori":"durak","ad":"KUM İSKELESİ","kaynak":"ibb_iett","durak_kodu":"205961","ilce":"Maltepe","mahalle":"Yalı Mahallesi"}},{"type":"Feature","geometry":{"type":"Point","coordinates":[29.122529,40.955703]},"properties":{"id":"D0237","kategori":"durak","ad":"2.KISIM","kaynak":"ibb_iett","durak_kodu":"206201","ilce":"Maltepe","mahalle":"Aydınevler Mahallesi"}},{"type":"Feature","geometry":{"type":"Point","coordinates":[29.147486,40.955279]},"properties":{"id":"D0238","kategori":"durak","ad":"PROF.DR. HÜSEYİN KAPTAN SOKAK","kaynak":"ibb_iett","durak_kodu":"290821","ilce":"Maltepe","mahalle":"Başıbüyük Mahallesi"}},{"type":"Feature","geometry":{"type":"Point","coordinates":[29.139857,40.970732]},"properties":{"id":"D0239","kategori":"durak","ad":"FINDIKLI MAHALLESİ","kaynak":"ibb_iett","durak_kodu":"226771","ilce":"Maltepe","mahalle":"Fındıklı Mahallesi"}},{"type":"Feature","geometry":{"type":"Point","coordinates":[29.143437,40.917872]},"properties":{"id":"D0240","kategori":"durak","ad":"ORHANGAZİ","kaynak":"ibb_iett","durak_kodu":"225351","ilce":"Maltepe","mahalle":"Cevizli Mahallesi"}},{"type":"Feature","geometry":{"type":"Point","coordinates":[29.198782,40.96847]},"properties":{"id":"D0241","kategori":"durak","ad":"İSMET KURALKAN İLKOKULU","kaynak":"ibb_iett","durak_kodu":"228351","ilce":"Maltepe","mahalle":"Büyükbakkalköy Mahallesi"}},{"type":"Feature","geometry":{"type":"Point","coordinates":[29.139198,40.93528]},"properties":{"id":"D0242","kategori":"durak","ad":"MALTEPE KÖPRÜSÜ","kaynak":"ibb_iett","durak_kodu":"225732","ilce":"Maltepe","mahalle":"Bağlarbaşı Mahallesi"}},{"type":"Feature","geometry":{"type":"Point","coordinates":[29.123777,40.964505]},"properties":{"id":"D0243","kategori":"durak","ad":"CANDOSTUM SOKAK","kaynak":"ibb_iett","durak_kodu":"290661","ilce":"Maltepe","mahalle":"Fındıklı Mahallesi"}},{"type":"Feature","geometry":{"type":"Point","coordinates":[29.126588,40.922414]},"properties":{"id":"D0244","kategori":"durak","ad":"MALTEPE SAHİL","kaynak":"ibb_iett","durak_kodu":"205971","ilce":"Maltepe","mahalle":"Yalı Mahallesi"}},{"type":"Feature","geometry":{"type":"Point","coordinates":[29.21472,40.95249]},"properties":{"id":"D0245","kategori":"durak","ad":"NİZAMİYE","kaynak":"ibb_iett","durak_kodu":"214571","ilce":"Maltepe","mahalle":"Büyükbakkalköy Mahallesi"}},{"type":"Feature","geometry":{"type":"Point","coordinates":[29.159706,40.918614]},"properties":{"id":"D0246","kategori":"durak","ad":"MALTEPE PERON AMİRLİĞİ","kaynak":"ibb_iett","durak_kodu":"800011","ilce":"Maltepe","mahalle":"Cevizli Mahallesi"}},{"type":"Feature","geometry":{"type":"Point","coordinates":[29.113902,40.948173]},"properties":{"id":"D0247","kategori":"durak","ad":"KÜÇÜKYALI ATATÜRK CADDESİ","kaynak":"ibb_iett","durak_kodu":"209661","ilce":"Maltepe","mahalle":"Küçükyalı Merkez Mahallesi"}},{"type":"Feature","geometry":{"type":"Point","coordinates":[29.137118,40.926037]},"properties":{"id":"D0248","kategori":"durak","ad":"FULYA SOKAK","kaynak":"ibb_iett","durak_kodu":"209721","ilce":"Maltepe","mahalle":"Bağlarbaşı Mahallesi"}},{"type":"Feature","geometry":{"type":"Point","coordinates":[29.134681,40.956718]},"properties":{"id":"D0249","kategori":"durak","ad":"MARMARA ÜNİVERSİTESİ MÜHENDİSLİK VE TEKNOLOJİ FAKÜLTESİ","kaynak":"ibb_iett","durak_kodu":"291661","ilce":"Maltepe","mahalle":"Başıbüyük Mahallesi"}},{"type":"Feature","geometry":{"type":"Point","coordinates":[29.188475,40.958381]},"properties":{"id":"D0250","kategori":"durak","ad":"AİLE SAĞLIĞI MERKEZİ","kaynak":"ibb_iett","durak_kodu":"228331","ilce":"Maltepe","mahalle":"Büyükbakkalköy Mahallesi"}},{"type":"Feature","geometry":{"type":"Point","coordinates":[28.747196,41.063728]},"properties":{"id":"D0251","kategori":"durak","ad":"ŞEHİT HAKİ ARAS","kaynak":"ibb_iett","durak_kodu":"124302","ilce":"Başakşehir","mahalle":"Altınşehir Mahallesi"}},{"type":"Feature","geometry":{"type":"Point","coordinates":[28.796519,41.143592]},"properties":{"id":"D0252","kategori":"durak","ad":"BEYDER CADDESİ","kaynak":"ibb_iett","durak_kodu":"185771","ilce":"Başakşehir","mahalle":"Başak Mahallesi"}},{"type":"Feature","geometry":{"type":"Point","coordinates":[28.760022,41.075261]},"properties":{"id":"D0253","kategori":"durak","ad":"YENİYOL SOKAK","kaynak":"ibb_iett","durak_kodu":"184471","ilce":"Başakşehir","mahalle":"Ziya Gökalp Mahallesi"}},{"type":"Feature","geometry":{"type":"Point","coordinates":[28.789354,41.103874]},"properties":{"id":"D0254","kategori":"durak","ad":"BAŞAKŞEHİR 1.ETAP CAMİİ","kaynak":"ibb_iett","durak_kodu":"126581","ilce":"Başakşehir","mahalle":"Başakşehir Mahallesi"}},{"type":"Feature","geometry":{"type":"Point","coordinates":[28.6539,41.090744]},"properties":{"id":"D0255","kategori":"durak","ad":"BAHÇEKENT ÇARŞI","kaynak":"ibb_iett","durak_kodu":"184901","ilce":"Başakşehir","mahalle":"Bahçeşehir 2. Kısım Mahallesi"}},{"type":"Feature","geometry":{"type":"Point","coordinates":[28.743517,41.112874]},"properties":{"id":"D0256","kategori":"durak","ad":"KAYABAŞI SAĞLIK OCAĞI","kaynak":"ibb_iett","durak_kodu":"110841","ilce":"Başakşehir","mahalle":"Kayabaşı Mahallesi"}},{"type":"Feature","geometry":{"type":"Point","coordinates":[28.776325,41.136176]},"properties":{"id":"D0257","kategori":"durak","ad":"BAĞTEPE","kaynak":"ibb_iett","durak_kodu":"181931","ilce":"Başakşehir","mahalle":"Kayabaşı Mahallesi"}},{"type":"Feature","geometry":{"type":"Point","coordinates":[28.786945,41.125875]},"properties":{"id":"D0258","kategori":"durak","ad":"GAZİ MUSTAFA KEMAL BULVARI","kaynak":"ibb_iett","durak_kodu":"183181","ilce":"Başakşehir","mahalle":"Başakşehir Mahallesi"}},{"type":"Feature","geometry":{"type":"Point","coordinates":[28.677698,41.085936]},"properties":{"id":"D0259","kategori":"durak","ad":"ESTONŞEHİR","kaynak":"ibb_iett","durak_kodu":"102592","ilce":"Başakşehir","mahalle":"Bahçeşehir 1. Kısım Mahallesi"}},{"type":"Feature","geometry":{"type":"Point","coordinates":[28.786176,41.077994]},"properties":{"id":"D0260","kategori":"durak","ad":"TOKİ AYAZMA İMAM HATİP ORTAOKULU","kaynak":"ibb_iett","durak_kodu":"132251","ilce":"Başakşehir","mahalle":"Ziya Gökalp Mahallesi"}},{"type":"Feature","geometry":{"type":"Point","coordinates":[28.665292,41.078723]},"properties":{"id":"D0261","kategori":"durak","ad":"BOĞAZKÖY MERKEZ CAMİİ","kaynak":"ibb_iett","durak_kodu":"176011","ilce":"Başakşehir","mahalle":"Bahçeşehir 2. Kısım Mahallesi"}},{"type":"Feature","geometry":{"type":"Point","coordinates":[28.73976,41.09491]},"properties":{"id":"D0262","kategori":"durak","ad":"KAYABAŞI KİPTAŞ PERON","kaynak":"ibb_iett","durak_kodu":"180051","ilce":"Başakşehir","mahalle":"Güvercintepe Mahallesi"}},{"type":"Feature","geometry":{"type":"Point","coordinates":[28.802715,41.112282]},"properties":{"id":"D0263","kategori":"durak","ad":"SALACAK SİTESİ","kaynak":"ibb_iett","durak_kodu":"133521","ilce":"Başakşehir","mahalle":"Başak Mahallesi"}},{"type":"Feature","geometry":{"type":"Point","coordinates":[28.818987,41.136235]},"properties":{"id":"D0264","kategori":"durak","ad":"ARNAVUTKÖY YOLU","kaynak":"ibb_iett","durak_kodu":"106421","ilce":"Başakşehir","mahalle":"Başak Mahallesi"}},{"type":"Feature","geometry":{"type":"Point","coordinates":[28.804889,41.084386]},"properties":{"id":"D0265","kategori":"durak","ad":"ESKOOP","kaynak":"ibb_iett","durak_kodu":"102051","ilce":"Başakşehir","mahalle":"İkitelli OSB Mahallesi"}},{"type":"Feature","geometry":{"type":"Point","coordinates":[28.757875,41.131511]},"properties":{"id":"D0266","kategori":"durak","ad":"YEŞİL ÇAMLIK CAMİİ","kaynak":"ibb_iett","durak_kodu":"110911","ilce":"Başakşehir","mahalle":"Şamlar Mahallesi"}},{"type":"Feature","geometry":{"type":"Point","coordinates":[28.68432,41.067099]},"properties":{"id":"D0267","kategori":"durak","ad":"GÜL","kaynak":"ibb_iett","durak_kodu":"128051","ilce":"Başakşehir","mahalle":"Bahçeşehir 2. Kısım Mahallesi"}},{"type":"Feature","geometry":{"type":"Point","coordinates":[28.723428,41.085506]},"properties":{"id":"D0268","kategori":"durak","ad":"IGTOT","kaynak":"ibb_iett","durak_kodu":"801531","ilce":"Başakşehir","mahalle":"Şahintepe Mahallesi"}},{"type":"Feature","geometry":{"type":"Point","coordinates":[28.83017,41.069215]},"properties":{"id":"D0269","kategori":"durak","ad":"İSTOÇ 41.ADA","kaynak":"ibb_iett","durak_kodu":"104091","ilce":"Başakşehir","mahalle":"Başak Mahallesi"}},{"type":"Feature","geometry":{"type":"Point","coordinates":[28.810334,41.072801]},"properties":{"id":"D0270","kategori":"durak","ad":"DOLAPDERE SANAYİ SİTESİ","kaynak":"ibb_iett","durak_kodu":"123531","ilce":"Başakşehir","mahalle":"İkitelli OSB Mahallesi"}},{"type":"Feature","geometry":{"type":"Point","coordinates":[28.775543,41.065818]},"properties":{"id":"D0271","kategori":"durak","ad":"AĞAOĞLU ÇARŞI","kaynak":"ibb_iett","durak_kodu":"104031","ilce":"Başakşehir","mahalle":"Ziya Gökalp Mahallesi"}},{"type":"Feature","geometry":{"type":"Point","coordinates":[28.773388,41.097043]},"properties":{"id":"D0272","kategori":"durak","ad":"BAHÇETEPE 1","kaynak":"ibb_iett","durak_kodu":"103251","ilce":"Başakşehir","mahalle":"Başakşehir Mahallesi"}},{"type":"Feature","geometry":{"type":"Point","coordinates":[29.304335,40.841499]},"properties":{"id":"D0273","kategori":"durak","ad":"GÜLİSTAN","kaynak":"ibb_iett","durak_kodu":"208961","ilce":"Tuzla","mahalle":"Evliya Çelebi Mahallesi"}},{"type":"Feature","geometry":{"type":"Point","coordinates":[29.390694,40.908135]},"properties":{"id":"D0274","kategori":"durak","ad":"TEPEÖREN MERKEZ","kaynak":"ibb_iett","durak_kodu":"210511","ilce":"Tuzla","mahalle":"Tepeören Mahallesi"}},{"type":"Feature","geometry":{"type":"Point","coordinates":[29.326158,40.87063]},"properties":{"id":"D0275","kategori":"durak","ad":"NİŞANCI MEHMET PAŞA CAMİİ","kaynak":"ibb_iett","durak_kodu":"212271","ilce":"Tuzla","mahalle":"Aydınlı Mahallesi"}},{"type":"Feature","geometry":{"type":"Point","coordinates":[29.40952,40.962693]},"properties":{"id":"D0276","kategori":"durak","ad":"TRİBÜN 5","kaynak":"ibb_iett","durak_kodu":"287881","ilce":"Tuzla","mahalle":"Akfırat Mahallesi"}},{"type":"Feature","geometry":{"type":"Point","coordinates":[29.366984,40.920625]},"properties":{"id":"D0277","kategori":"durak","ad":"TEPEÖREN YOLU","kaynak":"ibb_iett","durak_kodu":"211821","ilce":"Tuzla","mahalle":"Tepeören Mahallesi"}},{"type":"Feature","geometry":{"type":"Point","coordinates":[29.34143,40.883064]},"properties":{"id":"D0278","kategori":"durak","ad":"DUYGU SOKAK","kaynak":"ibb_iett","durak_kodu":"289271","ilce":"Tuzla","mahalle":"Aydınlı Mahallesi"}},{"type":"Feature","geometry":{"type":"Point","coordinates":[29.280074,40.818051]},"properties":{"id":"D0279","kategori":"durak","ad":"ÇALI SOKAK","kaynak":"ibb_iett","durak_kodu":"225961","ilce":"Tuzla","mahalle":"Postane Mahallesi"}},{"type":"Feature","geometry":{"type":"Point","coordinates":[29.326361,40.831327]},"properties":{"id":"D0280","kategori":"durak","ad":"İBİŞ AĞA CADDESİ","kaynak":"ibb_iett","durak_kodu":"289231","ilce":"Tuzla","mahalle":"İstasyon Mahallesi"}},{"type":"Feature","geometry":{"type":"Point","coordinates":[29.365461,40.878057]},"properties":{"id":"D0281","kategori":"durak","ad":"KUMPAS CADDESİ","kaynak":"ibb_iett","durak_kodu":"288211","ilce":"Tuzla","mahalle":"Orhanlı Mahallesi"}},{"type":"Feature","geometry":{"type":"Point","coordinates":[29.364165,40.841985]},"properties":{"id":"D0282","kategori":"durak","ad":"GÜNGÖRMÜŞ  SOKAK","kaynak":"ibb_iett","durak_kodu":"207401","ilce":"Tuzla","mahalle":"Mimar Sinan Mahallesi"}},{"type":"Feature","geometry":{"type":"Point","coordinates":[29.34183,40.91509]},"properties":{"id":"D0283","kategori":"durak","ad":"ASALET CADDESI","kaynak":"ibb_iett","durak_kodu":"290861","ilce":"Tuzla","mahalle":"Orhanlı Mahallesi"}},{"type":"Feature","geometry":{"type":"Point","coordinates":[29.362545,40.935868]},"properties":{"id":"D0284","kategori":"durak","ad":"İSTANBUL BULVARI","kaynak":"ibb_iett","durak_kodu":"229331","ilce":"Tuzla","mahalle":"Tepeören Mahallesi"}},{"type":"Feature","geometry":{"type":"Point","coordinates":[29.404589,40.914821]},"properties":{"id":"D0285","kategori":"durak","ad":"ODABAŞI SOKAK","kaynak":"ibb_iett","durak_kodu":"291491","ilce":"Tuzla","mahalle":"Tepeören Mahallesi"}},{"type":"Feature","geometry":{"type":"Point","coordinates":[29.373798,40.887731]},"properties":{"id":"D0286","kategori":"durak","ad":"İSTANBUL DERİ OSB","kaynak":"ibb_iett","durak_kodu":"288101","ilce":"Tuzla","mahalle":"Orhanlı Mahallesi"}},{"type":"Feature","geometry":{"type":"Point","coordinates":[29.402285,40.881018]},"properties":{"id":"D0287","kategori":"durak","ad":"HUDUT KAPISI","kaynak":"ibb_iett","durak_kodu":"229281","ilce":"Tuzla","mahalle":"Tepeören Mahallesi"}},{"type":"Feature","geometry":{"type":"Point","coordinates":[29.34636,40.927511]},"properties":{"id":"D0288","kategori":"durak","ad":"ESKİ ANKARA CADDESİ","kaynak":"ibb_iett","durak_kodu":"212941","ilce":"Tuzla","mahalle":"Fatih Mahallesi"}},{"type":"Feature","geometry":{"type":"Point","coordinates":[29.358619,40.828563]},"properties":{"id":"D0289","kategori":"durak","ad":"İNÖNÜ CADDESİ","kaynak":"ibb_iett","durak_kodu":"228401","ilce":"Tuzla","mahalle":"Şifa Mahallesi"}},{"type":"Feature","geometry":{"type":"Point","coordinates":[29.343047,40.862394]},"properties":{"id":"D0290","kategori":"durak","ad":"SELVİ SOKAK","kaynak":"ibb_iett","durak_kodu":"229672","ilce":"Tuzla","mahalle":"Aydınlı Mahallesi"}},{"type":"Feature","geometry":{"type":"Point","coordinates":[29.310049,40.824179]},"properties":{"id":"D0291","kategori":"durak","ad":"BEHRAM SOKAK","kaynak":"ibb_iett","durak_kodu":"212651","ilce":"Tuzla","mahalle":"Postane Mahallesi"}},{"type":"Feature","geometry":{"type":"Point","coordinates":[29.194833,41.024034]},"properties":{"id":"D0292","kategori":"durak","ad":"ŞAHİNBEY ATATÜRK CADDESİ","kaynak":"ibb_iett","durak_kodu":"200761","ilce":"Çekmeköy","mahalle":"Çamlık Mahallesi"}},{"type":"Feature","geometry":{"type":"Point","coordinates":[29.289675,41.12073]},"properties":{"id":"D0293","kategori":"durak","ad":"EVİN SOKAK","kaynak":"ibb_iett","durak_kodu":"285201","ilce":"Çekmeköy","mahalle":"Hüseyinli Mahallesi"}},{"type":"Feature","geometry":{"type":"Point","coordinates":[29.261106,41.035924]},"properties":{"id":"D0294","kategori":"durak","ad":"ÖZYEĞİN ÜNİVERSİTESİ ALT KAPI","kaynak":"ibb_iett","durak_kodu":"292011","ilce":"Çekmeköy","mahalle":"Nişantepe Mahallesi"}},{"type":"Feature","geometry":{"type":"Point","coordinates":[29.242994,41.055582]},"properties":{"id":"D0295","kategori":"durak","ad":"185.SOKAK","kaynak":"ibb_iett","durak_kodu":"201141","ilce":"Çekmeköy","mahalle":"Çatalmeşe Mahallesi"}},{"type":"Feature","geometry":{"type":"Point","coordinates":[29.340897,41.086985]},"properties":{"id":"D0296","kategori":"durak","ad":"ÖMERLİ ÇAYIRI","kaynak":"ibb_iett","durak_kodu":"202172","ilce":"Çekmeköy","mahalle":"Ömerli Mahallesi"}},{"type":"Feature","geometry":{"type":"Point","coordinates":[29.236284,41.0253]},"properties":{"id":"D0297","kategori":"durak","ad":"KARTAL SOKAK","kaynak":"ibb_iett","durak_kodu":"200301","ilce":"Çekmeköy","mahalle":"Soğukpınar Mahallesi"}},{"type":"Feature","geometry":{"type":"Point","coordinates":[29.184778,41.04012]},"properties":{"id":"D0298","kategori":"durak","ad":"NUMAN CADDESİ","kaynak":"ibb_iett","durak_kodu":"290551","ilce":"Çekmeköy","mahalle":"Merkez Mahallesi"}},{"type":"Feature","geometry":{"type":"Point","coordinates":[29.307669,41.111911]},"properties":{"id":"D0299","kategori":"durak","ad":"SEYMENLER ÇIKMAZI","kaynak":"ibb_iett","durak_kodu":"261531","ilce":"Çekmeköy","mahalle":"Hüseyinli Mahallesi"}},{"type":"Feature","geometry":{"type":"Point","coordinates":[29.172119,41.051878]},"properties":{"id":"D0300","kategori":"durak","ad":"TURCAN SOKAK","kaynak":"ibb_iett","durak_kodu":"200991","ilce":"Çekmeköy","mahalle":"Merkez Mahallesi"}},{"type":"Feature","geometry":{"type":"Point","coordinates":[29.219626,41.018276]},"properties":{"id":"D0301","kategori":"durak","ad":"ŞİMŞEK SOKAK","kaynak":"ibb_iett","durak_kodu":"200291","ilce":"Çekmeköy","mahalle":"Aydınlar Mahallesi"}},{"type":"Feature","geometry":{"type":"Point","coordinates":[29.159195,41.039595]},"properties":{"id":"D0302","kategori":"durak","ad":"ÖZDEN CENGİZ ANADOLU LISESİ","kaynak":"ibb_iett","durak_kodu":"291631","ilce":"Çekmeköy","mahalle":"Merkez Mahallesi"}},{"type":"Feature","geometry":{"type":"Point","coordinates":[29.25274,41.07204]},"properties":{"id":"D0303","kategori":"durak","ad":"PLATİN ÇIKMAZI","kaynak":"ibb_iett","durak_kodu":"264121","ilce":"Çekmeköy","mahalle":"Reşadiye Mahallesi"}},{"type":"Feature","geometry":{"type":"Point","coordinates":[29.267775,41.111035]},"properties":{"id":"D0304","kategori":"durak","ad":"İSKİ ARITMA TESİSLERİ","kaynak":"ibb_iett","durak_kodu":"285311","ilce":"Çekmeköy","mahalle":"Hüseyinli Mahallesi"}},{"type":"Feature","geometry":{"type":"Point","coordinates":[29.218931,41.035129]},"properties":{"id":"D0305","kategori":"durak","ad":"VALİDE SULTAN SOKAK","kaynak":"ibb_iett","durak_kodu":"289611","ilce":"Çekmeköy","mahalle":"Sultançiftliği Mahallesi"}},{"type":"Feature","geometry":{"type":"Point","coordinates":[29.325709,41.095767]},"properties":{"id":"D0306","kategori":"durak","ad":"GÜRGEN SOKAK","kaynak":"ibb_iett","durak_kodu":"288551","ilce":"Çekmeköy","mahalle":"Ömerli Mahallesi"}},{"type":"Feature","geometry":{"type":"Point","coordinates":[28.674485,41.035522]},"properties":{"id":"D0307","kategori":"durak","ad":"PAZAR YOLU","kaynak":"ibb_iett","durak_kodu":"176631","ilce":"Esenyurt","mahalle":"Merkez Mahallesi"}},{"type":"Feature","geometry":{"type":"Point","coordinates":[28.697283,41.01206]},"properties":{"id":"D0308","kategori":"durak","ad":"FEVZİ ÇAKMAK CADDESİ","kaynak":"ibb_iett","durak_kodu":"122901","ilce":"Esenyurt","mahalle":"Saadetdere Mahallesi"}},{"type":"Feature","geometry":{"type":"Point","coordinates":[28.691,41.034427]},"properties":{"id":"D0309","kategori":"durak","ad":"461.SOKAK-ŞEHİT BÜLENT AYDIN","kaynak":"ibb_iett","durak_kodu":"101791","ilce":"Esenyurt","mahalle":"Balıkyolu Mahallesi"}},{"type":"Feature","geometry":{"type":"Point","coordinates":[28.636681,41.023541]},"properties":{"id":"D0310","kategori":"durak","ad":"ADNAN KAHVECİ BULVARI","kaynak":"ibb_iett","durak_kodu":"182471","ilce":"Esenyurt","mahalle":"Gökevler Mahallesi"}},{"type":"Feature","geometry":{"type":"Point","coordinates":[28.64645,41.017455]},"properties":{"id":"D0311","kategori":"durak","ad":"ESENBAHÇE CAMİİ","kaynak":"ibb_iett","durak_kodu":"101041","ilce":"Esenyurt","mahalle":"Cumhuriyet Mahallesi"}},{"type":"Feature","geometry":{"type":"Point","coordinates":[28.679999,41.062714]},"properties":{"id":"D0312","kategori":"durak","ad":"BATI KAPISI","kaynak":"ibb_iett","durak_kodu":"127961","ilce":"Esenyurt","mahalle":"Aşık Veysel Mahallesi"}},{"type":"Feature","geometry":{"type":"Point","coordinates":[28.662812,41.04355]},"properties":{"id":"D0313","kategori":"durak","ad":"1527.SOKAK","kaynak":"ibb_iett","durak_kodu":"127731","ilce":"Esenyurt","mahalle":"Selahaddin Eyyubi Mahallesi"}},{"type":"Feature","geometry":{"type":"Point","coordinates":[28.654018,41.061078]},"properties":{"id":"D0314","kategori":"durak","ad":"ZÜMRÜT","kaynak":"ibb_iett","durak_kodu":"176941","ilce":"Esenyurt","mahalle":"Selahaddin Eyyubi Mahallesi"}},{"type":"Feature","geometry":{"type":"Point","coordinates":[28.67311,41.049527]},"properties":{"id":"D0315","kategori":"durak","ad":"FABRİKALAR","kaynak":"ibb_iett","durak_kodu":"127491","ilce":"Esenyurt","mahalle":"Örnek Mahallesi"}},{"type":"Feature","geometry":{"type":"Point","coordinates":[28.676904,41.042677]},"properties":{"id":"D0316","kategori":"durak","ad":"KIPTAŞ ESENYURT","kaynak":"ibb_iett","durak_kodu":"191841","ilce":"Esenyurt","mahalle":"Ardıçlı Mahallesi"}},{"type":"Feature","geometry":{"type":"Point","coordinates":[28.663616,41.015727]},"properties":{"id":"D0317","kategori":"durak","ad":"UFUK CADDESİ","kaynak":"ibb_iett","durak_kodu":"130031","ilce":"Esenyurt","mahalle":"Mehmet Akif Ersoy Mahallesi"}},{"type":"Feature","geometry":{"type":"Point","coordinates":[28.693263,41.003196]},"properties":{"id":"D0318","kategori":"durak","ad":"KİPTAŞ EVLERİ","kaynak":"ibb_iett","durak_kodu":"130621","ilce":"Esenyurt","mahalle":"Turgut Özal Mahallesi"}},{"type":"Feature","geometry":{"type":"Point","coordinates":[28.639098,41.07483]},"properties":{"id":"D0319","kategori":"durak","ad":"ALKOP CAMİİ","kaynak":"ibb_iett","durak_kodu":"133081","ilce":"Esenyurt","mahalle":"Akçaburgaz Mahallesi"}},{"type":"Feature","geometry":{"type":"Point","coordinates":[28.645533,41.029571]},"properties":{"id":"D0320","kategori":"durak","ad":"ESENYURT YOL BAKIM ONARIM MÜDÜRLÜĞÜ","kaynak":"ibb_iett","durak_kodu":"184202","ilce":"Esenyurt","mahalle":"Hürriyet Mahallesi"}},{"type":"Feature","geometry":{"type":"Point","coordinates":[28.646571,41.09078]},"properties":{"id":"D0321","kategori":"durak","ad":"ATA KORULUĞU","kaynak":"ibb_iett","durak_kodu":"165281","ilce":"Esenyurt","mahalle":"Orhan Gazi Mahallesi"}},{"type":"Feature","geometry":{"type":"Point","coordinates":[28.694832,41.041516]},"properties":{"id":"D0322","kategori":"durak","ad":"ARDIÇLI MAHALLESİ","kaynak":"ibb_iett","durak_kodu":"102271","ilce":"Esenyurt","mahalle":"Balıkyolu Mahallesi"}},{"type":"Feature","geometry":{"type":"Point","coordinates":[29.490961,41.175697]},"properties":{"id":"D0323","kategori":"durak","ad":"SOFULAR KÖYÜ YOLU","kaynak":"ibb_iett","durak_kodu":"285711","ilce":"Şile","mahalle":"Sofular Mahallesi"}},{"type":"Feature","geometry":{"type":"Point","coordinates":[29.575848,41.045107]},"properties":{"id":"D0324","kategori":"durak","ad":"DARLIK","kaynak":"ibb_iett","durak_kodu":"286041","ilce":"Şile","mahalle":"Darlık Mahallesi"}},{"type":"Feature","geometry":{"type":"Point","coordinates":[29.589746,41.152275]},"properties":{"id":"D0325","kategori":"durak","ad":"AHMETLİ GİRİŞİ","kaynak":"ibb_iett","durak_kodu":"216401","ilce":"Şile","mahalle":"Ahmetli Mahallesi"}},{"type":"Feature","geometry":{"type":"Point","coordinates":[29.684453,41.073411]},"properties":{"id":"D0326","kategori":"durak","ad":"YAZIMANAYIR KÖYÜ","kaynak":"ibb_iett","durak_kodu":"202561","ilce":"Şile","mahalle":"Yazımanayır Mahallesi"}},{"type":"Feature","geometry":{"type":"Point","coordinates":[29.739598,41.112632]},"properties":{"id":"D0327","kategori":"durak","ad":"MANŞAR SAPAĞI","kaynak":"ibb_iett","durak_kodu":"291241","ilce":"Şile","mahalle":"Karabeyli Mahallesi"}},{"type":"Feature","geometry":{"type":"Point","coordinates":[29.815937,41.10576]},"properties":{"id":"D0328","kategori":"durak","ad":"KÖYYERİ MEVKİ","kaynak":"ibb_iett","durak_kodu":"292331","ilce":"Şile","mahalle":"İsaköy Mahallesi"}},{"type":"Feature","geometry":{"type":"Point","coordinates":[29.375071,41.202332]},"properties":{"id":"D0329","kategori":"durak","ad":"KARABURUN SAPAĞI","kaynak":"ibb_iett","durak_kodu":"289891","ilce":"Şile","mahalle":"Kurna Mahallesi"}},{"type":"Feature","geometry":{"type":"Point","coordinates":[29.762014,41.156706]},"properties":{"id":"D0330","kategori":"durak","ad":"KARACAKÖY ZEYTİN BAYIRI","kaynak":"ibb_iett","durak_kodu":"261601","ilce":"Şile","mahalle":"Karacaköy Mahallesi"}},{"type":"Feature","geometry":{"type":"Point","coordinates":[29.475921,41.069856]},"properties":{"id":"D0331","kategori":"durak","ad":"BIÇKIDERE","kaynak":"ibb_iett","durak_kodu":"203191","ilce":"Şile","mahalle":"Bıçkıdere Mahallesi"}},{"type":"Feature","geometry":{"type":"Point","coordinates":[29.392329,41.053701]},"properties":{"id":"D0332","kategori":"durak","ad":"ESENCELİ KÖYÜ","kaynak":"ibb_iett","durak_kodu":"287671","ilce":"Şile","mahalle":"Esenceli Mahallesi"}},{"type":"Feature","geometry":{"type":"Point","coordinates":[29.716056,41.146694]},"properties":{"id":"D0333","kategori":"durak","ad":"AKÇAKESE MEZARLIĞI","kaynak":"ibb_iett","durak_kodu":"289961","ilce":"Şile","mahalle":"Akçakese Mahallesi"}},{"type":"Feature","geometry":{"type":"Point","coordinates":[29.475662,41.122319]},"properties":{"id":"D0334","kategori":"durak","ad":"YEŞİLVADİ","kaynak":"ibb_iett","durak_kodu":"288151","ilce":"Şile","mahalle":"Yeşilvadi Mahallesi"}},{"type":"Feature","geometry":{"type":"Point","coordinates":[29.841095,41.133949]},"properties":{"id":"D0335","kategori":"durak","ad":"SEDİR SOKAK","kaynak":"ibb_iett","durak_kodu":"284751","ilce":"Şile","mahalle":"Ağva Merkez Mahallesi"}},{"type":"Feature","geometry":{"type":"Point","coordinates":[29.42501,41.197299]},"properties":{"id":"D0336","kategori":"durak","ad":"FİRDEVS SOKAK","kaynak":"ibb_iett","durak_kodu":"285801","ilce":"Şile","mahalle":"Sahilköy Mahallesi"}},{"type":"Feature","geometry":{"type":"Point","coordinates":[28.825358,40.963201]},"properties":{"id":"D0337","kategori":"durak","ad":"HAVA MÜZESİ","kaynak":"ibb_iett","durak_kodu":"103542","ilce":"Bakırköy","mahalle":"Yeşilköy Mahallesi"}},{"type":"Feature","geometry":{"type":"Point","coordinates":[28.8392,40.991129]},"properties":{"id":"D0338","kategori":"durak","ad":"YENİBOSNA METRO","kaynak":"ibb_iett","durak_kodu":"303521","ilce":"Bakırköy","mahalle":"Ataköy 7-8-9-10. Kısım Mahallesi"}},{"type":"Feature","geometry":{"type":"Point","coordinates":[28.797759,40.973835]},"properties":{"id":"D0339","kategori":"durak","ad":"SPOR TESİSLERİ","kaynak":"ibb_iett","durak_kodu":"122511","ilce":"Bakırköy","mahalle":"Şenlikköy Mahallesi"}},{"type":"Feature","geometry":{"type":"Point","coordinates":[28.837589,40.964406]},"properties":{"id":"D0340","kategori":"durak","ad":"YEŞİLYURT","kaynak":"ibb_iett","durak_kodu":"122261","ilce":"Bakırköy","mahalle":"Yeşilyurt Mahallesi"}},{"type":"Feature","geometry":{"type":"Point","coordinates":[28.824289,40.982121]},"properties":{"id":"D0341","kategori":"durak","ad":"GÜMRÜK MÜDÜRLÜĞÜ","kaynak":"ibb_iett","durak_kodu":"183521","ilce":"Bakırköy","mahalle":"Yeşilköy Mahallesi"}},{"type":"Feature","geometry":{"type":"Point","coordinates":[28.866059,40.982339]},"properties":{"id":"D0342","kategori":"durak","ad":"P.BLOK","kaynak":"ibb_iett","durak_kodu":"133771","ilce":"Bakırköy","mahalle":"Ataköy 3-4-11. Kısım Mahallesi"}},{"type":"Feature","geometry":{"type":"Point","coordinates":[28.889099,41.002387]},"properties":{"id":"D0343","kategori":"durak","ad":"KOCATEPE","kaynak":"ibb_iett","durak_kodu":"111002","ilce":"Bakırköy","mahalle":"Osmaniye Mahallesi"}},{"type":"Feature","geometry":{"type":"Point","coordinates":[28.85323,40.977688]},"properties":{"id":"D0344","kategori":"durak","ad":"ATAKÖY 5.KISIM","kaynak":"ibb_iett","durak_kodu":"122231","ilce":"Bakırköy","mahalle":"Ataköy 2-5-6. Kısım Mahallesi"}},{"type":"Feature","geometry":{"type":"Point","coordinates":[28.884844,40.995528]},"properties":{"id":"D0345","kategori":"durak","ad":"OSMANİYE","kaynak":"ibb_iett","durak_kodu":"800381","ilce":"Bakırköy","mahalle":"Osmaniye Mahallesi"}},{"type":"Feature","geometry":{"type":"Point","coordinates":[28.876183,40.974504]},"properties":{"id":"D0346","kategori":"durak","ad":"BAKIRKÖY İDO İSKELESİ","kaynak":"ibb_iett","durak_kodu":"123131","ilce":"Bakırköy","mahalle":"Cevizlik Mahallesi"}},{"type":"Feature","geometry":{"type":"Point","coordinates":[28.874284,40.998315]},"properties":{"id":"D0347","kategori":"durak","ad":"İNCİRLİ","kaynak":"ibb_iett","durak_kodu":"900221","ilce":"Bakırköy","mahalle":"Osmaniye Mahallesi"}},{"type":"Feature","geometry":{"type":"Point","coordinates":[28.929642,41.058977]},"properties":{"id":"D0348","kategori":"durak","ad":"ORDU CADDESİ","kaynak":"ibb_iett","durak_kodu":"110061","ilce":"Gaziosmanpaşa","mahalle":"Karlıtepe Mahallesi"}},{"type":"Feature","geometry":{"type":"Point","coordinates":[28.893874,41.082932]},"properties":{"id":"D0349","kategori":"durak","ad":"GOP YENİ MAHALLE METRO","kaynak":"ibb_iett","durak_kodu":"300861","ilce":"Gaziosmanpaşa","mahalle":"Yeni Mahalle Mahallesi"}},{"type":"Feature","geometry":{"type":"Point","coordinates":[28.881634,41.080194]},"properties":{"id":"D0350","kategori":"durak","ad":"ŞEHİT GÖKHAN TOPÇU","kaynak":"ibb_iett","durak_kodu":"106731","ilce":"Gaziosmanpaşa","mahalle":"Karadeniz Mahallesi"}},{"type":"Feature","geometry":{"type":"Point","coordinates":[28.908586,41.083094]},"properties":{"id":"D0351","kategori":"durak","ad":"HEKİMSUYU CADDESİ","kaynak":"ibb_iett","durak_kodu":"107071","ilce":"Gaziosmanpaşa","mahalle":"Kazım Karabekir Mahallesi"}},{"type":"Feature","geometry":{"type":"Point","coordinates":[28.907071,41.069427]},"properties":{"id":"D0352","kategori":"durak","ad":"GAZİOSMANPAŞA CADDESİ","kaynak":"ibb_iett","durak_kodu":"108651","ilce":"Gaziosmanpaşa","mahalle":"Şemsipaşa Mahallesi"}},{"type":"Feature","geometry":{"type":"Point","coordinates":[28.908975,41.064615]},"properties":{"id":"D0353","kategori":"durak","ad":"BAĞLAR CADDESİ-ŞEHİT ANIL KAAN AYBEK","kaynak":"ibb_iett","durak_kodu":"106961","ilce":"Gaziosmanpaşa","mahalle":"Merkez Mahallesi"}},{"type":"Feature","geometry":{"type":"Point","coordinates":[28.900707,41.086567]},"properties":{"id":"D0354","kategori":"durak","ad":"616.SOKAK","kaynak":"ibb_iett","durak_kodu":"110301","ilce":"Gaziosmanpaşa","mahalle":"Karayolları Mahallesi"}},{"type":"Feature","geometry":{"type":"Point","coordinates":[28.884992,41.087201]},"properties":{"id":"D0355","kategori":"durak","ad":"KARADENİZ PERON","kaynak":"ibb_iett","durak_kodu":"107611","ilce":"Gaziosmanpaşa","mahalle":"Karadeniz Mahallesi"}},{"type":"Feature","geometry":{"type":"Point","coordinates":[28.896393,41.090107]},"properties":{"id":"D0356","kategori":"durak","ad":"646.SOKAK","kaynak":"ibb_iett","durak_kodu":"182651","ilce":"Gaziosmanpaşa","mahalle":"Karayolları Mahallesi"}},{"type":"Feature","geometry":{"type":"Point","coordinates":[28.90224,41.081236]},"properties":{"id":"D0357","kategori":"durak","ad":"YENİ EVLER","kaynak":"ibb_iett","durak_kodu":"109691","ilce":"Gaziosmanpaşa","mahalle":"Yeni Mahalle Mahallesi"}},{"type":"Feature","geometry":{"type":"Point","coordinates":[28.909975,41.076805]},"properties":{"id":"D0358","kategori":"durak","ad":"ŞEHİT SEZER ÖNDER CADDESİ","kaynak":"ibb_iett","durak_kodu":"182631","ilce":"Gaziosmanpaşa","mahalle":"Kazım Karabekir Mahallesi"}},{"type":"Feature","geometry":{"type":"Point","coordinates":[29.154301,41.206045]},"properties":{"id":"D0359","kategori":"durak","ad":"HASAN BEY ÇİFTLİĞİ","kaynak":"ibb_iett","durak_kodu":"221891","ilce":"Beykoz","mahalle":"Anadolufeneri Mahallesi"}},{"type":"Feature","geometry":{"type":"Point","coordinates":[29.092095,41.10152]},"properties":{"id":"D0360","kategori":"durak","ad":"NAZARLIK ÇIKMAZI","kaynak":"ibb_iett","durak_kodu":"290961","ilce":"Beykoz","mahalle":"Çubuklu Mahallesi"}},{"type":"Feature","geometry":{"type":"Point","coordinates":[29.153766,41.073616]},"properties":{"id":"D0361","kategori":"durak","ad":"SELÇUK SOKAK","kaynak":"ibb_iett","durak_kodu":"221251","ilce":"Beykoz","mahalle":"Baklacı Mahallesi"}},{"type":"Feature","geometry":{"type":"Point","coordinates":[29.229802,41.195199]},"properties":{"id":"D0362","kategori":"durak","ad":"AYVALIDERE","kaynak":"ibb_iett","durak_kodu":"219781","ilce":"Beykoz","mahalle":"Alibahadır Mahallesi"}},{"type":"Feature","geometry":{"type":"Point","coordinates":[29.182007,41.14694]},"properties":{"id":"D0363","kategori":"durak","ad":"TEPE","kaynak":"ibb_iett","durak_kodu":"221601","ilce":"Beykoz","mahalle":"Mahmutşevketpaşa Mahallesi"}},{"type":"Feature","geometry":{"type":"Point","coordinates":[29.172551,41.087905]},"properties":{"id":"D0364","kategori":"durak","ad":"YÜZ AKI SOKAK","kaynak":"ibb_iett","durak_kodu":"287941","ilce":"Beykoz","mahalle":"Yavuz Selim Mahallesi"}},{"type":"Feature","geometry":{"type":"Point","coordinates":[29.197411,41.164898]},"properties":{"id":"D0365","kategori":"durak","ad":"AYAZMA MEVKİİ","kaynak":"ibb_iett","durak_kodu":"215631","ilce":"Beykoz","mahalle":"Mahmutşevketpaşa Mahallesi"}},{"type":"Feature","geometry":{"type":"Point","coordinates":[29.266531,41.163313]},"properties":{"id":"D0366","kategori":"durak","ad":"ÖĞÜMCE","kaynak":"ibb_iett","durak_kodu":"219851","ilce":"Beykoz","mahalle":"Öğümce Mahallesi"}},{"type":"Feature","geometry":{"type":"Point","coordinates":[29.087792,41.170613]},"properties":{"id":"D0367","kategori":"durak","ad":"DESTEK KOMUTANLIĞI","kaynak":"ibb_iett","durak_kodu":"221791","ilce":"Beykoz","mahalle":"Anadolu Kavağı Mahallesi"}},{"type":"Feature","geometry":{"type":"Point","coordinates":[29.13629,41.125099]},"properties":{"id":"D0368","kategori":"durak","ad":"KİRAZLIYAYLA","kaynak":"ibb_iett","durak_kodu":"215711","ilce":"Beykoz","mahalle":"İncirköy Mahallesi"}},{"type":"Feature","geometry":{"type":"Point","coordinates":[29.129303,41.166267]},"properties":{"id":"D0369","kategori":"durak","ad":"ANADOLU KAVAĞI SAPAĞI","kaynak":"ibb_iett","durak_kodu":"221871","ilce":"Beykoz","mahalle":"Akbaba Mahallesi"}},{"type":"Feature","geometry":{"type":"Point","coordinates":[29.128162,41.050857]},"properties":{"id":"D0370","kategori":"durak","ad":"İSFALT","kaynak":"ibb_iett","durak_kodu":"216151","ilce":"Beykoz","mahalle":"Baklacı Mahallesi"}},{"type":"Feature","geometry":{"type":"Point","coordinates":[29.270342,41.132123]},"properties":{"id":"D0371","kategori":"durak","ad":"BEYKOZ CADDESİ","kaynak":"ibb_iett","durak_kodu":"204801","ilce":"Beykoz","mahalle":"Cumhuriyetköy Mahallesi"}},{"type":"Feature","geometry":{"type":"Point","coordinates":[29.087141,41.068865]},"properties":{"id":"D0372","kategori":"durak","ad":"SAHRA SOKAK","kaynak":"ibb_iett","durak_kodu":"217591","ilce":"Beykoz","mahalle":"Yeni Mahalle Mahallesi"}},{"type":"Feature","geometry":{"type":"Point","coordinates":[29.156403,41.125024]},"properties":{"id":"D0373","kategori":"durak","ad":"KELEBEK VADİSİ","kaynak":"ibb_iett","durak_kodu":"285741","ilce":"Beykoz","mahalle":"Zerzavatçı Mahallesi"}},{"type":"Feature","geometry":{"type":"Point","coordinates":[29.21585,41.220429]},"properties":{"id":"D0374","kategori":"durak","ad":"RİVA KÖPRÜSÜ","kaynak":"ibb_iett","durak_kodu":"215202","ilce":"Beykoz","mahalle":"Riva Mahallesi"}},{"type":"Feature","geometry":{"type":"Point","coordinates":[29.105556,41.130424]},"properties":{"id":"D0375","kategori":"durak","ad":"KORUBAŞI CAMİİ","kaynak":"ibb_iett","durak_kodu":"215791","ilce":"Beykoz","mahalle":"Gümüşsuyu Mahallesi"}},{"type":"Feature","geometry":{"type":"Point","coordinates":[29.065651,41.079764]},"properties":{"id":"D0376","kategori":"durak","ad":"KÜÇÜKSU KASRI","kaynak":"ibb_iett","durak_kodu":"218071","ilce":"Beykoz","mahalle":"Göksu Mahallesi"}},{"type":"Feature","geometry":{"type":"Point","coordinates":[29.122655,41.089966]},"properties":{"id":"D0377","kategori":"durak","ad":"FATİH MAHALLESİ","kaynak":"ibb_iett","durak_kodu":"218631","ilce":"Beykoz","mahalle":"Fatih Mahallesi"}},{"type":"Feature","geometry":{"type":"Point","coordinates":[29.126295,41.151184]},"properties":{"id":"D0378","kategori":"durak","ad":"KARAKULAK CADDESİ","kaynak":"ibb_iett","durak_kodu":"219711","ilce":"Beykoz","mahalle":"Dereseki Mahallesi"}},{"type":"Feature","geometry":{"type":"Point","coordinates":[29.219894,41.169378]},"properties":{"id":"D0379","kategori":"durak","ad":"SİPAHİOĞLU CADDESİ","kaynak":"ibb_iett","durak_kodu":"285241","ilce":"Beykoz","mahalle":"Paşamandıra Mahallesi"}},{"type":"Feature","geometry":{"type":"Point","coordinates":[29.301295,41.151044]},"properties":{"id":"D0380","kategori":"durak","ad":"KILIÇLIKÖYÜ SAPAĞI","kaynak":"ibb_iett","durak_kodu":"202521","ilce":"Beykoz","mahalle":"Kılıçlı Mahallesi"}},{"type":"Feature","geometry":{"type":"Point","coordinates":[29.151237,41.148188]},"properties":{"id":"D0381","kategori":"durak","ad":"SIRMAKEŞ","kaynak":"ibb_iett","durak_kodu":"289141","ilce":"Beykoz","mahalle":"Örnekköy Mahallesi"}},{"type":"Feature","geometry":{"type":"Point","coordinates":[29.16317,41.18321]},"properties":{"id":"D0382","kategori":"durak","ad":"TAŞLIGEÇİT ÇIKMAZI","kaynak":"ibb_iett","durak_kodu":"215341","ilce":"Beykoz","mahalle":"Kaynarca Mahallesi"}},{"type":"Feature","geometry":{"type":"Point","coordinates":[29.067531,41.103243]},"properties":{"id":"D0383","kategori":"durak","ad":"BEYKOZ SAHİL BOYU","kaynak":"ibb_iett","durak_kodu":"219471","ilce":"Beykoz","mahalle":"Kanlıca Mahallesi"}},{"type":"Feature","geometry":{"type":"Point","coordinates":[29.110398,41.114289]},"properties":{"id":"D0384","kategori":"durak","ad":"SOĞUKSU MAHALLESİ","kaynak":"ibb_iett","durak_kodu":"221131","ilce":"Beykoz","mahalle":"İncirköy Mahallesi"}},{"type":"Feature","geometry":{"type":"Point","coordinates":[29.142397,41.193365]},"properties":{"id":"D0385","kategori":"durak","ad":"ÇAMLIK","kaynak":"ibb_iett","durak_kodu":"221951","ilce":"Beykoz","mahalle":"Poyrazköy Mahallesi"}},{"type":"Feature","geometry":{"type":"Point","coordinates":[29.136012,41.105902]},"properties":{"id":"D0386","kategori":"durak","ad":"ACARKENT E KAPISI","kaynak":"ibb_iett","durak_kodu":"218401","ilce":"Beykoz","mahalle":"Görele Mahallesi"}},{"type":"Feature","geometry":{"type":"Point","coordinates":[29.0875,41.147904]},"properties":{"id":"D0387","kategori":"durak","ad":"ORTAÇEŞME","kaynak":"ibb_iett","durak_kodu":"218891","ilce":"Beykoz","mahalle":"Ortaçeşme Mahallesi"}},{"type":"Feature","geometry":{"type":"Point","coordinates":[29.186233,40.980149]},"properties":{"id":"D0388","kategori":"durak","ad":"49.SOKAK","kaynak":"ibb_iett","durak_kodu":"285271","ilce":"Ataşehir","mahalle":"Ferhatpaşa Mahallesi"}},{"type":"Feature","geometry":{"type":"Point","coordinates":[29.11813,40.992436]},"properties":{"id":"D0389","kategori":"durak","ad":"ATAŞEHİR ATATÜRK MAHALLESİ","kaynak":"ibb_iett","durak_kodu":"205751","ilce":"Ataşehir","mahalle":"Atatürk Mahallesi"}},{"type":"Feature","geometry":{"type":"Point","coordinates":[29.093805,40.998839]},"properties":{"id":"D0390","kategori":"durak","ad":"ATAŞEHİR EVLENDİRME DAİRESİ","kaynak":"ibb_iett","durak_kodu":"210101","ilce":"Ataşehir","mahalle":"Mustafa Kemal Mahallesi"}},{"type":"Feature","geometry":{"type":"Point","coordinates":[29.113216,40.970919]},"properties":{"id":"D0391","kategori":"durak","ad":"YAHYA KEMAL BEYATLI ORTAOKULU","kaynak":"ibb_iett","durak_kodu":"226691","ilce":"Ataşehir","mahalle":"İçerenköy Mahallesi"}},{"type":"Feature","geometry":{"type":"Point","coordinates":[29.0822,41.0082]},"properties":{"id":"D0392","kategori":"durak","ad":"ŞAİR NAMIK KEMAL SOKAK","kaynak":"ibb_iett","durak_kodu":"263951","ilce":"Ataşehir","mahalle":"Esatpaşa Mahallesi"}},{"type":"Feature","geometry":{"type":"Point","coordinates":[29.126511,40.979545]},"properties":{"id":"D0393","kategori":"durak","ad":"İÇERENKÖY METRO-KÜÇÜKBAKKALKÖY MERKEZ CAMİ","kaynak":"ibb_iett","durak_kodu":"226431","ilce":"Ataşehir","mahalle":"Küçükbakkalköy Mahallesi"}},{"type":"Feature","geometry":{"type":"Point","coordinates":[29.176598,40.985953]},"properties":{"id":"D0394","kategori":"durak","ad":"KILIÇ REİS","kaynak":"ibb_iett","durak_kodu":"211461","ilce":"Ataşehir","mahalle":"Ferhatpaşa Mahallesi"}},{"type":"Feature","geometry":{"type":"Point","coordinates":[29.144175,40.977845]},"properties":{"id":"D0395","kategori":"durak","ad":"KAYIŞDAĞI YOLU","kaynak":"ibb_iett","durak_kodu":"208061","ilce":"Ataşehir","mahalle":"İnönü Mahallesi"}},{"type":"Feature","geometry":{"type":"Point","coordinates":[29.145406,40.994009]},"properties":{"id":"D0396","kategori":"durak","ad":"YENİŞEHİR MUHTARLIĞI","kaynak":"ibb_iett","durak_kodu":"210791","ilce":"Ataşehir","mahalle":"Yenişehir Mahallesi"}},{"type":"Feature","geometry":{"type":"Point","coordinates":[29.090342,40.989826]},"properties":{"id":"D0397","kategori":"durak","ad":"MERKEZ CAMİİ","kaynak":"ibb_iett","durak_kodu":"226921","ilce":"Ataşehir","mahalle":"Yenisahra Mahallesi"}},{"type":"Feature","geometry":{"type":"Point","coordinates":[29.106616,40.966867]},"properties":{"id":"D0398","kategori":"durak","ad":"BOSTANCI SANAYİ","kaynak":"ibb_iett","durak_kodu":"226791","ilce":"Ataşehir","mahalle":"İçerenköy Mahallesi"}},{"type":"Feature","geometry":{"type":"Point","coordinates":[29.135574,40.978808]},"properties":{"id":"D0399","kategori":"durak","ad":"GÜMRÜK ÜST KAPI","kaynak":"ibb_iett","durak_kodu":"211431","ilce":"Ataşehir","mahalle":"Kayışdağı Mahallesi"}},{"type":"Feature","geometry":{"type":"Point","coordinates":[29.130301,40.995943]},"properties":{"id":"D0400","kategori":"durak","ad":"KADIKÖY BELEDİYESİ HAYVAN BARINAĞI","kaynak":"ibb_iett","durak_kodu":"209992","ilce":"Ataşehir","mahalle":"Atatürk Mahallesi"}},{"type":"Feature","geometry":{"type":"Point","coordinates":[29.159277,40.990458]},"properties":{"id":"D0401","kategori":"durak","ad":"DURSUNBEY CADDESİ","kaynak":"ibb_iett","durak_kodu":"209691","ilce":"Ataşehir","mahalle":"Mevlana Mahallesi"}},{"type":"Feature","geometry":{"type":"Point","coordinates":[29.104227,40.995276]},"properties":{"id":"D0402","kategori":"durak","ad":"BATI ATAŞEHİR PERONLAR","kaynak":"ibb_iett","durak_kodu":"209541","ilce":"Ataşehir","mahalle":"Barbaros Mahallesi"}},{"type":"Feature","geometry":{"type":"Point","coordinates":[29.081919,40.997231]},"properties":{"id":"D0403","kategori":"durak","ad":"ÖĞRETMEN EVLERİ","kaynak":"ibb_iett","durak_kodu":"224571","ilce":"Ataşehir","mahalle":"Örnek Mahallesi"}},{"type":"Feature","geometry":{"type":"Point","coordinates":[28.963393,41.043735]},"properties":{"id":"D0404","kategori":"durak","ad":"KAPTANPAŞA","kaynak":"ibb_iett","durak_kodu":"118941","ilce":"Beyoğlu","mahalle":"Kaptanpaşa Mahallesi"}},{"type":"Feature","geometry":{"type":"Point","coordinates":[28.943724,41.048559]},"properties":{"id":"D0405","kategori":"durak","ad":"HALICIOĞLU 1","kaynak":"ibb_iett","durak_kodu":"180731","ilce":"Beyoğlu","mahalle":"Sütlüce Mahallesi"}},{"type":"Feature","geometry":{"type":"Point","coordinates":[28.978105,41.035817]},"properties":{"id":"D0406","kategori":"durak","ad":"ÖMER HAYYAM","kaynak":"ibb_iett","durak_kodu":"117461","ilce":"Beyoğlu","mahalle":"Hüseyinağa Mahallesi"}},{"type":"Feature","geometry":{"type":"Point","coordinates":[28.968352,41.034798]},"properties":{"id":"D0407","kategori":"durak","ad":"CAMİİ KEBİR","kaynak":"ibb_iett","durak_kodu":"119671","ilce":"Beyoğlu","mahalle":"Camiikebir Mahallesi"}},{"type":"Feature","geometry":{"type":"Point","coordinates":[28.948771,41.052675]},"properties":{"id":"D0408","kategori":"durak","ad":"BADEMLİK","kaynak":"ibb_iett","durak_kodu":"118651","ilce":"Beyoğlu","mahalle":"Sütlüce Mahallesi"}},{"type":"Feature","geometry":{"type":"Point","coordinates":[28.969919,41.028212]},"properties":{"id":"D0409","kategori":"durak","ad":"ŞİŞHANE 5","kaynak":"ibb_iett","durak_kodu":"166661","ilce":"Beyoğlu","mahalle":"Bedrettin Mahallesi"}},{"type":"Feature","geometry":{"type":"Point","coordinates":[28.962719,41.050839]},"properties":{"id":"D0410","kategori":"durak","ad":"PİYALEPAŞA CADDESİ","kaynak":"ibb_iett","durak_kodu":"119821","ilce":"Beyoğlu","mahalle":"Piyalepaşa Mahallesi"}},{"type":"Feature","geometry":{"type":"Point","coordinates":[28.988785,41.038449]},"properties":{"id":"D0411","kategori":"durak","ad":"TAKSİM GÜMÜŞSUYU","kaynak":"ibb_iett","durak_kodu":"322051","ilce":"Beyoğlu","mahalle":"Gümüşsuyu Mahallesi"}},{"type":"Feature","geometry":{"type":"Point","coordinates":[28.949942,41.042198]},"properties":{"id":"D0412","kategori":"durak","ad":"KIRMIZI MİNARE","kaynak":"ibb_iett","durak_kodu":"117541","ilce":"Beyoğlu","mahalle":"Piri Paşa Mahallesi"}},{"type":"Feature","geometry":{"type":"Point","coordinates":[28.948586,41.0627]},"properties":{"id":"D0413","kategori":"durak","ad":"HALİÇ PARKI","kaynak":"ibb_iett","durak_kodu":"119231","ilce":"Beyoğlu","mahalle":"Örnektepe Mahallesi"}},{"type":"Feature","geometry":{"type":"Point","coordinates":[29.007273,41.085371]},"properties":{"id":"D0414","kategori":"durak","ad":"4.LEVENT","kaynak":"ibb_iett","durak_kodu":"113324","ilce":"Şişli","mahalle":"Esentepe Mahallesi"}},{"type":"Feature","geometry":{"type":"Point","coordinates":[28.996596,41.070858]},"properties":{"id":"D0415","kategori":"durak","ad":"MECİDİYEKÖY ANADOLU LİSESİ","kaynak":"ibb_iett","durak_kodu":"121221","ilce":"Şişli","mahalle":"Mecidiyeköy Mahallesi"}},{"type":"Feature","geometry":{"type":"Point","coordinates":[28.983026,41.05339]},"properties":{"id":"D0416","kategori":"durak","ad":"BOZKURT","kaynak":"ibb_iett","durak_kodu":"119071","ilce":"Şişli","mahalle":"Duatepe Mahallesi"}},{"type":"Feature","geometry":{"type":"Point","coordinates":[29.001066,41.067585]},"properties":{"id":"D0417","kategori":"durak","ad":"ÇEVRE HASTANESİ","kaynak":"ibb_iett","durak_kodu":"121171","ilce":"Şişli","mahalle":"Mecidiyeköy Mahallesi"}},{"type":"Feature","geometry":{"type":"Point","coordinates":[28.968224,41.061812]},"properties":{"id":"D0418","kategori":"durak","ad":"PERPA 1","kaynak":"ibb_iett","durak_kodu":"177621","ilce":"Şişli","mahalle":"Halil Rıfat Paşa Mahallesi"}},{"type":"Feature","geometry":{"type":"Point","coordinates":[28.974639,41.060974]},"properties":{"id":"D0419","kategori":"durak","ad":"HALİDE EDİP ADIVAR İLKOKULU","kaynak":"ibb_iett","durak_kodu":"118892","ilce":"Şişli","mahalle":"Halide Edip Adıvar Mahallesi"}},{"type":"Feature","geometry":{"type":"Point","coordinates":[28.984812,41.047612]},"properties":{"id":"D0420","kategori":"durak","ad":"DOLAPDERE","kaynak":"ibb_iett","durak_kodu":"119791","ilce":"Şişli","mahalle":"Bozkurt Mahallesi"}},{"type":"Feature","geometry":{"type":"Point","coordinates":[28.986624,41.042858]},"properties":{"id":"D0421","kategori":"durak","ad":"ELMADAĞ","kaynak":"ibb_iett","durak_kodu":"117331","ilce":"Şişli","mahalle":"Harbiye Mahallesi"}},{"type":"Feature","geometry":{"type":"Point","coordinates":[29.012375,41.065247]},"properties":{"id":"D0422","kategori":"durak","ad":"ZİNCİRLİKUYU METROBÜS","kaynak":"ibb_iett","durak_kodu":"115411","ilce":"Şişli","mahalle":"Esentepe Mahallesi"}},{"type":"Feature","geometry":{"type":"Point","coordinates":[28.980235,41.067037]},"properties":{"id":"D0423","kategori":"durak","ad":"ÇAĞLAYAN YOLU","kaynak":"ibb_iett","durak_kodu":"118103","ilce":"Şişli","mahalle":"Merkez Mahallesi"}},{"type":"Feature","geometry":{"type":"Point","coordinates":[28.995262,41.065097]},"properties":{"id":"D0424","kategori":"durak","ad":"BAHÇELER SOKAK","kaynak":"ibb_iett","durak_kodu":"184331","ilce":"Şişli","mahalle":"Fulya Mahallesi"}},{"type":"Feature","geometry":{"type":"Point","coordinates":[28.97721,41.016045]},"properties":{"id":"D0425","kategori":"durak","ad":"SİRKECİ","kaynak":"ibb_iett","durak_kodu":"110621","ilce":"Fatih","mahalle":"Hocapaşa Mahallesi"}},{"type":"Feature","geometry":{"type":"Point","coordinates":[28.949167,41.001434]},"properties":{"id":"D0426","kategori":"durak","ad":"LANGA-DAVUTPAŞA","kaynak":"ibb_iett","durak_kodu":"105211","ilce":"Fatih","mahalle":"Aksaray Mahallesi"}},{"type":"Feature","geometry":{"type":"Point","coordinates":[28.929566,41.01676]},"properties":{"id":"D0427","kategori":"durak","ad":"TOPKAPI(TT)","kaynak":"ibb_iett","durak_kodu":"","ilce":"Fatih","mahalle":"Şehremini Mahallesi"}},{"type":"Feature","geometry":{"type":"Point","coordinates":[28.935623,41.006847]},"properties":{"id":"D0428","kategori":"durak","ad":"ALİ PAŞA CAMİİ","kaynak":"ibb_iett","durak_kodu":"105272","ilce":"Fatih","mahalle":"Seyyid Ömer Mahallesi"}},{"type":"Feature","geometry":{"type":"Point","coordinates":[28.959866,41.008594]},"properties":{"id":"D0429","kategori":"durak","ad":"NİŞANCA","kaynak":"ibb_iett","durak_kodu":"185741","ilce":"Fatih","mahalle":"Mimar Kemalettin Mahallesi"}},{"type":"Feature","geometry":{"type":"Point","coordinates":[28.930271,41.023567]},"properties":{"id":"D0430","kategori":"durak","ad":"ULUBATLI","kaynak":"ibb_iett","durak_kodu":"107231","ilce":"Fatih","mahalle":"Topkapı Mahallesi"}},{"type":"Feature","geometry":{"type":"Point","coordinates":[28.946434,41.03478]},"properties":{"id":"D0431","kategori":"durak","ad":"BALAT","kaynak":"ibb_iett","durak_kodu":"107282","ilce":"Fatih","mahalle":"Ayvansaray Mahallesi"}},{"type":"Feature","geometry":{"type":"Point","coordinates":[28.929682,40.997698]},"properties":{"id":"D0432","kategori":"durak","ad":"MERHABA","kaynak":"ibb_iett","durak_kodu":"105331","ilce":"Fatih","mahalle":"Koca Mustafapaşa Mahallesi"}},{"type":"Feature","geometry":{"type":"Point","coordinates":[28.953358,41.025825]},"properties":{"id":"D0433","kategori":"durak","ad":"ABDİSUBAŞI MAHALLESİ","kaynak":"ibb_iett","durak_kodu":"107651","ilce":"Fatih","mahalle":"Yavuz Sultan Selim Mahallesi"}},{"type":"Feature","geometry":{"type":"Point","coordinates":[28.950235,41.008863]},"properties":{"id":"D0434","kategori":"durak","ad":"İNEBEY","kaynak":"ibb_iett","durak_kodu":"108881","ilce":"Fatih","mahalle":"Aksaray Mahallesi"}},{"type":"Feature","geometry":{"type":"Point","coordinates":[28.936345,41.031079]},"properties":{"id":"D0435","kategori":"durak","ad":"EDİRNEKAPI SURİÇİ","kaynak":"ibb_iett","durak_kodu":"107691","ilce":"Fatih","mahalle":"Derviş Ali Mahallesi"}},{"type":"Feature","geometry":{"type":"Point","coordinates":[28.942522,41.071127]},"properties":{"id":"D0436","kategori":"durak","ad":"FİL KÖPRÜSÜ","kaynak":"ibb_iett","durak_kodu":"176442","ilce":"Eyüpsultan","mahalle":"Sakarya Mahallesi"}},{"type":"Feature","geometry":{"type":"Point","coordinates":[28.917794,41.195269]},"properties":{"id":"D0437","kategori":"durak","ad":"ORMAN DEPOSU","kaynak":"ibb_iett","durak_kodu":"121752","ilce":"Eyüpsultan","mahalle":"Mithatpaşa Mahallesi"}},{"type":"Feature","geometry":{"type":"Point","coordinates":[28.89302,41.183392]},"properties":{"id":"D0438","kategori":"durak","ad":"GÜL SOKAK","kaynak":"ibb_iett","durak_kodu":"120821","ilce":"Eyüpsultan","mahalle":"Göktürk Merkez Mahallesi"}},{"type":"Feature","geometry":{"type":"Point","coordinates":[28.953961,41.101889]},"properties":{"id":"D0439","kategori":"durak","ad":"HASDAL","kaynak":"ibb_iett","durak_kodu":"117752","ilce":"Eyüpsultan","mahalle":"5. Levent Mahallesi"}},{"type":"Feature","geometry":{"type":"Point","coordinates":[28.938293,41.034723]},"properties":{"id":"D0440","kategori":"durak","ad":"SAVAKLAR CADDESİ","kaynak":"ibb_iett","durak_kodu":"132511","ilce":"Eyüpsultan","mahalle":"Defterdar Mahallesi"}},{"type":"Feature","geometry":{"type":"Point","coordinates":[28.919918,41.160763]},"properties":{"id":"D0441","kategori":"durak","ad":"KEMERBURGAZ","kaynak":"ibb_iett","durak_kodu":"800721","ilce":"Eyüpsultan","mahalle":"Mithatpaşa Mahallesi"}},{"type":"Feature","geometry":{"type":"Point","coordinates":[28.873298,41.268362]},"properties":{"id":"D0442","kategori":"durak","ad":"KAVAKLIDERE SOKAK","kaynak":"ibb_iett","durak_kodu":"132461","ilce":"Eyüpsultan","mahalle":"Ağaçlı Mahallesi"}},{"type":"Feature","geometry":{"type":"Point","coordinates":[28.922429,41.09032]},"properties":{"id":"D0443","kategori":"durak","ad":"ADLİYECİLER SİTESİ","kaynak":"ibb_iett","durak_kodu":"120301","ilce":"Eyüpsultan","mahalle":"Akşemsettin Mahallesi"}},{"type":"Feature","geometry":{"type":"Point","coordinates":[28.93978,41.259164]},"properties":{"id":"D0444","kategori":"durak","ad":"ÇİFTALAN PLAJI","kaynak":"ibb_iett","durak_kodu":"192001","ilce":"Eyüpsultan","mahalle":"Çiftalan Mahallesi"}},{"type":"Feature","geometry":{"type":"Point","coordinates":[28.845975,41.249114]},"properties":{"id":"D0445","kategori":"durak","ad":"SARIÇAM SOKAK","kaynak":"ibb_iett","durak_kodu":"176741","ilce":"Eyüpsultan","mahalle":"Akpınar Mahallesi"}},{"type":"Feature","geometry":{"type":"Point","coordinates":[28.832209,41.22077]},"properties":{"id":"D0446","kategori":"durak","ad":"TUĞLA FABRİKASI","kaynak":"ibb_iett","durak_kodu":"120591","ilce":"Eyüpsultan","mahalle":"Işıklar Mahallesi"}},{"type":"Feature","geometry":{"type":"Point","coordinates":[28.877229,41.166813]},"properties":{"id":"D0447","kategori":"durak","ad":"ORMAN YOLU","kaynak":"ibb_iett","durak_kodu":"180811","ilce":"Eyüpsultan","mahalle":"Göktürk Merkez Mahallesi"}},{"type":"Feature","geometry":{"type":"Point","coordinates":[28.935211,41.144936]},"properties":{"id":"D0448","kategori":"durak","ad":"CENDERE ORMAN YOLU","kaynak":"ibb_iett","durak_kodu":"120521","ilce":"Eyüpsultan","mahalle":"Mimar Sinan Mahallesi"}},{"type":"Feature","geometry":{"type":"Point","coordinates":[28.833046,41.135503]},"properties":{"id":"D0449","kategori":"durak","ad":"BETÜL","kaynak":"ibb_iett","durak_kodu":"108791","ilce":"Eyüpsultan","mahalle":"Pirinççi Mahallesi"}},{"type":"Feature","geometry":{"type":"Point","coordinates":[28.859111,41.200947]},"properties":{"id":"D0450","kategori":"durak","ad":"İBB ATIK TESİSLERİ","kaynak":"ibb_iett","durak_kodu":"176661","ilce":"Eyüpsultan","mahalle":"Pirinççi Mahallesi"}},{"type":"Feature","geometry":{"type":"Point","coordinates":[28.928478,41.050856]},"properties":{"id":"D0451","kategori":"durak","ad":"İSLAMBEY","kaynak":"ibb_iett","durak_kodu":"120781","ilce":"Eyüpsultan","mahalle":"İslambey Mahallesi"}},{"type":"Feature","geometry":{"type":"Point","coordinates":[28.814258,41.27753]},"properties":{"id":"D0452","kategori":"durak","ad":"AKPINAR KÖYÜ MEZARLIĞI","kaynak":"ibb_iett","durak_kodu":"185661","ilce":"Eyüpsultan","mahalle":"Akpınar Mahallesi"}},{"type":"Feature","geometry":{"type":"Point","coordinates":[28.809083,41.239744]},"properties":{"id":"D0453","kategori":"durak","ad":"İHSANİYE KÖYÜ","kaynak":"ibb_iett","durak_kodu":"119921","ilce":"Eyüpsultan","mahalle":"İhsaniye Mahallesi"}},{"type":"Feature","geometry":{"type":"Point","coordinates":[28.920128,41.067938]},"properties":{"id":"D0454","kategori":"durak","ad":"SEFA KÖPRÜSÜ","kaynak":"ibb_iett","durak_kodu":"119651","ilce":"Eyüpsultan","mahalle":"Yeşilpınar Mahallesi"}},{"type":"Feature","geometry":{"type":"Point","coordinates":[29.21706,40.98337]},"properties":{"id":"D0455","kategori":"durak","ad":"ABDULHAMİT CADDESİ","kaynak":"ibb_iett","durak_kodu":"263291","ilce":"Sancaktepe","mahalle":"Eyüp Sultan Mahallesi"}},{"type":"Feature","geometry":{"type":"Point","coordinates":[29.234569,41.016749]},"properties":{"id":"D0456","kategori":"durak","ad":"ATATÜRK MAHALLESİ","kaynak":"ibb_iett","durak_kodu":"801511","ilce":"Sancaktepe","mahalle":"Atatürk Mahallesi"}},{"type":"Feature","geometry":{"type":"Point","coordinates":[29.230417,40.984493]},"properties":{"id":"D0457","kategori":"durak","ad":"SAMANDIRA","kaynak":"ibb_iett","durak_kodu":"204132","ilce":"Sancaktepe","mahalle":"Eyüp Sultan Mahallesi"}},{"type":"Feature","geometry":{"type":"Point","coordinates":[29.234838,40.966384]},"properties":{"id":"D0458","kategori":"durak","ad":"TOMURCUK SOKAK","kaynak":"ibb_iett","durak_kodu":"286081","ilce":"Sancaktepe","mahalle":"Akpınar Mahallesi"}},{"type":"Feature","geometry":{"type":"Point","coordinates":[29.227301,41.000186]},"properties":{"id":"D0459","kategori":"durak","ad":"ŞEHİT ER HASAN GENÇ İLKOKULU","kaynak":"ibb_iett","durak_kodu":"204881","ilce":"Sancaktepe","mahalle":"Abdurrahmangazi Mahallesi"}},{"type":"Feature","geometry":{"type":"Point","coordinates":[29.211074,40.975437]},"properties":{"id":"D0460","kategori":"durak","ad":"BÜYÜKBAKKALKÖY DÖRTYOL","kaynak":"ibb_iett","durak_kodu":"289991","ilce":"Sancaktepe","mahalle":"Eyüp Sultan Mahallesi"}},{"type":"Feature","geometry":{"type":"Point","coordinates":[29.197783,40.997858]},"properties":{"id":"D0461","kategori":"durak","ad":"GEDİZ SOKAK","kaynak":"ibb_iett","durak_kodu":"217991","ilce":"Sancaktepe","mahalle":"Emek Mahallesi"}},{"type":"Feature","geometry":{"type":"Point","coordinates":[29.232403,40.975537]},"properties":{"id":"D0462","kategori":"durak","ad":"HASAN BASRİ CADDESİ","kaynak":"ibb_iett","durak_kodu":"229871","ilce":"Sancaktepe","mahalle":"Akpınar Mahallesi"}},{"type":"Feature","geometry":{"type":"Point","coordinates":[29.244671,41.007514]},"properties":{"id":"D0463","kategori":"durak","ad":"VİLLALAR","kaynak":"ibb_iett","durak_kodu":"216081","ilce":"Sancaktepe","mahalle":"Safa Mahallesi"}},{"type":"Feature","geometry":{"type":"Point","coordinates":[29.249555,40.990538]},"properties":{"id":"D0464","kategori":"durak","ad":"HIZIR REİS SOKAK","kaynak":"ibb_iett","durak_kodu":"261521","ilce":"Sancaktepe","mahalle":"Osmangazi Mahallesi"}},{"type":"Feature","geometry":{"type":"Point","coordinates":[29.196898,41.013214]},"properties":{"id":"D0465","kategori":"durak","ad":"TERAZİLER CADDESİ","kaynak":"ibb_iett","durak_kodu":"204401","ilce":"Sancaktepe","mahalle":"Meclis Mahallesi"}},{"type":"Feature","geometry":{"type":"Point","coordinates":[29.265715,41.018525]},"properties":{"id":"D0466","kategori":"durak","ad":"YENİDOĞAN ŞEHİT EMRE BAYSAL ANADOLU LİSESİ","kaynak":"ibb_iett","durak_kodu":"291581","ilce":"Sancaktepe","mahalle":"Hilal Mahallesi"}},{"type":"Feature","geometry":{"type":"Point","coordinates":[29.257642,41.000004]},"properties":{"id":"D0467","kategori":"durak","ad":"POLAT CADDESİ","kaynak":"ibb_iett","durak_kodu":"290121","ilce":"Sancaktepe","mahalle":"Osmangazi Mahallesi"}},{"type":"Feature","geometry":{"type":"Point","coordinates":[29.247487,41.020023]},"properties":{"id":"D0468","kategori":"durak","ad":"ÇİMEN SOKAK","kaynak":"ibb_iett","durak_kodu":"202111","ilce":"Sancaktepe","mahalle":"Hilal Mahallesi"}},{"type":"Feature","geometry":{"type":"Point","coordinates":[29.278846,41.003069]},"properties":{"id":"D0469","kategori":"durak","ad":"PAŞAKÖY KURBAN SATIŞ ALANI","kaynak":"ibb_iett","durak_kodu":"289431","ilce":"Sancaktepe","mahalle":"Paşaköy Mahallesi"}},{"type":"Feature","geometry":{"type":"Point","coordinates":[29.246746,40.971956]},"properties":{"id":"D0470","kategori":"durak","ad":"ASİL TÜRK CADDESİ","kaynak":"ibb_iett","durak_kodu":"204181","ilce":"Sancaktepe","mahalle":"Veysel Karani Mahallesi"}},{"type":"Feature","geometry":{"type":"Point","coordinates":[28.963149,41.05848]},"properties":{"id":"D0471","kategori":"durak","ad":"KESGİNGİL CADDESİ","kaynak":"ibb_iett","durak_kodu":"117881","ilce":"Kâğıthane","mahalle":"Talatpaşa Mahallesi"}},{"type":"Feature","geometry":{"type":"Point","coordinates":[28.960347,41.071728]},"properties":{"id":"D0472","kategori":"durak","ad":"SADABAD EVLERİ","kaynak":"ibb_iett","durak_kodu":"121101","ilce":"Kâğıthane","mahalle":"Nurtepe Mahallesi"}},{"type":"Feature","geometry":{"type":"Point","coordinates":[29.004238,41.079979]},"properties":{"id":"D0473","kategori":"durak","ad":"ÇAKMAK CADDESİ","kaynak":"ibb_iett","durak_kodu":"165271","ilce":"Kâğıthane","mahalle":"Ortabayır Mahallesi"}},{"type":"Feature","geometry":{"type":"Point","coordinates":[28.98499,41.091724]},"properties":{"id":"D0474","kategori":"durak","ad":"SEYRANTEPE KAVŞAK","kaynak":"ibb_iett","durak_kodu":"116781","ilce":"Kâğıthane","mahalle":"Seyrantepe Mahallesi"}},{"type":"Feature","geometry":{"type":"Point","coordinates":[28.988867,41.083105]},"properties":{"id":"D0475","kategori":"durak","ad":"YAHYA KEMAL YOKUŞU-ŞEHİT MEHMET ALİ KILIÇ","kaynak":"ibb_iett","durak_kodu":"116481","ilce":"Kâğıthane","mahalle":"Yahya Kemal Mahallesi"}},{"type":"Feature","geometry":{"type":"Point","coordinates":[28.996678,41.099408]},"properties":{"id":"D0476","kategori":"durak","ad":"SEYRANTEPE MERKEZ CAMİİ","kaynak":"ibb_iett","durak_kodu":"114731","ilce":"Kâğıthane","mahalle":"Seyrantepe Mahallesi"}},{"type":"Feature","geometry":{"type":"Point","coordinates":[28.980817,41.082159]},"properties":{"id":"D0477","kategori":"durak","ad":"FAZİLET PARKI","kaynak":"ibb_iett","durak_kodu":"119891","ilce":"Kâğıthane","mahalle":"Merkez Mahallesi"}},{"type":"Feature","geometry":{"type":"Point","coordinates":[28.997712,41.081559]},"properties":{"id":"D0478","kategori":"durak","ad":"GENÇ OSMAN CADDESİ","kaynak":"ibb_iett","durak_kodu":"115741","ilce":"Kâğıthane","mahalle":"Çeliktepe Mahallesi"}},{"type":"Feature","geometry":{"type":"Point","coordinates":[28.969793,41.076607]},"properties":{"id":"D0479","kategori":"durak","ad":"KAĞITHANE PARK","kaynak":"ibb_iett","durak_kodu":"119641","ilce":"Kâğıthane","mahalle":"Merkez Mahallesi"}},{"type":"Feature","geometry":{"type":"Point","coordinates":[28.969612,41.064082]},"properties":{"id":"D0480","kategori":"durak","ad":"OKMEYDANI DEREYOLU","kaynak":"ibb_iett","durak_kodu":"118782","ilce":"Kâğıthane","mahalle":"Talatpaşa Mahallesi"}},{"type":"Feature","geometry":{"type":"Point","coordinates":[28.991076,41.09457]},"properties":{"id":"D0481","kategori":"durak","ad":"BARBAROS  CADDESİ","kaynak":"ibb_iett","durak_kodu":"177001","ilce":"Kâğıthane","mahalle":"Sultan Selim Mahallesi"}},{"type":"Feature","geometry":{"type":"Point","coordinates":[28.974313,41.067957]},"properties":{"id":"D0482","kategori":"durak","ad":"28 NİSAN CADDESİ","kaynak":"ibb_iett","durak_kodu":"191771","ilce":"Kâğıthane","mahalle":"Gürsel Mahallesi"}},{"type":"Feature","geometry":{"type":"Point","coordinates":[28.982673,41.077247]},"properties":{"id":"D0483","kategori":"durak","ad":"VATAN CADDESİ","kaynak":"ibb_iett","durak_kodu":"118171","ilce":"Kâğıthane","mahalle":"Çağlayan Mahallesi"}},{"type":"Feature","geometry":{"type":"Point","coordinates":[28.212669,41.368654]},"properties":{"id":"D0484","kategori":"durak","ad":"HALLAÇLI SAPAĞI","kaynak":"ibb_iett","durak_kodu":"133281","ilce":"Çatalca","mahalle":"Aydınlar Mahallesi"}},{"type":"Feature","geometry":{"type":"Point","coordinates":[28.524583,41.225584]},"properties":{"id":"D0485","kategori":"durak","ad":"ÖRCÜNLÜ","kaynak":"ibb_iett","durak_kodu":"188971","ilce":"Çatalca","mahalle":"Örcünlü Mahallesi"}},{"type":"Feature","geometry":{"type":"Point","coordinates":[28.103761,41.318163]},"properties":{"id":"D0486","kategori":"durak","ad":"SEBAT SOKAK","kaynak":"ibb_iett","durak_kodu":"188841","ilce":"Çatalca","mahalle":"Hallaçlı Mahallesi"}},{"type":"Feature","geometry":{"type":"Point","coordinates":[28.407266,41.340209]},"properties":{"id":"D0487","kategori":"durak","ad":"ÇİFTLİKKÖY SANAL GARAJI","kaynak":"ibb_iett","durak_kodu":"","ilce":"Çatalca","mahalle":"Çiftlikköy"}},{"type":"Feature","geometry":{"type":"Point","coordinates":[28.497136,41.189838]},"properties":{"id":"D0488","kategori":"durak","ad":"YOLALTI SOKAK","kaynak":"ibb_iett","durak_kodu":"191381","ilce":"Çatalca","mahalle":"İzzettin Mahallesi"}},{"type":"Feature","geometry":{"type":"Point","coordinates":[28.422951,41.178948]},"properties":{"id":"D0489","kategori":"durak","ad":"BAĞLAR CADDESİ","kaynak":"ibb_iett","durak_kodu":"179141","ilce":"Çatalca","mahalle":"İnceğiz Mahallesi"}},{"type":"Feature","geometry":{"type":"Point","coordinates":[28.295849,41.477345]},"properties":{"id":"D0490","kategori":"durak","ad":"YALIKÖY","kaynak":"ibb_iett","durak_kodu":"128831","ilce":"Çatalca","mahalle":"Yalıköy Mahallesi"}},{"type":"Feature","geometry":{"type":"Point","coordinates":[28.459224,41.145385]},"properties":{"id":"D0491","kategori":"durak","ad":"ÇATALCA KAYMAKAMLIĞI","kaynak":"ibb_iett","durak_kodu":"129671","ilce":"Çatalca","mahalle":"Kaleiçi Mahallesi"}},{"type":"Feature","geometry":{"type":"Point","coordinates":[28.285583,41.312185]},"properties":{"id":"D0492","kategori":"durak","ad":"ŞÜHEDA SOKAK","kaynak":"ibb_iett","durak_kodu":"191801","ilce":"Çatalca","mahalle":"Gümüşpınar Mahallesi"}},{"type":"Feature","geometry":{"type":"Point","coordinates":[28.399763,41.257802]},"properties":{"id":"D0493","kategori":"durak","ad":"AKALAN İHSANİYE YOLU","kaynak":"ibb_iett","durak_kodu":"188122","ilce":"Çatalca","mahalle":"Akalan Mahallesi"}},{"type":"Feature","geometry":{"type":"Point","coordinates":[28.483509,41.271455]},"properties":{"id":"D0494","kategori":"durak","ad":"DAĞYENİCE","kaynak":"ibb_iett","durak_kodu":"128761","ilce":"Çatalca","mahalle":"Dağyenice Mahallesi"}},{"type":"Feature","geometry":{"type":"Point","coordinates":[28.448699,41.391218]},"properties":{"id":"D0495","kategori":"durak","ad":"ORMANLI GİRİŞ","kaynak":"ibb_iett","durak_kodu":"101901","ilce":"Çatalca","mahalle":"Ormanlı Mahallesi"}},{"type":"Feature","geometry":{"type":"Point","coordinates":[28.386092,41.381223]},"properties":{"id":"D0496","kategori":"durak","ad":"MIZRAK SOKAK","kaynak":"ibb_iett","durak_kodu":"192241","ilce":"Çatalca","mahalle":"Belgrat Mahallesi"}},{"type":"Feature","geometry":{"type":"Point","coordinates":[28.480868,41.328375]},"properties":{"id":"D0497","kategori":"durak","ad":"TEPEBAŞI","kaynak":"ibb_iett","durak_kodu":"181711","ilce":"Çatalca","mahalle":"Örencik Mahallesi"}},{"type":"Feature","geometry":{"type":"Point","coordinates":[28.785475,41.045261]},"properties":{"id":"D0498","kategori":"durak","ad":"DEFNE-1 EVLERİ","kaynak":"ibb_iett","durak_kodu":"100941","ilce":"Küçükçekmece","mahalle":"Atakent Mahallesi"}},{"type":"Feature","geometry":{"type":"Point","coordinates":[28.79326,40.999771]},"properties":{"id":"D0499","kategori":"durak","ad":"GÜLTEPE MAHALLESİ","kaynak":"ibb_iett","durak_kodu":"178271","ilce":"Küçükçekmece","mahalle":"Kemalpaşa Mahallesi"}},{"type":"Feature","geometry":{"type":"Point","coordinates":[28.783348,41.062236]},"properties":{"id":"D0500","kategori":"durak","ad":"KÜÇÜKÇEKMECE TEM YOL","kaynak":"ibb_iett","durak_kodu":"105121","ilce":"Küçükçekmece","mahalle":"Atakent Mahallesi"}},{"type":"Feature","geometry":{"type":"Point","coordinates":[28.804049,41.02989]},"properties":{"id":"D0501","kategori":"durak","ad":"FATİH CADDESİ","kaynak":"ibb_iett","durak_kodu":"125481","ilce":"Küçükçekmece","mahalle":"Halkalı Merkez Mahallesi"}},{"type":"Feature","geometry":{"type":"Point","coordinates":[28.793918,41.052777]},"properties":{"id":"D0502","kategori":"durak","ad":"TURNA SOKAK","kaynak":"ibb_iett","durak_kodu":"181601","ilce":"Küçükçekmece","mahalle":"Atatürk Mahallesi"}},{"type":"Feature","geometry":{"type":"Point","coordinates":[28.758679,41.04401]},"properties":{"id":"D0503","kategori":"durak","ad":"FATİH CADDESİ","kaynak":"ibb_iett","durak_kodu":"131521","ilce":"Küçükçekmece","mahalle":"Yarımburgaz Mahallesi"}},{"type":"Feature","geometry":{"type":"Point","coordinates":[28.786353,41.017956]},"properties":{"id":"D0504","kategori":"durak","ad":"YEŞİL CAMİİ","kaynak":"ibb_iett","durak_kodu":"124091","ilce":"Küçükçekmece","mahalle":"Söğütlü Çeşme Mahallesi"}},{"type":"Feature","geometry":{"type":"Point","coordinates":[28.749097,41.046516]},"properties":{"id":"D0505","kategori":"durak","ad":"İSTANBUL CADDESİ","kaynak":"ibb_iett","durak_kodu":"124351","ilce":"Küçükçekmece","mahalle":"Yarımburgaz Mahallesi"}},{"type":"Feature","geometry":{"type":"Point","coordinates":[28.796456,41.024863]},"properties":{"id":"D0506","kategori":"durak","ad":"PAZAR YOLU","kaynak":"ibb_iett","durak_kodu":"124231","ilce":"Küçükçekmece","mahalle":"İnönü Mahallesi"}},{"type":"Feature","geometry":{"type":"Point","coordinates":[28.800421,41.040745]},"properties":{"id":"D0507","kategori":"durak","ad":"HAYAT PARKI","kaynak":"ibb_iett","durak_kodu":"181791","ilce":"Küçükçekmece","mahalle":"Halkalı Merkez Mahallesi"}},{"type":"Feature","geometry":{"type":"Point","coordinates":[28.810192,41.037923]},"properties":{"id":"D0508","kategori":"durak","ad":"BASIN EKSPRES YOLU","kaynak":"ibb_iett","durak_kodu":"130321","ilce":"Küçükçekmece","mahalle":"Halkalı Merkez Mahallesi"}},{"type":"Feature","geometry":{"type":"Point","coordinates":[28.803949,41.050857]},"properties":{"id":"D0509","kategori":"durak","ad":"BİLGE SOKAK","kaynak":"ibb_iett","durak_kodu":"125941","ilce":"Küçükçekmece","mahalle":"Atatürk Mahallesi"}},{"type":"Feature","geometry":{"type":"Point","coordinates":[28.771001,41.033258]},"properties":{"id":"D0510","kategori":"durak","ad":"YENİDOĞAN","kaynak":"ibb_iett","durak_kodu":"124411","ilce":"Küçükçekmece","mahalle":"İstasyon Mahallesi"}},{"type":"Feature","geometry":{"type":"Point","coordinates":[28.771356,41.001039]},"properties":{"id":"D0511","kategori":"durak","ad":"SOĞUKSU","kaynak":"ibb_iett","durak_kodu":"103761","ilce":"Küçükçekmece","mahalle":"Cumhuriyet Mahallesi"}},{"type":"Feature","geometry":{"type":"Point","coordinates":[28.74908,41.057257]},"properties":{"id":"D0512","kategori":"durak","ad":"KÜÇÜKÇEKMECE GÖLÜ","kaynak":"ibb_iett","durak_kodu":"126791","ilce":"Küçükçekmece","mahalle":"Yarımburgaz Mahallesi"}},{"type":"Feature","geometry":{"type":"Point","coordinates":[28.774262,40.985116]},"properties":{"id":"D0513","kategori":"durak","ad":"KÜÇÜKÇEKMECE KÖPRÜSÜ","kaynak":"ibb_iett","durak_kodu":"103881","ilce":"Küçükçekmece","mahalle":"Fatih Mahallesi"}},{"type":"Feature","geometry":{"type":"Point","coordinates":[28.807598,41.00725]},"properties":{"id":"D0514","kategori":"durak","ad":"HASAN GÜREL İLKOKULU","kaynak":"ibb_iett","durak_kodu":"123021","ilce":"Küçükçekmece","mahalle":"Tevfikbey Mahallesi"}},{"type":"Feature","geometry":{"type":"Point","coordinates":[28.664314,41.006661]},"properties":{"id":"D0515","kategori":"durak","ad":"GÜZELYURT","kaynak":"ibb_iett","durak_kodu":"122801","ilce":"Beylikdüzü","mahalle":"Yakuplu Mahallesi"}},{"type":"Feature","geometry":{"type":"Point","coordinates":[28.638768,40.968635]},"properties":{"id":"D0516","kategori":"durak","ad":"YAŞAM VADİSİ 4","kaynak":"ibb_iett","durak_kodu":"185951","ilce":"Beylikdüzü","mahalle":"Kavaklı Mahallesi"}},{"type":"Feature","geometry":{"type":"Point","coordinates":[28.657192,40.982182]},"properties":{"id":"D0517","kategori":"durak","ad":"YEŞİLYURT CADDESİ","kaynak":"ibb_iett","durak_kodu":"104161","ilce":"Beylikdüzü","mahalle":"Kavaklı Mahallesi"}},{"type":"Feature","geometry":{"type":"Point","coordinates":[28.603824,40.984925]},"properties":{"id":"D0518","kategori":"durak","ad":"YAHYA KEMAL BEYATLI CADDESİ","kaynak":"ibb_iett","durak_kodu":"131601","ilce":"Beylikdüzü","mahalle":"Gürpınar Mahallesi"}},{"type":"Feature","geometry":{"type":"Point","coordinates":[28.649657,40.995633]},"properties":{"id":"D0519","kategori":"durak","ad":"SEÇKİNLER SİTESİ","kaynak":"ibb_iett","durak_kodu":"127581","ilce":"Beylikdüzü","mahalle":"Barış Mahallesi"}},{"type":"Feature","geometry":{"type":"Point","coordinates":[28.66164,40.975662]},"properties":{"id":"D0520","kategori":"durak","ad":"212.SOKAK","kaynak":"ibb_iett","durak_kodu":"186391","ilce":"Beylikdüzü","mahalle":"Marmara Mahallesi"}},{"type":"Feature","geometry":{"type":"Point","coordinates":[28.668191,40.98962]},"properties":{"id":"D0521","kategori":"durak","ad":"YAKUPLU KAVŞAK","kaynak":"ibb_iett","durak_kodu":"100491","ilce":"Beylikdüzü","mahalle":"Yakuplu Mahallesi"}},{"type":"Feature","geometry":{"type":"Point","coordinates":[28.626436,40.989629]},"properties":{"id":"D0522","kategori":"durak","ad":"DİŞ KLİNİĞİ","kaynak":"ibb_iett","durak_kodu":"164821","ilce":"Beylikdüzü","mahalle":"Adnan Kahveci Mahallesi"}},{"type":"Feature","geometry":{"type":"Point","coordinates":[28.626033,41.00285]},"properties":{"id":"D0523","kategori":"durak","ad":"ANADOLU CADDESİ","kaynak":"ibb_iett","durak_kodu":"100291","ilce":"Beylikdüzü","mahalle":"Adnan Kahveci Mahallesi"}},{"type":"Feature","geometry":{"type":"Point","coordinates":[28.643908,41.012534]},"properties":{"id":"D0524","kategori":"durak","ad":"EMLAKBANK KONUTLARI","kaynak":"ibb_iett","durak_kodu":"126951","ilce":"Beylikdüzü","mahalle":"Büyükşehir Mahallesi"}},{"type":"Feature","geometry":{"type":"Point","coordinates":[28.680248,40.987234]},"properties":{"id":"D0525","kategori":"durak","ad":"GÜZELYAYLA","kaynak":"ibb_iett","durak_kodu":"100101","ilce":"Beylikdüzü","mahalle":"Yakuplu Mahallesi"}},{"type":"Feature","geometry":{"type":"Point","coordinates":[28.638293,40.98086]},"properties":{"id":"D0526","kategori":"durak","ad":"KAVAKLI MEYDAN","kaynak":"ibb_iett","durak_kodu":"176121","ilce":"Beylikdüzü","mahalle":"Kavaklı Mahallesi"}},{"type":"Feature","geometry":{"type":"Point","coordinates":[28.642636,41.001028]},"properties":{"id":"D0527","kategori":"durak","ad":"CUMHURİYET MEYDANI","kaynak":"ibb_iett","durak_kodu":"111131","ilce":"Beylikdüzü","mahalle":"Büyükşehir Mahallesi"}},{"type":"Feature","geometry":{"type":"Point","coordinates":[28.59879,40.970313]},"properties":{"id":"D0528","kategori":"durak","ad":"DENİZYOLU CADDESİ","kaynak":"ibb_iett","durak_kodu":"183071","ilce":"Beylikdüzü","mahalle":"Dereağzı Mahallesi"}},{"type":"Feature","geometry":{"type":"Point","coordinates":[28.608376,40.967456]},"properties":{"id":"D0529","kategori":"durak","ad":"BEYLİKDÜZÜ","kaynak":"ibb_iett","durak_kodu":"","ilce":"Beylikdüzü","mahalle":"Dereağzı Mahallesi"}},{"type":"Feature","geometry":{"type":"Point","coordinates":[28.909942,41.015393]},"properties":{"id":"D0530","kategori":"durak","ad":"CEVİZLİBAĞ","kaynak":"ibb_iett","durak_kodu":"108202","ilce":"Zeytinburnu","mahalle":"Merkezefendi Mahallesi"}},{"type":"Feature","geometry":{"type":"Point","coordinates":[28.916572,41.000107]},"properties":{"id":"D0531","kategori":"durak","ad":"GÖĞÜS HASTANESİ","kaynak":"ibb_iett","durak_kodu":"107821","ilce":"Zeytinburnu","mahalle":"Kazlıçeşme Mahallesi"}},{"type":"Feature","geometry":{"type":"Point","coordinates":[28.905129,40.993066]},"properties":{"id":"D0532","kategori":"durak","ad":"ŞEHİT ADİL BÜYÜK CENGİZ","kaynak":"ibb_iett","durak_kodu":"109251","ilce":"Zeytinburnu","mahalle":"Gökalp Mahallesi"}},{"type":"Feature","geometry":{"type":"Point","coordinates":[28.921322,41.023803]},"properties":{"id":"D0533","kategori":"durak","ad":"BAYRAMPAŞA - MALTEPE / KOÇ ÜNİVERSİTESİ HASTANESİ","kaynak":"ibb_iett","durak_kodu":"900171","ilce":"Zeytinburnu","mahalle":"Maltepe Mahallesi"}},{"type":"Feature","geometry":{"type":"Point","coordinates":[28.895449,40.985001]},"properties":{"id":"D0534","kategori":"durak","ad":"ŞEHİT ER YAVUZ BAHAR CADDESİ","kaynak":"ibb_iett","durak_kodu":"108721","ilce":"Zeytinburnu","mahalle":"Sümer Mahallesi"}},{"type":"Feature","geometry":{"type":"Point","coordinates":[28.894134,40.992133]},"properties":{"id":"D0535","kategori":"durak","ad":"MATBAACILAR","kaynak":"ibb_iett","durak_kodu":"109281","ilce":"Zeytinburnu","mahalle":"Sümer Mahallesi"}},{"type":"Feature","geometry":{"type":"Point","coordinates":[28.903686,41.016785]},"properties":{"id":"D0536","kategori":"durak","ad":"324.SOKAK","kaynak":"ibb_iett","durak_kodu":"176521","ilce":"Zeytinburnu","mahalle":"Maltepe Mahallesi"}},{"type":"Feature","geometry":{"type":"Point","coordinates":[28.91844,40.992033]},"properties":{"id":"D0537","kategori":"durak","ad":"KAZLIÇEŞME MARMARAY","kaynak":"ibb_iett","durak_kodu":"301241","ilce":"Zeytinburnu","mahalle":"Kazlıçeşme Mahallesi"}},{"type":"Feature","geometry":{"type":"Point","coordinates":[28.92225,41.016634]},"properties":{"id":"D0538","kategori":"durak","ad":"TOPKAPI ZEYTİNBURNU","kaynak":"ibb_iett","durak_kodu":"106851","ilce":"Zeytinburnu","mahalle":"Merkezefendi Mahallesi"}},{"type":"Feature","geometry":{"type":"Point","coordinates":[28.893376,41.000564]},"properties":{"id":"D0539","kategori":"durak","ad":"ÇIRPICI","kaynak":"ibb_iett","durak_kodu":"108831","ilce":"Zeytinburnu","mahalle":"Çırpıcı Mahallesi"}},{"type":"Feature","geometry":{"type":"Point","coordinates":[29.130916,40.869282]},"properties":{"id":"D0540","kategori":"durak","ad":"ERDAL BAKKAL","kaynak":"ibb_iett","durak_kodu":"286911","ilce":"Adalar","mahalle":"Nizam Mahallesi"}},{"type":"Feature","geometry":{"type":"Point","coordinates":[29.124812,40.853216]},"properties":{"id":"D0541","kategori":"durak","ad":"NİKOLA MANASTIR YOLU - BELTUR","kaynak":"ibb_iett","durak_kodu":"286421","ilce":"Adalar","mahalle":"Maden Mahallesi"}},{"type":"Feature","geometry":{"type":"Point","coordinates":[29.114758,40.849676]},"properties":{"id":"D0542","kategori":"durak","ad":"ESKİBAĞ SEYİR TERASI","kaynak":"ibb_iett","durak_kodu":"286401","ilce":"Adalar","mahalle":"Nizam Mahallesi"}},{"type":"Feature","geometry":{"type":"Point","coordinates":[29.063185,40.884041]},"properties":{"id":"D0543","kategori":"durak","ad":"İLKOKUL","kaynak":"ibb_iett","durak_kodu":"286671","ilce":"Adalar","mahalle":"Burgazada Mahallesi"}},{"type":"Feature","geometry":{"type":"Point","coordinates":[29.125552,40.865288]},"properties":{"id":"D0544","kategori":"durak","ad":"YAVERBEY SOKAK","kaynak":"ibb_iett","durak_kodu":"291801","ilce":"Adalar","mahalle":"Nizam Mahallesi"}},{"type":"Feature","geometry":{"type":"Point","coordinates":[29.067745,40.87981]},"properties":{"id":"D0545","kategori":"durak","ad":"PAZAR YOLU","kaynak":"ibb_iett","durak_kodu":"287041","ilce":"Adalar","mahalle":"Burgazada Mahallesi"}},{"type":"Feature","geometry":{"type":"Point","coordinates":[29.092612,40.883824]},"properties":{"id":"D0546","kategori":"durak","ad":"DEĞİRMENBURNU 1","kaynak":"ibb_iett","durak_kodu":"287591","ilce":"Adalar","mahalle":"Heybeliada Mahallesi"}},{"type":"Feature","geometry":{"type":"Point","coordinates":[29.091823,40.869747]},"properties":{"id":"D0547","kategori":"durak","ad":"HASTANE","kaynak":"ibb_iett","durak_kodu":"286561","ilce":"Adalar","mahalle":"Heybeliada Mahallesi"}},{"type":"Feature","geometry":{"type":"Point","coordinates":[29.080963,40.871227]},"properties":{"id":"D0548","kategori":"durak","ad":"SEYİR TERASI 2","kaynak":"ibb_iett","durak_kodu":"286871","ilce":"Adalar","mahalle":"Heybeliada Mahallesi"}},{"type":"Feature","geometry":{"type":"Point","coordinates":[29.100038,40.876123]},"properties":{"id":"D0549","kategori":"durak","ad":"İTFAİYE","kaynak":"ibb_iett","durak_kodu":"286611","ilce":"Adalar","mahalle":"Heybeliada Mahallesi"}},{"type":"Feature","geometry":{"type":"Point","coordinates":[29.116889,40.85931]},"properties":{"id":"D0550","kategori":"durak","ad":"YÖRÜKALİ SOKAK","kaynak":"ibb_iett","durak_kodu":"291941","ilce":"Adalar","mahalle":"Nizam Mahallesi"}},{"type":"Feature","geometry":{"type":"Point","coordinates":[29.035742,41.074917]},"properties":{"id":"D0551","kategori":"durak","ad":"HAREKET SITESI","kaynak":"ibb_iett","durak_kodu":"113652","ilce":"Beşiktaş","mahalle":"Kültür Mahallesi"}},{"type":"Feature","geometry":{"type":"Point","coordinates":[29.009672,41.086904]},"properties":{"id":"D0552","kategori":"durak","ad":"4.LEVENT","kaynak":"ibb_iett","durak_kodu":"113321","ilce":"Beşiktaş","mahalle":"Konaklar Mahallesi"}},{"type":"Feature","geometry":{"type":"Point","coordinates":[29.028889,41.077016]},"properties":{"id":"D0553","kategori":"durak","ad":"ETİLER ANADOLU LİSESİ","kaynak":"ibb_iett","durak_kodu":"115421","ilce":"Beşiktaş","mahalle":"Kültür Mahallesi"}},{"type":"Feature","geometry":{"type":"Point","coordinates":[29.054332,41.081234]},"properties":{"id":"D0554","kategori":"durak","ad":"AŞİYAN","kaynak":"ibb_iett","durak_kodu":"112171","ilce":"Beşiktaş","mahalle":"Bebek Mahallesi"}},{"type":"Feature","geometry":{"type":"Point","coordinates":[29.002241,41.054467]},"properties":{"id":"D0555","kategori":"durak","ad":"EMİRHAN CADDESİ","kaynak":"ibb_iett","durak_kodu":"118451","ilce":"Beşiktaş","mahalle":"Dikilitaş Mahallesi"}},{"type":"Feature","geometry":{"type":"Point","coordinates":[29.018046,41.071452]},"properties":{"id":"D0556","kategori":"durak","ad":"BELTAŞ","kaynak":"ibb_iett","durak_kodu":"113891","ilce":"Beşiktaş","mahalle":"Nisbetiye Mahallesi"}},{"type":"Feature","geometry":{"type":"Point","coordinates":[29.006049,41.060369]},"properties":{"id":"D0557","kategori":"durak","ad":"AYAZMA DERESİ","kaynak":"ibb_iett","durak_kodu":"120021","ilce":"Beşiktaş","mahalle":"Gayrettepe Mahallesi"}},{"type":"Feature","geometry":{"type":"Point","coordinates":[29.013549,41.093527]},"properties":{"id":"D0558","kategori":"durak","ad":"ORBAY","kaynak":"ibb_iett","durak_kodu":"113841","ilce":"Beşiktaş","mahalle":"Konaklar Mahallesi"}},{"type":"Feature","geometry":{"type":"Point","coordinates":[29.014219,41.065713]},"properties":{"id":"D0559","kategori":"durak","ad":"KÖPRÜLÜ KAVŞAK","kaynak":"ibb_iett","durak_kodu":"114782","ilce":"Beşiktaş","mahalle":"Balmumcu Mahallesi"}},{"type":"Feature","geometry":{"type":"Point","coordinates":[29.029947,41.049536]},"properties":{"id":"D0560","kategori":"durak","ad":"ORTAKÖY","kaynak":"ibb_iett","durak_kodu":"112071","ilce":"Beşiktaş","mahalle":"Ortaköy Mahallesi"}},{"type":"Feature","geometry":{"type":"Point","coordinates":[29.041089,41.070008]},"properties":{"id":"D0561","kategori":"durak","ad":"ARNAVUTKÖY","kaynak":"ibb_iett","durak_kodu":"112123","ilce":"Beşiktaş","mahalle":"Arnavutköy Mahallesi"}},{"type":"Feature","geometry":{"type":"Point","coordinates":[29.023963,41.096961]},"properties":{"id":"D0562","kategori":"durak","ad":"TEPE ÜSTÜ","kaynak":"ibb_iett","durak_kodu":"115931","ilce":"Beşiktaş","mahalle":"Konaklar Mahallesi"}},{"type":"Feature","geometry":{"type":"Point","coordinates":[29.272011,40.963608]},"properties":{"id":"D0563","kategori":"durak","ad":"GÜNEŞ CADDESİ","kaynak":"ibb_iett","durak_kodu":"214701","ilce":"Sultanbeyli","mahalle":"Mehmet Akif Mahallesi"}},{"type":"Feature","geometry":{"type":"Point","coordinates":[29.265521,40.992306]},"properties":{"id":"D0564","kategori":"durak","ad":"ESENLER SOKAK","kaynak":"ibb_iett","durak_kodu":"219121","ilce":"Sultanbeyli","mahalle":"Mimar Sinan Mahallesi"}},{"type":"Feature","geometry":{"type":"Point","coordinates":[29.268646,40.953054]},"properties":{"id":"D0565","kategori":"durak","ad":"ŞEHİT MURAT ÇELİKHASI","kaynak":"ibb_iett","durak_kodu":"203641","ilce":"Sultanbeyli","mahalle":"Mehmet Akif Mahallesi"}},{"type":"Feature","geometry":{"type":"Point","coordinates":[29.269018,40.945181]},"properties":{"id":"D0566","kategori":"durak","ad":"İTAAT SOKAK","kaynak":"ibb_iett","durak_kodu":"221961","ilce":"Sultanbeyli","mahalle":"Yavuz Selim Mahallesi"}},{"type":"Feature","geometry":{"type":"Point","coordinates":[29.28426,40.986417]},"properties":{"id":"D0567","kategori":"durak","ad":"SULTANBEYLİ DEVLET HASTANESİ","kaynak":"ibb_iett","durak_kodu":"261121","ilce":"Sultanbeyli","mahalle":"Battalgazi Mahallesi"}},{"type":"Feature","geometry":{"type":"Point","coordinates":[29.276577,40.939008]},"properties":{"id":"D0568","kategori":"durak","ad":"CUMHURİYET İLKOKULU","kaynak":"ibb_iett","durak_kodu":"224291","ilce":"Sultanbeyli","mahalle":"Necip Fazıl Mahallesi"}},{"type":"Feature","geometry":{"type":"Point","coordinates":[29.24981,40.970992]},"properties":{"id":"D0569","kategori":"durak","ad":"OTOBAN ÇIKIŞI","kaynak":"ibb_iett","durak_kodu":"285181","ilce":"Sultanbeyli","mahalle":"Hasanpaşa Mahallesi"}},{"type":"Feature","geometry":{"type":"Point","coordinates":[29.25561,40.960359]},"properties":{"id":"D0570","kategori":"durak","ad":"YAHYA SOKAK","kaynak":"ibb_iett","durak_kodu":"203631","ilce":"Sultanbeyli","mahalle":"Abdurrahmangazi Mahallesi"}},{"type":"Feature","geometry":{"type":"Point","coordinates":[29.262045,40.969492]},"properties":{"id":"D0571","kategori":"durak","ad":"BELEDİYE SAPAĞI","kaynak":"ibb_iett","durak_kodu":"217721","ilce":"Sultanbeyli","mahalle":"Abdurrahmangazi Mahallesi"}},{"type":"Feature","geometry":{"type":"Point","coordinates":[29.280148,40.954474]},"properties":{"id":"D0572","kategori":"durak","ad":"GÖLET GİRİŞİ","kaynak":"ibb_iett","durak_kodu":"217751","ilce":"Sultanbeyli","mahalle":"Hamidiye Mahallesi"}},{"type":"Feature","geometry":{"type":"Point","coordinates":[29.266162,40.982773]},"properties":{"id":"D0573","kategori":"durak","ad":"HAL","kaynak":"ibb_iett","durak_kodu":"217511","ilce":"Sultanbeyli","mahalle":"Battalgazi Mahallesi"}},{"type":"Feature","geometry":{"type":"Point","coordinates":[29.255247,40.977267]},"properties":{"id":"D0574","kategori":"durak","ad":"BEYKOZ CADDESİ","kaynak":"ibb_iett","durak_kodu":"205201","ilce":"Sultanbeyli","mahalle":"Adil Mahallesi"}},{"type":"Feature","geometry":{"type":"Point","coordinates":[29.276783,40.997093]},"properties":{"id":"D0575","kategori":"durak","ad":"KILIÇASLAN CADDESİ","kaynak":"ibb_iett","durak_kodu":"230341","ilce":"Sultanbeyli","mahalle":"Mimar Sinan Mahallesi"}},{"type":"Feature","geometry":{"type":"Point","coordinates":[29.277867,40.97308]},"properties":{"id":"D0576","kategori":"durak","ad":"BARBAROS CADDESİ","kaynak":"ibb_iett","durak_kodu":"289801","ilce":"Sultanbeyli","mahalle":"Ahmet Yesevi Mahallesi"}},{"type":"Feature","geometry":{"type":"Point","coordinates":[29.292863,40.916079]},"properties":{"id":"D0577","kategori":"durak","ad":"KARTAL SOKAK","kaynak":"ibb_iett","durak_kodu":"213261","ilce":"Pendik","mahalle":"Kurtköy Mahallesi"}},{"type":"Feature","geometry":{"type":"Point","coordinates":[29.273087,40.865889]},"properties":{"id":"D0578","kategori":"durak","ad":"TERSANE KÖPRÜSÜ-2","kaynak":"ibb_iett","durak_kodu":"288861","ilce":"Pendik","mahalle":"Kaynarca Mahallesi"}},{"type":"Feature","geometry":{"type":"Point","coordinates":[29.324041,40.933463]},"properties":{"id":"D0579","kategori":"durak","ad":"BİRKENT SİTESİ","kaynak":"ibb_iett","durak_kodu":"228791","ilce":"Pendik","mahalle":"Harmandere Mahallesi"}},{"type":"Feature","geometry":{"type":"Point","coordinates":[29.2218,40.878902]},"properties":{"id":"D0580","kategori":"durak","ad":"PENDİK ANADOLU LİSESİ","kaynak":"ibb_iett","durak_kodu":"225511","ilce":"Pendik","mahalle":"Batı Mahallesi"}},{"type":"Feature","geometry":{"type":"Point","coordinates":[29.308346,40.868261]},"properties":{"id":"D0581","kategori":"durak","ad":"AHMET YESEVİ","kaynak":"ibb_iett","durak_kodu":"228141","ilce":"Pendik","mahalle":"Ahmet Yesevi Mahallesi"}},{"type":"Feature","geometry":{"type":"Point","coordinates":[29.256639,40.881426]},"properties":{"id":"D0582","kategori":"durak","ad":"AKDENİZ CADDESİ","kaynak":"ibb_iett","durak_kodu":"284801","ilce":"Pendik","mahalle":"Fevzi Çakmak Mahallesi"}},{"type":"Feature","geometry":{"type":"Point","coordinates":[29.4,40.964945]},"properties":{"id":"D0583","kategori":"durak","ad":"HAYVAN BARINAĞI","kaynak":"ibb_iett","durak_kodu":"264111","ilce":"Pendik","mahalle":"Kurna Mahallesi"}},{"type":"Feature","geometry":{"type":"Point","coordinates":[29.272106,40.893192]},"properties":{"id":"D0584","kategori":"durak","ad":"RIHTIM SOKAK","kaynak":"ibb_iett","durak_kodu":"207661","ilce":"Pendik","mahalle":"Güllü Bağlar Mahallesi"}},{"type":"Feature","geometry":{"type":"Point","coordinates":[29.254709,40.903787]},"properties":{"id":"D0585","kategori":"durak","ad":"FATİH CADDESİ","kaynak":"ibb_iett","durak_kodu":"229431","ilce":"Pendik","mahalle":"Velibaba Mahallesi"}},{"type":"Feature","geometry":{"type":"Point","coordinates":[29.307747,40.940037]},"properties":{"id":"D0586","kategori":"durak","ad":"DEDEPAŞA CADDESİ","kaynak":"ibb_iett","durak_kodu":"228761","ilce":"Pendik","mahalle":"Yenişehir Mahallesi"}},{"type":"Feature","geometry":{"type":"Point","coordinates":[29.277321,40.924632]},"properties":{"id":"D0587","kategori":"durak","ad":"GÜL GONCASI SOKAK","kaynak":"ibb_iett","durak_kodu":"263201","ilce":"Pendik","mahalle":"Çamlık Mahallesi"}},{"type":"Feature","geometry":{"type":"Point","coordinates":[29.335242,40.955446]},"properties":{"id":"D0588","kategori":"durak","ad":"KURNA KÖYÜ CAMİİ","kaynak":"ibb_iett","durak_kodu":"210381","ilce":"Pendik","mahalle":"Kurna Mahallesi"}},{"type":"Feature","geometry":{"type":"Point","coordinates":[29.260131,40.91887]},"properties":{"id":"D0589","kategori":"durak","ad":"AYDOS  AİLE SAĞLIĞI MERKEZİ","kaynak":"ibb_iett","durak_kodu":"213521","ilce":"Pendik","mahalle":"Ertuğrul Gazi Mahallesi"}},{"type":"Feature","geometry":{"type":"Point","coordinates":[29.276648,40.910022]},"properties":{"id":"D0590","kategori":"durak","ad":"ŞEYHLİ TOKİ KONUTLARI","kaynak":"ibb_iett","durak_kodu":"213301","ilce":"Pendik","mahalle":"Sülüntepe Mahallesi"}},{"type":"Feature","geometry":{"type":"Point","coordinates":[29.458974,40.963068]},"properties":{"id":"D0591","kategori":"durak","ad":"CUMHURİYET CADDESİ","kaynak":"ibb_iett","durak_kodu":"292381","ilce":"Pendik","mahalle":"Göçbeyli Mahallesi"}},{"type":"Feature","geometry":{"type":"Point","coordinates":[29.241881,40.893866]},"properties":{"id":"D0592","kategori":"durak","ad":"ŞEHİT YAŞAR GÜNAYDIN","kaynak":"ibb_iett","durak_kodu":"210681","ilce":"Pendik","mahalle":"Çınardere Mahallesi"}},{"type":"Feature","geometry":{"type":"Point","coordinates":[29.285533,40.875875]},"properties":{"id":"D0593","kategori":"durak","ad":"YALÇIN SOKAK","kaynak":"ibb_iett","durak_kodu":"208241","ilce":"Pendik","mahalle":"Kavakpınar Mahallesi"}},{"type":"Feature","geometry":{"type":"Point","coordinates":[29.297011,40.928414]},"properties":{"id":"D0594","kategori":"durak","ad":"HAKİŞ SİTESİ","kaynak":"ibb_iett","durak_kodu":"209791","ilce":"Pendik","mahalle":"Yenişehir Mahallesi"}},{"type":"Feature","geometry":{"type":"Point","coordinates":[29.346467,40.987053]},"properties":{"id":"D0595","kategori":"durak","ad":"ÜSTÜNER SOKAK","kaynak":"ibb_iett","durak_kodu":"288941","ilce":"Pendik","mahalle":"Emirli Mahallesi"}},{"type":"Feature","geometry":{"type":"Point","coordinates":[29.403091,40.990163]},"properties":{"id":"D0596","kategori":"durak","ad":"BALLICA KÖYÜ","kaynak":"ibb_iett","durak_kodu":"206771","ilce":"Pendik","mahalle":"Ballıca Mahallesi"}},{"type":"Feature","geometry":{"type":"Point","coordinates":[29.361014,41.007358]},"properties":{"id":"D0597","kategori":"durak","ad":"SINIR CADDESİ","kaynak":"ibb_iett","durak_kodu":"210061","ilce":"Pendik","mahalle":"Kurtdoğmuş Mahallesi"}},{"type":"Feature","geometry":{"type":"Point","coordinates":[29.28978,40.85679]},"properties":{"id":"D0598","kategori":"durak","ad":"YANYOL CADDESİ","kaynak":"ibb_iett","durak_kodu":"262201","ilce":"Pendik","mahalle":"Esenyalı Mahallesi"}},{"type":"Feature","geometry":{"type":"Point","coordinates":[29.377771,40.982599]},"properties":{"id":"D0599","kategori":"durak","ad":"KURTDOĞMUŞ YOLU","kaynak":"ibb_iett","durak_kodu":"206851","ilce":"Pendik","mahalle":"Ballıca Mahallesi"}},{"type":"Feature","geometry":{"type":"Point","coordinates":[29.458932,40.981396]},"properties":{"id":"D0600","kategori":"durak","ad":"GÖÇBEYLİ MERKEZ CAMİİ","kaynak":"ibb_iett","durak_kodu":"206961","ilce":"Pendik","mahalle":"Göçbeyli Mahallesi"}}]}