{"type":"FeatureCollection","kaynak":"OpenStreetMap katkıcıları, ODbL 1.0, Overpass API ile çekildi","cekim_tarihi":"2026-09-18","features":[{"type":"Feature","geometry":{"type":"MultiPolygon","coordinates":[[[[29.1482073,40.8479863],[29.1482181,40.8491712],[29.1469521,40.8503561],[29.1465122,40.8524255],[29.1442299,40.8537182],[29.1437871,40.8544705],[29.1440553,40.8555417],[29.1431648,40.8556959],[29.1423923,40.8534561],[29.1405469,40.8508998],[29.1407615,40.8501126],[29.1457826,40.8468339],[29.147721,40.846849],[29.1482073,40.8479863]]],[[[28.97399,40.8764547],[28.9745297,40.8758004],[28.9735034,40.8770393],[28.972541,40.8771492],[28.9696137,40.8758563],[28.969171,40.8752531],[28.9695128,40.874101],[28.9744868,40.8746609],[28.9732905,40.8762302],[28.97399,40.8764547]]],[[[29.055564,40.9087843],[29.0553871,40.9095128],[29.0558073,40.9096788],[29.0553978,40.9096101],[29.0553764,40.9100722],[29.0560201,40.9099506],[29.055971,40.9107582],[29.0530771,40.9134926],[29.0505484,40.9138668],[29.0503124,40.9142478],[29.0508886,40.9144917],[29.0433172,40.9138911],[29.0420941,40.9131695],[29.0398999,40.9127816],[29.0391703,40.9118411],[29.0406402,40.9088978],[29.0425949,40.9069235],[29.0447922,40.9061815],[29.0458292,40.9051961],[29.0458651,40.9044381],[29.0450604,40.9039272],[29.0455111,40.9025649],[29.0502854,40.9026379],[29.0523668,40.9033677],[29.054019,40.9032461],[29.057031,40.9056075],[29.0567416,40.9062014],[29.0570612,40.9068844],[29.055564,40.9087843]]],[[[29.0772678,40.8823734],[29.076293,40.8814078],[29.0769029,40.8812186],[29.0780789,40.8825625],[29.0778315,40.883751],[29.0788281,40.884861],[29.0772009,40.8857393],[29.0760538,40.8847455],[29.0762714,40.8836364],[29.0772035,40.8830297],[29.0772678,40.8823734]]],[[[29.0832149,40.8768968],[29.078307,40.875718],[29.0760326,40.8740419],[29.0748621,40.8723914],[29.075825,40.87204],[29.0761275,40.8705973],[29.074727,40.869365],[29.0751706,40.86854],[29.0805563,40.8679898],[29.082201,40.8674027],[29.0833955,40.867613],[29.0823082,40.8698063],[29.0832814,40.8712015],[29.0856376,40.8716352],[29.0880279,40.8708386],[29.0884076,40.8698355],[29.0871889,40.8692579],[29.0871631,40.8680701],[29.0919696,40.8694072],[29.0953857,40.8691345],[29.0958624,40.8696133],[29.0976989,40.869656],[29.0993652,40.870773],[29.1000549,40.8718346],[29.1039859,40.8734377],[29.1026641,40.8729184],[29.1015312,40.873548],[29.1018745,40.8742749],[29.1022865,40.87421],[29.1015655,40.8745734],[29.1026372,40.8753102],[29.104149,40.8740088],[29.1015353,40.8766862],[29.1021289,40.8770354],[29.1014503,40.8767955],[29.0992652,40.8801287],[29.099241,40.8807516],[29.1002236,40.8812106],[29.098686,40.883821],[29.0971943,40.8846562],[29.093137,40.88482],[29.0918924,40.884457],[29.0918151,40.8839054],[29.090624,40.8832088],[29.0888287,40.8831549],[29.0886502,40.8825912],[29.09053,40.8815283],[29.0902898,40.8804123],[29.085466,40.877514],[29.0832149,40.8768968]]],[[[28.995508,40.8656539],[28.9938703,40.866558],[28.9938692,40.866112],[28.9930909,40.8659606],[28.9901934,40.8661954],[28.9916984,40.8635469],[28.9935086,40.8631537],[28.9950628,40.8635391],[28.9969995,40.8649852],[28.995508,40.8656539]]],[[[29.0572553,40.88365],[29.0569437,40.8826999],[29.0547228,40.8812727],[29.0536239,40.8789399],[29.0522687,40.8782188],[29.0531616,40.8780134],[29.0540751,40.8760941],[29.0562805,40.8752222],[29.0600011,40.875046],[29.0630566,40.8738648],[29.0639407,40.8739492],[29.0666959,40.8747475],[29.0685151,40.8758266],[29.0703121,40.8785945],[29.0711979,40.8788373],[29.0709187,40.8791476],[29.0724735,40.8791251],[29.0697226,40.8803979],[29.0698098,40.8810377],[29.0708068,40.881223],[29.0698272,40.881278],[29.068797,40.8822115],[29.0696709,40.8837407],[29.0695375,40.8845879],[29.0626413,40.885538],[29.0608091,40.8852679],[29.0599925,40.8864285],[29.0575619,40.8861836],[29.0563275,40.8867464],[29.0552186,40.8860962],[29.0566467,40.8852343],[29.0572553,40.88365]]],[[[29.1236073,40.8380721],[29.1240274,40.8376545],[29.1251447,40.8399731],[29.1241553,40.8417315],[29.1248539,40.8430607],[29.1243349,40.8441515],[29.1265929,40.8462516],[29.1251915,40.853909],[29.1255536,40.8555528],[29.1260763,40.8556613],[29.125505,40.8558055],[29.1260211,40.8558887],[29.1261615,40.8573416],[29.1287311,40.8594379],[29.130669,40.8600404],[29.1369613,40.8669822],[29.1378204,40.8691972],[29.1390508,40.8697963],[29.1391361,40.8708851],[29.1385917,40.8718198],[29.1360983,40.873392],[29.1353957,40.8746163],[29.1342776,40.8750223],[29.1320874,40.8746696],[29.1292132,40.8751019],[29.1234842,40.873243],[29.1228766,40.8724025],[29.1219789,40.8724736],[29.1190352,40.8713757],[29.1180135,40.8718012],[29.1172484,40.8709148],[29.1155649,40.8708345],[29.1149454,40.8704647],[29.1153022,40.8699464],[29.1147995,40.8689312],[29.1151846,40.8685012],[29.1139445,40.8669545],[29.1144944,40.8667624],[29.1146808,40.8661746],[29.1142406,40.8660082],[29.1150339,40.8655329],[29.1154236,40.8644908],[29.1145492,40.862356],[29.1126671,40.8614544],[29.1099601,40.86114],[29.1081275,40.8615497],[29.1074212,40.8614453],[29.1072404,40.8609224],[29.1080014,40.86036],[29.1123564,40.8601616],[29.1130359,40.8596926],[29.1127785,40.8583111],[29.1113348,40.8578562],[29.1119708,40.8572204],[29.1119121,40.8554162],[29.1104271,40.8540088],[29.1103288,40.8533873],[29.1128844,40.8506891],[29.1146815,40.8463786],[29.1140368,40.8448992],[29.1110323,40.8433908],[29.1099481,40.8418163],[29.112098,40.8416453],[29.1122755,40.8406429],[29.1130621,40.8401539],[29.112705,40.840096],[29.1127282,40.8391296],[29.1147076,40.8381835],[29.1169372,40.838634],[29.1191874,40.8380174],[29.1226346,40.8385646],[29.1236073,40.8380721]]],[[[29.1136588,40.818034],[29.1139456,40.8186173],[29.1134966,40.820498],[29.1110226,40.8203234],[29.1136588,40.818034]]]]},"properties":{"osm_id":"relation/963209","ad":"Adalar","seviye":"6"}},{"type":"Feature","geometry":{"type":"MultiPolygon","coordinates":[[[[29.6105586,41.1811821],[29.6114729,41.180869],[29.6109265,41.1816722],[29.6105586,41.1811821]]],[[[29.6118671,41.1831805],[29.6124588,41.1831354],[29.6121293,41.1835131],[29.6118671,41.1831805]]],[[[29.6094042,41.1811068],[29.6099326,41.1814278],[29.6092996,41.1824593],[29.6086585,41.1824855],[29.6089911,41.1816014],[29.6085191,41.1811007],[29.6094042,41.1811068]]],[[[29.6053004,41.1830549],[29.6058315,41.1827925],[29.6058328,41.1835289],[29.6048015,41.1835636],[29.6053004,41.1830549]]],[[[29.726865,41.1573534],[29.7272082,41.1578438],[29.7267329,41.1578239],[29.726865,41.1573534]]],[[[29.727992,41.1574968],[29.728344,41.1571125],[29.7290217,41.1579474],[29.727992,41.1574968]]],[[[29.7473338,41.1599812],[29.7475765,41.1600514],[29.7475827,41.1601264],[29.7475143,41.1602295],[29.7472653,41.1601686],[29.747172,41.1600327],[29.7473338,41.1599812]]],[[[29.7477757,41.1601077],[29.7479002,41.1602248],[29.7478939,41.1603185],[29.747701,41.1602764],[29.7476637,41.1601733],[29.7477757,41.1601077]]],[[[29.748174,41.1602248],[29.748286,41.1604122],[29.748286,41.1604919],[29.7482114,41.1605481],[29.7480931,41.1604732],[29.7480495,41.1603701],[29.7481118,41.1602342],[29.748174,41.1602248]]],[[[29.7544201,41.1607672],[29.7549042,41.1610058],[29.7551067,41.1612974],[29.7550803,41.1613835],[29.7548514,41.1613504],[29.7547194,41.1612046],[29.7545257,41.1611516],[29.7544025,41.1610191],[29.754561,41.1609926],[29.7543673,41.1608799],[29.7544201,41.1607672]]],[[[29.7811065,41.1571425],[29.7813001,41.1571822],[29.7813793,41.1573147],[29.7812737,41.1573943],[29.7811329,41.1574009],[29.7810273,41.1573479],[29.7810871,41.1572346],[29.7811065,41.1571425]]],[[[29.6998891,41.0283644],[29.7058285,41.0286119],[29.7057795,41.0298846],[29.7044336,41.0317702],[29.7044201,41.0344787],[29.7072673,41.0319743],[29.7137447,41.0299411],[29.7181463,41.0275067],[29.7188115,41.0280085],[29.718318,41.0285103],[29.71879,41.029352],[29.7175669,41.029174],[29.7171378,41.029692],[29.7184038,41.0309707],[29.7180304,41.0317493],[29.7214007,41.0311637],[29.7230435,41.0315198],[29.7235751,41.0325408],[29.7262573,41.0345722],[29.7269378,41.0366832],[29.7288792,41.0388905],[29.7298193,41.0411028],[29.7324291,41.0421757],[29.7360076,41.0413404],[29.7365355,41.0404878],[29.7363424,41.0371376],[29.7369003,41.0356647],[29.7364282,41.0348392],[29.7375071,41.0346416],[29.73881,41.0358427],[29.7406554,41.035956],[29.7421253,41.0350254],[29.7426057,41.0341602],[29.7449933,41.0347657],[29.746397,41.0343493],[29.7473717,41.0333178],[29.7506118,41.0319905],[29.7536909,41.0277333],[29.7563504,41.026561],[29.7590232,41.0272396],[29.7611368,41.0271748],[29.7645592,41.0268349],[29.7649673,41.0254778],[29.7712369,41.0252479],[29.7783629,41.0273877],[29.7804656,41.0254276],[29.7819955,41.0255956],[29.7849979,41.023886],[29.785734,41.0215493],[29.7899605,41.0202581],[29.7914994,41.0192424],[29.7934091,41.02006],[29.7942568,41.0190777],[29.7959304,41.0199628],[29.8002756,41.0207076],[29.8042774,41.01955],[29.8084416,41.0196776],[29.8086226,41.0201895],[29.8110044,41.0180929],[29.8115623,41.0162877],[29.8138047,41.0146239],[29.8160899,41.0144663],[29.8172593,41.0151139],[29.8192679,41.0149915],[29.8227533,41.0132347],[29.8243189,41.0141587],[29.8265547,41.0132711],[29.8287713,41.0148873],[29.8320436,41.0146768],[29.8347909,41.0158392],[29.8340821,41.0163849],[29.8350048,41.0173887],[29.8361635,41.0177611],[29.8368806,41.0173766],[29.8394794,41.0184287],[29.8409454,41.0208051],[29.8418498,41.020999],[29.8453259,41.0202219],[29.8482871,41.0227797],[29.8484158,41.0235568],[29.8507333,41.0249652],[29.8518598,41.0268268],[29.8545742,41.0283808],[29.857986,41.0285589],[29.8622285,41.0308556],[29.8626423,41.0326056],[29.8635864,41.033253],[29.8637715,41.0355016],[29.8678136,41.0375584],[29.8684617,41.0402864],[29.8708268,41.0410528],[29.8721051,41.0406335],[29.877963,41.0405202],[29.8791861,41.0407468],[29.8804294,41.0419671],[29.8800015,41.0469693],[29.8813223,41.0494249],[29.8803929,41.0511749],[29.8816109,41.0524389],[29.8809028,41.053612],[29.8810408,41.054389],[29.8824692,41.0560149],[29.8869974,41.0581555],[29.8879516,41.0598738],[29.8871367,41.0631993],[29.8894398,41.0628339],[29.8900545,41.0634009],[29.8914465,41.0625703],[29.8928225,41.0639267],[29.8917828,41.0675748],[29.8924255,41.069686],[29.8920929,41.0702684],[29.8927045,41.0707537],[29.8888534,41.0757433],[29.8889046,41.0776029],[29.8879838,41.0776447],[29.8869006,41.0804381],[29.8876083,41.0802084],[29.8892712,41.0823596],[29.8909982,41.0827078],[29.8905694,41.0833624],[29.8914921,41.085004],[29.8925543,41.0856752],[29.8913741,41.0868963],[29.8922324,41.0870418],[29.8921895,41.0881416],[29.8929191,41.0896941],[29.8915028,41.0929597],[29.9003367,41.0908989],[29.9038088,41.0917641],[29.9036264,41.0914407],[29.9072455,41.0906443],[29.9086075,41.0890276],[29.9107692,41.0879805],[29.9113512,41.0882143],[29.9109971,41.0889987],[29.910332,41.0891038],[29.9115443,41.0896375],[29.9118086,41.0889563],[29.9128747,41.0889987],[29.9131751,41.0898073],[29.9141589,41.0888244],[29.9151599,41.0887723],[29.9142051,41.0893464],[29.91413,41.0897669],[29.9146664,41.0898801],[29.9168631,41.0886483],[29.9173579,41.0890509],[29.9189168,41.0883118],[29.9227387,41.0879647],[29.9241521,41.0869681],[29.9278371,41.0864483],[29.9277341,41.0871469],[29.9283242,41.0869124],[29.9289909,41.0877125],[29.9313899,41.087786],[29.9335058,41.0868003],[29.9361086,41.0868776],[29.9384585,41.0860364],[29.94109,41.0840125],[29.9414134,41.0840012],[29.9413276,41.0850202],[29.9439347,41.0850202],[29.9439347,41.0836454],[29.9454582,41.0826831],[29.9504646,41.0820758],[29.95152,41.0810899],[29.9545133,41.0800952],[29.9542357,41.0821156],[29.9550497,41.0837101],[29.9565625,41.0834918],[29.9576783,41.0840012],[29.957056,41.0845511],[29.9578214,41.0855355],[29.9578071,41.0866213],[29.9561217,41.0894418],[29.9585879,41.0923244],[29.9588048,41.0944648],[29.9571262,41.0952417],[29.9549532,41.0987095],[29.9489605,41.0998582],[29.9460015,41.0993006],[29.9435943,41.0974652],[29.9395251,41.0974483],[29.9358378,41.0984051],[29.9318218,41.0980951],[29.9285222,41.0969988],[29.9265754,41.0985802],[29.9183638,41.0992309],[29.9150097,41.1010461],[29.915632,41.1029702],[29.914999,41.1040373],[29.9166942,41.10487],[29.9149078,41.1052783],[29.9141782,41.1049266],[29.9145913,41.1057108],[29.9134433,41.1055127],[29.9130249,41.1077197],[29.9141461,41.1089686],[29.9149132,41.1084553],[29.915235,41.1088029],[29.9149185,41.1092596],[29.9157017,41.1099912],[29.9144465,41.1110057],[29.9150956,41.1119434],[29.914366,41.1132205],[29.9146771,41.1139521],[29.9133575,41.114239],[29.9139208,41.1150231],[29.91207,41.1160456],[29.9114513,41.1183865],[29.9138725,41.118632],[29.9144005,41.1195888],[29.9140549,41.1200505],[29.9144608,41.1200708],[29.913596,41.1208187],[29.9117048,41.1190109],[29.9096302,41.1194186],[29.910114,41.1200655],[29.9095273,41.1210487],[29.9121276,41.1226377],[29.9145913,41.1259019],[29.9151222,41.135992],[29.9140978,41.1403423],[29.918147,41.14146],[29.91661,41.142608],[29.9128619,41.1424285],[29.9116039,41.1426525],[29.9108041,41.1433335],[29.9093692,41.1433244],[29.9081554,41.1426192],[29.9080214,41.1407982],[29.9076442,41.1406601],[29.9071905,41.141071],[29.9071667,41.142138],[29.9056515,41.1427584],[29.9014435,41.1426495],[29.900341,41.143276],[29.8992249,41.1430641],[29.8981518,41.1435151],[29.896717,41.1425435],[29.895242,41.1428129],[29.895676,41.143049],[29.8950732,41.1433759],[29.8931078,41.1424285],[29.890005,41.1427372],[29.8859377,41.1420108],[29.8843099,41.1422348],[29.8831605,41.1413964],[29.8821316,41.1416113],[29.8803832,41.1410786],[29.8788456,41.1393769],[29.8757039,41.1388151],[29.8733148,41.1403561],[29.8731674,41.1415445],[29.8743666,41.141808],[29.8739011,41.1420858],[29.8735636,41.1418049],[29.8712722,41.1423466],[29.8714765,41.1418517],[29.8705884,41.1415574],[29.87002,41.1417514],[29.8697979,41.1425807],[29.8654038,41.1412372],[29.8635952,41.1417063],[29.8613244,41.1436207],[29.8554063,41.1429775],[29.8538388,41.1413431],[29.852181,41.1419106],[29.8553413,41.1393114],[29.8534369,41.1395573],[29.8514073,41.1409496],[29.8518154,41.1399736],[29.8504705,41.139174],[29.8459815,41.1386417],[29.8436102,41.1394286],[29.8195434,41.1434023],[29.8178424,41.1447765],[29.812249,41.147772],[29.8089519,41.1480637],[29.8083006,41.1492636],[29.8061268,41.1503968],[29.8041907,41.1506154],[29.8018673,41.1519607],[29.7992623,41.1522787],[29.7961644,41.153657],[29.7954956,41.153657],[29.7956452,41.1530408],[29.793269,41.1538823],[29.7893527,41.1517287],[29.7888951,41.1521462],[29.7899248,41.1533986],[29.7901624,41.1544588],[29.7894583,41.1553865],[29.7843275,41.1568509],[29.7834035,41.1575334],[29.7811329,41.1569901],[29.7806049,41.157931],[29.7799536,41.1577719],[29.7802616,41.1583351],[29.7799272,41.1584345],[29.7777182,41.1575798],[29.7784311,41.1567383],[29.7777975,41.1561287],[29.7766622,41.1560293],[29.7759542,41.1562195],[29.7753421,41.1571557],[29.7769352,41.1584877],[29.7765919,41.1586798],[29.7757645,41.1588057],[29.776143,41.1585804],[29.7758437,41.1585075],[29.774946,41.1590509],[29.7750516,41.1585075],[29.7741186,41.1585208],[29.7671387,41.1605486],[29.7664786,41.1604028],[29.7667075,41.1599853],[29.7660297,41.1595943],[29.7633804,41.158978],[29.7586274,41.1590311],[29.7570079,41.1574671],[29.7559956,41.157202],[29.7533639,41.158481],[29.7530382,41.1604492],[29.7536896,41.1609926],[29.7524221,41.1614498],[29.7511811,41.1610124],[29.7521405,41.1601178],[29.750961,41.1589648],[29.7486549,41.158819],[29.7481884,41.1593955],[29.7486672,41.1599651],[29.7459792,41.1593359],[29.7448877,41.1593425],[29.7451254,41.1597004],[29.7434706,41.1601444],[29.7419501,41.1599437],[29.7415331,41.1594938],[29.741726,41.1589315],[29.7409481,41.1590721],[29.7413215,41.158641],[29.7408485,41.1582005],[29.7395788,41.1588237],[29.7378586,41.1581652],[29.7381667,41.1578604],[29.7375329,41.158205],[29.7374185,41.1570784],[29.7362724,41.1569917],[29.7359028,41.1559646],[29.7339497,41.1564015],[29.734314,41.155939],[29.7332976,41.1552224],[29.7328399,41.1555868],[29.7308068,41.1554941],[29.726772,41.1569605],[29.7245656,41.1567185],[29.7242584,41.157586],[29.7223901,41.157002],[29.7216766,41.1578127],[29.7211349,41.1575424],[29.719625,41.157955],[29.7180434,41.1572921],[29.7170348,41.157995],[29.7139212,41.1587742],[29.7086358,41.1590578],[29.7061267,41.1596767],[29.7054789,41.1598814],[29.7055669,41.1604553],[29.7029862,41.1612808],[29.7027798,41.1619748],[29.7033374,41.1625358],[29.7028342,41.1628941],[29.702943,41.1636251],[29.7007564,41.1635022],[29.7006829,41.1639527],[29.699693,41.1641533],[29.697456,41.163996],[29.6966251,41.1626586],[29.696092,41.1635739],[29.6940033,41.1638216],[29.6927685,41.163621],[29.692308,41.162704],[29.691221,41.1626771],[29.691066,41.1635247],[29.6902827,41.1639731],[29.6904568,41.1632975],[29.6892601,41.1625419],[29.6870816,41.1631582],[29.6864262,41.1638155],[29.6838696,41.1631664],[29.6835324,41.1634695],[29.6827437,41.162761],[29.6820501,41.16289],[29.6821208,41.163365],[29.6788463,41.1620239],[29.6720579,41.1637418],[29.671024,41.16551],[29.6685059,41.1664813],[29.6662682,41.1667056],[29.6654432,41.1651008],[29.6623702,41.1648597],[29.6584958,41.1654388],[29.6486,41.1680229],[29.6452894,41.1695494],[29.6448865,41.1706426],[29.6454478,41.171181],[29.6461223,41.1710938],[29.6449479,41.1720272],[29.6439639,41.1716509],[29.6444985,41.1711791],[29.6441241,41.1701311],[29.6418072,41.1695551],[29.6358632,41.1707224],[29.6327027,41.1726279],[29.6329274,41.1735863],[29.6336464,41.1739753],[29.6332644,41.1742966],[29.6305532,41.1738231],[29.6294523,41.174291],[29.6300065,41.1752775],[29.6288382,41.1749449],[29.628576,41.1742121],[29.6248821,41.1753131],[29.6242022,41.1761851],[29.6242172,41.1771209],[29.6255203,41.1779946],[29.6241423,41.1787613],[29.6239401,41.1794546],[29.6243445,41.1796632],[29.622929,41.179759],[29.6227493,41.1794095],[29.623296,41.1791558],[29.6227717,41.1786936],[29.6199632,41.1794772],[29.6197984,41.1785132],[29.6182182,41.1775718],[29.6176115,41.1782314],[29.6179411,41.1787444],[29.6166529,41.1792517],[29.6161661,41.1791728],[29.6160837,41.1783159],[29.6143386,41.1785414],[29.6140166,41.1790206],[29.6146083,41.1797928],[29.614099,41.1809653],[29.6124888,41.1808356],[29.6122117,41.1799112],[29.6116425,41.1800465],[29.6116874,41.1804467],[29.6111182,41.1798154],[29.6101296,41.1797365],[29.609523,41.1799619],[29.6093507,41.1806947],[29.6088596,41.1803826],[29.6075642,41.1812168],[29.6079123,41.1815942],[29.6073666,41.1821487],[29.6015739,41.1789583],[29.5997669,41.1786711],[29.6016975,41.1787706],[29.6062951,41.1810738],[29.6088958,41.1800105],[29.6090931,41.179252],[29.6085524,41.178991],[29.6091688,41.1780773],[29.6058895,41.1764606],[29.6039635,41.1761894],[29.6038734,41.1775605],[29.603234,41.1770084],[29.6017797,41.1778726],[29.6024152,41.1771831],[29.6021927,41.176904],[29.6034584,41.1764536],[29.6036279,41.1752737],[29.6012656,41.1730504],[29.5970588,41.1712486],[29.5910158,41.1707327],[29.577856,41.171742],[29.564,41.173591],[29.540758,41.178727],[29.527598,41.18107],[29.51853,41.183836],[29.513797,41.184453],[29.5124233,41.1850523],[29.510722,41.184007],[29.50464,41.184909],[29.502972,41.185716],[29.489819,41.188311],[29.481403,41.190419],[29.481423,41.190932],[29.46996,41.19336],[29.463571,41.195166],[29.4593799,41.1970134],[29.454843,41.198047],[29.4480825,41.1981735],[29.4406337,41.1997609],[29.424507,41.20485],[29.42146,41.205171],[29.415064,41.206846],[29.408695,41.20929],[29.4039668,41.2092776],[29.399892,41.2102682],[29.3961021,41.2121244],[29.395184,41.211625],[29.3943941,41.2120017],[29.3945829,41.212415],[29.3924028,41.2121954],[29.391495,41.212985],[29.389979,41.213402],[29.389526,41.214952],[29.3851111,41.2133771],[29.3820401,41.2130561],[29.3806391,41.2119291],[29.3785821,41.211458],[29.3768931,41.2117501],[29.3762421,41.2125331],[29.3748971,41.2129471],[29.3745341,41.2123121],[29.3721561,41.2123611],[29.3704211,41.21137],[29.36969,41.21164],[29.368653,41.211147],[29.366633,41.211702],[29.361841,41.210774],[29.357774,41.211114],[29.357277,41.2107767],[29.354348,41.2117453],[29.353074,41.21275],[29.352041,41.212387],[29.3512045,41.213077],[29.3493055,41.2122376],[29.346634,41.2129156],[29.345293,41.213808],[29.34566,41.214571],[29.3440671,41.2138742],[29.339908,41.215329],[29.3390782,41.2152785],[29.338862,41.21458],[29.3381019,41.2151333],[29.3364711,41.2146087],[29.3349655,41.2155271],[29.3338747,41.2154964],[29.3336816,41.2163116],[29.3324799,41.2166263],[29.3322806,41.21437],[29.3297247,41.2112078],[29.3311188,41.2091897],[29.3311611,41.2079978],[29.3328298,41.2058842],[29.3316469,41.2048512],[29.3324496,41.2036116],[29.3260493,41.1969682],[29.3233455,41.1954105],[29.321888,41.19034],[29.3221626,41.1897836],[29.3233032,41.1894816],[29.3225639,41.1884325],[29.3221203,41.1857618],[29.3210642,41.183425],[29.3223949,41.1818193],[29.323261,41.1815967],[29.3242115,41.1800069],[29.3243594,41.1789258],[29.3227118,41.1764138],[29.3231765,41.1745695],[29.3227118,41.1729318],[29.3241693,41.168909],[29.3240214,41.1681457],[29.3254789,41.169545],[29.3260493,41.1694178],[29.3268519,41.1674779],[29.3271265,41.1667305],[29.3267463,41.1650767],[29.326007,41.1642021],[29.3281827,41.1636455],[29.3297458,41.1612124],[29.3292811,41.1578409],[29.3297247,41.1576819],[29.3322806,41.1591132],[29.3388077,41.1593677],[29.3399272,41.1599561],[29.3407933,41.1613715],[29.3434548,41.1585248],[29.3430323,41.1566164],[29.3435604,41.155853],[29.3444053,41.1554713],[29.3450813,41.1558211],[29.3462853,41.1541671],[29.3463276,41.1534196],[29.3451658,41.1520836],[29.3454193,41.1517337],[29.3507846,41.1534673],[29.3538685,41.1522585],[29.3547135,41.150843],[29.3568258,41.1497455],[29.3561499,41.1485685],[29.3566146,41.1469619],[29.3556007,41.1461348],[29.3537418,41.1427944],[29.3571426,41.1432557],[29.3591705,41.1427944],[29.3604379,41.1416331],[29.3636697,41.1413468],[29.365085,41.1377834],[29.3654018,41.1343311],[29.3647893,41.1324697],[29.3604995,41.1276328],[29.3608062,41.1266937],[29.3591084,41.1253552],[29.3617475,41.1253735],[29.3669016,41.1226844],[29.3680634,41.1230822],[29.3697321,41.1245779],[29.3728161,41.125835],[29.3771463,41.1232095],[29.3783081,41.122939],[29.3801036,41.1210614],[29.3804627,41.1174491],[29.3817723,41.1129613],[29.3824483,41.1123407],[29.3820522,41.1113646],[29.3824694,41.1089508],[29.3845184,41.1088553],[29.3860052,41.1073088],[29.3891866,41.1061814],[29.3905385,41.1050513],[29.3915946,41.1029344],[29.3944251,41.1021863],[29.3983963,41.100117],[29.4013733,41.0999943],[29.4019873,41.0985253],[29.4020295,41.0963763],[29.4003898,41.0942641],[29.3979805,41.0933437],[29.395142,41.0936671],[29.3934588,41.0931696],[29.3933928,41.0921],[29.3901583,41.0896374],[29.3902573,41.0887419],[29.3920725,41.0884931],[29.3934588,41.0869259],[29.3994327,41.085906],[29.3996307,41.0824481],[29.3944793,41.0813926],[29.3938133,41.0797311],[29.3947851,41.0778514],[29.3945668,41.0774887],[29.391493,41.0760075],[29.3916321,41.0751378],[29.3878479,41.0735411],[29.3872799,41.0726855],[29.3903563,41.0719736],[29.3894266,41.0708832],[29.3849964,41.0696685],[29.3846794,41.0685942],[29.3824007,41.0662286],[29.3820401,41.0642814],[29.3798034,41.0626352],[29.3784289,41.0599838],[29.3760992,41.0572311],[29.3761331,41.0521742],[29.3782736,41.0489577],[29.3753181,41.0421077],[29.3766547,41.0386753],[29.3759059,41.0348941],[29.3794446,41.0332883],[29.3843054,41.0289163],[29.3990818,41.0245329],[29.4046835,41.0237932],[29.409196,41.0252436],[29.4116129,41.0266636],[29.4137748,41.026611],[29.4195638,41.0233694],[29.4219201,41.0228518],[29.4243155,41.0215519],[29.4300975,41.020676],[29.430705,41.0197718],[29.4283189,41.0153692],[29.429323,41.0143915],[29.4306726,41.0140509],[29.4331768,41.0144242],[29.4348188,41.0117293],[29.4333397,41.009772],[29.4335988,41.0086965],[29.4342126,41.00825],[29.4349551,41.0085159],[29.4361768,41.0102843],[29.437866,41.0096336],[29.4376721,41.0077781],[29.4351125,41.0048343],[29.4343662,41.003516],[29.434441,41.0025853],[29.4372267,41.0015097],[29.4398181,40.999774],[29.4408006,40.9986328],[29.4405981,40.9972882],[29.4414484,40.9964325],[29.4425417,40.9964325],[29.4453355,40.9983272],[29.4480078,40.9983578],[29.4495465,40.9989995],[29.453393,41.002422],[29.4578874,41.0043471],[29.4627867,41.0079221],[29.4661879,41.009022],[29.4710467,41.0137883],[29.4758245,41.0163852],[29.4754601,41.0172711],[29.4759055,41.0180349],[29.4813312,41.0204177],[29.4836391,41.023778],[29.4836391,41.0299788],[29.4894697,41.0319947],[29.4960696,41.0354766],[29.4974868,41.035782],[29.4989039,41.0354155],[29.4995922,41.034713],[29.4995113,41.0333997],[29.5018537,41.0319922],[29.5028489,41.0320641],[29.5053291,41.0336577],[29.5079255,41.0362312],[29.5079668,41.0401519],[29.5086371,41.041655],[29.5098677,41.0416877],[29.5115335,41.0400558],[29.5127049,41.0422962],[29.5175406,41.0440465],[29.5208967,41.0415777],[29.5224649,41.042129],[29.5235461,41.0407742],[29.5231215,41.0399787],[29.5248297,41.0375592],[29.5272179,41.0362283],[29.5257421,41.0342647],[29.5270863,41.0337893],[29.5270694,41.0322292],[29.5281986,41.0316644],[29.530487,41.0319213],[29.5303126,41.0334078],[29.5319957,41.0341101],[29.5373054,41.0331447],[29.5367735,41.0354627],[29.5386128,41.0368198],[29.5424802,41.0370316],[29.5435665,41.0355389],[29.5444479,41.0354441],[29.5454849,41.037078],[29.5467789,41.0370303],[29.5507902,41.0353979],[29.5518154,41.0359204],[29.5534896,41.0388933],[29.5567856,41.0382356],[29.5580567,41.0392344],[29.5614128,41.0378613],[29.5665838,41.034576],[29.5705148,41.0331907],[29.5716356,41.0335208],[29.5735003,41.0327495],[29.5743591,41.0337826],[29.5738133,41.0347137],[29.5745194,41.0353304],[29.5748491,41.0344288],[29.5762833,41.0343726],[29.5779985,41.0325632],[29.5888435,41.0313715],[29.5923546,41.0302994],[29.5935998,41.028816],[29.5973308,41.0288959],[29.6002632,41.026565],[29.5997643,41.0256936],[29.5988095,41.0252566],[29.5981765,41.0219541],[29.5971894,41.0205133],[29.5975756,41.0195581],[29.5997223,41.0179866],[29.6011376,41.0133977],[29.6018565,41.0124748],[29.6010625,41.0119891],[29.6013016,41.0109379],[29.6002793,41.0108557],[29.6001291,41.0104428],[29.6002364,41.0088884],[29.6010196,41.0076335],[29.6001076,41.0046297],[29.5989275,41.0033666],[29.6001573,41.0035061],[29.6034227,41.0070053],[29.605375,41.0054929],[29.6090915,41.0074019],[29.610175,41.0063767],[29.6112442,41.0003707],[29.6103859,40.9924675],[29.6068668,40.9907831],[29.6048713,40.9861507],[29.605,40.9839478],[29.6069312,40.9812588],[29.6109223,40.9799791],[29.6136477,40.9812279],[29.6143234,40.9799872],[29.6196556,40.9781566],[29.6210235,40.9762167],[29.633646,40.9709717],[29.6419716,40.9708745],[29.6465635,40.9701616],[29.6483499,40.9687075],[29.6494978,40.9685617],[29.6517777,40.9694042],[29.6521184,40.968665],[29.6543688,40.9683186],[29.6553022,40.9672655],[29.6556294,40.9640614],[29.6574211,40.9639075],[29.6589017,40.9633404],[29.6587998,40.9628178],[29.6601248,40.9626679],[29.6601784,40.9632674],[29.6623349,40.9633566],[29.6630752,40.9619185],[29.6638584,40.9617767],[29.6651673,40.9634335],[29.6665406,40.9637252],[29.6670855,40.9634112],[29.6686649,40.964029],[29.6687937,40.9649607],[29.6716958,40.966427],[29.6718621,40.9647986],[29.6731979,40.9644948],[29.673906,40.9650295],[29.6747911,40.9644584],[29.6766905,40.9644098],[29.6791363,40.966022],[29.6834981,40.9699632],[29.6829182,40.970915],[29.6833044,40.9710446],[29.6838077,40.9770912],[29.6860134,40.9795984],[29.6876174,40.9799264],[29.6896344,40.9796308],[29.6910721,40.9813398],[29.6907127,40.9823684],[29.6883792,40.9839073],[29.6894038,40.9847374],[29.6910154,40.9845285],[29.6920094,40.9887823],[29.7008315,40.990049],[29.7031255,40.9946586],[29.7062573,40.9961338],[29.7106361,41.0000307],[29.7116573,41.0004562],[29.7120523,41.0011319],[29.7116905,41.002111],[29.7180605,41.002897],[29.7182134,41.0052703],[29.7194809,41.0077415],[29.7189464,41.0084263],[29.7174335,41.0097148],[29.7142408,41.0111673],[29.7134762,41.0127571],[29.7100138,41.0116086],[29.7070741,41.0126125],[29.7045851,41.0161259],[29.7022247,41.0163039],[29.6985984,41.0201571],[29.6971607,41.0210152],[29.6961522,41.0244148],[29.6975469,41.0256937],[29.6996283,41.0266325],[29.6993708,41.0270858],[29.6998891,41.0283644]]]]},"properties":{"osm_id":"relation/1275310","ad":"Şile","seviye":"6"}},{"type":"Feature","geometry":{"type":"Polygon","coordinates":[[[28.3908554,41.0829479],[28.3909839,41.0870944],[28.3944547,41.0922008],[28.3954521,41.0948286],[28.3916869,41.0985364],[28.3909678,41.1035482],[28.3901071,41.1053418],[28.3901042,41.1072185],[28.3876377,41.1125976],[28.3872777,41.1155139],[28.3880013,41.1201435],[28.3869982,41.1235085],[28.3872101,41.1246047],[28.3834255,41.1276637],[28.380524,41.1286913],[28.384119,41.129562],[28.3887381,41.1299382],[28.3886118,41.1311627],[28.3875312,41.1326569],[28.3857959,41.1376223],[28.3825388,41.1420665],[28.3828139,41.1424995],[28.3819853,41.1444403],[28.3828622,41.1451294],[28.3833718,41.1473027],[28.3853902,41.1493957],[28.3845788,41.1505908],[28.3829215,41.1513413],[28.3823794,41.153293],[28.3814175,41.1544302],[28.3818001,41.1549289],[28.3812636,41.1551147],[28.3818132,41.1561986],[28.3814353,41.1563344],[28.3815962,41.1568555],[28.3839812,41.1604263],[28.3804221,41.1621801],[28.3790452,41.1622405],[28.3789891,41.1630024],[28.3777165,41.1637714],[28.3762028,41.1624479],[28.374138,41.1631084],[28.3723159,41.1630832],[28.3712639,41.1624222],[28.3708161,41.1626778],[28.3710229,41.1639878],[28.370166,41.1663886],[28.3707601,41.1670449],[28.3706099,41.1698191],[28.3698059,41.1725173],[28.3685845,41.1732094],[28.3657765,41.1736472],[28.3650465,41.1742914],[28.3655995,41.1751654],[28.3678156,41.1761705],[28.3681691,41.1772327],[28.3693278,41.177689],[28.3723094,41.182984],[28.372075,41.1842628],[28.3746761,41.1850694],[28.3732974,41.1877137],[28.371554,41.1890742],[28.3702933,41.1894577],[28.3684723,41.1891035],[28.3672786,41.1929132],[28.369478,41.1943744],[28.3741558,41.1946126],[28.3747093,41.1956932],[28.3730865,41.1963247],[28.3730024,41.1976077],[28.3744602,41.1981874],[28.3751882,41.1988727],[28.3753248,41.1997766],[28.3782073,41.201293],[28.3784807,41.2023922],[28.3774655,41.2018057],[28.3767078,41.2023029],[28.3755076,41.2053491],[28.3738084,41.2055918],[28.3742242,41.2071191],[28.3739919,41.2084839],[28.3698152,41.2091963],[28.3684995,41.2078149],[28.3670065,41.209423],[28.3670479,41.2108821],[28.3675629,41.2115278],[28.3673215,41.2122017],[28.3610666,41.2142437],[28.3602718,41.2155826],[28.3585595,41.2163325],[28.3584587,41.2176673],[28.357864,41.2183758],[28.3521026,41.221975],[28.3496472,41.2260735],[28.3493113,41.2292222],[28.3479774,41.2330479],[28.3463765,41.2351028],[28.3470487,41.2388171],[28.3440989,41.2395568],[28.3445442,41.2410816],[28.3434927,41.2411461],[28.3431833,41.2418689],[28.3417186,41.2411889],[28.339439,41.241806],[28.338462,41.2409832],[28.3344498,41.2393278],[28.3334598,41.2394845],[28.3328997,41.2406208],[28.3314277,41.240464],[28.3315319,41.2397979],[28.3290699,41.2392102],[28.3272461,41.2408363],[28.3256178,41.241326],[28.3241849,41.2429128],[28.3218141,41.2437454],[28.3198599,41.2437337],[28.317392,41.2451594],[28.3171741,41.2463085],[28.3156764,41.2466036],[28.3152363,41.2474166],[28.3167452,41.2472654],[28.3188449,41.2488157],[28.3179396,41.2517462],[28.3173235,41.2528617],[28.3138784,41.2556502],[28.3126839,41.2557069],[28.3110368,41.2576068],[28.3089245,41.2582874],[28.3076168,41.2594783],[28.3065858,41.2641946],[28.3059697,41.2650641],[28.3061583,41.266151],[28.3057434,41.2671811],[28.306196,41.2678616],[28.3054416,41.2684569],[28.303543,41.268646],[28.3025623,41.2692697],[28.3022605,41.2701486],[28.3029144,41.2717362],[28.3029018,41.2736073],[28.3020594,41.2742971],[28.3026252,41.2755445],[28.3008146,41.2762532],[28.2985262,41.2754783],[28.2965219,41.2755851],[28.2932925,41.2732427],[28.2797313,41.2975657],[28.2748389,41.3126129],[28.2733047,41.3132254],[28.2711996,41.3153661],[28.2671908,41.3179098],[28.2654081,41.3233083],[28.2653369,41.3244169],[28.2742143,41.3338751],[28.2750454,41.3334036],[28.2754659,41.3346737],[28.2748916,41.3354944],[28.2765002,41.3372825],[28.2766963,41.3393596],[28.2797688,41.3425617],[28.2814018,41.3463649],[28.2790527,41.3496117],[28.2754993,41.3517392],[28.2746133,41.353241],[28.2727846,41.3539109],[28.2723498,41.3544882],[28.2725247,41.3556688],[28.2711135,41.3558348],[28.2680834,41.3545658],[28.2666421,41.3534574],[28.2630611,41.3471919],[28.2523298,41.3462571],[28.2477619,41.3436744],[28.2457555,41.3447965],[28.2427168,41.3448556],[28.2417948,41.345352],[28.2404915,41.3443846],[28.2379617,41.3441452],[28.2331979,41.342454],[28.2278444,41.3428926],[28.2262373,41.3434863],[28.2253897,41.3430835],[28.2206368,41.3459752],[28.2188652,41.346268],[28.2170093,41.3451474],[28.2161066,41.3436247],[28.2132114,41.3410511],[28.212676,41.3379685],[28.211369,41.3354842],[28.2097077,41.3378649],[28.2086883,41.3415265],[28.2080734,41.3421572],[28.2071668,41.3421129],[28.2049434,41.3452118],[28.1753338,41.3549068],[28.1598382,41.3586127],[28.153558,41.3590605],[28.1439487,41.3578183],[28.1406215,41.3594589],[28.1359101,41.3607532],[28.1323678,41.3637851],[28.1323157,41.3617921],[28.1337729,41.3604979],[28.1343558,41.3564056],[28.1354729,41.3556308],[28.1362986,41.3542089],[28.1357765,41.3532336],[28.1361044,41.3519483],[28.1348172,41.3506722],[28.1358676,41.3492911],[28.13183,41.3425588],[28.1241313,41.3345175],[28.1249814,41.3333413],[28.1278835,41.3335966],[28.12792,41.3320739],[28.1288428,41.3306241],[28.1291464,41.3289463],[28.1287457,41.3280162],[28.1295714,41.3275055],[28.1307857,41.325244],[28.131065,41.3232834],[28.1315629,41.3232196],[28.1330686,41.3211221],[28.1373794,41.3202375],[28.1385572,41.3204746],[28.1382051,41.3193893],[28.1390595,41.318415],[28.1381687,41.3176565],[28.1363229,41.3176292],[28.1356186,41.3178754],[28.1361286,41.3182402],[28.1345743,41.3176656],[28.132765,41.313753],[28.13081,41.3125126],[28.1284057,41.3095208],[28.1266328,41.3091104],[28.1255157,41.3073226],[28.1248235,41.3070124],[28.1250664,41.3063831],[28.1237913,41.3062827],[28.1237428,41.3056716],[28.1230871,41.3055712],[28.1227956,41.3046317],[28.1217756,41.3041847],[28.1214963,41.3032907],[28.120367,41.3033819],[28.120197,41.3027343],[28.119347,41.3028164],[28.1192134,41.3020592],[28.1184849,41.3016943],[28.1177198,41.3003442],[28.1168213,41.3000796],[28.1170763,41.2991674],[28.1166755,41.2981365],[28.1144898,41.2978446],[28.1111262,41.2982733],[28.1099726,41.2970965],[28.1087704,41.2975435],[28.108734,41.2983554],[28.1071797,41.2989667],[28.1048968,41.2981091],[28.1045204,41.2970053],[28.104059,41.2968593],[28.094126,41.2999154],[28.0933367,41.2994867],[28.0929481,41.2984193],[28.0935067,41.2970874],[28.0911854,41.2958146],[28.0892408,41.296407],[28.0884871,41.2955606],[28.086148,41.2972333],[28.086573,41.2976712],[28.0821894,41.2991218],[28.0805984,41.2985066],[28.0796754,41.2972295],[28.0788167,41.2970434],[28.0770884,41.2998688],[28.0750917,41.2967023],[28.0751896,41.2961414],[28.076262,41.29581],[28.0757018,41.294262],[28.076331,41.2919015],[28.0754173,41.2903821],[28.0765162,41.2894362],[28.0767309,41.2879246],[28.0721357,41.2849863],[28.0718148,41.2825662],[28.0694988,41.281077],[28.0675243,41.2790025],[28.0653756,41.2776846],[28.063118,41.277723],[28.0616716,41.2749571],[28.0589012,41.2720031],[28.0572522,41.2683419],[28.0578519,41.2680061],[28.0562111,41.2677203],[28.0561073,41.2668975],[28.0546826,41.267269],[28.0511627,41.2671077],[28.0458562,41.2653249],[28.0369425,41.2596665],[28.0301426,41.2561208],[28.0234011,41.253457],[28.018926,41.2522997],[28.0155317,41.2522807],[28.0133667,41.2502664],[28.0039147,41.2440889],[28.0003812,41.240615],[27.9996791,41.2390965],[28.0000882,41.2384367],[27.9988287,41.236309],[27.9985203,41.2335287],[27.9974718,41.2304],[27.9983085,41.2224189],[28.0066556,41.2134487],[28.0106667,41.207108],[28.0113119,41.2050988],[28.0135434,41.2026977],[28.0162198,41.200823],[28.0175185,41.1975714],[28.0183983,41.1970466],[28.0199003,41.1915366],[28.0201256,41.1876895],[28.0208337,41.1861473],[28.0207632,41.1840943],[28.0218851,41.1823523],[28.02334,41.1812963],[28.0231833,41.1790739],[28.0220014,41.1771951],[28.0214882,41.1739379],[28.0203509,41.1722904],[28.0185538,41.171512],[28.0169606,41.171499],[28.0161238,41.1693346],[28.0170035,41.168107],[28.0167889,41.1670086],[28.0129557,41.1669367],[28.0126462,41.164951],[28.0136239,41.1623401],[28.0108657,41.1618807],[28.0061942,41.1621139],[27.9921555,41.1615768],[27.9889744,41.1621664],[27.9842795,41.1619934],[27.9808259,41.1573563],[27.9787012,41.1523912],[27.978605,41.1513704],[27.9807079,41.1437923],[27.980032,41.140819],[27.9788196,41.1384758],[27.97839,41.1342688],[27.9761052,41.1279789],[27.9733564,41.1229912],[27.9758237,41.1233733],[27.9756439,41.1195252],[27.974925,41.1160658],[27.9724038,41.1117251],[27.9757941,41.111038],[27.9773618,41.1114299],[27.975561,41.1098394],[27.972873,41.1088861],[27.9756868,41.1075135],[27.9756868,41.1065596],[27.973423,41.1025417],[27.9708481,41.0998253],[27.9765022,41.0985236],[27.9774356,41.0994534],[27.9779506,41.0989925],[27.9782617,41.0970278],[27.977507,41.0965996],[27.9767218,41.0944267],[27.9769957,41.092217],[27.9751854,41.0902676],[27.9747685,41.0876566],[27.9757985,41.0864097],[27.9788097,41.0845467],[27.9789505,41.0835969],[27.9784407,41.0822078],[27.9750011,41.0796342],[27.9746651,41.0779069],[27.9753971,41.0756632],[27.9759765,41.0751618],[27.9810104,41.076032],[27.9819775,41.0749845],[27.9810834,41.072064],[27.9823065,41.0714493],[27.9836672,41.0719398],[27.9839896,41.0716475],[27.9801792,41.0677771],[27.9757529,41.0661404],[27.9753475,41.0656144],[27.9775137,41.0624535],[27.9772923,41.0609139],[27.9787849,41.0575998],[27.9773923,41.0516837],[27.9781295,41.049336],[27.9765272,41.048056],[27.9765255,41.047313],[27.9739172,41.043426],[27.9741871,41.0420719],[27.9768929,41.0420891],[27.9765689,41.0438713],[27.9803968,41.0436561],[27.9806113,41.0411918],[27.9816959,41.0401358],[27.984444,41.0432059],[27.9859367,41.0440022],[27.9922982,41.042841],[27.9943246,41.0411451],[27.994709,41.0387642],[27.9953149,41.0381139],[27.9961626,41.039105],[28.0053767,41.0401005],[28.0064131,41.0369205],[28.0057943,41.0334206],[28.0075828,41.0320583],[28.0132167,41.0353853],[28.0134334,41.0342521],[28.0169493,41.0352017],[28.0245237,41.0392336],[28.0305553,41.0411826],[28.0328266,41.0416665],[28.0353451,41.0413459],[28.037485,41.041636],[28.0378991,41.0410772],[28.0449956,41.0427353],[28.0525975,41.046713],[28.0541231,41.047001],[28.0646209,41.0531451],[28.0692029,41.0551839],[28.0750236,41.0567324],[28.087945,41.058371],[28.092692,41.058327],[28.1093955,41.0608941],[28.11727,41.0614265],[28.1228512,41.05965],[28.1228206,41.0601847],[28.1243563,41.0613023],[28.1255259,41.0635366],[28.1282596,41.065178],[28.1318778,41.0664493],[28.1379804,41.0674271],[28.1429747,41.0690315],[28.1520535,41.0701053],[28.1549556,41.0693832],[28.1574554,41.0708353],[28.1667402,41.072715],[28.1752551,41.0733657],[28.1848857,41.0732835],[28.1879586,41.0726356],[28.193007,41.072735],[28.199437,41.071898],[28.2063897,41.0703954],[28.2114892,41.0704116],[28.2137937,41.0712476],[28.2142237,41.0727283],[28.2190608,41.076825],[28.221284,41.0775243],[28.2253736,41.0778691],[28.236213,41.0774505],[28.2408727,41.0756187],[28.2423687,41.0747695],[28.2399412,41.0734851],[28.2423181,41.0742191],[28.2430919,41.0727666],[28.2406328,41.0721091],[28.2429794,41.0724986],[28.2423686,41.0710891],[28.2413692,41.071488],[28.2403053,41.0709226],[28.2382234,41.0729202],[28.240387,41.0701096],[28.2402238,41.0708195],[28.2412517,41.0713],[28.2442995,41.0696051],[28.249351,41.0684399],[28.2541446,41.0649901],[28.257971,41.063829],[28.259981,41.062523],[28.265082,41.063238],[28.277285,41.062846],[28.2790527,41.0637103],[28.3061993,41.0598738],[28.311798,41.058608],[28.313134,41.057566],[28.320594,41.05748],[28.323656,41.057959],[28.3359754,41.0567608],[28.3384807,41.0582486],[28.34062,41.058276],[28.3475762,41.0571742],[28.3478656,41.0566709],[28.3514628,41.0560308],[28.352207,41.054172],[28.35918,41.053694],[28.361532,41.05264],[28.3648338,41.0523797],[28.3659562,41.0514183],[28.3675624,41.051499],[28.3657589,41.0516394],[28.3655132,41.0522966],[28.3672809,41.0521359],[28.3688675,41.0532138],[28.3711731,41.0530679],[28.38893,41.049232],[28.3909885,41.0480917],[28.3923404,41.0509986],[28.3931082,41.0564962],[28.3937073,41.0565056],[28.3934552,41.0580761],[28.3927155,41.0582437],[28.3931034,41.0591343],[28.3926498,41.0592594],[28.3936286,41.0607758],[28.3937359,41.0640601],[28.3933818,41.064861],[28.3940953,41.0650632],[28.3943858,41.0662524],[28.3924408,41.066425],[28.3930278,41.0683069],[28.3922392,41.0714048],[28.393559,41.0735569],[28.3932316,41.0738474],[28.393752,41.0744217],[28.393086,41.0751256],[28.3941677,41.0761401],[28.3926612,41.078739],[28.391845,41.0782764],[28.3896549,41.0811925],[28.3908554,41.0829479]]]},"properties":{"osm_id":"relation/1275379","ad":"Silivri","seviye":"6"}},{"type":"Feature","geometry":{"type":"Polygon","coordinates":[[[28.6263988,41.0166879],[28.6317723,41.0164075],[28.6332242,41.0185797],[28.6306507,41.0196243],[28.6266226,41.0222542],[28.6254869,41.0250306],[28.625819,41.0295851],[28.6237943,41.0329333],[28.6234005,41.035019],[28.6259288,41.0393627],[28.6276737,41.0437833],[28.6280848,41.052893],[28.6208597,41.0668343],[28.620559,41.0687411],[28.6258752,41.0799909],[28.6293207,41.0840243],[28.6284733,41.0845005],[28.6285811,41.0856078],[28.6292936,41.0864671],[28.6309601,41.08571],[28.6340208,41.088634],[28.6328204,41.0897319],[28.6334395,41.0901955],[28.6311164,41.0920828],[28.6310229,41.0931661],[28.6279973,41.0977835],[28.6252212,41.0996555],[28.6233544,41.1040697],[28.6216599,41.1067305],[28.6216915,41.1082087],[28.6201893,41.1089573],[28.6193955,41.1104318],[28.6186737,41.1106834],[28.6171961,41.1128447],[28.6157125,41.1139977],[28.6127436,41.1193918],[28.6108071,41.1185391],[28.6084896,41.1158829],[28.6073969,41.1137489],[28.6077601,41.1112118],[28.6062606,41.112499],[28.6038011,41.1126426],[28.6024761,41.1152413],[28.6028355,41.1181026],[28.603404,41.1189771],[28.6002059,41.1201921],[28.6007488,41.1207456],[28.5974389,41.1202324],[28.5969776,41.121671],[28.5946387,41.1225116],[28.5951079,41.1243072],[28.5939178,41.1262559],[28.5939542,41.1273443],[28.5932547,41.1287183],[28.5916722,41.1296274],[28.5898054,41.1261201],[28.5891616,41.1271626],[28.5869944,41.1283425],[28.5862434,41.1280839],[28.586536,41.1269775],[28.5850096,41.128096],[28.5813028,41.1281688],[28.5801933,41.1276729],[28.5778664,41.1263424],[28.5767698,41.1247705],[28.5767705,41.1239613],[28.57462,41.1223267],[28.5722767,41.1192642],[28.5708816,41.1187483],[28.5704613,41.1177955],[28.5686803,41.1179814],[28.5673538,41.1169304],[28.5662555,41.1147159],[28.5624499,41.1155572],[28.5593318,41.1040858],[28.5535132,41.093384],[28.5465481,41.093082],[28.5374628,41.1015737],[28.5301316,41.104191],[28.5276103,41.105921],[28.5246169,41.1067051],[28.5229862,41.1082249],[28.5223424,41.1081683],[28.5219232,41.1071258],[28.5207646,41.107293],[28.5080856,41.1026769],[28.5116416,41.0963344],[28.5155901,41.0855302],[28.5257861,41.0718825],[28.5209906,41.0689904],[28.5182418,41.0704401],[28.5166413,41.0706314],[28.5157354,41.0695703],[28.5160392,41.0689621],[28.5151595,41.0675668],[28.5129064,41.0669277],[28.5106645,41.0670619],[28.5073103,41.0651917],[28.506003,41.0639842],[28.5053558,41.0626267],[28.5036742,41.0614476],[28.5039425,41.0605614],[28.5030091,41.060432],[28.502537,41.0594693],[28.5011202,41.0588076],[28.4998444,41.0588028],[28.4981781,41.0579725],[28.4948223,41.0572852],[28.4919906,41.0573684],[28.491497,41.0569048],[28.4907614,41.0573137],[28.4894478,41.0566297],[28.4882322,41.0570862],[28.4855085,41.0570684],[28.4836972,41.0557883],[28.483032,41.0565488],[28.4816909,41.0563142],[28.4758437,41.0625596],[28.4756966,41.0632629],[28.4738159,41.065221],[28.4728274,41.0673992],[28.4717989,41.068232],[28.4703827,41.0684646],[28.4673226,41.0677868],[28.4594623,41.069148],[28.4572023,41.0685334],[28.455196,41.0700095],[28.4520404,41.0704956],[28.4485542,41.0738089],[28.4439951,41.076379],[28.4415982,41.0767257],[28.4406799,41.0764113],[28.4380996,41.0773657],[28.4367156,41.0784292],[28.4350868,41.0782226],[28.4323329,41.078963],[28.430348,41.0781057],[28.4306439,41.0777923],[28.4298234,41.0772069],[28.4247851,41.0766095],[28.4222324,41.0756545],[28.4203679,41.0770067],[28.4166366,41.0778428],[28.4147176,41.0808302],[28.4122017,41.0824798],[28.4077748,41.0832178],[28.402019,41.0857275],[28.399122,41.0836505],[28.3976671,41.0841963],[28.3960211,41.0827882],[28.3952272,41.0814862],[28.3948925,41.0815692],[28.3933792,41.0777245],[28.3941677,41.0761401],[28.393086,41.0751256],[28.393752,41.0744217],[28.3921979,41.0709885],[28.3930278,41.0683069],[28.3924408,41.066425],[28.3943858,41.0662524],[28.3940953,41.0650632],[28.3933818,41.064861],[28.3937359,41.0640601],[28.3936286,41.0607758],[28.3926498,41.0592594],[28.3931034,41.0591343],[28.3927155,41.0582437],[28.3934552,41.0580761],[28.3937073,41.0565056],[28.3931082,41.0564962],[28.3923404,41.0509986],[28.3909885,41.0480917],[28.393666,41.048661],[28.397379,41.047846],[28.4292414,41.0386136],[28.450588,41.031015],[28.4590176,41.0273978],[28.4589921,41.026337],[28.4599107,41.026914],[28.46577,41.0246338],[28.4734476,41.020875],[28.4751357,41.0194549],[28.475391,41.01825],[28.4802392,41.0161966],[28.4818398,41.0148392],[28.4816528,41.0136766],[28.4825701,41.0129886],[28.4977283,41.0073299],[28.5084201,41.0021276],[28.5091465,41.0009056],[28.5076439,41.0002007],[28.507387,40.9995938],[28.5083628,40.9981521],[28.5101008,40.9969375],[28.5103803,40.9970861],[28.5085698,40.9982383],[28.5075581,40.9997776],[28.5079374,41.0000173],[28.5091229,40.9985983],[28.508028,41.0000752],[28.508432,41.000308],[28.5091476,40.9995582],[28.5085827,41.0002942],[28.5090371,41.0005359],[28.5103991,40.9985375],[28.5102489,40.9979091],[28.5107376,40.9984569],[28.5117842,40.9983711],[28.512988,40.9976975],[28.5118926,40.9973092],[28.5112735,40.9976484],[28.5119467,40.9971027],[28.5144151,40.9975556],[28.5181171,40.9964806],[28.5376517,40.9877045],[28.5414947,40.984499],[28.5444752,40.9863046],[28.5440495,40.9866214],[28.5440021,40.9883631],[28.544506,40.9889316],[28.5447329,40.9917786],[28.5463022,40.9966753],[28.5474318,40.99856],[28.5471964,40.9997144],[28.5509295,41.0029444],[28.5518006,41.0044689],[28.5521182,41.0073585],[28.5541163,41.0092074],[28.5565688,41.0099135],[28.5570713,41.009672],[28.557779,41.010839],[28.5605596,41.0126234],[28.5653656,41.0139892],[28.5661113,41.0152915],[28.564329,41.0136101],[28.5629224,41.0137166],[28.5631831,41.0153113],[28.5642829,41.0153222],[28.5632677,41.0154299],[28.5630485,41.0162331],[28.5643851,41.0168141],[28.5653996,41.0162418],[28.5654129,41.0154426],[28.5652461,41.0166259],[28.5670983,41.018058],[28.5727487,41.0183112],[28.5731587,41.0174522],[28.5745731,41.0165591],[28.5810061,41.014762],[28.5830349,41.0152263],[28.5805316,41.0151985],[28.5751141,41.0167106],[28.5746959,41.0171038],[28.5748874,41.0182852],[28.5776287,41.0180186],[28.5774464,41.0169269],[28.5779246,41.0168831],[28.5781021,41.0179268],[28.5822501,41.0172919],[28.5820091,41.0157036],[28.5825527,41.0162972],[28.5831565,41.0162479],[28.582616,41.0167078],[28.5833501,41.0174829],[28.5868065,41.0170785],[28.5917419,41.0157481],[28.5921449,41.0147228],[28.5924601,41.0152597],[28.593408,41.0150557],[28.5944702,41.0145252],[28.5945375,41.0138543],[28.5958948,41.0138486],[28.5973536,41.0122557],[28.5973692,41.0116445],[28.5989018,41.0105456],[28.5998595,41.0083547],[28.5975813,41.0040657],[28.5969738,40.9988606],[28.5971958,40.9970129],[28.5999066,40.9971075],[28.6017144,40.9980185],[28.6021703,40.9978201],[28.602047,40.9971156],[28.6026424,40.9963666],[28.6037073,40.9972938],[28.6048177,40.9975549],[28.609364,40.9930647],[28.611255,40.9918399],[28.6127072,40.9916686],[28.614032,40.9927931],[28.6147778,40.9963249],[28.6176467,40.9993991],[28.620179,41.0041171],[28.6259346,41.0097734],[28.625965,41.0147675],[28.6263988,41.0166879]]]},"properties":{"osm_id":"relation/1275387","ad":"Büyükçekmece","seviye":"6"}},{"type":"Feature","geometry":{"type":"Polygon","coordinates":[[[28.4442644,41.0761011],[28.4485542,41.0738089],[28.4520404,41.0704956],[28.455196,41.0700095],[28.4572023,41.0685334],[28.4594623,41.069148],[28.4673226,41.0677868],[28.4703827,41.0684646],[28.4717989,41.068232],[28.4728274,41.0673992],[28.4738159,41.065221],[28.4756966,41.0632629],[28.4758437,41.0625596],[28.4816909,41.0563142],[28.483032,41.0565488],[28.4836972,41.0557883],[28.4855085,41.0570684],[28.4899528,41.0566859],[28.4907614,41.0573137],[28.491497,41.0569048],[28.4919906,41.0573684],[28.4948223,41.0572852],[28.5011202,41.0588076],[28.502537,41.0594693],[28.5030091,41.060432],[28.5040712,41.0606909],[28.5036742,41.0614476],[28.5053558,41.0626267],[28.506003,41.0639842],[28.5073103,41.0651917],[28.5106645,41.0670619],[28.5129064,41.0669277],[28.5151595,41.0675668],[28.5160392,41.0689621],[28.5157354,41.0695703],[28.5166413,41.0706314],[28.5182418,41.0704401],[28.5209906,41.0689904],[28.5257861,41.0718825],[28.5155901,41.0855302],[28.5116416,41.0963344],[28.5080856,41.1026769],[28.5207646,41.107293],[28.5219232,41.1071258],[28.5223424,41.1081683],[28.5229862,41.1082249],[28.5246169,41.1067051],[28.5276103,41.105921],[28.5301316,41.104191],[28.5374628,41.1015737],[28.5465481,41.093082],[28.5535132,41.093384],[28.5593318,41.1040858],[28.5624499,41.1155572],[28.5625533,41.1179936],[28.5663811,41.122059],[28.5691321,41.1235581],[28.571602,41.1261681],[28.5743178,41.1278347],[28.5739901,41.1290338],[28.5728897,41.1297392],[28.5727609,41.1316349],[28.5707709,41.1364929],[28.5677859,41.1402],[28.5709933,41.1432591],[28.5722868,41.1454364],[28.5748797,41.1474771],[28.5758864,41.1477415],[28.5798782,41.1518139],[28.5798431,41.1523163],[28.5819267,41.1547754],[28.5847479,41.1619319],[28.5858248,41.1634917],[28.591315,41.1656596],[28.5930475,41.1686558],[28.5940308,41.172154],[28.5940542,41.1788416],[28.5942649,41.182216],[28.595096,41.1850264],[28.5950843,41.1900742],[28.5912798,41.1970155],[28.5884587,41.2003096],[28.5857312,41.2050745],[28.5860824,41.2064043],[28.5857195,41.210156],[28.5848767,41.2106667],[28.5824886,41.2140835],[28.5830505,41.2140395],[28.5832963,41.2147351],[28.5821023,41.2177731],[28.582992,41.2225454],[28.5814,41.2281626],[28.5808147,41.2289109],[28.581002,41.2302403],[28.5792248,41.2293888],[28.5791087,41.2303469],[28.5771561,41.232824],[28.5740212,41.2345663],[28.5764909,41.2360675],[28.5772351,41.2371544],[28.5769951,41.2403031],[28.5753322,41.2419488],[28.5750317,41.2437478],[28.5753965,41.2458049],[28.576864,41.2472828],[28.5766591,41.2481308],[28.5744718,41.2490705],[28.5750502,41.2505444],[28.5741413,41.2530566],[28.5746455,41.2537584],[28.5754502,41.2537664],[28.5754358,41.2542808],[28.574152,41.2550167],[28.5737979,41.2558877],[28.5748996,41.2570601],[28.5746133,41.2584979],[28.5729557,41.2595323],[28.5696016,41.2599759],[28.5681544,41.2606076],[28.5659301,41.2601912],[28.5622948,41.2617812],[28.5612666,41.2615093],[28.5598397,41.2618964],[28.5586155,41.2611926],[28.5557413,41.2616947],[28.5528363,41.2601924],[28.549246,41.2604594],[28.5476611,41.263197],[28.5455274,41.2651787],[28.5450821,41.269369],[28.5435787,41.2708851],[28.5447013,41.2709123],[28.5447671,41.2718726],[28.5433627,41.2750057],[28.5432851,41.2765083],[28.5517074,41.2781573],[28.5521922,41.2788656],[28.5517074,41.2809096],[28.5527577,41.2836012],[28.551869,41.2869604],[28.5531078,41.2899147],[28.5556392,41.2925249],[28.5567164,41.2950744],[28.5561239,41.3017914],[28.5579821,41.3060196],[28.5572727,41.3093727],[28.5730883,41.3536243],[28.5653133,41.3660487],[28.5342134,41.3711307],[28.5196667,41.3831754],[28.4955893,41.3876916],[28.4913939,41.390082],[28.4904349,41.3934231],[28.4892653,41.3943481],[28.490664,41.4023313],[28.4901435,41.4055197],[28.4911108,41.4060059],[28.4911315,41.4073306],[28.491894,41.4071566],[28.4919557,41.408084],[28.4881014,41.4099529],[28.4685105,41.4183087],[28.4509532,41.4249379],[28.4344357,41.4305006],[28.4018683,41.4432057],[28.3772733,41.4532807],[28.3655078,41.4586166],[28.3332573,41.4717004],[28.3297116,41.4726779],[28.3055046,41.4827316],[28.3001107,41.4854141],[28.2905057,41.4889464],[28.2795489,41.4940274],[28.2787281,41.4944755],[28.2783139,41.495524],[28.2767299,41.4951163],[28.2722855,41.4962233],[28.2706271,41.4973114],[28.2684892,41.499989],[28.2672827,41.5000023],[28.2638928,41.5019406],[28.2619335,41.5023343],[28.2609585,41.504335],[28.2618114,41.5049858],[28.2609133,41.5053572],[28.2609576,41.506088],[28.2599641,41.5072705],[28.2581449,41.5077277],[28.2563129,41.5075248],[28.2543415,41.5090493],[28.2525364,41.5097423],[28.2527429,41.5105577],[28.2519801,41.5105323],[28.2503567,41.5115486],[28.2504277,41.5110305],[28.2494252,41.5105256],[28.2477663,41.5114623],[28.2468072,41.5112627],[28.2478018,41.5123391],[28.247101,41.5143784],[28.2462937,41.5148102],[28.2459328,41.514406],[28.245451,41.5149497],[28.2451898,41.5145405],[28.2439479,41.5148338],[28.2439694,41.5159464],[28.2433203,41.5155367],[28.2403028,41.5160207],[28.2390502,41.5171132],[28.2373926,41.5168421],[28.2374087,41.5176595],[28.236655,41.5178342],[28.2364726,41.5186918],[28.2332443,41.519772],[28.2317626,41.5210675],[28.2313228,41.5220676],[28.2321677,41.5227785],[28.2316121,41.5230863],[28.2322508,41.5236242],[28.2316956,41.5240416],[28.2295713,41.5238066],[28.2291716,41.5250336],[28.2281523,41.5243814],[28.2259878,41.5246006],[28.2254112,41.5237039],[28.224226,41.5231208],[28.2204801,41.5246505],[28.2197801,41.5254083],[28.219097,41.528001],[28.2218627,41.5289108],[28.2214103,41.5296878],[28.2202393,41.5297276],[28.2195385,41.5303452],[28.2190151,41.5300995],[28.2190595,41.5305046],[28.2183784,41.5304351],[28.2174289,41.5316639],[28.2157594,41.5320918],[28.2146662,41.5331337],[28.2140295,41.5330348],[28.2141537,41.5334531],[28.2119182,41.5346418],[28.2109513,41.536096],[28.2095763,41.5368065],[28.2077754,41.5386525],[28.2060456,41.5384533],[28.2056552,41.5388252],[28.2058257,41.5396949],[28.1990551,41.5453919],[28.1989324,41.5471869],[28.1994727,41.5475295],[28.1994635,41.5484476],[28.195569,41.548912],[28.1944048,41.5482147],[28.1925174,41.5481903],[28.1919962,41.5486925],[28.1929869,41.5501371],[28.1926715,41.5514343],[28.1930134,41.5524765],[28.1912525,41.5525664],[28.1904676,41.5530588],[28.188126,41.552969],[28.1882679,41.5535701],[28.1871629,41.5534537],[28.1860846,41.5541522],[28.186279,41.554785],[28.1856662,41.5550193],[28.1854624,41.5560189],[28.1857896,41.5573837],[28.188386,41.557843],[28.1882679,41.5585598],[28.1859934,41.5604745],[28.1827855,41.5611368],[28.1819701,41.5628507],[28.1809026,41.5634969],[28.1808919,41.5642475],[28.181521,41.565615],[28.1840837,41.5662383],[28.1847435,41.5669848],[28.1866747,41.5669487],[28.1847435,41.5681608],[28.1823459,41.5684721],[28.1826353,41.5696377],[28.1819379,41.5706973],[28.1825817,41.5711708],[28.18231,41.571383],[28.181622,41.571133],[28.1792128,41.5723587],[28.176158,41.571446],[28.1752646,41.5722183],[28.1756312,41.5726325],[28.176858,41.572337],[28.1769651,41.5728805],[28.172083,41.5729],[28.171078,41.574065],[28.1703454,41.5736189],[28.169058,41.5741727],[28.1675881,41.5738396],[28.1674218,41.5743854],[28.1657213,41.5750756],[28.1671965,41.5768373],[28.167041,41.577699],[28.1660056,41.577985],[28.1659305,41.5784385],[28.161591,41.578781],[28.158191,41.579843],[28.1567815,41.579534],[28.15581,41.580509],[28.1552553,41.5794818],[28.1535816,41.5793053],[28.1499767,41.5807338],[28.1463718,41.5832858],[28.1417584,41.5820018],[28.1397462,41.5822387],[28.1380892,41.5814962],[28.1368983,41.5805733],[28.1363618,41.5784465],[28.1349349,41.5782378],[28.1329476,41.5764275],[28.1329018,41.5754432],[28.1334677,41.5749333],[28.1322849,41.5740001],[28.1305253,41.5739038],[28.1307185,41.5728765],[28.1283367,41.5731574],[28.1287336,41.5719775],[28.1276286,41.5713996],[28.1255901,41.5681086],[28.1242481,41.5681813],[28.1231071,41.5670807],[28.1241366,41.5663536],[28.12294,41.5644562],[28.1208389,41.5631298],[28.1179902,41.5625885],[28.1185627,41.5605387],[28.1189925,41.560325],[28.1223849,41.5607585],[28.1233907,41.5601454],[28.1237603,41.5570432],[28.1246292,41.5567418],[28.124876,41.5556822],[28.1247411,41.5540716],[28.1236625,41.5535608],[28.1246567,41.5523899],[28.1220281,41.5517636],[28.1209016,41.5519884],[28.1188631,41.5496921],[28.1197858,41.54856],[28.1215874,41.5488333],[28.120687,41.5476446],[28.1224251,41.5471709],[28.1225538,41.5466891],[28.1213844,41.5456131],[28.1217277,41.54477],[28.1206012,41.5441678],[28.1213426,41.5428488],[28.1187166,41.5416818],[28.1165007,41.5425226],[28.1159019,41.5417587],[28.1168461,41.5411324],[28.1161916,41.540241],[28.1165671,41.5398957],[28.117876,41.539719],[28.121438,41.5369886],[28.1202793,41.5352459],[28.1211376,41.5347801],[28.1202432,41.5337083],[28.1207943,41.5315033],[28.1198002,41.5294475],[28.1164813,41.5267967],[28.1165465,41.5261476],[28.1141351,41.5239586],[28.1113715,41.5224193],[28.1095835,41.520317],[28.105613,41.5181054],[28.1046152,41.5157436],[28.1028919,41.5155354],[28.1022967,41.5167105],[28.1011605,41.5159685],[28.0973759,41.5151332],[28.0959677,41.5133013],[28.0956582,41.5120456],[28.0924272,41.5092361],[28.0919122,41.5096218],[28.0866766,41.5087219],[28.082664,41.509204],[28.0812263,41.5085452],[28.0789104,41.5089587],[28.0761886,41.5076325],[28.0754757,41.5065848],[28.076334,41.5052349],[28.0772996,41.5049618],[28.0776214,41.5033226],[28.0767631,41.5022781],[28.0752611,41.5017638],[28.0739472,41.4983823],[28.0725204,41.4971493],[28.0717635,41.4954478],[28.0709481,41.4947567],[28.0711841,41.4934067],[28.0729427,41.4929458],[28.0786008,41.4931414],[28.0813229,41.49106],[28.0853471,41.4900769],[28.0867059,41.4881014],[28.0894875,41.4854985],[28.0903995,41.4830471],[28.093586,41.4800571],[28.0967188,41.4782566],[28.0987143,41.4781199],[28.0996426,41.4764944],[28.1027643,41.4752341],[28.1049293,41.4756726],[28.1044904,41.4748018],[28.1049049,41.4740766],[28.1063318,41.4733933],[28.1064498,41.4692291],[28.1085734,41.4682599],[28.1116855,41.4654104],[28.1127262,41.4596296],[28.1118889,41.4541597],[28.112391,41.4491531],[28.1136382,41.447608],[28.1133699,41.4427023],[28.1137776,41.4388739],[28.1124365,41.4363725],[28.1126228,41.4346944],[28.1110816,41.4319092],[28.1112403,41.4265362],[28.1130266,41.4224721],[28.1146101,41.4210297],[28.1161602,41.4176233],[28.1182477,41.4162125],[28.1205261,41.4133484],[28.1217715,41.4096812],[28.1200506,41.409271],[28.1182394,41.4079681],[28.1170821,41.4081706],[28.1133068,41.4070568],[28.1101298,41.4039901],[28.107819,41.4043703],[28.1017631,41.4041086],[28.1015897,41.4023803],[28.1008386,41.4010366],[28.0989144,41.394076],[28.0993294,41.388405],[28.0988078,41.3860364],[28.0948293,41.3773964],[28.0921247,41.3750215],[28.090539,41.3727026],[28.0893576,41.3695754],[28.089143,41.3616965],[28.0885863,41.3588209],[28.0890302,41.3555044],[28.0878997,41.3538681],[28.0877387,41.3524185],[28.0890057,41.35033],[28.0887095,41.349552],[28.0899167,41.3474814],[28.0897665,41.3462732],[28.0866122,41.3393138],[28.0850459,41.3381136],[28.0831614,41.3342064],[28.082119,41.3330359],[28.0820263,41.3305444],[28.0795005,41.325843],[28.0804324,41.3244661],[28.0793545,41.3231961],[28.0798265,41.3230219],[28.0789411,41.3212754],[28.0778702,41.321122],[28.0780438,41.3144735],[28.0776395,41.3142416],[28.0781802,41.3119094],[28.0778294,41.3095422],[28.0771301,41.3083127],[28.0764326,41.3021638],[28.0783645,41.3010962],[28.0770884,41.2998688],[28.0781299,41.2980019],[28.0791373,41.2969633],[28.0805984,41.2985066],[28.0821894,41.2991218],[28.086573,41.2976712],[28.086148,41.2972333],[28.0884871,41.2955606],[28.0892408,41.296407],[28.0911854,41.2958146],[28.0935067,41.2970874],[28.0929481,41.2984193],[28.0933367,41.2994867],[28.094126,41.2999154],[28.104059,41.2968593],[28.1045204,41.2970053],[28.1048968,41.2981091],[28.1071797,41.2989667],[28.108734,41.2983554],[28.1087704,41.2975435],[28.1099726,41.2970965],[28.1111262,41.2982733],[28.1144898,41.2978446],[28.1166755,41.2981365],[28.1170763,41.2991674],[28.1168213,41.3000796],[28.1177198,41.3003442],[28.1184849,41.3016943],[28.1192134,41.3020592],[28.119347,41.3028164],[28.120197,41.3027343],[28.120367,41.3033819],[28.1214963,41.3032907],[28.1217756,41.3041847],[28.1227956,41.3046317],[28.1230871,41.3055712],[28.1237428,41.3056716],[28.1237913,41.3062827],[28.1250664,41.3063831],[28.1248235,41.3070124],[28.1255157,41.3073226],[28.1266328,41.3091104],[28.1284057,41.3095208],[28.13081,41.3125126],[28.132765,41.313753],[28.1345743,41.3176656],[28.1361286,41.3182402],[28.1356186,41.3178754],[28.1363229,41.3176292],[28.1381687,41.3176565],[28.1390595,41.318415],[28.1382051,41.3193893],[28.1385572,41.3204746],[28.1373794,41.3202375],[28.1330686,41.3211221],[28.1315629,41.3232196],[28.131065,41.3232834],[28.1307857,41.325244],[28.1295714,41.3275055],[28.1287457,41.3280162],[28.1291464,41.3289463],[28.1288428,41.3306241],[28.12792,41.3320739],[28.1278835,41.3335966],[28.1249814,41.3333413],[28.1241313,41.3345175],[28.13183,41.3425588],[28.1358676,41.3492911],[28.1348172,41.3506722],[28.1361044,41.3519483],[28.1357765,41.3532336],[28.1362986,41.3542089],[28.1354729,41.3556308],[28.1343558,41.3564056],[28.1337729,41.3604979],[28.1323157,41.3617921],[28.1323678,41.3637851],[28.1359101,41.3607532],[28.1406215,41.3594589],[28.1439487,41.3578183],[28.153558,41.3590605],[28.1598382,41.3586127],[28.1753338,41.3549068],[28.2049434,41.3452118],[28.2071668,41.3421129],[28.2080734,41.3421572],[28.2086883,41.3415265],[28.2097077,41.3378649],[28.211369,41.3354842],[28.212676,41.3379685],[28.2132114,41.3410511],[28.2161066,41.3436247],[28.2170093,41.3451474],[28.2188652,41.346268],[28.2206368,41.3459752],[28.2253897,41.3430835],[28.2262373,41.3434863],[28.2278444,41.3428926],[28.2331979,41.342454],[28.2379617,41.3441452],[28.2404915,41.3443846],[28.2417948,41.345352],[28.2427168,41.3448556],[28.2457555,41.3447965],[28.2477619,41.3436744],[28.2523298,41.3462571],[28.2630611,41.3471919],[28.2666421,41.3534574],[28.2680834,41.3545658],[28.2711135,41.3558348],[28.2725247,41.3556688],[28.2723498,41.3544882],[28.2727846,41.3539109],[28.2746133,41.353241],[28.2754993,41.3517392],[28.2790527,41.3496117],[28.2814018,41.3463649],[28.2797688,41.3425617],[28.2766963,41.3393596],[28.2765002,41.3372825],[28.2748916,41.3354944],[28.2754659,41.3346737],[28.2750454,41.3334036],[28.2742143,41.3338751],[28.2653369,41.3244169],[28.2654081,41.3233083],[28.2671908,41.3179098],[28.2711996,41.3153661],[28.2733047,41.3132254],[28.2748389,41.3126129],[28.2797313,41.2975657],[28.2932925,41.2732427],[28.2965219,41.2755851],[28.2985262,41.2754783],[28.3008146,41.2762532],[28.3026252,41.2755445],[28.3020594,41.2742971],[28.3029018,41.2736073],[28.3029144,41.2717362],[28.3022605,41.2701486],[28.3025623,41.2692697],[28.303543,41.268646],[28.3054416,41.2684569],[28.306196,41.2678616],[28.3057434,41.2671811],[28.3061583,41.266151],[28.3059697,41.2650641],[28.3065858,41.2641946],[28.3076168,41.2594783],[28.3089245,41.2582874],[28.3110368,41.2576068],[28.3126839,41.2557069],[28.3138784,41.2556502],[28.3173235,41.2528617],[28.3179396,41.2517462],[28.3188449,41.2488157],[28.3167452,41.2472654],[28.3152363,41.2474166],[28.3156764,41.2466036],[28.3171741,41.2463085],[28.317392,41.2451594],[28.3198599,41.2437337],[28.3218141,41.2437454],[28.3241849,41.2429128],[28.3256178,41.241326],[28.3272461,41.2408363],[28.3290699,41.2392102],[28.3315319,41.2397979],[28.3314277,41.240464],[28.3328997,41.2406208],[28.3334598,41.2394845],[28.3344498,41.2393278],[28.338462,41.2409832],[28.339439,41.241806],[28.3417186,41.2411889],[28.3431833,41.2418689],[28.3434927,41.2411461],[28.3445442,41.2410816],[28.3440989,41.2395568],[28.3470487,41.2388171],[28.3463765,41.2351028],[28.3479774,41.2330479],[28.3493113,41.2292222],[28.3496472,41.2260735],[28.3521026,41.221975],[28.357864,41.2183758],[28.3584587,41.2176673],[28.3585595,41.2163325],[28.3602718,41.2155826],[28.3610666,41.2142437],[28.3673215,41.2122017],[28.3675629,41.2115278],[28.3670479,41.2108821],[28.3670065,41.209423],[28.3684995,41.2078149],[28.3698152,41.2091963],[28.3739919,41.2084839],[28.3742242,41.2071191],[28.3738084,41.2055918],[28.3755076,41.2053491],[28.3767078,41.2023029],[28.3774655,41.2018057],[28.3784807,41.2023922],[28.3782073,41.201293],[28.3753248,41.1997766],[28.3751882,41.1988727],[28.3744602,41.1981874],[28.3730024,41.1976077],[28.3730865,41.1963247],[28.3747093,41.1956932],[28.3741558,41.1946126],[28.369478,41.1943744],[28.3672786,41.1929132],[28.3684723,41.1891035],[28.3702933,41.1894577],[28.371554,41.1890742],[28.3732974,41.1877137],[28.3746761,41.1850694],[28.372075,41.1842628],[28.3723094,41.182984],[28.3693278,41.177689],[28.3681691,41.1772327],[28.3678156,41.1761705],[28.3655995,41.1751654],[28.3650465,41.1742914],[28.3657765,41.1736472],[28.3685845,41.1732094],[28.3698059,41.1725173],[28.3706099,41.1698191],[28.3707601,41.1670449],[28.370166,41.1663886],[28.3710229,41.1639878],[28.3708161,41.1626778],[28.3712639,41.1624222],[28.3723159,41.1630832],[28.374138,41.1631084],[28.3762028,41.1624479],[28.3777165,41.1637714],[28.3789891,41.1630024],[28.3790452,41.1622405],[28.3804221,41.1621801],[28.3839812,41.1604263],[28.3815962,41.1568555],[28.3814353,41.1563344],[28.3818132,41.1561986],[28.3812636,41.1551147],[28.3818001,41.1549289],[28.3814175,41.1544302],[28.3823794,41.153293],[28.3829215,41.1513413],[28.3845788,41.1505908],[28.3853902,41.1493957],[28.3833718,41.1473027],[28.3828622,41.1451294],[28.3819853,41.1444403],[28.3828139,41.1424995],[28.3825388,41.1420665],[28.3857959,41.1376223],[28.3875312,41.1326569],[28.3886118,41.1311627],[28.3887381,41.1299382],[28.384119,41.129562],[28.380524,41.1286913],[28.3834255,41.1276637],[28.3872101,41.1246047],[28.3869982,41.1235085],[28.3880013,41.1201435],[28.3872777,41.1155139],[28.3876377,41.1125976],[28.3901042,41.1072185],[28.3901071,41.1053418],[28.3909678,41.1035482],[28.3916869,41.0985364],[28.3954521,41.0948286],[28.3944547,41.0922008],[28.3909839,41.0870944],[28.3910644,41.0834837],[28.3896549,41.0811925],[28.391845,41.0782764],[28.3926612,41.078739],[28.3933792,41.0777245],[28.3948925,41.0815692],[28.3952272,41.0814862],[28.3960211,41.0827882],[28.3976671,41.0841963],[28.399122,41.0836505],[28.402019,41.0857275],[28.4077748,41.0832178],[28.4122017,41.0824798],[28.4147176,41.0808302],[28.4166366,41.0778428],[28.4203679,41.0770067],[28.4222324,41.0756545],[28.4247851,41.0766095],[28.4298234,41.0772069],[28.4306439,41.0777923],[28.430348,41.0781057],[28.4327199,41.0790189],[28.4350868,41.0782226],[28.4367156,41.0784292],[28.4380996,41.0773657],[28.4406799,41.0764113],[28.4415982,41.0767257],[28.4442644,41.0761011]]]},"properties":{"osm_id":"relation/1275389","ad":"Çatalca","seviye":"6"}},{"type":"Feature","geometry":{"type":"Polygon","coordinates":[[[29.4067032,40.9600886],[29.3999806,40.9645165],[29.399029,40.9591567],[29.3958813,40.9542212],[29.3944899,40.9534453],[29.3934735,40.9537517],[29.3910926,40.9531322],[29.3912277,40.9540341],[29.3900811,40.954592],[29.3899074,40.9524948],[29.3845965,40.9513496],[29.3822645,40.948062],[29.3779815,40.9485496],[29.3761846,40.948218],[29.3744933,40.9459457],[29.3732493,40.9452886],[29.373542,40.9446928],[29.3729054,40.9442129],[29.3727896,40.9422114],[29.3647191,40.9396835],[29.3589226,40.9372556],[29.3556702,40.9351111],[29.3502212,40.9338859],[29.3466775,40.9339557],[29.34253,40.9331775],[29.3366223,40.9310924],[29.3374603,40.9300825],[29.3374884,40.9280153],[29.3385797,40.9263433],[29.3372459,40.9238467],[29.3366699,40.9192198],[29.3351239,40.9160816],[29.3358211,40.9138595],[29.3348207,40.9117977],[29.3327897,40.9105835],[29.3303949,40.9104461],[29.3297279,40.9095297],[29.3279394,40.9089799],[29.3293263,40.9016025],[29.326598,40.8999699],[29.3266359,40.8982228],[29.3291482,40.8961337],[29.3282688,40.8935362],[29.3279254,40.8903159],[29.3247064,40.8861673],[29.3224424,40.8849239],[29.3193068,40.8819904],[29.3177543,40.8816372],[29.3145673,40.8788226],[29.310079,40.8773136],[29.3100322,40.8768208],[29.3065501,40.8767795],[29.3072724,40.8755461],[29.3089473,40.8755873],[29.309757,40.8747443],[29.312002,40.8743358],[29.3126717,40.8721282],[29.3121589,40.8710171],[29.312143,40.8685643],[29.3149214,40.8659036],[29.3151799,40.863746],[29.3121245,40.8621545],[29.3086563,40.8620518],[29.3060118,40.8611361],[29.3049495,40.8612397],[29.3048455,40.8623829],[29.3039069,40.8638361],[29.2981333,40.8638248],[29.297635,40.8632899],[29.297256,40.8609034],[29.2962481,40.8600303],[29.296331,40.859239],[29.2947361,40.859443],[29.2942058,40.8584732],[29.2947277,40.8575599],[29.2931994,40.8576803],[29.2911989,40.8554998],[29.2876996,40.8573893],[29.2879872,40.8557318],[29.287262,40.854434],[29.289024,40.8509003],[29.2893968,40.8509725],[29.2911,40.848069],[29.291553,40.84652],[29.29125,40.8450182],[29.2893968,40.842967],[29.2869936,40.84435],[29.2857919,40.8440253],[29.2832261,40.8415175],[29.2842481,40.8397082],[29.2802702,40.8356843],[29.2822243,40.8342689],[29.2798979,40.8353741],[29.2783213,40.8339168],[29.276163,40.8351369],[29.2732699,40.8356702],[29.2726473,40.8365424],[29.272275,40.836376],[29.271124,40.837296],[29.2700592,40.8388697],[29.2704282,40.8391034],[29.269722,40.84079],[29.2674499,40.8422982],[29.2703853,40.8454408],[29.2712694,40.8506284],[29.2708301,40.8492056],[29.2686606,40.8491819],[29.2685901,40.8497033],[29.26776,40.8496677],[29.2662797,40.8467292],[29.267038,40.8464701],[29.2668201,40.8456865],[29.2657934,40.845724],[29.2652772,40.8448985],[29.2656745,40.8452332],[29.2660044,40.844544],[29.2654736,40.8436108],[29.264799,40.8437189],[29.2627038,40.8399621],[29.2634325,40.839126],[29.2641651,40.8395276],[29.2646742,40.8390861],[29.2666972,40.8398989],[29.2669453,40.8396022],[29.2653119,40.8387864],[29.268309,40.8383748],[29.2682112,40.838034],[29.2663281,40.8383132],[29.2662048,40.8378735],[29.2685188,40.8378846],[29.2694294,40.8364939],[29.2667864,40.8351315],[29.2657227,40.8372186],[29.2641047,40.8372414],[29.2652942,40.8367592],[29.2673451,40.8339973],[29.2682865,40.8338759],[29.2716835,40.8318091],[29.2776769,40.8317446],[29.2794055,40.8287917],[29.2796306,40.8262868],[29.2784865,40.8244491],[29.2772515,40.8242437],[29.2760409,40.8232346],[29.2754089,40.8204272],[29.2742156,40.820031],[29.2708816,40.8202011],[29.2696504,40.8196695],[29.269202,40.8190522],[29.2691869,40.8172026],[29.2680864,40.8159435],[29.2676905,40.816113],[29.2680406,40.8158274],[29.2673703,40.8150613],[29.2641648,40.8149561],[29.2619533,40.816441],[29.2644132,40.8186867],[29.2660688,40.818945],[29.2633542,40.8186155],[29.2578911,40.8143254],[29.2545791,40.8145617],[29.2552218,40.8131291],[29.2568045,40.8117428],[29.2577803,40.8089662],[29.2586727,40.8079769],[29.2586944,40.8070705],[29.2570596,40.8051099],[29.2574279,40.8038838],[29.2571419,40.8027042],[29.25867,40.8029813],[29.2621408,40.8049022],[29.263601,40.8050142],[29.2642549,40.8067432],[29.2638856,40.8074085],[29.265518,40.8095056],[29.2643287,40.8082309],[29.2616819,40.8088111],[29.2620772,40.809947],[29.2646822,40.8094354],[29.2640545,40.8097399],[29.2651925,40.8114717],[29.2678871,40.8120662],[29.2709398,40.8116159],[29.2749102,40.8131492],[29.2758812,40.8139807],[29.27735,40.8142081],[29.284905,40.8123437],[29.2862042,40.8134834],[29.287894,40.8138894],[29.2912951,40.8127485],[29.293252,40.8130989],[29.2973987,40.8117144],[29.2964419,40.8121933],[29.2969798,40.8124329],[29.2949982,40.8126809],[29.2952657,40.8131511],[29.2949103,40.812701],[29.2943088,40.812904],[29.2945073,40.8132288],[29.2939425,40.8131177],[29.2936726,40.8138459],[29.2949166,40.8139268],[29.2932621,40.814064],[29.2939425,40.8156226],[29.2948459,40.8159945],[29.295442,40.8155007],[29.2957262,40.8161522],[29.2971454,40.8163208],[29.3020597,40.8153915],[29.3023605,40.8148479],[29.3018297,40.8147292],[29.3053157,40.813391],[29.3080224,40.8115983],[29.309284,40.8114063],[29.3127462,40.8131183],[29.3179228,40.8129302],[29.3143908,40.813668],[29.3146426,40.8147229],[29.315915,40.8160857],[29.3171087,40.8152996],[29.317781,40.8137135],[29.320566,40.8137479],[29.3187733,40.8148396],[29.3181713,40.8160542],[29.3182076,40.8172064],[29.3200596,40.817541],[29.3200733,40.8161211],[29.3207091,40.8153304],[29.3203759,40.816916],[29.3208566,40.8166492],[29.321064,40.8154148],[29.32138,40.8162323],[29.3205144,40.8177253],[29.3215827,40.8172923],[29.3219465,40.8152401],[29.3206489,40.8143757],[29.3221438,40.8151418],[29.3222331,40.8170534],[29.324177,40.8165826],[29.322637,40.8151379],[29.3237395,40.815692],[29.3243976,40.8164271],[29.3241555,40.8184826],[29.3250576,40.8183726],[29.3249289,40.8171101],[29.3252196,40.8180913],[29.3260199,40.8179902],[29.32599,40.8169478],[29.3333761,40.8136426],[29.3344239,40.8127716],[29.3350119,40.8114288],[29.3391181,40.8097985],[29.3417451,40.8122741],[29.3420268,40.8138552],[29.3427362,40.8139282],[29.3498691,40.8244937],[29.3566619,40.8210011],[29.3622896,40.8164292],[29.3642175,40.8189761],[29.3636589,40.8196612],[29.3643388,40.8230032],[29.3634146,40.8236905],[29.3641731,40.8271147],[29.3652749,40.827882],[29.3662767,40.8294761],[29.3663369,40.8311551],[29.36935,40.8334827],[29.3711445,40.8377785],[29.3682668,40.8399838],[29.3629752,40.8490411],[29.3616071,40.8491162],[29.3629726,40.8518765],[29.3680846,40.855846],[29.3677169,40.8562327],[29.366085,40.8559704],[29.3644095,40.8590876],[29.3666626,40.8592742],[29.3672366,40.8625442],[29.3695272,40.8641103],[29.3711919,40.8638663],[29.3728495,40.8653511],[29.3731107,40.8666904],[29.3746358,40.8683166],[29.3793144,40.8722799],[29.396453,40.876355],[29.3997386,40.8777976],[29.4012574,40.8790837],[29.4035705,40.8797887],[29.4069332,40.8800688],[29.4079738,40.8795683],[29.4099318,40.8797872],[29.4140375,40.8791754],[29.4132882,40.8811364],[29.4138443,40.8825336],[29.4135547,40.886492],[29.4154339,40.8891208],[29.4150258,40.8953694],[29.4162583,40.8980087],[29.4220078,40.8992227],[29.4345269,40.8992333],[29.4421303,40.9004758],[29.4450029,40.9024224],[29.4450545,40.9031744],[29.4468593,40.9054887],[29.4480006,40.9060737],[29.4495664,40.9061379],[29.454678,40.9103966],[29.4564576,40.9126028],[29.4552662,40.9129768],[29.4540667,40.9152152],[29.452107,40.9172908],[29.450264,40.9153664],[29.4497593,40.9160334],[29.4478329,40.9156253],[29.4469191,40.9167552],[29.4437379,40.9161315],[29.4436276,40.9178015],[29.4417412,40.9200553],[29.4419864,40.9226802],[29.4411679,40.9276389],[29.4419688,40.9336088],[29.438274,40.9339374],[29.4381097,40.9345453],[29.4395214,40.9364854],[29.4370782,40.9381046],[29.4372225,40.9388202],[29.4389422,40.9397533],[29.4388309,40.9411432],[29.4430685,40.944275],[29.4519701,40.9475126],[29.4543278,40.951807],[29.4549894,40.9542659],[29.456816,40.954383],[29.4554382,40.9556544],[29.4544688,40.9588313],[29.4533954,40.9596743],[29.4547329,40.9611196],[29.4550825,40.9625924],[29.4545666,40.9638684],[29.4554382,40.9658563],[29.454689,40.9680878],[29.4563809,40.9707317],[29.4554075,40.9720176],[29.4549551,40.9736187],[29.455322,40.9766581],[29.4535786,40.9806318],[29.4521727,40.9788737],[29.4463607,40.9754561],[29.4182377,40.9728727],[29.4158676,40.971684],[29.4133865,40.9695295],[29.4067032,40.9600886]]]},"properties":{"osm_id":"relation/1276010","ad":"Tuzla","seviye":"6"}},{"type":"Feature","geometry":{"type":"Polygon","coordinates":[[[29.2576706,40.9321385],[29.2551653,40.9320913],[29.2551524,40.9306471],[29.2529156,40.9289999],[29.2508694,40.9259703],[29.2490385,40.9217456],[29.2448247,40.9208062],[29.2430452,40.9195675],[29.243682,40.9164032],[29.2451086,40.9149639],[29.2435189,40.9138857],[29.2448726,40.9131048],[29.2458755,40.911603],[29.2454553,40.9062247],[29.2469004,40.9046317],[29.2466612,40.9008528],[29.2431113,40.8983368],[29.2374643,40.8985941],[29.2368596,40.897332],[29.2370991,40.8962469],[29.2350733,40.8946741],[29.2335118,40.8943197],[29.2336706,40.8937041],[29.2322942,40.8923614],[29.2245486,40.8973843],[29.223129,40.8940084],[29.2232245,40.8896182],[29.2187487,40.890044],[29.2187573,40.8866813],[29.2174068,40.8866583],[29.2189055,40.8847345],[29.2179029,40.8807444],[29.2169878,40.8792755],[29.2154413,40.8781452],[29.2224112,40.8755295],[29.2254546,40.872198],[29.2271253,40.8710551],[29.2334607,40.8703065],[29.2350192,40.8689647],[29.2395857,40.8676982],[29.2396447,40.8681829],[29.2351947,40.8692589],[29.2335452,40.8708387],[29.2357009,40.8720228],[29.2352189,40.8726567],[29.2355241,40.8733596],[29.2343343,40.8741723],[29.2351912,40.8746925],[29.2360381,40.8745582],[29.2363917,40.8738198],[29.2361764,40.874582],[29.2371889,40.8750705],[29.2401526,40.8744013],[29.2511665,40.8699831],[29.2574097,40.8670417],[29.2563952,40.8661773],[29.2585419,40.8671392],[29.2570894,40.8659798],[29.2562404,40.8658902],[29.257163,40.8657152],[29.25532,40.8628017],[29.2545313,40.8625],[29.2548723,40.8616275],[29.2554221,40.8614451],[29.2551675,40.860561],[29.2560516,40.8594834],[29.2567895,40.8597953],[29.2561522,40.8609641],[29.256955,40.8619092],[29.2556912,40.8629006],[29.2566315,40.8644421],[29.2589082,40.8645065],[29.2589008,40.8639485],[29.2593679,40.8640659],[29.2602431,40.8630641],[29.2608187,40.8632434],[29.2604811,40.8629468],[29.2650608,40.8599773],[29.2592703,40.8570556],[29.2551246,40.8575814],[29.2524295,40.8592108],[29.2545238,40.8575035],[29.258271,40.856931],[29.2604118,40.8550431],[29.2639106,40.8545886],[29.2652768,40.8538339],[29.2660525,40.854199],[29.2676038,40.8540033],[29.2677339,40.8558442],[29.268432,40.8558381],[29.268718,40.8540497],[29.2690326,40.8540738],[29.2686978,40.8560536],[29.2690887,40.8560931],[29.2690838,40.8567224],[29.2697887,40.8567251],[29.2700032,40.8558036],[29.2698993,40.8567363],[29.2714747,40.8568978],[29.2716534,40.8577996],[29.2744603,40.8557445],[29.2767447,40.855646],[29.2780844,40.8560952],[29.2790538,40.8554306],[29.2821708,40.8550438],[29.2842606,40.8539417],[29.286221,40.8544918],[29.2863816,40.8549877],[29.287262,40.854434],[29.287868,40.8549777],[29.2876996,40.8573893],[29.2911989,40.8554998],[29.2931994,40.8576803],[29.2947277,40.8575599],[29.2942058,40.8584732],[29.2947361,40.859443],[29.296331,40.859239],[29.2962481,40.8600303],[29.297256,40.8609034],[29.297635,40.8632899],[29.2981333,40.8638248],[29.3039069,40.8638361],[29.3048455,40.8623829],[29.3049495,40.8612397],[29.3070379,40.8613103],[29.3086563,40.8620518],[29.3121245,40.8621545],[29.3151799,40.863746],[29.3149214,40.8659036],[29.312143,40.8685643],[29.3126549,40.8727611],[29.3118737,40.8744284],[29.309757,40.8747443],[29.3089473,40.8755873],[29.3072724,40.8755461],[29.3065501,40.8767795],[29.3100322,40.8768208],[29.310079,40.8773136],[29.3145673,40.8788226],[29.3177543,40.8816372],[29.3193068,40.8819904],[29.3224424,40.8849239],[29.3247064,40.8861673],[29.3279254,40.8903159],[29.3282688,40.8935362],[29.3291482,40.8961337],[29.3266359,40.8982228],[29.326598,40.8999699],[29.3293263,40.9016025],[29.3279394,40.9089799],[29.3297279,40.9095297],[29.3303949,40.9104461],[29.3327897,40.9105835],[29.3348207,40.9117977],[29.3358211,40.9138595],[29.3351239,40.9160816],[29.3366699,40.9192198],[29.3372459,40.9238467],[29.3385797,40.9263433],[29.3374884,40.9280153],[29.3374603,40.9300825],[29.3366223,40.9310924],[29.34253,40.9331775],[29.3466775,40.9339557],[29.3502212,40.9338859],[29.3556702,40.9351111],[29.3589226,40.9372556],[29.3647191,40.9396835],[29.3727896,40.9422114],[29.3729054,40.9442129],[29.373542,40.9446928],[29.3732493,40.9452886],[29.3744933,40.9459457],[29.3761846,40.948218],[29.3779815,40.9485496],[29.3822645,40.948062],[29.3845965,40.9513496],[29.3899074,40.9524948],[29.3900811,40.954592],[29.3912277,40.9540341],[29.3910926,40.9531322],[29.3934735,40.9537517],[29.3944899,40.9534453],[29.3958813,40.9542212],[29.399029,40.9591567],[29.3999806,40.9645165],[29.4067032,40.9600886],[29.4133865,40.9695295],[29.4158676,40.971684],[29.4182377,40.9728727],[29.4463607,40.9754561],[29.4521727,40.9788737],[29.4535786,40.9806318],[29.455322,40.9766581],[29.4549551,40.9736187],[29.4554075,40.9720176],[29.4563809,40.9707317],[29.454689,40.9680878],[29.4554382,40.9658563],[29.4545666,40.9638684],[29.4550825,40.9625924],[29.4547329,40.9611196],[29.4533954,40.9596743],[29.4544688,40.9588313],[29.4544866,40.9578843],[29.4552514,40.9570985],[29.4560074,40.9547812],[29.4603496,40.9531648],[29.4632713,40.950964],[29.4666221,40.9516416],[29.4699567,40.9516608],[29.4696772,40.9533098],[29.4708896,40.9542254],[29.4733035,40.9575069],[29.4756102,40.9594596],[29.4772196,40.9593461],[29.4790309,40.9579604],[29.4797393,40.9605856],[29.4790309,40.9619014],[29.4828844,40.9626274],[29.4844878,40.9650425],[29.4849925,40.9675397],[29.4847298,40.9687602],[29.4812186,40.9696018],[29.4841718,40.9752001],[29.4894451,40.9768514],[29.4956542,40.981508],[29.5008109,40.9867665],[29.5047605,40.9870092],[29.5059007,40.9878684],[29.5063269,40.989212],[29.5054282,40.9944435],[29.5067024,40.9952451],[29.5053575,40.9976425],[29.5062518,40.9994234],[29.5054562,41.000198],[29.5025819,41.0004531],[29.5017457,41.0009537],[29.4999325,41.0026541],[29.4994712,41.0037067],[29.4974386,41.0043464],[29.4931495,41.0081727],[29.4928408,41.0090827],[29.4936669,41.0123696],[29.49548,41.0147011],[29.4978726,41.0157616],[29.4996757,41.0176734],[29.4997716,41.0190481],[29.4991814,41.0200491],[29.5008123,41.0220674],[29.5001023,41.026403],[29.5018537,41.0319922],[29.4995113,41.0333997],[29.4995922,41.034713],[29.4989039,41.0354155],[29.4974868,41.035782],[29.4960696,41.0354766],[29.4894697,41.0319947],[29.4836391,41.0299788],[29.4836391,41.023778],[29.4813312,41.0204177],[29.4759055,41.0180349],[29.4754601,41.0172711],[29.4758245,41.0163852],[29.4710467,41.0137883],[29.4661879,41.009022],[29.4627867,41.0079221],[29.4578874,41.0043471],[29.453393,41.002422],[29.4495465,40.9989995],[29.4480078,40.9983578],[29.4453355,40.9983272],[29.4425417,40.9964325],[29.4414484,40.9964325],[29.4405981,40.9972882],[29.4408006,40.9986328],[29.4398181,40.999774],[29.4372267,41.0015097],[29.434441,41.0025853],[29.4343662,41.003516],[29.4351125,41.0048343],[29.4376721,41.0077781],[29.437866,41.0096336],[29.4361768,41.0102843],[29.4349551,41.0085159],[29.4342126,41.00825],[29.4335988,41.0086965],[29.4333397,41.009772],[29.4348188,41.0117293],[29.4331768,41.0144242],[29.4306726,41.0140509],[29.429323,41.0143915],[29.4283189,41.0153692],[29.430705,41.0197718],[29.4300975,41.020676],[29.4243155,41.0215519],[29.4219201,41.0228518],[29.4195638,41.0233694],[29.4137748,41.026611],[29.4116129,41.0266636],[29.409196,41.0252436],[29.4046835,41.0237932],[29.3990818,41.0245329],[29.3843054,41.0289163],[29.3794446,41.0332883],[29.3759059,41.0348941],[29.3766547,41.0386753],[29.3753181,41.0421077],[29.3782736,41.0489577],[29.3761331,41.0521742],[29.3760992,41.0572311],[29.36988,41.0575972],[29.3664809,41.0594034],[29.3652716,41.0605633],[29.3601615,41.0550103],[29.3587143,41.0515833],[29.35929,41.0496822],[29.3609736,41.0479138],[29.363873,41.0465308],[29.3654059,41.04389],[29.3645585,41.0428549],[29.3617955,41.0415897],[29.3592498,41.0357691],[29.3595119,41.0343444],[29.3609131,41.0324736],[29.3643262,41.0290568],[29.3643724,41.0265401],[29.3611469,41.0257519],[29.3555799,41.0257346],[29.3490474,41.0217585],[29.3474802,41.0203907],[29.34492,41.0166672],[29.3425625,41.0158953],[29.3358696,41.0169638],[29.3291557,41.017109],[29.3222222,41.0166338],[29.3154446,41.0170975],[29.3093219,41.0155121],[29.3027387,41.0154014],[29.2984345,41.0158447],[29.2948815,41.0151029],[29.2933651,41.0135714],[29.2941666,41.0119157],[29.291974,41.0105917],[29.2910594,41.0083066],[29.2886712,41.0075226],[29.287747,41.0063106],[29.2862174,41.0009144],[29.2863211,40.9996277],[29.2877619,40.9968283],[29.2872449,40.9913156],[29.2875031,40.989246],[29.288026,40.9881451],[29.2892152,40.9801082],[29.2900364,40.9791249],[29.2893285,40.97703],[29.2902062,40.9760894],[29.2898665,40.9756405],[29.2889887,40.9757474],[29.2901496,40.9740158],[29.2905177,40.972498],[29.2930944,40.9702746],[29.2935757,40.9688849],[29.2964192,40.9675376],[29.2998286,40.9641386],[29.2997342,40.9634117],[29.3023489,40.9605714],[29.3027668,40.9589668],[29.3035236,40.9584416],[29.3053442,40.9586556],[29.3108029,40.9600343],[29.3117751,40.9590355],[29.3119449,40.9555785],[29.3096973,40.9513828],[29.3099644,40.9492854],[29.3087049,40.9485079],[29.3057602,40.9450197],[29.3040722,40.9440898],[29.302526,40.9422488],[29.2959583,40.9383382],[29.2802464,40.9346422],[29.2779169,40.9326307],[29.2735697,40.9317408],[29.2576706,40.9321385]]]},"properties":{"osm_id":"relation/1276011","ad":"Pendik","seviye":"6"}},{"type":"Feature","geometry":{"type":"Polygon","coordinates":[[[29.2544406,40.9878769],[29.2543725,40.985268],[29.2517507,40.9793399],[29.2519743,40.9763681],[29.2489943,40.972728],[29.2481509,40.9726115],[29.2455264,40.9703795],[29.2447211,40.967708],[29.2453395,40.9648785],[29.2468604,40.9636225],[29.2470479,40.9618672],[29.2482803,40.9611223],[29.2476418,40.9598349],[29.2478711,40.9591002],[29.2491251,40.9581154],[29.2497883,40.9554107],[29.2491051,40.9530987],[29.2493673,40.9524083],[29.2464301,40.951948],[29.2466168,40.9509398],[29.2498894,40.9465262],[29.2505755,40.9444033],[29.2501615,40.9430232],[29.250623,40.9421012],[29.2504902,40.9408625],[29.2523114,40.9391318],[29.2519,40.9377313],[29.2522777,40.9348136],[29.2551653,40.9320913],[29.2735697,40.9317408],[29.2779169,40.9326307],[29.2802464,40.9346422],[29.2963886,40.9385013],[29.2975934,40.9396152],[29.302526,40.9422488],[29.3040722,40.9440898],[29.3057602,40.9450197],[29.3087049,40.9485079],[29.3099644,40.9492854],[29.3096973,40.9513828],[29.3119449,40.9555785],[29.3117751,40.9590355],[29.3108029,40.9600343],[29.3053442,40.9586556],[29.3035236,40.9584416],[29.3027668,40.9589668],[29.3023489,40.9605714],[29.2997342,40.9634117],[29.2998286,40.9641386],[29.2964192,40.9675376],[29.2935757,40.9688849],[29.2930944,40.9702746],[29.2905177,40.972498],[29.2901496,40.9740158],[29.2889887,40.9757474],[29.2898665,40.9756405],[29.2902062,40.9760894],[29.2893285,40.97703],[29.2900364,40.9791249],[29.2892152,40.9801082],[29.288026,40.9881451],[29.2875031,40.989246],[29.2872449,40.9913156],[29.2877619,40.9968283],[29.2863211,40.9996277],[29.2862174,41.0009144],[29.2868823,41.0023819],[29.2833358,41.0029557],[29.2710815,41.0031807],[29.262111,41.0047937],[29.2595315,41.0028221],[29.2598346,41.0013667],[29.2592767,40.9985529],[29.2582798,40.9970662],[29.257812,40.9945373],[29.2545267,40.990334],[29.2548392,40.988586],[29.2544406,40.9878769]]]},"properties":{"osm_id":"relation/1276012","ad":"Sultanbeyli","seviye":"6"}},{"type":"Feature","geometry":{"type":"Polygon","coordinates":[[[29.2287525,40.9508839],[29.2273535,40.9524229],[29.2259062,40.9529633],[29.2211252,40.9518211],[29.2124793,40.9417956],[29.2097295,40.9377006],[29.2070173,40.9314507],[29.206334,40.9277583],[29.2059266,40.9275434],[29.205687,40.9238987],[29.2047071,40.9239567],[29.2032372,40.923146],[29.2037844,40.9224953],[29.1998407,40.9213249],[29.1991279,40.9236139],[29.1983641,40.9223915],[29.1955069,40.9219562],[29.1940263,40.921174],[29.1894585,40.9218024],[29.186543,40.9211476],[29.1833156,40.9216739],[29.1780172,40.9199305],[29.1718313,40.9192657],[29.1702293,40.9182279],[29.1666619,40.9177564],[29.1634544,40.9159809],[29.1569975,40.9137575],[29.1593539,40.9131961],[29.1589425,40.9125546],[29.1510471,40.9096826],[29.1493974,40.9129187],[29.1474681,40.9141181],[29.1428545,40.9135508],[29.1394917,40.9116258],[29.1388647,40.9104162],[29.1399288,40.9082039],[29.1395811,40.9073945],[29.138277,40.906671],[29.1424986,40.9025975],[29.1441637,40.9016536],[29.1481306,40.9004413],[29.1473722,40.9009323],[29.1475867,40.901431],[29.1517659,40.901531],[29.1518551,40.9008337],[29.1540247,40.900828],[29.1545652,40.9006933],[29.1544914,40.9002689],[29.1546956,40.9006568],[29.1636799,40.8963935],[29.174152,40.8904212],[29.1774135,40.8868784],[29.1793876,40.8856849],[29.1845117,40.8853341],[29.1871801,40.8868325],[29.1876889,40.8869982],[29.1879254,40.8865697],[29.1878175,40.887016],[29.1883241,40.8869955],[29.1907464,40.8861256],[29.1916999,40.8851246],[29.1925948,40.8850445],[29.1908724,40.8859454],[29.191251,40.8862602],[29.1923812,40.885959],[29.1926539,40.8853985],[29.198073,40.8833874],[29.2015356,40.8826781],[29.203694,40.883273],[29.2056971,40.8825223],[29.2056813,40.881135],[29.20602,40.8815339],[29.2067917,40.8813255],[29.2060614,40.8820323],[29.2154413,40.8781452],[29.2169878,40.8792755],[29.2179029,40.8807444],[29.2189055,40.8847345],[29.2174068,40.8866583],[29.2187573,40.8866813],[29.2187487,40.890044],[29.2232245,40.8896182],[29.223129,40.8940084],[29.2245486,40.8973843],[29.2322942,40.8923614],[29.2336706,40.8937041],[29.2335118,40.8943197],[29.2350733,40.8946741],[29.2370991,40.8962469],[29.2368596,40.897332],[29.2374643,40.8985941],[29.2431113,40.8983368],[29.2466612,40.9008528],[29.2469004,40.9046317],[29.2454553,40.9062247],[29.2458755,40.911603],[29.2448726,40.9131048],[29.2435189,40.9138857],[29.2451086,40.9149639],[29.243682,40.9164032],[29.2430452,40.9195675],[29.2448247,40.9208062],[29.2490385,40.9217456],[29.2508694,40.9259703],[29.2529156,40.9289999],[29.2551524,40.9306471],[29.2551653,40.9320913],[29.2522777,40.9348136],[29.2519,40.9377313],[29.2523114,40.9391318],[29.2504902,40.9408625],[29.250623,40.9421012],[29.2501615,40.9430232],[29.2505755,40.9444033],[29.2498894,40.9465262],[29.2478974,40.9488775],[29.2465976,40.9512968],[29.2425078,40.9498646],[29.2356134,40.9499073],[29.2320742,40.9491375],[29.2310691,40.9498539],[29.2301206,40.9493085],[29.2287462,40.949436],[29.2287525,40.9508839]]]},"properties":{"osm_id":"relation/1276013","ad":"Kartal","seviye":"6"}},{"type":"Feature","geometry":{"type":"Polygon","coordinates":[[[29.2489939,40.9581675],[29.2476418,40.9598349],[29.2482803,40.9611223],[29.2470479,40.9618672],[29.2468604,40.9636225],[29.2451109,40.9654827],[29.2449499,40.9691547],[29.2455264,40.9703795],[29.2481509,40.9726115],[29.2489943,40.972728],[29.2519743,40.9763681],[29.2518076,40.9795785],[29.2530121,40.9815835],[29.2544697,40.9857739],[29.2548474,40.9888243],[29.2543963,40.9898895],[29.257812,40.9945373],[29.2582798,40.9970662],[29.2595035,40.9993722],[29.2597997,41.0032573],[29.262111,41.0047937],[29.2630308,41.0048748],[29.2710815,41.0031807],[29.2833358,41.0029557],[29.2867737,41.0023896],[29.287747,41.0063106],[29.2886712,41.0075226],[29.2910594,41.0083066],[29.291974,41.0105917],[29.2941666,41.0119157],[29.2933651,41.0135714],[29.2948815,41.0151029],[29.2984345,41.0158447],[29.3027387,41.0154014],[29.3093219,41.0155121],[29.3154446,41.0170975],[29.3222222,41.0166338],[29.3291557,41.017109],[29.3358696,41.0169638],[29.3425625,41.0158953],[29.34492,41.0166672],[29.3474802,41.0203907],[29.3490474,41.0217585],[29.3555799,41.0257346],[29.3611469,41.0257519],[29.3643724,41.0265401],[29.3643262,41.0290568],[29.3595119,41.0343444],[29.3592498,41.0357691],[29.3603205,41.0384623],[29.3516701,41.0410912],[29.3485809,41.0413682],[29.3480662,41.0417507],[29.3482907,41.0428624],[29.3465712,41.0479526],[29.3399734,41.0487672],[29.3386396,41.048054],[29.3362388,41.0486941],[29.3316796,41.0488953],[29.3298123,41.0485112],[29.3264656,41.0504132],[29.3220762,41.0508521],[29.3204514,41.0503584],[29.3190691,41.0507241],[29.3164015,41.0496085],[29.3120848,41.0486392],[29.3025299,41.0495171],[29.3014219,41.0492286],[29.300071,41.0478353],[29.2902669,41.0527344],[29.2861399,41.0514845],[29.2848177,41.0505088],[29.2831705,41.0466795],[29.2814968,41.0448877],[29.2744952,41.0423455],[29.2735108,41.0410128],[29.273245,41.0383324],[29.2722683,41.0364328],[29.2684676,41.0322313],[29.2653091,41.0298205],[29.2593789,41.0278618],[29.2500653,41.0281515],[29.2511966,41.026571],[29.2514705,41.0253591],[29.2498648,41.0249247],[29.2491102,41.0235113],[29.2479608,41.0234831],[29.2477376,41.0239093],[29.2462005,41.0236089],[29.246127,41.0246278],[29.2459919,41.0218164],[29.2395928,41.0214718],[29.2393914,41.0223771],[29.2377653,41.0206894],[29.2368024,41.0186988],[29.2370544,41.0166322],[29.2350957,41.0169278],[29.2295119,41.0163251],[29.219718,41.0165442],[29.2171006,41.0159986],[29.2137273,41.0160293],[29.2051927,41.0130298],[29.1997453,41.014242],[29.1953589,41.013693],[29.1907382,41.0140145],[29.1908275,41.0135127],[29.1939648,41.0133184],[29.1946641,41.011395],[29.1911656,41.0101295],[29.1856762,41.0090429],[29.1863042,41.007504],[29.1877713,41.0074443],[29.18777,41.0067124],[29.1894103,41.0059354],[29.1902884,41.0025955],[29.1929421,40.9967049],[29.1930684,40.9961907],[29.1912982,40.992665],[29.1927911,40.9924674],[29.1933435,40.9895923],[29.1926187,40.9889727],[29.1991111,40.9849163],[29.2035055,40.9831703],[29.2020249,40.9822955],[29.1998577,40.9820526],[29.1979611,40.9812459],[29.1991514,40.9797398],[29.1994033,40.9743479],[29.2025936,40.9761883],[29.2032319,40.9753905],[29.2048144,40.97616],[29.2060965,40.9751677],[29.2052489,40.9736449],[29.2082906,40.9741552],[29.2122764,40.9759283],[29.214046,40.9741909],[29.2134587,40.9738871],[29.2133474,40.9717078],[29.2127475,40.9716727],[29.2121285,40.9701609],[29.2107265,40.969175],[29.2092686,40.9666308],[29.2096813,40.9665158],[29.2080842,40.9639377],[29.2069683,40.9609341],[29.2074154,40.9600667],[29.2099861,40.9586713],[29.2110521,40.9567523],[29.2126196,40.9555851],[29.2145618,40.9531286],[29.2152485,40.9517775],[29.215659,40.9473857],[29.2162998,40.9460384],[29.2211252,40.9518211],[29.2233043,40.952079],[29.2252557,40.9529265],[29.2273535,40.9524229],[29.2287525,40.9508839],[29.2287462,40.949436],[29.2299405,40.9492832],[29.2310691,40.9498539],[29.2320742,40.9491375],[29.2356134,40.9499073],[29.2425078,40.9498646],[29.245325,40.9508162],[29.2465976,40.9512968],[29.2464301,40.951948],[29.2493673,40.9524083],[29.2491051,40.9530987],[29.2497883,40.9554107],[29.2489939,40.9581675]]]},"properties":{"osm_id":"relation/1276014","ad":"Sancaktepe","seviye":"6"}},{"type":"Feature","geometry":{"type":"Polygon","coordinates":[[[29.2100506,41.0899912],[29.2093048,41.0906336],[29.2083453,41.0906949],[29.2088332,41.0883539],[29.2065077,41.0859516],[29.2067842,41.0843949],[29.2040522,41.0792957],[29.2045726,41.0767214],[29.2025746,41.0735815],[29.2030553,41.0709614],[29.2056434,41.0672542],[29.2052243,41.0665015],[29.2054092,41.0649312],[29.207036,41.0627011],[29.2088723,41.0615395],[29.2104217,41.0590486],[29.2091532,41.0582393],[29.2082263,41.0566575],[29.2018842,41.0561792],[29.2029249,41.0558236],[29.2020468,41.0553821],[29.2021606,41.0549039],[29.1986481,41.0536899],[29.1964039,41.0540332],[29.1933421,41.055457],[29.1865003,41.055139],[29.1831633,41.0557867],[29.1786817,41.0543342],[29.1713601,41.0542523],[29.1710549,41.0544715],[29.1715138,41.0547674],[29.1713883,41.0558495],[29.1705243,41.054707],[29.1683922,41.0562585],[29.1672933,41.0540253],[29.1616108,41.0527346],[29.1588786,41.0512216],[29.1554288,41.0501867],[29.1525786,41.0499444],[29.1520217,41.0493534],[29.1484057,41.0496991],[29.1478157,41.0493613],[29.1478714,41.0477496],[29.1448046,41.0481252],[29.1425602,41.047674],[29.1427562,41.0472594],[29.1414656,41.0457516],[29.1419266,41.0447183],[29.1417231,41.0437973],[29.1390596,41.042288],[29.1382426,41.0407401],[29.1384324,41.0399472],[29.139925,41.0387213],[29.1400135,41.0375747],[29.139439,41.0365721],[29.1398732,41.0349368],[29.1422066,41.0349461],[29.1471103,41.0368616],[29.1541195,41.0367286],[29.1612352,41.0349835],[29.1653906,41.0321999],[29.1705249,41.0305018],[29.1794235,41.021732],[29.1825685,41.0163054],[29.1840831,41.0148105],[29.1942889,41.0136897],[29.1997453,41.014242],[29.2051927,41.0130298],[29.2137273,41.0160293],[29.2171006,41.0159986],[29.219718,41.0165442],[29.2295119,41.0163251],[29.2350957,41.0169278],[29.2370544,41.0166322],[29.2368024,41.0186988],[29.2377653,41.0206894],[29.2393914,41.0223771],[29.2395928,41.0214718],[29.2459919,41.0218164],[29.246127,41.0246278],[29.2462005,41.0236089],[29.2477376,41.0239093],[29.2479608,41.0234831],[29.2491102,41.0235113],[29.2498648,41.0249247],[29.2514705,41.0253591],[29.2511966,41.026571],[29.2500653,41.0281515],[29.2590924,41.0278342],[29.2642062,41.029216],[29.2684676,41.0322313],[29.2722683,41.0364328],[29.273245,41.0383324],[29.2735108,41.0410128],[29.2744952,41.0423455],[29.2814968,41.0448877],[29.2831705,41.0466795],[29.2848177,41.0505088],[29.2861399,41.0514845],[29.2902669,41.0527344],[29.300071,41.0478353],[29.3014219,41.0492286],[29.3025299,41.0495171],[29.3120848,41.0486392],[29.3164015,41.0496085],[29.3190691,41.0507241],[29.3204514,41.0503584],[29.3220762,41.0508521],[29.3264656,41.0504132],[29.3298123,41.0485112],[29.3316796,41.0488953],[29.3362388,41.0486941],[29.3386396,41.048054],[29.3399734,41.0487672],[29.3465712,41.0479526],[29.3482907,41.0428624],[29.3480662,41.0417507],[29.3485809,41.0413682],[29.3516701,41.0410912],[29.3603205,41.0384623],[29.3617955,41.0415897],[29.3645585,41.0428549],[29.3654059,41.04389],[29.363873,41.0465308],[29.3609736,41.0479138],[29.35929,41.0496822],[29.3587143,41.0515833],[29.3601615,41.0550103],[29.3652716,41.0605633],[29.3664809,41.0594034],[29.36988,41.0575972],[29.3760992,41.0572311],[29.3784289,41.0599838],[29.3798034,41.0626352],[29.3820401,41.0642814],[29.3824007,41.0662286],[29.3846794,41.0685942],[29.3849964,41.0696685],[29.3894266,41.0708832],[29.3903563,41.0719736],[29.3872799,41.0726855],[29.3878479,41.0735411],[29.3916321,41.0751378],[29.391493,41.0760075],[29.3945668,41.0774887],[29.3947851,41.0778514],[29.3938133,41.0797311],[29.3944793,41.0813926],[29.3996307,41.0824481],[29.3994327,41.085906],[29.3934588,41.0869259],[29.3920725,41.0884931],[29.3902573,41.0887419],[29.3901583,41.0896374],[29.3933928,41.0921],[29.3934588,41.0931696],[29.395142,41.0936671],[29.3979805,41.0933437],[29.4003898,41.0942641],[29.4020295,41.0963763],[29.4019873,41.0985253],[29.4013733,41.0999943],[29.3983963,41.100117],[29.3944251,41.1021863],[29.3915946,41.1029344],[29.3905385,41.1050513],[29.3891866,41.1061814],[29.3860052,41.1073088],[29.3845184,41.1088553],[29.3824694,41.1089508],[29.3820522,41.1113646],[29.3824483,41.1123407],[29.3817723,41.1129613],[29.3804627,41.1174491],[29.3801036,41.1210614],[29.3783081,41.122939],[29.3771463,41.1232095],[29.3728161,41.125835],[29.3697321,41.1245779],[29.3680634,41.1230822],[29.3669016,41.1226844],[29.3617475,41.1253735],[29.3526347,41.1249979],[29.3499016,41.1265662],[29.3498554,41.1273449],[29.3508012,41.12889],[29.3464159,41.1296081],[29.341411,41.1292131],[29.3379791,41.127023],[29.3349762,41.1273821],[29.3329741,41.1263102],[29.3278277,41.1258717],[29.324507,41.126649],[29.3240572,41.1272868],[29.3220198,41.127825],[29.3201808,41.1289909],[29.3197178,41.129818],[29.3169131,41.1284528],[29.3141084,41.1279246],[29.312071,41.1256724],[29.3086577,41.1264996],[29.3029689,41.1259714],[29.302056,41.1261009],[29.3013945,41.127227],[29.2998995,41.127536],[29.298603,41.128662],[29.2949913,41.128682],[29.2941843,41.1293895],[29.2919881,41.1294592],[29.2916045,41.1303063],[29.2903212,41.1308942],[29.287146,41.1315818],[29.2861935,41.1323889],[29.2852012,41.1325384],[29.284037,41.1317013],[29.2850954,41.128393],[29.2835269,41.1263094],[29.2826303,41.1262798],[29.2826082,41.1257422],[29.2820658,41.1256923],[29.2822377,41.1230315],[29.2810444,41.1216741],[29.2809386,41.1206217],[29.2794251,41.1208688],[29.2785466,41.120534],[29.2765357,41.1217459],[29.2756996,41.1217618],[29.2739532,41.1199519],[29.272154,41.119912],[29.2694551,41.1186842],[29.2681321,41.11874],[29.2659624,41.1171533],[29.2627555,41.1162124],[29.2607234,41.1172649],[29.2607128,41.1180064],[29.2597285,41.1187639],[29.2587337,41.1180303],[29.2590406,41.1170257],[29.2572096,41.1167945],[29.2567439,41.1159253],[29.252849,41.116029],[29.2516742,41.114506],[29.2533277,41.1138575],[29.2536944,41.1129088],[29.2532617,41.1121529],[29.2524956,41.111609],[29.2489621,41.1110129],[29.249111,41.1084835],[29.2501197,41.1078729],[29.2492102,41.105493],[29.2472753,41.1034867],[29.2445632,41.10244],[29.2438025,41.102926],[29.2439844,41.1038979],[29.2424464,41.1042842],[29.2410408,41.1029883],[29.2394367,41.102278],[29.2380641,41.1023029],[29.2382625,41.1031004],[29.237386,41.1038232],[29.235352,41.1041098],[29.2342936,41.105007],[29.2349881,41.1078729],[29.2336652,41.1074991],[29.2338801,41.1102154],[29.2322099,41.1099662],[29.2300931,41.1079352],[29.229845,41.1069135],[29.2276952,41.1065895],[29.2219568,41.1043715],[29.221411,41.1006954],[29.221593,41.0996236],[29.2228167,41.0985021],[29.2223371,41.0979163],[29.2224033,41.0967698],[29.2197242,41.0948256],[29.2178721,41.0943396],[29.2178225,41.0936915],[29.2163506,41.0925698],[29.2151269,41.0925573],[29.2144664,41.0930283],[29.2139854,41.092779],[29.2143416,41.0923746],[29.2128214,41.090991],[29.2113777,41.0916043],[29.2109418,41.0913413],[29.2110545,41.0903477],[29.2100506,41.0899912]]]},"properties":{"osm_id":"relation/1276034","ad":"Çekmeköy","seviye":"6"}},{"type":"Feature","geometry":{"type":"Polygon","coordinates":[[[29.1623212,40.9807697],[29.1609791,40.9795498],[29.157476,40.9791139],[29.1552003,40.9754806],[29.1540336,40.9747613],[29.1538801,40.9741862],[29.1513686,40.9736146],[29.1496003,40.9724462],[29.1447877,40.9733144],[29.1426463,40.9729513],[29.1404485,40.9738982],[29.1374444,40.9741048],[29.1343781,40.9731177],[29.1262307,40.9727992],[29.1233188,40.9706066],[29.1225246,40.9694514],[29.1224607,40.9677677],[29.1200519,40.9661295],[29.1157999,40.9606628],[29.1141789,40.959815],[29.1115526,40.9594421],[29.109348,40.9580192],[29.1068305,40.957848],[29.1042403,40.9565518],[29.1011504,40.9562626],[29.0948141,40.952004],[29.099541,40.94824],[29.1028249,40.9442668],[29.1018333,40.9409349],[29.1019277,40.939234],[29.1021216,40.9412757],[29.1031176,40.9439792],[29.1054874,40.942607],[29.1034538,40.9440752],[29.1070357,40.9427992],[29.1076105,40.9421695],[29.1065454,40.9398012],[29.1066666,40.9390534],[29.1132407,40.9315643],[29.112425,40.9301087],[29.1143405,40.9324597],[29.1164309,40.9333549],[29.11447,40.9322651],[29.1132306,40.9298262],[29.1136835,40.9288022],[29.1192281,40.9225383],[29.1226858,40.9242771],[29.1192871,40.9224474],[29.121708,40.9195664],[29.1231565,40.9187522],[29.1272073,40.9194463],[29.12795,40.9190219],[29.1282183,40.9181268],[29.12771,40.9178881],[29.1282627,40.9180613],[29.1302725,40.9152818],[29.1307241,40.9153903],[29.130602,40.9148289],[29.1309588,40.9148703],[29.1326367,40.9122906],[29.1319394,40.9120982],[29.1327996,40.9120591],[29.1339909,40.9107486],[29.1336302,40.9104449],[29.1342859,40.9106745],[29.138277,40.906671],[29.1395811,40.9073945],[29.1399288,40.9082039],[29.1388647,40.9104162],[29.1394917,40.9116258],[29.1428545,40.9135508],[29.1474681,40.9141181],[29.1493974,40.9129187],[29.1510471,40.9096826],[29.1589425,40.9125546],[29.1593539,40.9131961],[29.1569975,40.9137575],[29.1634544,40.9159809],[29.1666619,40.9177564],[29.1702293,40.9182279],[29.1718313,40.9192657],[29.1780172,40.9199305],[29.1833156,40.9216739],[29.186543,40.9211476],[29.1894585,40.9218024],[29.1940263,40.921174],[29.1955069,40.9219562],[29.1983641,40.9223915],[29.1991279,40.9236139],[29.1998407,40.9213249],[29.2037844,40.9224953],[29.2032372,40.923146],[29.2047071,40.9239567],[29.205687,40.9238987],[29.2059266,40.9275434],[29.206334,40.9277583],[29.2070173,40.9314507],[29.2091567,40.9366612],[29.2124793,40.9417956],[29.2162998,40.9460384],[29.215659,40.9473857],[29.2152485,40.9517775],[29.2145618,40.9531286],[29.2126196,40.9555851],[29.2110521,40.9567523],[29.2099861,40.9586713],[29.2074154,40.9600667],[29.2069683,40.9609341],[29.2103316,40.9685463],[29.2121285,40.9701609],[29.2127475,40.9716727],[29.2133474,40.9717078],[29.2134587,40.9738871],[29.214046,40.9741909],[29.2122764,40.9759283],[29.2082906,40.9741552],[29.205662,40.9736611],[29.2052489,40.9736449],[29.2060965,40.9751677],[29.2048144,40.97616],[29.2032319,40.9753905],[29.2025936,40.9761883],[29.1994033,40.9743479],[29.1991514,40.9797398],[29.1979611,40.9812459],[29.1930234,40.9790962],[29.1888352,40.9781584],[29.1843671,40.975313],[29.1807384,40.9751303],[29.17959,40.9745058],[29.1793429,40.9762266],[29.1778557,40.9771897],[29.1765254,40.9772739],[29.1734453,40.976102],[29.1725967,40.9765003],[29.1723997,40.9776985],[29.1716205,40.9782221],[29.1651764,40.9794402],[29.1623212,40.9807697]]]},"properties":{"osm_id":"relation/1276407","ad":"Maltepe","seviye":"6"}},{"type":"Feature","geometry":{"type":"Polygon","coordinates":[[[29.0478955,41.0026921],[29.0479048,41.0054812],[29.0469817,41.0061429],[29.0464697,41.0073419],[29.0471574,41.0101508],[29.0456422,41.0095902],[29.0418212,41.0100199],[29.0393993,41.0116395],[29.0371097,41.0123011],[29.0352309,41.0113895],[29.0328155,41.0081795],[29.0294731,41.0062409],[29.0286799,41.0050249],[29.0279177,41.0047044],[29.0274453,41.0039698],[29.0281249,41.0028268],[29.0238308,41.0003993],[29.0218033,40.9985299],[29.0201199,40.9989566],[29.0176451,41.0012922],[29.0157894,41.0002533],[29.0185342,40.9975533],[29.0179107,40.9973926],[29.0190723,40.9970434],[29.017624,40.9962372],[29.0184425,40.9955813],[29.0204474,40.9962598],[29.022573,40.9959296],[29.0229144,40.9953483],[29.0225262,40.9951358],[29.0236782,40.9949202],[29.02408,40.9942329],[29.0235411,40.992757],[29.0224512,40.9929666],[29.0233472,40.9925303],[29.0230084,40.99212],[29.0203633,40.9911],[29.0188542,40.9915969],[29.0184007,40.9910853],[29.0182775,40.9916815],[29.0181904,40.991188],[29.0166318,40.9916553],[29.0167359,40.9921238],[29.0165748,40.9916775],[29.0148423,40.9925657],[29.0167326,40.9907335],[29.020198,40.9852743],[29.0204742,40.9834197],[29.0198493,40.9811495],[29.0213613,40.9788905],[29.0222146,40.9782847],[29.02391,40.9786291],[29.0236849,40.9788435],[29.0248158,40.9797303],[29.025084,40.9788579],[29.0248498,40.9797499],[29.0268458,40.979889],[29.0281624,40.9793499],[29.0322192,40.9807316],[29.0336679,40.9822215],[29.034514,40.9821044],[29.0337421,40.9813257],[29.0346369,40.9817575],[29.0382057,40.978535],[29.0381972,40.9778611],[29.0362309,40.9774715],[29.0361235,40.9768791],[29.0387687,40.9777421],[29.0394047,40.9762895],[29.0380103,40.9758051],[29.0397263,40.9759438],[29.0396387,40.9753867],[29.036229,40.9742246],[29.0350984,40.9761533],[29.0355714,40.9770651],[29.0347499,40.9765058],[29.0358016,40.9742279],[29.0352938,40.9738516],[29.0371256,40.9743046],[29.0377573,40.9736087],[29.0379773,40.9728366],[29.0376484,40.9726345],[29.0380013,40.9727412],[29.038324,40.9709452],[29.0366283,40.9695724],[29.035054,40.9710942],[29.033996,40.9710165],[29.033896,40.9736798],[29.0346009,40.9739818],[29.0337657,40.9738713],[29.0337629,40.9710735],[29.0329831,40.9715318],[29.033546,40.9705417],[29.0324375,40.9698835],[29.0320765,40.9703904],[29.0324164,40.9695587],[29.0315445,40.9684186],[29.0318189,40.9681834],[29.0314271,40.9677056],[29.0322368,40.9667588],[29.0319189,40.9673218],[29.032391,40.967449],[29.0333281,40.966446],[29.034466,40.9664457],[29.0365256,40.968731],[29.0375274,40.9688528],[29.0383609,40.9686997],[29.0382512,40.9682648],[29.0396885,40.9681345],[29.0402367,40.9674333],[29.0402426,40.9661495],[29.0418457,40.9656429],[29.0443951,40.9671213],[29.0454261,40.9695669],[29.0487679,40.969206],[29.0508514,40.9683141],[29.0505594,40.9677554],[29.0508945,40.9683],[29.051541,40.967454],[29.0518896,40.9680518],[29.0531763,40.9676067],[29.0539837,40.9667192],[29.0534501,40.9663079],[29.0541995,40.9660741],[29.0565208,40.9637108],[29.0561551,40.964277],[29.0567208,40.9645704],[29.0583477,40.9640059],[29.0585095,40.9631698],[29.057713,40.9631233],[29.0608377,40.9628138],[29.0624433,40.9620412],[29.0657234,40.9629642],[29.066809,40.962923],[29.0674849,40.962154],[29.0671799,40.9627152],[29.068267,40.9626946],[29.0710701,40.9599682],[29.0712909,40.9587942],[29.0704035,40.9587437],[29.0723719,40.9576264],[29.0752141,40.956401],[29.0753225,40.9570413],[29.076706,40.9568537],[29.0782353,40.9558312],[29.078248,40.9552954],[29.0778114,40.9552999],[29.0792908,40.9550093],[29.0815646,40.953331],[29.0833282,40.9535281],[29.0844242,40.95306],[29.0846486,40.9532752],[29.0836507,40.9536472],[29.083894,40.954404],[29.0854042,40.9547785],[29.0875117,40.9545127],[29.0894779,40.9523013],[29.0888455,40.9515854],[29.0896136,40.9517899],[29.0917288,40.9503736],[29.0944763,40.9499656],[29.0945302,40.9502933],[29.0917288,40.950652],[29.0905122,40.9513392],[29.0909199,40.9517398],[29.0935774,40.9524198],[29.0944196,40.9521472],[29.0938148,40.9515743],[29.0941831,40.9514506],[29.0965281,40.9534718],[29.0994948,40.9548713],[29.1011504,40.9562626],[29.1042403,40.9565518],[29.1068305,40.957848],[29.109348,40.9580192],[29.1112349,40.9590646],[29.1066315,40.9633327],[29.1038393,40.9667737],[29.0961422,40.9799894],[29.0905175,40.9851447],[29.0843092,40.9883971],[29.0542092,40.9996924],[29.0472018,41.0016009],[29.0478955,41.0026921]]]},"properties":{"osm_id":"relation/1276548","ad":"Kadıköy","seviye":"6"}},{"type":"Feature","geometry":{"type":"Polygon","coordinates":[[[29.1623212,40.9807697],[29.1651764,40.9794402],[29.1716205,40.9782221],[29.1723997,40.9776985],[29.1725967,40.9765003],[29.1734453,40.976102],[29.1765254,40.9772739],[29.1778557,40.9771897],[29.1793429,40.9762266],[29.17959,40.9745058],[29.1807384,40.9751303],[29.1843671,40.975313],[29.1888352,40.9781584],[29.1936085,40.9792957],[29.1990792,40.9817964],[29.2010379,40.9819878],[29.2035055,40.9831703],[29.1991111,40.9849163],[29.193942,40.9883304],[29.1903888,40.9897624],[29.1773346,40.9908445],[29.1641375,40.9943285],[29.1508561,40.9947584],[29.1373802,40.9969011],[29.1323775,40.9969954],[29.1206268,40.9956919],[29.1153289,40.9960828],[29.1092378,40.998475],[29.0975132,41.0070267],[29.0942584,41.008522],[29.0904171,41.0093909],[29.0870841,41.0094598],[29.08346,41.0088827],[29.0767782,41.0064307],[29.0725775,41.0054446],[29.0723182,41.0025163],[29.0734398,41.0001643],[29.0740329,40.9967136],[29.073352,40.992524],[29.086569,40.9874224],[29.0926035,40.9835982],[29.0970859,40.9786864],[29.1046601,40.9656787],[29.1112349,40.9590646],[29.1144848,40.959907],[29.1165948,40.9613755],[29.1200519,40.9661295],[29.1226298,40.9679956],[29.1225246,40.9694514],[29.1233188,40.9706066],[29.1262307,40.9727992],[29.1343781,40.9731177],[29.1374444,40.9741048],[29.1404485,40.9738982],[29.1426463,40.9729513],[29.1447877,40.9733144],[29.1496003,40.9724462],[29.1513686,40.9736146],[29.1538801,40.9741862],[29.1540336,40.9747613],[29.1552003,40.9754806],[29.157476,40.9791139],[29.1609791,40.9795498],[29.1623212,40.9807697]]]},"properties":{"osm_id":"relation/1276672","ad":"Ataşehir","seviye":"6"}},{"type":"Feature","geometry":{"type":"Polygon","coordinates":[[[29.0678748,41.0757472],[29.0642506,41.0778919],[29.0644925,41.077533],[29.063693,41.0763721],[29.062044,41.0761721],[29.061147,41.075322],[29.0590568,41.0746517],[29.055741,41.0741715],[29.0553524,41.0732449],[29.0571431,41.0685778],[29.0569597,41.0664207],[29.0524193,41.0615024],[29.0532776,41.0574639],[29.0521704,41.0559106],[29.0516367,41.0541265],[29.0513584,41.0510521],[29.052385,41.0504219],[29.052179,41.0499106],[29.052588,41.0494417],[29.0521167,41.0482385],[29.043116,41.0440161],[29.0407125,41.0434801],[29.0353304,41.0399482],[29.0315999,41.0384123],[29.0222102,41.0320034],[29.0200951,41.0315505],[29.017537,41.0299596],[29.0132985,41.0262248],[29.0095189,41.0259551],[29.0072381,41.0237643],[29.0063673,41.0223138],[29.0065435,41.0214671],[29.0086212,41.0192273],[29.0086259,41.0180631],[29.0082473,41.0180759],[29.0083257,41.0186986],[29.0080218,41.0182655],[29.010313,41.0160759],[29.0111505,41.0129903],[29.0100303,41.013191],[29.0094428,41.0138767],[29.0110146,41.0123251],[29.0098988,41.0107643],[29.008896,41.0109117],[29.0100515,41.0104624],[29.0100344,41.0095251],[29.0095545,41.0096293],[29.009829,41.0092283],[29.008087,41.0095183],[29.0068601,41.0109525],[29.0074105,41.0095001],[29.0091757,41.0090004],[29.0103569,41.0072237],[29.0066612,41.0073035],[29.0083587,41.0048587],[29.01244,41.0044517],[29.0134311,41.0025476],[29.0103946,41.0026844],[29.0115589,41.0009149],[29.0157894,41.0002533],[29.0176451,41.0012922],[29.0201199,40.9989566],[29.0218033,40.9985299],[29.0238308,41.0003993],[29.0281249,41.0028268],[29.0274453,41.0039698],[29.0279177,41.0047044],[29.0286799,41.0050249],[29.0294731,41.0062409],[29.0328155,41.0081795],[29.0352309,41.0113895],[29.0372254,41.012286],[29.039974,41.0113581],[29.0418212,41.0100199],[29.0456422,41.0095902],[29.0471574,41.0101508],[29.0464697,41.0073419],[29.0469817,41.0061429],[29.0479048,41.0054812],[29.0479982,41.0035044],[29.0472018,41.0016009],[29.0542092,40.9996924],[29.073352,40.992524],[29.0740329,40.9967136],[29.0734398,41.0001643],[29.0723182,41.0025163],[29.0726392,41.0056665],[29.0767782,41.0064307],[29.08346,41.0088827],[29.0894421,41.0094753],[29.0891316,41.0119404],[29.0881341,41.0119357],[29.0855085,41.018153],[29.084359,41.0183837],[29.0832266,41.0211155],[29.0835679,41.0227997],[29.0830935,41.0241339],[29.0845766,41.0241682],[29.0845963,41.0247094],[29.0813916,41.0270281],[29.0803543,41.02943],[29.0854722,41.0307965],[29.0869393,41.0317482],[29.0879853,41.0353553],[29.0903888,41.037179],[29.0902704,41.0390481],[29.0916273,41.0401023],[29.0896554,41.0436625],[29.0898922,41.0456044],[29.0890243,41.0470599],[29.088366,41.0503373],[29.0887098,41.052452],[29.0868473,41.0549962],[29.0830935,41.0562519],[29.0831482,41.0575059],[29.0854978,41.0602807],[29.0854227,41.0616317],[29.0838027,41.0632415],[29.0834486,41.0642688],[29.0795648,41.0650292],[29.077698,41.0661455],[29.076904,41.0670677],[29.0769362,41.068006],[29.0735315,41.0705515],[29.0717139,41.0735978],[29.0678748,41.0757472]]]},"properties":{"osm_id":"relation/1276889","ad":"Üsküdar","seviye":"6"}},{"type":"Feature","geometry":{"type":"Polygon","coordinates":[[[29.0949029,41.0082752],[29.0993811,41.0058567],[29.1092378,40.998475],[29.1153289,40.9960828],[29.1206268,40.9956919],[29.1323775,40.9969954],[29.1373802,40.9969011],[29.1508561,40.9947584],[29.1641375,40.9943285],[29.1773346,40.9908445],[29.1877742,40.9902621],[29.1926187,40.9889727],[29.1933435,40.9895923],[29.1927911,40.9924674],[29.1912982,40.992665],[29.1930684,40.9961907],[29.1902884,41.0025955],[29.1894103,41.0059354],[29.18777,41.0067124],[29.1877713,41.0074443],[29.1863042,41.007504],[29.1856762,41.0090429],[29.1911656,41.0101295],[29.1946641,41.011395],[29.1939648,41.0133184],[29.1908275,41.0135127],[29.1907382,41.0140145],[29.183448,41.0151473],[29.1797745,41.0213176],[29.1709218,41.0302291],[29.1653906,41.0321999],[29.162128,41.034642],[29.1541195,41.0367286],[29.147802,41.0368948],[29.145724,41.0365438],[29.1422066,41.0349461],[29.1398732,41.0349368],[29.139439,41.0365721],[29.1400135,41.0375747],[29.139925,41.0387213],[29.1382482,41.0405366],[29.1390596,41.042288],[29.1382718,41.0436298],[29.1382718,41.0449547],[29.1375984,41.0462133],[29.1343192,41.0487526],[29.1347877,41.0519542],[29.1338215,41.0531464],[29.1326028,41.0534082],[29.1313168,41.0519487],[29.1262271,41.049858],[29.1248023,41.0500522],[29.1225878,41.0518645],[29.12099,41.052395],[29.119824,41.0521752],[29.1192545,41.0538958],[29.1171371,41.0553032],[29.1131619,41.0592088],[29.1102757,41.0598079],[29.1079326,41.0611814],[29.1034646,41.0611023],[29.1003692,41.060312],[29.0982028,41.0611484],[29.0964418,41.0611991],[29.0955771,41.062842],[29.0956627,41.063783],[29.0977824,41.063864],[29.0979706,41.0642397],[29.0928852,41.0653638],[29.0898779,41.065437],[29.0836032,41.0637433],[29.0854227,41.0616317],[29.0854978,41.0602807],[29.0831482,41.0575059],[29.0830935,41.0562519],[29.0868473,41.0549962],[29.0887098,41.052452],[29.088366,41.0503373],[29.0890243,41.0470599],[29.0898922,41.0456044],[29.0896554,41.0436625],[29.0916883,41.0404203],[29.0902704,41.0390481],[29.0903888,41.037179],[29.0879853,41.0353553],[29.0869393,41.0317482],[29.0854722,41.0307965],[29.0803543,41.02943],[29.0813916,41.0270281],[29.0845963,41.0247094],[29.0845766,41.0241682],[29.0830935,41.0241339],[29.0835679,41.0227997],[29.0832266,41.0211155],[29.084359,41.0183837],[29.0855085,41.018153],[29.0881341,41.0119357],[29.0891316,41.0119404],[29.0894421,41.0094753],[29.0949029,41.0082752]]]},"properties":{"osm_id":"relation/1276890","ad":"Ümraniye","seviye":"6"}},{"type":"Feature","geometry":{"type":"Polygon","coordinates":[[[29.1630073,41.2204997],[29.1629754,41.2196395],[29.1620949,41.2197637],[29.1627453,41.2194161],[29.1627541,41.2180501],[29.1609906,41.2170849],[29.160195,41.2179635],[29.1570414,41.2184412],[29.1566318,41.2189205],[29.1554108,41.2191566],[29.1548248,41.2186946],[29.1545539,41.2195409],[29.153886,41.2195147],[29.1544596,41.219357],[29.1532476,41.2182719],[29.1524319,41.218442],[29.1519454,41.2180015],[29.1513863,41.2185361],[29.1506092,41.2177545],[29.1522995,41.2160515],[29.151763,41.2151294],[29.1521312,41.2145444],[29.149902,41.2130388],[29.1479899,41.2128221],[29.1477018,41.2119026],[29.1450864,41.2120013],[29.14368,41.2128389],[29.143483,41.2123712],[29.1416323,41.2129846],[29.1415582,41.2123665],[29.1404656,41.2125084],[29.1395627,41.211652],[29.1376342,41.2113313],[29.136951,41.209907],[29.1360077,41.2098167],[29.1350582,41.2089591],[29.1331877,41.2093],[29.1328959,41.2081284],[29.1317503,41.2086838],[29.1296992,41.2082206],[29.1253889,41.2048244],[29.1265493,41.2054597],[29.1277152,41.2045418],[29.126993,41.2055165],[29.1297348,41.207401],[29.131594,41.205758],[29.131043,41.2031409],[29.1294733,41.2024141],[29.1269784,41.2025403],[29.1268496,41.2022232],[29.1264591,41.2030607],[29.1260782,41.2024199],[29.1232109,41.2019992],[29.1209657,41.2007318],[29.1177987,41.2000056],[29.1180879,41.1990063],[29.1201455,41.1967124],[29.1189992,41.1943995],[29.1191249,41.1925018],[29.119708,41.191743],[29.1178981,41.1884389],[29.1179097,41.1878266],[29.1186179,41.1877689],[29.1181381,41.186977],[29.1156772,41.1866008],[29.115462,41.1857053],[29.114755,41.185674],[29.1144621,41.1849384],[29.1126681,41.1846153],[29.1129456,41.1841617],[29.1124754,41.1836595],[29.1129956,41.1832814],[29.1125844,41.1829603],[29.1101325,41.1841176],[29.1082013,41.1838481],[29.1072672,41.1827409],[29.1074172,41.1817168],[29.1066779,41.180741],[29.1057672,41.1806685],[29.1031691,41.1817175],[29.1017526,41.1816548],[29.1000656,41.180677],[29.0941561,41.18056],[29.0910762,41.1800475],[29.0871223,41.1786616],[29.0866847,41.1775061],[29.0875436,41.175953],[29.0874539,41.1748234],[29.0881783,41.1737597],[29.0879046,41.1733338],[29.0883944,41.1731014],[29.0879932,41.1716695],[29.0866851,41.1700517],[29.0813717,41.1673459],[29.0757768,41.1667079],[29.0734935,41.1645956],[29.0738428,41.1640716],[29.073061,41.1633341],[29.0724157,41.1611886],[29.0768757,41.1573876],[29.0777628,41.1560328],[29.0778428,41.155266],[29.077352,41.1554074],[29.0779089,41.1544962],[29.076611,41.150686],[29.0760795,41.1497966],[29.075814,41.1504228],[29.0760206,41.1495361],[29.075682,41.1489689],[29.0753796,41.1495946],[29.0755981,41.1487671],[29.0752266,41.1483242],[29.0749293,41.148919],[29.0751386,41.1482126],[29.0747546,41.1477587],[29.0744518,41.1483706],[29.0746602,41.1477228],[29.0740828,41.1471057],[29.0728524,41.1478235],[29.0739135,41.1469369],[29.0725574,41.1457495],[29.0718564,41.1432454],[29.0711649,41.1431569],[29.0718592,41.1431719],[29.0716926,41.142317],[29.0732706,41.1416501],[29.073194,41.1412406],[29.07647,41.140805],[29.078978,41.139605],[29.0834657,41.1404397],[29.0781771,41.1389197],[29.0795396,41.1382572],[29.0793915,41.1373902],[29.0803528,41.1368472],[29.0834577,41.1372036],[29.0858196,41.1368213],[29.0901728,41.1347487],[29.0900552,41.1343901],[29.0908925,41.1346397],[29.0915494,41.1342807],[29.0916038,41.1323538],[29.0932681,41.1302779],[29.0929073,41.1301426],[29.0939303,41.1287783],[29.0941462,41.129104],[29.0931619,41.1299867],[29.0935381,41.1302454],[29.095212,41.1278069],[29.0969144,41.1266343],[29.0964586,41.1266858],[29.0965806,41.1263686],[29.0969858,41.1265704],[29.097715,41.1246541],[29.0970571,41.1237088],[29.097801,41.1230419],[29.0976853,41.1222397],[29.0961079,41.1177192],[29.0941873,41.1166858],[29.093068,41.1168404],[29.0930565,41.1163264],[29.0900713,41.1160826],[29.089627,41.1154867],[29.087773,41.115046],[29.0856707,41.1132386],[29.0836446,41.1106124],[29.0826789,41.110112],[29.0823727,41.108573],[29.0818967,41.1085612],[29.0823747,41.1081121],[29.0814671,41.1071107],[29.0778621,41.1077056],[29.074701,41.106725],[29.073226,41.1070179],[29.0688906,41.1045846],[29.066174,41.1027446],[29.0659338,41.1010541],[29.0643731,41.0977684],[29.0650719,41.0956239],[29.0674665,41.0944014],[29.0657499,41.0936899],[29.0655869,41.0930172],[29.066281,41.0915823],[29.0657059,41.0884255],[29.0669161,41.0851068],[29.0666032,41.082922],[29.0659591,41.0819693],[29.0662404,41.0811042],[29.0652049,41.0805191],[29.0648843,41.0797035],[29.0652561,41.0793757],[29.06489,41.0793755],[29.0652353,41.0793371],[29.0642506,41.0778919],[29.066762,41.076747],[29.0690007,41.0748],[29.0717139,41.0735978],[29.0735315,41.0705515],[29.0768182,41.0681435],[29.0770542,41.0667926],[29.0792858,41.0651425],[29.0828935,41.0645499],[29.0836032,41.0637433],[29.0898779,41.065437],[29.0925996,41.0654058],[29.0979706,41.0642397],[29.0977824,41.063864],[29.0956627,41.063783],[29.0955771,41.062842],[29.0964418,41.0611991],[29.0982028,41.0611484],[29.1003692,41.060312],[29.1034646,41.0611023],[29.1081923,41.061108],[29.1102757,41.0598079],[29.1135602,41.0589836],[29.1167028,41.0556897],[29.1192545,41.0538958],[29.119824,41.0521752],[29.12099,41.052395],[29.1225878,41.0518645],[29.1239955,41.0504405],[29.1253001,41.0499098],[29.1262271,41.049858],[29.1310164,41.0517933],[29.1326028,41.0534082],[29.1338215,41.0531464],[29.1347877,41.0519542],[29.1343192,41.0487526],[29.1375984,41.0462133],[29.1390596,41.042288],[29.1417231,41.0437973],[29.1419266,41.0447183],[29.1414656,41.0457516],[29.1426075,41.0470098],[29.1426527,41.0477187],[29.1448046,41.0481252],[29.1478714,41.0477496],[29.1478157,41.0493613],[29.1484057,41.0496991],[29.1520217,41.0493534],[29.1525786,41.0499444],[29.1554288,41.0501867],[29.1588786,41.0512216],[29.1616108,41.0527346],[29.1672933,41.0540253],[29.1683922,41.0562585],[29.1705243,41.054707],[29.1713883,41.0558495],[29.1715138,41.0547674],[29.1710549,41.0544715],[29.1713601,41.0542523],[29.1786817,41.0543342],[29.1831633,41.0557867],[29.1865003,41.055139],[29.1933421,41.055457],[29.1964039,41.0540332],[29.1986481,41.0536899],[29.2021606,41.0549039],[29.2020468,41.0553821],[29.2029249,41.0558236],[29.2018842,41.0561792],[29.2082263,41.0566575],[29.2091532,41.0582393],[29.2104217,41.0590486],[29.2088723,41.0615395],[29.207036,41.0627011],[29.2054092,41.0649312],[29.2052243,41.0665015],[29.2056434,41.0672542],[29.2032648,41.0705712],[29.2026486,41.072448],[29.2027718,41.0742318],[29.2045726,41.0767214],[29.2041823,41.0798718],[29.205158,41.0807912],[29.2067842,41.0843949],[29.2065077,41.0859516],[29.2088332,41.0883539],[29.2083453,41.0906949],[29.2093048,41.0906336],[29.2100506,41.0899912],[29.2110545,41.0903477],[29.2109418,41.0913413],[29.2113777,41.0916043],[29.2128214,41.090991],[29.2143416,41.0923746],[29.2139854,41.092779],[29.2163506,41.0925698],[29.2178225,41.0936915],[29.2178721,41.0943396],[29.2197242,41.0948256],[29.2224033,41.0967698],[29.2223371,41.0979163],[29.2228167,41.0985021],[29.221593,41.0996236],[29.221411,41.1006954],[29.2219568,41.1043715],[29.2276952,41.1065895],[29.229845,41.1069135],[29.2300931,41.1079352],[29.2322099,41.1099662],[29.2338801,41.1102154],[29.2336652,41.1074991],[29.2349881,41.1078729],[29.2342936,41.105007],[29.235352,41.1041098],[29.237386,41.1038232],[29.2382625,41.1031004],[29.2380641,41.1023029],[29.2394367,41.102278],[29.2410408,41.1029883],[29.2424464,41.1042842],[29.2439844,41.1038979],[29.2440009,41.1024898],[29.2472753,41.1034867],[29.2486314,41.1045708],[29.2501197,41.1078729],[29.249111,41.1084835],[29.2489621,41.1110129],[29.2524956,41.111609],[29.2536944,41.1129088],[29.2533277,41.1138575],[29.2516742,41.114506],[29.252849,41.116029],[29.2567439,41.1159253],[29.2572096,41.1167945],[29.2590406,41.1170257],[29.2587337,41.1180303],[29.2597285,41.1187639],[29.2607128,41.1180064],[29.2607234,41.1172649],[29.2627555,41.1162124],[29.2659624,41.1171533],[29.2681321,41.11874],[29.2694551,41.1186842],[29.272154,41.119912],[29.2739532,41.1199519],[29.2756996,41.1217618],[29.2765357,41.1217459],[29.2785466,41.120534],[29.2794251,41.1208688],[29.2809386,41.1206217],[29.2810444,41.1216741],[29.2822377,41.1230315],[29.2820658,41.1256923],[29.2826082,41.1257422],[29.2826303,41.1262798],[29.2835269,41.1263094],[29.2850954,41.128393],[29.284037,41.1317013],[29.2852012,41.1325384],[29.2861935,41.1323889],[29.287146,41.1315818],[29.2903212,41.1308942],[29.2916045,41.1303063],[29.2919881,41.1294592],[29.2941843,41.1293895],[29.2949913,41.128682],[29.298603,41.128662],[29.2998995,41.127536],[29.3013945,41.127227],[29.302056,41.1261009],[29.3029689,41.1259714],[29.3086577,41.1264996],[29.312071,41.1256724],[29.3141084,41.1279246],[29.3169131,41.1284528],[29.3197178,41.129818],[29.3201808,41.1289909],[29.3220198,41.127825],[29.3240572,41.1272868],[29.324507,41.126649],[29.3278277,41.1258717],[29.3329741,41.1263102],[29.3349762,41.1273821],[29.3379791,41.127023],[29.341411,41.1292131],[29.3464159,41.1296081],[29.3508012,41.12889],[29.3498554,41.1273449],[29.3499016,41.1265662],[29.3526347,41.1249979],[29.3591084,41.1253552],[29.3608062,41.1266937],[29.3604995,41.1276328],[29.3647893,41.1324697],[29.3654018,41.1356198],[29.365085,41.1377834],[29.3636697,41.1413468],[29.3604379,41.1416331],[29.3591705,41.1427944],[29.3571426,41.1432557],[29.3537418,41.1427944],[29.3556007,41.1461348],[29.3566146,41.1469619],[29.3561499,41.1485685],[29.3568258,41.1497455],[29.3547135,41.150843],[29.3538685,41.1522585],[29.3507846,41.1534673],[29.3454193,41.1517337],[29.3451658,41.1520836],[29.3463276,41.1534196],[29.3462853,41.1541671],[29.3450813,41.1558211],[29.3444053,41.1554713],[29.3435604,41.155853],[29.3430323,41.1566164],[29.3434548,41.1585248],[29.3407933,41.1613715],[29.3399272,41.1599561],[29.3388077,41.1593677],[29.3322806,41.1591132],[29.3297247,41.1576819],[29.3292811,41.1578409],[29.3297458,41.1612124],[29.3289009,41.1630412],[29.326007,41.1642021],[29.3267463,41.1650767],[29.3271265,41.1667305],[29.3260493,41.1694178],[29.3254789,41.169545],[29.3240214,41.1681457],[29.3241693,41.168909],[29.3227118,41.1729318],[29.3231765,41.1745695],[29.3227118,41.1764138],[29.3243594,41.1789258],[29.3242115,41.1800069],[29.323261,41.1815967],[29.3223949,41.1818193],[29.3210642,41.183425],[29.3221203,41.1857618],[29.3225639,41.1884325],[29.3233032,41.1894816],[29.3221626,41.1897836],[29.321888,41.19034],[29.3233455,41.1954105],[29.3260493,41.1969682],[29.3324496,41.2036116],[29.3316469,41.2048512],[29.3328298,41.2058842],[29.3311611,41.2079978],[29.3311188,41.2091897],[29.3297247,41.2112078],[29.3322806,41.21437],[29.3324799,41.2166263],[29.3319006,41.2160533],[29.332104,41.215744],[29.3311002,41.2153119],[29.3307676,41.2157073],[29.3299951,41.2155863],[29.3295874,41.2165789],[29.328032,41.215956],[29.3273129,41.217047],[29.3256607,41.2164417],[29.3191789,41.2167495],[29.3155863,41.2193148],[29.312432,41.21946],[29.3099143,41.2209436],[29.308809,41.220321],[29.3053249,41.2204432],[29.3042598,41.2207384],[29.3040655,41.221354],[29.302711,41.220957],[29.3004367,41.2217616],[29.2986129,41.2215732],[29.2971113,41.2222442],[29.2954474,41.2214861],[29.2902303,41.2223238],[29.2864893,41.2235718],[29.286437,41.2240666],[29.2854989,41.2238417],[29.2840825,41.2242661],[29.2841535,41.2246259],[29.2825951,41.2246456],[29.2814553,41.2259217],[29.2794484,41.226571],[29.2788392,41.2273553],[29.2772883,41.2280017],[29.2718581,41.2278022],[29.2712115,41.2282491],[29.2714888,41.2292648],[29.2707237,41.2296151],[29.2697764,41.2294831],[29.2676521,41.2280226],[29.2671593,41.2291024],[29.2675171,41.2298521],[29.2665765,41.2304884],[29.2654604,41.230243],[29.2654311,41.2312144],[29.261563,41.2305],[29.257508,41.2306136],[29.2566596,41.2316781],[29.2574652,41.2329612],[29.2570769,41.2334654],[29.2574045,41.2339728],[29.2569901,41.2341131],[29.2570313,41.2350236],[29.2563501,41.2353335],[29.2559943,41.2346793],[29.25489,41.234225],[29.2516963,41.2341099],[29.248819,41.2323316],[29.2457184,41.2319015],[29.2452685,41.2315795],[29.2455619,41.2313095],[29.2451125,41.2300641],[29.2443726,41.2298064],[29.2440548,41.2289998],[29.2413709,41.2278775],[29.2387069,41.228561],[29.2378392,41.2293418],[29.2357427,41.2285303],[29.2341072,41.2301233],[29.2337629,41.2296008],[29.2324687,41.2298112],[29.2330467,41.2293326],[29.2327976,41.2286806],[29.231279,41.2290066],[29.2289027,41.2281535],[29.2249986,41.2295638],[29.2239472,41.230581],[29.2229607,41.2300041],[29.2228959,41.229143],[29.2194959,41.2289465],[29.2185982,41.2294713],[29.2189794,41.2302689],[29.218506,41.2306435],[29.2186259,41.231344],[29.2180142,41.2306966],[29.2156348,41.2308238],[29.2150599,41.2313093],[29.2138824,41.2299832],[29.2168493,41.2260131],[29.215262,41.2245356],[29.2146721,41.2247342],[29.2152126,41.2242405],[29.2147264,41.2239434],[29.2139095,41.2245319],[29.2145586,41.223884],[29.2134232,41.2231136],[29.2076182,41.2216489],[29.2023246,41.2216735],[29.2011327,41.2225413],[29.2018778,41.2231817],[29.2017319,41.223661],[29.2000788,41.2240472],[29.199438,41.223362],[29.2007129,41.2225199],[29.2005716,41.2217353],[29.1975679,41.220317],[29.1921182,41.2201926],[29.1823201,41.221049],[29.1827828,41.2211862],[29.1823684,41.2217703],[29.17971,41.2213585],[29.1769865,41.2225641],[29.1763589,41.2225374],[29.1765965,41.2219478],[29.175782,41.221546],[29.174235,41.222044],[29.1730237,41.2234344],[29.1731878,41.2239527],[29.1723463,41.2244282],[29.171078,41.2242803],[29.1694617,41.2248527],[29.1684839,41.2247389],[29.1680336,41.2241829],[29.1651177,41.2243314],[29.1640663,41.2221223],[29.1633368,41.2220638],[29.1636559,41.221162],[29.1630073,41.2204997]]]},"properties":{"osm_id":"relation/1276910","ad":"Beykoz","seviye":"6"}},{"type":"Feature","geometry":{"type":"Polygon","coordinates":[[[28.9480315,41.0414651],[28.9483294,41.041106],[28.9490976,41.0413772],[28.9486038,41.0408832],[28.9522839,41.0357494],[28.9530572,41.0358577],[28.9526165,41.0353942],[28.9536137,41.0357614],[28.9524144,41.0348895],[28.9557128,41.0338341],[28.960882,41.0338777],[28.9606202,41.0335084],[28.9648315,41.0307071],[28.9656802,41.0311348],[28.9672885,41.0289049],[28.9665304,41.028932],[28.9660719,41.0279948],[28.9667224,41.0276759],[28.9671736,41.024888],[28.9699042,41.0223576],[28.9728184,41.021697],[28.9764467,41.0217812],[28.9766872,41.0210793],[28.9767643,41.0218411],[28.9824798,41.0252857],[28.9885635,41.0281199],[28.9888805,41.0284102],[28.9882516,41.0281686],[28.9881191,41.0289306],[28.988696,41.028785],[28.9901368,41.0310651],[28.9921124,41.0326102],[28.992701,41.0327008],[28.9927717,41.031829],[28.9928428,41.0327346],[28.9936273,41.0331197],[28.9943811,41.0326149],[28.9946008,41.0328571],[28.9937081,41.0332088],[28.9939137,41.0337487],[28.9945071,41.0337763],[28.9939049,41.0338565],[28.9938118,41.0343994],[28.994391,41.0345007],[28.9937796,41.0345046],[28.993798,41.0349976],[28.9947949,41.0363711],[28.9957843,41.0367733],[28.9931925,41.0390912],[28.9910747,41.0392677],[28.9897549,41.040241],[28.9864829,41.0406784],[28.9830816,41.0417906],[28.9820165,41.0409452],[28.9777514,41.0443691],[28.9771582,41.0441865],[28.9759079,41.0456743],[28.9738377,41.0460203],[28.9709159,41.0446708],[28.9680675,41.0455653],[28.9680092,41.047699],[28.9665672,41.0481587],[28.9641017,41.0505021],[28.9627058,41.0509209],[28.9619994,41.0532024],[28.9600509,41.0529245],[28.9555373,41.0536726],[28.9552598,41.0540108],[28.9557561,41.0557043],[28.954913,41.0587776],[28.9508414,41.061601],[28.9503801,41.0624787],[28.9495803,41.0625692],[28.9484396,41.064434],[28.9478642,41.064137],[28.9472832,41.0619975],[28.948475,41.0575596],[28.9477059,41.0555208],[28.9435497,41.0542044],[28.9402724,41.0525362],[28.9393575,41.0514597],[28.9390119,41.0493344],[28.9415351,41.045489],[28.946775,41.0430692],[28.9481494,41.04184],[28.9480315,41.0414651]]]},"properties":{"osm_id":"relation/1765892","ad":"Beyoğlu","seviye":"6"}},{"type":"Feature","geometry":{"type":"Polygon","coordinates":[[[29.0008202,41.0491714],[28.9982304,41.0497948],[28.9959457,41.0456115],[28.9951301,41.0454643],[28.9959801,41.0443141],[28.9952509,41.0439911],[28.9955509,41.0430721],[28.9932298,41.0422569],[28.9932232,41.0406729],[28.9919919,41.0396786],[28.9919114,41.0393428],[28.9931925,41.0390912],[28.9957843,41.0367733],[28.9967829,41.0374971],[29.0055722,41.0398899],[29.0063153,41.0408092],[29.0075844,41.0408515],[29.0074739,41.0412477],[29.0100562,41.041298],[29.0169074,41.0434987],[29.0181482,41.0440435],[29.0180127,41.0445989],[29.024892,41.0472568],[29.0275564,41.0470943],[29.0285837,41.048358],[29.0327995,41.0497522],[29.0358577,41.0557805],[29.036586,41.059498],[29.0372888,41.0598361],[29.0377958,41.0609837],[29.0407865,41.0628895],[29.0413264,41.0654323],[29.0422707,41.0667627],[29.046376,41.0678914],[29.0464037,41.0693474],[29.0452737,41.0711815],[29.0440724,41.0750007],[29.0445886,41.0763839],[29.0441866,41.077233],[29.0444714,41.0778666],[29.0457283,41.0782213],[29.0465763,41.0790933],[29.052189,41.0799518],[29.0546675,41.080969],[29.0543863,41.082634],[29.0551191,41.0839033],[29.0483449,41.084036],[29.0462184,41.0853271],[29.0418699,41.084786],[29.0418496,41.0869288],[29.0426169,41.0878828],[29.0420286,41.0908168],[29.0326802,41.0919151],[29.0233028,41.0941902],[29.0248275,41.0945497],[29.0261096,41.0955947],[29.028317,41.0953461],[29.0285343,41.0962961],[29.0301517,41.0971208],[29.0305111,41.0980223],[29.0320668,41.0982244],[29.0330532,41.0991837],[29.0311191,41.0999436],[29.0296539,41.0993546],[29.0282438,41.0997253],[29.0260551,41.0987147],[29.0231261,41.0990947],[29.0213779,41.100387],[29.0186698,41.1013168],[29.0144458,41.1066686],[29.0139723,41.1064067],[29.0120699,41.1048573],[29.0086969,41.1002674],[29.0056081,41.0951384],[29.0051969,41.0927339],[29.0067881,41.0871857],[29.0138843,41.0772336],[29.0159976,41.072246],[29.0116901,41.0627445],[29.0073766,41.0664389],[29.0031966,41.066595],[29.0022305,41.0634427],[29.0017204,41.0631974],[29.0010525,41.0577396],[28.9987099,41.0555261],[28.9998053,41.0536163],[29.0014493,41.0522366],[29.00027,41.0520433],[29.0010478,41.0502624],[29.0008202,41.0491714]]]},"properties":{"osm_id":"relation/1765893","ad":"Beşiktaş","seviye":"6"}},{"type":"Feature","geometry":{"type":"Polygon","coordinates":[[[28.9573632,41.0534367],[28.9600509,41.0529245],[28.9617094,41.0533744],[28.9633715,41.0565104],[28.9693824,41.0638625],[28.9749008,41.0663685],[28.974618,41.067229],[28.9784413,41.0674293],[28.9786399,41.0694461],[28.979879,41.0708345],[28.9827069,41.0691136],[28.9847169,41.070862],[28.985297,41.0705692],[28.9887674,41.0724504],[28.9895725,41.0753761],[28.9892722,41.078131],[28.9919409,41.0767671],[28.9982173,41.0760474],[29.0008751,41.0747014],[29.0052684,41.0752468],[29.0071196,41.075922],[29.0076693,41.0793599],[29.0060405,41.082754],[29.0052259,41.0834433],[29.0052258,41.084435],[29.0070558,41.0846336],[29.0042174,41.0935107],[29.0044404,41.0972588],[29.0039841,41.0989203],[29.0018249,41.1005933],[28.9991641,41.1010905],[28.9971708,41.0995903],[28.9913911,41.099797],[28.9878666,41.0986125],[28.985531,41.0988636],[28.9839934,41.1039776],[28.978377,41.1022962],[28.9777139,41.1028417],[28.973726,41.1028328],[28.9712048,41.1027034],[28.9696276,41.1020971],[28.9663231,41.1030187],[28.9639395,41.1044248],[28.9605019,41.1049612],[28.9599191,41.1053805],[28.9610338,41.106309],[28.9601541,41.1067132],[28.9538742,41.1048578],[28.9540976,41.1006095],[28.9567709,41.1000641],[28.9588651,41.0987825],[28.9601465,41.0967665],[28.9669673,41.0922157],[28.968023,41.0904843],[28.9675455,41.0886375],[28.9680676,41.0861086],[28.9646655,41.0858895],[28.963995,41.085469],[28.9629005,41.0832735],[28.9636248,41.0803378],[28.9627343,41.0790641],[28.9568664,41.0739921],[28.9554013,41.0681293],[28.9513283,41.0657587],[28.9513046,41.0651843],[28.9480788,41.0647209],[28.9495803,41.0625692],[28.9501387,41.0626445],[28.9508414,41.061601],[28.954626,41.0591498],[28.9557561,41.0557043],[28.9552598,41.0540108],[28.9573632,41.0534367]]]},"properties":{"osm_id":"relation/1765894","ad":"Kâğıthane","seviye":"6"}},{"type":"Feature","geometry":{"type":"Polygon","coordinates":[[[29.0861735,41.1936565],[29.091431,41.2003617],[29.0932602,41.2015177],[29.0943285,41.2014419],[29.0958655,41.2024943],[29.0978292,41.2028664],[29.0977188,41.2035636],[29.0993272,41.2055865],[29.1014734,41.2062656],[29.1033507,41.2051349],[29.1050223,41.2056004],[29.106311,41.2051582],[29.106695,41.2056417],[29.1061468,41.206832],[29.105204,41.2075009],[29.1091006,41.2102192],[29.1103966,41.2120754],[29.1103526,41.2127766],[29.1110275,41.2128468],[29.1096452,41.2130923],[29.1094649,41.2136178],[29.1115042,41.2141658],[29.1092805,41.2150808],[29.1095439,41.2157228],[29.1078108,41.2157423],[29.1075776,41.2162653],[29.1081613,41.2168552],[29.1068167,41.2169544],[29.1071492,41.2175137],[29.1066683,41.217727],[29.1068364,41.2180411],[29.1063674,41.2178037],[29.1060556,41.2184812],[29.106375,41.2211217],[29.1076646,41.2225351],[29.1097166,41.22291],[29.1080843,41.2242561],[29.1101567,41.2254137],[29.1100081,41.2260955],[29.1139531,41.2296367],[29.112355,41.2303849],[29.1122349,41.2308645],[29.1128736,41.2309598],[29.1122126,41.2309608],[29.1121015,41.2313667],[29.1125511,41.2321179],[29.1133377,41.2319798],[29.112661,41.2324377],[29.1133322,41.234073],[29.115308,41.2334396],[29.1144724,41.2317556],[29.1138802,41.231842],[29.1143555,41.2315729],[29.1147566,41.2287553],[29.1152523,41.2289707],[29.1149467,41.2316558],[29.1162566,41.2338709],[29.1133158,41.234503],[29.1127168,41.2352516],[29.1115932,41.2348715],[29.1090277,41.2354659],[29.1099539,41.2366009],[29.1122362,41.2375812],[29.1111853,41.2383551],[29.10914,41.2383325],[29.1059563,41.2370901],[29.1055244,41.2378162],[29.1066556,41.2384051],[29.1070209,41.2396657],[29.1050744,41.2387415],[29.1052472,41.2404206],[29.103239,41.2403996],[29.1025833,41.2408802],[29.1033116,41.2412268],[29.1011756,41.2411515],[29.1014011,41.2417802],[29.1009733,41.2411816],[29.1009736,41.2420525],[29.0991137,41.2410614],[29.0986114,41.2401262],[29.0977209,41.2401907],[29.0974722,41.2411259],[29.0985773,41.2417996],[29.0984612,41.24226],[29.0972829,41.2425857],[29.0978196,41.2428072],[29.0972337,41.2435381],[29.0960973,41.2433559],[29.0964589,41.2439176],[29.095383,41.2449176],[29.0928966,41.2452402],[29.0926572,41.2446997],[29.0930889,41.2445271],[29.0921538,41.2435187],[29.0913378,41.2437694],[29.0912718,41.2444917],[29.0921586,41.2447956],[29.0916995,41.2448978],[29.0918734,41.245994],[29.0910266,41.2474081],[29.0890932,41.2478922],[29.087633,41.2464491],[29.086276,41.246518],[29.0853402,41.2455333],[29.0846954,41.2455969],[29.0842232,41.2462899],[29.0848503,41.2474261],[29.083077,41.2494248],[29.0844798,41.249929],[29.082643,41.249921],[29.0819103,41.2491604],[29.0796924,41.248828],[29.0790851,41.2503972],[29.0802042,41.251711],[29.0790564,41.2521996],[29.0793434,41.2527884],[29.0786836,41.2529518],[29.0781525,41.2539358],[29.0764573,41.2530022],[29.0758477,41.2507736],[29.0751585,41.2506109],[29.0756323,41.2502274],[29.0753716,41.2496861],[29.0738087,41.2497589],[29.0727837,41.2481462],[29.0720417,41.2479125],[29.0710425,41.2484588],[29.0713592,41.2495682],[29.0710433,41.2499153],[29.0720064,41.2507009],[29.0721832,41.2516658],[29.0707185,41.2527132],[29.0697156,41.2519289],[29.0674511,41.2522522],[29.0674454,41.2535514],[29.0663964,41.252617],[29.0659929,41.2511184],[29.0645631,41.2506727],[29.0621476,41.2516655],[29.0621263,41.2536535],[29.0609676,41.2539842],[29.0604311,41.2552264],[29.0591222,41.2546618],[29.0544176,41.2548069],[29.0538282,41.2557334],[29.0519506,41.2553462],[29.052213,41.25573],[29.0502072,41.2558826],[29.0505022,41.256548],[29.0495152,41.2570239],[29.047466,41.256423],[29.047525,41.2549913],[29.045373,41.254568],[29.0447167,41.2536454],[29.0430786,41.2536041],[29.0412473,41.2555559],[29.0419024,41.2564917],[29.0402777,41.2558665],[29.0398365,41.2565097],[29.0381353,41.2565652],[29.0389587,41.2544206],[29.0385659,41.2519328],[29.0370126,41.2501741],[29.033665,41.2494724],[29.0344719,41.2475517],[29.0339655,41.2467253],[29.029988,41.2455387],[29.0222044,41.2449819],[29.0098367,41.2459802],[28.9986974,41.2476845],[28.9877486,41.2501206],[28.9835241,41.2519697],[28.9806044,41.2523047],[28.9786668,41.2530568],[28.9746391,41.252503],[28.9651668,41.2550278],[28.9646369,41.2554856],[28.9645618,41.2566301],[28.9628848,41.2584361],[28.9572734,41.2598519],[28.9549988,41.2619448],[28.9492882,41.2617809],[28.9484772,41.2587948],[28.9467078,41.2570846],[28.9432534,41.2563245],[28.9403044,41.2511937],[28.9407257,41.2484065],[28.9380312,41.2450628],[28.9366793,41.2424329],[28.9357153,41.2372021],[28.9325702,41.2319768],[28.9327097,41.2312991],[28.9336216,41.2312345],[28.9351648,41.2295893],[28.9356704,41.2266744],[28.9349121,41.2249634],[28.9353333,41.2242663],[28.9370184,41.2253436],[28.9363444,41.2231256],[28.9371027,41.2223018],[28.9382823,41.2234425],[28.938535,41.222175],[28.9405572,41.2223018],[28.9417368,41.2214779],[28.9470449,41.2219215],[28.9488142,41.2214779],[28.9499938,41.2204639],[28.9515104,41.2202104],[28.9532614,41.2208004],[28.9538488,41.2192808],[28.9531236,41.2178035],[28.9537442,41.2165994],[28.9534025,41.2146467],[28.9514888,41.2116987],[28.9510801,41.2099419],[28.9492118,41.2077457],[28.9489199,41.206384],[28.947869,41.2050663],[28.9477696,41.2034057],[28.9483944,41.2014203],[28.9480441,41.1992238],[28.9501994,41.1952831],[28.9510002,41.1945786],[28.9540577,41.1936445],[28.9537074,41.1787933],[28.9520143,41.1604662],[28.9578527,41.1604223],[28.9570353,41.1580046],[28.9593123,41.1566859],[28.9671358,41.157609],[28.96807,41.1581365],[28.9713979,41.1574772],[28.973383,41.1558946],[28.9755943,41.1520643],[28.9754319,41.1490276],[28.9763209,41.147212],[28.9746462,41.1458494],[28.9737368,41.1439458],[28.9693573,41.1403542],[28.9678795,41.136709],[28.964113,41.1345002],[28.9640136,41.1341049],[28.965894,41.1328841],[28.9650839,41.1326255],[28.9650592,41.1315027],[28.9598928,41.1274049],[28.9599502,41.1249159],[28.9609596,41.1234641],[28.9609694,41.1209557],[28.962053,41.118919],[28.9602935,41.1183532],[28.9598249,41.1140657],[28.9587593,41.1134711],[28.9607119,41.111515],[28.9621157,41.1110466],[28.9601541,41.1067132],[28.9610338,41.106309],[28.9599191,41.1053805],[28.9611841,41.1046774],[28.9639395,41.1044248],[28.9663231,41.1030187],[28.9696276,41.1020971],[28.9712048,41.1027034],[28.973726,41.1028328],[28.9777139,41.1028417],[28.978377,41.1022962],[28.9839934,41.1039776],[28.985531,41.0988636],[28.9869118,41.0986691],[28.9884567,41.0987463],[28.9913911,41.099797],[28.9971708,41.0995903],[28.9991641,41.1010905],[29.0011596,41.1008696],[29.0041653,41.0985893],[29.0043171,41.0934185],[29.0052191,41.0937086],[29.007539,41.0984019],[29.0120699,41.1048573],[29.0144458,41.1066686],[29.018467,41.1014915],[29.0213779,41.100387],[29.0231261,41.0990947],[29.0260551,41.0987147],[29.0282438,41.0997253],[29.0296539,41.0993546],[29.0311191,41.0999436],[29.0330532,41.0991837],[29.0320668,41.0982244],[29.0305111,41.0980223],[29.0301517,41.0971208],[29.0285343,41.0962961],[29.028317,41.0953461],[29.0261096,41.0955947],[29.0248275,41.0945497],[29.0233028,41.0941902],[29.0326802,41.0919151],[29.0420286,41.0908168],[29.0426169,41.0878828],[29.0418496,41.0869288],[29.0418699,41.084786],[29.0462184,41.0853271],[29.048497,41.0840124],[29.0545611,41.0841081],[29.0551191,41.0839033],[29.0543863,41.082634],[29.0546498,41.081221],[29.0560038,41.081802],[29.0570176,41.0835623],[29.057102,41.090318],[29.0566437,41.0915488],[29.055492,41.0924297],[29.0540054,41.0948485],[29.0541169,41.0969313],[29.0546405,41.0974811],[29.053534,41.0989294],[29.0547118,41.0997085],[29.0551845,41.1017392],[29.0566516,41.1035582],[29.0576213,41.106544],[29.0582847,41.1077355],[29.0590669,41.1081344],[29.0593579,41.1093226],[29.0585209,41.1103081],[29.0584714,41.1126837],[29.0576907,41.1134941],[29.0554143,41.1132303],[29.0543508,41.1137722],[29.0571567,41.1149429],[29.0617587,41.1131254],[29.0644658,41.1166723],[29.067753,41.1182281],[29.070327,41.1202092],[29.071195,41.1217127],[29.0708042,41.1218585],[29.0718838,41.1232815],[29.0716977,41.1245372],[29.0701664,41.1273616],[29.0660402,41.1290646],[29.0639734,41.1306145],[29.0625152,41.1332216],[29.0624984,41.1341369],[29.0610878,41.1357071],[29.0592251,41.1361993],[29.0587328,41.1366832],[29.0589424,41.1371276],[29.057966,41.1370398],[29.0542289,41.1385837],[29.0545358,41.1391214],[29.0573678,41.1390425],[29.0579745,41.1396613],[29.0564385,41.1421524],[29.055556,41.1426682],[29.0556272,41.1438724],[29.0524003,41.1469566],[29.0504212,41.1480189],[29.0453691,41.1491925],[29.0437682,41.15026],[29.04142,41.1529212],[29.0381573,41.1537338],[29.03682,41.1546532],[29.0365558,41.1554235],[29.0381867,41.1558097],[29.036593,41.1555201],[29.0361724,41.1559354],[29.036549,41.1569717],[29.0383301,41.158088],[29.0388864,41.1582992],[29.0390742,41.1578968],[29.038984,41.1583299],[29.0439387,41.159536],[29.0463832,41.1607592],[29.0483837,41.1628088],[29.0505597,41.1636786],[29.0515997,41.1646786],[29.0570347,41.1657578],[29.0576087,41.1663137],[29.0581564,41.1688852],[29.0586486,41.1686876],[29.0589506,41.1691515],[29.0586053,41.1693003],[29.0604421,41.1706402],[29.0640905,41.1719233],[29.0677959,41.1725072],[29.0727073,41.1750224],[29.0738725,41.1772741],[29.0738494,41.1808707],[29.0742807,41.1808618],[29.0741686,41.1796944],[29.0748203,41.1817134],[29.0751486,41.1815907],[29.0754521,41.1822144],[29.0753772,41.1828696],[29.0762441,41.1832701],[29.0772246,41.1855276],[29.0784169,41.1862481],[29.0787404,41.1860388],[29.0790767,41.1867171],[29.0810554,41.187816],[29.0815523,41.1875721],[29.0815707,41.1884702],[29.0830088,41.1894554],[29.0861735,41.1936565]]]},"properties":{"osm_id":"relation/1765895","ad":"Sarıyer","seviye":"6"}},{"type":"Feature","geometry":{"type":"Polygon","coordinates":[[[28.9627012,41.0553586],[28.9617094,41.0533744],[28.9623589,41.0527975],[28.9627058,41.0509209],[28.9641017,41.0505021],[28.9665672,41.0481587],[28.9680092,41.047699],[28.9680675,41.0455653],[28.9709159,41.0446708],[28.9738377,41.0460203],[28.9759079,41.0456743],[28.9771582,41.0441865],[28.9777514,41.0443691],[28.9820165,41.0409452],[28.9830816,41.0417906],[28.9864829,41.0406784],[28.9897549,41.040241],[28.9910747,41.0392677],[28.9928759,41.0391941],[28.9919114,41.0393428],[28.9932232,41.0406729],[28.993113,41.042086],[28.9955509,41.0430721],[28.9952509,41.0439911],[28.9959801,41.0443141],[28.9951301,41.0454643],[28.9959457,41.0456115],[28.9982304,41.0497948],[29.0008202,41.0491714],[29.0010478,41.0502624],[29.00027,41.0520433],[29.0014493,41.0522366],[28.9998053,41.0536163],[28.9987099,41.0555261],[29.0010525,41.0577396],[29.0017204,41.0631974],[29.0022305,41.0634427],[29.0031966,41.066595],[29.0073766,41.0664389],[29.0116901,41.0627445],[29.0159976,41.072246],[29.0138843,41.0772336],[29.0067881,41.0871857],[29.0053315,41.0917052],[29.0052191,41.0937086],[29.0046143,41.093746],[29.0045023,41.0925549],[29.0070558,41.0846336],[29.0052258,41.084435],[29.005242,41.0831966],[29.0060405,41.082754],[29.0075433,41.0798485],[29.0071196,41.075922],[29.0052684,41.0752468],[29.0008751,41.0747014],[28.9982173,41.0760474],[28.9919409,41.0767671],[28.9892722,41.078131],[28.9895725,41.0753761],[28.9887674,41.0724504],[28.985297,41.0705692],[28.9847169,41.070862],[28.9827069,41.0691136],[28.979879,41.0708345],[28.9786399,41.0694461],[28.9784413,41.0674293],[28.974618,41.067229],[28.9749008,41.0663685],[28.9693824,41.0638625],[28.9627012,41.0553586]]]},"properties":{"osm_id":"relation/1765896","ad":"Şişli","seviye":"6"}},{"type":"Feature","geometry":{"type":"Polygon","coordinates":[[[28.6622949,41.1024971],[28.66351,41.1038196],[28.6652128,41.1044332],[28.6682482,41.106832],[28.6780636,41.1102436],[28.6737539,41.1118255],[28.6738748,41.1134699],[28.6751334,41.1149759],[28.6770583,41.1158125],[28.6771323,41.116928],[28.6817965,41.1222822],[28.6837213,41.1236765],[28.6893294,41.1253774],[28.7167452,41.1117477],[28.7217194,41.1118349],[28.7271563,41.1143623],[28.7335186,41.1253426],[28.7338656,41.1310063],[28.7351381,41.1358853],[28.7358488,41.1363656],[28.7367904,41.1365769],[28.7380329,41.1361179],[28.7379384,41.1341245],[28.7406367,41.1326619],[28.7470043,41.1340558],[28.75018,41.1316962],[28.7521326,41.1322376],[28.7540424,41.1321164],[28.7546217,41.1312598],[28.7557268,41.1314619],[28.7588704,41.1324477],[28.7636661,41.1368678],[28.7718678,41.1398785],[28.7814599,41.1493693],[28.7858319,41.1492699],[28.7883532,41.1484378],[28.7898287,41.148761],[28.8083221,41.1369698],[28.8114106,41.1362032],[28.8151854,41.1363266],[28.8151483,41.1411764],[28.81725,41.1429454],[28.8163474,41.1529024],[28.8147315,41.1543169],[28.8155571,41.1556622],[28.8162581,41.1597111],[28.8137721,41.1638961],[28.8143036,41.1664627],[28.8138616,41.168532],[28.8144946,41.1736162],[28.8137165,41.1745391],[28.8142348,41.1755728],[28.8171958,41.1749664],[28.8198151,41.1753677],[28.8197615,41.1789753],[28.8214361,41.1825197],[28.8196403,41.1835118],[28.8178816,41.1867962],[28.8187607,41.1891063],[28.8180941,41.1910082],[28.8192958,41.1922448],[28.818157,41.1944948],[28.8191492,41.1966376],[28.8160451,41.2010509],[28.8192382,41.2029988],[28.8207871,41.207241],[28.8195607,41.208116],[28.8179675,41.2107369],[28.8160626,41.2107469],[28.8151941,41.2113276],[28.8146722,41.2131237],[28.8108411,41.2161442],[28.8109036,41.2181054],[28.8088621,41.2200181],[28.8056279,41.2214069],[28.7999742,41.2216446],[28.7965333,41.2231037],[28.7960223,41.2258318],[28.7976933,41.2270366],[28.7974552,41.229087],[28.7950703,41.2311546],[28.7941909,41.2336038],[28.7907037,41.2352511],[28.788779,41.2369346],[28.7883075,41.2405438],[28.7867959,41.2431968],[28.7876244,41.2475805],[28.7840848,41.251047],[28.7807621,41.2563475],[28.7790801,41.2577939],[28.7748204,41.2583853],[28.774465,41.2598991],[28.7731028,41.2613683],[28.773162,41.2628375],[28.7716813,41.2650635],[28.771326,41.2676011],[28.770023,41.2693818],[28.7700822,41.2703166],[28.7763011,41.2701831],[28.7769526,41.2710734],[28.7762418,41.2720972],[28.7777225,41.2728539],[28.7774856,41.2761034],[28.7812762,41.2796197],[28.7818092,41.28456],[28.7834676,41.2878089],[28.7829345,41.289411],[28.7841783,41.2937276],[28.7851259,41.2953296],[28.7847113,41.2980439],[28.7858367,41.3022265],[28.7873766,41.305163],[28.7895897,41.3068326],[28.7902962,41.311691],[28.788844,41.3141924],[28.7883425,41.3141239],[28.7897995,41.311561],[28.7896407,41.3083457],[28.7885664,41.3071338],[28.7877873,41.3073766],[28.7877899,41.3068024],[28.7859714,41.3067923],[28.7807786,41.308648],[28.7802824,41.3093249],[28.7804233,41.3114585],[28.7818569,41.3132415],[28.7848932,41.3124235],[28.7851614,41.3126975],[28.7812802,41.3138056],[28.7754035,41.3165776],[28.7739068,41.317742],[28.7710959,41.3212854],[28.7693149,41.3225646],[28.7655678,41.3237107],[28.7638861,41.3235234],[28.760182,41.3242687],[28.7567568,41.3263615],[28.7533209,41.3277715],[28.7502819,41.3278822],[28.7471223,41.3267825],[28.742128,41.3259788],[28.7353045,41.3273485],[28.7306459,41.3258496],[28.7266087,41.326577],[28.7153542,41.3300918],[28.712667,41.331621],[28.7089216,41.3323889],[28.7052027,41.3342872],[28.6923408,41.3387881],[28.6913565,41.3395756],[28.689517,41.3400152],[28.6886315,41.3409762],[28.6858896,41.3416044],[28.6854721,41.3421423],[28.6857024,41.3433332],[28.6843703,41.3428765],[28.6838432,41.344666],[28.6844564,41.3451539],[28.6862417,41.3449482],[28.6869349,41.3431238],[28.6868387,41.3441488],[28.6878857,41.3451427],[28.6850996,41.3458933],[28.6852022,41.34626],[28.6845623,41.3464116],[28.6848765,41.3468981],[28.6844613,41.3478675],[28.683106,41.3484116],[28.6799276,41.3480552],[28.6793134,41.3476082],[28.6800241,41.3464081],[28.678996,41.3455898],[28.678939,41.34444],[28.6771318,41.3431993],[28.6726373,41.3429083],[28.6690568,41.3436251],[28.660976,41.3463076],[28.6578557,41.3478498],[28.6442542,41.349213],[28.6307621,41.3527927],[28.6112438,41.360316],[28.6094767,41.3618084],[28.6078676,41.3618288],[28.6039728,41.3632095],[28.5787815,41.3736768],[28.567881,41.3800489],[28.5645604,41.3812001],[28.5632622,41.3828061],[28.5596681,41.3838324],[28.5548025,41.3861708],[28.5501033,41.3871086],[28.5475767,41.388151],[28.5442829,41.3883643],[28.53847,41.3898834],[28.5314601,41.3925196],[28.5253197,41.3955197],[28.5046881,41.4027588],[28.4919557,41.408084],[28.491894,41.4071566],[28.4911315,41.4073306],[28.4911108,41.4060059],[28.4901435,41.4055197],[28.490664,41.4023313],[28.4892653,41.3943481],[28.4904349,41.3934231],[28.4913939,41.390082],[28.4955893,41.3876916],[28.5196667,41.3831754],[28.5342134,41.3711307],[28.5653133,41.3660487],[28.5730883,41.3536243],[28.5572727,41.3093727],[28.5579821,41.3060196],[28.5561239,41.3017914],[28.5567164,41.2950744],[28.5556392,41.2925249],[28.5531078,41.2899147],[28.551869,41.2869604],[28.5527577,41.2836012],[28.5517074,41.2809096],[28.5521922,41.2788656],[28.5517074,41.2781573],[28.5432851,41.2765083],[28.5433627,41.2750057],[28.5447671,41.2718726],[28.5447013,41.2709123],[28.5435787,41.2708851],[28.5450821,41.269369],[28.5455274,41.2651787],[28.5476611,41.263197],[28.549246,41.2604594],[28.5528363,41.2601924],[28.5557413,41.2616947],[28.5586155,41.2611926],[28.5598397,41.2618964],[28.5612666,41.2615093],[28.5622948,41.2617812],[28.5659301,41.2601912],[28.5681544,41.2606076],[28.5696016,41.2599759],[28.5729557,41.2595323],[28.5746133,41.2584979],[28.5748996,41.2570601],[28.5737979,41.2558877],[28.574152,41.2550167],[28.5754358,41.2542808],[28.5754502,41.2537664],[28.5746455,41.2537584],[28.5741413,41.2530566],[28.5750502,41.2505444],[28.5744718,41.2490705],[28.5766591,41.2481308],[28.576864,41.2472828],[28.5753965,41.2458049],[28.5750317,41.2437478],[28.5753322,41.2419488],[28.5769951,41.2403031],[28.5772351,41.2371544],[28.5764909,41.2360675],[28.5740212,41.2345663],[28.5771561,41.232824],[28.5791087,41.2303469],[28.5792248,41.2293888],[28.581002,41.2302403],[28.5808147,41.2289109],[28.5814,41.2281626],[28.582992,41.2225454],[28.5821023,41.2177731],[28.5832963,41.2147351],[28.5830505,41.2140395],[28.5824886,41.2140835],[28.5848767,41.2106667],[28.5857195,41.210156],[28.5860824,41.2064043],[28.5857312,41.2050745],[28.5884587,41.2003096],[28.5912798,41.1970155],[28.5950843,41.1900742],[28.595096,41.1850264],[28.5942649,41.182216],[28.5940308,41.172154],[28.5930475,41.1686558],[28.591315,41.1656596],[28.5858248,41.1634917],[28.5847479,41.1619319],[28.5819267,41.1547754],[28.5798431,41.1523163],[28.5798782,41.1518139],[28.5758864,41.1477415],[28.5748797,41.1474771],[28.5722868,41.1454364],[28.5709933,41.1432591],[28.5677859,41.1402],[28.5707709,41.1364929],[28.5727609,41.1316349],[28.5728897,41.1297392],[28.5739901,41.1290338],[28.5743178,41.1278347],[28.571602,41.1261681],[28.5691321,41.1235581],[28.5663811,41.122059],[28.5637824,41.1194928],[28.5623426,41.1176144],[28.5624499,41.1155572],[28.5662555,41.1147159],[28.5673538,41.1169304],[28.5686803,41.1179814],[28.5704613,41.1177955],[28.5708816,41.1187483],[28.5722767,41.1192642],[28.57462,41.1223267],[28.5767705,41.1239613],[28.5767698,41.1247705],[28.5778664,41.1263424],[28.5801933,41.1276729],[28.5813028,41.1281688],[28.5850096,41.128096],[28.586536,41.1269775],[28.5862434,41.1280839],[28.5869944,41.1283425],[28.5891616,41.1271626],[28.5898054,41.1261201],[28.5916722,41.1296274],[28.5932547,41.1287183],[28.5939542,41.1273443],[28.5939178,41.1262559],[28.5951079,41.1243072],[28.5946387,41.1225116],[28.5969776,41.121671],[28.5974389,41.1202324],[28.6007488,41.1207456],[28.6002059,41.1201921],[28.603404,41.1189771],[28.6028355,41.1181026],[28.6024761,41.1152413],[28.6038011,41.1126426],[28.6062606,41.112499],[28.6077601,41.1112118],[28.6073969,41.1137489],[28.6084896,41.1158829],[28.6108071,41.1185391],[28.6127436,41.1193918],[28.6157125,41.1139977],[28.6171961,41.1128447],[28.6186737,41.1106834],[28.6193955,41.1104318],[28.6201893,41.1089573],[28.6216915,41.1082087],[28.6216599,41.1067305],[28.6233544,41.1040697],[28.6252212,41.0996555],[28.6279973,41.0977835],[28.6310229,41.0931661],[28.6311164,41.0920828],[28.6334395,41.0901955],[28.6328204,41.0897319],[28.6340208,41.088634],[28.6359752,41.094939],[28.6372055,41.0957238],[28.6392409,41.0960262],[28.6385392,41.0981109],[28.6395951,41.0981109],[28.6430789,41.1035755],[28.6456678,41.1014765],[28.6480369,41.1014765],[28.652701,41.0997471],[28.6561066,41.1001376],[28.6573652,41.0987429],[28.6589939,41.0993008],[28.6597343,41.1008071],[28.6622949,41.1024971]]]},"properties":{"osm_id":"relation/1766093","ad":"Arnavutköy","seviye":"6"}},{"type":"Feature","geometry":{"type":"Polygon","coordinates":[[[28.6950929,41.1029934],[28.6893034,41.1060842],[28.6917078,41.1034634],[28.6927271,41.0984912],[28.6925447,41.0961061],[28.6909783,41.0922816],[28.6922443,41.0901065],[28.6922973,41.0881286],[28.6938643,41.0821736],[28.6971074,41.0769277],[28.6985682,41.0759975],[28.7000597,41.0717772],[28.7003167,41.0659134],[28.6993195,41.0645083],[28.7010686,41.0599517],[28.7003677,41.0599037],[28.700233,41.0591002],[28.6939839,41.0584725],[28.6822602,41.0549898],[28.6834091,41.0532075],[28.6897495,41.0474064],[28.6906938,41.0450365],[28.690617,41.0430708],[28.6970449,41.0414101],[28.6923892,41.037039],[28.6906028,41.0363283],[28.6910747,41.0317452],[28.6963456,41.0314249],[28.6972203,41.0292482],[28.7018636,41.0287628],[28.7014631,41.021927],[28.7002285,41.0155129],[28.6967452,41.0124465],[28.7018986,41.0094053],[28.7000354,41.0063305],[28.6992035,41.0057341],[28.6994916,41.0050143],[28.6988191,41.0002717],[28.6973405,40.9997918],[28.6921102,40.9998282],[28.6901634,41.0005245],[28.6877277,41.0022889],[28.6843106,41.0011432],[28.6847503,40.997834],[28.6878508,40.9899972],[28.6897981,40.9884021],[28.6901682,40.9887544],[28.6947119,40.9858267],[28.7000602,40.9792122],[28.7000855,40.9770312],[28.6986977,40.9761603],[28.6988888,40.9742182],[28.6995082,40.974181],[28.6995422,40.9737437],[28.7053735,40.973373],[28.709803,40.9723778],[28.7121725,40.9726918],[28.7138354,40.9722058],[28.7139856,40.971096],[28.7146294,40.9704398],[28.7179598,40.9692289],[28.7169272,40.9701642],[28.7145757,40.9710069],[28.715396,40.9718913],[28.716888,40.9713658],[28.7167,40.9705857],[28.7172551,40.9712943],[28.7179158,40.9709484],[28.7178018,40.9705751],[28.7183227,40.9709629],[28.7193659,40.9707602],[28.7190926,40.9695811],[28.7198326,40.9693117],[28.7250377,40.968936],[28.7256391,40.9695144],[28.7246432,40.9705769],[28.7272407,40.9714971],[28.7347352,40.9714929],[28.7363018,40.9711679],[28.7380251,40.9698537],[28.7387279,40.970703],[28.7411913,40.9702621],[28.7430226,40.9718379],[28.7438922,40.9740141],[28.7445467,40.9741332],[28.7444539,40.9747205],[28.7492384,40.9765568],[28.7513477,40.978263],[28.7523402,40.9797615],[28.7554726,40.9802236],[28.7567678,40.9799843],[28.7566005,40.9831476],[28.7397863,41.044572],[28.7405723,41.052506],[28.7421656,41.0568563],[28.7438822,41.0586927],[28.7452733,41.0591214],[28.7452635,41.0608504],[28.7446352,41.0620872],[28.7430796,41.0628043],[28.7428512,41.0636805],[28.7397942,41.0628053],[28.7372853,41.0629509],[28.7358759,41.062234],[28.7319571,41.0641208],[28.7328798,41.065132],[28.7291354,41.0667619],[28.7261152,41.0715261],[28.7231544,41.0735486],[28.7137404,41.0825559],[28.7108159,41.0838233],[28.7087345,41.0863706],[28.7058055,41.0879637],[28.7062669,41.0897912],[28.7053871,41.0915863],[28.703134,41.0939392],[28.6983812,41.1005367],[28.6950929,41.1029934]]]},"properties":{"osm_id":"relation/1766094","ad":"Avcılar","seviye":"6"}},{"type":"Feature","geometry":{"type":"Polygon","coordinates":[[[28.8061208,41.015537],[28.8082437,41.0150551],[28.8091684,41.0114388],[28.8094068,41.0074172],[28.8118544,41.0023993],[28.8114129,41.0013114],[28.8117338,41.0005848],[28.8141053,40.9986402],[28.8162106,40.995445],[28.8193482,40.9944115],[28.818879,40.9935292],[28.8195788,40.9933541],[28.8439692,40.9917977],[28.8512528,40.9918542],[28.8558686,40.9927827],[28.8857606,41.0016974],[28.8846773,41.003597],[28.8827868,41.0046671],[28.8815524,41.0062641],[28.8802794,41.0145636],[28.8809852,41.0165466],[28.8794126,41.0163942],[28.8780832,41.0143295],[28.8776822,41.0126733],[28.875329,41.009902],[28.8746724,41.0081175],[28.8705938,41.0062744],[28.8668962,41.0108614],[28.8614904,41.0157138],[28.858435,41.0202588],[28.8584705,41.0191368],[28.8553828,41.0199506],[28.8551267,41.0209849],[28.8545948,41.0211241],[28.8484567,41.0214301],[28.8475377,41.0242509],[28.8443264,41.0214024],[28.8414869,41.0214159],[28.8397369,41.0222787],[28.8393177,41.0220604],[28.8379871,41.0236683],[28.8313865,41.0222836],[28.8281856,41.0221209],[28.8271045,41.0203317],[28.8228604,41.0197781],[28.8153903,41.0234229],[28.8109631,41.0271706],[28.8083935,41.027953],[28.8079025,41.0262786],[28.8085127,41.0247242],[28.8077292,41.0223837],[28.8069199,41.0218956],[28.8064171,41.0203853],[28.8067995,41.0191413],[28.8059571,41.0169015],[28.8061208,41.015537]]]},"properties":{"osm_id":"relation/1766095","ad":"Bahçelievler","seviye":"6"}},{"type":"Feature","geometry":{"type":"Polygon","coordinates":[[[28.8393283,40.9583308],[28.8420106,40.9611166],[28.844709,40.9659695],[28.8462502,40.9668623],[28.8457631,40.9668282],[28.845071,40.9678004],[28.8452105,40.9687461],[28.8468662,40.9706546],[28.8489141,40.9714694],[28.851407,40.969551],[28.8491003,40.9719671],[28.8519273,40.9700999],[28.8493893,40.9720121],[28.8496443,40.9731122],[28.8515572,40.9742676],[28.8537083,40.9745552],[28.8587498,40.9740637],[28.8588107,40.9736818],[28.8597433,40.9742595],[28.8657074,40.9736455],[28.8658679,40.968232],[28.8663055,40.9675607],[28.8752883,40.9673694],[28.8752441,40.9677379],[28.8670857,40.9674479],[28.866253,40.9679242],[28.8662014,40.969507],[28.8727673,40.9698351],[28.872948,40.968697],[28.8753294,40.9688394],[28.8796786,40.972385],[28.8752188,40.969114],[28.8743754,40.9691816],[28.8730365,40.9701712],[28.8762532,40.9725688],[28.8774955,40.9715951],[28.8784905,40.9723512],[28.8779579,40.9727522],[28.8784192,40.9732831],[28.8768858,40.9734662],[28.8768248,40.9742093],[28.8780339,40.9744956],[28.877952,40.9737014],[28.8832155,40.9767614],[28.8855061,40.9771644],[28.8893064,40.9797162],[28.8906689,40.9799187],[28.8905962,40.9779714],[28.8909251,40.9778954],[28.8910323,40.980025],[28.8899236,40.9824451],[28.8909676,40.9837039],[28.8918527,40.9889884],[28.8916562,40.9906024],[28.8923585,40.9926416],[28.8942051,40.9955698],[28.8920313,40.9979011],[28.8918508,40.9998184],[28.8931474,41.0026004],[28.8955656,41.0053753],[28.8959518,41.0066949],[28.8893626,41.0027814],[28.8558686,40.9927827],[28.8497333,40.9917085],[28.8195788,40.9933541],[28.8152088,40.9950399],[28.8125093,40.9981477],[28.8103968,40.9995644],[28.806196,41.0006487],[28.8031143,41.0005109],[28.8004356,40.9996997],[28.7969098,40.9974745],[28.7980727,40.9940897],[28.7982315,40.9929547],[28.7978486,40.9928067],[28.7984168,40.9890176],[28.7945518,40.9881167],[28.7923865,40.9891783],[28.7885011,40.9866443],[28.7785325,40.9842507],[28.7775496,40.984687],[28.7769953,40.9860099],[28.773436,40.9865223],[28.7752893,40.9840442],[28.7757386,40.9824936],[28.7750326,40.9805796],[28.7749882,40.9768682],[28.7797997,40.9742318],[28.786185,40.9718806],[28.7939053,40.9680015],[28.7986201,40.9637742],[28.8052054,40.9612862],[28.8090641,40.9584194],[28.8092218,40.9568299],[28.8107024,40.9560035],[28.8103913,40.9567327],[28.8117968,40.9570568],[28.813213,40.9564815],[28.8132237,40.9559224],[28.8126014,40.955809],[28.8141893,40.9553715],[28.8143502,40.9558576],[28.8152836,40.9559954],[28.8158523,40.955647],[28.815584,40.955096],[28.8160561,40.9549825],[28.8186739,40.9553066],[28.8235782,40.9545213],[28.825327,40.9552424],[28.8236379,40.9547733],[28.8221513,40.9552424],[28.8226555,40.9569845],[28.8239323,40.9572357],[28.8245588,40.9559661],[28.8243185,40.9568711],[28.8255309,40.9571789],[28.8271724,40.9564011],[28.8269149,40.9557529],[28.8261853,40.9557853],[28.8279493,40.9552557],[28.8277613,40.9558495],[28.828802,40.9560098],[28.8297559,40.9553333],[28.8290383,40.9548679],[28.8300143,40.9546665],[28.8345871,40.9567119],[28.8356915,40.9561542],[28.8347961,40.9568335],[28.8356806,40.9576083],[28.8379766,40.9575273],[28.8382126,40.9569683],[28.8377405,40.9566847],[28.8387598,40.9569602],[28.8393283,40.9583308]]]},"properties":{"osm_id":"relation/1766096","ad":"Bakırköy","seviye":"6"}},{"type":"Feature","geometry":{"type":"Polygon","coordinates":[[[28.8810635,41.0673661],[28.8846966,41.0622465],[28.8857371,41.0594624],[28.8858561,41.0537856],[28.8847305,41.0443546],[28.8880114,41.038555],[28.8899158,41.03723],[28.8950098,41.0354158],[28.8962625,41.0340322],[28.898473,41.0300428],[28.8991171,41.0276765],[28.9009613,41.0277942],[28.9026207,41.0292205],[28.908383,41.0305589],[28.9088474,41.0316602],[28.9111286,41.0316748],[28.911998,41.0325469],[28.9153078,41.0304027],[28.9199604,41.0257946],[28.9205966,41.0243676],[28.9217699,41.0243395],[28.9240058,41.0286909],[28.9209184,41.0315492],[28.9192952,41.0356874],[28.9176978,41.037662],[28.9178932,41.0383011],[28.9166249,41.0393657],[28.9157893,41.0429654],[28.9184437,41.0424641],[28.9146221,41.0478506],[28.9120442,41.0495809],[28.909442,41.0554936],[28.9031032,41.0600168],[28.9004301,41.0650109],[28.8944145,41.0693669],[28.8888005,41.0719659],[28.8855621,41.074004],[28.8804099,41.0760589],[28.878924,41.0771924],[28.8788857,41.071688],[28.8784523,41.071029],[28.8810635,41.0673661]]]},"properties":{"osm_id":"relation/1766097","ad":"Bayrampaşa","seviye":"6"}},{"type":"Feature","geometry":{"type":"Polygon","coordinates":[[[28.8083731,41.0497478],[28.8079531,41.0471405],[28.8081844,41.0445857],[28.8107671,41.03698],[28.8109631,41.0271706],[28.8153903,41.0234229],[28.8224765,41.0198726],[28.8271045,41.0203317],[28.8281856,41.0221209],[28.8313865,41.0222836],[28.8379871,41.0236683],[28.8393177,41.0220604],[28.8397369,41.0222787],[28.8414869,41.0214159],[28.8443264,41.0214024],[28.8475377,41.0242509],[28.8484567,41.0214301],[28.8545948,41.0211241],[28.8551267,41.0209849],[28.8553828,41.0199506],[28.8584705,41.0191368],[28.858435,41.0202588],[28.8601491,41.0175556],[28.8630768,41.0190498],[28.8621704,41.020468],[28.8620609,41.021044],[28.8625572,41.0213359],[28.86067,41.0233666],[28.8593693,41.0258184],[28.8590211,41.0276192],[28.859537,41.0277158],[28.8590939,41.0287282],[28.8630936,41.029813],[28.8687162,41.0292219],[28.8721722,41.0272396],[28.8726936,41.027948],[28.8712227,41.0384466],[28.8683683,41.0385773],[28.8611078,41.040265],[28.8601607,41.0427498],[28.8593461,41.0427262],[28.8598474,41.048597],[28.8568143,41.054039],[28.854723,41.0543095],[28.8553792,41.0562552],[28.8548981,41.0581482],[28.8549333,41.0622472],[28.8565435,41.0661785],[28.8563007,41.0669774],[28.8573451,41.0673129],[28.8602661,41.0714138],[28.8576717,41.0721687],[28.8560385,41.0720531],[28.855946,41.0724184],[28.8537199,41.0721505],[28.8472559,41.0662364],[28.8435579,41.0650669],[28.8402027,41.0656866],[28.8369195,41.0676903],[28.8337984,41.068887],[28.8329658,41.068044],[28.8289758,41.069672],[28.8236705,41.0699453],[28.8197836,41.0707463],[28.8173945,41.0707024],[28.8155536,41.0698114],[28.8140805,41.0699758],[28.8134417,41.0686882],[28.8137786,41.065182],[28.8116515,41.0615387],[28.8083731,41.0497478]]]},"properties":{"osm_id":"relation/1766098","ad":"Bağcılar","seviye":"6"}},{"type":"Feature","geometry":{"type":"Polygon","coordinates":[[[28.7846617,41.063283],[28.7903992,41.0640838],[28.7944859,41.0639711],[28.8050655,41.0616206],[28.8116321,41.0612891],[28.8137786,41.065182],[28.8134417,41.0686882],[28.8140805,41.0699758],[28.8155536,41.0698114],[28.8173945,41.0707024],[28.8197836,41.0707463],[28.8236705,41.0699453],[28.8289758,41.069672],[28.8329658,41.068044],[28.8373345,41.0723141],[28.8393696,41.077348],[28.8430211,41.083191],[28.8461444,41.0934124],[28.8469328,41.0951931],[28.8490414,41.0977431],[28.8506049,41.1020025],[28.8498493,41.1074275],[28.8476584,41.1111308],[28.8455773,41.1121539],[28.8450761,41.1128866],[28.8450544,41.1150836],[28.8457214,41.1177474],[28.8441865,41.1200454],[28.8353189,41.1261309],[28.8277787,41.1305552],[28.823457,41.1355526],[28.81998,41.1363906],[28.8116203,41.136188],[28.8086302,41.1368289],[28.7898287,41.148761],[28.7883532,41.1484378],[28.7858319,41.1492699],[28.7814599,41.1493693],[28.7718678,41.1398785],[28.7636661,41.1368678],[28.7588704,41.1324477],[28.7557268,41.1314619],[28.7546217,41.1312598],[28.7540424,41.1321164],[28.7521326,41.1322376],[28.75018,41.1316962],[28.7470043,41.1340558],[28.7406367,41.1326619],[28.7379384,41.1341245],[28.7380329,41.1361179],[28.7367904,41.1365769],[28.7358488,41.1363656],[28.7351381,41.1358853],[28.7338656,41.1310063],[28.7335186,41.1253426],[28.7271563,41.1143623],[28.7217194,41.1118349],[28.7167452,41.1117477],[28.6893294,41.1253774],[28.6837213,41.1236765],[28.6817965,41.1222822],[28.6771323,41.116928],[28.6770583,41.1158125],[28.6751334,41.1149759],[28.6738748,41.1134699],[28.6737539,41.1118255],[28.6780636,41.1102436],[28.6682482,41.106832],[28.6652128,41.1044332],[28.66351,41.1038196],[28.6615111,41.1016439],[28.6597343,41.1008071],[28.6589939,41.0993008],[28.6573652,41.0987429],[28.6561066,41.1001376],[28.652701,41.0997471],[28.6480369,41.1014765],[28.6456678,41.1014765],[28.6430789,41.1035755],[28.6395951,41.0981109],[28.6444108,41.0951847],[28.645897,41.0916895],[28.6515428,41.0862186],[28.6528301,41.0825475],[28.6528862,41.0804257],[28.6553079,41.0760529],[28.6724911,41.06465],[28.6751713,41.063779],[28.6826813,41.0625418],[28.6860449,41.0613885],[28.688077,41.0598015],[28.6909305,41.0587852],[28.6915591,41.0578521],[28.695699,41.0588017],[28.700233,41.0591002],[28.7003677,41.0599037],[28.7010686,41.0599517],[28.6993195,41.0645083],[28.7003167,41.0659134],[28.7000597,41.0717772],[28.6985682,41.0759975],[28.6971074,41.0769277],[28.6938643,41.0821736],[28.6922973,41.0881286],[28.6922443,41.0901065],[28.6909783,41.0922816],[28.6925447,41.0961061],[28.6924803,41.1004235],[28.6913405,41.1042056],[28.6893034,41.1060842],[28.6977928,41.1011469],[28.706193,41.0903167],[28.7058055,41.0879637],[28.7087345,41.0863706],[28.7108159,41.0838233],[28.7137404,41.0825559],[28.7231544,41.0735486],[28.7261152,41.0715261],[28.7291354,41.0667619],[28.7328798,41.065132],[28.7319571,41.0641208],[28.7358759,41.062234],[28.7372853,41.0629509],[28.7397942,41.0628053],[28.7428512,41.0636805],[28.7430796,41.0628043],[28.7446352,41.0620872],[28.7538647,41.0609776],[28.7648943,41.0623398],[28.776268,41.0622457],[28.7846617,41.063283]]]},"properties":{"osm_id":"relation/1766099","ad":"Başakşehir","seviye":"6"}},{"type":"Feature","geometry":{"type":"Polygon","coordinates":[[[28.6127072,40.9916686],[28.611255,40.9918399],[28.609364,40.9930647],[28.6048177,40.9975549],[28.6037073,40.9972938],[28.6026424,40.9963666],[28.602047,40.9971156],[28.6021703,40.9978201],[28.6017144,40.9980185],[28.5999066,40.9971075],[28.5971958,40.9970129],[28.5972337,40.9923709],[28.596117,40.9879472],[28.5989035,40.981152],[28.5956536,40.9758085],[28.5948521,40.9735744],[28.5957381,40.9722546],[28.5977196,40.9713088],[28.5991382,40.9688347],[28.5986457,40.9678572],[28.5975689,40.9687099],[28.5977031,40.9695785],[28.5984233,40.9685736],[28.5974002,40.9697303],[28.5972967,40.9687905],[28.5982252,40.9677482],[28.5959456,40.9641644],[28.6002579,40.9620733],[28.601413,40.9622289],[28.6019964,40.9631571],[28.6004286,40.9623866],[28.5963766,40.9642065],[28.5971182,40.9653477],[28.600309,40.9641053],[28.5972481,40.9655105],[28.5981499,40.9666225],[28.598645,40.9664241],[28.5983313,40.9660069],[28.5988248,40.9663295],[28.5995001,40.9660216],[28.599216,40.965612],[28.5997021,40.9659329],[28.6004896,40.9655695],[28.600199,40.9651955],[28.6007004,40.9654872],[28.6022793,40.9647681],[28.6019233,40.9641514],[28.6036168,40.9642028],[28.6049285,40.9650648],[28.6064579,40.9653331],[28.6090944,40.9639432],[28.6154652,40.9618205],[28.6168707,40.9619469],[28.620747,40.960717],[28.62244,40.960693],[28.625512,40.961676],[28.629852,40.9612683],[28.6386113,40.9623459],[28.6521354,40.9628109],[28.6549103,40.9622536],[28.6562546,40.9607964],[28.6575415,40.96057],[28.6576797,40.9609083],[28.6563155,40.9610508],[28.6541712,40.9632912],[28.6555128,40.9635643],[28.6555085,40.962897],[28.6570797,40.9636182],[28.6583614,40.9636343],[28.6589213,40.963209],[28.664881,40.9626618],[28.6648271,40.9612005],[28.6576909,40.9616977],[28.663313,40.9608463],[28.6665049,40.9608773],[28.6669044,40.9579003],[28.6718844,40.9571644],[28.6726871,40.9578129],[28.6691674,40.9595555],[28.6690567,40.9632161],[28.6706043,40.9634888],[28.670897,40.9620502],[28.670832,40.9637867],[28.67239,40.9640085],[28.6726392,40.9613278],[28.6746777,40.9614121],[28.6743881,40.9645933],[28.6758802,40.9648256],[28.6762524,40.9613101],[28.6765657,40.9613176],[28.6761383,40.965947],[28.6778126,40.9659101],[28.6781111,40.9627612],[28.6784136,40.9628016],[28.6779438,40.967695],[28.6785826,40.9679023],[28.6789733,40.9677229],[28.6790841,40.9665947],[28.679554,40.9666226],[28.6798761,40.9633137],[28.6803037,40.9633496],[28.6799975,40.9664911],[28.6815021,40.9665907],[28.6819245,40.962927],[28.6823258,40.9629629],[28.6819192,40.9667223],[28.6837407,40.966814],[28.6841785,40.9623234],[28.6845885,40.9623507],[28.6846306,40.9643251],[28.685086,40.9645168],[28.6847543,40.9687607],[28.6868523,40.9685819],[28.687025,40.970163],[28.689412,40.970769],[28.6908519,40.9720021],[28.6950254,40.9722775],[28.6952292,40.9709004],[28.6952507,40.9724557],[28.6968175,40.9732914],[28.6994849,40.9735239],[28.6996388,40.9729984],[28.6995082,40.974181],[28.6988888,40.9742182],[28.6986977,40.9761603],[28.7000855,40.9770312],[28.7000602,40.9792122],[28.6947119,40.9858267],[28.6901682,40.9887544],[28.6897981,40.9884021],[28.6892875,40.9887276],[28.6876118,40.9904405],[28.6876118,40.9913199],[28.6843921,40.9989818],[28.6843106,41.0011432],[28.6877277,41.0022889],[28.6859345,41.0038257],[28.683913,41.0049386],[28.6807859,41.0057106],[28.6691744,41.0060258],[28.6649598,41.0066369],[28.6332242,41.0185797],[28.6317723,41.0164075],[28.6263988,41.0166879],[28.625965,41.0147675],[28.6259346,41.0097734],[28.620179,41.0041171],[28.6176467,40.9993991],[28.6147778,40.9963249],[28.614032,40.9927931],[28.6127072,40.9916686]]]},"properties":{"osm_id":"relation/1766100","ad":"Beylikdüzü","seviye":"6"}},{"type":"Feature","geometry":{"type":"Polygon","coordinates":[[[28.8611078,41.040265],[28.8687968,41.0385033],[28.8725399,41.0384821],[28.8744317,41.0367972],[28.8745426,41.0356654],[28.8764859,41.0318455],[28.8854573,41.0339974],[28.8904785,41.0298557],[28.8907055,41.029469],[28.8896921,41.0279329],[28.8869303,41.0249647],[28.8861744,41.0226418],[28.8854227,41.0226141],[28.887326,41.0207747],[28.8867534,41.0174142],[28.8897888,41.0173966],[28.8929855,41.0188504],[28.8985146,41.0190267],[28.9006289,41.020689],[28.8993789,41.0236968],[28.8989312,41.0289305],[28.8962625,41.0340322],[28.8947653,41.0356167],[28.890115,41.0371441],[28.8884455,41.0381376],[28.8848833,41.0437672],[28.8847077,41.0455113],[28.8859747,41.0556448],[28.8857371,41.0594624],[28.8846966,41.0622465],[28.8784523,41.071029],[28.8788857,41.071688],[28.878924,41.0771924],[28.870353,41.0858254],[28.8662357,41.0882],[28.8631601,41.0907742],[28.8552762,41.1006409],[28.8518804,41.1062891],[28.8502584,41.1074486],[28.8505372,41.1015807],[28.8490414,41.0977431],[28.8469328,41.0951931],[28.8461444,41.0934124],[28.8431809,41.0835267],[28.8393696,41.077348],[28.8373345,41.0723141],[28.8337984,41.068887],[28.8369195,41.0676903],[28.8407388,41.0654777],[28.8440283,41.0650953],[28.8472559,41.0662364],[28.8537199,41.0721505],[28.855946,41.0724184],[28.8560385,41.0720531],[28.8576717,41.0721687],[28.8602661,41.0714138],[28.8573451,41.0673129],[28.8563007,41.0669774],[28.8565435,41.0661785],[28.8549333,41.0622472],[28.8548981,41.0581482],[28.8553792,41.0562552],[28.854723,41.0543095],[28.8568143,41.054039],[28.8598474,41.048597],[28.8593461,41.0427262],[28.8601607,41.0427498],[28.8611078,41.040265]]]},"properties":{"osm_id":"relation/1766101","ad":"Esenler","seviye":"6"}},{"type":"Feature","geometry":{"type":"Polygon","coordinates":[[[28.6556319,41.0758466],[28.6528862,41.0804257],[28.6528301,41.0825475],[28.6515428,41.0862186],[28.645897,41.0916895],[28.6444108,41.0951847],[28.6395951,41.0981109],[28.6385392,41.0981109],[28.6392409,41.0960262],[28.6372055,41.0957238],[28.6359752,41.094939],[28.6337203,41.0882836],[28.6309601,41.08571],[28.6292936,41.0864671],[28.628476,41.0854477],[28.6284733,41.0845005],[28.6293207,41.0840243],[28.6258752,41.0799909],[28.620537,41.0685255],[28.6208597,41.0668343],[28.6280848,41.052893],[28.6276737,41.0437833],[28.6259288,41.0393627],[28.6238714,41.0364216],[28.6233796,41.0345998],[28.6237943,41.0329333],[28.625819,41.0295851],[28.6254869,41.0250306],[28.6266226,41.0222542],[28.6312103,41.0193703],[28.6649598,41.0066369],[28.6691744,41.0060258],[28.681824,41.0055512],[28.6855159,41.004106],[28.6910984,41.0001071],[28.6936949,40.9997091],[28.6973405,40.9997918],[28.6988191,41.0002717],[28.6994916,41.0050143],[28.6992035,41.0057341],[28.7000354,41.0063305],[28.7018986,41.0094053],[28.6967452,41.0124465],[28.7002285,41.0155129],[28.7014631,41.021927],[28.7018636,41.0287628],[28.6972203,41.0292482],[28.6963456,41.0314249],[28.6910747,41.0317452],[28.6906028,41.0363283],[28.6923892,41.037039],[28.6970449,41.0414101],[28.690617,41.0430708],[28.6906938,41.0450365],[28.6897495,41.0474064],[28.6834091,41.0532075],[28.6822602,41.0549898],[28.6915591,41.0578521],[28.6912711,41.058475],[28.6877957,41.0599529],[28.6861699,41.0613341],[28.6826813,41.0625418],[28.6751713,41.063779],[28.6724911,41.06465],[28.6556319,41.0758466]]]},"properties":{"osm_id":"relation/1766102","ad":"Esenyurt","seviye":"6"}},{"type":"Feature","geometry":{"type":"Polygon","coordinates":[[[28.9521976,41.1627541],[28.9537074,41.1787933],[28.9540577,41.1936445],[28.9510002,41.1945786],[28.9501994,41.1952831],[28.9480441,41.1992238],[28.9483944,41.2014203],[28.9477696,41.2034057],[28.947869,41.2050663],[28.9489199,41.206384],[28.9492118,41.2077457],[28.9510801,41.2099419],[28.9514888,41.2116987],[28.9534025,41.2146467],[28.9537442,41.2165994],[28.9531236,41.2178035],[28.9538488,41.2192808],[28.9532614,41.2208004],[28.9515104,41.2202104],[28.9499938,41.2204639],[28.9488142,41.2214779],[28.9470449,41.2219215],[28.9417368,41.2214779],[28.9405572,41.2223018],[28.938535,41.222175],[28.9382823,41.2234425],[28.9371027,41.2223018],[28.9363444,41.2231256],[28.9370184,41.2253436],[28.9353333,41.2242663],[28.9349121,41.2249634],[28.9356704,41.2266744],[28.9351648,41.2295893],[28.9336216,41.2312345],[28.9327097,41.2312991],[28.9325702,41.2319768],[28.9357153,41.2372021],[28.9366793,41.2424329],[28.9380312,41.2450628],[28.9407257,41.2484065],[28.9403044,41.2511937],[28.9432534,41.2563245],[28.9467078,41.2570846],[28.9484772,41.2587948],[28.9492882,41.2617809],[28.9431855,41.2624758],[28.9422015,41.2634904],[28.9322284,41.2673398],[28.9301982,41.2677029],[28.926175,41.2699554],[28.9216159,41.2715379],[28.9157524,41.2719854],[28.9154645,41.2709107],[28.9111088,41.2701849],[28.910041,41.270464],[28.90976,41.2713584],[28.907844,41.2710588],[28.9004265,41.2746396],[28.8960761,41.2741619],[28.8913232,41.2748473],[28.8868353,41.2741681],[28.8743687,41.2769622],[28.8671753,41.2792517],[28.8625807,41.2799613],[28.8509881,41.2835994],[28.8449371,41.2870419],[28.8359684,41.2871379],[28.8301313,41.2900287],[28.8217736,41.2931081],[28.820985,41.2935837],[28.8202071,41.295071],[28.8166022,41.2979203],[28.8132387,41.2996776],[28.8103527,41.3002216],[28.8059646,41.3028733],[28.8010561,41.3032562],[28.7962201,41.302561],[28.7910274,41.3041689],[28.7891015,41.3054786],[28.7888602,41.3061113],[28.7873766,41.305163],[28.7858367,41.3022265],[28.7847113,41.2980439],[28.7851259,41.2953296],[28.7841783,41.2937276],[28.7829345,41.289411],[28.7834676,41.2878089],[28.7818092,41.28456],[28.7812762,41.2796197],[28.7774856,41.2761034],[28.7777225,41.2728539],[28.7762418,41.2720972],[28.7769526,41.2710734],[28.7763011,41.2701831],[28.7700822,41.2703166],[28.770023,41.2693818],[28.771326,41.2676011],[28.7716813,41.2650635],[28.773162,41.2628375],[28.7731028,41.2613683],[28.774465,41.2598991],[28.7748204,41.2583853],[28.7790801,41.2577939],[28.7807621,41.2563475],[28.7840848,41.251047],[28.7876244,41.2475805],[28.7867959,41.2431968],[28.7883075,41.2405438],[28.788779,41.2369346],[28.7907037,41.2352511],[28.7941909,41.2336038],[28.7950703,41.2311546],[28.7974552,41.229087],[28.7976933,41.2270366],[28.7960223,41.2258318],[28.7965333,41.2231037],[28.7999742,41.2216446],[28.8056279,41.2214069],[28.8088621,41.2200181],[28.8109036,41.2181054],[28.8108411,41.2161442],[28.8146722,41.2131237],[28.8151941,41.2113276],[28.8160626,41.2107469],[28.8179675,41.2107369],[28.8195607,41.208116],[28.8207871,41.207241],[28.8192382,41.2029988],[28.8160451,41.2010509],[28.8191492,41.1966376],[28.818157,41.1944948],[28.8192958,41.1922448],[28.8180941,41.1910082],[28.8187607,41.1891063],[28.8178816,41.1867962],[28.8196403,41.1835118],[28.8214361,41.1825197],[28.8197615,41.1789753],[28.8198151,41.1753677],[28.8171958,41.1749664],[28.8142348,41.1755728],[28.8137165,41.1745391],[28.8144946,41.1736162],[28.8138616,41.168532],[28.8143036,41.1664627],[28.8137721,41.1638961],[28.8162581,41.1597111],[28.8155571,41.1556622],[28.8147315,41.1543169],[28.8163474,41.1529024],[28.81725,41.1429454],[28.8151483,41.1411764],[28.8151854,41.1363266],[28.8202998,41.13636],[28.8238482,41.1352322],[28.8286894,41.1355944],[28.8332648,41.1336412],[28.8336021,41.1346538],[28.83256,41.1367433],[28.8330247,41.1401893],[28.8326794,41.1414896],[28.8335663,41.1427334],[28.836531,41.1441397],[28.8409547,41.1477413],[28.8429528,41.1512366],[28.8456657,41.1518293],[28.8470292,41.1530224],[28.8485098,41.1532325],[28.848262,41.1541987],[28.8534524,41.1555529],[28.854652,41.1568999],[28.8613912,41.1598111],[28.8622105,41.1592788],[28.8623071,41.158681],[28.8669401,41.1571531],[28.8657188,41.1530022],[28.8661051,41.1520167],[28.8677873,41.1517186],[28.8706383,41.1525436],[28.8723612,41.1524051],[28.874347,41.151611],[28.8757787,41.1503433],[28.8757577,41.1473687],[28.8739426,41.143734],[28.8740607,41.1429819],[28.8748743,41.1423255],[28.8761487,41.1421975],[28.8778933,41.1428355],[28.8791034,41.1441022],[28.8799549,41.1460885],[28.8812995,41.1470038],[28.883079,41.1469093],[28.8851157,41.1451388],[28.888199,41.1390438],[28.8899911,41.1372791],[28.8906978,41.1366842],[28.8960748,41.1351084],[28.8992472,41.1331901],[28.901259,41.1284812],[28.9027158,41.1268521],[28.9065442,41.1246916],[28.9062952,41.1238443],[28.90502,41.1233295],[28.9046675,41.1223295],[28.9016751,41.1221596],[28.9013252,41.121633],[28.9016221,41.1211919],[28.904617,41.1217826],[28.9055877,41.1224807],[28.9070878,41.1224923],[28.9078735,41.1198702],[28.910427,41.1176064],[28.9105931,41.1161111],[28.9100381,41.1154184],[28.911098,41.114531],[28.9138437,41.1142677],[28.9184712,41.1146742],[28.9216437,41.1091666],[28.9206256,41.1076527],[28.9216741,41.1067692],[28.9205306,41.1044849],[28.919561,41.1040363],[28.9208525,41.1031638],[28.9208656,41.1020305],[28.9190626,41.1017252],[28.9170104,41.097254],[28.9185845,41.0964605],[28.9183283,41.0959244],[28.9224243,41.0932092],[28.9194674,41.089225],[28.9186938,41.0860124],[28.9170782,41.0824016],[28.9161551,41.0817814],[28.9161331,41.0794998],[28.9157302,41.0791013],[28.9175552,41.0749555],[28.9175623,41.0743588],[28.9163056,41.0728274],[28.9167711,41.070331],[28.9177516,41.0685607],[28.9197292,41.0681272],[28.921553,41.0668003],[28.9242569,41.0674167],[28.9259881,41.0693885],[28.9272659,41.0700341],[28.9323516,41.0691499],[28.9338636,41.065805],[28.9360508,41.0658453],[28.9359922,41.0647258],[28.9364792,41.0641236],[28.935153,41.064618],[28.934316,41.0629396],[28.9353728,41.0625518],[28.9353826,41.0614196],[28.9368227,41.0610957],[28.9366067,41.059273],[28.9392181,41.0594309],[28.93825,41.057807],[28.9356488,41.0567081],[28.9335386,41.0568377],[28.9330317,41.0578041],[28.9318795,41.0574831],[28.9323575,41.0565692],[28.9306819,41.0561403],[28.930201,41.0552516],[28.9294814,41.0558666],[28.9271717,41.0561967],[28.9271365,41.054328],[28.9257118,41.0546092],[28.9252967,41.055504],[28.9243528,41.0545427],[28.9238852,41.0558611],[28.9224208,41.0533739],[28.9165013,41.0554291],[28.9156782,41.054635],[28.9158163,41.0537499],[28.9147176,41.0527725],[28.9144157,41.0531791],[28.9109746,41.0515837],[28.9120442,41.0495809],[28.9149165,41.0475009],[28.9184437,41.0424641],[28.9157893,41.0429654],[28.9166249,41.0393657],[28.9177739,41.0385156],[28.9176978,41.037662],[28.9192952,41.0356874],[28.9207669,41.0317776],[28.9222536,41.0301112],[28.9295982,41.0243851],[28.934935,41.0293353],[28.9361332,41.0313447],[28.9400293,41.033317],[28.9403179,41.0345293],[28.9391074,41.0349707],[28.9393804,41.0378873],[28.9404606,41.0382353],[28.9417027,41.0397306],[28.9425656,41.0399782],[28.9433461,41.0395188],[28.944566,41.0407646],[28.9396832,41.0425494],[28.9384937,41.0444856],[28.9379053,41.047261],[28.9373697,41.0473209],[28.9350613,41.049855],[28.9354798,41.051787],[28.939218,41.0553195],[28.9466348,41.0569381],[28.9468921,41.0574051],[28.9460941,41.0602538],[28.943802,41.0647797],[28.9452704,41.0647903],[28.9458233,41.0635549],[28.9469897,41.063406],[28.9476211,41.0645895],[28.9513046,41.0651843],[28.9513283,41.0657587],[28.9554013,41.0681293],[28.9568664,41.0739921],[28.9627343,41.0790641],[28.9636248,41.0803378],[28.9629005,41.0832735],[28.963995,41.085469],[28.9646655,41.0858895],[28.9680676,41.0861086],[28.9675455,41.0886375],[28.968023,41.0904843],[28.967278,41.0919178],[28.9601465,41.0967665],[28.9588651,41.0987825],[28.9567709,41.1000641],[28.9540976,41.1006095],[28.9538742,41.1048578],[28.9601541,41.1067132],[28.9621157,41.1110466],[28.9607119,41.111515],[28.9587593,41.1134711],[28.9598249,41.1140657],[28.9602935,41.1183532],[28.962053,41.118919],[28.9609694,41.1209557],[28.9609596,41.1234641],[28.9599502,41.1249159],[28.9598928,41.1274049],[28.9650592,41.1315027],[28.9650839,41.1326255],[28.965894,41.1328841],[28.9640136,41.1341049],[28.964113,41.1345002],[28.9678795,41.136709],[28.9693573,41.1403542],[28.9737368,41.1439458],[28.9746462,41.1458494],[28.9763209,41.147212],[28.9754319,41.1490276],[28.9755943,41.1520643],[28.973383,41.1558946],[28.9713979,41.1574772],[28.96807,41.1581365],[28.9671358,41.157609],[28.9593123,41.1566859],[28.9570353,41.1580046],[28.9578527,41.1604223],[28.9520143,41.1604662],[28.9521976,41.1627541]]]},"properties":{"osm_id":"relation/1766103","ad":"Eyüpsultan","seviye":"6"}},{"type":"Feature","geometry":{"type":"Polygon","coordinates":[[[28.976833,41.0167826],[28.9732003,41.0183532],[28.9713607,41.0183204],[28.9696293,41.0196342],[28.9660629,41.0196684],[28.9659485,41.0205195],[28.9638362,41.0212987],[28.9631485,41.0228728],[28.9604146,41.0245878],[28.9596168,41.0257357],[28.9597327,41.0262888],[28.9577987,41.0275633],[28.9574603,41.02841],[28.9532249,41.0291903],[28.9524403,41.0310105],[28.9505876,41.031463],[28.9497438,41.0323595],[28.9496919,41.0330931],[28.950161,41.0333067],[28.9492514,41.0338878],[28.9492422,41.0352998],[28.946942,41.0368212],[28.9448171,41.04086],[28.9433461,41.0395188],[28.9425656,41.0399782],[28.9417027,41.0397306],[28.9414326,41.0390353],[28.9391852,41.0373909],[28.9391074,41.0349707],[28.9403179,41.0345293],[28.9400293,41.033317],[28.9361332,41.0313447],[28.934935,41.0293353],[28.9252078,41.0208116],[28.9229188,41.0173312],[28.9217529,41.0133155],[28.9223402,41.0116278],[28.9223285,41.0082642],[28.9202768,41.000779],[28.9214328,40.9947385],[28.9226152,40.9926551],[28.922462,40.9920516],[28.9204674,40.9905214],[28.9199245,40.987921],[28.9238398,40.9877495],[28.9253411,40.9884466],[28.9278438,40.9913796],[28.929591,40.9909443],[28.9301473,40.9927495],[28.9292796,40.9911011],[28.9279473,40.9917755],[28.9296776,40.9931126],[28.9296128,40.9935525],[28.932315,40.9952446],[28.9350211,40.9998484],[28.9368102,41.0010883],[28.9385225,41.0012723],[28.9387601,41.0017218],[28.9389455,41.0012049],[28.937978,41.0003645],[28.9394387,40.9982607],[28.9428347,40.9966772],[28.9461377,40.9962017],[28.9503847,40.9968297],[28.9534297,40.9983668],[28.9610048,40.998198],[28.9598644,40.9986068],[28.9547749,40.9986844],[28.9537328,40.9992127],[28.9533822,41.0000294],[28.9537629,41.0002142],[28.9531825,41.0004946],[28.9535916,41.0006223],[28.9531455,41.0005808],[28.9528696,41.0012236],[28.9537443,41.0021298],[28.9542622,41.001627],[28.9541165,41.0022146],[28.9554778,41.0023818],[28.9554561,41.0019007],[28.9564125,41.0017933],[28.9562205,41.0014236],[28.9570334,41.0022321],[28.9584351,41.0018663],[28.9581975,41.0010632],[28.9585377,41.0018411],[28.9621977,41.0009448],[28.9654464,41.0009026],[28.9618234,41.0011515],[28.9608645,41.0020846],[28.964943,41.0023348],[28.9730812,41.000984],[28.9786765,41.0012079],[28.9776073,41.0017655],[28.9813953,41.0025894],[28.9860409,41.0063238],[28.9878568,41.0102134],[28.9880682,41.0130039],[28.9865039,41.0174645],[28.9839225,41.017559],[28.9811155,41.0166514],[28.976833,41.0167826]]]},"properties":{"osm_id":"relation/1766104","ad":"Fatih","seviye":"6"}},{"type":"Feature","geometry":{"type":"Polygon","coordinates":[[[28.9163225,41.0821772],[28.9170782,41.0824016],[28.9186938,41.0860124],[28.9194674,41.089225],[28.9224243,41.0932092],[28.9211832,41.0942843],[28.9122202,41.0916182],[28.9082185,41.0908839],[28.8955369,41.0911748],[28.8879515,41.0899661],[28.8842431,41.0887076],[28.8800618,41.0865375],[28.8743627,41.0815985],[28.8804099,41.0760589],[28.8855621,41.074004],[28.8888005,41.0719659],[28.8939479,41.0696593],[28.900337,41.0650984],[28.9031032,41.0600168],[28.9097078,41.0552017],[28.9109746,41.0515837],[28.9144157,41.0531791],[28.9147176,41.0527725],[28.9158163,41.0537499],[28.9156782,41.054635],[28.9165013,41.0554291],[28.9224208,41.0533739],[28.9238852,41.0558611],[28.9243528,41.0545427],[28.9252967,41.055504],[28.9257118,41.0546092],[28.9271365,41.054328],[28.9271717,41.0561967],[28.9294814,41.0558666],[28.930201,41.0552516],[28.9306819,41.0561403],[28.9323575,41.0565692],[28.9318795,41.0574831],[28.9330317,41.0578041],[28.9335386,41.0568377],[28.9356488,41.0567081],[28.93825,41.057807],[28.9392181,41.0594309],[28.9366067,41.059273],[28.9368227,41.0610957],[28.9353826,41.0614196],[28.9353728,41.0625518],[28.934316,41.0629396],[28.935153,41.064618],[28.9364792,41.0641236],[28.9359922,41.0647258],[28.9360508,41.0658453],[28.9338636,41.065805],[28.9323516,41.0691499],[28.9272659,41.0700341],[28.9259881,41.0693885],[28.9242569,41.0674167],[28.921553,41.0668003],[28.9197292,41.0681272],[28.9175601,41.0687406],[28.9163392,41.0721931],[28.9163056,41.0728274],[28.9175623,41.0743588],[28.9169144,41.0769545],[28.9163234,41.0771603],[28.9157302,41.0791013],[28.9161331,41.0794998],[28.9163225,41.0821772]]]},"properties":{"osm_id":"relation/1766105","ad":"Gaziosmanpaşa","seviye":"6"}},{"type":"Feature","geometry":{"type":"Polygon","coordinates":[[[28.8854573,41.0339974],[28.8764859,41.0318455],[28.8745426,41.0356654],[28.8744317,41.0367972],[28.8725399,41.0384821],[28.8712227,41.0384466],[28.8715746,41.0339125],[28.8727421,41.0286774],[28.8721722,41.0272396],[28.8687162,41.0292219],[28.8630936,41.029813],[28.8599337,41.0292347],[28.8590939,41.0287282],[28.859537,41.0277158],[28.8590034,41.027355],[28.8602641,41.0240397],[28.8625572,41.0213359],[28.8620609,41.021044],[28.8621704,41.020468],[28.8630768,41.0190498],[28.8601491,41.0175556],[28.8614904,41.0157138],[28.8668962,41.0108614],[28.8705938,41.0062744],[28.8746724,41.0081175],[28.875329,41.009902],[28.8776822,41.0126733],[28.8780832,41.0143295],[28.8794126,41.0163942],[28.8809852,41.0165466],[28.8802794,41.0145636],[28.8815524,41.0062641],[28.8827868,41.0046671],[28.8846773,41.003597],[28.8857606,41.0016974],[28.8914969,41.0037191],[28.8982272,41.0081961],[28.8975661,41.0083756],[28.8991622,41.0102108],[28.9008401,41.0143155],[28.9022344,41.0145715],[28.9025818,41.0170093],[28.9006543,41.0172839],[28.900958,41.0188026],[28.9006289,41.020689],[28.8985146,41.0190267],[28.8929855,41.0188504],[28.8897888,41.0173966],[28.8867534,41.0174142],[28.887326,41.0207747],[28.8854227,41.0226141],[28.8861744,41.0226418],[28.8869303,41.0249647],[28.8907055,41.029469],[28.8854573,41.0339974]]]},"properties":{"osm_id":"relation/1766106","ad":"Güngören","seviye":"6"}},{"type":"Feature","geometry":{"type":"Polygon","coordinates":[[[28.8320619,41.127869],[28.8353189,41.1261309],[28.845005,41.1192999],[28.8457566,41.1174262],[28.8450544,41.1150836],[28.8450761,41.1128866],[28.8455773,41.1121539],[28.8476584,41.1111308],[28.8498493,41.1074275],[28.8501464,41.1059498],[28.8502584,41.1074486],[28.8518804,41.1062891],[28.8552762,41.1006409],[28.8631601,41.0907742],[28.8662357,41.0882],[28.870353,41.0858254],[28.8743627,41.0815985],[28.8800618,41.0865375],[28.8842431,41.0887076],[28.8879515,41.0899661],[28.8955369,41.0911748],[28.9082185,41.0908839],[28.9122202,41.0916182],[28.9211832,41.0942843],[28.9183283,41.0959244],[28.9185845,41.0964605],[28.9170104,41.097254],[28.9190626,41.1017252],[28.9208656,41.1020305],[28.9208525,41.1031638],[28.919561,41.1040363],[28.9205306,41.1044849],[28.9216741,41.1067692],[28.9206256,41.1076527],[28.9216437,41.1091666],[28.9184712,41.1146742],[28.9138437,41.1142677],[28.911098,41.114531],[28.9100381,41.1154184],[28.9105931,41.1161111],[28.910427,41.1176064],[28.9078735,41.1198702],[28.9070878,41.1224923],[28.9055877,41.1224807],[28.904617,41.1217826],[28.9016221,41.1211919],[28.9013252,41.121633],[28.9016751,41.1221596],[28.9046675,41.1223295],[28.90502,41.1233295],[28.9062952,41.1238443],[28.9065442,41.1246916],[28.9027158,41.1268521],[28.901259,41.1284812],[28.8992472,41.1331901],[28.8960748,41.1351084],[28.8906978,41.1366842],[28.8899911,41.1372791],[28.888199,41.1390438],[28.8851157,41.1451388],[28.883079,41.1469093],[28.8812995,41.1470038],[28.8799549,41.1460885],[28.8791034,41.1441022],[28.8778933,41.1428355],[28.8761487,41.1421975],[28.8748743,41.1423255],[28.8740607,41.1429819],[28.8739426,41.143734],[28.8757577,41.1473687],[28.8757787,41.1503433],[28.874347,41.151611],[28.8723612,41.1524051],[28.8706383,41.1525436],[28.8677873,41.1517186],[28.8661051,41.1520167],[28.8657188,41.1530022],[28.8669401,41.1571531],[28.8623071,41.158681],[28.8622105,41.1592788],[28.8613912,41.1598111],[28.854652,41.1568999],[28.8534524,41.1555529],[28.848262,41.1541987],[28.8485098,41.1532325],[28.8470292,41.1530224],[28.8456657,41.1518293],[28.8429528,41.1512366],[28.8409547,41.1477413],[28.836531,41.1441397],[28.8335663,41.1427334],[28.8326794,41.1414896],[28.8330247,41.1401893],[28.83256,41.1367433],[28.8336021,41.1346538],[28.8332648,41.1336412],[28.8286894,41.1355944],[28.8238482,41.1352322],[28.8277787,41.1305552],[28.8320619,41.127869]]]},"properties":{"osm_id":"relation/1766108","ad":"Sultangazi","seviye":"6"}},{"type":"Feature","geometry":{"type":"Polygon","coordinates":[[[28.9213246,41.0050312],[28.9223285,41.0082642],[28.9223402,41.0116278],[28.9217529,41.0133155],[28.9224141,41.016118],[28.9252078,41.0208116],[28.929299,41.0245906],[28.9240058,41.0286909],[28.9217699,41.0243395],[28.9205966,41.0243676],[28.9199604,41.0257946],[28.9153078,41.0304027],[28.911998,41.0325469],[28.9111286,41.0316748],[28.9088474,41.0316602],[28.908383,41.0305589],[28.9026207,41.0292205],[28.9009613,41.0277942],[28.8991171,41.0276765],[28.8993789,41.0236968],[28.900845,41.0198111],[28.9006543,41.0172839],[28.9025818,41.0170093],[28.9022344,41.0145715],[28.9008401,41.0143155],[28.8991622,41.0102108],[28.8975661,41.0083756],[28.8982272,41.0081961],[28.8959518,41.0066949],[28.8955656,41.0053753],[28.8931474,41.0026004],[28.8918508,40.9998184],[28.8920313,40.9979011],[28.8942051,40.9955698],[28.8923585,40.9926416],[28.8916562,40.9906024],[28.8918527,40.9889884],[28.8909676,40.9837039],[28.8899236,40.9824451],[28.8914481,40.9796524],[28.8915841,40.977898],[28.8919484,40.9780205],[28.8916437,40.9797602],[28.8931152,40.9801484],[28.8915917,40.9800809],[28.8913287,40.9810222],[28.8931232,40.9810445],[28.8929116,40.9803375],[28.8935347,40.9803329],[28.8931112,40.9805936],[28.8936355,40.9810262],[28.8941317,40.9808156],[28.8932814,40.9791836],[28.8944294,40.9805767],[28.895057,40.9804106],[28.8946274,40.9794515],[28.8952068,40.9803262],[28.8956466,40.9802371],[28.8952389,40.9793138],[28.8958612,40.980229],[28.8962475,40.9800995],[28.895829,40.9791194],[28.8964191,40.9800509],[28.8968,40.9799213],[28.8964513,40.9790222],[28.8970522,40.9799132],[28.8999304,40.9789504],[28.9025029,40.9791191],[28.9083973,40.9813698],[28.9117847,40.9857914],[28.9173961,40.9878814],[28.9199245,40.987921],[28.9204674,40.9905214],[28.922462,40.9920516],[28.9226152,40.9926551],[28.9214328,40.9947385],[28.9203071,40.9998086],[28.9213246,41.0050312]]]},"properties":{"osm_id":"relation/1766109","ad":"Zeytinburnu","seviye":"6"}},{"type":"Feature","geometry":{"type":"Polygon","coordinates":[[[28.7470742,41.0618155],[28.7446352,41.0620872],[28.7452635,41.0608504],[28.7452733,41.0591214],[28.7438822,41.0586927],[28.7421656,41.0568563],[28.7402909,41.0511694],[28.7397863,41.044572],[28.7566005,40.9831476],[28.7567678,40.9799843],[28.7585836,40.9805108],[28.7622742,40.9801891],[28.7640991,40.9815382],[28.7664809,40.9815463],[28.7667921,40.9831013],[28.7662556,40.9834658],[28.7669315,40.9835468],[28.7675753,40.9846402],[28.7672749,40.9829717],[28.7693551,40.9820125],[28.7676398,40.9826883],[28.7670833,40.9820637],[28.7682876,40.9799345],[28.7728836,40.9783498],[28.7726976,40.977771],[28.774716,40.9770526],[28.7749408,40.9774499],[28.7725503,40.9792641],[28.7719992,40.9808028],[28.7724195,40.981272],[28.7719018,40.9812558],[28.7719299,40.9808298],[28.770814,40.9809451],[28.7693385,40.9818867],[28.7703219,40.9814896],[28.7741633,40.9817423],[28.7753451,40.9824219],[28.7746165,40.983986],[28.7728097,40.9856719],[28.7719191,40.988022],[28.7711832,40.9883797],[28.7699962,40.9881067],[28.7700399,40.9886249],[28.7714568,40.9888746],[28.7700384,40.9890289],[28.7701632,40.9898091],[28.7717828,40.9891872],[28.7729421,40.9861361],[28.7752159,40.9838491],[28.7756661,40.9819856],[28.7728431,40.9806553],[28.7739492,40.9782634],[28.77519,40.9773627],[28.77484,40.9790775],[28.7757386,40.9824936],[28.7752893,40.9840442],[28.773436,40.9865223],[28.7769953,40.9860099],[28.7775496,40.984687],[28.7785325,40.9842507],[28.7885011,40.9866443],[28.7923865,40.9891783],[28.7945518,40.9881167],[28.7984168,40.9890176],[28.7978486,40.9928067],[28.7982315,40.9929547],[28.7980727,40.9940897],[28.7969098,40.9974745],[28.8004356,40.9996997],[28.8031143,41.0005109],[28.806196,41.0006487],[28.8103968,40.9995644],[28.8125093,40.9981477],[28.8152088,40.9950399],[28.818879,40.9935292],[28.8193482,40.9944115],[28.8162106,40.995445],[28.8141053,40.9986402],[28.8117338,41.0005848],[28.8114129,41.0013114],[28.8118544,41.0023993],[28.8094068,41.0074172],[28.8091684,41.0114388],[28.8082437,41.0150551],[28.8061208,41.015537],[28.8059569,41.0161334],[28.8067995,41.0191413],[28.8064171,41.0203853],[28.8069199,41.0218956],[28.8077292,41.0223837],[28.8085127,41.0247242],[28.8079025,41.0262786],[28.8083935,41.027953],[28.8109631,41.0271706],[28.8107671,41.03698],[28.8083857,41.0437472],[28.8079531,41.0471405],[28.8116321,41.0612891],[28.8050655,41.0616206],[28.7969525,41.0636072],[28.7910315,41.0641013],[28.7793987,41.0624676],[28.7648943,41.0623398],[28.7559249,41.0610294],[28.7522754,41.0610216],[28.7470742,41.0618155]]]},"properties":{"osm_id":"relation/7786498","ad":"Küçükçekmece","seviye":"6"}}]}