{"type":"FeatureCollection","kaynak":"Kurgusal. Konumlar OpenStreetMap yol, durak, okul ve meydan verisinden kurallı türetildi (ODbL). Gerçek kamera verisi kullanılmadı.","uretim_tarihi":"2026-09-18","tohum":20260920,"features":[{"type":"Feature","geometry":{"type":"Point","coordinates":[29.13885,40.869857]},"properties":{"kamera_kodu":"SG-0001","tur":"meydan","yon":0,"yol_adi":null,"meydan_adi":null,"ilce":"Adalar","mahalle":"Maden Mahallesi","koni_acisi":90,"menzil_m":150}},{"type":"Feature","geometry":{"type":"Point","coordinates":[28.720604,41.185303]},"properties":{"kamera_kodu":"SG-0002","tur":"durak","yon":9,"yol_adi":"Kazım Karabekir Caddesi","durak_adi":"ARNAVUTKÖY BELEDİYESİ","durak_turu":"durak","ilce":"Arnavutköy","mahalle":"Taşoluk Mahallesi","koni_acisi":50,"menzil_m":80}},{"type":"Feature","geometry":{"type":"Point","coordinates":[28.661006,41.276326]},"properties":{"kamera_kodu":"SG-0003","tur":"durak","yon":199,"yol_adi":"Terkos-Karaburun Caddesi","durak_adi":"TERKOS KARABURUN CADDESİ","durak_turu":"durak","ilce":"Arnavutköy","mahalle":"Baklalı Mahallesi","koni_acisi":50,"menzil_m":80}},{"type":"Feature","geometry":{"type":"Point","coordinates":[28.720598,41.184288]},"properties":{"kamera_kodu":"SG-0004","tur":"kavsak","yon":316,"yol_adi":"Selçuklu Caddesi","isikli":false,"kol":3,"ilce":"Arnavutköy","mahalle":"Mustafa Kemal Paşa Mahallesi","koni_acisi":70,"menzil_m":120}},{"type":"Feature","geometry":{"type":"Point","coordinates":[28.625781,41.121451]},"properties":{"kamera_kodu":"SG-0005","tur":"kavsak","yon":338,"yol_adi":"Hadımköy-İstanbul Caddesi","isikli":true,"kol":2,"ilce":"Arnavutköy","mahalle":"Ömerli Mahallesi","koni_acisi":70,"menzil_m":120}},{"type":"Feature","geometry":{"type":"Point","coordinates":[28.699649,41.263294]},"properties":{"kamera_kodu":"SG-0006","tur":"kavsak","yon":264,"yol_adi":"Tayakadın Bağlantı Yolu","isikli":false,"kol":3,"ilce":"Arnavutköy","mahalle":"Tayakadın Mahallesi","koni_acisi":70,"menzil_m":120}},{"type":"Feature","geometry":{"type":"Point","coordinates":[28.783153,41.150384]},"properties":{"kamera_kodu":"SG-0007","tur":"kavsak","yon":233,"yol_adi":"İstiklal Caddesi","isikli":true,"kol":2,"ilce":"Arnavutköy","mahalle":"Hacımaşlı Mahallesi","koni_acisi":70,"menzil_m":120}},{"type":"Feature","geometry":{"type":"Point","coordinates":[28.595481,41.192622]},"properties":{"kamera_kodu":"SG-0008","tur":"kavsak","yon":186,"yol_adi":"Hadımköy Caddesi","isikli":false,"kol":3,"ilce":"Arnavutköy","mahalle":"Yassıören Mahallesi","koni_acisi":70,"menzil_m":120}},{"type":"Feature","geometry":{"type":"Point","coordinates":[28.745722,41.21556]},"properties":{"kamera_kodu":"SG-0009","tur":"meydan","yon":40,"yol_adi":"Sevban Mehmet Caddesi","meydan_adi":"İmrahor Meydanı","ilce":"Arnavutköy","mahalle":"İmrahor Mahallesi","koni_acisi":90,"menzil_m":150}},{"type":"Feature","geometry":{"type":"Point","coordinates":[28.678038,41.186074]},"properties":{"kamera_kodu":"SG-0010","tur":"okul","yon":321,"yol_adi":"Eski Edirne Asfaltı Caddesi","okul_adi":"Alp İlkokulu","ilce":"Arnavutköy","mahalle":"Çilingir Mahallesi","koni_acisi":60,"menzil_m":80}},{"type":"Feature","geometry":{"type":"Point","coordinates":[28.674101,41.300697]},"properties":{"kamera_kodu":"SG-0011","tur":"okul","yon":354,"yol_adi":"Durusu Yeniköy Caddesi","okul_adi":null,"ilce":"Arnavutköy","mahalle":"Terkos Mahallesi","koni_acisi":60,"menzil_m":80}},{"type":"Feature","geometry":{"type":"Point","coordinates":[29.0822,41.0082]},"properties":{"kamera_kodu":"SG-0012","tur":"durak","yon":237,"yol_adi":"Cemalpaşa Sokağı","durak_adi":"ŞAİR NAMIK KEMAL SOKAK","durak_turu":"durak","ilce":"Ataşehir","mahalle":"Esatpaşa Mahallesi","koni_acisi":50,"menzil_m":80}},{"type":"Feature","geometry":{"type":"Point","coordinates":[29.126511,40.979545]},"properties":{"kamera_kodu":"SG-0013","tur":"durak","yon":65,"yol_adi":"Dudullu Caddesi","durak_adi":"İÇERENKÖY METRO-KÜÇÜKBAKKALKÖY MERKEZ CAMİ","durak_turu":"durak","ilce":"Ataşehir","mahalle":"Küçükbakkalköy Mahallesi","koni_acisi":50,"menzil_m":80}},{"type":"Feature","geometry":{"type":"Point","coordinates":[29.11813,40.992436]},"properties":{"kamera_kodu":"SG-0014","tur":"durak","yon":266,"yol_adi":"Ataşehir Bulvarı","durak_adi":"ATAŞEHİR ATATÜRK MAHALLESİ","durak_turu":"durak","ilce":"Ataşehir","mahalle":"Atatürk Mahallesi","koni_acisi":50,"menzil_m":80}},{"type":"Feature","geometry":{"type":"Point","coordinates":[29.114048,40.981818]},"properties":{"kamera_kodu":"SG-0015","tur":"kavsak","yon":199,"yol_adi":"Fırın Caddesi","isikli":false,"kol":3,"ilce":"Ataşehir","mahalle":"Küçükbakkalköy Mahallesi","koni_acisi":70,"menzil_m":120}},{"type":"Feature","geometry":{"type":"Point","coordinates":[29.116709,40.962481]},"properties":{"kamera_kodu":"SG-0016","tur":"kavsak","yon":31,"yol_adi":"Pınar Sokağı","isikli":false,"kol":3,"ilce":"Ataşehir","mahalle":"İçerenköy Mahallesi","koni_acisi":70,"menzil_m":120}},{"type":"Feature","geometry":{"type":"Point","coordinates":[29.10171,40.974752]},"properties":{"kamera_kodu":"SG-0017","tur":"kavsak","yon":31,"yol_adi":"Çayır Caddesi","isikli":false,"kol":3,"ilce":"Ataşehir","mahalle":"İçerenköy Mahallesi","koni_acisi":70,"menzil_m":120}},{"type":"Feature","geometry":{"type":"Point","coordinates":[29.153634,40.992754]},"properties":{"kamera_kodu":"SG-0018","tur":"kavsak","yon":237,"yol_adi":"Necip Fazıl Bulvarı","isikli":false,"kol":3,"ilce":"Ataşehir","mahalle":"Yenişehir Mahallesi","koni_acisi":70,"menzil_m":120}},{"type":"Feature","geometry":{"type":"Point","coordinates":[29.110982,40.993706]},"properties":{"kamera_kodu":"SG-0019","tur":"kavsak","yon":293,"yol_adi":"Ataşehir Bulvarı","isikli":false,"kol":6,"ilce":"Ataşehir","mahalle":"Barbaros Mahallesi","koni_acisi":70,"menzil_m":120}},{"type":"Feature","geometry":{"type":"Point","coordinates":[29.131834,40.994297]},"properties":{"kamera_kodu":"SG-0020","tur":"meydan","yon":70,"yol_adi":"Turgut Özal Bulvarı","meydan_adi":null,"ilce":"Ataşehir","mahalle":"Yenişehir Mahallesi","koni_acisi":90,"menzil_m":150}},{"type":"Feature","geometry":{"type":"Point","coordinates":[29.115133,40.968831]},"properties":{"kamera_kodu":"SG-0021","tur":"meydan","yon":31,"yol_adi":"Alanaldı Caddesi","meydan_adi":"İçerenköy Meydanı","ilce":"Ataşehir","mahalle":"İçerenköy Mahallesi","koni_acisi":90,"menzil_m":150}},{"type":"Feature","geometry":{"type":"Point","coordinates":[29.150222,40.976836]},"properties":{"kamera_kodu":"SG-0022","tur":"okul","yon":288,"yol_adi":"Kayışdağı Caddesi","okul_adi":"Celal Yardımcı İlköğretim Okulu","ilce":"Ataşehir","mahalle":"Kayışdağı Mahallesi","koni_acisi":60,"menzil_m":80}},{"type":"Feature","geometry":{"type":"Point","coordinates":[29.105494,41.000134]},"properties":{"kamera_kodu":"SG-0023","tur":"okul","yon":190,"yol_adi":"Ak Zambak Sokağı","okul_adi":"Ataşehir Emlak Konut Ortaokulu","ilce":"Ataşehir","mahalle":"Barbaros Mahallesi","koni_acisi":60,"menzil_m":80}},{"type":"Feature","geometry":{"type":"Point","coordinates":[29.104239,40.980843]},"properties":{"kamera_kodu":"SG-0024","tur":"okul","yon":26,"yol_adi":"Vedat Günyol Caddesi","okul_adi":"Okan Koleji","ilce":"Ataşehir","mahalle":"Küçükbakkalköy Mahallesi","koni_acisi":60,"menzil_m":80}},{"type":"Feature","geometry":{"type":"Point","coordinates":[28.745394,40.977829]},"properties":{"kamera_kodu":"SG-0025","tur":"durak","yon":247,"yol_adi":"D-100 Güney Yanyolu","durak_adi":"İBB SOSYAL TESİSLERİ","durak_turu":"durak","ilce":"Avcılar","mahalle":"Denizköşkler Mahallesi","koni_acisi":50,"menzil_m":80}},{"type":"Feature","geometry":{"type":"Point","coordinates":[28.740438,41.062896]},"properties":{"kamera_kodu":"SG-0026","tur":"durak","yon":53,"yol_adi":"İstanbul Caddesi","durak_adi":"TAHTAKALE YOLU","durak_turu":"durak","ilce":"Avcılar","mahalle":"Tahtakale Mahallesi","koni_acisi":50,"menzil_m":80}},{"type":"Feature","geometry":{"type":"Point","coordinates":[28.713808,40.974144]},"properties":{"kamera_kodu":"SG-0027","tur":"kavsak","yon":250,"yol_adi":"Fevzi Çakmak Caddesi","isikli":false,"kol":3,"ilce":"Avcılar","mahalle":"Ambarlı Mahallesi","koni_acisi":70,"menzil_m":120}},{"type":"Feature","geometry":{"type":"Point","coordinates":[28.707686,41.004679]},"properties":{"kamera_kodu":"SG-0028","tur":"kavsak","yon":318,"yol_adi":"Firuzköy Bulvarı","isikli":true,"kol":2,"ilce":"Avcılar","mahalle":"Firuzköy Mahallesi","koni_acisi":70,"menzil_m":120}},{"type":"Feature","geometry":{"type":"Point","coordinates":[28.733222,40.980465]},"properties":{"kamera_kodu":"SG-0029","tur":"kavsak","yon":241,"yol_adi":"Reşit Paşa Caddesi","isikli":false,"kol":3,"ilce":"Avcılar","mahalle":"Gümüşpala Mahallesi","koni_acisi":70,"menzil_m":120}},{"type":"Feature","geometry":{"type":"Point","coordinates":[28.698391,40.98903]},"properties":{"kamera_kodu":"SG-0030","tur":"kavsak","yon":177,"yol_adi":"Petrol Ofisi Caddesi","isikli":true,"kol":2,"ilce":"Avcılar","mahalle":"Cihangir Mahallesi","koni_acisi":70,"menzil_m":120}},{"type":"Feature","geometry":{"type":"Point","coordinates":[28.685358,41.052847]},"properties":{"kamera_kodu":"SG-0031","tur":"kavsak","yon":321,"yol_adi":"Bahçeşehir Yanyol Caddesi","isikli":false,"kol":3,"ilce":"Avcılar","mahalle":"Yeşilkent Mahallesi","koni_acisi":70,"menzil_m":120}},{"type":"Feature","geometry":{"type":"Point","coordinates":[28.717479,40.971376]},"properties":{"kamera_kodu":"SG-0032","tur":"meydan","yon":112,"yol_adi":"İskele Caddesi","meydan_adi":"Avcılar Sahil Meydanı","ilce":"Avcılar","mahalle":"Ambarlı Mahallesi","koni_acisi":90,"menzil_m":150}},{"type":"Feature","geometry":{"type":"Point","coordinates":[28.711593,40.991696]},"properties":{"kamera_kodu":"SG-0033","tur":"okul","yon":128,"yol_adi":"D-100 Güney Yanyolu","okul_adi":"Avcılar Anadolu Lisesi","ilce":"Avcılar","mahalle":"Cihangir Mahallesi","koni_acisi":60,"menzil_m":80}},{"type":"Feature","geometry":{"type":"Point","coordinates":[28.739798,40.981821]},"properties":{"kamera_kodu":"SG-0034","tur":"okul","yon":100,"yol_adi":"Kuruçeşme Caddesi","okul_adi":"Gümüşpala Lisesi","ilce":"Avcılar","mahalle":"Gümüşpala Mahallesi","koni_acisi":60,"menzil_m":80}},{"type":"Feature","geometry":{"type":"Point","coordinates":[28.709195,41.064663]},"properties":{"kamera_kodu":"SG-0035","tur":"okul","yon":181,"yol_adi":"Ispartakule Bulvarı","okul_adi":"Toki Salih Şükriye Yoluç İlkokulu","ilce":"Avcılar","mahalle":"Tahtakale Mahallesi","koni_acisi":60,"menzil_m":80}},{"type":"Feature","geometry":{"type":"Point","coordinates":[28.828497,41.030414]},"properties":{"kamera_kodu":"SG-0036","tur":"durak","yon":239,"yol_adi":"86. Sokak","durak_adi":"HÜRRİYET AİLE SAĞLIĞI MERKEZİ","durak_turu":"durak","ilce":"Bağcılar","mahalle":"Hürriyet Mahallesi","koni_acisi":50,"menzil_m":80}},{"type":"Feature","geometry":{"type":"Point","coordinates":[28.813692,41.03779]},"properties":{"kamera_kodu":"SG-0037","tur":"durak","yon":355,"yol_adi":"Gülbahar Caddesi","durak_adi":"TEKİN SOKAK","durak_turu":"durak","ilce":"Bağcılar","mahalle":"15 Temmuz Mahallesi","koni_acisi":50,"menzil_m":80}},{"type":"Feature","geometry":{"type":"Point","coordinates":[28.840274,41.065424]},"properties":{"kamera_kodu":"SG-0038","tur":"durak","yon":299,"yol_adi":"Batışehir Caddesi","durak_adi":"BATIŞEHİR","durak_turu":"durak","ilce":"Bağcılar","mahalle":"Göztepe Mahallesi","koni_acisi":50,"menzil_m":80}},{"type":"Feature","geometry":{"type":"Point","coordinates":[28.837375,41.030848]},"properties":{"kamera_kodu":"SG-0039","tur":"kavsak","yon":270,"yol_adi":"Hoca Ahmet Yesevi Caddesi","isikli":false,"kol":3,"ilce":"Bağcılar","mahalle":"Kirazlı Mahallesi","koni_acisi":70,"menzil_m":120}},{"type":"Feature","geometry":{"type":"Point","coordinates":[28.855049,41.054158]},"properties":{"kamera_kodu":"SG-0040","tur":"kavsak","yon":98,"yol_adi":"O-3 Güney Yanyolu","isikli":true,"kol":2,"ilce":"Bağcılar","mahalle":"Kemalpaşa Mahallesi","koni_acisi":70,"menzil_m":120}},{"type":"Feature","geometry":{"type":"Point","coordinates":[28.809588,41.04193]},"properties":{"kamera_kodu":"SG-0041","tur":"kavsak","yon":169,"yol_adi":"Bahar Caddesi","isikli":false,"kol":3,"ilce":"Bağcılar","mahalle":"15 Temmuz Mahallesi","koni_acisi":70,"menzil_m":120}},{"type":"Feature","geometry":{"type":"Point","coordinates":[28.813972,41.058338]},"properties":{"kamera_kodu":"SG-0042","tur":"kavsak","yon":12,"yol_adi":"Taşocağı Yolu Caddesi","isikli":false,"kol":3,"ilce":"Bağcılar","mahalle":"Mahmutbey Mahallesi","koni_acisi":70,"menzil_m":120}},{"type":"Feature","geometry":{"type":"Point","coordinates":[28.841469,41.037936]},"properties":{"kamera_kodu":"SG-0043","tur":"okul","yon":333,"yol_adi":"Mevlana Caddesi","okul_adi":"Bağcılar Vakıflar Ortaokulu","ilce":"Bağcılar","mahalle":"Kirazlı Mahallesi","koni_acisi":60,"menzil_m":80}},{"type":"Feature","geometry":{"type":"Point","coordinates":[28.82196,41.02254]},"properties":{"kamera_kodu":"SG-0044","tur":"okul","yon":293,"yol_adi":"Mimar Sinan Caddesi","okul_adi":"Cemre Koleji","ilce":"Bağcılar","mahalle":"Bağlar Mahallesi","koni_acisi":60,"menzil_m":80}},{"type":"Feature","geometry":{"type":"Point","coordinates":[28.822527,41.045193]},"properties":{"kamera_kodu":"SG-0045","tur":"okul","yon":268,"yol_adi":"Devekaldırımı Caddesi","okul_adi":"Mehmet Akif Ersoy ilkokulu","ilce":"Bağcılar","mahalle":"Mahmutbey Mahallesi","koni_acisi":60,"menzil_m":80}},{"type":"Feature","geometry":{"type":"Point","coordinates":[28.834161,41.001857]},"properties":{"kamera_kodu":"SG-0046","tur":"durak","yon":177,"yol_adi":"Yıldırım Beyazıd Caddesi","durak_adi":"YENİBOSNA MERKEZ CAMİİ","durak_turu":"durak","ilce":"Bahçelievler","mahalle":"Fevzi Çakmak Mahallesi","koni_acisi":50,"menzil_m":80}},{"type":"Feature","geometry":{"type":"Point","coordinates":[28.822653,41.016447]},"properties":{"kamera_kodu":"SG-0047","tur":"durak","yon":257,"yol_adi":"Prof.Dr.M.Nevzat Pisak Caddesi","durak_adi":"DOĞU SANAYİ KÖYİÇİ CAMİİ","durak_turu":"durak","ilce":"Bahçelievler","mahalle":"Yenibosna Merkez Mahallesi","koni_acisi":50,"menzil_m":80}},{"type":"Feature","geometry":{"type":"Point","coordinates":[28.850215,40.996364]},"properties":{"kamera_kodu":"SG-0048","tur":"kavsak","yon":16,"yol_adi":"Barbaros Caddesi","isikli":false,"kol":3,"ilce":"Bahçelievler","mahalle":"Şirinevler Mahallesi","koni_acisi":70,"menzil_m":120}},{"type":"Feature","geometry":{"type":"Point","coordinates":[28.808955,41.027731]},"properties":{"kamera_kodu":"SG-0049","tur":"kavsak","yon":191,"yol_adi":"Basın Ekspres Caddesi","isikli":false,"kol":3,"ilce":"Bahçelievler","mahalle":"Yenibosna Merkez Mahallesi","koni_acisi":70,"menzil_m":120}},{"type":"Feature","geometry":{"type":"Point","coordinates":[28.828131,40.995983]},"properties":{"kamera_kodu":"SG-0050","tur":"kavsak","yon":161,"yol_adi":"Mithatpaşa Caddesi","isikli":false,"kol":3,"ilce":"Bahçelievler","mahalle":"Çobançeşme Mahallesi","koni_acisi":70,"menzil_m":120}},{"type":"Feature","geometry":{"type":"Point","coordinates":[28.810155,41.008633]},"properties":{"kamera_kodu":"SG-0051","tur":"kavsak","yon":246,"yol_adi":"20 Temmuz Caddesi","isikli":false,"kol":3,"ilce":"Bahçelievler","mahalle":"Yenibosna Merkez Mahallesi","koni_acisi":70,"menzil_m":120}},{"type":"Feature","geometry":{"type":"Point","coordinates":[28.845545,40.992206]},"properties":{"kamera_kodu":"SG-0052","tur":"meydan","yon":273,"yol_adi":"Adnan Kahveci Bulvarı","meydan_adi":"Şirinevler Meydanı","ilce":"Bahçelievler","mahalle":"Şirinevler Mahallesi","koni_acisi":90,"menzil_m":150}},{"type":"Feature","geometry":{"type":"Point","coordinates":[28.858381,41.014906]},"properties":{"kamera_kodu":"SG-0053","tur":"okul","yon":96,"yol_adi":"Rehber Caddesi","okul_adi":"Hazım Ersu İlkokulu","ilce":"Bahçelievler","mahalle":"Soğanlı Mahallesi","koni_acisi":60,"menzil_m":80}},{"type":"Feature","geometry":{"type":"Point","coordinates":[28.86009,40.999871]},"properties":{"kamera_kodu":"SG-0054","tur":"okul","yon":51,"yol_adi":"Adnan Kahveci Bulvarı","okul_adi":"Bahçelievler Cumhuriyet Anadolu Lisesi Konferans Salonu","ilce":"Bahçelievler","mahalle":"Bahçelievler Mahallesi","koni_acisi":60,"menzil_m":80}},{"type":"Feature","geometry":{"type":"Point","coordinates":[28.844408,40.992009]},"properties":{"kamera_kodu":"SG-0055","tur":"okul","yon":273,"yol_adi":"Adnan Kahveci Bulvarı","okul_adi":"Çözüm Kişisel Gelişim Kursu","ilce":"Bahçelievler","mahalle":"Şirinevler Mahallesi","koni_acisi":60,"menzil_m":80}},{"type":"Feature","geometry":{"type":"Point","coordinates":[28.889099,41.002387]},"properties":{"kamera_kodu":"SG-0056","tur":"durak","yon":249,"yol_adi":"D-100 Güney Yanyolu","durak_adi":"KOCATEPE","durak_turu":"durak","ilce":"Bakırköy","mahalle":"Osmaniye Mahallesi","koni_acisi":50,"menzil_m":80}},{"type":"Feature","geometry":{"type":"Point","coordinates":[28.866059,40.982339]},"properties":{"kamera_kodu":"SG-0057","tur":"durak","yon":340,"yol_adi":"Behçet Kemal Çağlar Caddesi","durak_adi":"P.BLOK","durak_turu":"durak","ilce":"Bakırköy","mahalle":"Ataköy 3-4-11. Kısım Mahallesi","koni_acisi":50,"menzil_m":80}},{"type":"Feature","geometry":{"type":"Point","coordinates":[28.825358,40.963201]},"properties":{"kamera_kodu":"SG-0058","tur":"durak","yon":96,"yol_adi":"Eski Havaalanı Caddesi","durak_adi":"HAVA MÜZESİ","durak_turu":"durak","ilce":"Bakırköy","mahalle":"Yeşilköy Mahallesi","koni_acisi":50,"menzil_m":80}},{"type":"Feature","geometry":{"type":"Point","coordinates":[28.789844,40.971861]},"properties":{"kamera_kodu":"SG-0059","tur":"kavsak","yon":114,"yol_adi":"Yeşilköy Halkalı Caddesi","isikli":true,"kol":2,"ilce":"Bakırköy","mahalle":"Şenlikköy Mahallesi","koni_acisi":70,"menzil_m":120}},{"type":"Feature","geometry":{"type":"Point","coordinates":[28.837119,40.964821]},"properties":{"kamera_kodu":"SG-0060","tur":"kavsak","yon":42,"yol_adi":"Yeşilyurt İstasyon Caddesi","isikli":false,"kol":3,"ilce":"Bakırköy","mahalle":"Yeşilyurt Mahallesi","koni_acisi":70,"menzil_m":120}},{"type":"Feature","geometry":{"type":"Point","coordinates":[28.872426,40.978225]},"properties":{"kamera_kodu":"SG-0061","tur":"kavsak","yon":263,"yol_adi":"Fişekhane Caddesi","isikli":false,"kol":3,"ilce":"Bakırköy","mahalle":"Zeytinlik Mahallesi","koni_acisi":70,"menzil_m":120}},{"type":"Feature","geometry":{"type":"Point","coordinates":[28.866813,40.994165]},"properties":{"kamera_kodu":"SG-0062","tur":"kavsak","yon":189,"yol_adi":"Şenyuva Sokak","isikli":true,"kol":2,"ilce":"Bakırköy","mahalle":"Zuhuratbaba Mahallesi","koni_acisi":70,"menzil_m":120}},{"type":"Feature","geometry":{"type":"Point","coordinates":[28.843734,40.991004]},"properties":{"kamera_kodu":"SG-0063","tur":"meydan","yon":94,"yol_adi":"D-100 Güney Yanyolu","meydan_adi":null,"ilce":"Bakırköy","mahalle":"Ataköy 7-8-9-10. Kısım Mahallesi","koni_acisi":90,"menzil_m":150}},{"type":"Feature","geometry":{"type":"Point","coordinates":[28.82082,40.95801]},"properties":{"kamera_kodu":"SG-0064","tur":"okul","yon":330,"yol_adi":"Çekmece Caddesi","okul_adi":"Özel Ermeni Okulu","ilce":"Bakırköy","mahalle":"Yeşilköy Mahallesi","koni_acisi":60,"menzil_m":80}},{"type":"Feature","geometry":{"type":"Point","coordinates":[28.792612,40.98416]},"properties":{"kamera_kodu":"SG-0065","tur":"okul","yon":203,"yol_adi":"Hürriyet Caddesi","okul_adi":"Derin Çocuk Bakırköy Özel Eğitim ve Rehabilitasyon Merkezi","ilce":"Bakırköy","mahalle":"Şenlikköy Mahallesi","koni_acisi":60,"menzil_m":80}},{"type":"Feature","geometry":{"type":"Point","coordinates":[28.802715,41.112282]},"properties":{"kamera_kodu":"SG-0066","tur":"durak","yon":357,"yol_adi":"Yeşil Vadi Caddesi","durak_adi":"SALACAK SİTESİ","durak_turu":"durak","ilce":"Başakşehir","mahalle":"Başak Mahallesi","koni_acisi":50,"menzil_m":80}},{"type":"Feature","geometry":{"type":"Point","coordinates":[28.68432,41.067099]},"properties":{"kamera_kodu":"SG-0067","tur":"durak","yon":349,"yol_adi":"Süzer Bulvarı","durak_adi":"GÜL","durak_turu":"durak","ilce":"Başakşehir","mahalle":"Bahçeşehir 2. Kısım Mahallesi","koni_acisi":50,"menzil_m":80}},{"type":"Feature","geometry":{"type":"Point","coordinates":[28.78653,41.074482]},"properties":{"kamera_kodu":"SG-0068","tur":"durak","yon":194,"yol_adi":"Hürriyet Bulvarı","durak_adi":"Ziya Gökalp Mahallesi","durak_turu":"istasyon","ilce":"Başakşehir","mahalle":"Ziya Gökalp Mahallesi","koni_acisi":50,"menzil_m":80}},{"type":"Feature","geometry":{"type":"Point","coordinates":[28.766509,41.119551]},"properties":{"kamera_kodu":"SG-0069","tur":"durak","yon":251,"yol_adi":"Kayaşehir Bulvarı","durak_adi":"Kayaşehir Merkez","durak_turu":"istasyon","ilce":"Başakşehir","mahalle":"Kayabaşı Mahallesi","koni_acisi":50,"menzil_m":80}},{"type":"Feature","geometry":{"type":"Point","coordinates":[28.766567,41.119721]},"properties":{"kamera_kodu":"SG-0070","tur":"kavsak","yon":2,"yol_adi":"Kayaşehir Bulvarı","isikli":false,"kol":3,"ilce":"Başakşehir","mahalle":"Kayabaşı Mahallesi","koni_acisi":70,"menzil_m":120}},{"type":"Feature","geometry":{"type":"Point","coordinates":[28.793506,41.079799]},"properties":{"kamera_kodu":"SG-0071","tur":"kavsak","yon":179,"yol_adi":"Süleyman Demirel Bulvarı","isikli":false,"kol":3,"ilce":"Başakşehir","mahalle":"İkitelli OSB Mahallesi","koni_acisi":70,"menzil_m":120}},{"type":"Feature","geometry":{"type":"Point","coordinates":[28.788286,41.102168]},"properties":{"kamera_kodu":"SG-0072","tur":"kavsak","yon":259,"yol_adi":"Toros Caddesi","isikli":false,"kol":3,"ilce":"Başakşehir","mahalle":"Başakşehir Mahallesi","koni_acisi":70,"menzil_m":120}},{"type":"Feature","geometry":{"type":"Point","coordinates":[28.753633,41.092325]},"properties":{"kamera_kodu":"SG-0073","tur":"kavsak","yon":193,"yol_adi":"Ahmet Yesevi Caddesi","isikli":false,"kol":3,"ilce":"Başakşehir","mahalle":"Güvercintepe Mahallesi","koni_acisi":70,"menzil_m":120}},{"type":"Feature","geometry":{"type":"Point","coordinates":[28.767248,41.063148]},"properties":{"kamera_kodu":"SG-0074","tur":"kavsak","yon":58,"yol_adi":"Olimpiyat Bulvarı","isikli":false,"kol":3,"ilce":"Başakşehir","mahalle":"Ziya Gökalp Mahallesi","koni_acisi":70,"menzil_m":120}},{"type":"Feature","geometry":{"type":"Point","coordinates":[28.675309,41.063809]},"properties":{"kamera_kodu":"SG-0075","tur":"kavsak","yon":285,"yol_adi":"Esenkent Bahçeşehir Yolu","isikli":true,"kol":2,"ilce":"Başakşehir","mahalle":"Bahçeşehir 2. Kısım Mahallesi","koni_acisi":70,"menzil_m":120}},{"type":"Feature","geometry":{"type":"Point","coordinates":[28.771361,41.119478]},"properties":{"kamera_kodu":"SG-0076","tur":"meydan","yon":179,"yol_adi":"Adnan Menderes Bulvarı","meydan_adi":"Başakşehir Kent Meydanı","ilce":"Başakşehir","mahalle":"Kayabaşı Mahallesi","koni_acisi":90,"menzil_m":150}},{"type":"Feature","geometry":{"type":"Point","coordinates":[28.800261,41.10268]},"properties":{"kamera_kodu":"SG-0077","tur":"okul","yon":166,"yol_adi":"Şeyh Şamil Caddesi","okul_adi":"İto Başakşehir Kız Anadolu İmam Hatip Lisesi","ilce":"Başakşehir","mahalle":"Başak Mahallesi","koni_acisi":60,"menzil_m":80}},{"type":"Feature","geometry":{"type":"Point","coordinates":[28.739659,41.111104]},"properties":{"kamera_kodu":"SG-0078","tur":"okul","yon":60,"yol_adi":"İstiklal Caddesi","okul_adi":"Kayabaşı İlkokulu","ilce":"Başakşehir","mahalle":"Kayabaşı Mahallesi","koni_acisi":60,"menzil_m":80}},{"type":"Feature","geometry":{"type":"Point","coordinates":[28.789251,41.140591]},"properties":{"kamera_kodu":"SG-0079","tur":"okul","yon":26,"yol_adi":"Botanik Sokak","okul_adi":null,"ilce":"Başakşehir","mahalle":"Kayabaşı Mahallesi","koni_acisi":60,"menzil_m":80}},{"type":"Feature","geometry":{"type":"Point","coordinates":[28.896431,41.055716]},"properties":{"kamera_kodu":"SG-0080","tur":"durak","yon":331,"yol_adi":"50. Yıl Caddesi","durak_adi":"BAYRAMPAŞA BELEDİYESİ SPOR TESİSLERİ","durak_turu":"durak","ilce":"Bayrampaşa","mahalle":"Kocatepe Mahallesi","koni_acisi":50,"menzil_m":80}},{"type":"Feature","geometry":{"type":"Point","coordinates":[28.895482,41.068564]},"properties":{"kamera_kodu":"SG-0081","tur":"durak","yon":313,"yol_adi":"Eski Edirne Asfaltı","durak_adi":"Ali Fuat Başgil","durak_turu":"istasyon","ilce":"Bayrampaşa","mahalle":"Yıldırım Mahallesi","koni_acisi":50,"menzil_m":80}},{"type":"Feature","geometry":{"type":"Point","coordinates":[28.884961,41.073711]},"properties":{"kamera_kodu":"SG-0082","tur":"durak","yon":41,"yol_adi":"Papatya Sokağı","durak_adi":"PAPATYA SOKAK","durak_turu":"durak","ilce":"Bayrampaşa","mahalle":"Cevatpaşa Mahallesi","koni_acisi":50,"menzil_m":80}},{"type":"Feature","geometry":{"type":"Point","coordinates":[28.886072,41.066551]},"properties":{"kamera_kodu":"SG-0083","tur":"kavsak","yon":161,"yol_adi":"Şehit Kamil Balkan Caddesi","isikli":true,"kol":2,"ilce":"Bayrampaşa","mahalle":"Yıldırım Mahallesi","koni_acisi":70,"menzil_m":120}},{"type":"Feature","geometry":{"type":"Point","coordinates":[28.914996,41.047268]},"properties":{"kamera_kodu":"SG-0084","tur":"kavsak","yon":150,"yol_adi":"Rami Kışla Caddesi","isikli":true,"kol":2,"ilce":"Bayrampaşa","mahalle":"Yenidoğan Mahallesi","koni_acisi":70,"menzil_m":120}},{"type":"Feature","geometry":{"type":"Point","coordinates":[28.899368,41.044363]},"properties":{"kamera_kodu":"SG-0085","tur":"kavsak","yon":193,"yol_adi":"Paşa Caddesi","isikli":false,"kol":3,"ilce":"Bayrampaşa","mahalle":"Kocatepe Mahallesi","koni_acisi":70,"menzil_m":120}},{"type":"Feature","geometry":{"type":"Point","coordinates":[28.896227,41.060935]},"properties":{"kamera_kodu":"SG-0086","tur":"kavsak","yon":295,"yol_adi":"Avasköy Yolu Caddesi","isikli":false,"kol":3,"ilce":"Bayrampaşa","mahalle":"Kartaltepe Mahallesi","koni_acisi":70,"menzil_m":120}},{"type":"Feature","geometry":{"type":"Point","coordinates":[28.900216,41.048397]},"properties":{"kamera_kodu":"SG-0087","tur":"okul","yon":359,"yol_adi":"Akpınar Caddesi","okul_adi":"Bayrampaşa Anadolu Lisesi","ilce":"Bayrampaşa","mahalle":"Muratpaşa Mahallesi","koni_acisi":60,"menzil_m":80}},{"type":"Feature","geometry":{"type":"Point","coordinates":[28.910554,41.038742]},"properties":{"kamera_kodu":"SG-0088","tur":"okul","yon":281,"yol_adi":"Atışalanı Caddesi","okul_adi":"Ahmet Haşim İlkokulu","ilce":"Bayrampaşa","mahalle":"Yenidoğan Mahallesi","koni_acisi":60,"menzil_m":80}},{"type":"Feature","geometry":{"type":"Point","coordinates":[29.037541,41.082344]},"properties":{"kamera_kodu":"SG-0089","tur":"durak","yon":226,"yol_adi":"Nisbetiye Caddesi","durak_adi":"Etiler","durak_turu":"istasyon","ilce":"Beşiktaş","mahalle":"Etiler Mahallesi","koni_acisi":50,"menzil_m":80}},{"type":"Feature","geometry":{"type":"Point","coordinates":[29.014219,41.065713]},"properties":{"kamera_kodu":"SG-0090","tur":"durak","yon":138,"yol_adi":"1. Çevre Yolu","durak_adi":"KÖPRÜLÜ KAVŞAK","durak_turu":"durak","ilce":"Beşiktaş","mahalle":"Balmumcu Mahallesi","koni_acisi":50,"menzil_m":80}},{"type":"Feature","geometry":{"type":"Point","coordinates":[29.028208,41.049215]},"properties":{"kamera_kodu":"SG-0091","tur":"kavsak","yon":276,"yol_adi":"Muallim Naci Caddesi","isikli":false,"kol":3,"ilce":"Beşiktaş","mahalle":"Ortaköy Mahallesi","koni_acisi":70,"menzil_m":120}},{"type":"Feature","geometry":{"type":"Point","coordinates":[29.009705,41.055745]},"properties":{"kamera_kodu":"SG-0092","tur":"kavsak","yon":8,"yol_adi":"Barbaros Bulvarı","isikli":true,"kol":2,"ilce":"Beşiktaş","mahalle":"Yıldız Mahallesi","koni_acisi":70,"menzil_m":120}},{"type":"Feature","geometry":{"type":"Point","coordinates":[29.017219,41.08757]},"properties":{"kamera_kodu":"SG-0093","tur":"kavsak","yon":199,"yol_adi":"Uğur Mumcu Caddesi","isikli":false,"kol":3,"ilce":"Beşiktaş","mahalle":"Levent Mahallesi","koni_acisi":70,"menzil_m":120}},{"type":"Feature","geometry":{"type":"Point","coordinates":[29.029793,41.078446]},"properties":{"kamera_kodu":"SG-0094","tur":"kavsak","yon":49,"yol_adi":"Nisbetiye Caddesi","isikli":false,"kol":3,"ilce":"Beşiktaş","mahalle":"Akat Mahallesi","koni_acisi":70,"menzil_m":120}},{"type":"Feature","geometry":{"type":"Point","coordinates":[29.006988,41.041728]},"properties":{"kamera_kodu":"SG-0095","tur":"meydan","yon":73,"yol_adi":"Beşiktaş Caddesi","meydan_adi":"Beşiktaş Meydanı","ilce":"Beşiktaş","mahalle":"Sinanpaşa Mahallesi","koni_acisi":90,"menzil_m":150}},{"type":"Feature","geometry":{"type":"Point","coordinates":[29.012891,41.043411]},"properties":{"kamera_kodu":"SG-0096","tur":"okul","yon":75,"yol_adi":"Çırağan Caddesi","okul_adi":"Beşiktaş Anadolu Lisesi","ilce":"Beşiktaş","mahalle":"Yıldız Mahallesi","koni_acisi":60,"menzil_m":80}},{"type":"Feature","geometry":{"type":"Point","coordinates":[29.023518,41.07845]},"properties":{"kamera_kodu":"SG-0097","tur":"okul","yon":330,"yol_adi":"Meydan Caddesi","okul_adi":"Etiler Anadolu Otelcilik ve Turizm Meslek Lisesi","ilce":"Beşiktaş","mahalle":"Akat Mahallesi","koni_acisi":60,"menzil_m":80}},{"type":"Feature","geometry":{"type":"Point","coordinates":[29.128162,41.050857]},"properties":{"kamera_kodu":"SG-0098","tur":"durak","yon":56,"yol_adi":"Mehmet Akif Ersoy Caddesi","durak_adi":"İSFALT","durak_turu":"durak","ilce":"Beykoz","mahalle":"Baklacı Mahallesi","koni_acisi":50,"menzil_m":80}},{"type":"Feature","geometry":{"type":"Point","coordinates":[29.0875,41.147904]},"properties":{"kamera_kodu":"SG-0099","tur":"durak","yon":23,"yol_adi":"Çayır Caddesi","durak_adi":"ORTAÇEŞME","durak_turu":"durak","ilce":"Beykoz","mahalle":"Ortaçeşme Mahallesi","koni_acisi":50,"menzil_m":80}},{"type":"Feature","geometry":{"type":"Point","coordinates":[29.21585,41.220429]},"properties":{"kamera_kodu":"SG-0100","tur":"durak","yon":253,"yol_adi":"Riva Caddesi","durak_adi":"RİVA KÖPRÜSÜ","durak_turu":"durak","ilce":"Beykoz","mahalle":"Riva Mahallesi","koni_acisi":50,"menzil_m":80}},{"type":"Feature","geometry":{"type":"Point","coordinates":[29.088801,41.135538]},"properties":{"kamera_kodu":"SG-0101","tur":"kavsak","yon":133,"yol_adi":"Fevzi Paşa Caddesi","isikli":false,"kol":3,"ilce":"Beykoz","mahalle":"Merkez Mahallesi","koni_acisi":70,"menzil_m":120}},{"type":"Feature","geometry":{"type":"Point","coordinates":[29.095903,41.062142]},"properties":{"kamera_kodu":"SG-0102","tur":"kavsak","yon":187,"yol_adi":"Küçüksu Caddesi","isikli":false,"kol":3,"ilce":"Beykoz","mahalle":"Yeni Mahalle Mahallesi","koni_acisi":70,"menzil_m":120}},{"type":"Feature","geometry":{"type":"Point","coordinates":[29.172939,41.14525]},"properties":{"kamera_kodu":"SG-0103","tur":"kavsak","yon":77,"yol_adi":"Paşabahçe Polonezköy Yolu","isikli":false,"kol":6,"ilce":"Beykoz","mahalle":"Mahmutşevketpaşa Mahallesi","koni_acisi":70,"menzil_m":120}},{"type":"Feature","geometry":{"type":"Point","coordinates":[29.212922,41.194257]},"properties":{"kamera_kodu":"SG-0104","tur":"kavsak","yon":224,"yol_adi":"Riva Caddesi","isikli":false,"kol":3,"ilce":"Beykoz","mahalle":"Alibahadır Mahallesi","koni_acisi":70,"menzil_m":120}},{"type":"Feature","geometry":{"type":"Point","coordinates":[29.098047,41.126323]},"properties":{"kamera_kodu":"SG-0105","tur":"meydan","yon":143,"yol_adi":"Kelle İbrahim Caddesi","meydan_adi":null,"ilce":"Beykoz","mahalle":"Gümüşsuyu Mahallesi","koni_acisi":90,"menzil_m":150}},{"type":"Feature","geometry":{"type":"Point","coordinates":[29.115799,41.150532]},"properties":{"kamera_kodu":"SG-0106","tur":"okul","yon":71,"yol_adi":"Akbaba Caddesi","okul_adi":"Beykoz Akbaba Mesleki ve Teknik Anadolu Lisesi","ilce":"Beykoz","mahalle":"Akbaba Mahallesi","koni_acisi":60,"menzil_m":80}},{"type":"Feature","geometry":{"type":"Point","coordinates":[29.218087,41.203359]},"properties":{"kamera_kodu":"SG-0107","tur":"okul","yon":7,"yol_adi":"Riva Caddesi","okul_adi":"TFF Celal-Meral Aras Spor Okulu","ilce":"Beykoz","mahalle":"Alibahadır Mahallesi","koni_acisi":60,"menzil_m":80}},{"type":"Feature","geometry":{"type":"Point","coordinates":[28.668191,40.98962]},"properties":{"kamera_kodu":"SG-0108","tur":"durak","yon":185,"yol_adi":"Hürriyet Bulvarı","durak_adi":"YAKUPLU KAVŞAK","durak_turu":"durak","ilce":"Beylikdüzü","mahalle":"Yakuplu Mahallesi","koni_acisi":50,"menzil_m":80}},{"type":"Feature","geometry":{"type":"Point","coordinates":[28.642636,41.001028]},"properties":{"kamera_kodu":"SG-0109","tur":"durak","yon":107,"yol_adi":"Atatürk Bulvarı","durak_adi":"CUMHURİYET MEYDANI","durak_turu":"durak","ilce":"Beylikdüzü","mahalle":"Büyükşehir Mahallesi","koni_acisi":50,"menzil_m":80}},{"type":"Feature","geometry":{"type":"Point","coordinates":[28.641162,41.009747]},"properties":{"kamera_kodu":"SG-0110","tur":"kavsak","yon":29,"yol_adi":"Atatürk Bulvarı","isikli":true,"kol":2,"ilce":"Beylikdüzü","mahalle":"Cumhuriyet Mahallesi","koni_acisi":70,"menzil_m":120}},{"type":"Feature","geometry":{"type":"Point","coordinates":[28.60605,40.975916]},"properties":{"kamera_kodu":"SG-0111","tur":"kavsak","yon":36,"yol_adi":"Hasan Tahsin Caddesi","isikli":false,"kol":3,"ilce":"Beylikdüzü","mahalle":"Dereağzı Mahallesi","koni_acisi":70,"menzil_m":120}},{"type":"Feature","geometry":{"type":"Point","coordinates":[28.625705,40.997466]},"properties":{"kamera_kodu":"SG-0112","tur":"kavsak","yon":182,"yol_adi":"Yavuz Sultan Selim Bulvarı","isikli":true,"kol":2,"ilce":"Beylikdüzü","mahalle":"Adnan Kahveci Mahallesi","koni_acisi":70,"menzil_m":120}},{"type":"Feature","geometry":{"type":"Point","coordinates":[28.659944,40.985596]},"properties":{"kamera_kodu":"SG-0113","tur":"kavsak","yon":271,"yol_adi":"Ayasofya Caddesi","isikli":false,"kol":3,"ilce":"Beylikdüzü","mahalle":"Kavaklı Mahallesi","koni_acisi":70,"menzil_m":120}},{"type":"Feature","geometry":{"type":"Point","coordinates":[28.631241,40.984653]},"properties":{"kamera_kodu":"SG-0114","tur":"kavsak","yon":217,"yol_adi":"Halaskargazi Caddesi","isikli":false,"kol":3,"ilce":"Beylikdüzü","mahalle":"Dereağzı Mahallesi","koni_acisi":70,"menzil_m":120}},{"type":"Feature","geometry":{"type":"Point","coordinates":[28.643714,40.999659]},"properties":{"kamera_kodu":"SG-0115","tur":"meydan","yon":103,"yol_adi":"Atatürk Bulvarı","meydan_adi":null,"ilce":"Beylikdüzü","mahalle":"Büyükşehir Mahallesi","koni_acisi":90,"menzil_m":150}},{"type":"Feature","geometry":{"type":"Point","coordinates":[28.655136,41.005173]},"properties":{"kamera_kodu":"SG-0116","tur":"okul","yon":29,"yol_adi":"Sakarya Caddesi","okul_adi":"Borsa İstanbul Ortaokulu","ilce":"Beylikdüzü","mahalle":"Barış Mahallesi","koni_acisi":60,"menzil_m":80}},{"type":"Feature","geometry":{"type":"Point","coordinates":[28.629925,40.99456]},"properties":{"kamera_kodu":"SG-0117","tur":"okul","yon":147,"yol_adi":"Osmanlı Caddesi","okul_adi":"Doğa Koleji","ilce":"Beylikdüzü","mahalle":"Adnan Kahveci Mahallesi","koni_acisi":60,"menzil_m":80}},{"type":"Feature","geometry":{"type":"Point","coordinates":[28.980867,41.026991]},"properties":{"kamera_kodu":"SG-0118","tur":"durak","yon":242,"yol_adi":"Meclis-i Mebusan Caddesi","durak_adi":"Tophane","durak_turu":"istasyon","ilce":"Beyoğlu","mahalle":"Kılıçali Paşa Mahallesi","koni_acisi":50,"menzil_m":80}},{"type":"Feature","geometry":{"type":"Point","coordinates":[28.943724,41.048559]},"properties":{"kamera_kodu":"SG-0119","tur":"durak","yon":239,"yol_adi":"Halıcıoğlu Okmeydanı Caddesi","durak_adi":"HALICIOĞLU 1","durak_turu":"durak","ilce":"Beyoğlu","mahalle":"Sütlüce Mahallesi","koni_acisi":50,"menzil_m":80}},{"type":"Feature","geometry":{"type":"Point","coordinates":[28.989442,41.031453]},"properties":{"kamera_kodu":"SG-0120","tur":"durak","yon":213,"yol_adi":"Meclis-i Mebusan Caddesi","durak_adi":"Fındıklı","durak_turu":"istasyon","ilce":"Beyoğlu","mahalle":"Pürtelaş Hasan Efendi Mahallesi","koni_acisi":50,"menzil_m":80}},{"type":"Feature","geometry":{"type":"Point","coordinates":[28.950587,41.052623]},"properties":{"kamera_kodu":"SG-0121","tur":"kavsak","yon":133,"yol_adi":"Halıcıoğlu Okmeydanı Caddesi","isikli":false,"kol":3,"ilce":"Beyoğlu","mahalle":"Sütlüce Mahallesi","koni_acisi":70,"menzil_m":120}},{"type":"Feature","geometry":{"type":"Point","coordinates":[28.971674,41.03857]},"properties":{"kamera_kodu":"SG-0122","tur":"kavsak","yon":252,"yol_adi":"Kurtuluş Deresi Caddesi","isikli":true,"kol":2,"ilce":"Beyoğlu","mahalle":"Hacıahmet Mahallesi","koni_acisi":70,"menzil_m":120}},{"type":"Feature","geometry":{"type":"Point","coordinates":[28.982265,41.027578]},"properties":{"kamera_kodu":"SG-0123","tur":"kavsak","yon":247,"yol_adi":"Meclis-i Mebusan Caddesi","isikli":true,"kol":2,"ilce":"Beyoğlu","mahalle":"Kılıçali Paşa Mahallesi","koni_acisi":70,"menzil_m":120}},{"type":"Feature","geometry":{"type":"Point","coordinates":[28.986473,41.027455]},"properties":{"kamera_kodu":"SG-0124","tur":"meydan","yon":68,"yol_adi":"Meclis-i Mebusan Caddesi","meydan_adi":"Doğuş Meydanı","ilce":"Beyoğlu","mahalle":"Kılıçali Paşa Mahallesi","koni_acisi":90,"menzil_m":150}},{"type":"Feature","geometry":{"type":"Point","coordinates":[28.98249,41.036894]},"properties":{"kamera_kodu":"SG-0125","tur":"okul","yon":64,"yol_adi":"Tarlabaşı Bulvarı","okul_adi":"Cervantes Institute","ilce":"Beyoğlu","mahalle":"Şehit Muhtar Mahallesi","koni_acisi":60,"menzil_m":80}},{"type":"Feature","geometry":{"type":"Point","coordinates":[28.971859,41.029547]},"properties":{"kamera_kodu":"SG-0126","tur":"okul","yon":342,"yol_adi":"Refik Saydam Caddesi","okul_adi":"İstanbul Ticaret Odası Mesleki ve Teknik Anadolu Lisesi","ilce":"Beyoğlu","mahalle":"Evliya Çelebi Mahallesi","koni_acisi":60,"menzil_m":80}},{"type":"Feature","geometry":{"type":"Point","coordinates":[28.53475,41.059596]},"properties":{"kamera_kodu":"SG-0127","tur":"durak","yon":339,"yol_adi":"Çatalca Yolu Caddesi","durak_adi":"TEPEKENT","durak_turu":"durak","ilce":"Büyükçekmece","mahalle":"Hürriyet Mahallesi","koni_acisi":50,"menzil_m":80}},{"type":"Feature","geometry":{"type":"Point","coordinates":[28.581584,41.020373]},"properties":{"kamera_kodu":"SG-0128","tur":"durak","yon":239,"yol_adi":"D-100 Güney Yanyolu","durak_adi":"BÜYÜKÇEKMECE","durak_turu":"durak","ilce":"Büyükçekmece","mahalle":"Fatih Mahallesi","koni_acisi":50,"menzil_m":80}},{"type":"Feature","geometry":{"type":"Point","coordinates":[28.51778,41.001289]},"properties":{"kamera_kodu":"SG-0129","tur":"kavsak","yon":104,"yol_adi":"Gültaş Sokak","isikli":false,"kol":3,"ilce":"Büyükçekmece","mahalle":"Güzelce Mahallesi","koni_acisi":70,"menzil_m":120}},{"type":"Feature","geometry":{"type":"Point","coordinates":[28.584394,41.104534]},"properties":{"kamera_kodu":"SG-0130","tur":"kavsak","yon":123,"yol_adi":"Eskice Karaağaç Caddesi","isikli":false,"kol":3,"ilce":"Büyükçekmece","mahalle":"Karaağaç Mahallesi","koni_acisi":70,"menzil_m":120}},{"type":"Feature","geometry":{"type":"Point","coordinates":[28.624497,41.077342]},"properties":{"kamera_kodu":"SG-0131","tur":"kavsak","yon":200,"yol_adi":"Hadımköy Yolu Caddesi","isikli":true,"kol":2,"ilce":"Büyükçekmece","mahalle":"Alkent 2000 Mahallesi","koni_acisi":70,"menzil_m":120}},{"type":"Feature","geometry":{"type":"Point","coordinates":[28.512719,41.093754]},"properties":{"kamera_kodu":"SG-0132","tur":"kavsak","yon":345,"yol_adi":"Çatalca Yolu Caddesi","isikli":false,"kol":3,"ilce":"Büyükçekmece","mahalle":"Ahmediye Mahallesi","koni_acisi":70,"menzil_m":120}},{"type":"Feature","geometry":{"type":"Point","coordinates":[28.623334,41.034964]},"properties":{"kamera_kodu":"SG-0133","tur":"kavsak","yon":184,"yol_adi":"Hadımköy Yolu Caddesi","isikli":true,"kol":2,"ilce":"Büyükçekmece","mahalle":"Çakmaklı Mahallesi","koni_acisi":70,"menzil_m":120}},{"type":"Feature","geometry":{"type":"Point","coordinates":[28.624097,41.053573]},"properties":{"kamera_kodu":"SG-0134","tur":"meydan","yon":30,"yol_adi":"Mihrimah Sokağı","meydan_adi":"Çakmaklı Meydanı","ilce":"Büyükçekmece","mahalle":"Çakmaklı Mahallesi","koni_acisi":90,"menzil_m":150}},{"type":"Feature","geometry":{"type":"Point","coordinates":[28.537139,40.992635]},"properties":{"kamera_kodu":"SG-0135","tur":"okul","yon":292,"yol_adi":"Aktay Caddesi","okul_adi":null,"ilce":"Büyükçekmece","mahalle":"Sinanoba Mahallesi","koni_acisi":60,"menzil_m":80}},{"type":"Feature","geometry":{"type":"Point","coordinates":[28.625463,41.016916]},"properties":{"kamera_kodu":"SG-0136","tur":"okul","yon":267,"yol_adi":"Turgut Özal Bulvarı","okul_adi":"Özel İstanbul Beykent Sosyal Bilimler Lisesi","ilce":"Büyükçekmece","mahalle":"Cumhuriyet Mahallesi","koni_acisi":60,"menzil_m":80}},{"type":"Feature","geometry":{"type":"Point","coordinates":[28.448699,41.391218]},"properties":{"kamera_kodu":"SG-0137","tur":"durak","yon":290,"yol_adi":"Ormanlı - Karacaköy Yolu","durak_adi":"ORMANLI GİRİŞ","durak_turu":"durak","ilce":"Çatalca","mahalle":"Ormanlı Mahallesi","koni_acisi":50,"menzil_m":80}},{"type":"Feature","geometry":{"type":"Point","coordinates":[28.212669,41.368654]},"properties":{"kamera_kodu":"SG-0138","tur":"durak","yon":312,"yol_adi":"Eski İstanbul Kırklareli Yolu","durak_adi":"HALLAÇLI SAPAĞI","durak_turu":"durak","ilce":"Çatalca","mahalle":"Aydınlar Mahallesi","koni_acisi":50,"menzil_m":80}},{"type":"Feature","geometry":{"type":"Point","coordinates":[28.494407,41.120216]},"properties":{"kamera_kodu":"SG-0139","tur":"kavsak","yon":329,"yol_adi":"Çatalca Yolu Caddesi","isikli":true,"kol":2,"ilce":"Çatalca","mahalle":"Ferhatpaşa Mahallesi","koni_acisi":70,"menzil_m":120}},{"type":"Feature","geometry":{"type":"Point","coordinates":[28.455406,41.223351]},"properties":{"kamera_kodu":"SG-0140","tur":"kavsak","yon":186,"yol_adi":"Eski İstanbul-Kırklareli Yolu","isikli":false,"kol":3,"ilce":"Çatalca","mahalle":"Subaşı Mahallesi","koni_acisi":70,"menzil_m":120}},{"type":"Feature","geometry":{"type":"Point","coordinates":[28.212481,41.368893]},"properties":{"kamera_kodu":"SG-0141","tur":"kavsak","yon":128,"yol_adi":"Eski İstanbul Kırklareli Yolu","isikli":false,"kol":3,"ilce":"Çatalca","mahalle":"Aydınlar Mahallesi","koni_acisi":70,"menzil_m":120}},{"type":"Feature","geometry":{"type":"Point","coordinates":[28.460748,41.143776]},"properties":{"kamera_kodu":"SG-0142","tur":"meydan","yon":238,"yol_adi":"Tevfik Erdönmez Caddesi","meydan_adi":"Cumhuriyet Meydanı","ilce":"Çatalca","mahalle":"Ferhatpaşa Mahallesi","koni_acisi":90,"menzil_m":150}},{"type":"Feature","geometry":{"type":"Point","coordinates":[28.463176,41.141441]},"properties":{"kamera_kodu":"SG-0143","tur":"okul","yon":137,"yol_adi":"Atatürk Caddesi","okul_adi":"Ferhatpaşa İlkokulu","ilce":"Çatalca","mahalle":"Ferhatpaşa Mahallesi","koni_acisi":60,"menzil_m":80}},{"type":"Feature","geometry":{"type":"Point","coordinates":[29.236284,41.0253]},"properties":{"kamera_kodu":"SG-0144","tur":"durak","yon":198,"yol_adi":"Kartal Sokağı","durak_adi":"KARTAL SOKAK","durak_turu":"durak","ilce":"Çekmeköy","mahalle":"Soğukpınar Mahallesi","koni_acisi":50,"menzil_m":80}},{"type":"Feature","geometry":{"type":"Point","coordinates":[29.172119,41.051878]},"properties":{"kamera_kodu":"SG-0145","tur":"durak","yon":141,"yol_adi":"Çavuşbaşı Caddesi","durak_adi":"TURCAN SOKAK","durak_turu":"durak","ilce":"Çekmeköy","mahalle":"Merkez Mahallesi","koni_acisi":50,"menzil_m":80}},{"type":"Feature","geometry":{"type":"Point","coordinates":[29.216332,41.023628]},"properties":{"kamera_kodu":"SG-0146","tur":"kavsak","yon":41,"yol_adi":"Turgut Özal Cd.","isikli":false,"kol":3,"ilce":"Çekmeköy","mahalle":"Güngören Mahallesi","koni_acisi":70,"menzil_m":120}},{"type":"Feature","geometry":{"type":"Point","coordinates":[29.340858,41.087898]},"properties":{"kamera_kodu":"SG-0147","tur":"kavsak","yon":70,"yol_adi":"Şile Yolu","isikli":false,"kol":3,"ilce":"Çekmeköy","mahalle":"Ömerli Mahallesi","koni_acisi":70,"menzil_m":120}},{"type":"Feature","geometry":{"type":"Point","coordinates":[29.261526,41.035312]},"properties":{"kamera_kodu":"SG-0148","tur":"kavsak","yon":47,"yol_adi":"Prof. Dr. Atakan Yalçın Caddesi","isikli":false,"kol":3,"ilce":"Çekmeköy","mahalle":"Nişantepe Mahallesi","koni_acisi":70,"menzil_m":120}},{"type":"Feature","geometry":{"type":"Point","coordinates":[29.173693,41.035558]},"properties":{"kamera_kodu":"SG-0149","tur":"kavsak","yon":334,"yol_adi":"Çavuşbaşı Caddesi","isikli":false,"kol":3,"ilce":"Çekmeköy","mahalle":"Merkez Mahallesi","koni_acisi":70,"menzil_m":120}},{"type":"Feature","geometry":{"type":"Point","coordinates":[29.180341,41.03201]},"properties":{"kamera_kodu":"SG-0150","tur":"okul","yon":275,"yol_adi":"Mimar Sinan Caddesi","okul_adi":"Akıl Oyunları Anaokulu","ilce":"Çekmeköy","mahalle":"Mimar Sinan Mahallesi","koni_acisi":60,"menzil_m":80}},{"type":"Feature","geometry":{"type":"Point","coordinates":[29.232294,41.030385]},"properties":{"kamera_kodu":"SG-0151","tur":"okul","yon":317,"yol_adi":"Sırrı Çelik Bulvarı","okul_adi":"Şehit Öğretmen Fatma Nur Çelik Mesleki ve Teknik Anadolu Lisesi","ilce":"Çekmeköy","mahalle":"Taşdelen Mahallesi","koni_acisi":60,"menzil_m":80}},{"type":"Feature","geometry":{"type":"Point","coordinates":[28.880185,41.042995]},"properties":{"kamera_kodu":"SG-0152","tur":"durak","yon":337,"yol_adi":"Atışalanı Caddesi","durak_adi":"ESENLER","durak_turu":"durak","ilce":"Esenler","mahalle":"Menderes Mahallesi","koni_acisi":50,"menzil_m":80}},{"type":"Feature","geometry":{"type":"Point","coordinates":[28.900212,41.020651]},"properties":{"kamera_kodu":"SG-0153","tur":"durak","yon":65,"yol_adi":"Davutpaşa Caddesi","durak_adi":"Davutpaşa - YTÜ","durak_turu":"istasyon","ilce":"Esenler","mahalle":"Çifte Havuzlar Mahallesi","koni_acisi":50,"menzil_m":80}},{"type":"Feature","geometry":{"type":"Point","coordinates":[28.866978,41.07149]},"properties":{"kamera_kodu":"SG-0154","tur":"durak","yon":43,"yol_adi":"Giyimkent Caddesi","durak_adi":"Tekstilkent - Giyimkent","durak_turu":"istasyon","ilce":"Esenler","mahalle":"15 Temmuz Mahallesi","koni_acisi":50,"menzil_m":80}},{"type":"Feature","geometry":{"type":"Point","coordinates":[28.866779,41.070457]},"properties":{"kamera_kodu":"SG-0155","tur":"kavsak","yon":117,"yol_adi":"Tekstilciler Caddesi","isikli":false,"kol":4,"ilce":"Esenler","mahalle":"Oruçreis Mahallesi","koni_acisi":70,"menzil_m":120}},{"type":"Feature","geometry":{"type":"Point","coordinates":[28.86524,41.051826]},"properties":{"kamera_kodu":"SG-0156","tur":"kavsak","yon":171,"yol_adi":"Çinçindere Caddesi","isikli":false,"kol":3,"ilce":"Esenler","mahalle":"Birlik Mahallesi","koni_acisi":70,"menzil_m":120}},{"type":"Feature","geometry":{"type":"Point","coordinates":[28.898144,41.019023]},"properties":{"kamera_kodu":"SG-0157","tur":"kavsak","yon":260,"yol_adi":"Eski Londra Asfaltı Caddesi","isikli":true,"kol":2,"ilce":"Esenler","mahalle":"Çifte Havuzlar Mahallesi","koni_acisi":70,"menzil_m":120}},{"type":"Feature","geometry":{"type":"Point","coordinates":[28.882453,41.037701]},"properties":{"kamera_kodu":"SG-0158","tur":"meydan","yon":118,"yol_adi":"İstanbul Caddesi","meydan_adi":"Dörtyol Meydanı","ilce":"Esenler","mahalle":"Fevzi Çakmak Mahallesi","koni_acisi":90,"menzil_m":150}},{"type":"Feature","geometry":{"type":"Point","coordinates":[28.876278,41.03247]},"properties":{"kamera_kodu":"SG-0159","tur":"okul","yon":342,"yol_adi":"Çinçindere Caddesi","okul_adi":null,"ilce":"Esenler","mahalle":"Nine Hatun Mahallesi","koni_acisi":60,"menzil_m":80}},{"type":"Feature","geometry":{"type":"Point","coordinates":[28.877103,41.048119]},"properties":{"kamera_kodu":"SG-0160","tur":"okul","yon":155,"yol_adi":"Atışalanı Caddesi","okul_adi":null,"ilce":"Esenler","mahalle":"Birlik Mahallesi","koni_acisi":60,"menzil_m":80}},{"type":"Feature","geometry":{"type":"Point","coordinates":[28.64645,41.017455]},"properties":{"kamera_kodu":"SG-0161","tur":"durak","yon":196,"yol_adi":"Nazım Hikmet Bulvarı","durak_adi":"ESENBAHÇE CAMİİ","durak_turu":"durak","ilce":"Esenyurt","mahalle":"Cumhuriyet Mahallesi","koni_acisi":50,"menzil_m":80}},{"type":"Feature","geometry":{"type":"Point","coordinates":[28.694832,41.041516]},"properties":{"kamera_kodu":"SG-0162","tur":"durak","yon":85,"yol_adi":"Amasyalılar Caddesi","durak_adi":"ARDIÇLI MAHALLESİ","durak_turu":"durak","ilce":"Esenyurt","mahalle":"Balıkyolu Mahallesi","koni_acisi":50,"menzil_m":80}},{"type":"Feature","geometry":{"type":"Point","coordinates":[28.670465,41.009261]},"properties":{"kamera_kodu":"SG-0163","tur":"kavsak","yon":234,"yol_adi":"Mehmet Akif Ersoy Caddesi","isikli":false,"kol":3,"ilce":"Esenyurt","mahalle":"Güzelyurt Mahallesi","koni_acisi":70,"menzil_m":120}},{"type":"Feature","geometry":{"type":"Point","coordinates":[28.633866,41.018575]},"properties":{"kamera_kodu":"SG-0164","tur":"kavsak","yon":83,"yol_adi":"Adnan Kahveci Bulvarı","isikli":false,"kol":3,"ilce":"Esenyurt","mahalle":"Gökevler Mahallesi","koni_acisi":70,"menzil_m":120}},{"type":"Feature","geometry":{"type":"Point","coordinates":[28.621179,41.070318]},"properties":{"kamera_kodu":"SG-0165","tur":"kavsak","yon":19,"yol_adi":"Hadımköy Yolu Caddesi","isikli":true,"kol":2,"ilce":"Esenyurt","mahalle":"Akçaburgaz Mahallesi","koni_acisi":70,"menzil_m":120}},{"type":"Feature","geometry":{"type":"Point","coordinates":[28.664742,41.022584]},"properties":{"kamera_kodu":"SG-0166","tur":"kavsak","yon":254,"yol_adi":"1953. Sokak","isikli":false,"kol":3,"ilce":"Esenyurt","mahalle":"Yeşilkent Mahallesi","koni_acisi":70,"menzil_m":120}},{"type":"Feature","geometry":{"type":"Point","coordinates":[28.672839,41.049985]},"properties":{"kamera_kodu":"SG-0167","tur":"kavsak","yon":60,"yol_adi":"Erzurum Kongre Caddesi","isikli":true,"kol":2,"ilce":"Esenyurt","mahalle":"Örnek Mahallesi","koni_acisi":70,"menzil_m":120}},{"type":"Feature","geometry":{"type":"Point","coordinates":[28.683753,41.028195]},"properties":{"kamera_kodu":"SG-0168","tur":"kavsak","yon":338,"yol_adi":"Doğan Araslı Bulvarı","isikli":true,"kol":2,"ilce":"Esenyurt","mahalle":"Sultaniye Mahallesi","koni_acisi":70,"menzil_m":120}},{"type":"Feature","geometry":{"type":"Point","coordinates":[28.679626,41.034574]},"properties":{"kamera_kodu":"SG-0169","tur":"meydan","yon":161,"yol_adi":"Doğan Araslı Bulvarı","meydan_adi":"Esenyurt Meydanı","ilce":"Esenyurt","mahalle":"Merkez Mahallesi","koni_acisi":90,"menzil_m":150}},{"type":"Feature","geometry":{"type":"Point","coordinates":[28.681257,41.032575]},"properties":{"kamera_kodu":"SG-0170","tur":"okul","yon":333,"yol_adi":"Doğan Araslı Bulvarı","okul_adi":null,"ilce":"Esenyurt","mahalle":"Sultaniye Mahallesi","koni_acisi":60,"menzil_m":80}},{"type":"Feature","geometry":{"type":"Point","coordinates":[28.648184,41.014746]},"properties":{"kamera_kodu":"SG-0171","tur":"okul","yon":28,"yol_adi":"Molla Gürani Caddesi","okul_adi":"Beylikdüzü Okyanus Koleji","ilce":"Esenyurt","mahalle":"Mevlana Mahallesi","koni_acisi":60,"menzil_m":80}},{"type":"Feature","geometry":{"type":"Point","coordinates":[28.662146,41.056999]},"properties":{"kamera_kodu":"SG-0172","tur":"okul","yon":299,"yol_adi":"1654. Sokak","okul_adi":"TED Atakent Koleji","ilce":"Esenyurt","mahalle":"Koza Mahallesi","koni_acisi":60,"menzil_m":80}},{"type":"Feature","geometry":{"type":"Point","coordinates":[28.936225,41.080228]},"properties":{"kamera_kodu":"SG-0173","tur":"durak","yon":92,"yol_adi":"Mustafa Kemal Bulvarı","durak_adi":"Çırçır","durak_turu":"istasyon","ilce":"Eyüpsultan","mahalle":"Çırçır Mahallesi","koni_acisi":50,"menzil_m":80}},{"type":"Feature","geometry":{"type":"Point","coordinates":[28.877229,41.166813]},"properties":{"kamera_kodu":"SG-0174","tur":"durak","yon":204,"yol_adi":"Pirinççi-Kemerburgaz Yolu","durak_adi":"ORMAN YOLU","durak_turu":"durak","ilce":"Eyüpsultan","mahalle":"Göktürk Merkez Mahallesi","koni_acisi":50,"menzil_m":80}},{"type":"Feature","geometry":{"type":"Point","coordinates":[28.928257,41.034181]},"properties":{"kamera_kodu":"SG-0175","tur":"durak","yon":113,"yol_adi":"Edirnekapı Rami Caddesi","durak_adi":"Şehitlik","durak_turu":"istasyon","ilce":"Eyüpsultan","mahalle":"Topçular Mahallesi","koni_acisi":50,"menzil_m":80}},{"type":"Feature","geometry":{"type":"Point","coordinates":[28.859111,41.200947]},"properties":{"kamera_kodu":"SG-0176","tur":"durak","yon":285,"yol_adi":"İstanbul Caddesi","durak_adi":"İBB ATIK TESİSLERİ","durak_turu":"durak","ilce":"Eyüpsultan","mahalle":"Pirinççi Mahallesi","koni_acisi":50,"menzil_m":80}},{"type":"Feature","geometry":{"type":"Point","coordinates":[28.923205,41.037433]},"properties":{"kamera_kodu":"SG-0177","tur":"kavsak","yon":335,"yol_adi":"Rami Kışla Caddesi","isikli":true,"kol":2,"ilce":"Eyüpsultan","mahalle":"Topçular Mahallesi","koni_acisi":70,"menzil_m":120}},{"type":"Feature","geometry":{"type":"Point","coordinates":[28.943058,41.079462]},"properties":{"kamera_kodu":"SG-0178","tur":"kavsak","yon":123,"yol_adi":"Güngören Caddesi","isikli":false,"kol":3,"ilce":"Eyüpsultan","mahalle":"Çırçır Mahallesi","koni_acisi":70,"menzil_m":120}},{"type":"Feature","geometry":{"type":"Point","coordinates":[28.910041,41.161227]},"properties":{"kamera_kodu":"SG-0179","tur":"kavsak","yon":20,"yol_adi":"Selanik Bulvarı","isikli":false,"kol":3,"ilce":"Eyüpsultan","mahalle":"Mithatpaşa Mahallesi","koni_acisi":70,"menzil_m":120}},{"type":"Feature","geometry":{"type":"Point","coordinates":[28.796177,41.230926]},"properties":{"kamera_kodu":"SG-0180","tur":"kavsak","yon":100,"yol_adi":"Mavigöl Caddesi","isikli":false,"kol":3,"ilce":"Eyüpsultan","mahalle":"İhsaniye Mahallesi","koni_acisi":70,"menzil_m":120}},{"type":"Feature","geometry":{"type":"Point","coordinates":[28.871214,41.189924]},"properties":{"kamera_kodu":"SG-0181","tur":"kavsak","yon":314,"yol_adi":"İstanbul Caddesi","isikli":false,"kol":3,"ilce":"Eyüpsultan","mahalle":"Göktürk Merkez Mahallesi","koni_acisi":70,"menzil_m":120}},{"type":"Feature","geometry":{"type":"Point","coordinates":[28.825941,41.13562]},"properties":{"kamera_kodu":"SG-0182","tur":"kavsak","yon":257,"yol_adi":"Eski Edirne Asfaltı Caddesi","isikli":false,"kol":3,"ilce":"Eyüpsultan","mahalle":"Pirinççi Mahallesi","koni_acisi":70,"menzil_m":120}},{"type":"Feature","geometry":{"type":"Point","coordinates":[28.850729,41.164102]},"properties":{"kamera_kodu":"SG-0183","tur":"meydan","yon":92,"yol_adi":"Pirinççi Köy Yolu Sokağı","meydan_adi":"Pirinççi Camii Avlusu","ilce":"Eyüpsultan","mahalle":"Pirinççi Mahallesi","koni_acisi":90,"menzil_m":150}},{"type":"Feature","geometry":{"type":"Point","coordinates":[28.916431,41.052461]},"properties":{"kamera_kodu":"SG-0184","tur":"okul","yon":319,"yol_adi":"Reşadiye Caddesi","okul_adi":"Rami Atatürk Anadolu Lisesi","ilce":"Eyüpsultan","mahalle":"Rami Yeni Mahallesi","koni_acisi":60,"menzil_m":80}},{"type":"Feature","geometry":{"type":"Point","coordinates":[28.937856,41.089213]},"properties":{"kamera_kodu":"SG-0185","tur":"okul","yon":287,"yol_adi":"Fatih Sultan Mehmet Bulvarı","okul_adi":"Eyüpsultan Hacı Osman Torun Anadolu İmam Hatip Lisesi","ilce":"Eyüpsultan","mahalle":"5. Levent Mahallesi","koni_acisi":60,"menzil_m":80}},{"type":"Feature","geometry":{"type":"Point","coordinates":[28.91465,41.157105]},"properties":{"kamera_kodu":"SG-0186","tur":"okul","yon":327,"yol_adi":"Abdulhamit Han Caddesi","okul_adi":"Ragıp Kutmangil İlkokulu","ilce":"Eyüpsultan","mahalle":"Mithatpaşa Mahallesi","koni_acisi":60,"menzil_m":80}},{"type":"Feature","geometry":{"type":"Point","coordinates":[28.96031,41.024238]},"properties":{"kamera_kodu":"SG-0187","tur":"durak","yon":146,"yol_adi":"Kadir Has Caddesi","durak_adi":"Cibali","durak_turu":"istasyon","ilce":"Fatih","mahalle":"Cibali Mahallesi","koni_acisi":50,"menzil_m":80}},{"type":"Feature","geometry":{"type":"Point","coordinates":[28.944297,41.010708]},"properties":{"kamera_kodu":"SG-0188","tur":"durak","yon":108,"yol_adi":"Turgut Özal Millet Caddesi","durak_adi":"Haseki","durak_turu":"istasyon","ilce":"Fatih","mahalle":"Molla Gürani Mahallesi","koni_acisi":50,"menzil_m":80}},{"type":"Feature","geometry":{"type":"Point","coordinates":[28.943949,41.039562]},"properties":{"kamera_kodu":"SG-0189","tur":"durak","yon":124,"yol_adi":"Ayvansaray Caddesi","durak_adi":"Ayvansaray","durak_turu":"istasyon","ilce":"Fatih","mahalle":"Ayvansaray Mahallesi","koni_acisi":50,"menzil_m":80}},{"type":"Feature","geometry":{"type":"Point","coordinates":[28.975894,41.015179]},"properties":{"kamera_kodu":"SG-0190","tur":"durak","yon":25,"yol_adi":"Ankara Caddesi","durak_adi":"Sirkeci","durak_turu":"istasyon","ilce":"Fatih","mahalle":"Hocapaşa Mahallesi","koni_acisi":50,"menzil_m":80}},{"type":"Feature","geometry":{"type":"Point","coordinates":[28.964359,41.01974]},"properties":{"kamera_kodu":"SG-0191","tur":"kavsak","yon":129,"yol_adi":"Ragıp Gümüşpala Caddesi","isikli":true,"kol":2,"ilce":"Fatih","mahalle":"Yavuz Sinan Mahallesi","koni_acisi":70,"menzil_m":120}},{"type":"Feature","geometry":{"type":"Point","coordinates":[28.943746,41.021649]},"properties":{"kamera_kodu":"SG-0192","tur":"kavsak","yon":241,"yol_adi":"Mütercim Asım Caddesi","isikli":true,"kol":2,"ilce":"Fatih","mahalle":"Hırka-i Şerif Mahallesi","koni_acisi":70,"menzil_m":120}},{"type":"Feature","geometry":{"type":"Point","coordinates":[28.936236,41.004472]},"properties":{"kamera_kodu":"SG-0193","tur":"kavsak","yon":353,"yol_adi":"Kızılelma Caddesi","isikli":false,"kol":4,"ilce":"Fatih","mahalle":"Cerrahpaşa Mahallesi","koni_acisi":70,"menzil_m":120}},{"type":"Feature","geometry":{"type":"Point","coordinates":[28.951443,41.009711]},"properties":{"kamera_kodu":"SG-0194","tur":"kavsak","yon":93,"yol_adi":"Turgut Özal Millet Caddesi","isikli":false,"kol":3,"ilce":"Fatih","mahalle":"İskenderpaşa Mahallesi","koni_acisi":70,"menzil_m":120}},{"type":"Feature","geometry":{"type":"Point","coordinates":[28.939377,41.024923]},"properties":{"kamera_kodu":"SG-0195","tur":"meydan","yon":145,"yol_adi":"Fevzipaşa Caddesi","meydan_adi":"Karagümrük Meydanı","ilce":"Fatih","mahalle":"Hırka-i Şerif Mahallesi","koni_acisi":90,"menzil_m":150}},{"type":"Feature","geometry":{"type":"Point","coordinates":[28.98231,41.016788]},"properties":{"kamera_kodu":"SG-0196","tur":"meydan","yon":258,"yol_adi":"Kennedy Caddesi","meydan_adi":null,"ilce":"Fatih","mahalle":"Hocapaşa Mahallesi","koni_acisi":90,"menzil_m":150}},{"type":"Feature","geometry":{"type":"Point","coordinates":[28.963601,41.016443]},"properties":{"kamera_kodu":"SG-0197","tur":"meydan","yon":94,"yol_adi":"Süleymaniye Caddesi","meydan_adi":null,"ilce":"Fatih","mahalle":"Süleymaniye Mahallesi","koni_acisi":90,"menzil_m":150}},{"type":"Feature","geometry":{"type":"Point","coordinates":[28.931466,40.995497]},"properties":{"kamera_kodu":"SG-0198","tur":"okul","yon":220,"yol_adi":"Kennedy Caddesi","okul_adi":"Ali Suavi İlköğretim Okulu","ilce":"Fatih","mahalle":"Koca Mustafapaşa Mahallesi","koni_acisi":60,"menzil_m":80}},{"type":"Feature","geometry":{"type":"Point","coordinates":[28.943466,41.021511]},"properties":{"kamera_kodu":"SG-0199","tur":"okul","yon":221,"yol_adi":"Mütercim Asım Caddesi","okul_adi":"Hırkai Şerif Ortaokulu","ilce":"Fatih","mahalle":"Hırka-i Şerif Mahallesi","koni_acisi":60,"menzil_m":80}},{"type":"Feature","geometry":{"type":"Point","coordinates":[28.928014,41.017705]},"properties":{"kamera_kodu":"SG-0200","tur":"okul","yon":123,"yol_adi":"Turgut Özal Millet Caddesi","okul_adi":"Atatürk Mesleki ve Teknik Anadolu Lisesi","ilce":"Fatih","mahalle":"Mevlanakapı Mahallesi","koni_acisi":60,"menzil_m":80}},{"type":"Feature","geometry":{"type":"Point","coordinates":[28.908975,41.064615]},"properties":{"kamera_kodu":"SG-0201","tur":"durak","yon":154,"yol_adi":"Küçükköy Caddesi","durak_adi":"BAĞLAR CADDESİ-ŞEHİT ANIL KAAN AYBEK","durak_turu":"durak","ilce":"Gaziosmanpaşa","mahalle":"Merkez Mahallesi","koni_acisi":50,"menzil_m":80}},{"type":"Feature","geometry":{"type":"Point","coordinates":[28.881634,41.080194]},"properties":{"kamera_kodu":"SG-0202","tur":"durak","yon":213,"yol_adi":"Mehmet Akif Caddesi","durak_adi":"ŞEHİT GÖKHAN TOPÇU","durak_turu":"durak","ilce":"Gaziosmanpaşa","mahalle":"Karadeniz Mahallesi","koni_acisi":50,"menzil_m":80}},{"type":"Feature","geometry":{"type":"Point","coordinates":[28.90224,41.081236]},"properties":{"kamera_kodu":"SG-0203","tur":"durak","yon":348,"yol_adi":"Galeri Caddesi","durak_adi":"YENİ EVLER","durak_turu":"durak","ilce":"Gaziosmanpaşa","mahalle":"Yeni Mahalle Mahallesi","koni_acisi":50,"menzil_m":80}},{"type":"Feature","geometry":{"type":"Point","coordinates":[28.908199,41.067067]},"properties":{"kamera_kodu":"SG-0204","tur":"kavsak","yon":348,"yol_adi":"Küçükköy Caddesi","isikli":true,"kol":2,"ilce":"Gaziosmanpaşa","mahalle":"Şemsipaşa Mahallesi","koni_acisi":70,"menzil_m":120}},{"type":"Feature","geometry":{"type":"Point","coordinates":[28.882659,41.075196]},"properties":{"kamera_kodu":"SG-0205","tur":"kavsak","yon":296,"yol_adi":"Eski Edirne Asfaltı","isikli":false,"kol":3,"ilce":"Gaziosmanpaşa","mahalle":"Karadeniz Mahallesi","koni_acisi":70,"menzil_m":120}},{"type":"Feature","geometry":{"type":"Point","coordinates":[28.88703,41.088674]},"properties":{"kamera_kodu":"SG-0206","tur":"kavsak","yon":142,"yol_adi":"Cebeci Caddesi","isikli":false,"kol":3,"ilce":"Gaziosmanpaşa","mahalle":"Karadeniz Mahallesi","koni_acisi":70,"menzil_m":120}},{"type":"Feature","geometry":{"type":"Point","coordinates":[28.919483,41.065188]},"properties":{"kamera_kodu":"SG-0207","tur":"kavsak","yon":116,"yol_adi":"Hamam Caddesi","isikli":false,"kol":3,"ilce":"Gaziosmanpaşa","mahalle":"Sarıgöl Mahallesi","koni_acisi":70,"menzil_m":120}},{"type":"Feature","geometry":{"type":"Point","coordinates":[28.913066,41.058068]},"properties":{"kamera_kodu":"SG-0208","tur":"meydan","yon":241,"yol_adi":"Cumhuriyet Meydanı","meydan_adi":"Gaziosmanpaşa Meydanı","ilce":"Gaziosmanpaşa","mahalle":"Merkez Mahallesi","koni_acisi":90,"menzil_m":150}},{"type":"Feature","geometry":{"type":"Point","coordinates":[28.913413,41.072848]},"properties":{"kamera_kodu":"SG-0209","tur":"okul","yon":169,"yol_adi":"Kemal Şeker Bulvarı","okul_adi":"Şehit Gökhan Topçu Anadolu Lisesi","ilce":"Gaziosmanpaşa","mahalle":"Fevzi Çakmak Mahallesi","koni_acisi":60,"menzil_m":80}},{"type":"Feature","geometry":{"type":"Point","coordinates":[28.911579,41.061216]},"properties":{"kamera_kodu":"SG-0210","tur":"okul","yon":327,"yol_adi":"Küçükköy Caddesi","okul_adi":"Dobruca Ortaokulu","ilce":"Gaziosmanpaşa","mahalle":"Merkez Mahallesi","koni_acisi":60,"menzil_m":80}},{"type":"Feature","geometry":{"type":"Point","coordinates":[28.860805,41.029035]},"properties":{"kamera_kodu":"SG-0211","tur":"durak","yon":343,"yol_adi":"Necip Fazıl Kısakürek Caddesi","durak_adi":"GÜNEŞTEPE MAHALLESİ","durak_turu":"durak","ilce":"Güngören","mahalle":"Güneştepe Mahallesi","koni_acisi":50,"menzil_m":80}},{"type":"Feature","geometry":{"type":"Point","coordinates":[28.877513,41.015209]},"properties":{"kamera_kodu":"SG-0212","tur":"durak","yon":317,"yol_adi":"Karadeniz Caddesi","durak_adi":"Güngören","durak_turu":"istasyon","ilce":"Güngören","mahalle":"Güven Mahallesi","koni_acisi":50,"menzil_m":80}},{"type":"Feature","geometry":{"type":"Point","coordinates":[28.894482,41.006856]},"properties":{"kamera_kodu":"SG-0213","tur":"kavsak","yon":225,"yol_adi":"General Ali Rıza Gürcan Caddesi","isikli":true,"kol":2,"ilce":"Güngören","mahalle":"Abdurrahman Nafiz Gürman Mahallesi","koni_acisi":70,"menzil_m":120}},{"type":"Feature","geometry":{"type":"Point","coordinates":[28.89085,41.013466]},"properties":{"kamera_kodu":"SG-0214","tur":"kavsak","yon":348,"yol_adi":"Nadide Caddesi","isikli":false,"kol":3,"ilce":"Güngören","mahalle":"Mehmet Nesih Özmen Mahallesi","koni_acisi":70,"menzil_m":120}},{"type":"Feature","geometry":{"type":"Point","coordinates":[28.878178,41.027763]},"properties":{"kamera_kodu":"SG-0215","tur":"kavsak","yon":333,"yol_adi":"Çinçindere Caddesi","isikli":true,"kol":2,"ilce":"Güngören","mahalle":"Gençosman Mahallesi","koni_acisi":70,"menzil_m":120}},{"type":"Feature","geometry":{"type":"Point","coordinates":[28.879068,41.022193]},"properties":{"kamera_kodu":"SG-0216","tur":"okul","yon":178,"yol_adi":"Çinçindere Caddesi","okul_adi":null,"ilce":"Güngören","mahalle":"Merkez Mahallesi","koni_acisi":60,"menzil_m":80}},{"type":"Feature","geometry":{"type":"Point","coordinates":[28.890805,41.013298]},"properties":{"kamera_kodu":"SG-0217","tur":"okul","yon":191,"yol_adi":"Nadide Caddesi","okul_adi":"İSMEK İklimlendirme Okulu","ilce":"Güngören","mahalle":"Mehmet Nesih Özmen Mahallesi","koni_acisi":60,"menzil_m":80}},{"type":"Feature","geometry":{"type":"Point","coordinates":[29.101236,40.957894]},"properties":{"kamera_kodu":"SG-0218","tur":"durak","yon":10,"yol_adi":"Mehmet Şevki Paşa Caddesi","durak_adi":"KONAK SOKAK","durak_turu":"durak","ilce":"Kadıköy","mahalle":"Bostancı Mahallesi","koni_acisi":50,"menzil_m":80}},{"type":"Feature","geometry":{"type":"Point","coordinates":[29.084729,40.979718]},"properties":{"kamera_kodu":"SG-0219","tur":"durak","yon":262,"yol_adi":"İnönü Caddesi","durak_adi":"SİNAN SOKAK","durak_turu":"durak","ilce":"Kadıköy","mahalle":"Sahrayıcedit Mahallesi","koni_acisi":50,"menzil_m":80}},{"type":"Feature","geometry":{"type":"Point","coordinates":[29.036299,40.99712]},"properties":{"kamera_kodu":"SG-0220","tur":"durak","yon":34,"yol_adi":"Acıbadem Caddesi","durak_adi":"GÜREŞÇİ YAŞAR YILMAZ","durak_turu":"durak","ilce":"Kadıköy","mahalle":"Acıbadem Mahallesi","koni_acisi":50,"menzil_m":80}},{"type":"Feature","geometry":{"type":"Point","coordinates":[29.023484,40.990876]},"properties":{"kamera_kodu":"SG-0221","tur":"durak","yon":211,"yol_adi":"Rıhtım Caddesi","durak_adi":"İskele","durak_turu":"istasyon","ilce":"Kadıköy","mahalle":"Caferağa Mahallesi","koni_acisi":50,"menzil_m":80}},{"type":"Feature","geometry":{"type":"Point","coordinates":[29.048323,40.973667]},"properties":{"kamera_kodu":"SG-0222","tur":"kavsak","yon":124,"yol_adi":"Operatör Cemil Topuzlu Caddesi","isikli":true,"kol":2,"ilce":"Kadıköy","mahalle":"Fenerbahçe Mahallesi","koni_acisi":70,"menzil_m":120}},{"type":"Feature","geometry":{"type":"Point","coordinates":[29.097233,40.957427]},"properties":{"kamera_kodu":"SG-0223","tur":"kavsak","yon":301,"yol_adi":"Emin Ali Paşa Caddesi","isikli":false,"kol":4,"ilce":"Kadıköy","mahalle":"Bostancı Mahallesi","koni_acisi":70,"menzil_m":120}},{"type":"Feature","geometry":{"type":"Point","coordinates":[29.072428,40.958975]},"properties":{"kamera_kodu":"SG-0224","tur":"kavsak","yon":141,"yol_adi":"Çetin Emeç Bulvarı","isikli":true,"kol":2,"ilce":"Kadıköy","mahalle":"Suadiye Mahallesi","koni_acisi":70,"menzil_m":120}},{"type":"Feature","geometry":{"type":"Point","coordinates":[29.042696,40.995139]},"properties":{"kamera_kodu":"SG-0225","tur":"kavsak","yon":124,"yol_adi":"Hızırbey Caddesi","isikli":false,"kol":3,"ilce":"Kadıköy","mahalle":"Hasanpaşa Mahallesi","koni_acisi":70,"menzil_m":120}},{"type":"Feature","geometry":{"type":"Point","coordinates":[29.068093,40.990405]},"properties":{"kamera_kodu":"SG-0226","tur":"kavsak","yon":270,"yol_adi":"Prestij Caddesi","isikli":false,"kol":3,"ilce":"Kadıköy","mahalle":"Merdivenköy Mahallesi","koni_acisi":70,"menzil_m":120}},{"type":"Feature","geometry":{"type":"Point","coordinates":[29.057363,40.98136]},"properties":{"kamera_kodu":"SG-0227","tur":"kavsak","yon":229,"yol_adi":"Mustafa Mazhar Bey Caddesi","isikli":false,"kol":3,"ilce":"Kadıköy","mahalle":"Göztepe Mahallesi","koni_acisi":70,"menzil_m":120}},{"type":"Feature","geometry":{"type":"Point","coordinates":[29.021595,40.991247]},"properties":{"kamera_kodu":"SG-0228","tur":"meydan","yon":240,"yol_adi":"Ara yol","meydan_adi":"Rıhtım Meydanı","ilce":"Kadıköy","mahalle":"Caferağa Mahallesi","koni_acisi":90,"menzil_m":150}},{"type":"Feature","geometry":{"type":"Point","coordinates":[29.095709,40.955911]},"properties":{"kamera_kodu":"SG-0229","tur":"okul","yon":36,"yol_adi":"Prof. Dr. Ali Nihat Tarlan Caddesi","okul_adi":"Hayrullah Kefoğlu Anadolu Lisesi","ilce":"Kadıköy","mahalle":"Bostancı Mahallesi","koni_acisi":60,"menzil_m":80}},{"type":"Feature","geometry":{"type":"Point","coordinates":[29.091708,40.975199]},"properties":{"kamera_kodu":"SG-0230","tur":"okul","yon":109,"yol_adi":"Bayar Caddesi","okul_adi":"30 Ağustos İlkokulu","ilce":"Kadıköy","mahalle":"19 Mayıs Mahallesi","koni_acisi":60,"menzil_m":80}},{"type":"Feature","geometry":{"type":"Point","coordinates":[29.04561,40.995984]},"properties":{"kamera_kodu":"SG-0231","tur":"okul","yon":68,"yol_adi":"Uzunçayır Caddesi","okul_adi":"Kadıköy Bil Koleji","ilce":"Kadıköy","mahalle":"Hasanpaşa Mahallesi","koni_acisi":60,"menzil_m":80}},{"type":"Feature","geometry":{"type":"Point","coordinates":[28.988867,41.083105]},"properties":{"kamera_kodu":"SG-0232","tur":"durak","yon":330,"yol_adi":"Talatpaşa Caddesi","durak_adi":"YAHYA KEMAL YOKUŞU-ŞEHİT MEHMET ALİ KILIÇ","durak_turu":"durak","ilce":"Kâğıthane","mahalle":"Yahya Kemal Mahallesi","koni_acisi":50,"menzil_m":80}},{"type":"Feature","geometry":{"type":"Point","coordinates":[28.973301,41.079564]},"properties":{"kamera_kodu":"SG-0233","tur":"durak","yon":64,"yol_adi":"Cendere Caddesi","durak_adi":"Kağıthane","durak_turu":"istasyon","ilce":"Kâğıthane","mahalle":"Çağlayan Mahallesi","koni_acisi":50,"menzil_m":80}},{"type":"Feature","geometry":{"type":"Point","coordinates":[28.963698,41.072901]},"properties":{"kamera_kodu":"SG-0234","tur":"kavsak","yon":36,"yol_adi":"Eyüp Sultan Caddesi","isikli":false,"kol":3,"ilce":"Kâğıthane","mahalle":"Merkez Mahallesi","koni_acisi":70,"menzil_m":120}},{"type":"Feature","geometry":{"type":"Point","coordinates":[29.001401,41.074852]},"properties":{"kamera_kodu":"SG-0235","tur":"kavsak","yon":63,"yol_adi":"Dereboyu Caddesi","isikli":false,"kol":3,"ilce":"Kâğıthane","mahalle":"Ortabayır Mahallesi","koni_acisi":70,"menzil_m":120}},{"type":"Feature","geometry":{"type":"Point","coordinates":[28.973939,41.077078]},"properties":{"kamera_kodu":"SG-0236","tur":"kavsak","yon":277,"yol_adi":"Kağıthane Caddesi","isikli":false,"kol":3,"ilce":"Kâğıthane","mahalle":"Merkez Mahallesi","koni_acisi":70,"menzil_m":120}},{"type":"Feature","geometry":{"type":"Point","coordinates":[28.984531,41.076769]},"properties":{"kamera_kodu":"SG-0237","tur":"kavsak","yon":76,"yol_adi":"15 Temmuz Şehitler Caddesi","isikli":false,"kol":3,"ilce":"Kâğıthane","mahalle":"Hürriyet Mahallesi","koni_acisi":70,"menzil_m":120}},{"type":"Feature","geometry":{"type":"Point","coordinates":[28.982109,41.087628]},"properties":{"kamera_kodu":"SG-0238","tur":"kavsak","yon":223,"yol_adi":"Cendere Caddesi","isikli":false,"kol":3,"ilce":"Kâğıthane","mahalle":"Hamidiye Mahallesi","koni_acisi":70,"menzil_m":120}},{"type":"Feature","geometry":{"type":"Point","coordinates":[28.971619,41.08035]},"properties":{"kamera_kodu":"SG-0239","tur":"meydan","yon":265,"yol_adi":"Eyüp Sultan Caddesi","meydan_adi":"Kağıthane Meydanı","ilce":"Kâğıthane","mahalle":"Merkez Mahallesi","koni_acisi":90,"menzil_m":150}},{"type":"Feature","geometry":{"type":"Point","coordinates":[28.994111,41.079977]},"properties":{"kamera_kodu":"SG-0240","tur":"okul","yon":133,"yol_adi":"Talatpaşa Caddesi","okul_adi":"Gültepe İmam Hatip Ortaokulu","ilce":"Kâğıthane","mahalle":"Gültepe Mahallesi","koni_acisi":60,"menzil_m":80}},{"type":"Feature","geometry":{"type":"Point","coordinates":[29.001799,41.090684]},"properties":{"kamera_kodu":"SG-0241","tur":"okul","yon":274,"yol_adi":"Sultan Selim Caddesi","okul_adi":"Yaşar Doğu İlköğretim Okulu","ilce":"Kâğıthane","mahalle":"Sultan Selim Mahallesi","koni_acisi":60,"menzil_m":80}},{"type":"Feature","geometry":{"type":"Point","coordinates":[29.230832,40.912133]},"properties":{"kamera_kodu":"SG-0242","tur":"durak","yon":280,"yol_adi":"Vatansever Caddesi","durak_adi":"LİDER SOKAK","durak_turu":"durak","ilce":"Kartal","mahalle":"Yakacık Çarşı Mahallesi","koni_acisi":50,"menzil_m":80}},{"type":"Feature","geometry":{"type":"Point","coordinates":[29.18054,40.886068]},"properties":{"kamera_kodu":"SG-0243","tur":"durak","yon":107,"yol_adi":"Turgut Özal Bulvarı","durak_adi":"ADNAN KAHVECİ","durak_turu":"durak","ilce":"Kartal","mahalle":"Kordonboyu Mahallesi","koni_acisi":50,"menzil_m":80}},{"type":"Feature","geometry":{"type":"Point","coordinates":[29.178772,40.91617]},"properties":{"kamera_kodu":"SG-0244","tur":"durak","yon":292,"yol_adi":"Ankara Asfaltı Yanyolu","durak_adi":"Hastane - Adliye","durak_turu":"istasyon","ilce":"Kartal","mahalle":"Cevizli Mahallesi","koni_acisi":50,"menzil_m":80}},{"type":"Feature","geometry":{"type":"Point","coordinates":[29.215417,40.926929]},"properties":{"kamera_kodu":"SG-0245","tur":"kavsak","yon":64,"yol_adi":"Şehit Aydın Çelik Caddesi","isikli":false,"kol":3,"ilce":"Kartal","mahalle":"Uğur Mumcu Mahallesi","koni_acisi":70,"menzil_m":120}},{"type":"Feature","geometry":{"type":"Point","coordinates":[29.225785,40.907646]},"properties":{"kamera_kodu":"SG-0246","tur":"kavsak","yon":155,"yol_adi":"Adnan Kahveci Caddesi","isikli":true,"kol":2,"ilce":"Kartal","mahalle":"Cumhuriyet Mahallesi","koni_acisi":70,"menzil_m":120}},{"type":"Feature","geometry":{"type":"Point","coordinates":[29.215807,40.878555]},"properties":{"kamera_kodu":"SG-0247","tur":"kavsak","yon":135,"yol_adi":"Turgut Özal Bulvarı","isikli":true,"kol":2,"ilce":"Kartal","mahalle":"Kordonboyu Mahallesi","koni_acisi":70,"menzil_m":120}},{"type":"Feature","geometry":{"type":"Point","coordinates":[29.225484,40.918779]},"properties":{"kamera_kodu":"SG-0248","tur":"meydan","yon":335,"yol_adi":"Samandıra Caddesi","meydan_adi":null,"ilce":"Kartal","mahalle":"Yakacık Çarşı Mahallesi","koni_acisi":90,"menzil_m":150}},{"type":"Feature","geometry":{"type":"Point","coordinates":[29.188379,40.911907]},"properties":{"kamera_kodu":"SG-0249","tur":"okul","yon":45,"yol_adi":"Canakkale Caddesi","okul_adi":"İstanbul Köy Hizmetleri Anadolu Lisesi","ilce":"Kartal","mahalle":"Esentepe Mahallesi","koni_acisi":60,"menzil_m":80}},{"type":"Feature","geometry":{"type":"Point","coordinates":[29.227284,40.897258]},"properties":{"kamera_kodu":"SG-0250","tur":"okul","yon":357,"yol_adi":"Adnan Kahveci Caddesi","okul_adi":"Özel Oran Okulları","ilce":"Kartal","mahalle":"Cumhuriyet Mahallesi","koni_acisi":60,"menzil_m":80}},{"type":"Feature","geometry":{"type":"Point","coordinates":[28.783348,41.062236]},"properties":{"kamera_kodu":"SG-0251","tur":"durak","yon":261,"yol_adi":"O-3 Güney Yanyolu","durak_adi":"KÜÇÜKÇEKMECE TEM YOL","durak_turu":"durak","ilce":"Küçükçekmece","mahalle":"Atakent Mahallesi","koni_acisi":50,"menzil_m":80}},{"type":"Feature","geometry":{"type":"Point","coordinates":[28.758679,41.04401]},"properties":{"kamera_kodu":"SG-0252","tur":"durak","yon":338,"yol_adi":"Cumhuriyet Caddesi","durak_adi":"FATİH CADDESİ","durak_turu":"durak","ilce":"Küçükçekmece","mahalle":"Yarımburgaz Mahallesi","koni_acisi":50,"menzil_m":80}},{"type":"Feature","geometry":{"type":"Point","coordinates":[28.804049,41.02989]},"properties":{"kamera_kodu":"SG-0253","tur":"durak","yon":218,"yol_adi":"Mehmet Akif Ersoy Bulvarı","durak_adi":"FATİH CADDESİ","durak_turu":"durak","ilce":"Küçükçekmece","mahalle":"Halkalı Merkez Mahallesi","koni_acisi":50,"menzil_m":80}},{"type":"Feature","geometry":{"type":"Point","coordinates":[28.785813,41.015181]},"properties":{"kamera_kodu":"SG-0254","tur":"kavsak","yon":145,"yol_adi":"Şehit Erdinç Duran Caddesi","isikli":true,"kol":2,"ilce":"Küçükçekmece","mahalle":"Kanarya Mahallesi","koni_acisi":70,"menzil_m":120}},{"type":"Feature","geometry":{"type":"Point","coordinates":[28.798063,41.038052]},"properties":{"kamera_kodu":"SG-0255","tur":"kavsak","yon":33,"yol_adi":"Mahmutbey Caddesi","isikli":true,"kol":2,"ilce":"Küçükçekmece","mahalle":"Halkalı Merkez Mahallesi","koni_acisi":70,"menzil_m":120}},{"type":"Feature","geometry":{"type":"Point","coordinates":[28.775216,41.061568]},"properties":{"kamera_kodu":"SG-0256","tur":"kavsak","yon":86,"yol_adi":"O-3 Güney Yanyolu","isikli":false,"kol":3,"ilce":"Küçükçekmece","mahalle":"Atakent Mahallesi","koni_acisi":70,"menzil_m":120}},{"type":"Feature","geometry":{"type":"Point","coordinates":[28.803082,41.001447]},"properties":{"kamera_kodu":"SG-0257","tur":"kavsak","yon":145,"yol_adi":"Hayırlı Caddesi","isikli":true,"kol":2,"ilce":"Küçükçekmece","mahalle":"Kartaltepe Mahallesi","koni_acisi":70,"menzil_m":120}},{"type":"Feature","geometry":{"type":"Point","coordinates":[28.767921,40.985789]},"properties":{"kamera_kodu":"SG-0258","tur":"kavsak","yon":262,"yol_adi":"D-100 Güney Yanyolu","isikli":false,"kol":3,"ilce":"Küçükçekmece","mahalle":"Fatih Mahallesi","koni_acisi":70,"menzil_m":120}},{"type":"Feature","geometry":{"type":"Point","coordinates":[28.771265,40.990929]},"properties":{"kamera_kodu":"SG-0259","tur":"meydan","yon":336,"yol_adi":"İnönü Caddesi","meydan_adi":"Küçükçekmece Meydanı","ilce":"Küçükçekmece","mahalle":"Fatih Mahallesi","koni_acisi":90,"menzil_m":150}},{"type":"Feature","geometry":{"type":"Point","coordinates":[28.792313,41.041844]},"properties":{"kamera_kodu":"SG-0260","tur":"okul","yon":134,"yol_adi":"Selçuklu Caddesi","okul_adi":"PAGEV Mesleki ve Teknik Anadolu Lisesi","ilce":"Küçükçekmece","mahalle":"Atakent Mahallesi","koni_acisi":60,"menzil_m":80}},{"type":"Feature","geometry":{"type":"Point","coordinates":[28.778886,40.985235]},"properties":{"kamera_kodu":"SG-0261","tur":"okul","yon":103,"yol_adi":"D-100 Güney Yanyolu","okul_adi":"Küçükçekmece İMKB Mesleki ve Teknik Anadolu Lisesi","ilce":"Küçükçekmece","mahalle":"Cennet Mahallesi","koni_acisi":60,"menzil_m":80}},{"type":"Feature","geometry":{"type":"Point","coordinates":[28.774707,41.053653]},"properties":{"kamera_kodu":"SG-0262","tur":"okul","yon":184,"yol_adi":"4. Cadde","okul_adi":"Ayhan Arı Borsa İstanbul Mesleki ve Teknik Anadolu Lisesi","ilce":"Küçükçekmece","mahalle":"Atakent Mahallesi","koni_acisi":60,"menzil_m":80}},{"type":"Feature","geometry":{"type":"Point","coordinates":[29.139198,40.93528]},"properties":{"kamera_kodu":"SG-0263","tur":"durak","yon":317,"yol_adi":"D100 Karayolu","durak_adi":"MALTEPE KÖPRÜSÜ","durak_turu":"durak","ilce":"Maltepe","mahalle":"Bağlarbaşı Mahallesi","koni_acisi":50,"menzil_m":80}},{"type":"Feature","geometry":{"type":"Point","coordinates":[29.21472,40.95249]},"properties":{"kamera_kodu":"SG-0264","tur":"durak","yon":335,"yol_adi":"Bakkalköy Caddesi","durak_adi":"NİZAMİYE","durak_turu":"durak","ilce":"Maltepe","mahalle":"Büyükbakkalköy Mahallesi","koni_acisi":50,"menzil_m":80}},{"type":"Feature","geometry":{"type":"Point","coordinates":[29.198782,40.96847]},"properties":{"kamera_kodu":"SG-0265","tur":"durak","yon":60,"yol_adi":"Ferhatpaşa Yolu Caddesi","durak_adi":"İSMET KURALKAN İLKOKULU","durak_turu":"durak","ilce":"Maltepe","mahalle":"Büyükbakkalköy Mahallesi","koni_acisi":50,"menzil_m":80}},{"type":"Feature","geometry":{"type":"Point","coordinates":[29.214506,40.953019]},"properties":{"kamera_kodu":"SG-0266","tur":"kavsak","yon":332,"yol_adi":"Bakkalköy Caddesi","isikli":false,"kol":3,"ilce":"Maltepe","mahalle":"Büyükbakkalköy Mahallesi","koni_acisi":70,"menzil_m":120}},{"type":"Feature","geometry":{"type":"Point","coordinates":[29.145962,40.95889]},"properties":{"kamera_kodu":"SG-0267","tur":"kavsak","yon":98,"yol_adi":"Mezarlık Caddesi","isikli":false,"kol":3,"ilce":"Maltepe","mahalle":"Başıbüyük Mahallesi","koni_acisi":70,"menzil_m":120}},{"type":"Feature","geometry":{"type":"Point","coordinates":[29.114635,40.935941]},"properties":{"kamera_kodu":"SG-0268","tur":"kavsak","yon":328,"yol_adi":"Turgut Özal Bulvarı","isikli":true,"kol":2,"ilce":"Maltepe","mahalle":"İdealtepe Mahallesi","koni_acisi":70,"menzil_m":120}},{"type":"Feature","geometry":{"type":"Point","coordinates":[29.195992,40.969747]},"properties":{"kamera_kodu":"SG-0269","tur":"kavsak","yon":226,"yol_adi":"Büyükbakkalköy Yolu","isikli":false,"kol":3,"ilce":"Maltepe","mahalle":"Büyükbakkalköy Mahallesi","koni_acisi":70,"menzil_m":120}},{"type":"Feature","geometry":{"type":"Point","coordinates":[29.133014,40.923591]},"properties":{"kamera_kodu":"SG-0270","tur":"meydan","yon":131,"yol_adi":"Bağdat Caddesi","meydan_adi":"Maltepe Cumhuriyet Meydanı","ilce":"Maltepe","mahalle":"Bağlarbaşı Mahallesi","koni_acisi":90,"menzil_m":150}},{"type":"Feature","geometry":{"type":"Point","coordinates":[29.10062,40.948543]},"properties":{"kamera_kodu":"SG-0271","tur":"okul","yon":332,"yol_adi":"Turgut Özal Bulvarı","okul_adi":"Kadir Has İlköğretim Okulu","ilce":"Maltepe","mahalle":"Küçükyalı Merkez Mahallesi","koni_acisi":60,"menzil_m":80}},{"type":"Feature","geometry":{"type":"Point","coordinates":[29.132252,40.920307]},"properties":{"kamera_kodu":"SG-0272","tur":"okul","yon":29,"yol_adi":"Şehit Nedim Özpolat Sokağı","okul_adi":"Ataköseoğlu İlkokulu","ilce":"Maltepe","mahalle":"Yalı Mahallesi","koni_acisi":60,"menzil_m":80}},{"type":"Feature","geometry":{"type":"Point","coordinates":[29.133546,40.940549]},"properties":{"kamera_kodu":"SG-0273","tur":"okul","yon":317,"yol_adi":"Kuzey Yanyol","okul_adi":"Atilla Uras Anadolu Lisesi","ilce":"Maltepe","mahalle":"Girne Mahallesi","koni_acisi":60,"menzil_m":80}},{"type":"Feature","geometry":{"type":"Point","coordinates":[29.2218,40.878902]},"properties":{"kamera_kodu":"SG-0274","tur":"durak","yon":118,"yol_adi":"Erol Kaya Caddesi","durak_adi":"PENDİK ANADOLU LİSESİ","durak_turu":"durak","ilce":"Pendik","mahalle":"Batı Mahallesi","koni_acisi":50,"menzil_m":80}},{"type":"Feature","geometry":{"type":"Point","coordinates":[29.273364,40.860977]},"properties":{"kamera_kodu":"SG-0275","tur":"durak","yon":183,"yol_adi":"Sahil Bulvarı","durak_adi":"Tersane","durak_turu":"istasyon","ilce":"Pendik","mahalle":"Güzelyalı Mahallesi","koni_acisi":50,"menzil_m":80}},{"type":"Feature","geometry":{"type":"Point","coordinates":[29.377771,40.982599]},"properties":{"kamera_kodu":"SG-0276","tur":"durak","yon":98,"yol_adi":"Aydın Sokak","durak_adi":"KURTDOĞMUŞ YOLU","durak_turu":"durak","ilce":"Pendik","mahalle":"Ballıca Mahallesi","koni_acisi":50,"menzil_m":80}},{"type":"Feature","geometry":{"type":"Point","coordinates":[29.265589,40.872422]},"properties":{"kamera_kodu":"SG-0277","tur":"kavsak","yon":150,"yol_adi":"Atlas Sokak","isikli":true,"kol":3,"ilce":"Pendik","mahalle":"Kaynarca Mahallesi","koni_acisi":70,"menzil_m":120}},{"type":"Feature","geometry":{"type":"Point","coordinates":[29.235394,40.883905]},"properties":{"kamera_kodu":"SG-0278","tur":"kavsak","yon":204,"yol_adi":"Adnan Menderes Bulvarı","isikli":false,"kol":3,"ilce":"Pendik","mahalle":"Bahçelievler Mahallesi","koni_acisi":70,"menzil_m":120}},{"type":"Feature","geometry":{"type":"Point","coordinates":[29.3101,40.926982]},"properties":{"kamera_kodu":"SG-0279","tur":"kavsak","yon":121,"yol_adi":"Osmanlı Bulvarı","isikli":false,"kol":3,"ilce":"Pendik","mahalle":"Yenişehir Mahallesi","koni_acisi":70,"menzil_m":120}},{"type":"Feature","geometry":{"type":"Point","coordinates":[29.25326,40.906542]},"properties":{"kamera_kodu":"SG-0280","tur":"kavsak","yon":178,"yol_adi":"Yakacık Caddesi","isikli":false,"kol":3,"ilce":"Pendik","mahalle":"Velibaba Mahallesi","koni_acisi":70,"menzil_m":120}},{"type":"Feature","geometry":{"type":"Point","coordinates":[29.3078,41.000173]},"properties":{"kamera_kodu":"SG-0281","tur":"kavsak","yon":264,"yol_adi":"Kurnaköy-Ömerli Yolu","isikli":false,"kol":4,"ilce":"Pendik","mahalle":"Kurtdoğmuş Mahallesi","koni_acisi":70,"menzil_m":120}},{"type":"Feature","geometry":{"type":"Point","coordinates":[29.273119,40.93004]},"properties":{"kamera_kodu":"SG-0282","tur":"kavsak","yon":5,"yol_adi":"Semerkant Bulvarı","isikli":false,"kol":3,"ilce":"Pendik","mahalle":"Çamlık Mahallesi","koni_acisi":70,"menzil_m":120}},{"type":"Feature","geometry":{"type":"Point","coordinates":[29.23523,40.876087]},"properties":{"kamera_kodu":"SG-0283","tur":"meydan","yon":255,"yol_adi":"Sahil Bulvarı","meydan_adi":"Pendik Sahil Meydanı","ilce":"Pendik","mahalle":"Batı Mahallesi","koni_acisi":90,"menzil_m":150}},{"type":"Feature","geometry":{"type":"Point","coordinates":[29.265362,40.919315]},"properties":{"kamera_kodu":"SG-0284","tur":"okul","yon":258,"yol_adi":"Aydos Caddesi","okul_adi":"Ercan Görür İlkokulu","ilce":"Pendik","mahalle":"Ertuğrul Gazi Mahallesi","koni_acisi":60,"menzil_m":80}},{"type":"Feature","geometry":{"type":"Point","coordinates":[29.232276,40.882757]},"properties":{"kamera_kodu":"SG-0285","tur":"okul","yon":101,"yol_adi":"Süreyyapaşa Caddesi","okul_adi":"Süreyyapaşa İlkokulu","ilce":"Pendik","mahalle":"Yeni Mahallesi","koni_acisi":60,"menzil_m":80}},{"type":"Feature","geometry":{"type":"Point","coordinates":[29.292665,40.857114]},"properties":{"kamera_kodu":"SG-0286","tur":"okul","yon":218,"yol_adi":"Necmettin Erbakan Caddesi","okul_adi":null,"ilce":"Pendik","mahalle":"Esenyalı Mahallesi","koni_acisi":60,"menzil_m":80}},{"type":"Feature","geometry":{"type":"Point","coordinates":[29.211074,40.975437]},"properties":{"kamera_kodu":"SG-0287","tur":"durak","yon":67,"yol_adi":"Maltepe Caddesi","durak_adi":"BÜYÜKBAKKALKÖY DÖRTYOL","durak_turu":"durak","ilce":"Sancaktepe","mahalle":"Eyüp Sultan Mahallesi","koni_acisi":50,"menzil_m":80}},{"type":"Feature","geometry":{"type":"Point","coordinates":[29.246746,40.971956]},"properties":{"kamera_kodu":"SG-0288","tur":"durak","yon":225,"yol_adi":"Asil Türk Caddesi","durak_adi":"ASİL TÜRK CADDESİ","durak_turu":"durak","ilce":"Sancaktepe","mahalle":"Veysel Karani Mahallesi","koni_acisi":50,"menzil_m":80}},{"type":"Feature","geometry":{"type":"Point","coordinates":[29.195417,41.011827]},"properties":{"kamera_kodu":"SG-0289","tur":"kavsak","yon":218,"yol_adi":"Teraziler Caddesi","isikli":false,"kol":3,"ilce":"Sancaktepe","mahalle":"Meclis Mahallesi","koni_acisi":70,"menzil_m":120}},{"type":"Feature","geometry":{"type":"Point","coordinates":[29.239659,41.004189]},"properties":{"kamera_kodu":"SG-0290","tur":"kavsak","yon":62,"yol_adi":"Bahçelievler Caddesi","isikli":false,"kol":3,"ilce":"Sancaktepe","mahalle":"Merve Mahallesi","koni_acisi":70,"menzil_m":120}},{"type":"Feature","geometry":{"type":"Point","coordinates":[29.2099,40.974993]},"properties":{"kamera_kodu":"SG-0291","tur":"kavsak","yon":73,"yol_adi":"Maltepe Caddesi","isikli":false,"kol":3,"ilce":"Sancaktepe","mahalle":"Eyüp Sultan Mahallesi","koni_acisi":70,"menzil_m":120}},{"type":"Feature","geometry":{"type":"Point","coordinates":[29.231797,40.983976]},"properties":{"kamera_kodu":"SG-0292","tur":"kavsak","yon":24,"yol_adi":"Ahmet Yesevi Caddesi","isikli":false,"kol":3,"ilce":"Sancaktepe","mahalle":"Osmangazi Mahallesi","koni_acisi":70,"menzil_m":120}},{"type":"Feature","geometry":{"type":"Point","coordinates":[29.237959,40.963493]},"properties":{"kamera_kodu":"SG-0293","tur":"kavsak","yon":106,"yol_adi":"Recep Tayyip Erdoğan Caddesi","isikli":false,"kol":3,"ilce":"Sancaktepe","mahalle":"Veysel Karani Mahallesi","koni_acisi":70,"menzil_m":120}},{"type":"Feature","geometry":{"type":"Point","coordinates":[29.228864,40.985858]},"properties":{"kamera_kodu":"SG-0294","tur":"meydan","yon":111,"yol_adi":"Osmangazi Caddesi","meydan_adi":"Samandıra Meydan","ilce":"Sancaktepe","mahalle":"Abdurrahmangazi Mahallesi","koni_acisi":90,"menzil_m":150}},{"type":"Feature","geometry":{"type":"Point","coordinates":[29.214205,40.965397]},"properties":{"kamera_kodu":"SG-0295","tur":"okul","yon":103,"yol_adi":"Samandıra Caddesi","okul_adi":"Sancaktepe Ticaret Meslek Lisesi","ilce":"Sancaktepe","mahalle":"Fatih Mahallesi","koni_acisi":60,"menzil_m":80}},{"type":"Feature","geometry":{"type":"Point","coordinates":[29.226678,40.989466]},"properties":{"kamera_kodu":"SG-0296","tur":"okul","yon":43,"yol_adi":"Ebubekir Caddesi","okul_adi":"Samandıra Kız Anadolu İmam Hatip Lisesi","ilce":"Sancaktepe","mahalle":"Abdurrahmangazi Mahallesi","koni_acisi":60,"menzil_m":80}},{"type":"Feature","geometry":{"type":"Point","coordinates":[29.194487,40.989313]},"properties":{"kamera_kodu":"SG-0297","tur":"okul","yon":303,"yol_adi":"Hoca Nasreddin Caddesi","okul_adi":"Sancaktepe Eyüpsultan Mesleki ve Teknik Anadolu Lisesi","ilce":"Sancaktepe","mahalle":"Eyüp Sultan Mahallesi","koni_acisi":60,"menzil_m":80}},{"type":"Feature","geometry":{"type":"Point","coordinates":[29.020799,41.108093]},"properties":{"kamera_kodu":"SG-0298","tur":"durak","yon":258,"yol_adi":"Büyükdere Caddesi","durak_adi":"İTÜ Ayazağa","durak_turu":"istasyon","ilce":"Sarıyer","mahalle":"Reşitpaşa Mahallesi","koni_acisi":50,"menzil_m":80}},{"type":"Feature","geometry":{"type":"Point","coordinates":[29.056517,41.168002]},"properties":{"kamera_kodu":"SG-0299","tur":"durak","yon":322,"yol_adi":"Şehit Mithat Yılmaz Caddesi","durak_adi":"SARIYER MERKEZ","durak_turu":"durak","ilce":"Sarıyer","mahalle":"Merkez Mahallesi","koni_acisi":50,"menzil_m":80}},{"type":"Feature","geometry":{"type":"Point","coordinates":[29.032584,41.220731]},"properties":{"kamera_kodu":"SG-0300","tur":"durak","yon":182,"yol_adi":"Kilyos Caddesi","durak_adi":"USKUMRUKÖY YOLU","durak_turu":"durak","ilce":"Sarıyer","mahalle":"Uskumruköy Mahallesi","koni_acisi":50,"menzil_m":80}},{"type":"Feature","geometry":{"type":"Point","coordinates":[28.998493,41.1116]},"properties":{"kamera_kodu":"SG-0301","tur":"kavsak","yon":113,"yol_adi":"Maslak Ayazağa Caddesi","isikli":false,"kol":3,"ilce":"Sarıyer","mahalle":"Ayazağa Mahallesi","koni_acisi":70,"menzil_m":120}},{"type":"Feature","geometry":{"type":"Point","coordinates":[29.060101,41.113909]},"properties":{"kamera_kodu":"SG-0302","tur":"kavsak","yon":302,"yol_adi":"İstinye Caddesi","isikli":false,"kol":3,"ilce":"Sarıyer","mahalle":"İstinye Mahallesi","koni_acisi":70,"menzil_m":120}},{"type":"Feature","geometry":{"type":"Point","coordinates":[29.054606,41.081317]},"properties":{"kamera_kodu":"SG-0303","tur":"kavsak","yon":73,"yol_adi":"Yahya Kemal Caddesi","isikli":false,"kol":3,"ilce":"Sarıyer","mahalle":"Rumelihisarı Mahallesi","koni_acisi":70,"menzil_m":120}},{"type":"Feature","geometry":{"type":"Point","coordinates":[28.990273,41.177639]},"properties":{"kamera_kodu":"SG-0304","tur":"kavsak","yon":92,"yol_adi":"Adnan Menderes Caddesi","isikli":false,"kol":3,"ilce":"Sarıyer","mahalle":"Bahçeköy Merkez Mahallesi","koni_acisi":70,"menzil_m":120}},{"type":"Feature","geometry":{"type":"Point","coordinates":[29.04779,41.162492]},"properties":{"kamera_kodu":"SG-0305","tur":"kavsak","yon":36,"yol_adi":"Piyasa Caddesi","isikli":false,"kol":3,"ilce":"Sarıyer","mahalle":"Büyükdere Mahallesi","koni_acisi":70,"menzil_m":120}},{"type":"Feature","geometry":{"type":"Point","coordinates":[29.021898,41.106586]},"properties":{"kamera_kodu":"SG-0306","tur":"meydan","yon":84,"yol_adi":"Katar Caddesi","meydan_adi":null,"ilce":"Sarıyer","mahalle":"Reşitpaşa Mahallesi","koni_acisi":90,"menzil_m":150}},{"type":"Feature","geometry":{"type":"Point","coordinates":[29.073308,41.20532]},"properties":{"kamera_kodu":"SG-0307","tur":"meydan","yon":0,"yol_adi":null,"meydan_adi":"Koç Meydanı","ilce":"Sarıyer","mahalle":"Rumelifeneri Mahallesi","koni_acisi":90,"menzil_m":150}},{"type":"Feature","geometry":{"type":"Point","coordinates":[29.039108,41.137441]},"properties":{"kamera_kodu":"SG-0308","tur":"okul","yon":292,"yol_adi":"Tarabya Bayırı Caddesi","okul_adi":"İSTEK Kemal Atatürk Okulları","ilce":"Sarıyer","mahalle":"Tarabya Mahallesi","koni_acisi":60,"menzil_m":80}},{"type":"Feature","geometry":{"type":"Point","coordinates":[29.043044,41.086927]},"properties":{"kamera_kodu":"SG-0309","tur":"okul","yon":347,"yol_adi":"Bebek Yolu Sokağı","okul_adi":null,"ilce":"Sarıyer","mahalle":"Rumelihisarı Mahallesi","koni_acisi":60,"menzil_m":80}},{"type":"Feature","geometry":{"type":"Point","coordinates":[29.684453,41.073411]},"properties":{"kamera_kodu":"SG-0310","tur":"durak","yon":299,"yol_adi":"Yazıcı Sokağı","durak_adi":"YAZIMANAYIR KÖYÜ","durak_turu":"durak","ilce":"Şile","mahalle":"Yazımanayır Mahallesi","koni_acisi":50,"menzil_m":80}},{"type":"Feature","geometry":{"type":"Point","coordinates":[29.841095,41.133949]},"properties":{"kamera_kodu":"SG-0311","tur":"durak","yon":22,"yol_adi":"Yakuplu Caddesi","durak_adi":"SEDİR SOKAK","durak_turu":"durak","ilce":"Şile","mahalle":"Ağva Merkez Mahallesi","koni_acisi":50,"menzil_m":80}},{"type":"Feature","geometry":{"type":"Point","coordinates":[29.904669,41.10962]},"properties":{"kamera_kodu":"SG-0312","tur":"kavsak","yon":328,"yol_adi":"Ebabil Sokak","isikli":false,"kol":3,"ilce":"Şile","mahalle":"Kadıköy Mahallesi","koni_acisi":70,"menzil_m":120}},{"type":"Feature","geometry":{"type":"Point","coordinates":[29.609134,41.156583]},"properties":{"kamera_kodu":"SG-0313","tur":"kavsak","yon":111,"yol_adi":"Şile Yolu","isikli":false,"kol":4,"ilce":"Şile","mahalle":"Çavuş Mahallesi","koni_acisi":70,"menzil_m":120}},{"type":"Feature","geometry":{"type":"Point","coordinates":[29.476689,41.143282]},"properties":{"kamera_kodu":"SG-0314","tur":"kavsak","yon":279,"yol_adi":"Şile Yolu","isikli":false,"kol":3,"ilce":"Şile","mahalle":"Sofular Mahallesi","koni_acisi":70,"menzil_m":120}},{"type":"Feature","geometry":{"type":"Point","coordinates":[29.608952,41.173727]},"properties":{"kamera_kodu":"SG-0315","tur":"meydan","yon":60,"yol_adi":"Üsküdar Caddesi","meydan_adi":"Şile Meydanı","ilce":"Şile","mahalle":"Çavuş Mahallesi","koni_acisi":90,"menzil_m":150}},{"type":"Feature","geometry":{"type":"Point","coordinates":[29.6129,41.177186]},"properties":{"kamera_kodu":"SG-0316","tur":"okul","yon":35,"yol_adi":"Cumhuriyet Caddesi","okul_adi":"Balibey İlkokulu","ilce":"Şile","mahalle":"Hacı Kasım Mahallesi","koni_acisi":60,"menzil_m":80}},{"type":"Feature","geometry":{"type":"Point","coordinates":[28.305404,41.066825]},"properties":{"kamera_kodu":"SG-0317","tur":"durak","yon":197,"yol_adi":"Kadri Haseki Caddesi","durak_adi":"BİZİMKÖY","durak_turu":"durak","ilce":"Silivri","mahalle":"Cumhuriyet Mahallesi","koni_acisi":50,"menzil_m":80}},{"type":"Feature","geometry":{"type":"Point","coordinates":[28.08797,41.180581]},"properties":{"kamera_kodu":"SG-0318","tur":"durak","yon":340,"yol_adi":"Silivri - Çerkezköy Yolu","durak_adi":"ECEM OBA SAPAĞI","durak_turu":"durak","ilce":"Silivri","mahalle":"Çanta Sancaktepe Mahallesi","koni_acisi":50,"menzil_m":80}},{"type":"Feature","geometry":{"type":"Point","coordinates":[28.04753,41.048433]},"properties":{"kamera_kodu":"SG-0319","tur":"kavsak","yon":15,"yol_adi":"Haydar Aliyev Caddesi","isikli":false,"kol":3,"ilce":"Silivri","mahalle":"Gümüşyaka Mahallesi","koni_acisi":70,"menzil_m":120}},{"type":"Feature","geometry":{"type":"Point","coordinates":[28.254151,41.075396]},"properties":{"kamera_kodu":"SG-0320","tur":"kavsak","yon":105,"yol_adi":"Albay Yunus Dirik Caddesi","isikli":false,"kol":3,"ilce":"Silivri","mahalle":"Alibey Mahallesi","koni_acisi":70,"menzil_m":120}},{"type":"Feature","geometry":{"type":"Point","coordinates":[28.356566,41.060714]},"properties":{"kamera_kodu":"SG-0321","tur":"kavsak","yon":251,"yol_adi":"6093. Sokak","isikli":false,"kol":3,"ilce":"Silivri","mahalle":"Selimpaşa Mahallesi","koni_acisi":70,"menzil_m":120}},{"type":"Feature","geometry":{"type":"Point","coordinates":[28.27726,41.132378]},"properties":{"kamera_kodu":"SG-0322","tur":"kavsak","yon":221,"yol_adi":"Bekir Sıtkı Say Caddesi","isikli":false,"kol":3,"ilce":"Silivri","mahalle":"Yeni Mahalle","koni_acisi":70,"menzil_m":120}},{"type":"Feature","geometry":{"type":"Point","coordinates":[28.252217,41.330268]},"properties":{"kamera_kodu":"SG-0323","tur":"kavsak","yon":94,"yol_adi":"Eski İstanbul Kırklareli Yolu","isikli":false,"kol":3,"ilce":"Silivri","mahalle":"Danamandıra Mahallesi","koni_acisi":70,"menzil_m":120}},{"type":"Feature","geometry":{"type":"Point","coordinates":[28.256494,41.079012]},"properties":{"kamera_kodu":"SG-0324","tur":"meydan","yon":36,"yol_adi":"Müjdat Gürsu Caddesi","meydan_adi":null,"ilce":"Silivri","mahalle":"Yeni Mahalle","koni_acisi":90,"menzil_m":150}},{"type":"Feature","geometry":{"type":"Point","coordinates":[28.249161,41.07341]},"properties":{"kamera_kodu":"SG-0325","tur":"okul","yon":106,"yol_adi":"Başkomutan Caddesi","okul_adi":"Piri Mehmet Paşa İlkokulu","ilce":"Silivri","mahalle":"Alibey Mahallesi","koni_acisi":60,"menzil_m":80}},{"type":"Feature","geometry":{"type":"Point","coordinates":[28.240848,41.076465]},"properties":{"kamera_kodu":"SG-0326","tur":"okul","yon":305,"yol_adi":"İnönü Caddesi","okul_adi":"Hasan Özvarnalı İlkokulu","ilce":"Silivri","mahalle":"Piri Mehmet Paşa Mahallesi","koni_acisi":60,"menzil_m":80}},{"type":"Feature","geometry":{"type":"Point","coordinates":[29.010907,41.06719]},"properties":{"kamera_kodu":"SG-0327","tur":"durak","yon":99,"yol_adi":"1. Çevre Yolu","durak_adi":"Gayrettepe","durak_turu":"istasyon","ilce":"Şişli","mahalle":"Esentepe Mahallesi","koni_acisi":50,"menzil_m":80}},{"type":"Feature","geometry":{"type":"Point","coordinates":[29.007273,41.085371]},"properties":{"kamera_kodu":"SG-0328","tur":"durak","yon":333,"yol_adi":"Büyükdere Caddesi","durak_adi":"4.LEVENT","durak_turu":"durak","ilce":"Şişli","mahalle":"Esentepe Mahallesi","koni_acisi":50,"menzil_m":80}},{"type":"Feature","geometry":{"type":"Point","coordinates":[28.987415,41.052493]},"properties":{"kamera_kodu":"SG-0329","tur":"durak","yon":174,"yol_adi":"Halaskargazi Caddesi","durak_adi":"Osmanbey","durak_turu":"istasyon","ilce":"Şişli","mahalle":"Halaskargazi Mahallesi","koni_acisi":50,"menzil_m":80}},{"type":"Feature","geometry":{"type":"Point","coordinates":[28.99953,41.05379]},"properties":{"kamera_kodu":"SG-0330","tur":"kavsak","yon":152,"yol_adi":"Hakkı Yeten Caddesi","isikli":true,"kol":2,"ilce":"Şişli","mahalle":"Teşvikiye Mahallesi","koni_acisi":70,"menzil_m":120}},{"type":"Feature","geometry":{"type":"Point","coordinates":[29.015782,41.071763]},"properties":{"kamera_kodu":"SG-0331","tur":"kavsak","yon":23,"yol_adi":"Büyükdere Caddesi","isikli":false,"kol":3,"ilce":"Şişli","mahalle":"Esentepe Mahallesi","koni_acisi":70,"menzil_m":120}},{"type":"Feature","geometry":{"type":"Point","coordinates":[29.003092,41.066586]},"properties":{"kamera_kodu":"SG-0332","tur":"kavsak","yon":85,"yol_adi":"Büyükdere Caddesi","isikli":true,"kol":2,"ilce":"Şişli","mahalle":"Fulya Mahallesi","koni_acisi":70,"menzil_m":120}},{"type":"Feature","geometry":{"type":"Point","coordinates":[28.980414,41.064462]},"properties":{"kamera_kodu":"SG-0333","tur":"kavsak","yon":113,"yol_adi":"Darülaceze Caddesi","isikli":true,"kol":2,"ilce":"Şişli","mahalle":"Halide Edip Adıvar Mahallesi","koni_acisi":70,"menzil_m":120}},{"type":"Feature","geometry":{"type":"Point","coordinates":[28.974638,41.055325]},"properties":{"kamera_kodu":"SG-0334","tur":"meydan","yon":180,"yol_adi":"Darülaceze Yolu Caddesi","meydan_adi":null,"ilce":"Şişli","mahalle":"Paşa Mahallesi","koni_acisi":90,"menzil_m":150}},{"type":"Feature","geometry":{"type":"Point","coordinates":[28.985166,41.05486]},"properties":{"kamera_kodu":"SG-0335","tur":"okul","yon":193,"yol_adi":"Abide-i Hürriyet Caddesi","okul_adi":"Özel St. Michel Fransız Lisesi","ilce":"Şişli","mahalle":"Cumhuriyet Mahallesi","koni_acisi":60,"menzil_m":80}},{"type":"Feature","geometry":{"type":"Point","coordinates":[28.986537,41.043117]},"properties":{"kamera_kodu":"SG-0336","tur":"okul","yon":358,"yol_adi":"Cumhuriyet Caddesi","okul_adi":"Radisson Hotel Istanbul Harbiye","ilce":"Şişli","mahalle":"Harbiye Mahallesi","koni_acisi":60,"menzil_m":80}},{"type":"Feature","geometry":{"type":"Point","coordinates":[29.266162,40.982773]},"properties":{"kamera_kodu":"SG-0337","tur":"durak","yon":135,"yol_adi":"Bosna Bulvarı","durak_adi":"HAL","durak_turu":"durak","ilce":"Sultanbeyli","mahalle":"Battalgazi Mahallesi","koni_acisi":50,"menzil_m":80}},{"type":"Feature","geometry":{"type":"Point","coordinates":[29.24579,40.970121]},"properties":{"kamera_kodu":"SG-0338","tur":"kavsak","yon":117,"yol_adi":"Petrol Yolu Caddesi","isikli":false,"kol":3,"ilce":"Sultanbeyli","mahalle":"Hasanpaşa Mahallesi","koni_acisi":70,"menzil_m":120}},{"type":"Feature","geometry":{"type":"Point","coordinates":[29.261464,41.003845]},"properties":{"kamera_kodu":"SG-0339","tur":"kavsak","yon":169,"yol_adi":"Sancaktepe Kavşağı","isikli":false,"kol":3,"ilce":"Sultanbeyli","mahalle":"Mimar Sinan Mahallesi","koni_acisi":70,"menzil_m":120}},{"type":"Feature","geometry":{"type":"Point","coordinates":[29.300489,40.947232]},"properties":{"kamera_kodu":"SG-0340","tur":"kavsak","yon":118,"yol_adi":"Petrol Yolu Caddesi","isikli":false,"kol":3,"ilce":"Sultanbeyli","mahalle":"Akşemsettin Mahallesi","koni_acisi":70,"menzil_m":120}},{"type":"Feature","geometry":{"type":"Point","coordinates":[29.265717,40.967424]},"properties":{"kamera_kodu":"SG-0341","tur":"meydan","yon":110,"yol_adi":"Fatih Bulvarı","meydan_adi":"Sultanbeyli Meydanı","ilce":"Sultanbeyli","mahalle":"Mehmet Akif Mahallesi","koni_acisi":90,"menzil_m":150}},{"type":"Feature","geometry":{"type":"Point","coordinates":[29.251723,40.971287]},"properties":{"kamera_kodu":"SG-0342","tur":"okul","yon":41,"yol_adi":"Beydağı Sokağı","okul_adi":"Hüsnü M. Özyeğin Anadolu Lisesi","ilce":"Sultanbeyli","mahalle":"Hasanpaşa Mahallesi","koni_acisi":60,"menzil_m":80}},{"type":"Feature","geometry":{"type":"Point","coordinates":[29.267416,40.9916]},"properties":{"kamera_kodu":"SG-0343","tur":"okul","yon":33,"yol_adi":"Basra Caddesi","okul_adi":"Türk Hava Kurumu Gazi İlkokulu","ilce":"Sultanbeyli","mahalle":"Mimar Sinan Mahallesi","koni_acisi":60,"menzil_m":80}},{"type":"Feature","geometry":{"type":"Point","coordinates":[28.868954,41.106309]},"properties":{"kamera_kodu":"SG-0344","tur":"durak","yon":250,"yol_adi":"Atatürk Bulvarı","durak_adi":"SULTANGAZİ BELEDİYESİ","durak_turu":"durak","ilce":"Sultangazi","mahalle":"Uğur Mumcu Mahallesi","koni_acisi":50,"menzil_m":80}},{"type":"Feature","geometry":{"type":"Point","coordinates":[28.899717,41.099024]},"properties":{"kamera_kodu":"SG-0345","tur":"durak","yon":337,"yol_adi":"İsmetpaşa Caddesi","durak_adi":"ŞAİR ABAY LİSESİ","durak_turu":"durak","ilce":"Sultangazi","mahalle":"Yunus Emre Mahallesi","koni_acisi":50,"menzil_m":80}},{"type":"Feature","geometry":{"type":"Point","coordinates":[28.847962,41.120261]},"properties":{"kamera_kodu":"SG-0346","tur":"durak","yon":316,"yol_adi":"Selçuklu Bulvarı","durak_adi":"SULTANÇİFTLİĞİ ANADOLU LİSESİ","durak_turu":"durak","ilce":"Sultangazi","mahalle":"Cebeci Mahallesi","koni_acisi":50,"menzil_m":80}},{"type":"Feature","geometry":{"type":"Point","coordinates":[28.887648,41.093209]},"properties":{"kamera_kodu":"SG-0347","tur":"kavsak","yon":239,"yol_adi":"2375. Sokak","isikli":true,"kol":2,"ilce":"Sultangazi","mahalle":"Esentepe Mahallesi","koni_acisi":70,"menzil_m":120}},{"type":"Feature","geometry":{"type":"Point","coordinates":[28.84862,41.13381]},"properties":{"kamera_kodu":"SG-0348","tur":"kavsak","yon":110,"yol_adi":"A-1 Caddesi","isikli":false,"kol":3,"ilce":"Sultangazi","mahalle":"Habibler Mahallesi","koni_acisi":70,"menzil_m":120}},{"type":"Feature","geometry":{"type":"Point","coordinates":[28.864146,41.092819]},"properties":{"kamera_kodu":"SG-0349","tur":"kavsak","yon":352,"yol_adi":"Eski Edirne Asfaltı","isikli":true,"kol":2,"ilce":"Sultangazi","mahalle":"50. Yıl Mahallesi","koni_acisi":70,"menzil_m":120}},{"type":"Feature","geometry":{"type":"Point","coordinates":[28.85814,41.106881]},"properties":{"kamera_kodu":"SG-0350","tur":"kavsak","yon":71,"yol_adi":"53. Sokak","isikli":false,"kol":3,"ilce":"Sultangazi","mahalle":"İsmetpaşa Mahallesi","koni_acisi":70,"menzil_m":120}},{"type":"Feature","geometry":{"type":"Point","coordinates":[28.900278,41.101266]},"properties":{"kamera_kodu":"SG-0351","tur":"kavsak","yon":6,"yol_adi":"Millet Caddesi","isikli":false,"kol":3,"ilce":"Sultangazi","mahalle":"Gazi Mahallesi","koni_acisi":70,"menzil_m":120}},{"type":"Feature","geometry":{"type":"Point","coordinates":[28.862756,41.10471]},"properties":{"kamera_kodu":"SG-0352","tur":"meydan","yon":70,"yol_adi":"Osmangazi Alt Geçidi","meydan_adi":"15 Temmuz Demokrasi ve Şehitler Meydanı","ilce":"Sultangazi","mahalle":"Uğur Mumcu Mahallesi","koni_acisi":90,"menzil_m":150}},{"type":"Feature","geometry":{"type":"Point","coordinates":[28.870102,41.093662]},"properties":{"kamera_kodu":"SG-0353","tur":"okul","yon":357,"yol_adi":"Orhangazi Caddesi","okul_adi":"Orhangazi İlköğretim ve Ortaöğretim Okulu","ilce":"Sultangazi","mahalle":"50. Yıl Mahallesi","koni_acisi":60,"menzil_m":80}},{"type":"Feature","geometry":{"type":"Point","coordinates":[28.892474,41.101858]},"properties":{"kamera_kodu":"SG-0354","tur":"okul","yon":95,"yol_adi":"Kıbrıs Caddesi","okul_adi":null,"ilce":"Sultangazi","mahalle":"Gazi Mahallesi","koni_acisi":60,"menzil_m":80}},{"type":"Feature","geometry":{"type":"Point","coordinates":[28.839901,41.133538]},"properties":{"kamera_kodu":"SG-0355","tur":"okul","yon":72,"yol_adi":"A-1 Caddesi","okul_adi":null,"ilce":"Sultangazi","mahalle":"Habibler Mahallesi","koni_acisi":60,"menzil_m":80}},{"type":"Feature","geometry":{"type":"Point","coordinates":[29.366984,40.920625]},"properties":{"kamera_kodu":"SG-0356","tur":"durak","yon":283,"yol_adi":"Eski Ankara Asfaltı Caddesi","durak_adi":"TEPEÖREN YOLU","durak_turu":"durak","ilce":"Tuzla","mahalle":"Tepeören Mahallesi","koni_acisi":50,"menzil_m":80}},{"type":"Feature","geometry":{"type":"Point","coordinates":[29.293166,40.852289]},"properties":{"kamera_kodu":"SG-0357","tur":"durak","yon":150,"yol_adi":"Sahil Bulvarı","durak_adi":"Aydıntepe","durak_turu":"istasyon","ilce":"Tuzla","mahalle":"Aydıntepe Mahallesi","koni_acisi":50,"menzil_m":80}},{"type":"Feature","geometry":{"type":"Point","coordinates":[29.350011,40.926751]},"properties":{"kamera_kodu":"SG-0358","tur":"kavsak","yon":266,"yol_adi":"Eski Ankara Asfaltı Caddesi","isikli":true,"kol":2,"ilce":"Tuzla","mahalle":"Fatih Mahallesi","koni_acisi":70,"menzil_m":120}},{"type":"Feature","geometry":{"type":"Point","coordinates":[29.392217,40.906565]},"properties":{"kamera_kodu":"SG-0359","tur":"kavsak","yon":157,"yol_adi":"Eski Ankara Asfaltı Caddesi","isikli":false,"kol":3,"ilce":"Tuzla","mahalle":"Tepeören Mahallesi","koni_acisi":70,"menzil_m":120}},{"type":"Feature","geometry":{"type":"Point","coordinates":[29.364365,40.877733]},"properties":{"kamera_kodu":"SG-0360","tur":"kavsak","yon":281,"yol_adi":"OSB 6. Yol Sk.","isikli":false,"kol":3,"ilce":"Tuzla","mahalle":"Orhanlı Mahallesi","koni_acisi":70,"menzil_m":120}},{"type":"Feature","geometry":{"type":"Point","coordinates":[29.308402,40.813842]},"properties":{"kamera_kodu":"SG-0361","tur":"kavsak","yon":298,"yol_adi":"Ahmet Kılıç Bulvarı","isikli":false,"kol":3,"ilce":"Tuzla","mahalle":"Cami Mahallesi","koni_acisi":70,"menzil_m":120}},{"type":"Feature","geometry":{"type":"Point","coordinates":[29.292922,40.852038]},"properties":{"kamera_kodu":"SG-0362","tur":"kavsak","yon":149,"yol_adi":"Sahil Bulvarı","isikli":true,"kol":2,"ilce":"Tuzla","mahalle":"Aydıntepe Mahallesi","koni_acisi":70,"menzil_m":120}},{"type":"Feature","geometry":{"type":"Point","coordinates":[29.300072,40.815951]},"properties":{"kamera_kodu":"SG-0363","tur":"meydan","yon":105,"yol_adi":"Ahmet Kılıç Bulvarı","meydan_adi":"Tuzla Sahil","ilce":"Tuzla","mahalle":"Postane Mahallesi","koni_acisi":90,"menzil_m":150}},{"type":"Feature","geometry":{"type":"Point","coordinates":[29.360991,40.915859]},"properties":{"kamera_kodu":"SG-0364","tur":"meydan","yon":0,"yol_adi":null,"meydan_adi":null,"ilce":"Tuzla","mahalle":"Tepeören Mahallesi","koni_acisi":90,"menzil_m":150}},{"type":"Feature","geometry":{"type":"Point","coordinates":[29.391753,40.919396]},"properties":{"kamera_kodu":"SG-0365","tur":"okul","yon":19,"yol_adi":"Medeniyet Bulvarı","okul_adi":"Terakki Vakfı Okulları Tepeören Yerleşkesi","ilce":"Tuzla","mahalle":"Tepeören Mahallesi","koni_acisi":60,"menzil_m":80}},{"type":"Feature","geometry":{"type":"Point","coordinates":[29.335802,40.872082]},"properties":{"kamera_kodu":"SG-0366","tur":"okul","yon":191,"yol_adi":"Aydınlı Yolu Caddesi","okul_adi":"Halil Türkkan Kız Anadolu İmam Hatip Lisesi","ilce":"Tuzla","mahalle":"Aydınlı Mahallesi","koni_acisi":60,"menzil_m":80}},{"type":"Feature","geometry":{"type":"Point","coordinates":[29.134774,41.013429]},"properties":{"kamera_kodu":"SG-0367","tur":"durak","yon":138,"yol_adi":"Tavukçu Yolu Caddesi","durak_adi":"İSTİKBAL SOKAK","durak_turu":"durak","ilce":"Ümraniye","mahalle":"Mehmet Akif Mahallesi","koni_acisi":50,"menzil_m":80}},{"type":"Feature","geometry":{"type":"Point","coordinates":[29.161855,41.007188]},"properties":{"kamera_kodu":"SG-0368","tur":"durak","yon":123,"yol_adi":"Natoyolu Caddesi","durak_adi":"Modoko - Keyap","durak_turu":"istasyon","ilce":"Ümraniye","mahalle":"Esenşehir Mahallesi","koni_acisi":50,"menzil_m":80}},{"type":"Feature","geometry":{"type":"Point","coordinates":[29.097319,41.025943]},"properties":{"kamera_kodu":"SG-0369","tur":"durak","yon":95,"yol_adi":"Alemdağ Caddesi","durak_adi":"Çarşı","durak_turu":"istasyon","ilce":"Ümraniye","mahalle":"Yamanevler Mahallesi","koni_acisi":50,"menzil_m":80}},{"type":"Feature","geometry":{"type":"Point","coordinates":[29.176123,41.017292]},"properties":{"kamera_kodu":"SG-0370","tur":"kavsak","yon":115,"yol_adi":"Alemdağ Caddesi","isikli":false,"kol":3,"ilce":"Ümraniye","mahalle":"Necip Fazıl Mahallesi","koni_acisi":70,"menzil_m":120}},{"type":"Feature","geometry":{"type":"Point","coordinates":[29.095791,41.023284]},"properties":{"kamera_kodu":"SG-0371","tur":"kavsak","yon":74,"yol_adi":"Sütçü İmam Caddesi","isikli":true,"kol":2,"ilce":"Ümraniye","mahalle":"Namık Kemal Mahallesi","koni_acisi":70,"menzil_m":120}},{"type":"Feature","geometry":{"type":"Point","coordinates":[29.186563,41.00211]},"properties":{"kamera_kodu":"SG-0372","tur":"kavsak","yon":309,"yol_adi":"Kurtuluş Caddesi","isikli":false,"kol":3,"ilce":"Ümraniye","mahalle":"Esenkent Mahallesi","koni_acisi":70,"menzil_m":120}},{"type":"Feature","geometry":{"type":"Point","coordinates":[29.123628,41.020721]},"properties":{"kamera_kodu":"SG-0373","tur":"kavsak","yon":267,"yol_adi":"Alemdağ Caddesi","isikli":false,"kol":3,"ilce":"Ümraniye","mahalle":"Çakmak Mahallesi","koni_acisi":70,"menzil_m":120}},{"type":"Feature","geometry":{"type":"Point","coordinates":[29.117255,41.05519]},"properties":{"kamera_kodu":"SG-0374","tur":"kavsak","yon":137,"yol_adi":"Küçüksu Caddesi","isikli":true,"kol":2,"ilce":"Ümraniye","mahalle":"İnkılap Mahallesi","koni_acisi":70,"menzil_m":120}},{"type":"Feature","geometry":{"type":"Point","coordinates":[29.165716,41.000656]},"properties":{"kamera_kodu":"SG-0375","tur":"kavsak","yon":251,"yol_adi":"Baraj Yolu","isikli":false,"kol":3,"ilce":"Ümraniye","mahalle":"Dudullu OSB Mahallesi","koni_acisi":70,"menzil_m":120}},{"type":"Feature","geometry":{"type":"Point","coordinates":[29.091633,41.024505]},"properties":{"kamera_kodu":"SG-0376","tur":"meydan","yon":105,"yol_adi":"Sütçü İmam Caddesi","meydan_adi":"Ümraniye 15 Temmuz Şehitler Meydanı","ilce":"Ümraniye","mahalle":"Atatürk Mahallesi","koni_acisi":90,"menzil_m":150}},{"type":"Feature","geometry":{"type":"Point","coordinates":[29.092879,41.01606]},"properties":{"kamera_kodu":"SG-0377","tur":"okul","yon":106,"yol_adi":"Talatpaşa Caddesi","okul_adi":"Yunus Emre Ortaokulu","ilce":"Ümraniye","mahalle":"Namık Kemal Mahallesi","koni_acisi":60,"menzil_m":80}},{"type":"Feature","geometry":{"type":"Point","coordinates":[29.187516,41.00145]},"properties":{"kamera_kodu":"SG-0378","tur":"okul","yon":313,"yol_adi":"Kurtuluş Caddesi","okul_adi":null,"ilce":"Ümraniye","mahalle":"Esenkent Mahallesi","koni_acisi":60,"menzil_m":80}},{"type":"Feature","geometry":{"type":"Point","coordinates":[29.172964,41.017875]},"properties":{"kamera_kodu":"SG-0379","tur":"okul","yon":275,"yol_adi":"Alemdağ Caddesi","okul_adi":"Mustafa Vasıf Karslıgil İlkokulu","ilce":"Ümraniye","mahalle":"Necip Fazıl Mahallesi","koni_acisi":60,"menzil_m":80}},{"type":"Feature","geometry":{"type":"Point","coordinates":[29.013522,41.0257]},"properties":{"kamera_kodu":"SG-0380","tur":"durak","yon":253,"yol_adi":"Üsküdar Harem Sahil Yolu","durak_adi":"Üsküdar","durak_turu":"istasyon","ilce":"Üsküdar","mahalle":"Mimar Sinan Mahallesi","koni_acisi":50,"menzil_m":80}},{"type":"Feature","geometry":{"type":"Point","coordinates":[29.075383,41.00643]},"properties":{"kamera_kodu":"SG-0381","tur":"durak","yon":75,"yol_adi":"Şair Mehmet Akif Ersoy Sokağı","durak_adi":"BARAJ YOLU SOKAK","durak_turu":"durak","ilce":"Üsküdar","mahalle":"Cumhuriyet Mahallesi","koni_acisi":50,"menzil_m":80}},{"type":"Feature","geometry":{"type":"Point","coordinates":[29.061579,41.050487]},"properties":{"kamera_kodu":"SG-0382","tur":"durak","yon":64,"yol_adi":"Prof. Dr. Beyhun Akyavaş Caddesi","durak_adi":"ŞEHİT KADER SİVRİ","durak_turu":"durak","ilce":"Üsküdar","mahalle":"Çengelköy Mahallesi","koni_acisi":50,"menzil_m":80}},{"type":"Feature","geometry":{"type":"Point","coordinates":[29.047231,41.045257]},"properties":{"kamera_kodu":"SG-0383","tur":"kavsak","yon":236,"yol_adi":"Yalıboyu Caddesi","isikli":false,"kol":3,"ilce":"Üsküdar","mahalle":"Beylerbeyi Mahallesi","koni_acisi":70,"menzil_m":120}},{"type":"Feature","geometry":{"type":"Point","coordinates":[29.072422,40.996498]},"properties":{"kamera_kodu":"SG-0384","tur":"kavsak","yon":217,"yol_adi":"Göztepe Köprülü Kavşağı","isikli":false,"kol":3,"ilce":"Üsküdar","mahalle":"Ünalan Mahallesi","koni_acisi":70,"menzil_m":120}},{"type":"Feature","geometry":{"type":"Point","coordinates":[29.016241,41.01558]},"properties":{"kamera_kodu":"SG-0385","tur":"kavsak","yon":290,"yol_adi":"Tunus Bağı Caddesi","isikli":false,"kol":3,"ilce":"Üsküdar","mahalle":"Ahmediye Mahallesi","koni_acisi":70,"menzil_m":120}},{"type":"Feature","geometry":{"type":"Point","coordinates":[29.084559,41.024607]},"properties":{"kamera_kodu":"SG-0386","tur":"kavsak","yon":188,"yol_adi":"Bosna Bulvarı","isikli":true,"kol":2,"ilce":"Üsküdar","mahalle":"Kısıklı Mahallesi","koni_acisi":70,"menzil_m":120}},{"type":"Feature","geometry":{"type":"Point","coordinates":[29.075926,41.053251]},"properties":{"kamera_kodu":"SG-0387","tur":"kavsak","yon":158,"yol_adi":"Bosna Bulvarı","isikli":false,"kol":3,"ilce":"Üsküdar","mahalle":"Güzeltepe Mahallesi","koni_acisi":70,"menzil_m":120}},{"type":"Feature","geometry":{"type":"Point","coordinates":[29.020116,41.01883]},"properties":{"kamera_kodu":"SG-0388","tur":"meydan","yon":312,"yol_adi":"Doktor Fahri Atabey Caddesi","meydan_adi":null,"ilce":"Üsküdar","mahalle":"Valide-i Atik Mahallesi","koni_acisi":90,"menzil_m":150}},{"type":"Feature","geometry":{"type":"Point","coordinates":[29.079688,41.01832]},"properties":{"kamera_kodu":"SG-0389","tur":"okul","yon":56,"yol_adi":"Bulgurlu Caddesi","okul_adi":"Nezahat Ahmet Keleşoğlu Ortaokulu","ilce":"Üsküdar","mahalle":"Bulgurlu Mahallesi","koni_acisi":60,"menzil_m":80}},{"type":"Feature","geometry":{"type":"Point","coordinates":[29.023805,41.026838]},"properties":{"kamera_kodu":"SG-0390","tur":"okul","yon":242,"yol_adi":"Cumhuriyet Caddesi","okul_adi":"Halide Edip Adıvar Anadolu Lisesi","ilce":"Üsküdar","mahalle":"Sultantepe Mahallesi","koni_acisi":60,"menzil_m":80}},{"type":"Feature","geometry":{"type":"Point","coordinates":[29.044781,41.019085]},"properties":{"kamera_kodu":"SG-0391","tur":"okul","yon":28,"yol_adi":"Tophanelioğlu Caddesi","okul_adi":"Boğaziçi Yıldızlar Anaokulu","ilce":"Üsküdar","mahalle":"Altunizade Mahallesi","koni_acisi":60,"menzil_m":80}},{"type":"Feature","geometry":{"type":"Point","coordinates":[28.92225,41.016634]},"properties":{"kamera_kodu":"SG-0392","tur":"durak","yon":199,"yol_adi":"Profesör Doktor Necmettin Erbakan Caddesi","durak_adi":"TOPKAPI ZEYTİNBURNU","durak_turu":"durak","ilce":"Zeytinburnu","mahalle":"Merkezefendi Mahallesi","koni_acisi":50,"menzil_m":80}},{"type":"Feature","geometry":{"type":"Point","coordinates":[28.894134,40.992133]},"properties":{"kamera_kodu":"SG-0393","tur":"durak","yon":8,"yol_adi":"Profesör Doktor Turan Güneş Caddesi","durak_adi":"MATBAACILAR","durak_turu":"durak","ilce":"Zeytinburnu","mahalle":"Sümer Mahallesi","koni_acisi":50,"menzil_m":80}},{"type":"Feature","geometry":{"type":"Point","coordinates":[28.904427,40.985423]},"properties":{"kamera_kodu":"SG-0394","tur":"kavsak","yon":223,"yol_adi":"Zübeyde Hanım Caddesi","isikli":true,"kol":2,"ilce":"Zeytinburnu","mahalle":"Yenidoğan Mahallesi","koni_acisi":70,"menzil_m":120}},{"type":"Feature","geometry":{"type":"Point","coordinates":[28.911308,41.031788]},"properties":{"kamera_kodu":"SG-0395","tur":"kavsak","yon":100,"yol_adi":"Litros Maltepe Yolu","isikli":false,"kol":3,"ilce":"Zeytinburnu","mahalle":"Maltepe Mahallesi","koni_acisi":70,"menzil_m":120}},{"type":"Feature","geometry":{"type":"Point","coordinates":[28.919069,40.991622]},"properties":{"kamera_kodu":"SG-0396","tur":"kavsak","yon":28,"yol_adi":"10. Yıl Caddesi","isikli":false,"kol":3,"ilce":"Zeytinburnu","mahalle":"Kazlıçeşme Mahallesi","koni_acisi":70,"menzil_m":120}},{"type":"Feature","geometry":{"type":"Point","coordinates":[28.902997,41.019783]},"properties":{"kamera_kodu":"SG-0397","tur":"kavsak","yon":127,"yol_adi":"Yılanlı Ayazma Yolu","isikli":true,"kol":2,"ilce":"Zeytinburnu","mahalle":"Maltepe Mahallesi","koni_acisi":70,"menzil_m":120}},{"type":"Feature","geometry":{"type":"Point","coordinates":[28.904428,40.985604]},"properties":{"kamera_kodu":"SG-0398","tur":"meydan","yon":223,"yol_adi":"Zübeyde Hanım Caddesi","meydan_adi":"Zeytinburnu Meydan","ilce":"Zeytinburnu","mahalle":"Yenidoğan Mahallesi","koni_acisi":90,"menzil_m":150}},{"type":"Feature","geometry":{"type":"Point","coordinates":[28.904211,41.001715]},"properties":{"kamera_kodu":"SG-0399","tur":"okul","yon":184,"yol_adi":"Rauf Denktaş Caddesi","okul_adi":"Celaletin Gözüsulu İlkokulu","ilce":"Zeytinburnu","mahalle":"Beştelsiz Mahallesi","koni_acisi":60,"menzil_m":80}},{"type":"Feature","geometry":{"type":"Point","coordinates":[28.903744,40.990466]},"properties":{"kamera_kodu":"SG-0400","tur":"okul","yon":183,"yol_adi":"58. Bulvar Caddesi","okul_adi":"Uğur Kurs Merkezi","ilce":"Zeytinburnu","mahalle":"Gökalp Mahallesi","koni_acisi":60,"menzil_m":80}}]}