{"type":"FeatureCollection","kaynak":"Kurgusal. Konumlar OpenStreetMap yol, durak, okul ve meydan verisinden kurallı türetildi (ODbL). Gerçek kamera verisi kullanılmadı.","uretim_tarihi":"2026-09-18","tohum":20260920,"features":[{"type":"Feature","geometry":{"type":"Polygon","coordinates":[[[29.13885,40.869857],[29.137588,40.87081],[29.137858,40.870977],[29.138167,40.871102],[29.138502,40.871179],[29.13885,40.871204],[29.139198,40.871179],[29.139533,40.871102],[29.139842,40.870977],[29.140112,40.87081],[29.13885,40.869857]]]},"properties":{"kamera_kodu":"SG-0001","tur":"meydan"}},{"type":"Feature","geometry":{"type":"Polygon","coordinates":[[[28.720604,41.185303],[28.720345,41.185995],[28.720446,41.186012],[28.720549,41.18602],[28.720653,41.186021],[28.720756,41.186012],[28.720858,41.185996],[28.720956,41.185971],[28.72105,41.185938],[28.721139,41.185897],[28.720604,41.185303]]]},"properties":{"kamera_kodu":"SG-0002","tur":"durak"}},{"type":"Feature","geometry":{"type":"Polygon","coordinates":[[[28.661006,41.276326],[28.661098,41.275611],[28.660995,41.275607],[28.660891,41.275613],[28.660789,41.275626],[28.660689,41.275648],[28.660593,41.275678],[28.660502,41.275716],[28.660417,41.275761],[28.660339,41.275813],[28.661006,41.276326]]]},"properties":{"kamera_kodu":"SG-0003","tur":"durak"}},{"type":"Feature","geometry":{"type":"Polygon","coordinates":[[[28.720598,41.184288],[28.719197,41.184497],[28.719255,41.184655],[28.719345,41.184805],[28.719463,41.184943],[28.719609,41.185065],[28.719777,41.18517],[28.719964,41.185254],[28.720166,41.185316],[28.720378,41.185353],[28.720598,41.184288]]]},"properties":{"kamera_kodu":"SG-0004","tur":"kavsak"}},{"type":"Feature","geometry":{"type":"Polygon","coordinates":[[[28.625781,41.121451],[28.624577,41.122031],[28.624708,41.122162],[28.624864,41.122277],[28.625041,41.122373],[28.625235,41.122447],[28.625442,41.122498],[28.625657,41.122525],[28.625875,41.122527],[28.626091,41.122503],[28.625781,41.121451]]]},"properties":{"kamera_kodu":"SG-0005","tur":"kavsak"}},{"type":"Feature","geometry":{"type":"Polygon","coordinates":[[[28.699649,41.263294],[28.698565,41.262592],[28.698436,41.262724],[28.698336,41.26287],[28.698266,41.263026],[28.698228,41.263188],[28.698223,41.263352],[28.698251,41.263515],[28.698312,41.263673],[28.698404,41.263822],[28.699649,41.263294]]]},"properties":{"kamera_kodu":"SG-0006","tur":"kavsak"}},{"type":"Feature","geometry":{"type":"Polygon","coordinates":[[[28.783153,41.150384],[28.782707,41.14936],[28.782506,41.149423],[28.78232,41.149509],[28.782153,41.149614],[28.782009,41.149738],[28.781893,41.149877],[28.781805,41.150028],[28.781749,41.150187],[28.781725,41.15035],[28.783153,41.150384]]]},"properties":{"kamera_kodu":"SG-0007","tur":"kavsak"}},{"type":"Feature","geometry":{"type":"Polygon","coordinates":[[[28.595481,41.192622],[28.596173,41.191679],[28.595975,41.19161],[28.595765,41.191566],[28.595549,41.191545],[28.595331,41.19155],[28.595116,41.19158],[28.594911,41.191634],[28.594718,41.191711],[28.594543,41.191809],[28.595481,41.192622]]]},"properties":{"kamera_kodu":"SG-0008","tur":"kavsak"}},{"type":"Feature","geometry":{"type":"Polygon","coordinates":[[[28.745722,41.21556],[28.745557,41.216902],[28.745907,41.2169],[28.74625,41.216847],[28.746572,41.216745],[28.746862,41.216597],[28.747108,41.216409],[28.747301,41.216189],[28.747433,41.215944],[28.7475,41.215685],[28.745722,41.21556]]]},"properties":{"kamera_kodu":"SG-0009","tur":"meydan"}},{"type":"Feature","geometry":{"type":"Polygon","coordinates":[[[28.678037836666604,41.18607406529945],[28.677147,41.186327],[28.677198,41.186413],[28.677264,41.186493],[28.677343,41.186565],[28.677434,41.18663],[28.677535,41.186684],[28.677645,41.186729],[28.677761,41.186762],[28.677883,41.186783],[28.678037836666604,41.18607406529945]]]},"properties":{"kamera_kodu":"SG-0010","tur":"okul"}},{"type":"Feature","geometry":{"type":"Polygon","coordinates":[[[28.674100542115532,41.30069653051572],[28.673544,41.301279],[28.673649,41.301329],[28.673762,41.301368],[28.673882,41.301396],[28.674004,41.301412],[28.674129,41.301415],[28.674253,41.301406],[28.674374,41.301385],[28.674491,41.301352],[28.674100542115532,41.30069653051572]]]},"properties":{"kamera_kodu":"SG-0011","tur":"okul"}},{"type":"Feature","geometry":{"type":"Polygon","coordinates":[[[29.0822,41.0082],[29.081701,41.007588],[29.081615,41.007633],[29.081537,41.007684],[29.081467,41.007742],[29.081405,41.007805],[29.081352,41.007872],[29.08131,41.007944],[29.081279,41.008019],[29.081258,41.008095],[29.0822,41.0082]]]},"properties":{"kamera_kodu":"SG-0012","tur":"durak"}},{"type":"Feature","geometry":{"type":"Polygon","coordinates":[[[29.126511,40.979545],[29.127127,40.980093],[29.127202,40.980039],[29.127269,40.97998],[29.127328,40.979915],[29.127376,40.979845],[29.127414,40.979772],[29.127442,40.979697],[29.127458,40.97962],[29.127463,40.979541],[29.126511,40.979545]]]},"properties":{"kamera_kodu":"SG-0013","tur":"durak"}},{"type":"Feature","geometry":{"type":"Polygon","coordinates":[[[29.11813,40.992436],[29.117296,40.992089],[29.117251,40.99216],[29.117216,40.992234],[29.117193,40.99231],[29.11718,40.992388],[29.117179,40.992466],[29.117189,40.992544],[29.11721,40.992621],[29.117242,40.992695],[29.11813,40.992436]]]},"properties":{"kamera_kodu":"SG-0014","tur":"durak"}},{"type":"Feature","geometry":{"type":"Polygon","coordinates":[[[29.114048,40.981818],[29.114441,40.980782],[29.114228,40.980749],[29.11401,40.98074],[29.113793,40.980757],[29.113583,40.980799],[29.113383,40.980864],[29.113198,40.980952],[29.113033,40.981059],[29.112892,40.981185],[29.114048,40.981818]]]},"properties":{"kamera_kodu":"SG-0015","tur":"kavsak"}},{"type":"Feature","geometry":{"type":"Polygon","coordinates":[[[29.116709,40.962481],[29.116612,40.963557],[29.11683,40.963555],[29.117045,40.963529],[29.117253,40.963478],[29.117447,40.963404],[29.117625,40.963308],[29.117781,40.963194],[29.117912,40.963062],[29.118015,40.962917],[29.116709,40.962481]]]},"properties":{"kamera_kodu":"SG-0016","tur":"kavsak"}},{"type":"Feature","geometry":{"type":"Polygon","coordinates":[[[29.10171,40.974752],[29.101602,40.975827],[29.10182,40.975827],[29.102035,40.975802],[29.102243,40.975752],[29.102438,40.975679],[29.102617,40.975585],[29.102774,40.975471],[29.102907,40.975341],[29.103011,40.975196],[29.10171,40.974752]]]},"properties":{"kamera_kodu":"SG-0017","tur":"kavsak"}},{"type":"Feature","geometry":{"type":"Polygon","coordinates":[[[29.153634,40.992754],[29.153093,40.991756],[29.152898,40.99183],[29.15272,40.991925],[29.152564,40.99204],[29.152433,40.992171],[29.152329,40.992316],[29.152256,40.992471],[29.152215,40.992632],[29.152207,40.992797],[29.153634,40.992754]]]},"properties":{"kamera_kodu":"SG-0018","tur":"kavsak"}},{"type":"Feature","geometry":{"type":"Polygon","coordinates":[[[29.110982,40.993706],[29.109586,40.993477],[29.109556,40.99364],[29.10956,40.993804],[29.109596,40.993966],[29.109665,40.994122],[29.109764,40.994269],[29.109891,40.994402],[29.110045,40.994519],[29.110219,40.994617],[29.110982,40.993706]]]},"properties":{"kamera_kodu":"SG-0019","tur":"kavsak"}},{"type":"Feature","geometry":{"type":"Polygon","coordinates":[[[29.131834,40.994297],[29.132598,40.995515],[29.132898,40.995379],[29.133158,40.995201],[29.133366,40.994989],[29.133515,40.99475],[29.1336,40.994494],[29.133617,40.99423],[29.133566,40.993969],[29.133448,40.99372],[29.131834,40.994297]]]},"properties":{"kamera_kodu":"SG-0020","tur":"meydan"}},{"type":"Feature","geometry":{"type":"Polygon","coordinates":[[[29.115133,40.968831],[29.114699,40.970138],[29.115045,40.970177],[29.115394,40.970164],[29.115734,40.9701],[29.11605,40.969987],[29.116331,40.96983],[29.116567,40.969634],[29.116747,40.969408],[29.116865,40.969159],[29.115133,40.968831]]]},"properties":{"kamera_kodu":"SG-0021","tur":"meydan"}},{"type":"Feature","geometry":{"type":"Polygon","coordinates":[[[29.150221770967086,40.976836265358855],[29.14929,40.976688],[29.149272,40.976781],[29.149271,40.976875],[29.149286,40.976968],[29.149317,40.977059],[29.149363,40.977146],[29.149424,40.977228],[29.149498,40.977304],[29.149586,40.977371],[29.150221770967086,40.976836265358855]]]},"properties":{"kamera_kodu":"SG-0022","tur":"okul"}},{"type":"Feature","geometry":{"type":"Polygon","coordinates":[[[29.105494,41.000134],[29.105819,40.999459],[29.105699,40.999432],[29.105576,40.999418],[29.105452,40.999416],[29.105328,40.999426],[29.105207,40.999449],[29.105091,40.999483],[29.104982,40.999528],[29.104881,40.999584],[29.105494,41.000134]]]},"properties":{"kamera_kodu":"SG-0023","tur":"okul"}},{"type":"Feature","geometry":{"type":"Polygon","coordinates":[[[29.1042393755478,40.98084329558641],[29.104169,40.98156],[29.104293,40.981561],[29.104417,40.981549],[29.104538,40.981526],[29.104653,40.981491],[29.104761,40.981444],[29.104861,40.981388],[29.10495,40.981322],[29.105026,40.981248],[29.1042393755478,40.98084329558641]]]},"properties":{"kamera_kodu":"SG-0024","tur":"okul"}},{"type":"Feature","geometry":{"type":"Polygon","coordinates":[[[28.745394,40.977829],[28.744761,40.977292],[28.744687,40.977347],[28.744622,40.977408],[28.744566,40.977474],[28.74452,40.977544],[28.744484,40.977618],[28.744459,40.977694],[28.744445,40.977771],[28.744442,40.97785],[28.745394,40.977829]]]},"properties":{"kamera_kodu":"SG-0025","tur":"durak"}},{"type":"Feature","geometry":{"type":"Polygon","coordinates":[[[28.740438,41.062896],[28.740882,41.063532],[28.740971,41.063492],[28.741053,41.063444],[28.741129,41.063391],[28.741196,41.063331],[28.741254,41.063266],[28.741303,41.063197],[28.741341,41.063124],[28.741369,41.063048],[28.740438,41.062896]]]},"properties":{"kamera_kodu":"SG-0026","tur":"durak"}},{"type":"Feature","geometry":{"type":"Polygon","coordinates":[[[28.713808,40.974144],[28.712993,40.973259],[28.712824,40.973363],[28.712678,40.973485],[28.712558,40.973622],[28.712467,40.973772],[28.712408,40.97393],[28.712381,40.974093],[28.712388,40.974258],[28.712427,40.97442],[28.713808,40.974144]]]},"properties":{"kamera_kodu":"SG-0027","tur":"kavsak"}},{"type":"Feature","geometry":{"type":"Polygon","coordinates":[[[28.707686,41.004679],[28.706297,41.004929],[28.706363,41.005085],[28.70646,41.005233],[28.706586,41.005367],[28.706738,41.005485],[28.706911,41.005585],[28.707103,41.005663],[28.707308,41.005719],[28.707522,41.00575],[28.707686,41.004679]]]},"properties":{"kamera_kodu":"SG-0028","tur":"kavsak"}},{"type":"Feature","geometry":{"type":"Polygon","coordinates":[[[28.733222,40.980465],[28.732606,40.979492],[28.732417,40.979575],[28.732247,40.979677],[28.7321,40.979798],[28.731978,40.979935],[28.731886,40.980084],[28.731825,40.980242],[28.731796,40.980405],[28.7318,40.980569],[28.733222,40.980465]]]},"properties":{"kamera_kodu":"SG-0029","tur":"kavsak"}},{"type":"Feature","geometry":{"type":"Polygon","coordinates":[[[28.698391,40.98903],[28.699266,40.988178],[28.699084,40.988087],[28.698886,40.988019],[28.698676,40.987974],[28.69846,40.987953],[28.698242,40.987958],[28.698028,40.987987],[28.697822,40.988041],[28.697629,40.988118],[28.698391,40.98903]]]},"properties":{"kamera_kodu":"SG-0030","tur":"kavsak"}},{"type":"Feature","geometry":{"type":"Polygon","coordinates":[[[28.685358,41.052847],[28.683986,41.053146],[28.684062,41.0533],[28.684168,41.053443],[28.684302,41.053573],[28.684461,41.053686],[28.68464,41.053779],[28.684837,41.053851],[28.685045,41.053899],[28.685261,41.053922],[28.685358,41.052847]]]},"properties":{"kamera_kodu":"SG-0031","tur":"kavsak"}},{"type":"Feature","geometry":{"type":"Polygon","coordinates":[[[28.717479,40.971376],[28.719119,40.971909],[28.719225,40.971657],[28.719264,40.971394],[28.719235,40.971131],[28.719138,40.970877],[28.718977,40.970643],[28.718759,40.970436],[28.718491,40.970266],[28.718185,40.970138],[28.717479,40.971376]]]},"properties":{"kamera_kodu":"SG-0032","tur":"meydan"}},{"type":"Feature","geometry":{"type":"Polygon","coordinates":[[[28.71159297185557,40.99169578053862],[28.712536,40.991594],[28.71251,40.991502],[28.712469,40.991413],[28.712412,40.991329],[28.712342,40.991252],[28.712259,40.991182],[28.712164,40.991121],[28.71206,40.991069],[28.711947,40.991029],[28.71159297185557,40.99169578053862]]]},"properties":{"kamera_kodu":"SG-0033","tur":"okul"}},{"type":"Feature","geometry":{"type":"Polygon","coordinates":[[[28.739797570196597,40.98182060918466],[28.740692,40.982068],[28.740727,40.981978],[28.740746,40.981885],[28.740749,40.981791],[28.740736,40.981697],[28.740706,40.981606],[28.740661,40.981518],[28.740602,40.981436],[28.740528,40.98136],[28.739797570196597,40.98182060918466]]]},"properties":{"kamera_kodu":"SG-0034","tur":"okul"}},{"type":"Feature","geometry":{"type":"Polygon","coordinates":[[[28.70919519848177,41.06466340998591],[28.709655,41.064034],[28.709542,41.063994],[28.709423,41.063966],[28.7093,41.063949],[28.709176,41.063945],[28.709052,41.063953],[28.70893,41.063973],[28.708813,41.064005],[28.708703,41.064048],[28.70919519848177,41.06466340998591]]]},"properties":{"kamera_kodu":"SG-0035","tur":"okul"}},{"type":"Feature","geometry":{"type":"Polygon","coordinates":[[[28.828497,41.030414],[28.827959,41.029821],[28.827877,41.029869],[28.827802,41.029923],[28.827735,41.029983],[28.827677,41.030048],[28.827629,41.030118],[28.827592,41.030191],[28.827565,41.030267],[28.827549,41.030344],[28.828497,41.030414]]]},"properties":{"kamera_kodu":"SG-0036","tur":"durak"}},{"type":"Feature","geometry":{"type":"Polygon","coordinates":[[[28.813692,41.03779],[28.813219,41.038414],[28.813312,41.038449],[28.813409,41.038476],[28.81351,41.038495],[28.813613,41.038506],[28.813717,41.038508],[28.81382,41.038502],[28.813922,41.038487],[28.814021,41.038464],[28.813692,41.03779]]]},"properties":{"kamera_kodu":"SG-0037","tur":"durak"}},{"type":"Feature","geometry":{"type":"Polygon","coordinates":[[[28.840274,41.065424],[28.839324,41.065474],[28.839337,41.065552],[28.839361,41.065628],[28.839396,41.065702],[28.839441,41.065773],[28.839497,41.065839],[28.839561,41.0659],[28.839634,41.065956],[28.839715,41.066006],[28.840274,41.065424]]]},"properties":{"kamera_kodu":"SG-0038","tur":"durak"}},{"type":"Feature","geometry":{"type":"Polygon","coordinates":[[[28.837375,41.030848],[28.83621,41.030224],[28.836098,41.030365],[28.836015,41.030518],[28.835965,41.030677],[28.835947,41.030841],[28.835962,41.031005],[28.83601,41.031166],[28.83609,41.031319],[28.8362,41.031461],[28.837375,41.030848]]]},"properties":{"kamera_kodu":"SG-0039","tur":"kavsak"}},{"type":"Feature","geometry":{"type":"Polygon","coordinates":[[[28.855049,41.054158],[28.856318,41.054653],[28.856403,41.054501],[28.856456,41.054342],[28.856477,41.054178],[28.856465,41.054014],[28.856419,41.053853],[28.856342,41.053699],[28.856234,41.053556],[28.856099,41.053427],[28.855049,41.054158]]]},"properties":{"kamera_kodu":"SG-0040","tur":"kavsak"}},{"type":"Feature","geometry":{"type":"Polygon","coordinates":[[[28.809588,41.04193],[28.810621,41.041186],[28.810459,41.041076],[28.810277,41.040986],[28.810079,41.040918],[28.809869,41.040873],[28.809653,41.040853],[28.809435,41.040858],[28.80922,41.040888],[28.809015,41.040943],[28.809588,41.04193]]]},"properties":{"kamera_kodu":"SG-0041","tur":"kavsak"}},{"type":"Feature","geometry":{"type":"Polygon","coordinates":[[[28.813972,41.058338],[28.813407,41.059328],[28.813613,41.059381],[28.813827,41.05941],[28.814045,41.059415],[28.814261,41.059394],[28.814471,41.059348],[28.814669,41.059279],[28.81485,41.059188],[28.815011,41.059077],[28.813972,41.058338]]]},"properties":{"kamera_kodu":"SG-0042","tur":"kavsak"}},{"type":"Feature","geometry":{"type":"Polygon","coordinates":[[[28.841469485121028,41.03793642883011],[28.840673,41.03833],[28.840748,41.038405],[28.840835,41.038472],[28.840933,41.03853],[28.84104,41.038578],[28.841155,41.038615],[28.841275,41.03864],[28.841398,41.038653],[28.841523,41.038654],[28.841469485121028,41.03793642883011]]]},"properties":{"kamera_kodu":"SG-0043","tur":"okul"}},{"type":"Feature","geometry":{"type":"Polygon","coordinates":[[[28.821960128711236,41.022540193291505],[28.821014,41.022456],[28.821008,41.02255],[28.821018,41.022644],[28.821044,41.022736],[28.821085,41.022824],[28.821142,41.022908],[28.821213,41.022985],[28.821296,41.023055],[28.821391,41.023116],[28.821960128711236,41.022540193291505]]]},"properties":{"kamera_kodu":"SG-0044","tur":"okul"}},{"type":"Feature","geometry":{"type":"Polygon","coordinates":[[[28.822527145167403,41.04519284759165],[28.821719,41.044813],[28.82166,41.044896],[28.821616,41.044984],[28.821588,41.045075],[28.821575,41.045169],[28.821579,41.045263],[28.8216,41.045356],[28.821636,41.045446],[28.821687,41.045531],[28.822527145167403,41.04519284759165]]]},"properties":{"kamera_kodu":"SG-0045","tur":"okul"}},{"type":"Feature","geometry":{"type":"Polygon","coordinates":[[[28.834161,41.001857],[28.834615,41.001225],[28.834521,41.001192],[28.834423,41.001166],[28.834322,41.001149],[28.834219,41.00114],[28.834115,41.001139],[28.834012,41.001147],[28.83391,41.001164],[28.833812,41.001188],[28.834161,41.001857]]]},"properties":{"kamera_kodu":"SG-0046","tur":"durak"}},{"type":"Feature","geometry":{"type":"Polygon","coordinates":[[[28.822653,41.016447],[28.821901,41.016006],[28.821842,41.016071],[28.821792,41.01614],[28.821753,41.016212],[28.821724,41.016288],[28.821707,41.016365],[28.821701,41.016443],[28.821706,41.016521],[28.821722,41.016599],[28.822653,41.016447]]]},"properties":{"kamera_kodu":"SG-0047","tur":"durak"}},{"type":"Feature","geometry":{"type":"Polygon","coordinates":[[[28.850215,40.996364],[28.849757,40.997385],[28.849968,40.997426],[28.850185,40.997442],[28.850403,40.997433],[28.850616,40.997399],[28.85082,40.99734],[28.85101,40.99726],[28.851181,40.997158],[28.85133,40.997038],[28.850215,40.996364]]]},"properties":{"kamera_kodu":"SG-0048","tur":"kavsak"}},{"type":"Feature","geometry":{"type":"Polygon","coordinates":[[[28.808955,41.027731],[28.809546,41.02675],[28.809341,41.026693],[28.809127,41.026661],[28.80891,41.026654],[28.808693,41.026671],[28.808482,41.026714],[28.808283,41.02678],[28.808099,41.026868],[28.807935,41.026976],[28.808955,41.027731]]]},"properties":{"kamera_kodu":"SG-0049","tur":"kavsak"}},{"type":"Feature","geometry":{"type":"Polygon","coordinates":[[[28.828131,40.995983],[28.829287,40.99535],[28.829146,40.995225],[28.828981,40.995117],[28.828797,40.995029],[28.828597,40.994964],[28.828386,40.994922],[28.828169,40.994905],[28.827952,40.994914],[28.827738,40.994947],[28.828131,40.995983]]]},"properties":{"kamera_kodu":"SG-0050","tur":"kavsak"}},{"type":"Feature","geometry":{"type":"Polygon","coordinates":[[[28.810155,41.008633],[28.809425,41.007706],[28.809247,41.007801],[28.80909,41.007915],[28.808957,41.008045],[28.808853,41.00819],[28.808779,41.008344],[28.808737,41.008506],[28.808728,41.00867],[28.808752,41.008834],[28.810155,41.008633]]]},"properties":{"kamera_kodu":"SG-0051","tur":"kavsak"}},{"type":"Feature","geometry":{"type":"Polygon","coordinates":[[[28.845545,40.992206],[28.844208,40.991313],[28.844003,40.991527],[28.843857,40.991767],[28.843776,40.992024],[28.843763,40.992288],[28.843818,40.992549],[28.84394,40.992796],[28.844124,40.993021],[28.844362,40.993215],[28.845545,40.992206]]]},"properties":{"kamera_kodu":"SG-0052","tur":"meydan"}},{"type":"Feature","geometry":{"type":"Polygon","coordinates":[[[28.858380625933282,41.0149064607339],[28.859249,41.015201],[28.859293,41.015113],[28.859321,41.015022],[28.859332,41.014928],[28.859328,41.014834],[28.859307,41.014741],[28.859271,41.014652],[28.859219,41.014566],[28.859153,41.014486],[28.858380625933282,41.0149064607339]]]},"properties":{"kamera_kodu":"SG-0053","tur":"okul"}},{"type":"Feature","geometry":{"type":"Polygon","coordinates":[[[28.860089802350647,40.99987133692363],[28.860429,41.000543],[28.860542,41.000504],[28.860647,41.000454],[28.860743,41.000394],[28.860828,41.000325],[28.8609,41.000248],[28.860959,41.000165],[28.861002,41.000077],[28.86103,40.999986],[28.860089802350647,40.99987133692363]]]},"properties":{"kamera_kodu":"SG-0054","tur":"okul"}},{"type":"Feature","geometry":{"type":"Polygon","coordinates":[[[28.844407650163692,40.992008883959286],[28.843562,40.991679],[28.843512,40.991765],[28.843477,40.991855],[28.843459,40.991948],[28.843456,40.992042],[28.84347,40.992136],[28.8435,40.992227],[28.843546,40.992314],[28.843606,40.992397],[28.844407650163692,40.992008883959286]]]},"properties":{"kamera_kodu":"SG-0055","tur":"okul"}},{"type":"Feature","geometry":{"type":"Polygon","coordinates":[[[28.889099,41.002387],[28.888439,41.001869],[28.888368,41.001926],[28.888306,41.001989],[28.888253,41.002057],[28.888211,41.002128],[28.888179,41.002203],[28.888158,41.002279],[28.888148,41.002357],[28.888149,41.002436],[28.889099,41.002387]]]},"properties":{"kamera_kodu":"SG-0056","tur":"durak"}},{"type":"Feature","geometry":{"type":"Polygon","coordinates":[[[28.866059,40.982339],[28.865388,40.982849],[28.865465,40.982901],[28.86555,40.982946],[28.86564,40.982985],[28.865736,40.983015],[28.865836,40.983038],[28.865938,40.983052],[28.866041,40.983058],[28.866145,40.983055],[28.866059,40.982339]]]},"properties":{"kamera_kodu":"SG-0057","tur":"durak"}},{"type":"Feature","geometry":{"type":"Polygon","coordinates":[[[28.825358,40.963201],[28.826258,40.963437],[28.826286,40.963361],[28.826304,40.963284],[28.82631,40.963206],[28.826305,40.963128],[28.826289,40.96305],[28.826262,40.962975],[28.826224,40.962902],[28.826176,40.962833],[28.825358,40.963201]]]},"properties":{"kamera_kodu":"SG-0058","tur":"durak"}},{"type":"Feature","geometry":{"type":"Polygon","coordinates":[[[28.789844,40.971861],[28.791248,40.972058],[28.791272,40.971894],[28.791262,40.97173],[28.791219,40.971569],[28.791144,40.971414],[28.791039,40.97127],[28.790906,40.97114],[28.790748,40.971026],[28.790569,40.970932],[28.789844,40.971861]]]},"properties":{"kamera_kodu":"SG-0059","tur":"kavsak"}},{"type":"Feature","geometry":{"type":"Polygon","coordinates":[[[28.837119,40.964821],[28.837297,40.965891],[28.837511,40.965858],[28.837715,40.965801],[28.837906,40.965721],[28.838078,40.96562],[28.838228,40.965501],[28.838352,40.965365],[28.838447,40.965218],[28.838512,40.96506],[28.837119,40.964821]]]},"properties":{"kamera_kodu":"SG-0060","tur":"kavsak"}},{"type":"Feature","geometry":{"type":"Polygon","coordinates":[[[28.872426,40.978225],[28.87136,40.977507],[28.871228,40.977638],[28.871124,40.977783],[28.871049,40.977937],[28.871008,40.978099],[28.870999,40.978263],[28.871023,40.978426],[28.87108,40.978585],[28.871168,40.978736],[28.872426,40.978225]]]},"properties":{"kamera_kodu":"SG-0061","tur":"kavsak"}},{"type":"Feature","geometry":{"type":"Polygon","coordinates":[[[28.866813,40.994165],[28.867448,40.9932],[28.867246,40.993138],[28.867034,40.9931],[28.866817,40.993087],[28.8666,40.993099],[28.866387,40.993136],[28.866185,40.993197],[28.865997,40.99328],[28.865828,40.993384],[28.866813,40.994165]]]},"properties":{"kamera_kodu":"SG-0062","tur":"kavsak"}},{"type":"Feature","geometry":{"type":"Polygon","coordinates":[[[28.843734,40.991004],[28.845085,40.991885],[28.845287,40.991669],[28.845429,40.991428],[28.845506,40.99117],[28.845515,40.990906],[28.845455,40.990646],[28.84533,40.990399],[28.845143,40.990176],[28.844902,40.989985],[28.843734,40.991004]]]},"properties":{"kamera_kodu":"SG-0063","tur":"meydan"}},{"type":"Feature","geometry":{"type":"Polygon","coordinates":[[[28.82082,40.95801],[28.819998,40.958373],[28.820068,40.958451],[28.820151,40.958521],[28.820245,40.958583],[28.820349,40.958635],[28.820461,40.958676],[28.820579,40.958705],[28.820702,40.958723],[28.820826,40.958729],[28.82082,40.95801]]]},"properties":{"kamera_kodu":"SG-0064","tur":"okul"}},{"type":"Feature","geometry":{"type":"Polygon","coordinates":[[[28.792611656026864,40.98415962512236],[28.792722,40.983446],[28.792597,40.983441],[28.792473,40.983449],[28.792351,40.983468],[28.792234,40.9835],[28.792123,40.983543],[28.792021,40.983596],[28.791928,40.983659],[28.791848,40.983731],[28.792611656026864,40.98415962512236]]]},"properties":{"kamera_kodu":"SG-0065","tur":"okul"}},{"type":"Feature","geometry":{"type":"Polygon","coordinates":[[[28.802715,41.112282],[28.802275,41.112919],[28.80237,41.112952],[28.802468,41.112976],[28.80257,41.112992],[28.802673,41.113],[28.802777,41.112999],[28.80288,41.11299],[28.802981,41.112972],[28.803079,41.112946],[28.802715,41.112282]]]},"properties":{"kamera_kodu":"SG-0066","tur":"durak"}},{"type":"Feature","geometry":{"type":"Polygon","coordinates":[[[28.68432,41.067099],[28.683766,41.067684],[28.683854,41.067726],[28.683947,41.06776],[28.684045,41.067787],[28.684146,41.067806],[28.684249,41.067816],[28.684353,41.067817],[28.684456,41.06781],[28.684558,41.067795],[28.68432,41.067099]]]},"properties":{"kamera_kodu":"SG-0067","tur":"durak"}},{"type":"Feature","geometry":{"type":"Polygon","coordinates":[[[28.78653,41.074482],[28.78671,41.073776],[28.786607,41.073766],[28.786503,41.073764],[28.7864,41.07377],[28.786298,41.073785],[28.786199,41.073808],[28.786103,41.07384],[28.786013,41.073878],[28.785929,41.073924],[28.78653,41.074482]]]},"properties":{"kamera_kodu":"SG-0068","tur":"durak"}},{"type":"Feature","geometry":{"type":"Polygon","coordinates":[[[28.766509,41.119551],[28.765821,41.119054],[28.765754,41.119113],[28.765695,41.119178],[28.765646,41.119247],[28.765607,41.11932],[28.765579,41.119395],[28.765562,41.119473],[28.765557,41.119551],[28.765562,41.119629],[28.766509,41.119551]]]},"properties":{"kamera_kodu":"SG-0069","tur":"durak"}},{"type":"Feature","geometry":{"type":"Polygon","coordinates":[[[28.766567,41.119721],[28.76578,41.12062],[28.76597,41.1207],[28.766174,41.120757],[28.766388,41.12079],[28.766606,41.120799],[28.766822,41.120782],[28.767033,41.12074],[28.767233,41.120675],[28.767418,41.120587],[28.766567,41.119721]]]},"properties":{"kamera_kodu":"SG-0070","tur":"kavsak"}},{"type":"Feature","geometry":{"type":"Polygon","coordinates":[[[28.793506,41.079799],[28.794351,41.07893],[28.794166,41.078843],[28.793966,41.078778],[28.793755,41.078738],[28.793538,41.078721],[28.793321,41.07873],[28.793107,41.078764],[28.792903,41.078822],[28.792713,41.078902],[28.793506,41.079799]]]},"properties":{"kamera_kodu":"SG-0071","tur":"kavsak"}},{"type":"Feature","geometry":{"type":"Polygon","coordinates":[[[28.788286,41.102168],[28.787286,41.101399],[28.787142,41.101522],[28.787025,41.101661],[28.786938,41.101812],[28.786882,41.101971],[28.786858,41.102134],[28.786868,41.102299],[28.786911,41.10246],[28.786986,41.102614],[28.788286,41.102168]]]},"properties":{"kamera_kodu":"SG-0072","tur":"kavsak"}},{"type":"Feature","geometry":{"type":"Polygon","coordinates":[[[28.753633,41.092325],[28.754157,41.091322],[28.753948,41.091274],[28.753733,41.09125],[28.753515,41.091251],[28.7533,41.091277],[28.753092,41.091327],[28.752898,41.091401],[28.75272,41.091496],[28.752563,41.091611],[28.753633,41.092325]]]},"properties":{"kamera_kodu":"SG-0073","tur":"kavsak"}},{"type":"Feature","geometry":{"type":"Polygon","coordinates":[[[28.767248,41.063148],[28.7678,41.064142],[28.767994,41.064067],[28.768171,41.063971],[28.768326,41.063855],[28.768456,41.063723],[28.768558,41.063578],[28.768629,41.063422],[28.768669,41.063261],[28.768675,41.063096],[28.767248,41.063148]]]},"properties":{"kamera_kodu":"SG-0074","tur":"kavsak"}},{"type":"Feature","geometry":{"type":"Polygon","coordinates":[[[28.675309,41.063809],[28.673964,41.063447],[28.673906,41.063606],[28.673882,41.063769],[28.67389,41.063933],[28.673932,41.064095],[28.674005,41.06425],[28.674109,41.064394],[28.674241,41.064525],[28.674398,41.064639],[28.675309,41.063809]]]},"properties":{"kamera_kodu":"SG-0075","tur":"kavsak"}},{"type":"Feature","geometry":{"type":"Polygon","coordinates":[[[28.771361,41.119478],[28.772653,41.118548],[28.772388,41.118376],[28.772083,41.118246],[28.771751,41.118163],[28.771403,41.118131],[28.771054,41.118151],[28.770717,41.118221],[28.770404,41.11834],[28.770129,41.118503],[28.771361,41.119478]]]},"properties":{"kamera_kodu":"SG-0076","tur":"meydan"}},{"type":"Feature","geometry":{"type":"Polygon","coordinates":[[[28.800261099522924,41.10267985670695],[28.800923,41.102163],[28.800828,41.102102],[28.800723,41.102051],[28.80061,41.102011],[28.800492,41.101983],[28.800369,41.101966],[28.800245,41.101961],[28.80012,41.101969],[28.799999,41.101989],[28.800261099522924,41.10267985670695]]]},"properties":{"kamera_kodu":"SG-0077","tur":"okul"}},{"type":"Feature","geometry":{"type":"Polygon","coordinates":[[[28.739659,41.111104],[28.740141,41.111724],[28.740244,41.111671],[28.740337,41.111609],[28.740419,41.111537],[28.740487,41.111459],[28.740541,41.111374],[28.740581,41.111285],[28.740604,41.111193],[28.740611,41.111099],[28.739659,41.111104]]]},"properties":{"kamera_kodu":"SG-0078","tur":"okul"}},{"type":"Feature","geometry":{"type":"Polygon","coordinates":[[[28.789251392174428,41.14059077055023],[28.789193,41.141308],[28.789317,41.141308],[28.789441,41.141295],[28.789561,41.14127],[28.789676,41.141234],[28.789783,41.141187],[28.789882,41.141129],[28.78997,41.141063],[28.790045,41.140988],[28.789251392174428,41.14059077055023]]]},"properties":{"kamera_kodu":"SG-0079","tur":"okul"}},{"type":"Feature","geometry":{"type":"Polygon","coordinates":[[[28.896431,41.055716],[28.895658,41.056136],[28.895724,41.056197],[28.895797,41.056252],[28.895878,41.056301],[28.895966,41.056343],[28.896059,41.056378],[28.896157,41.056404],[28.896258,41.056423],[28.896361,41.056433],[28.896431,41.055716]]]},"properties":{"kamera_kodu":"SG-0080","tur":"durak"}},{"type":"Feature","geometry":{"type":"Polygon","coordinates":[[[28.895482,41.068564],[28.894578,41.06879],[28.894616,41.068863],[28.894665,41.068933],[28.894723,41.068998],[28.89479,41.069057],[28.894865,41.069111],[28.894948,41.069159],[28.895037,41.069199],[28.895131,41.069232],[28.895482,41.068564]]]},"properties":{"kamera_kodu":"SG-0081","tur":"durak"}},{"type":"Feature","geometry":{"type":"Polygon","coordinates":[[[28.884961,41.073711],[28.885222,41.074402],[28.88532,41.074377],[28.885414,41.074343],[28.885502,41.074302],[28.885584,41.074254],[28.885659,41.0742],[28.885725,41.07414],[28.885783,41.074074],[28.88583,41.074005],[28.884961,41.073711]]]},"properties":{"kamera_kodu":"SG-0082","tur":"durak"}},{"type":"Feature","geometry":{"type":"Polygon","coordinates":[[[28.886072,41.066551],[28.887231,41.065921],[28.88709,41.065795],[28.886926,41.065687],[28.886742,41.065599],[28.886542,41.065533],[28.886331,41.065491],[28.886114,41.065474],[28.885897,41.065481],[28.885683,41.065514],[28.886072,41.066551]]]},"properties":{"kamera_kodu":"SG-0083","tur":"kavsak"}},{"type":"Feature","geometry":{"type":"Polygon","coordinates":[[[28.914996,41.047268],[28.916285,41.046804],[28.916177,41.046661],[28.916041,41.046533],[28.91588,41.046422],[28.9157,41.04633],[28.915502,41.04626],[28.915293,41.046214],[28.915077,41.046192],[28.914859,41.046195],[28.914996,41.047268]]]},"properties":{"kamera_kodu":"SG-0084","tur":"kavsak"}},{"type":"Feature","geometry":{"type":"Polygon","coordinates":[[[28.899368,41.044363],[28.899913,41.043367],[28.899706,41.043316],[28.899491,41.043289],[28.899273,41.043287],[28.899057,41.043311],[28.898849,41.043359],[28.898652,41.04343],[28.898472,41.043523],[28.898314,41.043636],[28.899368,41.044363]]]},"properties":{"kamera_kodu":"SG-0085","tur":"kavsak"}},{"type":"Feature","geometry":{"type":"Polygon","coordinates":[[[28.896227,41.060935],[28.894818,41.060757],[28.894799,41.060921],[28.894813,41.061085],[28.894859,41.061245],[28.894938,41.061399],[28.895046,41.061541],[28.895182,41.06167],[28.895342,41.061781],[28.895523,41.061873],[28.896227,41.060935]]]},"properties":{"kamera_kodu":"SG-0086","tur":"kavsak"}},{"type":"Feature","geometry":{"type":"Polygon","coordinates":[[[28.900215926697033,41.048396715184104],[28.899721,41.049011],[28.899832,41.049054],[28.899949,41.049086],[28.90007,41.049107],[28.900194,41.049115],[28.900319,41.049111],[28.900441,41.049095],[28.90056,41.049067],[28.900673,41.049027],[28.900215926697033,41.048396715184104]]]},"properties":{"kamera_kodu":"SG-0087","tur":"okul"}},{"type":"Feature","geometry":{"type":"Polygon","coordinates":[[[28.910553752832183,41.03874208513743],[28.909652,41.038511],[28.90962,41.038602],[28.909604,41.038695],[28.909604,41.038789],[28.90962,41.038882],[28.909652,41.038973],[28.9097,41.03906],[28.909762,41.039141],[28.909838,41.039216],[28.910553752832183,41.03874208513743]]]},"properties":{"kamera_kodu":"SG-0088","tur":"okul"}},{"type":"Feature","geometry":{"type":"Polygon","coordinates":[[[29.037541,41.082344],[29.037197,41.081674],[29.037103,41.081706],[29.037013,41.081746],[29.03693,41.081793],[29.036854,41.081846],[29.036787,41.081906],[29.036728,41.08197],[29.036679,41.082039],[29.03664,41.082112],[29.037541,41.082344]]]},"properties":{"kamera_kodu":"SG-0089","tur":"durak"}},{"type":"Feature","geometry":{"type":"Polygon","coordinates":[[[29.014219,41.065713],[29.015097,41.065436],[29.015052,41.065365],[29.014997,41.065299],[29.014933,41.065237],[29.01486,41.065181],[29.014779,41.065132],[29.014692,41.065089],[29.014599,41.065054],[29.014502,41.065027],[29.014219,41.065713]]]},"properties":{"kamera_kodu":"SG-0090","tur":"durak"}},{"type":"Feature","geometry":{"type":"Polygon","coordinates":[[[29.028208,41.049215],[29.026961,41.048689],[29.02687,41.048839],[29.026809,41.048997],[29.026782,41.04916],[29.026787,41.049324],[29.026826,41.049486],[29.026896,41.049642],[29.026998,41.049787],[29.027127,41.04992],[29.028208,41.049215]]]},"properties":{"kamera_kodu":"SG-0091","tur":"kavsak"}},{"type":"Feature","geometry":{"type":"Polygon","coordinates":[[[29.009705,41.055745],[29.009065,41.056709],[29.009267,41.056771],[29.009479,41.056809],[29.009696,41.056823],[29.009914,41.056811],[29.010126,41.056775],[29.010329,41.056715],[29.010517,41.056632],[29.010686,41.056528],[29.009705,41.055745]]]},"properties":{"kamera_kodu":"SG-0092","tur":"kavsak"}},{"type":"Feature","geometry":{"type":"Polygon","coordinates":[[[29.017219,41.08757],[29.017623,41.086536],[29.01741,41.086502],[29.017193,41.086492],[29.016976,41.086508],[29.016764,41.086548],[29.016564,41.086612],[29.016378,41.086699],[29.016212,41.086805],[29.01607,41.08693],[29.017219,41.08757]]]},"properties":{"kamera_kodu":"SG-0093","tur":"kavsak"}},{"type":"Feature","geometry":{"type":"Polygon","coordinates":[[[29.029793,41.078446],[29.03013,41.079494],[29.030337,41.079443],[29.030532,41.079369],[29.030709,41.079273],[29.030865,41.079158],[29.030996,41.079027],[29.031099,41.078882],[29.031172,41.078727],[29.031213,41.078565],[29.029793,41.078446]]]},"properties":{"kamera_kodu":"SG-0094","tur":"kavsak"}},{"type":"Feature","geometry":{"type":"Polygon","coordinates":[[[29.006988,41.041728],[29.00782,41.04292],[29.008112,41.042775],[29.008361,41.042589],[29.008558,41.04237],[29.008693,41.042127],[29.008764,41.041868],[29.008766,41.041604],[29.0087,41.041345],[29.008568,41.0411],[29.006988,41.041728]]]},"properties":{"kamera_kodu":"SG-0095","tur":"meydan"}},{"type":"Feature","geometry":{"type":"Polygon","coordinates":[[[29.012891184871165,41.043410591362004],[29.013569,41.043915],[29.01365,41.043844],[29.013719,41.043766],[29.013773,41.043681],[29.013813,41.043592],[29.013836,41.0435],[29.013843,41.043406],[29.013834,41.043312],[29.013809,41.04322],[29.012891184871165,41.043410591362004]]]},"properties":{"kamera_kodu":"SG-0096","tur":"okul"}},{"type":"Feature","geometry":{"type":"Polygon","coordinates":[[[29.023518427170394,41.078450334160664],[29.022692,41.078808],[29.022761,41.078886],[29.022843,41.078957],[29.022937,41.079019],[29.02304,41.079072],[29.023152,41.079113],[29.023269,41.079144],[29.023391,41.079163],[29.023516,41.079169],[29.023518427170394,41.078450334160664]]]},"properties":{"kamera_kodu":"SG-0097","tur":"okul"}},{"type":"Feature","geometry":{"type":"Polygon","coordinates":[[[29.128162,41.050857],[29.128656,41.051471],[29.128742,41.051427],[29.128821,41.051376],[29.128892,41.051319],[29.128954,41.051256],[29.129007,41.051189],[29.12905,41.051117],[29.129082,41.051043],[29.129103,41.050966],[29.128162,41.050857]]]},"properties":{"kamera_kodu":"SG-0098","tur":"durak"}},{"type":"Feature","geometry":{"type":"Polygon","coordinates":[[[29.0875,41.147904],[29.087466,41.148622],[29.087569,41.148621],[29.087672,41.148611],[29.087773,41.148592],[29.087871,41.148566],[29.087964,41.148531],[29.088052,41.14849],[29.088133,41.148441],[29.088207,41.148386],[29.0875,41.147904]]]},"properties":{"kamera_kodu":"SG-0099","tur":"durak"}},{"type":"Feature","geometry":{"type":"Polygon","coordinates":[[[29.21585,41.220429],[29.215148,41.219944],[29.215082,41.220004],[29.215025,41.22007],[29.214978,41.22014],[29.214942,41.220213],[29.214916,41.220289],[29.214901,41.220366],[29.214898,41.220445],[29.214906,41.220523],[29.21585,41.220429]]]},"properties":{"kamera_kodu":"SG-0100","tur":"durak"}},{"type":"Feature","geometry":{"type":"Polygon","coordinates":[[[29.088801,41.135538],[29.090216,41.135389],[29.090169,41.135228],[29.090091,41.135075],[29.089982,41.134932],[29.089846,41.134803],[29.089686,41.134692],[29.089505,41.1346],[29.089308,41.13453],[29.089099,41.134484],[29.088801,41.135538]]]},"properties":{"kamera_kodu":"SG-0101","tur":"kavsak"}},{"type":"Feature","geometry":{"type":"Polygon","coordinates":[[[29.095903,41.062142],[29.096583,41.061194],[29.096384,41.061127],[29.096173,41.061084],[29.095957,41.061065],[29.095739,41.061071],[29.095525,41.061102],[29.09532,41.061158],[29.095129,41.061236],[29.094955,41.061336],[29.095903,41.062142]]]},"properties":{"kamera_kodu":"SG-0102","tur":"kavsak"}},{"type":"Feature","geometry":{"type":"Polygon","coordinates":[[[29.172939,41.14525],[29.173894,41.146052],[29.174045,41.145933],[29.174169,41.145798],[29.174265,41.14565],[29.174331,41.145493],[29.174363,41.145331],[29.174363,41.145166],[29.17433,41.145004],[29.174264,41.144847],[29.172939,41.14525]]]},"properties":{"kamera_kodu":"SG-0103","tur":"kavsak"}},{"type":"Feature","geometry":{"type":"Polygon","coordinates":[[[29.212922,41.194257],[29.212701,41.193192],[29.212489,41.19323],[29.212287,41.193291],[29.2121,41.193375],[29.211932,41.19348],[29.211787,41.193603],[29.211668,41.193741],[29.211579,41.193891],[29.21152,41.194049],[29.212922,41.194257]]]},"properties":{"kamera_kodu":"SG-0104","tur":"kavsak"}},{"type":"Feature","geometry":{"type":"Polygon","coordinates":[[[29.098047,41.126323],[29.099813,41.126126],[29.099728,41.125869],[29.099579,41.12563],[29.09937,41.125418],[29.099111,41.125241],[29.098811,41.125105],[29.098481,41.125016],[29.098135,41.124977],[29.097785,41.12499],[29.098047,41.126323]]]},"properties":{"kamera_kodu":"SG-0105","tur":"meydan"}},{"type":"Feature","geometry":{"type":"Polygon","coordinates":[[[29.115799212653208,41.15053239397658],[29.116425,41.151074],[29.116513,41.151008],[29.116589,41.150934],[29.116652,41.150852],[29.1167,41.150766],[29.116732,41.150675],[29.116749,41.150582],[29.11675,41.150488],[29.116734,41.150395],[29.115799212653208,41.15053239397658]]]},"properties":{"kamera_kodu":"SG-0106","tur":"okul"}},{"type":"Feature","geometry":{"type":"Polygon","coordinates":[[[29.218087015777307,41.20335895124322],[29.217718,41.204022],[29.217836,41.204052],[29.217958,41.204071],[29.218082,41.204078],[29.218207,41.204072],[29.218329,41.204054],[29.218447,41.204024],[29.218559,41.203983],[29.218663,41.203931],[29.218087015777307,41.20335895124322]]]},"properties":{"kamera_kodu":"SG-0107","tur":"okul"}},{"type":"Feature","geometry":{"type":"Polygon","coordinates":[[[28.668191,40.98962],[28.668517,40.988945],[28.668418,40.988922],[28.668316,40.988908],[28.668212,40.988902],[28.668108,40.988904],[28.668006,40.988915],[28.667905,40.988935],[28.667808,40.988962],[28.667715,40.988997],[28.668191,40.98962]]]},"properties":{"kamera_kodu":"SG-0108","tur":"durak"}},{"type":"Feature","geometry":{"type":"Polygon","coordinates":[[[28.642636,41.001028],[28.643579,41.001128],[28.643588,41.00105],[28.643585,41.000971],[28.643571,41.000894],[28.643546,41.000818],[28.643511,41.000744],[28.643465,41.000674],[28.643409,41.000608],[28.643343,41.000547],[28.642636,41.001028]]]},"properties":{"kamera_kodu":"SG-0109","tur":"durak"}},{"type":"Feature","geometry":{"type":"Polygon","coordinates":[[[28.641162,41.009747],[28.641007,41.010819],[28.641225,41.010824],[28.641441,41.010804],[28.641651,41.01076],[28.641849,41.010692],[28.642032,41.010602],[28.642194,41.010492],[28.642332,41.010365],[28.642443,41.010224],[28.641162,41.009747]]]},"properties":{"kamera_kodu":"SG-0110","tur":"kavsak"}},{"type":"Feature","geometry":{"type":"Polygon","coordinates":[[[28.60605,40.975916],[28.606083,40.976994],[28.6063,40.976977],[28.606511,40.976936],[28.606711,40.976872],[28.606896,40.976785],[28.607061,40.976677],[28.607203,40.976553],[28.607318,40.976413],[28.607403,40.976261],[28.60605,40.975916]]]},"properties":{"kamera_kodu":"SG-0111","tur":"kavsak"}},{"type":"Feature","geometry":{"type":"Polygon","coordinates":[[[28.625705,40.997466],[28.626482,40.996561],[28.62629,40.996483],[28.626085,40.996427],[28.625871,40.996395],[28.625654,40.996389],[28.625437,40.996407],[28.625227,40.99645],[28.625028,40.996517],[28.624844,40.996606],[28.625705,40.997466]]]},"properties":{"kamera_kodu":"SG-0112","tur":"kavsak"}},{"type":"Feature","geometry":{"type":"Polygon","coordinates":[[[28.659944,40.985596],[28.658764,40.984989],[28.658655,40.985132],[28.658576,40.985285],[28.65853,40.985446],[28.658516,40.98561],[28.658535,40.985774],[28.658587,40.985933],[28.658671,40.986085],[28.658785,40.986226],[28.659944,40.985596]]]},"properties":{"kamera_kodu":"SG-0113","tur":"kavsak"}},{"type":"Feature","geometry":{"type":"Polygon","coordinates":[[[28.631241,40.984653],[28.631202,40.983575],[28.630985,40.983592],[28.630774,40.983634],[28.630574,40.9837],[28.63039,40.983787],[28.630225,40.983895],[28.630084,40.984021],[28.62997,40.984161],[28.629886,40.984312],[28.631241,40.984653]]]},"properties":{"kamera_kodu":"SG-0114","tur":"kavsak"}},{"type":"Feature","geometry":{"type":"Polygon","coordinates":[[[28.643714,40.999659],[28.645231,41.000369],[28.645386,41.000132],[28.645476,40.999877],[28.645498,40.999613],[28.645452,40.999351],[28.645339,40.999101],[28.645164,40.998873],[28.644933,40.998674],[28.644655,40.998514],[28.643714,40.999659]]]},"properties":{"kamera_kodu":"SG-0115","tur":"meydan"}},{"type":"Feature","geometry":{"type":"Polygon","coordinates":[[[28.655135909574348,41.00517324527055],[28.655115,41.005892],[28.65524,41.005888],[28.655362,41.005871],[28.655481,41.005843],[28.655594,41.005803],[28.655699,41.005753],[28.655794,41.005692],[28.655879,41.005623],[28.65595,41.005546],[28.655135909574348,41.00517324527055]]]},"properties":{"kamera_kodu":"SG-0116","tur":"okul"}},{"type":"Feature","geometry":{"type":"Polygon","coordinates":[[[28.629925,40.99456],[28.630772,40.994232],[28.630708,40.994151],[28.630631,40.994078],[28.630542,40.994012],[28.630442,40.993956],[28.630333,40.993911],[28.630217,40.993876],[28.630096,40.993853],[28.629972,40.993842],[28.629925,40.99456]]]},"properties":{"kamera_kodu":"SG-0117","tur":"okul"}},{"type":"Feature","geometry":{"type":"Polygon","coordinates":[[[28.980867,41.026991],[28.98029,41.026419],[28.980211,41.02647],[28.98014,41.026527],[28.980077,41.02659],[28.980024,41.026657],[28.979981,41.026728],[28.979948,41.026803],[28.979926,41.026879],[28.979916,41.026957],[28.980867,41.026991]]]},"properties":{"kamera_kodu":"SG-0118","tur":"durak"}},{"type":"Feature","geometry":{"type":"Polygon","coordinates":[[[28.943724,41.048559],[28.943191,41.047963],[28.943109,41.048011],[28.943033,41.048064],[28.942966,41.048124],[28.942908,41.048189],[28.942859,41.048258],[28.942821,41.048331],[28.942793,41.048407],[28.942777,41.048484],[28.943724,41.048559]]]},"properties":{"kamera_kodu":"SG-0119","tur":"durak"}},{"type":"Feature","geometry":{"type":"Polygon","coordinates":[[[28.989442,41.031453],[28.989305,41.030742],[28.989203,41.030757],[28.989104,41.030781],[28.989009,41.030813],[28.988919,41.030852],[28.988836,41.030899],[28.988759,41.030952],[28.988691,41.031011],[28.988632,41.031075],[28.989442,41.031453]]]},"properties":{"kamera_kodu":"SG-0120","tur":"durak"}},{"type":"Feature","geometry":{"type":"Polygon","coordinates":[[[28.950587,41.052623],[28.952003,41.05248],[28.951957,41.052319],[28.95188,41.052165],[28.951773,41.052022],[28.951638,41.051893],[28.951478,41.051781],[28.951298,41.051688],[28.951101,41.051617],[28.950893,41.05157],[28.950587,41.052623]]]},"properties":{"kamera_kodu":"SG-0121","tur":"kavsak"}},{"type":"Feature","geometry":{"type":"Polygon","coordinates":[[[28.971674,41.03857],[28.970813,41.03771],[28.97065,41.037819],[28.97051,41.037945],[28.970398,41.038086],[28.970315,41.038238],[28.970264,41.038398],[28.970246,41.038562],[28.970261,41.038726],[28.970308,41.038886],[28.971674,41.03857]]]},"properties":{"kamera_kodu":"SG-0122","tur":"kavsak"}},{"type":"Feature","geometry":{"type":"Polygon","coordinates":[[[28.982265,41.027578],[28.98151,41.026663],[28.981334,41.026761],[28.98118,41.026877],[28.981051,41.02701],[28.980951,41.027156],[28.980881,41.027311],[28.980843,41.027473],[28.980839,41.027638],[28.980868,41.027801],[28.982265,41.027578]]]},"properties":{"kamera_kodu":"SG-0123","tur":"kavsak"}},{"type":"Feature","geometry":{"type":"Polygon","coordinates":[[[28.986473,41.027455],[28.987184,41.028691],[28.98749,41.028563],[28.987756,41.028392],[28.987974,41.028185],[28.988134,41.02795],[28.98823,41.027696],[28.988258,41.027432],[28.988218,41.02717],[28.988111,41.026919],[28.986473,41.027455]]]},"properties":{"kamera_kodu":"SG-0124","tur":"meydan"}},{"type":"Feature","geometry":{"type":"Polygon","coordinates":[[[28.98249010315867,41.036893672411246],[28.983025,41.037488],[28.983123,41.03743],[28.983211,41.037364],[28.983286,41.037289],[28.983347,41.037207],[28.983394,41.03712],[28.983425,41.037029],[28.983441,41.036935],[28.98344,41.036841],[28.98249010315867,41.036893672411246]]]},"properties":{"kamera_kodu":"SG-0125","tur":"okul"}},{"type":"Feature","geometry":{"type":"Polygon","coordinates":[[[28.971859404662126,41.029546696236814],[28.971153,41.030029],[28.971242,41.030094],[28.971342,41.03015],[28.971451,41.030196],[28.971567,41.030231],[28.971688,41.030254],[28.971812,41.030264],[28.971936,41.030263],[28.972059,41.030249],[28.971859404662126,41.029546696236814]]]},"properties":{"kamera_kodu":"SG-0126","tur":"okul"}},{"type":"Feature","geometry":{"type":"Polygon","coordinates":[[[28.53475,41.059596],[28.53406,41.060091],[28.534135,41.060145],[28.534218,41.060192],[28.534307,41.060232],[28.534402,41.060265],[28.5345,41.06029],[28.534602,41.060306],[28.534705,41.060314],[28.534809,41.060313],[28.53475,41.059596]]]},"properties":{"kamera_kodu":"SG-0127","tur":"durak"}},{"type":"Feature","geometry":{"type":"Polygon","coordinates":[[[28.581584,41.020373],[28.581055,41.019776],[28.580972,41.019823],[28.580896,41.019876],[28.580828,41.019936],[28.58077,41.02],[28.580721,41.020069],[28.580682,41.020142],[28.580654,41.020218],[28.580637,41.020295],[28.581584,41.020373]]]},"properties":{"kamera_kodu":"SG-0128","tur":"durak"}},{"type":"Feature","geometry":{"type":"Polygon","coordinates":[[[28.51778,41.001289],[28.519117,41.001668],[28.519178,41.00151],[28.519206,41.001347],[28.519201,41.001183],[28.519163,41.001021],[28.519093,41.000865],[28.518992,41.000719],[28.518864,41.000587],[28.518709,41.00047],[28.51778,41.001289]]]},"properties":{"kamera_kodu":"SG-0129","tur":"kavsak"}},{"type":"Feature","geometry":{"type":"Polygon","coordinates":[[[28.584394,41.104534],[28.585822,41.104568],[28.585812,41.104404],[28.585769,41.104243],[28.585695,41.104088],[28.58559,41.103944],[28.585457,41.103814],[28.585299,41.1037],[28.585121,41.103606],[28.584925,41.103533],[28.584394,41.104534]]]},"properties":{"kamera_kodu":"SG-0130","tur":"kavsak"}},{"type":"Feature","geometry":{"type":"Polygon","coordinates":[[[28.624497,41.077342],[28.624869,41.076301],[28.624655,41.076271],[28.624437,41.076265],[28.624221,41.076284],[28.624011,41.076328],[28.623812,41.076396],[28.623629,41.076486],[28.623467,41.076595],[28.623328,41.076722],[28.624497,41.077342]]]},"properties":{"kamera_kodu":"SG-0131","tur":"kavsak"}},{"type":"Feature","geometry":{"type":"Polygon","coordinates":[[[28.512719,41.093754],[28.511624,41.094446],[28.511777,41.094564],[28.511951,41.094663],[28.512143,41.09474],[28.512348,41.094795],[28.512563,41.094825],[28.51278,41.094831],[28.512997,41.094811],[28.513207,41.094767],[28.512719,41.093754]]]},"properties":{"kamera_kodu":"SG-0132","tur":"kavsak"}},{"type":"Feature","geometry":{"type":"Polygon","coordinates":[[[28.623334,41.034964],[28.624063,41.034037],[28.623868,41.033964],[28.62366,41.033914],[28.623444,41.033889],[28.623227,41.033889],[28.623011,41.033914],[28.622803,41.033963],[28.622608,41.034036],[28.622429,41.03413],[28.623334,41.034964]]]},"properties":{"kamera_kodu":"SG-0133","tur":"kavsak"}},{"type":"Feature","geometry":{"type":"Polygon","coordinates":[[[28.624097,41.053573],[28.62365,41.054878],[28.623996,41.054918],[28.624345,41.054907],[28.624686,41.054845],[28.625003,41.054734],[28.625286,41.054578],[28.625523,41.054384],[28.625705,41.054158],[28.625826,41.05391],[28.624097,41.053573]]]},"properties":{"kamera_kodu":"SG-0134","tur":"meydan"}},{"type":"Feature","geometry":{"type":"Polygon","coordinates":[[[28.537138939927452,40.99263492777376],[28.536195,40.99254],[28.536187,40.992634],[28.536195,40.992727],[28.536219,40.99282],[28.536259,40.992909],[28.536313,40.992993],[28.536382,40.993071],[28.536464,40.993142],[28.536558,40.993204],[28.537138939927452,40.99263492777376]]]},"properties":{"kamera_kodu":"SG-0135","tur":"okul"}},{"type":"Feature","geometry":{"type":"Polygon","coordinates":[[[28.625462848491637,41.01691604048918],[28.624663,41.016526],[28.624602,41.016608],[28.624557,41.016696],[28.624526,41.016787],[28.624512,41.01688],[28.624514,41.016974],[28.624532,41.017067],[28.624566,41.017157],[28.624615,41.017244],[28.625462848491637,41.01691604048918]]]},"properties":{"kamera_kodu":"SG-0136","tur":"okul"}},{"type":"Feature","geometry":{"type":"Polygon","coordinates":[[[28.448699,41.391218],[28.447751,41.391154],[28.447747,41.391232],[28.447755,41.391311],[28.447774,41.391388],[28.447804,41.391463],[28.447844,41.391535],[28.447895,41.391603],[28.447955,41.391667],[28.448024,41.391725],[28.448699,41.391218]]]},"properties":{"kamera_kodu":"SG-0137","tur":"durak"}},{"type":"Feature","geometry":{"type":"Polygon","coordinates":[[[28.212669,41.368654],[28.211757,41.36886],[28.211792,41.368934],[28.211838,41.369004],[28.211893,41.369071],[28.211958,41.369132],[28.212031,41.369187],[28.212112,41.369237],[28.212199,41.369279],[28.212292,41.369314],[28.212669,41.368654]]]},"properties":{"kamera_kodu":"SG-0138","tur":"durak"}},{"type":"Feature","geometry":{"type":"Polygon","coordinates":[[[28.494407,41.120216],[28.493104,41.120658],[28.493208,41.120802],[28.493341,41.120933],[28.493498,41.121047],[28.493676,41.121142],[28.493871,41.121215],[28.494078,41.121265],[28.494294,41.121291],[28.494512,41.121291],[28.494407,41.120216]]]},"properties":{"kamera_kodu":"SG-0139","tur":"kavsak"}},{"type":"Feature","geometry":{"type":"Polygon","coordinates":[[[28.455406,41.223351],[28.456102,41.22241],[28.455904,41.222341],[28.455695,41.222295],[28.455479,41.222274],[28.455261,41.222279],[28.455046,41.222308],[28.45484,41.222361],[28.454647,41.222438],[28.454472,41.222535],[28.455406,41.223351]]]},"properties":{"kamera_kodu":"SG-0140","tur":"kavsak"}},{"type":"Feature","geometry":{"type":"Polygon","coordinates":[[[28.212481,41.368893],[28.213908,41.368839],[28.21388,41.368675],[28.21382,41.368517],[28.213728,41.368368],[28.213608,41.368231],[28.213462,41.368109],[28.213292,41.368006],[28.213104,41.367923],[28.212901,41.367863],[28.212481,41.368893]]]},"properties":{"kamera_kodu":"SG-0141","tur":"kavsak"}},{"type":"Feature","geometry":{"type":"Polygon","coordinates":[[[28.460748,41.143776],[28.460345,41.142463],[28.460013,41.142548],[28.45971,41.14268],[28.459446,41.142854],[28.459233,41.143063],[28.459078,41.1433],[28.458987,41.143555],[28.458963,41.143818],[28.459009,41.14408],[28.460748,41.143776]]]},"properties":{"kamera_kodu":"SG-0142","tur":"meydan"}},{"type":"Feature","geometry":{"type":"Polygon","coordinates":[[[28.463175648365358,41.14144085608519],[28.464086,41.141231],[28.464042,41.141143],[28.463983,41.14106],[28.46391,41.140984],[28.463825,41.140915],[28.463729,41.140856],[28.463623,41.140806],[28.463509,41.140768],[28.46339,41.140741],[28.463175648365358,41.14144085608519]]]},"properties":{"kamera_kodu":"SG-0143","tur":"okul"}},{"type":"Feature","geometry":{"type":"Polygon","coordinates":[[[29.236284,41.0253],[29.236403,41.024587],[29.236299,41.024581],[29.236195,41.024584],[29.236093,41.024596],[29.235992,41.024616],[29.235895,41.024644],[29.235803,41.02468],[29.235716,41.024723],[29.235636,41.024773],[29.236284,41.0253]]]},"properties":{"kamera_kodu":"SG-0144","tur":"durak"}},{"type":"Feature","geometry":{"type":"Polygon","coordinates":[[[29.172119,41.051878],[29.172975,41.051563],[29.172924,41.051494],[29.172864,41.05143],[29.172795,41.051372],[29.172718,41.051319],[29.172634,41.051273],[29.172544,41.051235],[29.172448,41.051204],[29.172349,41.051181],[29.172119,41.051878]]]},"properties":{"kamera_kodu":"SG-0145","tur":"durak"}},{"type":"Feature","geometry":{"type":"Polygon","coordinates":[[[29.216332,41.023628],[29.21649,41.024699],[29.216704,41.024669],[29.21691,41.024614],[29.217102,41.024536],[29.217276,41.024437],[29.217428,41.024319],[29.217555,41.024185],[29.217653,41.024039],[29.21772,41.023882],[29.216332,41.023628]]]},"properties":{"kamera_kodu":"SG-0146","tur":"kavsak"}},{"type":"Feature","geometry":{"type":"Polygon","coordinates":[[[29.340858,41.087898],[29.341674,41.088783],[29.341843,41.088679],[29.341989,41.088557],[29.342108,41.088419],[29.342199,41.08827],[29.342258,41.088111],[29.342285,41.087948],[29.342278,41.087784],[29.342239,41.087622],[29.340858,41.087898]]]},"properties":{"kamera_kodu":"SG-0147","tur":"kavsak"}},{"type":"Feature","geometry":{"type":"Polygon","coordinates":[[[29.261526,41.035312],[29.261817,41.036367],[29.262026,41.036322],[29.262224,41.036253],[29.262405,41.036162],[29.262566,41.036051],[29.262703,41.035923],[29.262812,41.035781],[29.262892,41.035627],[29.26294,41.035467],[29.261526,41.035312]]]},"properties":{"kamera_kodu":"SG-0148","tur":"kavsak"}},{"type":"Feature","geometry":{"type":"Polygon","coordinates":[[[29.173693,41.035558],[29.17244,41.036075],[29.172558,41.036213],[29.172704,41.036335],[29.172872,41.03644],[29.173059,41.036524],[29.173261,41.036586],[29.173473,41.036623],[29.173691,41.036636],[29.173908,41.036624],[29.173693,41.035558]]]},"properties":{"kamera_kodu":"SG-0149","tur":"kavsak"}},{"type":"Feature","geometry":{"type":"Polygon","coordinates":[[[29.180341340444112,41.03201043034803],[29.179478,41.031707],[29.179433,41.031794],[29.179404,41.031886],[29.17939,41.031979],[29.179393,41.032073],[29.179412,41.032166],[29.179447,41.032256],[29.179497,41.032342],[29.179561,41.032423],[29.180341340444112,41.03201043034803]]]},"properties":{"kamera_kodu":"SG-0150","tur":"okul"}},{"type":"Feature","geometry":{"type":"Polygon","coordinates":[[[29.232294189845693,41.03038468444005],[29.231382,41.030591],[29.231425,41.030679],[29.231484,41.030762],[29.231556,41.030838],[29.231641,41.030907],[29.231737,41.030967],[29.231842,41.031017],[29.231955,41.031056],[29.232074,41.031084],[29.232294189845693,41.03038468444005]]]},"properties":{"kamera_kodu":"SG-0151","tur":"okul"}},{"type":"Feature","geometry":{"type":"Polygon","coordinates":[[[28.880185,41.042995],[28.879473,41.043472],[28.879546,41.043528],[28.879627,41.043577],[28.879714,41.04362],[28.879807,41.043655],[28.879904,41.043682],[28.880005,41.043701],[28.880108,41.043711],[28.880212,41.043713],[28.880185,41.042995]]]},"properties":{"kamera_kodu":"SG-0152","tur":"durak"}},{"type":"Feature","geometry":{"type":"Polygon","coordinates":[[[28.900212,41.020651],[28.900828,41.021199],[28.900903,41.021145],[28.90097,41.021085],[28.901029,41.021021],[28.901077,41.020951],[28.901115,41.020878],[28.901143,41.020803],[28.901159,41.020725],[28.901164,41.020647],[28.900212,41.020651]]]},"properties":{"kamera_kodu":"SG-0153","tur":"durak"}},{"type":"Feature","geometry":{"type":"Polygon","coordinates":[[[28.866978,41.07149],[28.867274,41.072173],[28.867371,41.072145],[28.867463,41.072108],[28.86755,41.072065],[28.867629,41.072014],[28.867701,41.071958],[28.867764,41.071896],[28.867818,41.071829],[28.867862,41.071758],[28.866978,41.07149]]]},"properties":{"kamera_kodu":"SG-0154","tur":"durak"}},{"type":"Feature","geometry":{"type":"Polygon","coordinates":[[[28.866779,41.070457],[28.868192,41.070613],[28.868207,41.070449],[28.868189,41.070285],[28.868138,41.070126],[28.868056,41.069973],[28.867943,41.069832],[28.867804,41.069706],[28.86764,41.069597],[28.867457,41.069508],[28.866779,41.070457]]]},"properties":{"kamera_kodu":"SG-0155","tur":"kavsak"}},{"type":"Feature","geometry":{"type":"Polygon","coordinates":[[[28.86524,41.051826],[28.86624,41.051056],[28.866073,41.05095],[28.865887,41.050865],[28.865685,41.050802],[28.865474,41.050763],[28.865257,41.050748],[28.865039,41.050759],[28.864826,41.050794],[28.864623,41.050854],[28.86524,41.051826]]]},"properties":{"kamera_kodu":"SG-0156","tur":"kavsak"}},{"type":"Feature","geometry":{"type":"Polygon","coordinates":[[[28.898144,41.019023],[28.89713,41.018264],[28.896988,41.018389],[28.896874,41.018529],[28.896789,41.018681],[28.896736,41.018841],[28.896716,41.019004],[28.896729,41.019168],[28.896775,41.019329],[28.896852,41.019483],[28.898144,41.019023]]]},"properties":{"kamera_kodu":"SG-0157","tur":"kavsak"}},{"type":"Feature","geometry":{"type":"Polygon","coordinates":[[[28.882453,41.037701],[28.884162,41.038091],[28.88423,41.037831],[28.88423,41.037567],[28.884161,41.037308],[28.884027,41.037064],[28.883832,41.036845],[28.883584,41.036658],[28.883293,41.036512],[28.882969,41.036411],[28.882453,41.037701]]]},"properties":{"kamera_kodu":"SG-0158","tur":"meydan"}},{"type":"Feature","geometry":{"type":"Polygon","coordinates":[[[28.87627803499727,41.032469638617634],[28.875576,41.032955],[28.875666,41.03302],[28.875766,41.033076],[28.875875,41.033121],[28.875991,41.033155],[28.876112,41.033177],[28.876236,41.033188],[28.87636,41.033186],[28.876484,41.033171],[28.87627803499727,41.032469638617634]]]},"properties":{"kamera_kodu":"SG-0159","tur":"okul"}},{"type":"Feature","geometry":{"type":"Polygon","coordinates":[[[28.877102549212566,41.048119353824845],[28.877886,41.047711],[28.877808,41.047637],[28.877719,41.047572],[28.877619,41.047516],[28.87751,41.04747],[28.877394,41.047435],[28.877274,41.047412],[28.87715,41.047402],[28.877025,41.047403],[28.877102549212566,41.048119353824845]]]},"properties":{"kamera_kodu":"SG-0160","tur":"okul"}},{"type":"Feature","geometry":{"type":"Polygon","coordinates":[[[28.64645,41.017455],[28.646594,41.016745],[28.646491,41.016737],[28.646387,41.016738],[28.646284,41.016747],[28.646183,41.016765],[28.646085,41.016791],[28.645991,41.016825],[28.645903,41.016867],[28.645822,41.016915],[28.64645,41.017455]]]},"properties":{"kamera_kodu":"SG-0161","tur":"durak"}},{"type":"Feature","geometry":{"type":"Polygon","coordinates":[[[28.694832,41.041516],[28.695653,41.04188],[28.695701,41.04181],[28.695738,41.041737],[28.695764,41.041662],[28.69578,41.041584],[28.695784,41.041506],[28.695777,41.041428],[28.695759,41.04135],[28.695729,41.041275],[28.694832,41.041516]]]},"properties":{"kamera_kodu":"SG-0162","tur":"durak"}},{"type":"Feature","geometry":{"type":"Polygon","coordinates":[[[28.670465,41.009261],[28.670003,41.008241],[28.669802,41.008306],[28.669618,41.008393],[28.669453,41.008501],[28.669311,41.008626],[28.669196,41.008766],[28.669111,41.008917],[28.669058,41.009076],[28.669037,41.00924],[28.670465,41.009261]]]},"properties":{"kamera_kodu":"SG-0163","tur":"kavsak"}},{"type":"Feature","geometry":{"type":"Polygon","coordinates":[[[28.633866,41.018575],[28.63493,41.019294],[28.635062,41.019164],[28.635167,41.01902],[28.635242,41.018865],[28.635284,41.018704],[28.635294,41.01854],[28.63527,41.018376],[28.635213,41.018217],[28.635126,41.018067],[28.633866,41.018575]]]},"properties":{"kamera_kodu":"SG-0164","tur":"kavsak"}},{"type":"Feature","geometry":{"type":"Polygon","coordinates":[[[28.621179,41.070318],[28.620782,41.071353],[28.620995,41.071387],[28.621213,41.071396],[28.621429,41.071379],[28.62164,41.071338],[28.621841,41.071273],[28.622026,41.071186],[28.622191,41.071079],[28.622332,41.070954],[28.621179,41.070318]]]},"properties":{"kamera_kodu":"SG-0165","tur":"kavsak"}},{"type":"Feature","geometry":{"type":"Polygon","coordinates":[[[28.664742,41.022584],[28.663839,41.021749],[28.663681,41.021862],[28.663548,41.021992],[28.663443,41.022136],[28.663367,41.022291],[28.663324,41.022452],[28.663314,41.022616],[28.663337,41.02278],[28.663393,41.022939],[28.664742,41.022584]]]},"properties":{"kamera_kodu":"SG-0166","tur":"kavsak"}},{"type":"Feature","geometry":{"type":"Polygon","coordinates":[[[28.672839,41.049985],[28.673445,41.050961],[28.673635,41.05088],[28.673806,41.050778],[28.673955,41.050658],[28.674077,41.050522],[28.674171,41.050374],[28.674234,41.050216],[28.674264,41.050054],[28.674262,41.049889],[28.672839,41.049985]]]},"properties":{"kamera_kodu":"SG-0167","tur":"kavsak"}},{"type":"Feature","geometry":{"type":"Polygon","coordinates":[[[28.683753,41.028195],[28.68255,41.028776],[28.682681,41.028908],[28.682837,41.029022],[28.683015,41.029118],[28.683209,41.029192],[28.683417,41.029243],[28.683632,41.029269],[28.68385,41.029271],[28.684065,41.029247],[28.683753,41.028195]]]},"properties":{"kamera_kodu":"SG-0168","tur":"kavsak"}},{"type":"Feature","geometry":{"type":"Polygon","coordinates":[[[28.679626,41.034574],[28.681232,41.033986],[28.681049,41.03376],[28.680812,41.033567],[28.680528,41.033411],[28.68021,41.033301],[28.67987,41.033239],[28.67952,41.033229],[28.679175,41.03327],[28.678846,41.033362],[28.679626,41.034574]]]},"properties":{"kamera_kodu":"SG-0169","tur":"meydan"}},{"type":"Feature","geometry":{"type":"Polygon","coordinates":[[[28.68125738786878,41.03257471532583],[28.680459,41.032966],[28.680533,41.033041],[28.68062,41.033109],[28.680718,41.033167],[28.680825,41.033215],[28.680939,41.033252],[28.681059,41.033278],[28.681182,41.033291],[28.681307,41.033292],[28.68125738786878,41.03257471532583]]]},"properties":{"kamera_kodu":"SG-0170","tur":"okul"}},{"type":"Feature","geometry":{"type":"Polygon","coordinates":[[[28.648184143688884,41.01474612706497],[28.648154,41.015464],[28.648279,41.015461],[28.648402,41.015446],[28.648521,41.015418],[28.648634,41.015379],[28.64874,41.01533],[28.648836,41.01527],[28.648921,41.015201],[28.648993,41.015125],[28.648184143688884,41.01474612706497]]]},"properties":{"kamera_kodu":"SG-0171","tur":"okul"}},{"type":"Feature","geometry":{"type":"Polygon","coordinates":[[[28.662145644216967,41.056999150691404],[28.661194,41.056982],[28.661199,41.057076],[28.66122,41.057169],[28.661258,41.057258],[28.66131,41.057344],[28.661377,41.057423],[28.661457,41.057495],[28.661548,41.057559],[28.66165,41.057613],[28.662145644216967,41.056999150691404]]]},"properties":{"kamera_kodu":"SG-0172","tur":"okul"}},{"type":"Feature","geometry":{"type":"Polygon","coordinates":[[[28.936225,41.080228],[28.937102,41.080507],[28.937137,41.080434],[28.937162,41.080357],[28.937175,41.08028],[28.937177,41.080201],[28.937167,41.080123],[28.937146,41.080047],[28.937115,41.079972],[28.937073,41.0799],[28.936225,41.080228]]]},"properties":{"kamera_kodu":"SG-0173","tur":"durak"}},{"type":"Feature","geometry":{"type":"Polygon","coordinates":[[[28.877229,41.166813],[28.877249,41.166095],[28.877145,41.166097],[28.877043,41.166108],[28.876942,41.166128],[28.876845,41.166155],[28.876752,41.166191],[28.876665,41.166234],[28.876585,41.166283],[28.876513,41.16634],[28.877229,41.166813]]]},"properties":{"kamera_kodu":"SG-0174","tur":"durak"}},{"type":"Feature","geometry":{"type":"Polygon","coordinates":[[[28.928257,41.034181],[28.929209,41.034205],[28.929207,41.034127],[28.929193,41.034049],[28.929169,41.033973],[28.929133,41.0339],[28.929087,41.033829],[28.929032,41.033763],[28.928967,41.033702],[28.928894,41.033647],[28.928257,41.034181]]]},"properties":{"kamera_kodu":"SG-0175","tur":"durak"}},{"type":"Feature","geometry":{"type":"Polygon","coordinates":[[[28.859111,41.200947],[28.858173,41.200825],[28.858161,41.200903],[28.85816,41.200981],[28.85817,41.201059],[28.858192,41.201136],[28.858225,41.20121],[28.858268,41.201281],[28.858321,41.201349],[28.858384,41.201411],[28.859111,41.200947]]]},"properties":{"kamera_kodu":"SG-0176","tur":"durak"}},{"type":"Feature","geometry":{"type":"Polygon","coordinates":[[[28.923205,41.037433],[28.921965,41.037968],[28.922087,41.038104],[28.922235,41.038225],[28.922406,41.038327],[28.922596,41.038408],[28.922799,41.038467],[28.923012,41.038501],[28.92323,41.038511],[28.923447,41.038495],[28.923205,41.037433]]]},"properties":{"kamera_kodu":"SG-0177","tur":"kavsak"}},{"type":"Feature","geometry":{"type":"Polygon","coordinates":[[[28.943058,41.079462],[28.944485,41.079505],[28.944477,41.07934],[28.944436,41.079179],[28.944363,41.079024],[28.94426,41.078879],[28.944128,41.078748],[28.943972,41.078634],[28.943794,41.078538],[28.943599,41.078464],[28.943058,41.079462]]]},"properties":{"kamera_kodu":"SG-0178","tur":"kavsak"}},{"type":"Feature","geometry":{"type":"Polygon","coordinates":[[[28.910041,41.161227],[28.909666,41.162267],[28.90988,41.162298],[28.910098,41.162304],[28.910314,41.162285],[28.910524,41.162241],[28.910723,41.162174],[28.910906,41.162085],[28.911069,41.161976],[28.911208,41.161849],[28.910041,41.161227]]]},"properties":{"kamera_kodu":"SG-0179","tur":"kavsak"}},{"type":"Feature","geometry":{"type":"Polygon","coordinates":[[[28.796177,41.230926],[28.797468,41.231388],[28.797546,41.231234],[28.797592,41.231073],[28.797605,41.230909],[28.797585,41.230745],[28.797532,41.230586],[28.797448,41.230434],[28.797334,41.230294],[28.797193,41.230168],[28.796177,41.230926]]]},"properties":{"kamera_kodu":"SG-0180","tur":"kavsak"}},{"type":"Feature","geometry":{"type":"Polygon","coordinates":[[[28.871214,41.189924],[28.869804,41.190098],[28.869856,41.190257],[28.869939,41.19041],[28.870051,41.19055],[28.870191,41.190676],[28.870355,41.190785],[28.870538,41.190874],[28.870738,41.19094],[28.870948,41.190983],[28.871214,41.189924]]]},"properties":{"kamera_kodu":"SG-0181","tur":"kavsak"}},{"type":"Feature","geometry":{"type":"Polygon","coordinates":[[[28.825941,41.13562],[28.82499,41.134816],[28.824839,41.134934],[28.824713,41.135069],[28.824617,41.135216],[28.824551,41.135373],[28.824517,41.135536],[28.824517,41.1357],[28.824549,41.135863],[28.824614,41.13602],[28.825941,41.13562]]]},"properties":{"kamera_kodu":"SG-0182","tur":"kavsak"}},{"type":"Feature","geometry":{"type":"Polygon","coordinates":[[[28.850729,41.164102],[28.852044,41.165014],[28.852254,41.164803],[28.852406,41.164565],[28.852493,41.164309],[28.852513,41.164045],[28.852464,41.163783],[28.852348,41.163534],[28.85217,41.163307],[28.851937,41.16311],[28.850729,41.164102]]]},"properties":{"kamera_kodu":"SG-0183","tur":"meydan"}},{"type":"Feature","geometry":{"type":"Polygon","coordinates":[[[28.916430975467573,41.05246137862238],[28.915531,41.052696],[28.915579,41.052783],[28.915642,41.052864],[28.915718,41.052938],[28.915807,41.053004],[28.915906,41.053061],[28.916014,41.053108],[28.91613,41.053143],[28.91625,41.053167],[28.916430975467573,41.05246137862238]]]},"properties":{"kamera_kodu":"SG-0184","tur":"okul"}},{"type":"Feature","geometry":{"type":"Polygon","coordinates":[[[28.937855903167904,41.08921342120431],[28.936927,41.089056],[28.936908,41.089149],[28.936904,41.089243],[28.936918,41.089336],[28.936947,41.089428],[28.936992,41.089515],[28.937051,41.089598],[28.937125,41.089674],[28.937211,41.089742],[28.937855903167904,41.08921342120431]]]},"properties":{"kamera_kodu":"SG-0185","tur":"okul"}},{"type":"Feature","geometry":{"type":"Polygon","coordinates":[[[28.914649667735976,41.15710487958931],[28.913798,41.157427],[28.913861,41.157508],[28.913938,41.157582],[28.914026,41.157648],[28.914125,41.157705],[28.914234,41.157751],[28.914349,41.157787],[28.914469,41.157811],[28.914593,41.157822],[28.914649667735976,41.15710487958931]]]},"properties":{"kamera_kodu":"SG-0186","tur":"okul"}},{"type":"Feature","geometry":{"type":"Polygon","coordinates":[[[28.96031,41.024238],[28.96113,41.023873],[28.961072,41.023807],[28.961006,41.023747],[28.960931,41.023693],[28.960848,41.023645],[28.96076,41.023605],[28.960666,41.023571],[28.960567,41.023546],[28.960466,41.023529],[28.96031,41.024238]]]},"properties":{"kamera_kodu":"SG-0187","tur":"durak"}},{"type":"Feature","geometry":{"type":"Polygon","coordinates":[[[28.944297,41.010708],[28.945242,41.010798],[28.945249,41.01072],[28.945245,41.010641],[28.94523,41.010564],[28.945204,41.010488],[28.945166,41.010415],[28.945119,41.010345],[28.945062,41.01028],[28.944995,41.01022],[28.944297,41.010708]]]},"properties":{"kamera_kodu":"SG-0188","tur":"durak"}},{"type":"Feature","geometry":{"type":"Polygon","coordinates":[[[28.943949,41.039562],[28.944889,41.039447],[28.944867,41.03937],[28.944833,41.039296],[28.94479,41.039225],[28.944736,41.039158],[28.944673,41.039095],[28.944602,41.039039],[28.944522,41.038988],[28.944436,41.038944],[28.943949,41.039562]]]},"properties":{"kamera_kodu":"SG-0189","tur":"durak"}},{"type":"Feature","geometry":{"type":"Polygon","coordinates":[[[28.975894,41.015179],[28.975891,41.015898],[28.975995,41.015894],[28.976097,41.015881],[28.976197,41.01586],[28.976294,41.015831],[28.976385,41.015795],[28.976471,41.015751],[28.97655,41.0157],[28.976621,41.015643],[28.975894,41.015179]]]},"properties":{"kamera_kodu":"SG-0190","tur":"durak"}},{"type":"Feature","geometry":{"type":"Polygon","coordinates":[[[28.964359,41.01974],[28.965784,41.019669],[28.965753,41.019506],[28.96569,41.019349],[28.965595,41.0192],[28.965472,41.019065],[28.965323,41.018945],[28.965152,41.018843],[28.964962,41.018763],[28.964758,41.018705],[28.964359,41.01974]]]},"properties":{"kamera_kodu":"SG-0191","tur":"kavsak"}},{"type":"Feature","geometry":{"type":"Polygon","coordinates":[[[28.943746,41.021649],[28.943129,41.020677],[28.94294,41.020759],[28.94277,41.020862],[28.942623,41.020983],[28.942502,41.02112],[28.942409,41.021269],[28.942348,41.021427],[28.94232,41.02159],[28.942324,41.021754],[28.943746,41.021649]]]},"properties":{"kamera_kodu":"SG-0192","tur":"kavsak"}},{"type":"Feature","geometry":{"type":"Polygon","coordinates":[[[28.936236,41.004472],[28.935272,41.005268],[28.935444,41.005369],[28.935634,41.005449],[28.935838,41.005507],[28.936051,41.005541],[28.936269,41.00555],[28.936485,41.005533],[28.936696,41.005492],[28.936897,41.005428],[28.936236,41.004472]]]},"properties":{"kamera_kodu":"SG-0193","tur":"kavsak"}},{"type":"Feature","geometry":{"type":"Polygon","coordinates":[[[28.951443,41.009711],[28.952657,41.010279],[28.952757,41.010133],[28.952827,41.009978],[28.952865,41.009816],[28.952869,41.009651],[28.95284,41.009488],[28.952779,41.00933],[28.952687,41.009181],[28.952566,41.009045],[28.951443,41.009711]]]},"properties":{"kamera_kodu":"SG-0194","tur":"kavsak"}},{"type":"Feature","geometry":{"type":"Polygon","coordinates":[[[28.939377,41.024923],[28.941134,41.024685],[28.941039,41.024431],[28.94088,41.024195],[28.940663,41.023988],[28.940396,41.023817],[28.940091,41.023688],[28.939758,41.023607],[28.93941,41.023576],[28.939061,41.023597],[28.939377,41.024923]]]},"properties":{"kamera_kodu":"SG-0195","tur":"meydan"}},{"type":"Feature","geometry":{"type":"Polygon","coordinates":[[[28.98231,41.016788],[28.981349,41.015652],[28.981074,41.015815],[28.980847,41.016016],[28.980675,41.016246],[28.980567,41.016497],[28.980525,41.01676],[28.980552,41.017023],[28.980647,41.017277],[28.980805,41.017513],[28.98231,41.016788]]]},"properties":{"kamera_kodu":"SG-0196","tur":"meydan"}},{"type":"Feature","geometry":{"type":"Polygon","coordinates":[[[28.963601,41.016443],[28.964943,41.017332],[28.965147,41.017117],[28.965291,41.016877],[28.965371,41.016619],[28.965383,41.016355],[28.965326,41.016095],[28.965203,41.015847],[28.965018,41.015623],[28.964779,41.01543],[28.963601,41.016443]]]},"properties":{"kamera_kodu":"SG-0197","tur":"meydan"}},{"type":"Feature","geometry":{"type":"Polygon","coordinates":[[[28.93146646545138,40.995497422044686],[28.931295,40.994791],[28.931174,40.994813],[28.931058,40.994848],[28.93095,40.994894],[28.93085,40.99495],[28.93076,40.995015],[28.930683,40.995089],[28.930619,40.99517],[28.93057,40.995256],[28.93146646545138,40.995497422044686]]]},"properties":{"kamera_kodu":"SG-0198","tur":"okul"}},{"type":"Feature","geometry":{"type":"Polygon","coordinates":[[[28.943465824444292,41.02151085013537],[28.943276,41.020807],[28.943156,41.020831],[28.943041,41.020868],[28.942934,41.020915],[28.942835,41.020972],[28.942747,41.021039],[28.942672,41.021114],[28.94261,41.021196],[28.942563,41.021283],[28.943465824444292,41.02151085013537]]]},"properties":{"kamera_kodu":"SG-0199","tur":"okul"}},{"type":"Feature","geometry":{"type":"Polygon","coordinates":[[[28.928014050106373,41.01770510206023],[28.928965,41.017666],[28.92895,41.017572],[28.928919,41.017481],[28.928872,41.017394],[28.928811,41.017312],[28.928736,41.017237],[28.928649,41.01717],[28.928551,41.017112],[28.928444,41.017064],[28.928014050106373,41.01770510206023]]]},"properties":{"kamera_kodu":"SG-0200","tur":"okul"}},{"type":"Feature","geometry":{"type":"Polygon","coordinates":[[[28.908975,41.064615],[28.90972,41.064167],[28.909651,41.064109],[28.909574,41.064056],[28.90949,41.06401],[28.909399,41.063972],[28.909304,41.063941],[28.909205,41.063918],[28.909103,41.063903],[28.908999,41.063897],[28.908975,41.064615]]]},"properties":{"kamera_kodu":"SG-0201","tur":"durak"}},{"type":"Feature","geometry":{"type":"Polygon","coordinates":[[[28.881634,41.080194],[28.881505,41.079482],[28.881403,41.079497],[28.881304,41.07952],[28.881209,41.079551],[28.881118,41.07959],[28.881034,41.079636],[28.880957,41.079688],[28.880888,41.079747],[28.880828,41.079811],[28.881634,41.080194]]]},"properties":{"kamera_kodu":"SG-0202","tur":"durak"}},{"type":"Feature","geometry":{"type":"Polygon","coordinates":[[[28.90224,41.081236],[28.901672,41.081813],[28.901759,41.081856],[28.901851,41.081892],[28.901948,41.08192],[28.902049,41.08194],[28.902151,41.081952],[28.902255,41.081955],[28.902359,41.081949],[28.902461,41.081935],[28.90224,41.081236]]]},"properties":{"kamera_kodu":"SG-0203","tur":"durak"}},{"type":"Feature","geometry":{"type":"Polygon","coordinates":[[[28.908199,41.067067],[28.907161,41.067807],[28.907322,41.067918],[28.907504,41.068009],[28.907702,41.068077],[28.907911,41.068123],[28.908127,41.068144],[28.908345,41.068139],[28.90856,41.06811],[28.908766,41.068057],[28.908199,41.067067]]]},"properties":{"kamera_kodu":"SG-0204","tur":"kavsak"}},{"type":"Feature","geometry":{"type":"Polygon","coordinates":[[[28.882659,41.075196],[28.881247,41.075034],[28.881231,41.075198],[28.881248,41.075362],[28.881298,41.075522],[28.881379,41.075675],[28.881491,41.075816],[28.881629,41.075943],[28.881792,41.076052],[28.881974,41.076142],[28.882659,41.075196]]]},"properties":{"kamera_kodu":"SG-0205","tur":"kavsak"}},{"type":"Feature","geometry":{"type":"Polygon","coordinates":[[[28.88703,41.088674],[28.888392,41.08835],[28.888311,41.088197],[28.8882,41.088056],[28.888062,41.087929],[28.8879,41.087819],[28.887717,41.087729],[28.887519,41.087661],[28.887309,41.087617],[28.887092,41.087597],[28.88703,41.088674]]]},"properties":{"kamera_kodu":"SG-0206","tur":"kavsak"}},{"type":"Feature","geometry":{"type":"Polygon","coordinates":[[[28.919483,41.065188],[28.920892,41.065363],[28.920911,41.065199],[28.920897,41.065035],[28.92085,41.064874],[28.92077,41.064721],[28.920661,41.064579],[28.920525,41.064451],[28.920364,41.06434],[28.920183,41.064248],[28.919483,41.065188]]]},"properties":{"kamera_kodu":"SG-0207","tur":"kavsak"}},{"type":"Feature","geometry":{"type":"Polygon","coordinates":[[[28.913066,41.058068],[28.912575,41.056773],[28.912249,41.05687],[28.911955,41.057013],[28.911704,41.057197],[28.911505,41.057414],[28.911366,41.057657],[28.911292,41.057915],[28.911287,41.058179],[28.91135,41.058439],[28.913066,41.058068]]]},"properties":{"kamera_kodu":"SG-0208","tur":"meydan"}},{"type":"Feature","geometry":{"type":"Polygon","coordinates":[[[28.913412630497227,41.07284845337021],[28.914041,41.072309],[28.913943,41.072251],[28.913835,41.072204],[28.91372,41.072168],[28.9136,41.072144],[28.913476,41.072131],[28.913352,41.072131],[28.913228,41.072143],[28.913108,41.072168],[28.913412630497227,41.07284845337021]]]},"properties":{"kamera_kodu":"SG-0209","tur":"okul"}},{"type":"Feature","geometry":{"type":"Polygon","coordinates":[[[28.911578665940088,41.06121597786334],[28.910732,41.061545],[28.910796,41.061625],[28.910874,41.061699],[28.910963,41.061764],[28.911063,41.06182],[28.911172,41.061866],[28.911288,41.0619],[28.911409,41.061923],[28.911533,41.061934],[28.911578665940088,41.06121597786334]]]},"properties":{"kamera_kodu":"SG-0210","tur":"okul"}},{"type":"Feature","geometry":{"type":"Polygon","coordinates":[[[28.860805,41.029035],[28.860168,41.029569],[28.860249,41.029618],[28.860336,41.02966],[28.860429,41.029695],[28.860526,41.029722],[28.860627,41.029741],[28.86073,41.029751],[28.860834,41.029753],[28.860937,41.029747],[28.860805,41.029035]]]},"properties":{"kamera_kodu":"SG-0211","tur":"durak"}},{"type":"Feature","geometry":{"type":"Polygon","coordinates":[[[28.877513,41.015209],[28.876628,41.015474],[28.876672,41.015545],[28.876725,41.015613],[28.876788,41.015675],[28.87686,41.015732],[28.876939,41.015782],[28.877025,41.015826],[28.877117,41.015863],[28.877214,41.015891],[28.877513,41.015209]]]},"properties":{"kamera_kodu":"SG-0212","tur":"durak"}},{"type":"Feature","geometry":{"type":"Polygon","coordinates":[[[28.894482,41.006856],[28.894225,41.005796],[28.894014,41.005838],[28.893814,41.005903],[28.89363,41.005991],[28.893465,41.006099],[28.893325,41.006224],[28.893211,41.006365],[28.893126,41.006516],[28.893074,41.006676],[28.894482,41.006856]]]},"properties":{"kamera_kodu":"SG-0213","tur":"kavsak"}},{"type":"Feature","geometry":{"type":"Polygon","coordinates":[[[28.89085,41.013466],[28.889803,41.0142],[28.889963,41.014311],[28.890144,41.014403],[28.890341,41.014473],[28.89055,41.01452],[28.890766,41.014542],[28.890984,41.014539],[28.891199,41.014511],[28.891405,41.014459],[28.89085,41.013466]]]},"properties":{"kamera_kodu":"SG-0214","tur":"kavsak"}},{"type":"Feature","geometry":{"type":"Polygon","coordinates":[[[28.878178,41.027763],[28.876919,41.028273],[28.877037,41.028411],[28.877181,41.028535],[28.877348,41.02864],[28.877534,41.028725],[28.877736,41.028788],[28.877948,41.028827],[28.878165,41.028841],[28.878382,41.02883],[28.878178,41.027763]]]},"properties":{"kamera_kodu":"SG-0215","tur":"kavsak"}},{"type":"Feature","geometry":{"type":"Polygon","coordinates":[[[28.879068088708614,41.02219265728139],[28.879572,41.021583],[28.879463,41.021539],[28.879346,41.021505],[28.879225,41.021484],[28.879101,41.021474],[28.878976,41.021477],[28.878853,41.021493],[28.878734,41.02152],[28.878621,41.021558],[28.879068088708614,41.02219265728139]]]},"properties":{"kamera_kodu":"SG-0216","tur":"okul"}},{"type":"Feature","geometry":{"type":"Polygon","coordinates":[[[28.890805125383796,41.013298168935414],[28.891109,41.012617],[28.890988,41.012593],[28.890865,41.012581],[28.89074,41.012581],[28.890617,41.012594],[28.890497,41.012618],[28.890382,41.012655],[28.890274,41.012702],[28.890175,41.012759],[28.890805125383796,41.013298168935414]]]},"properties":{"kamera_kodu":"SG-0217","tur":"okul"}},{"type":"Feature","geometry":{"type":"Polygon","coordinates":[[[29.101236,40.957894],[29.100995,40.958589],[29.101097,40.958605],[29.1012,40.958612],[29.101304,40.958611],[29.101407,40.958601],[29.101508,40.958583],[29.101606,40.958556],[29.101699,40.958522],[29.101787,40.95848],[29.101236,40.957894]]]},"properties":{"kamera_kodu":"SG-0218","tur":"durak"}},{"type":"Feature","geometry":{"type":"Polygon","coordinates":[[[29.084729,40.979718],[29.083928,40.97933],[29.083876,40.979398],[29.083835,40.97947],[29.083805,40.979545],[29.083785,40.979622],[29.083777,40.9797],[29.08378,40.979778],[29.083794,40.979856],[29.08382,40.979932],[29.084729,40.979718]]]},"properties":{"kamera_kodu":"SG-0219","tur":"durak"}},{"type":"Feature","geometry":{"type":"Polygon","coordinates":[[[29.036299,40.99712],[29.036447,40.99783],[29.036549,40.997813],[29.036647,40.997789],[29.036742,40.997756],[29.036831,40.997716],[29.036914,40.997669],[29.036989,40.997615],[29.037057,40.997555],[29.037115,40.997491],[29.036299,40.99712]]]},"properties":{"kamera_kodu":"SG-0220","tur":"durak"}},{"type":"Feature","geometry":{"type":"Polygon","coordinates":[[[29.023484,40.990876],[29.023386,40.990161],[29.023283,40.990174],[29.023183,40.990194],[29.023086,40.990223],[29.022994,40.99026],[29.022908,40.990303],[29.022829,40.990354],[29.022758,40.990411],[29.022695,40.990473],[29.023484,40.990876]]]},"properties":{"kamera_kodu":"SG-0221","tur":"durak"}},{"type":"Feature","geometry":{"type":"Polygon","coordinates":[[[29.048323,40.973667],[29.049751,40.973681],[29.049737,40.973517],[29.049691,40.973356],[29.049612,40.973203],[29.049504,40.97306],[29.049368,40.972932],[29.049207,40.972821],[29.049026,40.972729],[29.048829,40.972659],[29.048323,40.973667]]]},"properties":{"kamera_kodu":"SG-0222","tur":"kavsak"}},{"type":"Feature","geometry":{"type":"Polygon","coordinates":[[[29.097233,40.957427],[29.095807,40.95736],[29.095811,40.957525],[29.095847,40.957687],[29.095915,40.957843],[29.096014,40.957989],[29.096142,40.958123],[29.096295,40.95824],[29.09647,40.958338],[29.096662,40.958415],[29.097233,40.957427]]]},"properties":{"kamera_kodu":"SG-0223","tur":"kavsak"}},{"type":"Feature","geometry":{"type":"Polygon","coordinates":[[[29.072428,40.958975],[29.073803,40.958682],[29.073727,40.958528],[29.073622,40.958384],[29.073489,40.958253],[29.073331,40.95814],[29.073152,40.958046],[29.072957,40.957974],[29.072749,40.957925],[29.072533,40.9579],[29.072428,40.958975]]]},"properties":{"kamera_kodu":"SG-0224","tur":"kavsak"}},{"type":"Feature","geometry":{"type":"Polygon","coordinates":[[[29.042696,40.995139],[29.044124,40.995149],[29.04411,40.994985],[29.044062,40.994825],[29.043983,40.994672],[29.043874,40.994529],[29.043737,40.994401],[29.043576,40.99429],[29.043395,40.994199],[29.043197,40.99413],[29.042696,40.995139]]]},"properties":{"kamera_kodu":"SG-0225","tur":"kavsak"}},{"type":"Feature","geometry":{"type":"Polygon","coordinates":[[[29.068093,40.990405],[29.066919,40.989791],[29.066809,40.989933],[29.066729,40.990086],[29.06668,40.990246],[29.066665,40.99041],[29.066682,40.990574],[29.066733,40.990734],[29.066815,40.990887],[29.066927,40.991028],[29.068093,40.990405]]]},"properties":{"kamera_kodu":"SG-0226","tur":"kavsak"}},{"type":"Feature","geometry":{"type":"Polygon","coordinates":[[[29.057363,40.98136],[29.057008,40.980316],[29.056801,40.980369],[29.056608,40.980445],[29.056432,40.980542],[29.056278,40.980659],[29.05615,40.980791],[29.056049,40.980937],[29.055979,40.981093],[29.055941,40.981255],[29.057363,40.98136]]]},"properties":{"kamera_kodu":"SG-0227","tur":"kavsak"}},{"type":"Feature","geometry":{"type":"Polygon","coordinates":[[[29.021595,40.991247],[29.021131,40.989946],[29.020804,40.990039],[29.020507,40.990179],[29.020252,40.99036],[29.020048,40.990574],[29.019904,40.990815],[29.019825,40.991072],[29.019814,40.991336],[29.019871,40.991597],[29.021595,40.991247]]]},"properties":{"kamera_kodu":"SG-0228","tur":"meydan"}},{"type":"Feature","geometry":{"type":"Polygon","coordinates":[[[29.095709352067967,40.95591122935197],[29.095802,40.956626],[29.095925,40.956611],[29.096044,40.956584],[29.096157,40.956545],[29.096263,40.956496],[29.09636,40.956436],[29.096445,40.956368],[29.096517,40.956291],[29.096576,40.956208],[29.095709352067967,40.95591122935197]]]},"properties":{"kamera_kodu":"SG-0229","tur":"okul"}},{"type":"Feature","geometry":{"type":"Polygon","coordinates":[[[29.091708443607637,40.975198927754526],[29.092643,40.975335],[29.092659,40.975242],[29.092658,40.975148],[29.092641,40.975055],[29.092608,40.974964],[29.09256,40.974878],[29.092497,40.974796],[29.092421,40.974722],[29.092332,40.974656],[29.091708443607637,40.975198927754526]]]},"properties":{"kamera_kodu":"SG-0230","tur":"okul"}},{"type":"Feature","geometry":{"type":"Polygon","coordinates":[[[29.04561027143152,40.99598373362632],[29.0462,40.996548],[29.046292,40.996485],[29.046373,40.996414],[29.046441,40.996335],[29.046495,40.99625],[29.046533,40.996161],[29.046556,40.996068],[29.046562,40.995974],[29.046553,40.995881],[29.04561027143152,40.99598373362632]]]},"properties":{"kamera_kodu":"SG-0231","tur":"okul"}},{"type":"Feature","geometry":{"type":"Polygon","coordinates":[[[28.988867,41.083105],[28.988088,41.083518],[28.988152,41.08358],[28.988225,41.083636],[28.988305,41.083685],[28.988392,41.083728],[28.988485,41.083763],[28.988582,41.083791],[28.988683,41.08381],[28.988786,41.083821],[28.988867,41.083105]]]},"properties":{"kamera_kodu":"SG-0232","tur":"durak"}},{"type":"Feature","geometry":{"type":"Polygon","coordinates":[[[28.973301,41.079564],[28.973898,41.080124],[28.973975,41.080071],[28.974044,41.080013],[28.974105,41.079949],[28.974156,41.079881],[28.974196,41.079809],[28.974226,41.079734],[28.974245,41.079657],[28.974253,41.079579],[28.973301,41.079564]]]},"properties":{"kamera_kodu":"SG-0233","tur":"durak"}},{"type":"Feature","geometry":{"type":"Polygon","coordinates":[[[28.963698,41.072901],[28.96372,41.073979],[28.963937,41.073964],[28.964149,41.073924],[28.96435,41.07386],[28.964535,41.073774],[28.964702,41.073668],[28.964845,41.073544],[28.964961,41.073405],[28.965048,41.073254],[28.963698,41.072901]]]},"properties":{"kamera_kodu":"SG-0234","tur":"kavsak"}},{"type":"Feature","geometry":{"type":"Polygon","coordinates":[[[29.001401,41.074852],[29.002075,41.075802],[29.002259,41.075714],[29.002422,41.075605],[29.002562,41.075479],[29.002675,41.075339],[29.002759,41.075187],[29.00281,41.075027],[29.002829,41.074863],[29.002815,41.074699],[29.001401,41.074852]]]},"properties":{"kamera_kodu":"SG-0235","tur":"kavsak"}},{"type":"Feature","geometry":{"type":"Polygon","coordinates":[[[28.973939,41.077078],[28.972681,41.076567],[28.972593,41.076718],[28.972536,41.076876],[28.972512,41.07704],[28.97252,41.077204],[28.972562,41.077365],[28.972636,41.07752],[28.972741,41.077665],[28.972873,41.077795],[28.973939,41.077078]]]},"properties":{"kamera_kodu":"SG-0236","tur":"kavsak"}},{"type":"Feature","geometry":{"type":"Polygon","coordinates":[[[28.984531,41.076769],[28.985472,41.07758],[28.985624,41.077463],[28.985751,41.077329],[28.98585,41.077183],[28.985918,41.077026],[28.985954,41.076864],[28.985956,41.0767],[28.985926,41.076537],[28.985863,41.076379],[28.984531,41.076769]]]},"properties":{"kamera_kodu":"SG-0237","tur":"kavsak"}},{"type":"Feature","geometry":{"type":"Polygon","coordinates":[[[28.982109,41.087628],[28.981907,41.086561],[28.981694,41.086596],[28.981491,41.086656],[28.981303,41.086738],[28.981133,41.086841],[28.980985,41.086962],[28.980864,41.087099],[28.980772,41.087248],[28.980711,41.087406],[28.982109,41.087628]]]},"properties":{"kamera_kodu":"SG-0238","tur":"kavsak"}},{"type":"Feature","geometry":{"type":"Polygon","coordinates":[[[28.971619,41.08035],[28.970476,41.079315],[28.97023,41.079503],[28.970038,41.079724],[28.969907,41.079969],[28.969841,41.080228],[28.969844,41.080492],[28.969914,41.080751],[28.970051,41.080994],[28.970247,41.081213],[28.971619,41.08035]]]},"properties":{"kamera_kodu":"SG-0239","tur":"meydan"}},{"type":"Feature","geometry":{"type":"Polygon","coordinates":[[[28.99411066552604,41.07997701198685],[28.995038,41.079814],[28.995002,41.079724],[28.994951,41.079638],[28.994885,41.079559],[28.994806,41.079486],[28.994715,41.079422],[28.994614,41.079367],[28.994504,41.079322],[28.994387,41.079289],[28.99411066552604,41.07997701198685]]]},"properties":{"kamera_kodu":"SG-0240","tur":"okul"}},{"type":"Feature","geometry":{"type":"Polygon","coordinates":[[[29.00179947568212,41.09068449142891],[29.000946,41.090366],[29.000898,41.090452],[29.000866,41.090543],[29.000849,41.090636],[29.000849,41.09073],[29.000865,41.090824],[29.000897,41.090914],[29.000945,41.091001],[29.001007,41.091083],[29.00179947568212,41.09068449142891]]]},"properties":{"kamera_kodu":"SG-0241","tur":"okul"}},{"type":"Feature","geometry":{"type":"Polygon","coordinates":[[[29.230832,40.912133],[29.229912,40.911947],[29.229891,40.912023],[29.229881,40.912101],[29.229882,40.91218],[29.229894,40.912257],[29.229918,40.912334],[29.229952,40.912408],[29.229997,40.912478],[29.230052,40.912545],[29.230832,40.912133]]]},"properties":{"kamera_kodu":"SG-0242","tur":"durak"}},{"type":"Feature","geometry":{"type":"Polygon","coordinates":[[[29.18054,40.886068],[29.181482,40.886173],[29.181492,40.886095],[29.18149,40.886017],[29.181477,40.885939],[29.181453,40.885863],[29.181418,40.885789],[29.181372,40.885719],[29.181317,40.885652],[29.181252,40.885591],[29.18054,40.886068]]]},"properties":{"kamera_kodu":"SG-0243","tur":"durak"}},{"type":"Feature","geometry":{"type":"Polygon","coordinates":[[[29.178772,40.91617],[29.177821,40.916132],[29.177821,40.91621],[29.177833,40.916288],[29.177855,40.916365],[29.177889,40.916439],[29.177933,40.91651],[29.177987,40.916577],[29.17805,40.916639],[29.178122,40.916695],[29.178772,40.91617]]]},"properties":{"kamera_kodu":"SG-0244","tur":"durak"}},{"type":"Feature","geometry":{"type":"Polygon","coordinates":[[[29.215417,40.926929],[29.216106,40.927873],[29.216288,40.927783],[29.21645,40.927673],[29.216588,40.927546],[29.216699,40.927404],[29.21678,40.927252],[29.216829,40.927091],[29.216845,40.926927],[29.216828,40.926763],[29.215417,40.926929]]]},"properties":{"kamera_kodu":"SG-0245","tur":"kavsak"}},{"type":"Feature","geometry":{"type":"Polygon","coordinates":[[[29.225785,40.907646],[29.227017,40.9071],[29.226893,40.906965],[29.226743,40.906846],[29.22657,40.906746],[29.22638,40.906666],[29.226175,40.906609],[29.225961,40.906576],[29.225744,40.906568],[29.225527,40.906586],[29.225785,40.907646]]]},"properties":{"kamera_kodu":"SG-0246","tur":"kavsak"}},{"type":"Feature","geometry":{"type":"Polygon","coordinates":[[[29.215807,40.878555],[29.217213,40.878367],[29.217159,40.878208],[29.217074,40.878057],[29.216958,40.877917],[29.216816,40.877792],[29.216651,40.877685],[29.216466,40.877599],[29.216265,40.877534],[29.216054,40.877493],[29.215807,40.878555]]]},"properties":{"kamera_kodu":"SG-0247","tur":"kavsak"}},{"type":"Feature","geometry":{"type":"Polygon","coordinates":[[[29.225484,40.918779],[29.223804,40.919234],[29.223954,40.919473],[29.224162,40.919685],[29.224422,40.919862],[29.224722,40.919998],[29.225052,40.920086],[29.225398,40.920125],[29.225748,40.920112],[29.226087,40.920047],[29.225484,40.918779]]]},"properties":{"kamera_kodu":"SG-0248","tur":"meydan"}},{"type":"Feature","geometry":{"type":"Polygon","coordinates":[[[29.188379424765145,40.91190687395976],[29.188623,40.912602],[29.188742,40.912572],[29.188853,40.91253],[29.188957,40.912478],[29.189051,40.912416],[29.189133,40.912346],[29.189203,40.912268],[29.189258,40.912184],[29.189299,40.912095],[29.188379424765145,40.91190687395976]]]},"properties":{"kamera_kodu":"SG-0249","tur":"okul"}},{"type":"Feature","geometry":{"type":"Polygon","coordinates":[[[29.22728398590352,40.89725835847298],[29.226771,40.897864],[29.22688,40.897909],[29.226996,40.897943],[29.227117,40.897966],[29.227241,40.897976],[29.227365,40.897974],[29.227488,40.89796],[29.227608,40.897934],[29.227722,40.897896],[29.22728398590352,40.89725835847298]]]},"properties":{"kamera_kodu":"SG-0250","tur":"okul"}},{"type":"Feature","geometry":{"type":"Polygon","coordinates":[[[28.783348,41.062236],[28.782556,41.061837],[28.782503,41.061904],[28.78246,41.061976],[28.782428,41.06205],[28.782407,41.062127],[28.782397,41.062205],[28.782398,41.062283],[28.78241,41.062361],[28.782434,41.062437],[28.783348,41.062236]]]},"properties":{"kamera_kodu":"SG-0251","tur":"durak"}},{"type":"Feature","geometry":{"type":"Polygon","coordinates":[[[28.758679,41.04401],[28.757979,41.044497],[28.758053,41.044552],[28.758135,41.0446],[28.758223,41.044641],[28.758317,41.044675],[28.758415,41.0447],[28.758516,41.044718],[28.758619,41.044727],[28.758723,41.044728],[28.758679,41.04401]]]},"properties":{"kamera_kodu":"SG-0252","tur":"durak"}},{"type":"Feature","geometry":{"type":"Polygon","coordinates":[[[28.804049,41.02989],[28.803828,41.029191],[28.803729,41.029213],[28.803633,41.029244],[28.803542,41.029282],[28.803458,41.029327],[28.80338,41.029379],[28.80331,41.029437],[28.803249,41.0295],[28.803198,41.029568],[28.804049,41.02989]]]},"properties":{"kamera_kodu":"SG-0253","tur":"durak"}},{"type":"Feature","geometry":{"type":"Polygon","coordinates":[[[28.785813,41.015181],[28.787152,41.014806],[28.787061,41.014656],[28.786941,41.014519],[28.786794,41.014398],[28.786625,41.014294],[28.786437,41.014211],[28.786234,41.014151],[28.786021,41.014115],[28.785804,41.014103],[28.785813,41.015181]]]},"properties":{"kamera_kodu":"SG-0254","tur":"kavsak"}},{"type":"Feature","geometry":{"type":"Polygon","coordinates":[[[28.798063,41.038052],[28.798004,41.039129],[28.798222,41.039123],[28.798436,41.039093],[28.798642,41.039038],[28.798834,41.03896],[28.799008,41.038861],[28.79916,41.038743],[28.799286,41.038609],[28.799384,41.038462],[28.798063,41.038052]]]},"properties":{"kamera_kodu":"SG-0255","tur":"kavsak"}},{"type":"Feature","geometry":{"type":"Polygon","coordinates":[[[28.775216,41.061568],[28.776325,41.062247],[28.776449,41.062112],[28.776545,41.061964],[28.776609,41.061807],[28.776641,41.061644],[28.776639,41.061479],[28.776605,41.061317],[28.776538,41.06116],[28.776441,41.061013],[28.775216,41.061568]]]},"properties":{"kamera_kodu":"SG-0256","tur":"kavsak"}},{"type":"Feature","geometry":{"type":"Polygon","coordinates":[[[28.803082,41.001447],[28.804423,41.001077],[28.804333,41.000927],[28.804214,41.000789],[28.804068,41.000667],[28.803899,41.000563],[28.803712,41.000479],[28.803509,41.000418],[28.803297,41.000381],[28.80308,41.000369],[28.803082,41.001447]]]},"properties":{"kamera_kodu":"SG-0257","tur":"kavsak"}},{"type":"Feature","geometry":{"type":"Polygon","coordinates":[[[28.767921,40.985789],[28.766883,40.985049],[28.766746,40.985176],[28.766636,40.985319],[28.766556,40.985472],[28.766508,40.985632],[28.766493,40.985796],[28.766511,40.98596],[28.766562,40.98612],[28.766644,40.986272],[28.767921,40.985789]]]},"properties":{"kamera_kodu":"SG-0258","tur":"kavsak"}},{"type":"Feature","geometry":{"type":"Polygon","coordinates":[[[28.771265,40.990929],[28.769601,40.991417],[28.769759,40.991653],[28.769975,40.99186],[28.77024,40.992032],[28.770545,40.992162],[28.770878,40.992244],[28.771225,40.992276],[28.771574,40.992256],[28.771911,40.992185],[28.771265,40.990929]]]},"properties":{"kamera_kodu":"SG-0259","tur":"meydan"}},{"type":"Feature","geometry":{"type":"Polygon","coordinates":[[[28.792313356120236,41.04184350809781],[28.793238,41.041672],[28.793201,41.041583],[28.793148,41.041498],[28.793081,41.041418],[28.793001,41.041346],[28.792909,41.041283],[28.792807,41.041229],[28.792697,41.041186],[28.79258,41.041154],[28.792313356120236,41.04184350809781]]]},"properties":{"kamera_kodu":"SG-0260","tur":"okul"}},{"type":"Feature","geometry":{"type":"Polygon","coordinates":[[[28.77888646688184,40.98523487708561],[28.779799,40.985441],[28.779827,40.985349],[28.779838,40.985255],[28.779834,40.985161],[28.779813,40.985069],[28.779776,40.984979],[28.779724,40.984893],[28.779658,40.984814],[28.779579,40.984741],[28.77888646688184,40.98523487708561]]]},"properties":{"kamera_kodu":"SG-0261","tur":"okul"}},{"type":"Feature","geometry":{"type":"Polygon","coordinates":[[[28.774706988379027,41.05365282266308],[28.775122,41.053006],[28.775006,41.052971],[28.774886,41.052947],[28.774762,41.052935],[28.774638,41.052936],[28.774514,41.052949],[28.774394,41.052974],[28.77428,41.053011],[28.774172,41.053058],[28.774706988379027,41.05365282266308]]]},"properties":{"kamera_kodu":"SG-0262","tur":"okul"}},{"type":"Feature","geometry":{"type":"Polygon","coordinates":[[[29.139198,40.93528],[29.138315,40.935549],[29.138359,40.93562],[29.138413,40.935687],[29.138477,40.935749],[29.138549,40.935806],[29.138629,40.935856],[29.138715,40.935899],[29.138807,40.935935],[29.138904,40.935964],[29.139198,40.93528]]]},"properties":{"kamera_kodu":"SG-0263","tur":"durak"}},{"type":"Feature","geometry":{"type":"Polygon","coordinates":[[[29.21472,40.95249],[29.21399,40.952952],[29.214061,40.953009],[29.21414,40.95306],[29.214226,40.953104],[29.214317,40.953141],[29.214413,40.95317],[29.214513,40.953192],[29.214616,40.953204],[29.214719,40.953209],[29.21472,40.95249]]]},"properties":{"kamera_kodu":"SG-0264","tur":"durak"}},{"type":"Feature","geometry":{"type":"Polygon","coordinates":[[[29.198782,40.96847],[29.19933,40.969058],[29.199412,40.969009],[29.199486,40.968954],[29.199551,40.968894],[29.199608,40.968828],[29.199655,40.968758],[29.199691,40.968684],[29.199716,40.968608],[29.199731,40.968531],[29.198782,40.96847]]]},"properties":{"kamera_kodu":"SG-0265","tur":"durak"}},{"type":"Feature","geometry":{"type":"Polygon","coordinates":[[[29.214506,40.953019],[29.213231,40.953505],[29.213344,40.953646],[29.213484,40.953772],[29.213648,40.953881],[29.213831,40.953969],[29.214031,40.954036],[29.214241,40.954078],[29.214458,40.954096],[29.214676,40.954089],[29.214506,40.953019]]]},"properties":{"kamera_kodu":"SG-0266","tur":"kavsak"}},{"type":"Feature","geometry":{"type":"Polygon","coordinates":[[[29.145962,40.95889],[29.147234,40.959381],[29.147318,40.959229],[29.14737,40.95907],[29.14739,40.958906],[29.147377,40.958742],[29.14733,40.958581],[29.147252,40.958427],[29.147144,40.958285],[29.147008,40.958156],[29.145962,40.95889]]]},"properties":{"kamera_kodu":"SG-0267","tur":"kavsak"}},{"type":"Feature","geometry":{"type":"Polygon","coordinates":[[[29.114635,40.935941],[29.113323,40.936368],[29.113425,40.936514],[29.113554,40.936646],[29.113709,40.936762],[29.113885,40.936858],[29.114079,40.936934],[29.114285,40.936986],[29.1145,40.937014],[29.114718,40.937017],[29.114635,40.935941]]]},"properties":{"kamera_kodu":"SG-0268","tur":"kavsak"}},{"type":"Feature","geometry":{"type":"Polygon","coordinates":[[[29.195992,40.969747],[29.19573,40.968687],[29.19552,40.96873],[29.19532,40.968796],[29.195136,40.968884],[29.194972,40.968992],[29.194832,40.969118],[29.194719,40.969259],[29.194635,40.969411],[29.194583,40.96957],[29.195992,40.969747]]]},"properties":{"kamera_kodu":"SG-0269","tur":"kavsak"}},{"type":"Feature","geometry":{"type":"Polygon","coordinates":[[[29.133014,40.923591],[29.134794,40.923694],[29.134787,40.92343],[29.134711,40.923172],[29.13457,40.92293],[29.134369,40.922714],[29.134117,40.922531],[29.133822,40.922389],[29.133495,40.922293],[29.133151,40.922247],[29.133014,40.923591]]]},"properties":{"kamera_kodu":"SG-0270","tur":"meydan"}},{"type":"Feature","geometry":{"type":"Polygon","coordinates":[[[29.100620204223826,40.94854325079045],[29.09981,40.948921],[29.099883,40.948998],[29.099967,40.949066],[29.100064,40.949126],[29.100169,40.949176],[29.100282,40.949215],[29.100402,40.949243],[29.100524,40.949258],[29.100649,40.949262],[29.100620204223826,40.94854325079045]]]},"properties":{"kamera_kodu":"SG-0271","tur":"okul"}},{"type":"Feature","geometry":{"type":"Polygon","coordinates":[[[29.132251946244175,40.92030691383833],[29.132241,40.921026],[29.132365,40.92102],[29.132488,40.921003],[29.132606,40.920974],[29.132719,40.920933],[29.132823,40.920882],[29.132917,40.920821],[29.133001,40.920751],[29.133071,40.920673],[29.132251946244175,40.92030691383833]]]},"properties":{"kamera_kodu":"SG-0272","tur":"okul"}},{"type":"Feature","geometry":{"type":"Polygon","coordinates":[[[29.133545876516248,40.94054895995424],[29.132636,40.940762],[29.132681,40.94085],[29.13274,40.940932],[29.132814,40.941008],[29.132899,40.941077],[29.132996,40.941136],[29.133102,40.941185],[29.133216,40.941223],[29.133335,40.94125],[29.133545876516248,40.94054895995424]]]},"properties":{"kamera_kodu":"SG-0273","tur":"okul"}},{"type":"Feature","geometry":{"type":"Polygon","coordinates":[[[29.2218,40.878902],[29.222751,40.878863],[29.222739,40.878785],[29.222717,40.878708],[29.222684,40.878634],[29.22264,40.878563],[29.222586,40.878496],[29.222523,40.878434],[29.222451,40.878377],[29.222371,40.878327],[29.2218,40.878902]]]},"properties":{"kamera_kodu":"SG-0274","tur":"durak"}},{"type":"Feature","geometry":{"type":"Polygon","coordinates":[[[29.273364,40.860977],[29.27372,40.860311],[29.273622,40.860285],[29.273521,40.860268],[29.273418,40.860259],[29.273314,40.860259],[29.273211,40.860268],[29.273109,40.860285],[29.273011,40.86031],[29.272917,40.860343],[29.273364,40.860977]]]},"properties":{"kamera_kodu":"SG-0275","tur":"durak"}},{"type":"Feature","geometry":{"type":"Polygon","coordinates":[[[29.377771,40.982599],[29.378681,40.982811],[29.378706,40.982735],[29.37872,40.982657],[29.378723,40.982579],[29.378714,40.982501],[29.378695,40.982424],[29.378664,40.982349],[29.378622,40.982277],[29.378571,40.982209],[29.377771,40.982599]]]},"properties":{"kamera_kodu":"SG-0276","tur":"durak"}},{"type":"Feature","geometry":{"type":"Polygon","coordinates":[[[29.265589,40.872422],[29.266887,40.871973],[29.266782,40.871829],[29.266648,40.871699],[29.26649,40.871586],[29.266311,40.871492],[29.266115,40.87142],[29.265907,40.871371],[29.265692,40.871347],[29.265474,40.871348],[29.265589,40.872422]]]},"properties":{"kamera_kodu":"SG-0277","tur":"kavsak"}},{"type":"Feature","geometry":{"type":"Polygon","coordinates":[[[29.235394,40.883905],[29.235657,40.882845],[29.23544,40.882828],[29.235223,40.882835],[29.235009,40.882867],[29.234804,40.882923],[29.234613,40.883002],[29.23444,40.883103],[29.23429,40.883221],[29.234165,40.883356],[29.235394,40.883905]]]},"properties":{"kamera_kodu":"SG-0278","tur":"kavsak"}},{"type":"Feature","geometry":{"type":"Polygon","coordinates":[[[29.3101,40.926982],[29.311525,40.927055],[29.311523,40.926891],[29.311488,40.926728],[29.311421,40.926572],[29.311323,40.926425],[29.311197,40.926291],[29.311045,40.926173],[29.310871,40.926074],[29.310679,40.925996],[29.3101,40.926982]]]},"properties":{"kamera_kodu":"SG-0279","tur":"kavsak"}},{"type":"Feature","geometry":{"type":"Polygon","coordinates":[[[29.25326,40.906542],[29.254116,40.905679],[29.253932,40.905591],[29.253732,40.905525],[29.253522,40.905482],[29.253305,40.905465],[29.253087,40.905472],[29.252874,40.905504],[29.252669,40.905561],[29.252478,40.90564],[29.25326,40.906542]]]},"properties":{"kamera_kodu":"SG-0280","tur":"kavsak"}},{"type":"Feature","geometry":{"type":"Polygon","coordinates":[[[29.3078,41.000173],[29.306716,40.999471],[29.306587,40.999604],[29.306486,40.99975],[29.306416,40.999906],[29.306379,41.000068],[29.306374,41.000232],[29.306402,41.000395],[29.306463,41.000553],[29.306556,41.000702],[29.3078,41.000173]]]},"properties":{"kamera_kodu":"SG-0281","tur":"kavsak"}},{"type":"Feature","geometry":{"type":"Polygon","coordinates":[[[29.273119,40.93004],[29.272398,40.930971],[29.272594,40.931043],[29.272802,40.931091],[29.273018,40.931115],[29.273236,40.931114],[29.273451,40.931088],[29.273659,40.931038],[29.273853,40.930965],[29.274031,40.930869],[29.273119,40.93004]]]},"properties":{"kamera_kodu":"SG-0282","tur":"kavsak"}},{"type":"Feature","geometry":{"type":"Polygon","coordinates":[[[29.23523,40.876087],[29.234344,40.874917],[29.234059,40.87507],[29.233819,40.875262],[29.233632,40.875485],[29.233508,40.875732],[29.233449,40.875993],[29.233459,40.876257],[29.233537,40.876514],[29.23368,40.876755],[29.23523,40.876087]]]},"properties":{"kamera_kodu":"SG-0283","tur":"meydan"}},{"type":"Feature","geometry":{"type":"Polygon","coordinates":[[[29.265361887533444,40.919315256867996],[29.264651,40.918837],[29.264575,40.918911],[29.264512,40.918992],[29.264463,40.919078],[29.26443,40.919169],[29.264412,40.919262],[29.264411,40.919356],[29.264426,40.919449],[29.264458,40.91954],[29.265361887533444,40.919315256867996]]]},"properties":{"kamera_kodu":"SG-0284","tur":"okul"}},{"type":"Feature","geometry":{"type":"Polygon","coordinates":[[[29.23227569769257,40.88275692192007],[29.233174,40.882996],[29.233207,40.882905],[29.233225,40.882812],[29.233227,40.882718],[29.233212,40.882625],[29.233181,40.882534],[29.233134,40.882446],[29.233073,40.882364],[29.232999,40.882289],[29.23227569769257,40.88275692192007]]]},"properties":{"kamera_kodu":"SG-0285","tur":"okul"}},{"type":"Feature","geometry":{"type":"Polygon","coordinates":[[[29.292664725771786,40.857113944627145],[29.292534,40.856402],[29.292412,40.856421],[29.292294,40.856452],[29.292183,40.856494],[29.29208,40.856547],[29.291987,40.856609],[29.291905,40.856681],[29.291837,40.856759],[29.291782,40.856844],[29.292664725771786,40.857113944627145]]]},"properties":{"kamera_kodu":"SG-0286","tur":"okul"}},{"type":"Feature","geometry":{"type":"Polygon","coordinates":[[[29.211074,40.975437],[29.211706,40.975975],[29.21178,40.975919],[29.211845,40.975859],[29.211901,40.975793],[29.211948,40.975723],[29.211984,40.975649],[29.212009,40.975573],[29.212023,40.975496],[29.212026,40.975417],[29.211074,40.975437]]]},"properties":{"kamera_kodu":"SG-0287","tur":"durak"}},{"type":"Feature","geometry":{"type":"Polygon","coordinates":[[[29.246746,40.971956],[29.246428,40.971279],[29.246332,40.971309],[29.246241,40.971347],[29.246156,40.971392],[29.246078,40.971444],[29.246008,40.971502],[29.245947,40.971565],[29.245896,40.971633],[29.245854,40.971705],[29.246746,40.971956]]]},"properties":{"kamera_kodu":"SG-0288","tur":"durak"}},{"type":"Feature","geometry":{"type":"Polygon","coordinates":[[[29.195417,41.011827],[29.195344,41.01075],[29.195128,41.010771],[29.194918,41.010817],[29.19472,41.010886],[29.194539,41.010977],[29.194378,41.011088],[29.194241,41.011216],[29.194131,41.011358],[29.194052,41.011511],[29.195417,41.011827]]]},"properties":{"kamera_kodu":"SG-0289","tur":"kavsak"}},{"type":"Feature","geometry":{"type":"Polygon","coordinates":[[[29.239659,41.004189],[29.240309,41.005149],[29.240495,41.005063],[29.240661,41.004957],[29.240805,41.004833],[29.240921,41.004694],[29.241008,41.004543],[29.241064,41.004384],[29.241087,41.00422],[29.241076,41.004056],[29.239659,41.004189]]]},"properties":{"kamera_kodu":"SG-0290","tur":"kavsak"}},{"type":"Feature","geometry":{"type":"Polygon","coordinates":[[[29.2099,40.974993],[29.210772,40.975847],[29.210934,40.975737],[29.211072,40.97561],[29.211182,40.975468],[29.211263,40.975315],[29.211312,40.975155],[29.211328,40.974991],[29.211311,40.974827],[29.211261,40.974667],[29.2099,40.974993]]]},"properties":{"kamera_kodu":"SG-0291","tur":"kavsak"}},{"type":"Feature","geometry":{"type":"Polygon","coordinates":[[[29.231797,40.983976],[29.231512,40.985032],[29.231729,40.985053],[29.231946,40.985048],[29.232161,40.985018],[29.232367,40.984965],[29.232559,40.984888],[29.232734,40.98479],[29.232887,40.984672],[29.233015,40.984539],[29.231797,40.983976]]]},"properties":{"kamera_kodu":"SG-0292","tur":"kavsak"}},{"type":"Feature","geometry":{"type":"Polygon","coordinates":[[[29.237959,40.963493],[29.239306,40.963851],[29.239363,40.963692],[29.239387,40.963528],[29.239377,40.963364],[29.239335,40.963203],[29.23926,40.963048],[29.239155,40.962904],[29.239022,40.962773],[29.238865,40.96266],[29.237959,40.963493]]]},"properties":{"kamera_kodu":"SG-0293","tur":"kavsak"}},{"type":"Feature","geometry":{"type":"Polygon","coordinates":[[[29.228864,40.985858],[29.230492,40.986412],[29.230604,40.986161],[29.230649,40.985899],[29.230625,40.985636],[29.230534,40.985381],[29.230378,40.985144],[29.230165,40.984935],[29.229901,40.984761],[29.229598,40.98463],[29.228864,40.985858]]]},"properties":{"kamera_kodu":"SG-0294","tur":"meydan"}},{"type":"Feature","geometry":{"type":"Polygon","coordinates":[[[29.214205240237934,40.96539677344739],[29.215116,40.965607],[29.215144,40.965516],[29.215157,40.965422],[29.215153,40.965328],[29.215133,40.965235],[29.215097,40.965145],[29.215046,40.96506],[29.214981,40.96498],[29.214902,40.964907],[29.214205240237934,40.96539677344739]]]},"properties":{"kamera_kodu":"SG-0295","tur":"okul"}},{"type":"Feature","geometry":{"type":"Polygon","coordinates":[[[29.226678321585055,40.98946635778518],[29.2269,40.990165],[29.227019,40.990138],[29.227132,40.990098],[29.227237,40.990048],[29.227333,40.989988],[29.227418,40.989919],[29.22749,40.989843],[29.227548,40.989759],[29.227591,40.989671],[29.226678321585055,40.98946635778518]]]},"properties":{"kamera_kodu":"SG-0296","tur":"okul"}},{"type":"Feature","geometry":{"type":"Polygon","coordinates":[[[29.19448651807931,40.989313380184036],[29.193535,40.989345],[29.193549,40.989439],[29.193579,40.98953],[29.193624,40.989618],[29.193684,40.9897],[29.193757,40.989776],[29.193844,40.989844],[29.193941,40.989902],[29.194047,40.989951],[29.19448651807931,40.989313380184036]]]},"properties":{"kamera_kodu":"SG-0297","tur":"okul"}},{"type":"Feature","geometry":{"type":"Polygon","coordinates":[[[29.020799,41.108093],[29.020041,41.107658],[29.019983,41.107723],[29.019934,41.107792],[29.019896,41.107865],[29.019868,41.107941],[29.019852,41.108018],[29.019847,41.108096],[29.019853,41.108175],[29.01987,41.108252],[29.020799,41.108093]]]},"properties":{"kamera_kodu":"SG-0298","tur":"durak"}},{"type":"Feature","geometry":{"type":"Polygon","coordinates":[[[29.056517,41.168002],[29.055667,41.168326],[29.055719,41.168394],[29.05578,41.168457],[29.05585,41.168515],[29.055928,41.168567],[29.056013,41.168612],[29.056104,41.168649],[29.0562,41.16868],[29.056299,41.168702],[29.056517,41.168002]]]},"properties":{"kamera_kodu":"SG-0299","tur":"durak"}},{"type":"Feature","geometry":{"type":"Polygon","coordinates":[[[29.032584,41.220731],[29.032961,41.220071],[29.032864,41.220044],[29.032763,41.220025],[29.03266,41.220015],[29.032557,41.220013],[29.032453,41.220019],[29.032351,41.220034],[29.032252,41.220057],[29.032157,41.220089],[29.032584,41.220731]]]},"properties":{"kamera_kodu":"SG-0300","tur":"durak"}},{"type":"Feature","geometry":{"type":"Polygon","coordinates":[[[28.998493,41.1116],[28.999889,41.111828],[28.999919,41.111665],[28.999915,41.111501],[28.999879,41.111339],[28.99981,41.111182],[28.99971,41.111036],[28.999583,41.110903],[28.999429,41.110786],[28.999254,41.110688],[28.998493,41.1116]]]},"properties":{"kamera_kodu":"SG-0301","tur":"kavsak"}},{"type":"Feature","geometry":{"type":"Polygon","coordinates":[[[29.060101,41.113909],[29.058675,41.113852],[29.05868,41.114017],[29.058718,41.114179],[29.058789,41.114334],[29.05889,41.11448],[29.059019,41.114613],[29.059173,41.114729],[29.059349,41.114826],[29.059543,41.114901],[29.060101,41.113909]]]},"properties":{"kamera_kodu":"SG-0302","tur":"kavsak"}},{"type":"Feature","geometry":{"type":"Polygon","coordinates":[[[29.054606,41.081317],[29.055487,41.082166],[29.055648,41.082055],[29.055784,41.081926],[29.055893,41.081784],[29.055972,41.081631],[29.05602,41.08147],[29.056034,41.081306],[29.056015,41.081142],[29.055964,41.080983],[29.054606,41.081317]]]},"properties":{"kamera_kodu":"SG-0303","tur":"kavsak"}},{"type":"Feature","geometry":{"type":"Polygon","coordinates":[[[28.990273,41.177639],[28.991472,41.178225],[28.991576,41.17808],[28.99165,41.177926],[28.991692,41.177764],[28.9917,41.1776],[28.991676,41.177436],[28.991619,41.177278],[28.99153,41.177127],[28.991412,41.176989],[28.990273,41.177639]]]},"properties":{"kamera_kodu":"SG-0304","tur":"kavsak"}},{"type":"Feature","geometry":{"type":"Polygon","coordinates":[[[29.04779,41.162492],[29.047817,41.16357],[29.048034,41.163554],[29.048245,41.163514],[29.048446,41.16345],[29.048631,41.163363],[29.048797,41.163257],[29.048939,41.163132],[29.049055,41.162993],[29.049141,41.162842],[29.04779,41.162492]]]},"properties":{"kamera_kodu":"SG-0305","tur":"kavsak"}},{"type":"Feature","geometry":{"type":"Polygon","coordinates":[[[29.021898,41.106586],[29.023029,41.107629],[29.023276,41.107442],[29.023471,41.107223],[29.023606,41.106979],[29.023675,41.10672],[29.023675,41.106456],[29.023607,41.106197],[29.023474,41.105953],[29.02328,41.105733],[29.021898,41.106586]]]},"properties":{"kamera_kodu":"SG-0306","tur":"meydan"}},{"type":"Feature","geometry":{"type":"Polygon","coordinates":[[[29.073308,41.20532],[29.072046,41.206273],[29.072316,41.20644],[29.072625,41.206565],[29.07296,41.206642],[29.073308,41.206667],[29.073656,41.206642],[29.073991,41.206565],[29.0743,41.20644],[29.07457,41.206273],[29.073308,41.20532]]]},"properties":{"kamera_kodu":"SG-0307","tur":"meydan"}},{"type":"Feature","geometry":{"type":"Polygon","coordinates":[[[29.039108426910996,41.13744129575485],[29.038166,41.137336],[29.038156,41.13743],[29.038162,41.137524],[29.038185,41.137616],[29.038223,41.137706],[29.038276,41.137791],[29.038344,41.13787],[29.038424,41.137941],[29.038517,41.138004],[29.039108426910996,41.13744129575485]]]},"properties":{"kamera_kodu":"SG-0308","tur":"okul"}},{"type":"Feature","geometry":{"type":"Polygon","coordinates":[[[29.043044406820876,41.086927049055674],[29.04239,41.087449],[29.042485,41.087509],[29.042591,41.087559],[29.042704,41.087598],[29.042823,41.087626],[29.042946,41.087642],[29.04307,41.087645],[29.043194,41.087637],[29.043316,41.087616],[29.043044406820876,41.086927049055674]]]},"properties":{"kamera_kodu":"SG-0309","tur":"okul"}},{"type":"Feature","geometry":{"type":"Polygon","coordinates":[[[29.684453,41.073411],[29.683503,41.073462],[29.683516,41.07354],[29.68354,41.073616],[29.683575,41.07369],[29.683621,41.07376],[29.683676,41.073827],[29.683741,41.073888],[29.683814,41.073944],[29.683894,41.073993],[29.684453,41.073411]]]},"properties":{"kamera_kodu":"SG-0310","tur":"durak"}},{"type":"Feature","geometry":{"type":"Polygon","coordinates":[[[29.841095,41.133949],[29.841045,41.134667],[29.841149,41.134666],[29.841252,41.134658],[29.841354,41.134641],[29.841452,41.134615],[29.841546,41.134582],[29.841635,41.134541],[29.841717,41.134493],[29.841792,41.134439],[29.841095,41.133949]]]},"properties":{"kamera_kodu":"SG-0311","tur":"durak"}},{"type":"Feature","geometry":{"type":"Polygon","coordinates":[[[29.904669,41.10962],[29.903355,41.110043],[29.903455,41.110188],[29.903584,41.110321],[29.903738,41.110438],[29.903914,41.110535],[29.904107,41.110611],[29.904313,41.110664],[29.904528,41.110693],[29.904746,41.110696],[29.904669,41.10962]]]},"properties":{"kamera_kodu":"SG-0312","tur":"kavsak"}},{"type":"Feature","geometry":{"type":"Polygon","coordinates":[[[29.609134,41.156583],[29.610522,41.156836],[29.610557,41.156674],[29.610559,41.15651],[29.610528,41.156347],[29.610464,41.15619],[29.610369,41.156042],[29.610246,41.155906],[29.610096,41.155786],[29.609924,41.155685],[29.609134,41.156583]]]},"properties":{"kamera_kodu":"SG-0313","tur":"kavsak"}},{"type":"Feature","geometry":{"type":"Polygon","coordinates":[[[29.476689,41.143282],[29.475403,41.142814],[29.475323,41.142967],[29.475275,41.143127],[29.475261,41.143291],[29.475279,41.143455],[29.475331,41.143615],[29.475413,41.143767],[29.475526,41.143908],[29.475666,41.144034],[29.476689,41.143282]]]},"properties":{"kamera_kodu":"SG-0314","tur":"kavsak"}},{"type":"Feature","geometry":{"type":"Polygon","coordinates":[[[29.608952,41.173727],[29.609408,41.17503],[29.609736,41.174937],[29.610034,41.174799],[29.61029,41.174619],[29.610495,41.174405],[29.610641,41.174164],[29.610721,41.173907],[29.610734,41.173643],[29.610678,41.173383],[29.608952,41.173727]]]},"properties":{"kamera_kodu":"SG-0315","tur":"meydan"}},{"type":"Feature","geometry":{"type":"Polygon","coordinates":[[[29.612899914117918,41.177185762022354],[29.612985,41.177902],[29.613108,41.177887],[29.613228,41.177861],[29.613341,41.177822],[29.613448,41.177774],[29.613545,41.177715],[29.613631,41.177647],[29.613704,41.177571],[29.613764,41.177488],[29.612899914117918,41.177185762022354]]]},"properties":{"kamera_kodu":"SG-0316","tur":"okul"}},{"type":"Feature","geometry":{"type":"Polygon","coordinates":[[[28.305404,41.066825],[28.305532,41.066113],[28.305428,41.066107],[28.305324,41.066109],[28.305221,41.06612],[28.305121,41.066139],[28.305023,41.066166],[28.304931,41.066201],[28.304844,41.066244],[28.304763,41.066293],[28.305404,41.066825]]]},"properties":{"kamera_kodu":"SG-0317","tur":"durak"}},{"type":"Feature","geometry":{"type":"Polygon","coordinates":[[[28.08797,41.180581],[28.087292,41.181086],[28.087369,41.181139],[28.087453,41.181185],[28.087544,41.181224],[28.087639,41.181255],[28.087738,41.181278],[28.08784,41.181293],[28.087943,41.181299],[28.088047,41.181297],[28.08797,41.180581]]]},"properties":{"kamera_kodu":"SG-0318","tur":"durak"}},{"type":"Feature","geometry":{"type":"Polygon","coordinates":[[[28.04753,41.048433],[28.047044,41.049447],[28.047254,41.049491],[28.047471,41.04951],[28.047689,41.049504],[28.047903,41.049474],[28.048108,41.049419],[28.0483,41.049341],[28.048474,41.049242],[28.048626,41.049124],[28.04753,41.048433]]]},"properties":{"kamera_kodu":"SG-0319","tur":"kavsak"}},{"type":"Feature","geometry":{"type":"Polygon","coordinates":[[[28.254151,41.075396],[28.255491,41.07577],[28.25555,41.075612],[28.255578,41.075449],[28.255572,41.075284],[28.255533,41.075122],[28.255461,41.074967],[28.25536,41.074822],[28.25523,41.074689],[28.255075,41.074574],[28.254151,41.075396]]]},"properties":{"kamera_kodu":"SG-0320","tur":"kavsak"}},{"type":"Feature","geometry":{"type":"Polygon","coordinates":[[[28.356566,41.060714],[28.355736,41.059837],[28.355569,41.059942],[28.355425,41.060066],[28.355308,41.060204],[28.355219,41.060354],[28.355163,41.060513],[28.355139,41.060677],[28.355148,41.060841],[28.35519,41.061002],[28.356566,41.060714]]]},"properties":{"kamera_kodu":"SG-0321","tur":"kavsak"}},{"type":"Feature","geometry":{"type":"Polygon","coordinates":[[[28.27726,41.132378],[28.277121,41.131305],[28.276907,41.131334],[28.2767,41.131386],[28.276507,41.131462],[28.276331,41.131559],[28.276177,41.131675],[28.276048,41.131808],[28.275947,41.131954],[28.275877,41.132109],[28.27726,41.132378]]]},"properties":{"kamera_kodu":"SG-0322","tur":"kavsak"}},{"type":"Feature","geometry":{"type":"Polygon","coordinates":[[[28.252217,41.330268],[28.25344,41.330825],[28.253538,41.330678],[28.253605,41.330522],[28.25364,41.33036],[28.253642,41.330195],[28.253611,41.330033],[28.253547,41.329875],[28.253452,41.329727],[28.253329,41.329592],[28.252217,41.330268]]]},"properties":{"kamera_kodu":"SG-0323","tur":"kavsak"}},{"type":"Feature","geometry":{"type":"Polygon","coordinates":[[[28.256494,41.079012],[28.25623,41.080345],[28.256579,41.080358],[28.256925,41.08032],[28.257255,41.080231],[28.257556,41.080095],[28.257815,41.079918],[28.258024,41.079706],[28.258174,41.079468],[28.25826,41.079212],[28.256494,41.079012]]]},"properties":{"kamera_kodu":"SG-0324","tur":"meydan"}},{"type":"Feature","geometry":{"type":"Polygon","coordinates":[[[28.249161182567033,41.073410305987295],[28.250085,41.073584],[28.250107,41.073491],[28.250113,41.073397],[28.250103,41.073304],[28.250076,41.073212],[28.250034,41.073123],[28.249977,41.07304],[28.249906,41.072963],[28.249822,41.072893],[28.249161182567033,41.073410305987295]]]},"properties":{"kamera_kodu":"SG-0325","tur":"okul"}},{"type":"Feature","geometry":{"type":"Polygon","coordinates":[[[28.240847771759572,41.0764654715248],[28.239899,41.07653],[28.239919,41.076623],[28.239954,41.076713],[28.240005,41.076799],[28.24007,41.07688],[28.240148,41.076953],[28.240238,41.077017],[28.240339,41.077073],[28.240448,41.077118],[28.240847771759572,41.0764654715248]]]},"properties":{"kamera_kodu":"SG-0326","tur":"okul"}},{"type":"Feature","geometry":{"type":"Polygon","coordinates":[[[29.010907,41.06719],[29.011824,41.067384],[29.011846,41.067308],[29.011858,41.06723],[29.011858,41.067152],[29.011847,41.067074],[29.011824,41.066997],[29.011791,41.066923],[29.011747,41.066852],[29.011693,41.066785],[29.010907,41.06719]]]},"properties":{"kamera_kodu":"SG-0327","tur":"durak"}},{"type":"Feature","geometry":{"type":"Polygon","coordinates":[[[29.007273,41.085371],[29.006521,41.085812],[29.006589,41.085871],[29.006666,41.085924],[29.006749,41.085971],[29.006839,41.086011],[29.006933,41.086042],[29.007032,41.086066],[29.007134,41.086082],[29.007237,41.086089],[29.007273,41.085371]]]},"properties":{"kamera_kodu":"SG-0328","tur":"durak"}},{"type":"Feature","geometry":{"type":"Polygon","coordinates":[[[28.987415,41.052493],[28.987899,41.051874],[28.987807,41.051838],[28.987711,41.05181],[28.98761,41.05179],[28.987508,41.051778],[28.987404,41.051774],[28.9873,41.05178],[28.987198,41.051793],[28.987098,41.051815],[28.987415,41.052493]]]},"properties":{"kamera_kodu":"SG-0329","tur":"durak"}},{"type":"Feature","geometry":{"type":"Polygon","coordinates":[[[28.99953,41.05379],[29.000799,41.053295],[29.000684,41.053155],[29.000543,41.05303],[29.000378,41.052922],[29.000193,41.052835],[28.999993,41.05277],[28.999782,41.052729],[28.999565,41.052712],[28.999348,41.052721],[28.99953,41.05379]]]},"properties":{"kamera_kodu":"SG-0330","tur":"kavsak"}},{"type":"Feature","geometry":{"type":"Polygon","coordinates":[[[29.015782,41.071763],[29.01548,41.072817],[29.015696,41.072839],[29.015914,41.072836],[29.016129,41.072809],[29.016336,41.072757],[29.016529,41.072682],[29.016706,41.072585],[29.016861,41.072469],[29.016991,41.072337],[29.015782,41.071763]]]},"properties":{"kamera_kodu":"SG-0331","tur":"kavsak"}},{"type":"Feature","geometry":{"type":"Polygon","coordinates":[[[29.003092,41.066586],[29.004184,41.067281],[29.004311,41.067147],[29.00441,41.067001],[29.004479,41.066845],[29.004515,41.066682],[29.004517,41.066518],[29.004487,41.066355],[29.004424,41.066198],[29.004331,41.066049],[29.003092,41.066586]]]},"properties":{"kamera_kodu":"SG-0332","tur":"kavsak"}},{"type":"Feature","geometry":{"type":"Polygon","coordinates":[[[28.980414,41.064462],[28.981813,41.064681],[28.98184,41.064518],[28.981835,41.064353],[28.981797,41.064191],[28.981726,41.064036],[28.981625,41.06389],[28.981495,41.063758],[28.981341,41.063642],[28.981165,41.063545],[28.980414,41.064462]]]},"properties":{"kamera_kodu":"SG-0333","tur":"kavsak"}},{"type":"Feature","geometry":{"type":"Polygon","coordinates":[[[28.974638,41.055325],[28.9759,41.054372],[28.97563,41.054205],[28.975321,41.05408],[28.974986,41.054003],[28.974638,41.053978],[28.97429,41.054003],[28.973955,41.05408],[28.973646,41.054205],[28.973376,41.054372],[28.974638,41.055325]]]},"properties":{"kamera_kodu":"SG-0334","tur":"meydan"}},{"type":"Feature","geometry":{"type":"Polygon","coordinates":[[[28.985166306151015,41.054859870116594],[28.985443,41.054172],[28.985322,41.054151],[28.985198,41.054142],[28.985073,41.054145],[28.98495,41.05416],[28.984831,41.054187],[28.984718,41.054226],[28.984612,41.054276],[28.984516,41.054335],[28.985166306151015,41.054859870116594]]]},"properties":{"kamera_kodu":"SG-0335","tur":"okul"}},{"type":"Feature","geometry":{"type":"Polygon","coordinates":[[[28.986537075887284,41.043116699172245],[28.986026,41.043723],[28.986135,41.043768],[28.986252,41.043802],[28.986373,41.043825],[28.986496,41.043835],[28.986621,41.043833],[28.986744,41.043818],[28.986864,41.043792],[28.986977,41.043754],[28.986537075887284,41.043116699172245]]]},"properties":{"kamera_kodu":"SG-0336","tur":"okul"}},{"type":"Feature","geometry":{"type":"Polygon","coordinates":[[[29.266162,40.982773],[29.267057,40.982527],[29.267016,40.982455],[29.266965,40.982386],[29.266904,40.982323],[29.266835,40.982264],[29.266757,40.982212],[29.266673,40.982167],[29.266582,40.982128],[29.266487,40.982097],[29.266162,40.982773]]]},"properties":{"kamera_kodu":"SG-0337","tur":"durak"}},{"type":"Feature","geometry":{"type":"Polygon","coordinates":[[[29.24579,40.970121],[29.247203,40.97028],[29.247218,40.970116],[29.247201,40.969952],[29.24715,40.969792],[29.247068,40.96964],[29.246956,40.969499],[29.246817,40.969372],[29.246654,40.969263],[29.246471,40.969174],[29.24579,40.970121]]]},"properties":{"kamera_kodu":"SG-0338","tur":"kavsak"}},{"type":"Feature","geometry":{"type":"Polygon","coordinates":[[[29.261464,41.003845],[29.262495,41.003099],[29.262332,41.002989],[29.26215,41.002899],[29.261951,41.002832],[29.261741,41.002787],[29.261525,41.002768],[29.261307,41.002774],[29.261093,41.002804],[29.260887,41.002859],[29.261464,41.003845]]]},"properties":{"kamera_kodu":"SG-0339","tur":"kavsak"}},{"type":"Feature","geometry":{"type":"Polygon","coordinates":[[[29.300489,40.947232],[29.301906,40.947367],[29.301917,40.947202],[29.301894,40.947039],[29.301839,40.94688],[29.301752,40.946729],[29.301636,40.94659],[29.301493,40.946465],[29.301327,40.946359],[29.301141,40.946273],[29.300489,40.947232]]]},"properties":{"kamera_kodu":"SG-0340","tur":"kavsak"}},{"type":"Feature","geometry":{"type":"Polygon","coordinates":[[[29.265717,40.967424],[29.267333,40.967997],[29.26745,40.967748],[29.267501,40.967486],[29.267482,40.967222],[29.267396,40.966966],[29.267246,40.966728],[29.267036,40.966516],[29.266776,40.966339],[29.266476,40.966204],[29.265717,40.967424]]]},"properties":{"kamera_kodu":"SG-0341","tur":"meydan"}},{"type":"Feature","geometry":{"type":"Polygon","coordinates":[[[29.25172314551736,40.97128707780306],[29.251908,40.971992],[29.252029,40.971968],[29.252144,40.971932],[29.252252,40.971885],[29.25235,40.971828],[29.252439,40.971761],[29.252514,40.971687],[29.252577,40.971605],[29.252625,40.971519],[29.25172314551736,40.97128707780306]]]},"properties":{"kamera_kodu":"SG-0342","tur":"okul"}},{"type":"Feature","geometry":{"type":"Polygon","coordinates":[[[29.267416006778994,40.991599781106586],[29.267472,40.992317],[29.267595,40.992306],[29.267716,40.992282],[29.267831,40.992247],[29.26794,40.9922],[29.268039,40.992143],[29.268128,40.992077],[29.268204,40.992003],[29.268267,40.991922],[29.267416006778994,40.991599781106586]]]},"properties":{"kamera_kodu":"SG-0343","tur":"okul"}},{"type":"Feature","geometry":{"type":"Polygon","coordinates":[[[28.868954,41.106309],[28.868283,41.105799],[28.868213,41.105858],[28.868152,41.105921],[28.868101,41.105989],[28.86806,41.106061],[28.86803,41.106136],[28.86801,41.106213],[28.868002,41.106291],[28.868005,41.10637],[28.868954,41.106309]]]},"properties":{"kamera_kodu":"SG-0344","tur":"durak"}},{"type":"Feature","geometry":{"type":"Polygon","coordinates":[[[28.899717,41.099024],[28.899012,41.099507],[28.899086,41.099562],[28.899168,41.099611],[28.899256,41.099653],[28.899349,41.099687],[28.899447,41.099713],[28.899548,41.099731],[28.899651,41.099741],[28.899755,41.099742],[28.899717,41.099024]]]},"properties":{"kamera_kodu":"SG-0345","tur":"durak"}},{"type":"Feature","geometry":{"type":"Polygon","coordinates":[[[28.847962,41.120261],[28.847075,41.120523],[28.847118,41.120594],[28.847171,41.120661],[28.847234,41.120724],[28.847305,41.120781],[28.847384,41.120832],[28.84747,41.120876],[28.847561,41.120913],[28.847658,41.120942],[28.847962,41.120261]]]},"properties":{"kamera_kodu":"SG-0346","tur":"durak"}},{"type":"Feature","geometry":{"type":"Polygon","coordinates":[[[28.887648,41.093209],[28.887059,41.092227],[28.886867,41.092306],[28.886695,41.092406],[28.886544,41.092525],[28.886419,41.09266],[28.886323,41.092807],[28.886257,41.092964],[28.886224,41.093127],[28.886224,41.093291],[28.887648,41.093209]]]},"properties":{"kamera_kodu":"SG-0347","tur":"kavsak"}},{"type":"Feature","geometry":{"type":"Polygon","coordinates":[[[28.84862,41.13381],[28.85,41.134088],[28.85004,41.133927],[28.850047,41.133762],[28.850021,41.133599],[28.849962,41.133441],[28.849872,41.133291],[28.849753,41.133153],[28.849607,41.133031],[28.849439,41.132927],[28.84862,41.13381]]]},"properties":{"kamera_kodu":"SG-0348","tur":"kavsak"}},{"type":"Feature","geometry":{"type":"Polygon","coordinates":[[[28.864146,41.092819],[28.863166,41.093603],[28.863335,41.093706],[28.863523,41.093789],[28.863726,41.093849],[28.863939,41.093886],[28.864156,41.093897],[28.864373,41.093883],[28.864585,41.093845],[28.864787,41.093782],[28.864146,41.092819]]]},"properties":{"kamera_kodu":"SG-0349","tur":"kavsak"}},{"type":"Feature","geometry":{"type":"Polygon","coordinates":[[[28.85814,41.106881],[28.858975,41.107756],[28.859141,41.10765],[28.859285,41.107526],[28.859401,41.107387],[28.859489,41.107236],[28.859544,41.107077],[28.859568,41.106914],[28.859558,41.106749],[28.859515,41.106588],[28.85814,41.106881]]]},"properties":{"kamera_kodu":"SG-0350","tur":"kavsak"}},{"type":"Feature","geometry":{"type":"Polygon","coordinates":[[[28.900278,41.101266],[28.89958,41.102206],[28.899778,41.102276],[28.899987,41.102321],[28.900203,41.102342],[28.900421,41.102339],[28.900636,41.10231],[28.900842,41.102256],[28.901035,41.10218],[28.90121,41.102083],[28.900278,41.101266]]]},"properties":{"kamera_kodu":"SG-0351","tur":"kavsak"}},{"type":"Feature","geometry":{"type":"Polygon","coordinates":[[[28.862756,41.10471],[28.863509,41.105932],[28.863811,41.105797],[28.864071,41.105621],[28.864282,41.10541],[28.864433,41.105172],[28.86452,41.104916],[28.86454,41.104652],[28.864491,41.104391],[28.864375,41.104141],[28.862756,41.10471]]]},"properties":{"kamera_kodu":"SG-0352","tur":"meydan"}},{"type":"Feature","geometry":{"type":"Polygon","coordinates":[[[28.870102445140905,41.093662376747886],[28.869584,41.094265],[28.869692,41.094311],[28.869808,41.094346],[28.869929,41.094369],[28.870052,41.09438],[28.870177,41.094379],[28.8703,41.094365],[28.87042,41.09434],[28.870535,41.094303],[28.870102445140905,41.093662376747886]]]},"properties":{"kamera_kodu":"SG-0353","tur":"okul"}},{"type":"Feature","geometry":{"type":"Polygon","coordinates":[[[28.89247384670614,41.101858461582],[28.893334,41.102166],[28.89338,41.102079],[28.893411,41.101988],[28.893425,41.101894],[28.893423,41.1018],[28.893405,41.101707],[28.893371,41.101617],[28.893321,41.10153],[28.893257,41.10145],[28.89247384670614,41.101858461582]]]},"properties":{"kamera_kodu":"SG-0354","tur":"okul"}},{"type":"Feature","geometry":{"type":"Polygon","coordinates":[[[28.839900932156734,41.133537548221454],[28.840534,41.134075],[28.840621,41.134008],[28.840696,41.133933],[28.840758,41.133851],[28.840805,41.133764],[28.840836,41.133673],[28.840852,41.13358],[28.840851,41.133486],[28.840834,41.133393],[28.839900932156734,41.133537548221454]]]},"properties":{"kamera_kodu":"SG-0355","tur":"okul"}},{"type":"Feature","geometry":{"type":"Polygon","coordinates":[[[29.366984,40.920625],[29.366054,40.920471],[29.366037,40.920548],[29.366032,40.920626],[29.366038,40.920704],[29.366055,40.920782],[29.366083,40.920857],[29.366122,40.92093],[29.366171,40.920999],[29.366229,40.921063],[29.366984,40.920625]]]},"properties":{"kamera_kodu":"SG-0356","tur":"durak"}},{"type":"Feature","geometry":{"type":"Polygon","coordinates":[[[29.293166,40.852289],[29.293946,40.851877],[29.293882,40.851816],[29.29381,40.851759],[29.29373,40.85171],[29.293643,40.851667],[29.29355,40.851631],[29.293453,40.851604],[29.293352,40.851584],[29.29325,40.851573],[29.293166,40.852289]]]},"properties":{"kamera_kodu":"SG-0357","tur":"durak"}},{"type":"Feature","geometry":{"type":"Polygon","coordinates":[[[29.350011,40.926751],[29.348898,40.926076],[29.348774,40.926212],[29.34868,40.92636],[29.348617,40.926517],[29.348586,40.92668],[29.348588,40.926844],[29.348623,40.927007],[29.348691,40.927163],[29.34879,40.92731],[29.350011,40.926751]]]},"properties":{"kamera_kodu":"SG-0358","tur":"kavsak"}},{"type":"Feature","geometry":{"type":"Polygon","coordinates":[[[29.392217,40.906565],[29.393429,40.905994],[29.393299,40.905862],[29.393145,40.905746],[29.392969,40.905649],[29.392776,40.905573],[29.392569,40.90552],[29.392355,40.905492],[29.392137,40.905489],[29.391921,40.90551],[29.392217,40.906565]]]},"properties":{"kamera_kodu":"SG-0359","tur":"kavsak"}},{"type":"Feature","geometry":{"type":"Polygon","coordinates":[[[29.364365,40.877733],[29.363063,40.87729],[29.362989,40.877444],[29.362947,40.877606],[29.362938,40.87777],[29.362962,40.877933],[29.363018,40.878092],[29.363106,40.878243],[29.363224,40.878381],[29.363368,40.878505],[29.364365,40.877733]]]},"properties":{"kamera_kodu":"SG-0360","tur":"kavsak"}},{"type":"Feature","geometry":{"type":"Polygon","coordinates":[[[29.308402,40.813842],[29.306984,40.813712],[29.306974,40.813876],[29.306998,40.81404],[29.307054,40.814198],[29.307142,40.814349],[29.307258,40.814488],[29.307402,40.814612],[29.307569,40.814718],[29.307755,40.814803],[29.308402,40.813842]]]},"properties":{"kamera_kodu":"SG-0361","tur":"kavsak"}},{"type":"Feature","geometry":{"type":"Polygon","coordinates":[[[29.292922,40.852038],[29.294225,40.851597],[29.294121,40.851452],[29.293989,40.851322],[29.293832,40.851207],[29.293654,40.851112],[29.293459,40.851039],[29.293252,40.850989],[29.293036,40.850963],[29.292819,40.850963],[29.292922,40.852038]]]},"properties":{"kamera_kodu":"SG-0362","tur":"kavsak"}},{"type":"Feature","geometry":{"type":"Polygon","coordinates":[[[29.300072,40.815951],[29.301611,40.816635],[29.301758,40.816395],[29.30184,40.816138],[29.301855,40.815874],[29.3018,40.815613],[29.30168,40.815365],[29.301498,40.81514],[29.301261,40.814945],[29.300978,40.81479],[29.300072,40.815951]]]},"properties":{"kamera_kodu":"SG-0363","tur":"meydan"}},{"type":"Feature","geometry":{"type":"Polygon","coordinates":[[[29.360991,40.915859],[29.359729,40.916812],[29.359999,40.916979],[29.360308,40.917104],[29.360643,40.917181],[29.360991,40.917206],[29.361339,40.917181],[29.361674,40.917104],[29.361983,40.916979],[29.362253,40.916812],[29.360991,40.915859]]]},"properties":{"kamera_kodu":"SG-0364","tur":"meydan"}},{"type":"Feature","geometry":{"type":"Polygon","coordinates":[[[29.39175314975766,40.91939593320858],[29.391579,40.920102],[29.391703,40.920114],[29.391827,40.920112],[29.39195,40.920099],[29.39207,40.920074],[29.392185,40.920037],[29.392292,40.919989],[29.39239,40.91993],[29.392477,40.919863],[29.39175314975766,40.91939593320858]]]},"properties":{"kamera_kodu":"SG-0365","tur":"okul"}},{"type":"Feature","geometry":{"type":"Polygon","coordinates":[[[29.335801894661724,40.87208244763932],[29.336109,40.871402],[29.335989,40.871378],[29.335865,40.871365],[29.335741,40.871365],[29.335617,40.871377],[29.335497,40.871402],[29.335382,40.871438],[29.335274,40.871484],[29.335175,40.871542],[29.335801894661724,40.87208244763932]]]},"properties":{"kamera_kodu":"SG-0366","tur":"okul"}},{"type":"Feature","geometry":{"type":"Polygon","coordinates":[[[29.134774,41.013429],[29.135649,41.013146],[29.135603,41.013076],[29.135547,41.01301],[29.135482,41.012949],[29.135409,41.012893],[29.135328,41.012844],[29.13524,41.012802],[29.135147,41.012768],[29.135049,41.012741],[29.134774,41.013429]]]},"properties":{"kamera_kodu":"SG-0367","tur":"durak"}},{"type":"Feature","geometry":{"type":"Polygon","coordinates":[[[29.161855,41.007188],[29.162798,41.007089],[29.162778,41.007012],[29.162747,41.006937],[29.162706,41.006865],[29.162654,41.006797],[29.162593,41.006734],[29.162523,41.006676],[29.162445,41.006624],[29.16236,41.006579],[29.161855,41.007188]]]},"properties":{"kamera_kodu":"SG-0368","tur":"durak"}},{"type":"Feature","geometry":{"type":"Polygon","coordinates":[[[29.097319,41.025943],[29.098214,41.026189],[29.098244,41.026114],[29.098263,41.026037],[29.098271,41.025959],[29.098268,41.025881],[29.098253,41.025803],[29.098227,41.025727],[29.098191,41.025654],[29.098144,41.025584],[29.097319,41.025943]]]},"properties":{"kamera_kodu":"SG-0369","tur":"durak"}},{"type":"Feature","geometry":{"type":"Polygon","coordinates":[[[29.176123,41.017292],[29.177531,41.017475],[29.177551,41.017312],[29.177538,41.017147],[29.177493,41.016987],[29.177415,41.016833],[29.177308,41.01669],[29.177173,41.016561],[29.177013,41.016449],[29.176833,41.016357],[29.176123,41.017292]]]},"properties":{"kamera_kodu":"SG-0370","tur":"kavsak"}},{"type":"Feature","geometry":{"type":"Polygon","coordinates":[[[29.095791,41.023284],[29.096693,41.02412],[29.096851,41.024006],[29.096985,41.023876],[29.09709,41.023732],[29.097165,41.023578],[29.097208,41.023417],[29.097219,41.023252],[29.097196,41.023089],[29.09714,41.02293],[29.095791,41.023284]]]},"properties":{"kamera_kodu":"SG-0371","tur":"kavsak"}},{"type":"Feature","geometry":{"type":"Polygon","coordinates":[[[29.186563,41.00211],[29.185139,41.002191],[29.185172,41.002353],[29.185237,41.00251],[29.185333,41.002658],[29.185458,41.002793],[29.185608,41.002912],[29.185781,41.003012],[29.185972,41.003091],[29.186176,41.003148],[29.186563,41.00211]]]},"properties":{"kamera_kodu":"SG-0372","tur":"kavsak"}},{"type":"Feature","geometry":{"type":"Polygon","coordinates":[[[29.123628,41.020721],[29.122496,41.020064],[29.122376,41.020202],[29.122286,41.020351],[29.122227,41.02051],[29.122201,41.020673],[29.122208,41.020837],[29.122248,41.020999],[29.12232,41.021154],[29.122423,41.021299],[29.123628,41.020721]]]},"properties":{"kamera_kodu":"SG-0373","tur":"kavsak"}},{"type":"Feature","geometry":{"type":"Polygon","coordinates":[[[29.117255,41.05519],[29.11865,41.054959],[29.118587,41.054801],[29.118493,41.054653],[29.118371,41.054517],[29.118222,41.054397],[29.118051,41.054295],[29.117861,41.054214],[29.117657,41.054156],[29.117444,41.054122],[29.117255,41.05519]]]},"properties":{"kamera_kodu":"SG-0374","tur":"kavsak"}},{"type":"Feature","geometry":{"type":"Polygon","coordinates":[[[29.165716,41.000656],[29.164883,40.99978],[29.164716,40.999886],[29.164572,41.00001],[29.164456,41.000149],[29.164368,41.0003],[29.164312,41.000458],[29.164288,41.000622],[29.164298,41.000786],[29.164341,41.000947],[29.165716,41.000656]]]},"properties":{"kamera_kodu":"SG-0375","tur":"kavsak"}},{"type":"Feature","geometry":{"type":"Polygon","coordinates":[[[29.091633,41.024505],[29.093178,41.02518],[29.093323,41.02494],[29.093403,41.024683],[29.093415,41.024419],[29.093358,41.024158],[29.093235,41.023911],[29.093051,41.023686],[29.092812,41.023493],[29.092528,41.023339],[29.091633,41.024505]]]},"properties":{"kamera_kodu":"SG-0376","tur":"meydan"}},{"type":"Feature","geometry":{"type":"Polygon","coordinates":[[[29.092878625904305,41.016059922844285],[29.093804,41.01623],[29.093825,41.016137],[29.093831,41.016043],[29.09382,41.01595],[29.093792,41.015858],[29.09375,41.01577],[29.093692,41.015686],[29.09362,41.015609],[29.093536,41.01554],[29.092878625904305,41.016059922844285]]]},"properties":{"kamera_kodu":"SG-0377","tur":"okul"}},{"type":"Feature","geometry":{"type":"Polygon","coordinates":[[[29.18751555255716,41.00145013451537],[29.186589,41.001616],[29.186625,41.001706],[29.186677,41.001791],[29.186743,41.001871],[29.186823,41.001943],[29.186914,41.002007],[29.187015,41.002062],[29.187125,41.002106],[29.187242,41.002139],[29.18751555255716,41.00145013451537]]]},"properties":{"kamera_kodu":"SG-0378","tur":"okul"}},{"type":"Feature","geometry":{"type":"Polygon","coordinates":[[[29.1729637647613,41.01787532470379],[29.172101,41.017571],[29.172056,41.017659],[29.172026,41.01775],[29.172012,41.017844],[29.172015,41.017938],[29.172034,41.018031],[29.172069,41.018121],[29.172119,41.018207],[29.172183,41.018287],[29.1729637647613,41.01787532470379]]]},"properties":{"kamera_kodu":"SG-0379","tur":"okul"}},{"type":"Feature","geometry":{"type":"Polygon","coordinates":[[[29.013522,41.0257],[29.012814,41.02522],[29.012749,41.025281],[29.012693,41.025347],[29.012647,41.025417],[29.012611,41.025491],[29.012586,41.025567],[29.012573,41.025644],[29.01257,41.025723],[29.012579,41.025801],[29.013522,41.0257]]]},"properties":{"kamera_kodu":"SG-0380","tur":"durak"}},{"type":"Feature","geometry":{"type":"Polygon","coordinates":[[[29.075383,41.00643],[29.076112,41.006893],[29.076174,41.00683],[29.076227,41.006763],[29.07627,41.006691],[29.076302,41.006617],[29.076324,41.00654],[29.076334,41.006462],[29.076333,41.006384],[29.076321,41.006306],[29.075383,41.00643]]]},"properties":{"kamera_kodu":"SG-0381","tur":"durak"}},{"type":"Feature","geometry":{"type":"Polygon","coordinates":[[[29.061579,41.050487],[29.062174,41.051048],[29.062251,41.050996],[29.06232,41.050938],[29.062381,41.050874],[29.062432,41.050806],[29.062473,41.050734],[29.062503,41.050659],[29.062523,41.050582],[29.062531,41.050504],[29.061579,41.050487]]]},"properties":{"kamera_kodu":"SG-0382","tur":"durak"}},{"type":"Feature","geometry":{"type":"Polygon","coordinates":[[[29.047231,41.045257],[29.046722,41.04425],[29.046525,41.04432],[29.046344,41.044412],[29.046184,41.044523],[29.046049,41.044652],[29.045941,41.044795],[29.045862,41.044948],[29.045816,41.045109],[29.045803,41.045273],[29.047231,41.045257]]]},"properties":{"kamera_kodu":"SG-0383","tur":"kavsak"}},{"type":"Feature","geometry":{"type":"Polygon","coordinates":[[[29.072422,40.996498],[29.072371,40.995421],[29.072155,40.995439],[29.071944,40.995482],[29.071745,40.995549],[29.071562,40.995638],[29.071398,40.995746],[29.071259,40.995873],[29.071146,40.996014],[29.071063,40.996166],[29.072422,40.996498]]]},"properties":{"kamera_kodu":"SG-0384","tur":"kavsak"}},{"type":"Feature","geometry":{"type":"Polygon","coordinates":[[[29.016241,41.01558],[29.014864,41.015293],[29.014822,41.015454],[29.014814,41.015619],[29.014838,41.015782],[29.014895,41.015941],[29.014984,41.016091],[29.015101,41.01623],[29.015245,41.016353],[29.015413,41.016458],[29.016241,41.01558]]]},"properties":{"kamera_kodu":"SG-0385","tur":"kavsak"}},{"type":"Feature","geometry":{"type":"Polygon","coordinates":[[[29.084559,41.024607],[29.085217,41.02365],[29.085016,41.023586],[29.084805,41.023545],[29.084588,41.023529],[29.08437,41.023538],[29.084157,41.023573],[29.083953,41.023631],[29.083764,41.023712],[29.083592,41.023813],[29.084559,41.024607]]]},"properties":{"kamera_kodu":"SG-0386","tur":"kavsak"}},{"type":"Feature","geometry":{"type":"Polygon","coordinates":[[[29.075926,41.053251],[29.077128,41.052668],[29.076996,41.052537],[29.07684,41.052423],[29.076662,41.052327],[29.076468,41.052254],[29.07626,41.052203],[29.076045,41.052177],[29.075827,41.052176],[29.075612,41.052199],[29.075926,41.053251]]]},"properties":{"kamera_kodu":"SG-0387","tur":"kavsak"}},{"type":"Feature","geometry":{"type":"Polygon","coordinates":[[[29.020116,41.01883],[29.018333,41.018765],[29.01835,41.019029],[29.018436,41.019285],[29.018586,41.019524],[29.018794,41.019736],[29.019054,41.019913],[29.019354,41.020049],[29.019684,41.020137],[29.02003,41.020176],[29.020116,41.01883]]]},"properties":{"kamera_kodu":"SG-0388","tur":"meydan"}},{"type":"Feature","geometry":{"type":"Polygon","coordinates":[[[29.079687805095002,41.01832013603637],[29.080111,41.018964],[29.080219,41.018917],[29.080318,41.018859],[29.080406,41.018792],[29.080481,41.018718],[29.080543,41.018636],[29.08059,41.018549],[29.080622,41.018458],[29.080638,41.018365],[29.079687805095002,41.01832013603637]]]},"properties":{"kamera_kodu":"SG-0389","tur":"okul"}},{"type":"Feature","geometry":{"type":"Polygon","coordinates":[[[29.023804677648798,41.02683787105953],[29.023299,41.026229],[29.023198,41.026284],[29.023107,41.026348],[29.023029,41.026421],[29.022963,41.026501],[29.022912,41.026587],[29.022877,41.026677],[29.022857,41.02677],[29.022853,41.026864],[29.023804677648798,41.02683787105953]]]},"properties":{"kamera_kodu":"SG-0390","tur":"okul"}},{"type":"Feature","geometry":{"type":"Polygon","coordinates":[[[29.044780570580002,41.01908450336765],[29.044752,41.019803],[29.044876,41.0198],[29.044999,41.019784],[29.045118,41.019757],[29.045231,41.019718],[29.045337,41.019668],[29.045433,41.019608],[29.045518,41.019539],[29.04559,41.019463],[29.044780570580002,41.01908450336765]]]},"properties":{"kamera_kodu":"SG-0391","tur":"okul"}},{"type":"Feature","geometry":{"type":"Polygon","coordinates":[[[28.92225,41.016634],[28.922344,41.015919],[28.92224,41.015915],[28.922137,41.01592],[28.922034,41.015934],[28.921935,41.015956],[28.921839,41.015986],[28.921748,41.016023],[28.921663,41.016068],[28.921585,41.01612],[28.92225,41.016634]]]},"properties":{"kamera_kodu":"SG-0392","tur":"durak"}},{"type":"Feature","geometry":{"type":"Polygon","coordinates":[[[28.894134,40.992133],[28.893848,40.992819],[28.893949,40.992838],[28.894052,40.992849],[28.894155,40.992851],[28.894259,40.992845],[28.894361,40.992831],[28.89446,40.992808],[28.894556,40.992777],[28.894646,40.992739],[28.894134,40.992133]]]},"properties":{"kamera_kodu":"SG-0393","tur":"durak"}},{"type":"Feature","geometry":{"type":"Polygon","coordinates":[[[28.904427,40.985423],[28.904225,40.984356],[28.904013,40.984391],[28.903809,40.984451],[28.903621,40.984533],[28.903451,40.984636],[28.903303,40.984757],[28.903182,40.984894],[28.90309,40.985043],[28.903029,40.985201],[28.904427,40.985423]]]},"properties":{"kamera_kodu":"SG-0394","tur":"kavsak"}},{"type":"Feature","geometry":{"type":"Polygon","coordinates":[[[28.911308,41.031788],[28.912607,41.032236],[28.912682,41.032082],[28.912725,41.031921],[28.912736,41.031757],[28.912713,41.031593],[28.912657,41.031434],[28.91257,41.031283],[28.912454,41.031144],[28.912311,41.03102],[28.911308,41.031788]]]},"properties":{"kamera_kodu":"SG-0395","tur":"kavsak"}},{"type":"Feature","geometry":{"type":"Polygon","coordinates":[[[28.919069,40.991622],[28.918886,40.992691],[28.919104,40.9927],[28.91932,40.992683],[28.919531,40.992642],[28.919732,40.992577],[28.919916,40.99249],[28.920081,40.992382],[28.920223,40.992257],[28.920338,40.992117],[28.919069,40.991622]]]},"properties":{"kamera_kodu":"SG-0396","tur":"kavsak"}},{"type":"Feature","geometry":{"type":"Polygon","coordinates":[[[28.902997,41.019783],[28.904425,41.019754],[28.904402,41.019591],[28.904347,41.019432],[28.904261,41.019281],[28.904145,41.019142],[28.904002,41.019017],[28.903836,41.018911],[28.903651,41.018825],[28.90345,41.018761],[28.902997,41.019783]]]},"properties":{"kamera_kodu":"SG-0397","tur":"kavsak"}},{"type":"Feature","geometry":{"type":"Polygon","coordinates":[[[28.904428,40.985604],[28.904484,40.984257],[28.904134,40.984275],[28.903796,40.984344],[28.903483,40.984461],[28.903205,40.984622],[28.902975,40.984821],[28.902801,40.98505],[28.902689,40.9853],[28.902643,40.985562],[28.904428,40.985604]]]},"properties":{"kamera_kodu":"SG-0398","tur":"meydan"}},{"type":"Feature","geometry":{"type":"Polygon","coordinates":[[[28.904210700098528,41.00171478112323],[28.904631,41.00107],[28.904516,41.001034],[28.904396,41.00101],[28.904272,41.000998],[28.904148,41.000998],[28.904024,41.00101],[28.903904,41.001034],[28.903789,41.00107],[28.903681,41.001118],[28.904210700098528,41.00171478112323]]]},"properties":{"kamera_kodu":"SG-0399","tur":"okul"}},{"type":"Feature","geometry":{"type":"Polygon","coordinates":[[[28.903743860821567,40.99046573559882],[28.904172,40.989824],[28.904057,40.989787],[28.903937,40.989762],[28.903814,40.989749],[28.903689,40.989748],[28.903566,40.98976],[28.903445,40.989783],[28.90333,40.989819],[28.903221,40.989865],[28.903743860821567,40.99046573559882]]]},"properties":{"kamera_kodu":"SG-0400","tur":"okul"}}]}