{"type":"FeatureCollection","kaynak":"OpenStreetMap katkıcıları (ODbL) ve İBB Açık Veri Portalı (İBB Açık Veri Lisansı)","uretim_tarihi":"2026-09-18","tohum":20260919,"features":[{"type":"Feature","geometry":{"type":"Point","coordinates":[29.099622,40.877625]},"properties":{"id":"P0001","kategori":"atm","ad":"Akbank","kaynak":"osm","osm_id":"node/4395574190","ilce":"Adalar","mahalle":"Heybeliada Mahallesi"}},{"type":"Feature","geometry":{"type":"Point","coordinates":[29.128532,40.873945]},"properties":{"id":"P0002","kategori":"atm","ad":"Ptt","kaynak":"osm","osm_id":"node/9785340902","ilce":"Adalar","mahalle":"Nizam Mahallesi"}},{"type":"Feature","geometry":{"type":"Point","coordinates":[28.73679,41.258306]},"properties":{"id":"P0003","kategori":"atm","ad":"HSBC","kaynak":"osm","osm_id":"node/11607520620","ilce":"Arnavutköy","mahalle":"Tayakadın Mahallesi"}},{"type":"Feature","geometry":{"type":"Point","coordinates":[28.747729,41.177966]},"properties":{"id":"P0004","kategori":"atm","ad":null,"kaynak":"osm","osm_id":"node/14151305556","ilce":"Arnavutköy","mahalle":"Anadolu Mahallesi"}},{"type":"Feature","geometry":{"type":"Point","coordinates":[28.742549,41.260385]},"properties":{"id":"P0005","kategori":"atm","ad":"Vakıfbank","kaynak":"osm","osm_id":"node/9554352017","ilce":"Arnavutköy","mahalle":"İmrahor Mahallesi"}},{"type":"Feature","geometry":{"type":"Point","coordinates":[29.124554,40.977166]},"properties":{"id":"P0006","kategori":"atm","ad":"Denizbank","kaynak":"osm","osm_id":"node/9806735508","ilce":"Ataşehir","mahalle":"İçerenköy Mahallesi"}},{"type":"Feature","geometry":{"type":"Point","coordinates":[29.103695,40.968914]},"properties":{"id":"P0007","kategori":"atm","ad":"Yapı Kredi","kaynak":"osm","osm_id":"node/11903775781","ilce":"Ataşehir","mahalle":"İçerenköy Mahallesi"}},{"type":"Feature","geometry":{"type":"Point","coordinates":[29.130067,40.990215]},"properties":{"id":"P0008","kategori":"atm","ad":"Garanti Bankası","kaynak":"osm","osm_id":"node/4978809595","ilce":"Ataşehir","mahalle":"Atatürk Mahallesi"}},{"type":"Feature","geometry":{"type":"Point","coordinates":[29.105274,40.992425]},"properties":{"id":"P0009","kategori":"atm","ad":"Yapı Kredi","kaynak":"osm","osm_id":"node/11903775782","ilce":"Ataşehir","mahalle":"Barbaros Mahallesi"}},{"type":"Feature","geometry":{"type":"Point","coordinates":[29.142481,40.981215]},"properties":{"id":"P0010","kategori":"atm","ad":"Kuveyt Türk","kaynak":"osm","osm_id":"node/5293642913","ilce":"Ataşehir","mahalle":"Kayışdağı Mahallesi"}},{"type":"Feature","geometry":{"type":"Point","coordinates":[29.093506,40.985107]},"properties":{"id":"P0011","kategori":"atm","ad":"Yapı Kredi","kaynak":"osm","osm_id":"node/11903775779","ilce":"Ataşehir","mahalle":"Barbaros Mahallesi"}},{"type":"Feature","geometry":{"type":"Point","coordinates":[29.078498,40.991876]},"properties":{"id":"P0012","kategori":"atm","ad":"Yapı Kredi","kaynak":"osm","osm_id":"node/3657211662","ilce":"Ataşehir","mahalle":"Örnek Mahallesi"}},{"type":"Feature","geometry":{"type":"Point","coordinates":[28.721889,40.979793]},"properties":{"id":"P0013","kategori":"atm","ad":"Vakıfbank","kaynak":"osm","osm_id":"node/9455343432","ilce":"Avcılar","mahalle":"Merkez Mahallesi"}},{"type":"Feature","geometry":{"type":"Point","coordinates":[28.706378,41.005387]},"properties":{"id":"P0014","kategori":"atm","ad":"Garanti BBVA ATM","kaynak":"osm","osm_id":"node/12154842380","ilce":"Avcılar","mahalle":"Mustafa Kemal Paşa Mahallesi"}},{"type":"Feature","geometry":{"type":"Point","coordinates":[28.728275,41.057632]},"properties":{"id":"P0015","kategori":"atm","ad":null,"kaynak":"osm","osm_id":"node/14105284872","ilce":"Avcılar","mahalle":"Tahtakale Mahallesi"}},{"type":"Feature","geometry":{"type":"Point","coordinates":[28.699561,41.06451]},"properties":{"id":"P0016","kategori":"atm","ad":null,"kaynak":"osm","osm_id":"node/6437117174","ilce":"Avcılar","mahalle":"Tahtakale Mahallesi"}},{"type":"Feature","geometry":{"type":"Point","coordinates":[28.844185,41.040233]},"properties":{"id":"P0017","kategori":"atm","ad":"Yapı Kredi","kaynak":"osm","osm_id":"node/5667701527","ilce":"Bağcılar","mahalle":"Yenimahalle Mahallesi"}},{"type":"Feature","geometry":{"type":"Point","coordinates":[28.83794,41.054471]},"properties":{"id":"P0018","kategori":"atm","ad":"Ziraat Bankası","kaynak":"osm","osm_id":"node/5667672643","ilce":"Bağcılar","mahalle":"Göztepe Mahallesi"}},{"type":"Feature","geometry":{"type":"Point","coordinates":[28.824317,41.03763]},"properties":{"id":"P0019","kategori":"atm","ad":"Denizbank","kaynak":"osm","osm_id":"node/5667703927","ilce":"Bağcılar","mahalle":"Güneşli Mahallesi"}},{"type":"Feature","geometry":{"type":"Point","coordinates":[28.85909,41.033615]},"properties":{"id":"P0020","kategori":"atm","ad":"Akbank","kaynak":"osm","osm_id":"node/5667719105","ilce":"Bağcılar","mahalle":"Merkez Mahallesi"}},{"type":"Feature","geometry":{"type":"Point","coordinates":[28.859837,41.047685]},"properties":{"id":"P0021","kategori":"atm","ad":"Ziraat Bankası","kaynak":"osm","osm_id":"node/5667673559","ilce":"Bağcılar","mahalle":"Fevzi Çakmak Mahallesi"}},{"type":"Feature","geometry":{"type":"Point","coordinates":[28.853472,41.069649]},"properties":{"id":"P0022","kategori":"atm","ad":"Denizbank","kaynak":"osm","osm_id":"node/5667673953","ilce":"Bağcılar","mahalle":"100. Yıl Mahallesi"}},{"type":"Feature","geometry":{"type":"Point","coordinates":[28.814646,41.026521]},"properties":{"id":"P0023","kategori":"atm","ad":"Denizbank","kaynak":"osm","osm_id":"node/5667689818","ilce":"Bağcılar","mahalle":"Bağlar Mahallesi"}},{"type":"Feature","geometry":{"type":"Point","coordinates":[28.845066,40.992178]},"properties":{"id":"P0024","kategori":"atm","ad":"Halkbank","kaynak":"osm","osm_id":"node/9550928884","ilce":"Bahçelievler","mahalle":"Şirinevler Mahallesi"}},{"type":"Feature","geometry":{"type":"Point","coordinates":[28.870477,41.001154]},"properties":{"id":"P0025","kategori":"atm","ad":"TEB","kaynak":"osm","osm_id":"node/3195164121","ilce":"Bahçelievler","mahalle":"Bahçelievler Mahallesi"}},{"type":"Feature","geometry":{"type":"Point","coordinates":[28.85894,41.008655]},"properties":{"id":"P0026","kategori":"atm","ad":null,"kaynak":"osm","osm_id":"node/5024263225","ilce":"Bahçelievler","mahalle":"Soğanlı Mahallesi"}},{"type":"Feature","geometry":{"type":"Point","coordinates":[28.873587,40.980765]},"properties":{"id":"P0027","kategori":"atm","ad":"Halkbank","kaynak":"osm","osm_id":"node/6383666316","ilce":"Bakırköy","mahalle":"Zuhuratbaba Mahallesi"}},{"type":"Feature","geometry":{"type":"Point","coordinates":[28.837911,40.964426]},"properties":{"id":"P0028","kategori":"atm","ad":"Yapı Kredi","kaynak":"osm","osm_id":"node/4114125891","ilce":"Bakırköy","mahalle":"Yeşilyurt Mahallesi"}},{"type":"Feature","geometry":{"type":"Point","coordinates":[28.845919,40.988685]},"properties":{"id":"P0029","kategori":"atm","ad":"Atrium AVM","kaynak":"osm","osm_id":"node/795612976","ilce":"Bakırköy","mahalle":"Ataköy 7-8-9-10. Kısım Mahallesi"}},{"type":"Feature","geometry":{"type":"Point","coordinates":[28.81053,41.100798]},"properties":{"id":"P0030","kategori":"atm","ad":"Garanti Bankası","kaynak":"osm","osm_id":"node/8319639867","ilce":"Başakşehir","mahalle":"Başak Mahallesi"}},{"type":"Feature","geometry":{"type":"Point","coordinates":[28.686712,41.064247]},"properties":{"id":"P0031","kategori":"atm","ad":"QNB Finansbank","kaynak":"osm","osm_id":"node/7581309675","ilce":"Başakşehir","mahalle":"Bahçeşehir 1. Kısım Mahallesi"}},{"type":"Feature","geometry":{"type":"Point","coordinates":[28.750527,41.074137]},"properties":{"id":"P0032","kategori":"atm","ad":null,"kaynak":"osm","osm_id":"node/14143154243","ilce":"Başakşehir","mahalle":"Güvercintepe Mahallesi"}},{"type":"Feature","geometry":{"type":"Point","coordinates":[28.898241,41.047151]},"properties":{"id":"P0033","kategori":"atm","ad":"Garanti Bankası","kaynak":"osm","osm_id":"node/4961053501","ilce":"Bayrampaşa","mahalle":"Kocatepe Mahallesi"}},{"type":"Feature","geometry":{"type":"Point","coordinates":[28.894733,41.040062]},"properties":{"id":"P0034","kategori":"atm","ad":"Türkiye İş Bankası","kaynak":"osm","osm_id":"node/5242730211","ilce":"Bayrampaşa","mahalle":"Altıntepsi Mahallesi"}},{"type":"Feature","geometry":{"type":"Point","coordinates":[28.905058,41.052434]},"properties":{"id":"P0035","kategori":"atm","ad":"Akbank","kaynak":"osm","osm_id":"node/8979990855","ilce":"Bayrampaşa","mahalle":"Muratpaşa Mahallesi"}},{"type":"Feature","geometry":{"type":"Point","coordinates":[28.907834,41.039007]},"properties":{"id":"P0036","kategori":"atm","ad":"Garanti Bankası, İş Bankası","kaynak":"osm","osm_id":"node/4878464124","ilce":"Bayrampaşa","mahalle":"Yenidoğan Mahallesi"}},{"type":"Feature","geometry":{"type":"Point","coordinates":[29.032575,41.079888]},"properties":{"id":"P0037","kategori":"atm","ad":"HSBC","kaynak":"osm","osm_id":"node/9139816017","ilce":"Beşiktaş","mahalle":"Etiler Mahallesi"}},{"type":"Feature","geometry":{"type":"Point","coordinates":[29.006819,41.043209]},"properties":{"id":"P0038","kategori":"atm","ad":"Türkiye İş Bankası","kaynak":"osm","osm_id":"node/8319691851","ilce":"Beşiktaş","mahalle":"Cihannüma Mahallesi"}},{"type":"Feature","geometry":{"type":"Point","coordinates":[29.05257,41.082814]},"properties":{"id":"P0039","kategori":"atm","ad":"Garanti Bankası","kaynak":"osm","osm_id":"node/5581166436","ilce":"Beşiktaş","mahalle":"Bebek Mahallesi"}},{"type":"Feature","geometry":{"type":"Point","coordinates":[29.014579,41.094938]},"properties":{"id":"P0040","kategori":"atm","ad":"Türkiye İş Bankası","kaynak":"osm","osm_id":"node/3809007157","ilce":"Beşiktaş","mahalle":"Konaklar Mahallesi"}},{"type":"Feature","geometry":{"type":"Point","coordinates":[29.087132,41.136604]},"properties":{"id":"P0041","kategori":"atm","ad":"Türkiye İş Bankası","kaynak":"osm","osm_id":"node/6900069860","ilce":"Beykoz","mahalle":"Yalıköy Mahallesi"}},{"type":"Feature","geometry":{"type":"Point","coordinates":[29.08716,41.084526]},"properties":{"id":"P0042","kategori":"atm","ad":null,"kaynak":"osm","osm_id":"node/13903613582","ilce":"Beykoz","mahalle":"Göztepe Mahallesi"}},{"type":"Feature","geometry":{"type":"Point","coordinates":[29.089041,41.135501]},"properties":{"id":"P0043","kategori":"atm","ad":"TEB","kaynak":"osm","osm_id":"node/6903770399","ilce":"Beykoz","mahalle":"Merkez Mahallesi"}},{"type":"Feature","geometry":{"type":"Point","coordinates":[28.625359,40.996336]},"properties":{"id":"P0044","kategori":"atm","ad":"Garanti Bankası","kaynak":"osm","osm_id":"node/6642219135","ilce":"Beylikdüzü","mahalle":"Adnan Kahveci Mahallesi"}},{"type":"Feature","geometry":{"type":"Point","coordinates":[28.647867,41.011696]},"properties":{"id":"P0045","kategori":"atm","ad":"ING","kaynak":"osm","osm_id":"node/7695484927","ilce":"Beylikdüzü","mahalle":"Büyükşehir Mahallesi"}},{"type":"Feature","geometry":{"type":"Point","coordinates":[28.657394,40.986394]},"properties":{"id":"P0046","kategori":"atm","ad":null,"kaynak":"osm","osm_id":"node/12809155540","ilce":"Beylikdüzü","mahalle":"Kavaklı Mahallesi"}},{"type":"Feature","geometry":{"type":"Point","coordinates":[28.983495,41.03242]},"properties":{"id":"P0047","kategori":"atm","ad":"Türkiye İş Bankası","kaynak":"osm","osm_id":"node/4228231891","ilce":"Beyoğlu","mahalle":"Cihangir Mahallesi"}},{"type":"Feature","geometry":{"type":"Point","coordinates":[28.967074,41.034888]},"properties":{"id":"P0048","kategori":"atm","ad":"Türkiye İş Bankası","kaynak":"osm","osm_id":"node/4739924121","ilce":"Beyoğlu","mahalle":"Küçük Piyale Mahallesi"}},{"type":"Feature","geometry":{"type":"Point","coordinates":[28.97678,41.033972]},"properties":{"id":"P0049","kategori":"atm","ad":"Denizbank","kaynak":"osm","osm_id":"node/1912249112","ilce":"Beyoğlu","mahalle":"Hüseyinağa Mahallesi"}},{"type":"Feature","geometry":{"type":"Point","coordinates":[28.990868,41.032964]},"properties":{"id":"P0050","kategori":"atm","ad":"Türkiye İş Bankası","kaynak":"osm","osm_id":"node/9907802795","ilce":"Beyoğlu","mahalle":"Ömer Avni Mahallesi"}},{"type":"Feature","geometry":{"type":"Point","coordinates":[28.971489,41.02794]},"properties":{"id":"P0051","kategori":"atm","ad":"Türkiye İş Bankası","kaynak":"osm","osm_id":"node/5250025290","ilce":"Beyoğlu","mahalle":"Bedrettin Mahallesi"}},{"type":"Feature","geometry":{"type":"Point","coordinates":[28.975824,41.021907]},"properties":{"id":"P0052","kategori":"atm","ad":"ING","kaynak":"osm","osm_id":"node/6491341985","ilce":"Beyoğlu","mahalle":"Kemankeş Karamustafa Paşa Mahallesi"}},{"type":"Feature","geometry":{"type":"Point","coordinates":[28.944076,41.045518]},"properties":{"id":"P0053","kategori":"atm","ad":"Vakıfbank","kaynak":"osm","osm_id":"node/5482975822","ilce":"Beyoğlu","mahalle":"Halıcıoğlu Mahallesi"}},{"type":"Feature","geometry":{"type":"Point","coordinates":[28.583791,41.02163]},"properties":{"id":"P0054","kategori":"atm","ad":"Vakıfbank","kaynak":"osm","osm_id":"node/6961657763","ilce":"Büyükçekmece","mahalle":"Fatih Mahallesi"}},{"type":"Feature","geometry":{"type":"Point","coordinates":[28.620437,41.090787]},"properties":{"id":"P0055","kategori":"atm","ad":null,"kaynak":"osm","osm_id":"node/13265764216","ilce":"Büyükçekmece","mahalle":"Alkent 2000 Mahallesi"}},{"type":"Feature","geometry":{"type":"Point","coordinates":[28.515347,41.050446]},"properties":{"id":"P0056","kategori":"atm","ad":null,"kaynak":"osm","osm_id":"node/11015743459","ilce":"Büyükçekmece","mahalle":"Türkoba Mahallesi"}},{"type":"Feature","geometry":{"type":"Point","coordinates":[28.297368,41.475728]},"properties":{"id":"P0057","kategori":"atm","ad":"Argent","kaynak":"osm","osm_id":"node/9908804452","ilce":"Çatalca","mahalle":"Yalıköy Mahallesi"}},{"type":"Feature","geometry":{"type":"Point","coordinates":[28.475323,41.094269]},"properties":{"id":"P0058","kategori":"atm","ad":null,"kaynak":"osm","osm_id":"node/10570996009","ilce":"Çatalca","mahalle":"Çakıl Mahallesi"}},{"type":"Feature","geometry":{"type":"Point","coordinates":[29.181651,41.031979]},"properties":{"id":"P0059","kategori":"atm","ad":"Yapı Kredi","kaynak":"osm","osm_id":"node/5279924943","ilce":"Çekmeköy","mahalle":"Mimar Sinan Mahallesi"}},{"type":"Feature","geometry":{"type":"Point","coordinates":[29.286706,41.089949]},"properties":{"id":"P0060","kategori":"atm","ad":null,"kaynak":"osm","osm_id":"node/12843607291","ilce":"Çekmeköy","mahalle":"Ömerli Mahallesi"}},{"type":"Feature","geometry":{"type":"Point","coordinates":[28.876867,41.048768]},"properties":{"id":"P0061","kategori":"atm","ad":"Ziraat Bankası","kaynak":"osm","osm_id":"node/8504482196","ilce":"Esenler","mahalle":"Fevzi Çakmak Mahallesi"}},{"type":"Feature","geometry":{"type":"Point","coordinates":[28.88758,41.036541]},"properties":{"id":"P0062","kategori":"atm","ad":"Vakıfbank","kaynak":"osm","osm_id":"node/9444269437","ilce":"Esenler","mahalle":"Yavuz Selim Mahallesi"}},{"type":"Feature","geometry":{"type":"Point","coordinates":[28.673627,41.05832]},"properties":{"id":"P0063","kategori":"atm","ad":"Akbank","kaynak":"osm","osm_id":"node/7001199237","ilce":"Esenyurt","mahalle":"Aşık Veysel Mahallesi"}},{"type":"Feature","geometry":{"type":"Point","coordinates":[28.635835,41.022007]},"properties":{"id":"P0064","kategori":"atm","ad":"Vakıfbank ATM","kaynak":"osm","osm_id":"node/6152367740","ilce":"Esenyurt","mahalle":"Gökevler Mahallesi"}},{"type":"Feature","geometry":{"type":"Point","coordinates":[28.646091,41.041813]},"properties":{"id":"P0065","kategori":"atm","ad":"Garanti Bankası","kaynak":"osm","osm_id":"node/4828476531","ilce":"Esenyurt","mahalle":"Osmangazi Mahallesi"}},{"type":"Feature","geometry":{"type":"Point","coordinates":[28.907329,41.235943]},"properties":{"id":"P0066","kategori":"atm","ad":"Yapı Kredi ATM","kaynak":"osm","osm_id":"node/11228105361","ilce":"Eyüpsultan","mahalle":"Çiftalan Mahallesi"}},{"type":"Feature","geometry":{"type":"Point","coordinates":[28.944658,41.068261]},"properties":{"id":"P0067","kategori":"atm","ad":"Yapı Kredi ATM","kaynak":"osm","osm_id":"node/6452642568","ilce":"Eyüpsultan","mahalle":"Emniyettepe Mahallesi"}},{"type":"Feature","geometry":{"type":"Point","coordinates":[28.912998,41.159712]},"properties":{"id":"P0068","kategori":"atm","ad":"Akbank","kaynak":"osm","osm_id":"node/7074170485","ilce":"Eyüpsultan","mahalle":"Mithatpaşa Mahallesi"}},{"type":"Feature","geometry":{"type":"Point","coordinates":[28.931006,41.049284]},"properties":{"id":"P0069","kategori":"atm","ad":"Kuveyt Türk","kaynak":"osm","osm_id":"node/3305604963","ilce":"Eyüpsultan","mahalle":"Merkez Mahallesi"}},{"type":"Feature","geometry":{"type":"Point","coordinates":[28.931354,41.007486]},"properties":{"id":"P0070","kategori":"atm","ad":"Yapı Kredi","kaynak":"osm","osm_id":"node/5115937186","ilce":"Fatih","mahalle":"Seyyid Ömer Mahallesi"}},{"type":"Feature","geometry":{"type":"Point","coordinates":[28.977443,41.008872]},"properties":{"id":"P0071","kategori":"atm","ad":"Denizbank","kaynak":"osm","osm_id":"node/5108843559","ilce":"Fatih","mahalle":"Alemdar Mahallesi"}},{"type":"Feature","geometry":{"type":"Point","coordinates":[28.939997,41.025696]},"properties":{"id":"P0072","kategori":"atm","ad":"Akbank","kaynak":"osm","osm_id":"node/5106123765","ilce":"Fatih","mahalle":"Hırka-i Şerif Mahallesi"}},{"type":"Feature","geometry":{"type":"Point","coordinates":[28.952203,41.015664]},"properties":{"id":"P0073","kategori":"atm","ad":"Denizbank","kaynak":"osm","osm_id":"node/4786907749","ilce":"Fatih","mahalle":"İskenderpaşa Mahallesi"}},{"type":"Feature","geometry":{"type":"Point","coordinates":[28.954272,41.007344]},"properties":{"id":"P0074","kategori":"atm","ad":"Akbank","kaynak":"osm","osm_id":"node/5130434823","ilce":"Fatih","mahalle":"Mesihpaşa Mahallesi"}},{"type":"Feature","geometry":{"type":"Point","coordinates":[28.926877,40.996038]},"properties":{"id":"P0075","kategori":"atm","ad":"Akbank","kaynak":"osm","osm_id":"node/5087172323","ilce":"Fatih","mahalle":"Yedikule Mahallesi"}},{"type":"Feature","geometry":{"type":"Point","coordinates":[28.934654,41.001496]},"properties":{"id":"P0076","kategori":"atm","ad":"Halkbank","kaynak":"osm","osm_id":"node/5088192798","ilce":"Fatih","mahalle":"Koca Mustafapaşa Mahallesi"}},{"type":"Feature","geometry":{"type":"Point","coordinates":[28.969687,41.015661]},"properties":{"id":"P0077","kategori":"atm","ad":"Garanti Bankası","kaynak":"osm","osm_id":"node/5244795890","ilce":"Fatih","mahalle":"Tahtakale Mahallesi"}},{"type":"Feature","geometry":{"type":"Point","coordinates":[28.948581,41.020773]},"properties":{"id":"P0078","kategori":"atm","ad":"Ziraat Bankası","kaynak":"osm","osm_id":"node/5113483625","ilce":"Fatih","mahalle":"Ali Kuşçu Mahallesi"}},{"type":"Feature","geometry":{"type":"Point","coordinates":[28.958907,41.011914]},"properties":{"id":"P0079","kategori":"atm","ad":"TEB","kaynak":"osm","osm_id":"node/5112728858","ilce":"Fatih","mahalle":"Balabanağa Mahallesi"}},{"type":"Feature","geometry":{"type":"Point","coordinates":[28.938507,41.011254]},"properties":{"id":"P0080","kategori":"atm","ad":"ING","kaynak":"osm","osm_id":"node/5106134524","ilce":"Fatih","mahalle":"Şehremini Mahallesi"}},{"type":"Feature","geometry":{"type":"Point","coordinates":[28.958137,41.023939]},"properties":{"id":"P0081","kategori":"atm","ad":"Garanti Bankası","kaynak":"osm","osm_id":"node/5081442441","ilce":"Fatih","mahalle":"Cibali Mahallesi"}},{"type":"Feature","geometry":{"type":"Point","coordinates":[28.912698,41.05789]},"properties":{"id":"P0082","kategori":"atm","ad":"Yapı Kredi","kaynak":"osm","osm_id":"node/9468028077","ilce":"Gaziosmanpaşa","mahalle":"Merkez Mahallesi"}},{"type":"Feature","geometry":{"type":"Point","coordinates":[28.902057,41.089432]},"properties":{"id":"P0083","kategori":"atm","ad":"Türkiye İş Bankası","kaynak":"osm","osm_id":"node/9901626769","ilce":"Gaziosmanpaşa","mahalle":"Karayolları Mahallesi"}},{"type":"Feature","geometry":{"type":"Point","coordinates":[28.900159,41.077494]},"properties":{"id":"P0084","kategori":"atm","ad":"Vakıfbank","kaynak":"osm","osm_id":"node/8779934374","ilce":"Gaziosmanpaşa","mahalle":"Yeni Mahalle Mahallesi"}},{"type":"Feature","geometry":{"type":"Point","coordinates":[28.885448,41.031831]},"properties":{"id":"P0085","kategori":"atm","ad":"Ziraat Bankası","kaynak":"osm","osm_id":"node/4303108299","ilce":"Güngören","mahalle":"Gençosman Mahallesi"}},{"type":"Feature","geometry":{"type":"Point","coordinates":[28.900373,41.02001]},"properties":{"id":"P0086","kategori":"atm","ad":"Türkiye İş Bankası","kaynak":"osm","osm_id":"node/9752350873","ilce":"Güngören","mahalle":"Tozkoparan Mahallesi"}},{"type":"Feature","geometry":{"type":"Point","coordinates":[29.045107,40.979398]},"properties":{"id":"P0087","kategori":"atm","ad":"Garanti Bankası","kaynak":"osm","osm_id":"node/10133269113","ilce":"Kadıköy","mahalle":"Feneryolu Mahallesi"}},{"type":"Feature","geometry":{"type":"Point","coordinates":[29.056232,40.996308]},"properties":{"id":"P0088","kategori":"atm","ad":"Yapı Kredi","kaynak":"osm","osm_id":"node/11908036088","ilce":"Kadıköy","mahalle":"Dumlupınar Mahallesi"}},{"type":"Feature","geometry":{"type":"Point","coordinates":[29.088349,40.985572]},"properties":{"id":"P0089","kategori":"atm","ad":"Yapı Kredi","kaynak":"osm","osm_id":"node/11903775783","ilce":"Kadıköy","mahalle":"Sahrayıcedit Mahallesi"}},{"type":"Feature","geometry":{"type":"Point","coordinates":[29.023904,40.990322]},"properties":{"id":"P0090","kategori":"atm","ad":"Türkiye İş Bankası","kaynak":"osm","osm_id":"node/6524678105","ilce":"Kadıköy","mahalle":"Caferağa Mahallesi"}},{"type":"Feature","geometry":{"type":"Point","coordinates":[29.104564,40.964596]},"properties":{"id":"P0091","kategori":"atm","ad":"Yapı Kredi","kaynak":"osm","osm_id":"node/11903775797","ilce":"Kadıköy","mahalle":"Bostancı Mahallesi"}},{"type":"Feature","geometry":{"type":"Point","coordinates":[29.08178,40.959817]},"properties":{"id":"P0092","kategori":"atm","ad":"Yapı Kredi","kaynak":"osm","osm_id":"node/11903775800","ilce":"Kadıköy","mahalle":"Suadiye Mahallesi"}},{"type":"Feature","geometry":{"type":"Point","coordinates":[29.042022,40.995199]},"properties":{"id":"P0093","kategori":"atm","ad":"Vakıfbank","kaynak":"osm","osm_id":"node/4781113322","ilce":"Kadıköy","mahalle":"Hasanpaşa Mahallesi"}},{"type":"Feature","geometry":{"type":"Point","coordinates":[29.094581,40.95222]},"properties":{"id":"P0094","kategori":"atm","ad":"Yapı Kredi","kaynak":"osm","osm_id":"node/11903775799","ilce":"Kadıköy","mahalle":"Bostancı Mahallesi"}},{"type":"Feature","geometry":{"type":"Point","coordinates":[29.031468,40.987076]},"properties":{"id":"P0095","kategori":"atm","ad":"Ziraat Bankası","kaynak":"osm","osm_id":"node/2990375622","ilce":"Kadıköy","mahalle":"Osmanağa Mahallesi"}},{"type":"Feature","geometry":{"type":"Point","coordinates":[29.097597,40.971472]},"properties":{"id":"P0096","kategori":"atm","ad":"Garanti Bankası","kaynak":"osm","osm_id":"node/10004487440","ilce":"Kadıköy","mahalle":"Kozyatağı Mahallesi"}},{"type":"Feature","geometry":{"type":"Point","coordinates":[29.029945,41.00016]},"properties":{"id":"P0097","kategori":"atm","ad":"Yapı Kredi","kaynak":"osm","osm_id":"node/11908036118","ilce":"Kadıköy","mahalle":"Acıbadem Mahallesi"}},{"type":"Feature","geometry":{"type":"Point","coordinates":[29.070708,40.96746]},"properties":{"id":"P0098","kategori":"atm","ad":"TEB","kaynak":"osm","osm_id":"node/10063086625","ilce":"Kadıköy","mahalle":"Caddebostan Mahallesi"}},{"type":"Feature","geometry":{"type":"Point","coordinates":[28.971373,41.076735]},"properties":{"id":"P0099","kategori":"atm","ad":"QNB Finansbank","kaynak":"osm","osm_id":"node/8068883688","ilce":"Kâğıthane","mahalle":"Merkez Mahallesi"}},{"type":"Feature","geometry":{"type":"Point","coordinates":[28.979662,41.071279]},"properties":{"id":"P0100","kategori":"atm","ad":null,"kaynak":"osm","osm_id":"node/14109668189","ilce":"Kâğıthane","mahalle":"Çağlayan Mahallesi"}},{"type":"Feature","geometry":{"type":"Point","coordinates":[29.214369,40.927687]},"properties":{"id":"P0101","kategori":"atm","ad":"Vakıfbank","kaynak":"osm","osm_id":"node/8964109226","ilce":"Kartal","mahalle":"Uğur Mumcu Mahallesi"}},{"type":"Feature","geometry":{"type":"Point","coordinates":[29.228608,40.902003]},"properties":{"id":"P0102","kategori":"atm","ad":"Ziraat Bankası","kaynak":"osm","osm_id":"node/5951615507","ilce":"Kartal","mahalle":"Hürriyet Mahallesi"}},{"type":"Feature","geometry":{"type":"Point","coordinates":[29.184867,40.90025]},"properties":{"id":"P0103","kategori":"atm","ad":"Türkiye İş Bankası","kaynak":"osm","osm_id":"node/4555937555","ilce":"Kartal","mahalle":"Karlıktepe Mahallesi"}},{"type":"Feature","geometry":{"type":"Point","coordinates":[29.163021,40.910599]},"properties":{"id":"P0104","kategori":"atm","ad":"HSBC","kaynak":"osm","osm_id":"node/1989573693","ilce":"Kartal","mahalle":"Orhantepe Mahallesi"}},{"type":"Feature","geometry":{"type":"Point","coordinates":[29.195572,40.917006]},"properties":{"id":"P0105","kategori":"atm","ad":null,"kaynak":"osm","osm_id":"node/13879089238","ilce":"Kartal","mahalle":"Soğanlık Yeni Mahallesi"}},{"type":"Feature","geometry":{"type":"Point","coordinates":[28.799707,41.00159]},"properties":{"id":"P0106","kategori":"atm","ad":"Halkbank","kaynak":"osm","osm_id":"node/4945688049","ilce":"Küçükçekmece","mahalle":"Kartaltepe Mahallesi"}},{"type":"Feature","geometry":{"type":"Point","coordinates":[28.771423,41.023316]},"properties":{"id":"P0107","kategori":"atm","ad":"Akbank","kaynak":"osm","osm_id":"node/9882886159","ilce":"Küçükçekmece","mahalle":"İstasyon Mahallesi"}},{"type":"Feature","geometry":{"type":"Point","coordinates":[28.769976,41.055549]},"properties":{"id":"P0108","kategori":"atm","ad":null,"kaynak":"osm","osm_id":"node/14061510449","ilce":"Küçükçekmece","mahalle":"Atakent Mahallesi"}},{"type":"Feature","geometry":{"type":"Point","coordinates":[28.791194,41.053948]},"properties":{"id":"P0109","kategori":"atm","ad":null,"kaynak":"osm","osm_id":"node/4920335547","ilce":"Küçükçekmece","mahalle":"Atakent Mahallesi"}},{"type":"Feature","geometry":{"type":"Point","coordinates":[29.123218,40.969001]},"properties":{"id":"P0110","kategori":"atm","ad":"Yapı Kredi","kaynak":"osm","osm_id":"node/11903775785","ilce":"Maltepe","mahalle":"Fındıklı Mahallesi"}},{"type":"Feature","geometry":{"type":"Point","coordinates":[29.116806,40.950581]},"properties":{"id":"P0111","kategori":"atm","ad":"Yapı Kredi","kaynak":"osm","osm_id":"node/9190535785","ilce":"Maltepe","mahalle":"Küçükyalı Merkez Mahallesi"}},{"type":"Feature","geometry":{"type":"Point","coordinates":[29.154333,40.941178]},"properties":{"id":"P0112","kategori":"atm","ad":"Türkiye İş Bankası","kaynak":"osm","osm_id":"node/4566434143","ilce":"Maltepe","mahalle":"Zümrütevler Mahallesi"}},{"type":"Feature","geometry":{"type":"Point","coordinates":[29.186456,40.959715]},"properties":{"id":"P0113","kategori":"atm","ad":"Türkiye İş Bankası","kaynak":"osm","osm_id":"node/2850968170","ilce":"Maltepe","mahalle":"Büyükbakkalköy Mahallesi"}},{"type":"Feature","geometry":{"type":"Point","coordinates":[29.315106,40.90664]},"properties":{"id":"P0114","kategori":"atm","ad":"Garanti","kaynak":"osm","osm_id":"node/11607563311","ilce":"Pendik","mahalle":"Sanayi Mahallesi"}},{"type":"Feature","geometry":{"type":"Point","coordinates":[29.325928,40.936707]},"properties":{"id":"P0115","kategori":"atm","ad":"Yapı Kredi","kaynak":"osm","osm_id":"node/11930001126","ilce":"Pendik","mahalle":"Yenişehir Mahallesi"}},{"type":"Feature","geometry":{"type":"Point","coordinates":[29.252923,40.907138]},"properties":{"id":"P0116","kategori":"atm","ad":"TEB","kaynak":"osm","osm_id":"node/6479093519","ilce":"Pendik","mahalle":"Velibaba Mahallesi"}},{"type":"Feature","geometry":{"type":"Point","coordinates":[29.227754,40.876743]},"properties":{"id":"P0117","kategori":"atm","ad":"QNB Finansbank","kaynak":"osm","osm_id":"node/6478604328","ilce":"Pendik","mahalle":"Batı Mahallesi"}},{"type":"Feature","geometry":{"type":"Point","coordinates":[29.285281,40.916182]},"properties":{"id":"P0118","kategori":"atm","ad":"Türkiye İş Bankası","kaynak":"osm","osm_id":"node/6518159853","ilce":"Pendik","mahalle":"Sülüntepe Mahallesi"}},{"type":"Feature","geometry":{"type":"Point","coordinates":[29.280706,40.85983]},"properties":{"id":"P0119","kategori":"atm","ad":"Ziraat Bankası","kaynak":"osm","osm_id":"node/10742906814","ilce":"Pendik","mahalle":"Güzelyalı Mahallesi"}},{"type":"Feature","geometry":{"type":"Point","coordinates":[29.309956,40.868479]},"properties":{"id":"P0120","kategori":"atm","ad":"Akbank","kaynak":"osm","osm_id":"node/6494968881","ilce":"Pendik","mahalle":"Ahmet Yesevi Mahallesi"}},{"type":"Feature","geometry":{"type":"Point","coordinates":[29.215858,41.005502]},"properties":{"id":"P0121","kategori":"atm","ad":"Garanti Bankası","kaynak":"osm","osm_id":"node/9631017104","ilce":"Sancaktepe","mahalle":"Sarıgazi Mahallesi"}},{"type":"Feature","geometry":{"type":"Point","coordinates":[29.214959,41.008437]},"properties":{"id":"P0122","kategori":"atm","ad":"Türkiye İş Bankası","kaynak":"osm","osm_id":"node/9631017147","ilce":"Sancaktepe","mahalle":"Atatürk Mahallesi"}},{"type":"Feature","geometry":{"type":"Point","coordinates":[29.193635,41.007195]},"properties":{"id":"P0123","kategori":"atm","ad":"Türkiye İş Bankası","kaynak":"osm","osm_id":"node/5290533603","ilce":"Sancaktepe","mahalle":"Emek Mahallesi"}},{"type":"Feature","geometry":{"type":"Point","coordinates":[29.017767,41.108648]},"properties":{"id":"P0124","kategori":"atm","ad":"Garanti Bankası","kaynak":"osm","osm_id":"node/5095215662","ilce":"Sarıyer","mahalle":"Maslak Mahallesi"}},{"type":"Feature","geometry":{"type":"Point","coordinates":[29.044246,41.085096]},"properties":{"id":"P0125","kategori":"atm","ad":"Garanti Bankası","kaynak":"osm","osm_id":"node/4725680007","ilce":"Sarıyer","mahalle":"Rumelihisarı Mahallesi"}},{"type":"Feature","geometry":{"type":"Point","coordinates":[29.022031,41.208251]},"properties":{"id":"P0126","kategori":"atm","ad":"Finansbank","kaynak":"osm","osm_id":"node/2795544970","ilce":"Sarıyer","mahalle":"Zekeriyaköy Mahallesi"}},{"type":"Feature","geometry":{"type":"Point","coordinates":[29.035533,41.155944]},"properties":{"id":"P0127","kategori":"atm","ad":null,"kaynak":"osm","osm_id":"node/13701963436","ilce":"Sarıyer","mahalle":"Çayırbaşı Mahallesi"}},{"type":"Feature","geometry":{"type":"Point","coordinates":[29.563916,41.168138]},"properties":{"id":"P0128","kategori":"atm","ad":"Yapı Kredi","kaynak":"osm","osm_id":"node/9269571245","ilce":"Şile","mahalle":"Meşrutiyet Mahallesi"}},{"type":"Feature","geometry":{"type":"Point","coordinates":[29.856569,41.137613]},"properties":{"id":"P0129","kategori":"atm","ad":null,"kaynak":"osm","osm_id":"node/13610925202","ilce":"Şile","mahalle":"Ağva Merkez Mahallesi"}},{"type":"Feature","geometry":{"type":"Point","coordinates":[28.257605,41.081747]},"properties":{"id":"P0130","kategori":"atm","ad":"Halkbank","kaynak":"osm","osm_id":"node/11873038903","ilce":"Silivri","mahalle":"Yeni Mahalle"}},{"type":"Feature","geometry":{"type":"Point","coordinates":[28.243605,41.073902]},"properties":{"id":"P0131","kategori":"atm","ad":"Yapı Kredi","kaynak":"osm","osm_id":"node/9473425748","ilce":"Silivri","mahalle":"Piri Mehmet Paşa Mahallesi"}},{"type":"Feature","geometry":{"type":"Point","coordinates":[28.984151,41.061107]},"properties":{"id":"P0132","kategori":"atm","ad":"Denizbank","kaynak":"osm","osm_id":"node/5311712755","ilce":"Şişli","mahalle":"Merkez Mahallesi"}},{"type":"Feature","geometry":{"type":"Point","coordinates":[28.987825,41.040502]},"properties":{"id":"P0133","kategori":"atm","ad":"Garanti Bankası","kaynak":"osm","osm_id":"node/9582676882","ilce":"Şişli","mahalle":"Harbiye Mahallesi"}},{"type":"Feature","geometry":{"type":"Point","coordinates":[28.987785,41.050636]},"properties":{"id":"P0134","kategori":"atm","ad":"ICBC","kaynak":"osm","osm_id":"node/7109436585","ilce":"Şişli","mahalle":"Halaskargazi Mahallesi"}},{"type":"Feature","geometry":{"type":"Point","coordinates":[29.301396,40.941766]},"properties":{"id":"P0135","kategori":"atm","ad":"Ziraat Bankası","kaynak":"osm","osm_id":"node/5542883198","ilce":"Sultanbeyli","mahalle":"Akşemsettin Mahallesi"}},{"type":"Feature","geometry":{"type":"Point","coordinates":[29.261022,40.970648]},"properties":{"id":"P0136","kategori":"atm","ad":"Garanti Bankası","kaynak":"osm","osm_id":"node/5542883338","ilce":"Sultanbeyli","mahalle":"Abdurrahmangazi Mahallesi"}},{"type":"Feature","geometry":{"type":"Point","coordinates":[29.264397,40.954068]},"properties":{"id":"P0137","kategori":"atm","ad":"Akbank","kaynak":"osm","osm_id":"node/5329337930","ilce":"Sultanbeyli","mahalle":"Mehmet Akif Mahallesi"}},{"type":"Feature","geometry":{"type":"Point","coordinates":[28.85863,41.110681]},"properties":{"id":"P0138","kategori":"atm","ad":"Akbank","kaynak":"osm","osm_id":"node/5295857869","ilce":"Sultangazi","mahalle":"Cebeci Mahallesi"}},{"type":"Feature","geometry":{"type":"Point","coordinates":[28.903624,41.098154]},"properties":{"id":"P0139","kategori":"atm","ad":"1.","kaynak":"osm","osm_id":"node/9895759717","ilce":"Sultangazi","mahalle":"75. Yıl Mahallesi"}},{"type":"Feature","geometry":{"type":"Point","coordinates":[28.833318,41.133419]},"properties":{"id":"P0140","kategori":"atm","ad":"Denizbank","kaynak":"osm","osm_id":"node/5295857893","ilce":"Sultangazi","mahalle":"Eski Habipler Mahallesi"}},{"type":"Feature","geometry":{"type":"Point","coordinates":[29.328269,40.86849]},"properties":{"id":"P0141","kategori":"atm","ad":"Denizbank","kaynak":"osm","osm_id":"node/5903191081","ilce":"Tuzla","mahalle":"Aydınlı Mahallesi"}},{"type":"Feature","geometry":{"type":"Point","coordinates":[29.355235,40.934378]},"properties":{"id":"P0142","kategori":"atm","ad":null,"kaynak":"osm","osm_id":"node/14061432298","ilce":"Tuzla","mahalle":"Fatih Mahallesi"}},{"type":"Feature","geometry":{"type":"Point","coordinates":[29.322163,40.8297]},"properties":{"id":"P0143","kategori":"atm","ad":null,"kaynak":"osm","osm_id":"node/12578624506","ilce":"Tuzla","mahalle":"İstasyon Mahallesi"}},{"type":"Feature","geometry":{"type":"Point","coordinates":[29.139317,41.009939]},"properties":{"id":"P0144","kategori":"atm","ad":"ING","kaynak":"osm","osm_id":"node/7995041070","ilce":"Ümraniye","mahalle":"Altınşehir Mahallesi"}},{"type":"Feature","geometry":{"type":"Point","coordinates":[29.121545,41.020952]},"properties":{"id":"P0145","kategori":"atm","ad":"Yapı Kredi","kaynak":"osm","osm_id":"node/6557711065","ilce":"Ümraniye","mahalle":"Fatih Sultan Mehmet Mahallesi"}},{"type":"Feature","geometry":{"type":"Point","coordinates":[29.124208,41.00179]},"properties":{"id":"P0146","kategori":"atm","ad":"Garanti Bankası","kaynak":"osm","osm_id":"node/10100852311","ilce":"Ümraniye","mahalle":"Çamlık Mahallesi"}},{"type":"Feature","geometry":{"type":"Point","coordinates":[29.0979,41.008228]},"properties":{"id":"P0147","kategori":"atm","ad":"Akbank","kaynak":"osm","osm_id":"node/5303352242","ilce":"Ümraniye","mahalle":"Finanskent Mahallesi"}},{"type":"Feature","geometry":{"type":"Point","coordinates":[29.157526,41.033673]},"properties":{"id":"P0148","kategori":"atm","ad":null,"kaynak":"osm","osm_id":"node/12213946429","ilce":"Ümraniye","mahalle":"Parseller Mahallesi"}},{"type":"Feature","geometry":{"type":"Point","coordinates":[29.063389,41.063535]},"properties":{"id":"P0149","kategori":"atm","ad":"Garanti Bankası","kaynak":"osm","osm_id":"node/7445036143","ilce":"Üsküdar","mahalle":"Kandilli Mahallesi"}},{"type":"Feature","geometry":{"type":"Point","coordinates":[29.065674,40.998901]},"properties":{"id":"P0150","kategori":"atm","ad":"Yapı Kredi","kaynak":"osm","osm_id":"node/11908036084","ilce":"Üsküdar","mahalle":"Ünalan Mahallesi"}},{"type":"Feature","geometry":{"type":"Point","coordinates":[29.021632,41.013134]},"properties":{"id":"P0151","kategori":"atm","ad":"Garanti Bankası","kaynak":"osm","osm_id":"node/6403900886","ilce":"Üsküdar","mahalle":"Zeynep Kamil Mahallesi"}},{"type":"Feature","geometry":{"type":"Point","coordinates":[29.053524,41.027788]},"properties":{"id":"P0152","kategori":"atm","ad":"Yapı Kredi","kaynak":"osm","osm_id":"node/11908036083","ilce":"Üsküdar","mahalle":"Burhaniye Mahallesi"}},{"type":"Feature","geometry":{"type":"Point","coordinates":[29.035304,41.025181]},"properties":{"id":"P0153","kategori":"atm","ad":"Vakıfbank","kaynak":"osm","osm_id":"node/6190440028","ilce":"Üsküdar","mahalle":"Selami Ali Mahallesi"}},{"type":"Feature","geometry":{"type":"Point","coordinates":[29.069876,41.027756]},"properties":{"id":"P0154","kategori":"atm","ad":"Vakıfbank","kaynak":"osm","osm_id":"node/6329680518","ilce":"Üsküdar","mahalle":"Kısıklı Mahallesi"}},{"type":"Feature","geometry":{"type":"Point","coordinates":[29.015037,41.027234]},"properties":{"id":"P0155","kategori":"atm","ad":"Yapı Kredi","kaynak":"osm","osm_id":"node/11908036091","ilce":"Üsküdar","mahalle":"Mimar Sinan Mahallesi"}},{"type":"Feature","geometry":{"type":"Point","coordinates":[28.90551,40.993674]},"properties":{"id":"P0156","kategori":"atm","ad":"Yapı Kredi","kaynak":"osm","osm_id":"node/5667662186","ilce":"Zeytinburnu","mahalle":"Gökalp Mahallesi"}},{"type":"Feature","geometry":{"type":"Point","coordinates":[28.896212,40.997116]},"properties":{"id":"P0157","kategori":"atm","ad":"Yapı Kredi","kaynak":"osm","osm_id":"node/5266688084","ilce":"Zeytinburnu","mahalle":"Veliefendi Mahallesi"}},{"type":"Feature","geometry":{"type":"Point","coordinates":[28.920551,41.004461]},"properties":{"id":"P0158","kategori":"atm","ad":"Türkiye İş Bankası","kaynak":"osm","osm_id":"node/5667641570","ilce":"Zeytinburnu","mahalle":"Kazlıçeşme Mahallesi"}},{"type":"Feature","geometry":{"type":"Point","coordinates":[28.912586,41.02992]},"properties":{"id":"P0159","kategori":"atm","ad":"Denizbank","kaynak":"osm","osm_id":"node/5667618153","ilce":"Zeytinburnu","mahalle":"Maltepe Mahallesi"}},{"type":"Feature","geometry":{"type":"Point","coordinates":[28.901204,41.022973]},"properties":{"id":"P0160","kategori":"atm","ad":"Türkiye İş Bankası","kaynak":"osm","osm_id":"node/9752350874","ilce":"Zeytinburnu","mahalle":"Maltepe Mahallesi"}},{"type":"Feature","geometry":{"type":"Point","coordinates":[28.672333,41.156816]},"properties":{"id":"P0161","kategori":"benzinlik","ad":"Petrol Ofisi","kaynak":"osm","osm_id":"node/9311088544","ilce":"Arnavutköy","mahalle":"Sazlıbosna Mahallesi"}},{"type":"Feature","geometry":{"type":"Point","coordinates":[28.702508,41.2575]},"properties":{"id":"P0162","kategori":"benzinlik","ad":"SOCAR","kaynak":"osm","osm_id":"way/1326208723","ilce":"Arnavutköy","mahalle":"Tayakadın Mahallesi"}},{"type":"Feature","geometry":{"type":"Point","coordinates":[28.748098,41.177592]},"properties":{"id":"P0163","kategori":"benzinlik","ad":"Opet","kaynak":"osm","osm_id":"node/9311075163","ilce":"Arnavutköy","mahalle":"Anadolu Mahallesi"}},{"type":"Feature","geometry":{"type":"Point","coordinates":[29.143805,40.987731]},"properties":{"id":"P0164","kategori":"benzinlik","ad":"Opet Ataşehir","kaynak":"osm","osm_id":"node/4699022953","ilce":"Ataşehir","mahalle":"Kayışdağı Mahallesi"}},{"type":"Feature","geometry":{"type":"Point","coordinates":[29.107179,40.985313]},"properties":{"id":"P0165","kategori":"benzinlik","ad":"Shell","kaynak":"osm","osm_id":"node/9300325267","ilce":"Ataşehir","mahalle":"Atatürk Mahallesi"}},{"type":"Feature","geometry":{"type":"Point","coordinates":[29.175846,40.990253]},"properties":{"id":"P0166","kategori":"benzinlik","ad":"Lukoil","kaynak":"osm","osm_id":"node/5244129822","ilce":"Ataşehir","mahalle":"Ferhatpaşa Mahallesi"}},{"type":"Feature","geometry":{"type":"Point","coordinates":[28.718725,40.988255]},"properties":{"id":"P0167","kategori":"benzinlik","ad":"Shell","kaynak":"osm","osm_id":"node/9299860561","ilce":"Avcılar","mahalle":"Üniversite Mahallesi"}},{"type":"Feature","geometry":{"type":"Point","coordinates":[28.687737,41.051007]},"properties":{"id":"P0168","kategori":"benzinlik","ad":"Opet","kaynak":"osm","osm_id":"node/11597376328","ilce":"Avcılar","mahalle":"Yeşilkent Mahallesi"}},{"type":"Feature","geometry":{"type":"Point","coordinates":[28.814123,41.026049]},"properties":{"id":"P0169","kategori":"benzinlik","ad":"BP Bağcılar Kirazlı Bağlar","kaynak":"osm","osm_id":"node/9299860570","ilce":"Bağcılar","mahalle":"Bağlar Mahallesi"}},{"type":"Feature","geometry":{"type":"Point","coordinates":[28.840575,41.054721]},"properties":{"id":"P0170","kategori":"benzinlik","ad":"Opet","kaynak":"osm","osm_id":"node/4699018227","ilce":"Bağcılar","mahalle":"Fatih Mahallesi"}},{"type":"Feature","geometry":{"type":"Point","coordinates":[28.834115,41.032617]},"properties":{"id":"P0171","kategori":"benzinlik","ad":"Opet","kaynak":"osm","osm_id":"node/5667689774","ilce":"Bağcılar","mahalle":"Kirazlı Mahallesi"}},{"type":"Feature","geometry":{"type":"Point","coordinates":[28.857421,41.027511]},"properties":{"id":"P0172","kategori":"benzinlik","ad":"Opet Bağcılar","kaynak":"osm","osm_id":"node/4699023938","ilce":"Bağcılar","mahalle":"Merkez Mahallesi"}},{"type":"Feature","geometry":{"type":"Point","coordinates":[28.882997,41.002278]},"properties":{"id":"P0173","kategori":"benzinlik","ad":"Petrol Ofisi Bahçelievler Mehmet Akif","kaynak":"osm","osm_id":"node/9312167481","ilce":"Bahçelievler","mahalle":"Bahçelievler Mahallesi"}},{"type":"Feature","geometry":{"type":"Point","coordinates":[28.825907,41.013892]},"properties":{"id":"P0174","kategori":"benzinlik","ad":"BP","kaynak":"osm","osm_id":"node/4846902295","ilce":"Bahçelievler","mahalle":"Yenibosna Merkez Mahallesi"}},{"type":"Feature","geometry":{"type":"Point","coordinates":[28.796068,40.987931]},"properties":{"id":"P0175","kategori":"benzinlik","ad":"Shell Şenlikköy","kaynak":"osm","osm_id":"node/2716711598","ilce":"Bakırköy","mahalle":"Şenlikköy Mahallesi"}},{"type":"Feature","geometry":{"type":"Point","coordinates":[28.870823,40.990969]},"properties":{"id":"P0176","kategori":"benzinlik","ad":"Moil","kaynak":"osm","osm_id":"node/5418808042","ilce":"Bakırköy","mahalle":"Kartaltepe Mahallesi"}},{"type":"Feature","geometry":{"type":"Point","coordinates":[28.789123,41.098758]},"properties":{"id":"P0177","kategori":"benzinlik","ad":"Shell","kaynak":"osm","osm_id":"way/1338333199","ilce":"Başakşehir","mahalle":"Başakşehir Mahallesi"}},{"type":"Feature","geometry":{"type":"Point","coordinates":[28.693878,41.071666]},"properties":{"id":"P0178","kategori":"benzinlik","ad":"Shell","kaynak":"osm","osm_id":"node/9300286790","ilce":"Başakşehir","mahalle":"Bahçeşehir 1. Kısım Mahallesi"}},{"type":"Feature","geometry":{"type":"Point","coordinates":[28.810814,41.069131]},"properties":{"id":"P0179","kategori":"benzinlik","ad":"Shell","kaynak":"osm","osm_id":"node/11044421379","ilce":"Başakşehir","mahalle":"İkitelli OSB Mahallesi"}},{"type":"Feature","geometry":{"type":"Point","coordinates":[28.899395,41.028186]},"properties":{"id":"P0180","kategori":"benzinlik","ad":"Shell","kaynak":"osm","osm_id":"node/11586204363","ilce":"Bayrampaşa","mahalle":"Terazidere Mahallesi"}},{"type":"Feature","geometry":{"type":"Point","coordinates":[28.911737,41.040554]},"properties":{"id":"P0181","kategori":"benzinlik","ad":"Petrol Ofisi","kaynak":"osm","osm_id":"node/11586254471","ilce":"Bayrampaşa","mahalle":"İsmet Paşa Mahallesi"}},{"type":"Feature","geometry":{"type":"Point","coordinates":[29.015958,41.073887]},"properties":{"id":"P0182","kategori":"benzinlik","ad":"Petrol Ofisi","kaynak":"osm","osm_id":"node/11586239236","ilce":"Beşiktaş","mahalle":"Levent Mahallesi"}},{"type":"Feature","geometry":{"type":"Point","coordinates":[29.097546,41.094705]},"properties":{"id":"P0183","kategori":"benzinlik","ad":"Shell","kaynak":"osm","osm_id":"way/463066876","ilce":"Beykoz","mahalle":"Rüzgarlıbahçe Mahallesi"}},{"type":"Feature","geometry":{"type":"Point","coordinates":[29.146251,41.197446]},"properties":{"id":"P0184","kategori":"benzinlik","ad":"Opet","kaynak":"osm","osm_id":"way/1349551960","ilce":"Beykoz","mahalle":"Poyrazköy Mahallesi"}},{"type":"Feature","geometry":{"type":"Point","coordinates":[28.6652,40.989712]},"properties":{"id":"P0185","kategori":"benzinlik","ad":"Shell - Karma Grup","kaynak":"osm","osm_id":"node/3170739257","ilce":"Beylikdüzü","mahalle":"Beylikdüzü Organize Sanayi Bölgesi"}},{"type":"Feature","geometry":{"type":"Point","coordinates":[28.618857,40.989387]},"properties":{"id":"P0186","kategori":"benzinlik","ad":"Alpet","kaynak":"osm","osm_id":"node/5107498125","ilce":"Beylikdüzü","mahalle":"Dereağzı Mahallesi"}},{"type":"Feature","geometry":{"type":"Point","coordinates":[28.967225,41.041235]},"properties":{"id":"P0187","kategori":"benzinlik","ad":"Opet Beyoğlu","kaynak":"osm","osm_id":"node/4699018205","ilce":"Beyoğlu","mahalle":"İstiklal Mahallesi"}},{"type":"Feature","geometry":{"type":"Point","coordinates":[28.993699,41.035291]},"properties":{"id":"P0188","kategori":"benzinlik","ad":"Türkiye Petrolleri","kaynak":"osm","osm_id":"way/225470928","ilce":"Beyoğlu","mahalle":"Ömer Avni Mahallesi"}},{"type":"Feature","geometry":{"type":"Point","coordinates":[28.557399,41.017061]},"properties":{"id":"P0189","kategori":"benzinlik","ad":"TotalEnergies","kaynak":"osm","osm_id":"node/9283105748","ilce":"Büyükçekmece","mahalle":"Mimarsinan Mahallesi"}},{"type":"Feature","geometry":{"type":"Point","coordinates":[28.483072,41.017812]},"properties":{"id":"P0190","kategori":"benzinlik","ad":"Petrol Ofisi","kaynak":"osm","osm_id":"node/9128770763","ilce":"Büyükçekmece","mahalle":"Bahçelievler Mahallesi"}},{"type":"Feature","geometry":{"type":"Point","coordinates":[28.618148,41.001019]},"properties":{"id":"P0191","kategori":"benzinlik","ad":"BP","kaynak":"osm","osm_id":"node/11597376277","ilce":"Büyükçekmece","mahalle":"Pınartepe Mahallesi"}},{"type":"Feature","geometry":{"type":"Point","coordinates":[28.624838,41.079205]},"properties":{"id":"P0192","kategori":"benzinlik","ad":"Shell","kaynak":"osm","osm_id":"node/9312170591","ilce":"Büyükçekmece","mahalle":"Alkent 2000 Mahallesi"}},{"type":"Feature","geometry":{"type":"Point","coordinates":[28.570898,41.19215]},"properties":{"id":"P0193","kategori":"benzinlik","ad":"Opet","kaynak":"osm","osm_id":"node/11597382608","ilce":"Çatalca","mahalle":"Nakkaş Mahallesi"}},{"type":"Feature","geometry":{"type":"Point","coordinates":[28.424847,41.104508]},"properties":{"id":"P0194","kategori":"benzinlik","ad":"Petrol Ofisi","kaynak":"osm","osm_id":"node/8403505436","ilce":"Çatalca","mahalle":"Ovayenice Mahallesi"}},{"type":"Feature","geometry":{"type":"Point","coordinates":[29.310702,41.109934]},"properties":{"id":"P0195","kategori":"benzinlik","ad":"Opet Çekmeköy","kaynak":"osm","osm_id":"node/4699018970","ilce":"Çekmeköy","mahalle":"Sırapınar Mahallesi"}},{"type":"Feature","geometry":{"type":"Point","coordinates":[29.195435,41.013955]},"properties":{"id":"P0196","kategori":"benzinlik","ad":"Shell","kaynak":"osm","osm_id":"node/6884267014","ilce":"Çekmeköy","mahalle":"Çamlık Mahallesi"}},{"type":"Feature","geometry":{"type":"Point","coordinates":[28.87565,41.056246]},"properties":{"id":"P0197","kategori":"benzinlik","ad":"BP","kaynak":"osm","osm_id":"node/9551045187","ilce":"Esenler","mahalle":"Atışalanı Mahallesi"}},{"type":"Feature","geometry":{"type":"Point","coordinates":[28.867914,41.071343]},"properties":{"id":"P0198","kategori":"benzinlik","ad":"Petrol Ofisi","kaynak":"osm","osm_id":"node/9549572617","ilce":"Esenler","mahalle":"Oruçreis Mahallesi"}},{"type":"Feature","geometry":{"type":"Point","coordinates":[28.682598,41.030641]},"properties":{"id":"P0199","kategori":"benzinlik","ad":"Teco","kaynak":"osm","osm_id":"node/7518367166","ilce":"Esenyurt","mahalle":"Sultaniye Mahallesi"}},{"type":"Feature","geometry":{"type":"Point","coordinates":[28.625175,41.059834]},"properties":{"id":"P0200","kategori":"benzinlik","ad":"Aytemiz","kaynak":"osm","osm_id":"node/4992280808","ilce":"Esenyurt","mahalle":"Akçaburgaz Mahallesi"}},{"type":"Feature","geometry":{"type":"Point","coordinates":[28.679358,41.011561]},"properties":{"id":"P0201","kategori":"benzinlik","ad":"Petrol Ofisi","kaynak":"osm","osm_id":"node/10310472766","ilce":"Esenyurt","mahalle":"Zafer Mahallesi"}},{"type":"Feature","geometry":{"type":"Point","coordinates":[28.624714,41.037017]},"properties":{"id":"P0202","kategori":"benzinlik","ad":"Shell","kaynak":"osm","osm_id":"node/4992280814","ilce":"Esenyurt","mahalle":"Atatürk Mahallesi"}},{"type":"Feature","geometry":{"type":"Point","coordinates":[28.822287,41.195884]},"properties":{"id":"P0203","kategori":"benzinlik","ad":"Shell","kaynak":"osm","osm_id":"way/1365252225","ilce":"Eyüpsultan","mahalle":"Pirinççi Mahallesi"}},{"type":"Feature","geometry":{"type":"Point","coordinates":[28.905002,41.169259]},"properties":{"id":"P0204","kategori":"benzinlik","ad":"Total","kaynak":"osm","osm_id":"node/9283226128","ilce":"Eyüpsultan","mahalle":"Mithatpaşa Mahallesi"}},{"type":"Feature","geometry":{"type":"Point","coordinates":[28.917302,41.039174]},"properties":{"id":"P0205","kategori":"benzinlik","ad":"BP","kaynak":"osm","osm_id":"node/11586797677","ilce":"Eyüpsultan","mahalle":"Topçular Mahallesi"}},{"type":"Feature","geometry":{"type":"Point","coordinates":[28.939052,41.029791]},"properties":{"id":"P0206","kategori":"benzinlik","ad":"Aytemiz","kaynak":"osm","osm_id":"node/5113615724","ilce":"Fatih","mahalle":"Derviş Ali Mahallesi"}},{"type":"Feature","geometry":{"type":"Point","coordinates":[28.955042,41.016634]},"properties":{"id":"P0207","kategori":"benzinlik","ad":"Shell","kaynak":"osm","osm_id":"node/11127294727","ilce":"Fatih","mahalle":"Zeyrek Mahallesi"}},{"type":"Feature","geometry":{"type":"Point","coordinates":[28.916744,41.082509]},"properties":{"id":"P0208","kategori":"benzinlik","ad":"Shell","kaynak":"osm","osm_id":"node/11586915454","ilce":"Gaziosmanpaşa","mahalle":"Mevlana Mahallesi"}},{"type":"Feature","geometry":{"type":"Point","coordinates":[28.902302,41.07049]},"properties":{"id":"P0209","kategori":"benzinlik","ad":"Aytemiz Gaziosmanpaşa Hürriyet","kaynak":"osm","osm_id":"node/8990639673","ilce":"Gaziosmanpaşa","mahalle":"Hürriyet Mahallesi"}},{"type":"Feature","geometry":{"type":"Point","coordinates":[28.889313,41.086995]},"properties":{"id":"P0210","kategori":"benzinlik","ad":"Total","kaynak":"osm","osm_id":"node/11586904369","ilce":"Gaziosmanpaşa","mahalle":"Karayolları Mahallesi"}},{"type":"Feature","geometry":{"type":"Point","coordinates":[28.890451,41.017302]},"properties":{"id":"P0211","kategori":"benzinlik","ad":"Total","kaynak":"osm","osm_id":"node/5418842117","ilce":"Güngören","mahalle":"Mehmet Nesih Özmen Mahallesi"}},{"type":"Feature","geometry":{"type":"Point","coordinates":[28.897054,41.008071]},"properties":{"id":"P0212","kategori":"benzinlik","ad":"Shell","kaynak":"osm","osm_id":"node/5370265112","ilce":"Güngören","mahalle":"Abdurrahman Nafiz Gürman Mahallesi"}},{"type":"Feature","geometry":{"type":"Point","coordinates":[29.097675,40.957394]},"properties":{"id":"P0213","kategori":"benzinlik","ad":"Shell","kaynak":"osm","osm_id":"node/5272471198","ilce":"Kadıköy","mahalle":"Bostancı Mahallesi"}},{"type":"Feature","geometry":{"type":"Point","coordinates":[29.081183,40.981433]},"properties":{"id":"P0214","kategori":"benzinlik","ad":"BP","kaynak":"osm","osm_id":"node/5616649534","ilce":"Kadıköy","mahalle":"Sahrayıcedit Mahallesi"}},{"type":"Feature","geometry":{"type":"Point","coordinates":[29.056914,40.984163]},"properties":{"id":"P0215","kategori":"benzinlik","ad":"Opet","kaynak":"osm","osm_id":"node/11578580141","ilce":"Kadıköy","mahalle":"Feneryolu Mahallesi"}},{"type":"Feature","geometry":{"type":"Point","coordinates":[28.992729,41.093794]},"properties":{"id":"P0216","kategori":"benzinlik","ad":"Shell","kaynak":"osm","osm_id":"node/9312905238","ilce":"Kâğıthane","mahalle":"Sultan Selim Mahallesi"}},{"type":"Feature","geometry":{"type":"Point","coordinates":[28.969783,41.075537]},"properties":{"id":"P0217","kategori":"benzinlik","ad":"Petrol Ofisi","kaynak":"osm","osm_id":"node/5336994052","ilce":"Kâğıthane","mahalle":"Gürsel Mahallesi"}},{"type":"Feature","geometry":{"type":"Point","coordinates":[29.195766,40.916896]},"properties":{"id":"P0218","kategori":"benzinlik","ad":"Opet","kaynak":"osm","osm_id":"node/5295378910","ilce":"Kartal","mahalle":"Soğanlık Yeni Mahallesi"}},{"type":"Feature","geometry":{"type":"Point","coordinates":[29.181183,40.889285]},"properties":{"id":"P0219","kategori":"benzinlik","ad":"Shell","kaynak":"osm","osm_id":"node/4580488790","ilce":"Kartal","mahalle":"Yukarı Mahallesi"}},{"type":"Feature","geometry":{"type":"Point","coordinates":[29.206771,40.889534]},"properties":{"id":"P0220","kategori":"benzinlik","ad":"Petrol Ofisi","kaynak":"osm","osm_id":"node/9308433308","ilce":"Kartal","mahalle":"Çavuşoğlu Mahallesi"}},{"type":"Feature","geometry":{"type":"Point","coordinates":[28.78946,41.060352]},"properties":{"id":"P0221","kategori":"benzinlik","ad":"Opet İkitelli","kaynak":"osm","osm_id":"node/4699018940","ilce":"Küçükçekmece","mahalle":"Atatürk Mahallesi"}},{"type":"Feature","geometry":{"type":"Point","coordinates":[28.783919,40.985937]},"properties":{"id":"P0222","kategori":"benzinlik","ad":"Petrol Ofisi","kaynak":"osm","osm_id":"node/9299860564","ilce":"Küçükçekmece","mahalle":"Cennet Mahallesi"}},{"type":"Feature","geometry":{"type":"Point","coordinates":[28.794635,41.008483]},"properties":{"id":"P0223","kategori":"benzinlik","ad":"Milangaz","kaynak":"osm","osm_id":"node/5057698664","ilce":"Küçükçekmece","mahalle":"Fevzi Çakmak Mahallesi"}},{"type":"Feature","geometry":{"type":"Point","coordinates":[29.12744,40.945855]},"properties":{"id":"P0224","kategori":"benzinlik","ad":"Opet","kaynak":"osm","osm_id":"node/5385354921","ilce":"Maltepe","mahalle":"Aydınevler Mahallesi"}},{"type":"Feature","geometry":{"type":"Point","coordinates":[29.162722,40.950438]},"properties":{"id":"P0225","kategori":"benzinlik","ad":"Petrol Ofisi","kaynak":"osm","osm_id":"node/5052683541","ilce":"Maltepe","mahalle":"Zümrütevler Mahallesi"}},{"type":"Feature","geometry":{"type":"Point","coordinates":[29.146255,40.929049]},"properties":{"id":"P0226","kategori":"benzinlik","ad":"Opet Maltepe","kaynak":"osm","osm_id":"node/11586206717","ilce":"Maltepe","mahalle":"Bağlarbaşı Mahallesi"}},{"type":"Feature","geometry":{"type":"Point","coordinates":[29.281546,40.859498]},"properties":{"id":"P0227","kategori":"benzinlik","ad":"Opet Pendik","kaynak":"osm","osm_id":"node/4699022952","ilce":"Pendik","mahalle":"Güzelyalı Mahallesi"}},{"type":"Feature","geometry":{"type":"Point","coordinates":[29.268663,40.899134]},"properties":{"id":"P0228","kategori":"benzinlik","ad":"Shell","kaynak":"osm","osm_id":"node/4779890036","ilce":"Pendik","mahalle":"Yayalar Mahallesi"}},{"type":"Feature","geometry":{"type":"Point","coordinates":[29.232327,40.881089]},"properties":{"id":"P0229","kategori":"benzinlik","ad":"Opet","kaynak":"osm","osm_id":"node/4699018247","ilce":"Pendik","mahalle":"Yeni Mahallesi"}},{"type":"Feature","geometry":{"type":"Point","coordinates":[29.328807,40.935012]},"properties":{"id":"P0230","kategori":"benzinlik","ad":"TotalEnergies TSK Mehmetcik Vakfı","kaynak":"osm","osm_id":"node/9283139717","ilce":"Pendik","mahalle":"Yenişehir Mahallesi"}},{"type":"Feature","geometry":{"type":"Point","coordinates":[29.279197,41.043771]},"properties":{"id":"P0231","kategori":"benzinlik","ad":"Petrol Ofisi","kaynak":"osm","osm_id":"node/5031730251","ilce":"Sancaktepe","mahalle":"Paşaköy Mahallesi"}},{"type":"Feature","geometry":{"type":"Point","coordinates":[29.220607,40.9776]},"properties":{"id":"P0232","kategori":"benzinlik","ad":"Opet Sancaktepe","kaynak":"osm","osm_id":"node/4699023905","ilce":"Sancaktepe","mahalle":"Eyüp Sultan Mahallesi"}},{"type":"Feature","geometry":{"type":"Point","coordinates":[29.215943,41.008499]},"properties":{"id":"P0233","kategori":"benzinlik","ad":"Opet","kaynak":"osm","osm_id":"node/4699022970","ilce":"Sancaktepe","mahalle":"Atatürk Mahallesi"}},{"type":"Feature","geometry":{"type":"Point","coordinates":[29.015213,41.107445]},"properties":{"id":"P0234","kategori":"benzinlik","ad":"Total","kaynak":"osm","osm_id":"node/11594805019","ilce":"Sarıyer","mahalle":"Maslak Mahallesi"}},{"type":"Feature","geometry":{"type":"Point","coordinates":[29.036887,41.191426]},"properties":{"id":"P0235","kategori":"benzinlik","ad":"Petrol Ofisi","kaynak":"osm","osm_id":"node/9293419410","ilce":"Sarıyer","mahalle":"Zekeriyaköy Mahallesi"}},{"type":"Feature","geometry":{"type":"Point","coordinates":[29.590315,41.161132]},"properties":{"id":"P0236","kategori":"benzinlik","ad":"Petrol Ofisi","kaynak":"osm","osm_id":"node/13633145375","ilce":"Şile","mahalle":"Ahmetli Mahallesi"}},{"type":"Feature","geometry":{"type":"Point","coordinates":[29.853335,41.129124]},"properties":{"id":"P0237","kategori":"benzinlik","ad":"Petrol Ofisi","kaynak":"osm","osm_id":"node/11176613539","ilce":"Şile","mahalle":"Ağva Merkez Mahallesi"}},{"type":"Feature","geometry":{"type":"Point","coordinates":[28.112179,41.107233]},"properties":{"id":"P0238","kategori":"benzinlik","ad":"Petrol Ofisi","kaynak":"osm","osm_id":"node/8653866315","ilce":"Silivri","mahalle":"Çeltik Mahallesi"}},{"type":"Feature","geometry":{"type":"Point","coordinates":[27.996901,41.094893]},"properties":{"id":"P0239","kategori":"benzinlik","ad":"Shell","kaynak":"osm","osm_id":"node/2861685236","ilce":"Silivri","mahalle":"Değirmenköy Fevzipaşa Mahallesi"}},{"type":"Feature","geometry":{"type":"Point","coordinates":[28.278845,41.070507]},"properties":{"id":"P0240","kategori":"benzinlik","ad":"Shell Silivri Alibey","kaynak":"osm","osm_id":"node/9283174703","ilce":"Silivri","mahalle":"Cumhuriyet Mahallesi"}},{"type":"Feature","geometry":{"type":"Point","coordinates":[28.230099,41.131723]},"properties":{"id":"P0241","kategori":"benzinlik","ad":"Petrol Ofisi","kaynak":"osm","osm_id":"node/10817053541","ilce":"Silivri","mahalle":"Alipaşa Mahallesi"}},{"type":"Feature","geometry":{"type":"Point","coordinates":[28.370814,41.083447]},"properties":{"id":"P0242","kategori":"benzinlik","ad":"Petrol Ofisi","kaynak":"osm","osm_id":"node/9299860550","ilce":"Silivri","mahalle":"Ortaköy Mahallesi"}},{"type":"Feature","geometry":{"type":"Point","coordinates":[28.965701,41.058518]},"properties":{"id":"P0243","kategori":"benzinlik","ad":"Aytemiz","kaynak":"osm","osm_id":"node/9312906914","ilce":"Şişli","mahalle":"Halil Rıfat Paşa Mahallesi"}},{"type":"Feature","geometry":{"type":"Point","coordinates":[29.002254,41.065713]},"properties":{"id":"P0244","kategori":"benzinlik","ad":"Shell","kaynak":"osm","osm_id":"node/4730251788","ilce":"Şişli","mahalle":"Fulya Mahallesi"}},{"type":"Feature","geometry":{"type":"Point","coordinates":[29.299675,40.948057]},"properties":{"id":"P0245","kategori":"benzinlik","ad":"Akşamsettin","kaynak":"osm","osm_id":"node/5542883633","ilce":"Sultanbeyli","mahalle":"Akşemsettin Mahallesi"}},{"type":"Feature","geometry":{"type":"Point","coordinates":[29.248514,40.971765]},"properties":{"id":"P0246","kategori":"benzinlik","ad":"Petrol Ofisi","kaynak":"osm","osm_id":"node/5149577694","ilce":"Sultanbeyli","mahalle":"Hasanpaşa Mahallesi"}},{"type":"Feature","geometry":{"type":"Point","coordinates":[28.883108,41.089917]},"properties":{"id":"P0247","kategori":"benzinlik","ad":"Aytemiz","kaynak":"osm","osm_id":"node/11586900365","ilce":"Sultangazi","mahalle":"Cumhuriyet Mahallesi"}},{"type":"Feature","geometry":{"type":"Point","coordinates":[28.826931,41.131936]},"properties":{"id":"P0248","kategori":"benzinlik","ad":"Opet Sultangazi","kaynak":"osm","osm_id":"node/4699018420","ilce":"Sultangazi","mahalle":"Eski Habipler Mahallesi"}},{"type":"Feature","geometry":{"type":"Point","coordinates":[29.306244,40.819475]},"properties":{"id":"P0249","kategori":"benzinlik","ad":"Opet Tuzla","kaynak":"osm","osm_id":"node/9283133184","ilce":"Tuzla","mahalle":"Postane Mahallesi"}},{"type":"Feature","geometry":{"type":"Point","coordinates":[29.388024,40.944586]},"properties":{"id":"P0250","kategori":"benzinlik","ad":"Lukoil","kaynak":"osm","osm_id":"node/9283139116","ilce":"Tuzla","mahalle":"Tepeören Mahallesi"}},{"type":"Feature","geometry":{"type":"Point","coordinates":[29.345129,40.881172]},"properties":{"id":"P0251","kategori":"benzinlik","ad":"Shell","kaynak":"osm","osm_id":"node/5948284506","ilce":"Tuzla","mahalle":"Mescit Mahallesi"}},{"type":"Feature","geometry":{"type":"Point","coordinates":[29.360971,40.908584]},"properties":{"id":"P0252","kategori":"benzinlik","ad":"Türkiye Petrolleri","kaynak":"osm","osm_id":"node/1907466259","ilce":"Tuzla","mahalle":"Anadolu Mahallesi"}},{"type":"Feature","geometry":{"type":"Point","coordinates":[29.171658,41.018193]},"properties":{"id":"P0253","kategori":"benzinlik","ad":"BP","kaynak":"osm","osm_id":"node/5053458360","ilce":"Ümraniye","mahalle":"Necip Fazıl Mahallesi"}},{"type":"Feature","geometry":{"type":"Point","coordinates":[29.108013,41.023096]},"properties":{"id":"P0254","kategori":"benzinlik","ad":"Opet Gültepe","kaynak":"osm","osm_id":"node/5362917722","ilce":"Ümraniye","mahalle":"Atakent Mahallesi"}},{"type":"Feature","geometry":{"type":"Point","coordinates":[29.146032,41.01646]},"properties":{"id":"P0255","kategori":"benzinlik","ad":"Opet Ortaş","kaynak":"osm","osm_id":"node/9311961845","ilce":"Ümraniye","mahalle":"Cemil Meriç Mahallesi"}},{"type":"Feature","geometry":{"type":"Point","coordinates":[29.075282,41.011249]},"properties":{"id":"P0256","kategori":"benzinlik","ad":"Petrol Ofisi","kaynak":"osm","osm_id":"node/4699018077","ilce":"Üsküdar","mahalle":"Cumhuriyet Mahallesi"}},{"type":"Feature","geometry":{"type":"Point","coordinates":[29.079681,41.031458]},"properties":{"id":"P0257","kategori":"benzinlik","ad":"Opet","kaynak":"osm","osm_id":"node/4699022962","ilce":"Üsküdar","mahalle":"Ferah Mahallesi"}},{"type":"Feature","geometry":{"type":"Point","coordinates":[29.054872,41.024153]},"properties":{"id":"P0258","kategori":"benzinlik","ad":"Opet","kaynak":"osm","osm_id":"node/9283195052","ilce":"Üsküdar","mahalle":"Burhaniye Mahallesi"}},{"type":"Feature","geometry":{"type":"Point","coordinates":[28.890874,40.981636]},"properties":{"id":"P0259","kategori":"benzinlik","ad":"Aygaz","kaynak":"osm","osm_id":"node/4807075794","ilce":"Zeytinburnu","mahalle":"Kazlıçeşme Mahallesi"}},{"type":"Feature","geometry":{"type":"Point","coordinates":[28.900625,41.01274]},"properties":{"id":"P0260","kategori":"benzinlik","ad":"Opet","kaynak":"osm","osm_id":"node/4846948582","ilce":"Zeytinburnu","mahalle":"Maltepe Mahallesi"}},{"type":"Feature","geometry":{"type":"Point","coordinates":[28.992968,40.864266]},"properties":{"id":"P0261","kategori":"cami","ad":"Fatih Rüştü Zorlu Camii","kaynak":"osm","osm_id":"way/808535269","ilce":"Adalar","mahalle":"Kınalıada Mahallesi"}},{"type":"Feature","geometry":{"type":"Point","coordinates":[29.116602,40.863851]},"properties":{"id":"P0262","kategori":"cami","ad":"Nizam Camii","kaynak":"osm","osm_id":"way/380537418","ilce":"Adalar","mahalle":"Nizam Mahallesi"}},{"type":"Feature","geometry":{"type":"Point","coordinates":[29.068488,40.883009]},"properties":{"id":"P0263","kategori":"cami","ad":"Burgazada Camii","kaynak":"osm","osm_id":"way/1052315152","ilce":"Adalar","mahalle":"Burgazada Mahallesi"}},{"type":"Feature","geometry":{"type":"Point","coordinates":[28.606536,41.184429]},"properties":{"id":"P0264","kategori":"cami","ad":"Hz. Ömer Camii","kaynak":"osm","osm_id":"way/1476871583","ilce":"Arnavutköy","mahalle":"Hadımköy Mahallesi"}},{"type":"Feature","geometry":{"type":"Point","coordinates":[28.638468,41.111575]},"properties":{"id":"P0265","kategori":"cami","ad":"Hazreti Hamza Camii","kaynak":"osm","osm_id":"way/316784507","ilce":"Arnavutköy","mahalle":"Ömerli Mahallesi"}},{"type":"Feature","geometry":{"type":"Point","coordinates":[28.772033,41.180715]},"properties":{"id":"P0266","kategori":"cami","ad":"Boğazköy Camii","kaynak":"osm","osm_id":"way/740107550","ilce":"Arnavutköy","mahalle":"Boğazköy İstiklal Mahallesi"}},{"type":"Feature","geometry":{"type":"Point","coordinates":[28.76279,41.138118]},"properties":{"id":"P0267","kategori":"cami","ad":"Erkekler Mescidi","kaynak":"osm","osm_id":"node/14090416546","ilce":"Arnavutköy","mahalle":"Hacımaşlı Mahallesi"}},{"type":"Feature","geometry":{"type":"Point","coordinates":[28.703659,41.208771]},"properties":{"id":"P0268","kategori":"cami","ad":"Mehmet Akif Ersoy Camii","kaynak":"osm","osm_id":"way/317377161","ilce":"Arnavutköy","mahalle":"Adnan Menderes Mahallesi"}},{"type":"Feature","geometry":{"type":"Point","coordinates":[28.66732,41.255107]},"properties":{"id":"P0269","kategori":"cami","ad":"Karatepe Camii","kaynak":"osm","osm_id":"way/1556644121","ilce":"Arnavutköy","mahalle":"Baklalı Mahallesi"}},{"type":"Feature","geometry":{"type":"Point","coordinates":[28.712413,41.155403]},"properties":{"id":"P0270","kategori":"cami","ad":"Hacımaşlı Mahallesi Camii","kaynak":"osm","osm_id":"way/252696654","ilce":"Arnavutköy","mahalle":"Hacımaşlı Mahallesi"}},{"type":"Feature","geometry":{"type":"Point","coordinates":[29.106317,40.967368]},"properties":{"id":"P0271","kategori":"cami","ad":"Fatih Sultan Mehmet Han Camii","kaynak":"osm","osm_id":"way/1106312451","ilce":"Ataşehir","mahalle":"İçerenköy Mahallesi"}},{"type":"Feature","geometry":{"type":"Point","coordinates":[29.112141,40.989888]},"properties":{"id":"P0272","kategori":"cami","ad":"Mustafa Kanat Cami","kaynak":"osm","osm_id":"way/264161136","ilce":"Ataşehir","mahalle":"Atatürk Mahallesi"}},{"type":"Feature","geometry":{"type":"Point","coordinates":[29.085398,41.000813]},"properties":{"id":"P0273","kategori":"cami","ad":"Yunus Emre","kaynak":"osm","osm_id":"way/436659641","ilce":"Ataşehir","mahalle":"Esatpaşa Mahallesi"}},{"type":"Feature","geometry":{"type":"Point","coordinates":[29.098826,40.995941]},"properties":{"id":"P0274","kategori":"cami","ad":"Selman-I Farısi Camii","kaynak":"osm","osm_id":"way/494185567","ilce":"Ataşehir","mahalle":"Barbaros Mahallesi"}},{"type":"Feature","geometry":{"type":"Point","coordinates":[29.130963,40.975585]},"properties":{"id":"P0275","kategori":"cami","ad":"Hz. Ebubekir Sıddık Camii","kaynak":"osm","osm_id":"way/462669599","ilce":"Ataşehir","mahalle":"İnönü Mahallesi"}},{"type":"Feature","geometry":{"type":"Point","coordinates":[28.703132,41.033935]},"properties":{"id":"P0276","kategori":"cami","ad":"Köprülü Mehmet Paşa Camii","kaynak":"osm","osm_id":"way/316790496","ilce":"Avcılar","mahalle":"Yeşilkent Mahallesi"}},{"type":"Feature","geometry":{"type":"Point","coordinates":[28.72738,41.054095]},"properties":{"id":"P0277","kategori":"cami","ad":"Hüseyin Aldemir Camii","kaynak":"osm","osm_id":"way/683332136","ilce":"Avcılar","mahalle":"Tahtakale Mahallesi"}},{"type":"Feature","geometry":{"type":"Point","coordinates":[28.739033,40.977011]},"properties":{"id":"P0278","kategori":"cami","ad":"Denizköşkler Camii","kaynak":"osm","osm_id":"way/499901438","ilce":"Avcılar","mahalle":"Denizköşkler Mahallesi"}},{"type":"Feature","geometry":{"type":"Point","coordinates":[28.689477,41.054915]},"properties":{"id":"P0279","kategori":"cami","ad":"Kapadık Camii","kaynak":"osm","osm_id":"way/1084572024","ilce":"Avcılar","mahalle":"Yeşilkent Mahallesi"}},{"type":"Feature","geometry":{"type":"Point","coordinates":[28.86215,41.038084]},"properties":{"id":"P0280","kategori":"cami","ad":"Çınar Mahallesi Camii","kaynak":"osm","osm_id":"way/305940358","ilce":"Bağcılar","mahalle":"Çınar Mahallesi"}},{"type":"Feature","geometry":{"type":"Point","coordinates":[28.823883,41.025918]},"properties":{"id":"P0281","kategori":"cami","ad":"Camii","kaynak":"osm","osm_id":"way/1331400490","ilce":"Bağcılar","mahalle":"Bağlar Mahallesi"}},{"type":"Feature","geometry":{"type":"Point","coordinates":[28.8329,41.046321]},"properties":{"id":"P0282","kategori":"cami","ad":"Bedir Camii","kaynak":"osm","osm_id":"way/305848167","ilce":"Bağcılar","mahalle":"Demirkapı Mahallesi"}},{"type":"Feature","geometry":{"type":"Point","coordinates":[28.825272,41.036207]},"properties":{"id":"P0283","kategori":"cami","ad":"Kazım Ömürlüoğlu Camii","kaynak":"osm","osm_id":"way/571769283","ilce":"Bağcılar","mahalle":"Güneşli Mahallesi"}},{"type":"Feature","geometry":{"type":"Point","coordinates":[28.856965,41.025519]},"properties":{"id":"P0284","kategori":"cami","ad":"Yeşilbağ Ulu Camii","kaynak":"osm","osm_id":"way/305940360","ilce":"Bağcılar","mahalle":"Yıldıztepe Mahallesi"}},{"type":"Feature","geometry":{"type":"Point","coordinates":[28.84135,41.0541]},"properties":{"id":"P0285","kategori":"cami","ad":"Medine Camii","kaynak":"osm","osm_id":"way/1318317181","ilce":"Bağcılar","mahalle":"Fatih Mahallesi"}},{"type":"Feature","geometry":{"type":"Point","coordinates":[28.830211,40.998853]},"properties":{"id":"P0286","kategori":"cami","ad":"Aksa Camii","kaynak":"osm","osm_id":"way/315604891","ilce":"Bahçelievler","mahalle":"Çobançeşme Mahallesi"}},{"type":"Feature","geometry":{"type":"Point","coordinates":[28.84203,41.01842]},"properties":{"id":"P0287","kategori":"cami","ad":"Kocasinan Merkez Camii","kaynak":"osm","osm_id":"way/465410166","ilce":"Bahçelievler","mahalle":"Kocasinan Merkez Mahallesi"}},{"type":"Feature","geometry":{"type":"Point","coordinates":[28.852695,41.004491]},"properties":{"id":"P0288","kategori":"cami","ad":"Fatih Mescidi","kaynak":"osm","osm_id":"node/976474174","ilce":"Bahçelievler","mahalle":"Siyavuşpaşa Mahallesi"}},{"type":"Feature","geometry":{"type":"Point","coordinates":[28.882379,41.003882]},"properties":{"id":"P0289","kategori":"cami","ad":"Kemal Hasoğlu İmam Hatip Camii","kaynak":"osm","osm_id":"way/788111354","ilce":"Bahçelievler","mahalle":"Bahçelievler Mahallesi"}},{"type":"Feature","geometry":{"type":"Point","coordinates":[28.877536,40.993492]},"properties":{"id":"P0290","kategori":"cami","ad":"İncirli Camii","kaynak":"osm","osm_id":"way/308049454","ilce":"Bakırköy","mahalle":"Osmaniye Mahallesi"}},{"type":"Feature","geometry":{"type":"Point","coordinates":[28.794341,40.979847]},"properties":{"id":"P0291","kategori":"cami","ad":"Şenlikköy Cami","kaynak":"osm","osm_id":"way/276474326","ilce":"Bakırköy","mahalle":"Şenlikköy Mahallesi"}},{"type":"Feature","geometry":{"type":"Point","coordinates":[28.83514,40.989932]},"properties":{"id":"P0292","kategori":"cami","ad":"Bakırköy Cemevi","kaynak":"osm","osm_id":"way/776253366","ilce":"Bakırköy","mahalle":"Ataköy 7-8-9-10. Kısım Mahallesi"}},{"type":"Feature","geometry":{"type":"Point","coordinates":[28.729849,41.069454]},"properties":{"id":"P0293","kategori":"cami","ad":"Veli Baba Cemevi","kaynak":"osm","osm_id":"way/929062913","ilce":"Başakşehir","mahalle":"Şahintepe Mahallesi"}},{"type":"Feature","geometry":{"type":"Point","coordinates":[28.775748,41.064103]},"properties":{"id":"P0294","kategori":"cami","ad":"Camii","kaynak":"osm","osm_id":"node/11080108395","ilce":"Başakşehir","mahalle":"Ziya Gökalp Mahallesi"}},{"type":"Feature","geometry":{"type":"Point","coordinates":[28.786693,41.10473]},"properties":{"id":"P0295","kategori":"cami","ad":"Hoca Ahmet Yesevi Camii","kaynak":"osm","osm_id":"way/225700154","ilce":"Başakşehir","mahalle":"Başakşehir Mahallesi"}},{"type":"Feature","geometry":{"type":"Point","coordinates":[28.80908,41.078052]},"properties":{"id":"P0296","kategori":"cami","ad":"Haseyad Camii","kaynak":"osm","osm_id":"way/225700640","ilce":"Başakşehir","mahalle":"İkitelli OSB Mahallesi"}},{"type":"Feature","geometry":{"type":"Point","coordinates":[28.753389,41.085272]},"properties":{"id":"P0297","kategori":"cami","ad":"Hz. Ali Cami","kaynak":"osm","osm_id":"way/301248227","ilce":"Başakşehir","mahalle":"Güvercintepe Mahallesi"}},{"type":"Feature","geometry":{"type":"Point","coordinates":[28.77193,41.139408]},"properties":{"id":"P0298","kategori":"cami","ad":"Kayabaşı Mezarlık Mescidi","kaynak":"osm","osm_id":"way/1050900926","ilce":"Başakşehir","mahalle":"Kayabaşı Mahallesi"}},{"type":"Feature","geometry":{"type":"Point","coordinates":[28.692216,41.074584]},"properties":{"id":"P0299","kategori":"cami","ad":"Ebussuud Efendi Camii","kaynak":"osm","osm_id":"way/1236577207","ilce":"Başakşehir","mahalle":"Bahçeşehir 1. Kısım Mahallesi"}},{"type":"Feature","geometry":{"type":"Point","coordinates":[28.899867,41.035662]},"properties":{"id":"P0300","kategori":"cami","ad":"Yunus Emre Camii","kaynak":"osm","osm_id":"way/1234701271","ilce":"Bayrampaşa","mahalle":"Altıntepsi Mahallesi"}},{"type":"Feature","geometry":{"type":"Point","coordinates":[28.898025,41.064237]},"properties":{"id":"P0301","kategori":"cami","ad":"Barbaros Hayrettin Cami","kaynak":"osm","osm_id":"way/498796958","ilce":"Bayrampaşa","mahalle":"Yıldırım Mahallesi"}},{"type":"Feature","geometry":{"type":"Point","coordinates":[28.89221,41.048888]},"properties":{"id":"P0302","kategori":"cami","ad":"Sultan Fatih Cami","kaynak":"osm","osm_id":"way/389496261","ilce":"Bayrampaşa","mahalle":"Kocatepe Mahallesi"}},{"type":"Feature","geometry":{"type":"Point","coordinates":[28.916057,41.043034]},"properties":{"id":"P0303","kategori":"cami","ad":"Hacı Nuri Örs Camii","kaynak":"osm","osm_id":"way/1319578280","ilce":"Bayrampaşa","mahalle":"Yenidoğan Mahallesi"}},{"type":"Feature","geometry":{"type":"Point","coordinates":[29.027685,41.064171]},"properties":{"id":"P0304","kategori":"cami","ad":"Ulus Ambarlıdere Camii","kaynak":"osm","osm_id":"way/1318608202","ilce":"Beşiktaş","mahalle":"Ulus Mahallesi"}},{"type":"Feature","geometry":{"type":"Point","coordinates":[29.000118,41.043599]},"properties":{"id":"P0305","kategori":"cami","ad":"Ekmekçibaşı Mescidi","kaynak":"osm","osm_id":"way/701140337","ilce":"Beşiktaş","mahalle":"Vişnezade Mahallesi"}},{"type":"Feature","geometry":{"type":"Point","coordinates":[29.016911,41.04536]},"properties":{"id":"P0306","kategori":"cami","ad":"Küçük Mecidiye Camii","kaynak":"osm","osm_id":"way/498861770","ilce":"Beşiktaş","mahalle":"Yıldız Mahallesi"}},{"type":"Feature","geometry":{"type":"Point","coordinates":[29.014903,41.094142]},"properties":{"id":"P0307","kategori":"cami","ad":"Ahmet Akyıldız Camii","kaynak":"osm","osm_id":"way/580161818","ilce":"Beşiktaş","mahalle":"Konaklar Mahallesi"}},{"type":"Feature","geometry":{"type":"Point","coordinates":[29.085739,41.153575]},"properties":{"id":"P0308","kategori":"cami","ad":"Ayazma Camii","kaynak":"osm","osm_id":"way/308711448","ilce":"Beykoz","mahalle":"Tokatköy Mahallesi"}},{"type":"Feature","geometry":{"type":"Point","coordinates":[29.082151,41.106756]},"properties":{"id":"P0309","kategori":"cami","ad":"Çubuklu Halil Ağa Camii","kaynak":"osm","osm_id":"way/689588138","ilce":"Beykoz","mahalle":"Çubuklu Mahallesi"}},{"type":"Feature","geometry":{"type":"Point","coordinates":[29.132349,41.207694]},"properties":{"id":"P0310","kategori":"cami","ad":"Poyraz Köy Camii","kaynak":"osm","osm_id":"way/357188219","ilce":"Beykoz","mahalle":"Poyrazköy Mahallesi"}},{"type":"Feature","geometry":{"type":"Point","coordinates":[29.271851,41.163681]},"properties":{"id":"P0311","kategori":"cami","ad":"Bozhane Köyü Camii","kaynak":"osm","osm_id":"way/1364468236","ilce":"Beykoz","mahalle":"Bozhane Mahallesi"}},{"type":"Feature","geometry":{"type":"Point","coordinates":[29.081777,41.06853]},"properties":{"id":"P0312","kategori":"cami","ad":"Yeni Mahalle Şeref Yıldız Cami","kaynak":"osm","osm_id":"way/305843642","ilce":"Beykoz","mahalle":"Yeni Mahalle Mahallesi"}},{"type":"Feature","geometry":{"type":"Point","coordinates":[29.129049,41.152276]},"properties":{"id":"P0313","kategori":"cami","ad":"Molla Fenari Camii","kaynak":"osm","osm_id":"way/721160359","ilce":"Beykoz","mahalle":"Dereseki Mahallesi"}},{"type":"Feature","geometry":{"type":"Point","coordinates":[29.141076,41.091054]},"properties":{"id":"P0314","kategori":"cami","ad":"Yeşil Camii","kaynak":"osm","osm_id":"way/400403851","ilce":"Beykoz","mahalle":"Çengeldere Mahallesi"}},{"type":"Feature","geometry":{"type":"Point","coordinates":[28.634606,40.998307]},"properties":{"id":"P0315","kategori":"cami","ad":"Arslan şimşek camii","kaynak":"osm","osm_id":"way/801680352","ilce":"Beylikdüzü","mahalle":"Adnan Kahveci Mahallesi"}},{"type":"Feature","geometry":{"type":"Point","coordinates":[28.660166,40.994531]},"properties":{"id":"P0316","kategori":"cami","ad":"Mermerciler Sanayi Sitesi Camii","kaynak":"osm","osm_id":"way/800844687","ilce":"Beylikdüzü","mahalle":"Beylikdüzü Organize Sanayi Bölgesi"}},{"type":"Feature","geometry":{"type":"Point","coordinates":[28.655964,40.969943]},"properties":{"id":"P0317","kategori":"cami","ad":"Denizistanbul Cami","kaynak":"osm","osm_id":"way/1363626796","ilce":"Beylikdüzü","mahalle":"Marmara Mahallesi"}},{"type":"Feature","geometry":{"type":"Point","coordinates":[28.678907,40.982644]},"properties":{"id":"P0318","kategori":"cami","ad":"Ada Hz. Ebubekir Camii","kaynak":"osm","osm_id":"way/1493010371","ilce":"Beylikdüzü","mahalle":"Marmara Mahallesi"}},{"type":"Feature","geometry":{"type":"Point","coordinates":[28.949417,41.048594]},"properties":{"id":"P0319","kategori":"cami","ad":"Çiksalin Yeni Camii","kaynak":"osm","osm_id":"way/1319580494","ilce":"Beyoğlu","mahalle":"Halıcıoğlu Mahallesi"}},{"type":"Feature","geometry":{"type":"Point","coordinates":[28.961744,41.037132]},"properties":{"id":"P0320","kategori":"cami","ad":"Seyid Ali Çelebi Camii","kaynak":"osm","osm_id":"way/1365037493","ilce":"Beyoğlu","mahalle":"Kulaksız Mahallesi"}},{"type":"Feature","geometry":{"type":"Point","coordinates":[28.964831,41.048005]},"properties":{"id":"P0321","kategori":"cami","ad":"Akşemsettin Cami","kaynak":"osm","osm_id":"way/106302707","ilce":"Beyoğlu","mahalle":"Piyalepaşa Mahallesi"}},{"type":"Feature","geometry":{"type":"Point","coordinates":[28.972989,41.034189]},"properties":{"id":"P0322","kategori":"cami","ad":"Hacı Ferhat Ağa Camii","kaynak":"osm","osm_id":"way/1089822791","ilce":"Beyoğlu","mahalle":"Yahya Kahya Mahallesi"}},{"type":"Feature","geometry":{"type":"Point","coordinates":[28.990543,41.032127]},"properties":{"id":"P0323","kategori":"cami","ad":"Molla Çelebi Cami (Fındıklı Camii)","kaynak":"osm","osm_id":"way/498861881","ilce":"Beyoğlu","mahalle":"Ömer Avni Mahallesi"}},{"type":"Feature","geometry":{"type":"Point","coordinates":[28.967809,41.025051]},"properties":{"id":"P0324","kategori":"cami","ad":"Azapkapı Sokullu Mehmet Paşa Cami","kaynak":"osm","osm_id":"way/498861887","ilce":"Beyoğlu","mahalle":"Arap Cami Mahallesi"}},{"type":"Feature","geometry":{"type":"Point","coordinates":[28.560616,41.016003]},"properties":{"id":"P0325","kategori":"cami","ad":"Mimar Sinan Merkez Camil","kaynak":"osm","osm_id":"way/464705359","ilce":"Büyükçekmece","mahalle":"Mimarsinan Mahallesi"}},{"type":"Feature","geometry":{"type":"Point","coordinates":[28.535883,40.995937]},"properties":{"id":"P0326","kategori":"cami","ad":"Sinanoba Akşemseddin Hz. Cami","kaynak":"osm","osm_id":"way/463114897","ilce":"Büyükçekmece","mahalle":"Sinanoba Mahallesi"}},{"type":"Feature","geometry":{"type":"Point","coordinates":[28.607075,41.016101]},"properties":{"id":"P0327","kategori":"cami","ad":"Yeşil Tepe Camii","kaynak":"osm","osm_id":"way/333775713","ilce":"Büyükçekmece","mahalle":"Atatürk Mahallesi"}},{"type":"Feature","geometry":{"type":"Point","coordinates":[28.462486,41.030587]},"properties":{"id":"P0328","kategori":"cami","ad":"Cami","kaynak":"osm","osm_id":"way/257758727","ilce":"Büyükçekmece","mahalle":"Kumburgaz Mahallesi"}},{"type":"Feature","geometry":{"type":"Point","coordinates":[28.526524,41.031836]},"properties":{"id":"P0329","kategori":"cami","ad":"Zeynel Abidin Camii","kaynak":"osm","osm_id":"way/364531132","ilce":"Büyükçekmece","mahalle":"Türkoba Mahallesi"}},{"type":"Feature","geometry":{"type":"Point","coordinates":[28.419198,41.100231]},"properties":{"id":"P0330","kategori":"cami","ad":"Ovayenice Camii","kaynak":"osm","osm_id":"way/317476217","ilce":"Çatalca","mahalle":"Ovayenice Mahallesi"}},{"type":"Feature","geometry":{"type":"Point","coordinates":[28.555424,41.18814]},"properties":{"id":"P0331","kategori":"cami","ad":"Baba Nakkaş Camii","kaynak":"osm","osm_id":"way/1364432023","ilce":"Çatalca","mahalle":"Nakkaş Mahallesi"}},{"type":"Feature","geometry":{"type":"Point","coordinates":[28.358355,41.254733]},"properties":{"id":"P0332","kategori":"cami","ad":"İhsaniye Merkez Camii","kaynak":"osm","osm_id":"way/256649748","ilce":"Çatalca","mahalle":"İhsaniye Mahallesi"}},{"type":"Feature","geometry":{"type":"Point","coordinates":[28.446781,41.331614]},"properties":{"id":"P0333","kategori":"cami","ad":"Başakköy Camii","kaynak":"osm","osm_id":"way/1173067195","ilce":"Çatalca","mahalle":"Başak Mahallesi"}},{"type":"Feature","geometry":{"type":"Point","coordinates":[29.177832,41.04548]},"properties":{"id":"P0334","kategori":"cami","ad":"Taşlıca Camii","kaynak":"osm","osm_id":"way/400403849","ilce":"Çekmeköy","mahalle":"Merkez Mahallesi"}},{"type":"Feature","geometry":{"type":"Point","coordinates":[29.232841,41.024161]},"properties":{"id":"P0335","kategori":"cami","ad":"Fatih Camii","kaynak":"osm","osm_id":"way/687584814","ilce":"Çekmeköy","mahalle":"Soğukpınar Mahallesi"}},{"type":"Feature","geometry":{"type":"Point","coordinates":[29.236347,41.049736]},"properties":{"id":"P0336","kategori":"cami","ad":"Alemdağ Vakıf Cami","kaynak":"osm","osm_id":"way/458980047","ilce":"Çekmeköy","mahalle":"Alemdağ Mahallesi"}},{"type":"Feature","geometry":{"type":"Point","coordinates":[29.328457,41.101355]},"properties":{"id":"P0337","kategori":"cami","ad":"Sırapınar Köyü Camii","kaynak":"osm","osm_id":"way/1365037793","ilce":"Çekmeköy","mahalle":"Sırapınar Mahallesi"}},{"type":"Feature","geometry":{"type":"Point","coordinates":[29.262992,41.078251]},"properties":{"id":"P0338","kategori":"cami","ad":"Hacı Erhallar Camiİ","kaynak":"osm","osm_id":"way/724128617","ilce":"Çekmeköy","mahalle":"Reşadiye Mahallesi"}},{"type":"Feature","geometry":{"type":"Point","coordinates":[28.856815,41.057352]},"properties":{"id":"P0339","kategori":"cami","ad":"Hayırseverler Camii","kaynak":"osm","osm_id":"way/301906873","ilce":"Esenler","mahalle":"Oruçreis Mahallesi"}},{"type":"Feature","geometry":{"type":"Point","coordinates":[28.882091,41.048819]},"properties":{"id":"P0340","kategori":"cami","ad":"Cabir Bin Abdullah Cami","kaynak":"osm","osm_id":"way/301911155","ilce":"Esenler","mahalle":"Kemer Mahallesi"}},{"type":"Feature","geometry":{"type":"Point","coordinates":[28.897444,41.026045]},"properties":{"id":"P0341","kategori":"cami","ad":"Esenler Cemevi","kaynak":"osm","osm_id":"way/988552688","ilce":"Esenler","mahalle":"Çifte Havuzlar Mahallesi"}},{"type":"Feature","geometry":{"type":"Point","coordinates":[28.863087,41.045474]},"properties":{"id":"P0342","kategori":"cami","ad":"Kemalpaşa Camii","kaynak":"osm","osm_id":"way/314702255","ilce":"Esenler","mahalle":"Tuna Mahallesi"}},{"type":"Feature","geometry":{"type":"Point","coordinates":[28.692735,41.016228]},"properties":{"id":"P0343","kategori":"cami","ad":"Fatih Sanayi Sitesi Camii","kaynak":"osm","osm_id":"way/315614017","ilce":"Esenyurt","mahalle":"Akşemseddin Mahallesi"}},{"type":"Feature","geometry":{"type":"Point","coordinates":[28.650497,41.028075]},"properties":{"id":"P0344","kategori":"cami","ad":"Kıraç Yunus Emre Camii","kaynak":"osm","osm_id":"way/356922254","ilce":"Esenyurt","mahalle":"Hürriyet Mahallesi"}},{"type":"Feature","geometry":{"type":"Point","coordinates":[28.695999,41.003299]},"properties":{"id":"P0345","kategori":"cami","ad":"Mevlana Camii","kaynak":"osm","osm_id":"way/803744181","ilce":"Esenyurt","mahalle":"Turgut Özal Mahallesi"}},{"type":"Feature","geometry":{"type":"Point","coordinates":[28.666806,41.029774]},"properties":{"id":"P0346","kategori":"cami","ad":"İrşad Cami","kaynak":"osm","osm_id":"way/1237327867","ilce":"Esenyurt","mahalle":"Pınar Mahallesi"}},{"type":"Feature","geometry":{"type":"Point","coordinates":[28.682232,41.05685]},"properties":{"id":"P0347","kategori":"cami","ad":"Çaykaralılar Camii","kaynak":"osm","osm_id":"way/510118090","ilce":"Esenyurt","mahalle":"Esenkent Mahallesi"}},{"type":"Feature","geometry":{"type":"Point","coordinates":[28.646753,41.013918]},"properties":{"id":"P0348","kategori":"cami","ad":"İbrahim Mermer Camii","kaynak":"osm","osm_id":"way/993386737","ilce":"Esenyurt","mahalle":"Mevlana Mahallesi"}},{"type":"Feature","geometry":{"type":"Point","coordinates":[28.937638,41.041972]},"properties":{"id":"P0349","kategori":"cami","ad":"Defterdar Camii","kaynak":"osm","osm_id":"way/533352553","ilce":"Eyüpsultan","mahalle":"Nişancı Mahallesi"}},{"type":"Feature","geometry":{"type":"Point","coordinates":[28.957304,41.146457]},"properties":{"id":"P0350","kategori":"cami","ad":"Erkek Mescid","kaynak":"osm","osm_id":"way/1154547351","ilce":"Eyüpsultan","mahalle":"Mimar Sinan Mahallesi"}},{"type":"Feature","geometry":{"type":"Point","coordinates":[28.939162,41.073271]},"properties":{"id":"P0351","kategori":"cami","ad":"Karadolap Cami","kaynak":"osm","osm_id":"way/446765799","ilce":"Eyüpsultan","mahalle":"Karadolap Mahallesi"}},{"type":"Feature","geometry":{"type":"Point","coordinates":[28.895525,41.183596]},"properties":{"id":"P0352","kategori":"cami","ad":"Mahmud Es'ad Coşan Camii","kaynak":"osm","osm_id":"way/668149115","ilce":"Eyüpsultan","mahalle":"Göktürk Merkez Mahallesi"}},{"type":"Feature","geometry":{"type":"Point","coordinates":[28.807698,41.279168]},"properties":{"id":"P0353","kategori":"cami","ad":"Medcit","kaynak":"osm","osm_id":"way/699959023","ilce":"Eyüpsultan","mahalle":"Akpınar Mahallesi"}},{"type":"Feature","geometry":{"type":"Point","coordinates":[28.82277,41.165627]},"properties":{"id":"P0354","kategori":"cami","ad":"Halil İbrahim Mescidi","kaynak":"osm","osm_id":"way/520237735","ilce":"Eyüpsultan","mahalle":"Pirinççi Mahallesi"}},{"type":"Feature","geometry":{"type":"Point","coordinates":[28.913676,41.159098]},"properties":{"id":"P0355","kategori":"cami","ad":"Kemerburgaz Merkez Camii","kaynak":"osm","osm_id":"way/308709707","ilce":"Eyüpsultan","mahalle":"Mimar Sinan Mahallesi"}},{"type":"Feature","geometry":{"type":"Point","coordinates":[28.976704,41.003266]},"properties":{"id":"P0356","kategori":"cami","ad":"Kapıağası Mahmutağa Cami","kaynak":"osm","osm_id":"way/330345672","ilce":"Fatih","mahalle":"Sultan Ahmet Mahallesi"}},{"type":"Feature","geometry":{"type":"Point","coordinates":[28.927393,41.008224]},"properties":{"id":"P0357","kategori":"cami","ad":"Lalezar Camii","kaynak":"osm","osm_id":"way/524726548","ilce":"Fatih","mahalle":"Seyyid Ömer Mahallesi"}},{"type":"Feature","geometry":{"type":"Point","coordinates":[28.935016,41.006189]},"properties":{"id":"P0358","kategori":"cami","ad":"Hekimoğlu Alipaşa Camii","kaynak":"osm","osm_id":"way/312748715","ilce":"Fatih","mahalle":"Cerrahpaşa Mahallesi"}},{"type":"Feature","geometry":{"type":"Point","coordinates":[28.95159,41.029839]},"properties":{"id":"P0359","kategori":"cami","ad":"Ali Yazıcı Cami","kaynak":"osm","osm_id":"way/330646331","ilce":"Fatih","mahalle":"Balat Mahallesi"}},{"type":"Feature","geometry":{"type":"Point","coordinates":[28.969108,41.0084]},"properties":{"id":"P0360","kategori":"cami","ad":"Mimar Hayrettin Camii","kaynak":"osm","osm_id":"way/331669964","ilce":"Fatih","mahalle":"Mimar Hayrettin Mahallesi"}},{"type":"Feature","geometry":{"type":"Point","coordinates":[28.95113,41.010081]},"properties":{"id":"P0361","kategori":"cami","ad":"Camcılar Camii","kaynak":"osm","osm_id":"way/1364488579","ilce":"Fatih","mahalle":"İskenderpaşa Mahallesi"}},{"type":"Feature","geometry":{"type":"Point","coordinates":[28.971432,41.013382]},"properties":{"id":"P0362","kategori":"cami","ad":"Sururi Daye Hatun Camii","kaynak":"osm","osm_id":"way/1324359873","ilce":"Fatih","mahalle":"Sururi Mahallesi"}},{"type":"Feature","geometry":{"type":"Point","coordinates":[28.938753,41.014435]},"properties":{"id":"P0363","kategori":"cami","ad":"Lütfü Paşa Camii","kaynak":"osm","osm_id":"way/521783904","ilce":"Fatih","mahalle":"Molla Gürani Mahallesi"}},{"type":"Feature","geometry":{"type":"Point","coordinates":[28.944841,41.033198]},"properties":{"id":"P0364","kategori":"cami","ad":"Hacı İsa Cami","kaynak":"osm","osm_id":"way/330646707","ilce":"Fatih","mahalle":"Ayvansaray Mahallesi"}},{"type":"Feature","geometry":{"type":"Point","coordinates":[28.945904,41.027963]},"properties":{"id":"P0365","kategori":"cami","ad":"Hirami Ahmet Paşa Cami","kaynak":"osm","osm_id":"way/329234516","ilce":"Fatih","mahalle":"Balat Mahallesi"}},{"type":"Feature","geometry":{"type":"Point","coordinates":[28.978401,41.010077]},"properties":{"id":"P0366","kategori":"cami","ad":"Zeynep Sultan Camii","kaynak":"osm","osm_id":"way/104061375","ilce":"Fatih","mahalle":"Alemdar Mahallesi"}},{"type":"Feature","geometry":{"type":"Point","coordinates":[28.946357,41.006252]},"properties":{"id":"P0367","kategori":"cami","ad":"Şahu Geda Camii","kaynak":"osm","osm_id":"way/331673581","ilce":"Fatih","mahalle":"Aksaray Mahallesi"}},{"type":"Feature","geometry":{"type":"Point","coordinates":[28.928682,41.003357]},"properties":{"id":"P0368","kategori":"cami","ad":"Sümbül Efendi Camii","kaynak":"osm","osm_id":"way/329087345","ilce":"Fatih","mahalle":"Sümbül Efendi Mahallesi"}},{"type":"Feature","geometry":{"type":"Point","coordinates":[28.968584,41.003115]},"properties":{"id":"P0369","kategori":"cami","ad":"Şehsuvarbey Camii","kaynak":"osm","osm_id":"way/330938341","ilce":"Fatih","mahalle":"Şehsuvar Bey Mahallesi"}},{"type":"Feature","geometry":{"type":"Point","coordinates":[28.956916,41.018443]},"properties":{"id":"P0370","kategori":"cami","ad":"Ümmü Gülsüm Cami Çivizade Mescidi","kaynak":"osm","osm_id":"way/330642838","ilce":"Fatih","mahalle":"Zeyrek Mahallesi"}},{"type":"Feature","geometry":{"type":"Point","coordinates":[28.956625,41.005874]},"properties":{"id":"P0371","kategori":"cami","ad":"Katip Kasım Cami","kaynak":"osm","osm_id":"way/330650365","ilce":"Fatih","mahalle":"Katip Kasım Mahallesi"}},{"type":"Feature","geometry":{"type":"Point","coordinates":[28.89537,41.089343]},"properties":{"id":"P0372","kategori":"cami","ad":"Fatih Camii","kaynak":"osm","osm_id":"way/305848156","ilce":"Gaziosmanpaşa","mahalle":"Karayolları Mahallesi"}},{"type":"Feature","geometry":{"type":"Point","coordinates":[28.905138,41.08668]},"properties":{"id":"P0373","kategori":"cami","ad":"Süleyman Çetinsaya Camii","kaynak":"osm","osm_id":"way/870841533","ilce":"Gaziosmanpaşa","mahalle":"Karayolları Mahallesi"}},{"type":"Feature","geometry":{"type":"Point","coordinates":[28.890847,41.082236]},"properties":{"id":"P0374","kategori":"cami","ad":"Mehmet Üretmen Cami","kaynak":"osm","osm_id":"way/300599427","ilce":"Gaziosmanpaşa","mahalle":"Karadeniz Mahallesi"}},{"type":"Feature","geometry":{"type":"Point","coordinates":[28.912383,41.066092]},"properties":{"id":"P0375","kategori":"cami","ad":"Akşemsettin Camii","kaynak":"osm","osm_id":"way/1009350808","ilce":"Gaziosmanpaşa","mahalle":"Bağlarbaşı Mahallesi"}},{"type":"Feature","geometry":{"type":"Point","coordinates":[28.918024,41.058226]},"properties":{"id":"P0376","kategori":"cami","ad":"Sarıgöl Cami","kaynak":"osm","osm_id":"way/300599423","ilce":"Gaziosmanpaşa","mahalle":"Sarıgöl Mahallesi"}},{"type":"Feature","geometry":{"type":"Point","coordinates":[28.884032,41.033041]},"properties":{"id":"P0377","kategori":"cami","ad":"Güngören Yeşil Camii","kaynak":"osm","osm_id":"way/1052802073","ilce":"Güngören","mahalle":"Gençosman Mahallesi"}},{"type":"Feature","geometry":{"type":"Point","coordinates":[28.872498,41.021135]},"properties":{"id":"P0378","kategori":"cami","ad":"Fetih Camii","kaynak":"osm","osm_id":"way/315604883","ilce":"Güngören","mahalle":"Merkez Mahallesi"}},{"type":"Feature","geometry":{"type":"Point","coordinates":[28.863438,41.027815]},"properties":{"id":"P0379","kategori":"cami","ad":"Kuba Camii","kaynak":"osm","osm_id":"way/1052803605","ilce":"Güngören","mahalle":"Güneştepe Mahallesi"}},{"type":"Feature","geometry":{"type":"Point","coordinates":[29.069535,40.965939]},"properties":{"id":"P0380","kategori":"cami","ad":"Galip Paşa Cami","kaynak":"osm","osm_id":"way/235398424","ilce":"Kadıköy","mahalle":"Caddebostan Mahallesi"}},{"type":"Feature","geometry":{"type":"Point","coordinates":[29.0492,40.992508]},"properties":{"id":"P0381","kategori":"cami","ad":"Fikirtepe Yeni Camii","kaynak":"osm","osm_id":"way/421073618","ilce":"Kadıköy","mahalle":"Fikirtepe Mahallesi"}},{"type":"Feature","geometry":{"type":"Point","coordinates":[29.093862,40.955078]},"properties":{"id":"P0382","kategori":"cami","ad":"Bostancı Kuloğlu Cami","kaynak":"osm","osm_id":"way/375933331","ilce":"Kadıköy","mahalle":"Bostancı Mahallesi"}},{"type":"Feature","geometry":{"type":"Point","coordinates":[29.086685,40.984409]},"properties":{"id":"P0383","kategori":"cami","ad":"Arapgirli Hüseyin Avni Efendi Cami","kaynak":"osm","osm_id":"way/305511255","ilce":"Kadıköy","mahalle":"Sahrayıcedit Mahallesi"}},{"type":"Feature","geometry":{"type":"Point","coordinates":[29.047451,40.979812]},"properties":{"id":"P0384","kategori":"cami","ad":"Recai Yahya Camii","kaynak":"osm","osm_id":"way/1093125525","ilce":"Kadıköy","mahalle":"Feneryolu Mahallesi"}},{"type":"Feature","geometry":{"type":"Point","coordinates":[28.997603,41.078482]},"properties":{"id":"P0385","kategori":"cami","ad":"Gültepe camiİ","kaynak":"osm","osm_id":"way/410544769","ilce":"Kâğıthane","mahalle":"Telsizler Mahallesi"}},{"type":"Feature","geometry":{"type":"Point","coordinates":[28.966582,41.092921]},"properties":{"id":"P0386","kategori":"cami","ad":"Hamidiye Cami","kaynak":"osm","osm_id":"way/427613362","ilce":"Kâğıthane","mahalle":"Hamidiye Mahallesi"}},{"type":"Feature","geometry":{"type":"Point","coordinates":[28.962686,41.077804]},"properties":{"id":"P0387","kategori":"cami","ad":"Uhud Camii","kaynak":"osm","osm_id":"way/383957516","ilce":"Kâğıthane","mahalle":"Nurtepe Mahallesi"}},{"type":"Feature","geometry":{"type":"Point","coordinates":[28.979116,41.090678]},"properties":{"id":"P0388","kategori":"cami","ad":"İmam-ı Gazali Camii","kaynak":"osm","osm_id":"way/383957521","ilce":"Kâğıthane","mahalle":"Hamidiye Mahallesi"}},{"type":"Feature","geometry":{"type":"Point","coordinates":[28.952328,41.062911]},"properties":{"id":"P0389","kategori":"cami","ad":"Mehmet Akif Ersoy Camii","kaynak":"osm","osm_id":"way/305848150","ilce":"Kâğıthane","mahalle":"Mehmet Akif Ersoy Mahallesi"}},{"type":"Feature","geometry":{"type":"Point","coordinates":[28.969307,41.06959]},"properties":{"id":"P0390","kategori":"cami","ad":"Huzur Camii","kaynak":"osm","osm_id":"way/498861931","ilce":"Kâğıthane","mahalle":"Gürsel Mahallesi"}},{"type":"Feature","geometry":{"type":"Point","coordinates":[29.186232,40.88889]},"properties":{"id":"P0391","kategori":"cami","ad":"Kartal Merkez Camii","kaynak":"osm","osm_id":"way/1263746655","ilce":"Kartal","mahalle":"Kordonboyu Mahallesi"}},{"type":"Feature","geometry":{"type":"Point","coordinates":[29.215289,40.940707]},"properties":{"id":"P0392","kategori":"cami","ad":"Çamlık Şehitler Camii","kaynak":"osm","osm_id":"way/548709006","ilce":"Kartal","mahalle":"Uğur Mumcu Mahallesi"}},{"type":"Feature","geometry":{"type":"Point","coordinates":[29.204294,40.901492]},"properties":{"id":"P0393","kategori":"cami","ad":"Yavuz Sultan Devlet Hastanesi Mescidi","kaynak":"osm","osm_id":"way/657222682","ilce":"Kartal","mahalle":"Esentepe Mahallesi"}},{"type":"Feature","geometry":{"type":"Point","coordinates":[29.199322,40.91677]},"properties":{"id":"P0394","kategori":"cami","ad":"Soğanlık Merkez Camii","kaynak":"osm","osm_id":"way/388713295","ilce":"Kartal","mahalle":"Soğanlık Yeni Mahallesi"}},{"type":"Feature","geometry":{"type":"Point","coordinates":[29.214848,40.929137]},"properties":{"id":"P0395","kategori":"cami","ad":"Yunus Emre Camii","kaynak":"osm","osm_id":"way/544607961","ilce":"Kartal","mahalle":"Uğur Mumcu Mahallesi"}},{"type":"Feature","geometry":{"type":"Point","coordinates":[29.218401,40.907754]},"properties":{"id":"P0396","kategori":"cami","ad":"Şeyh Edebali Camii","kaynak":"osm","osm_id":"way/629801663","ilce":"Kartal","mahalle":"Cumhuriyet Mahallesi"}},{"type":"Feature","geometry":{"type":"Point","coordinates":[28.770619,40.991541]},"properties":{"id":"P0397","kategori":"cami","ad":"Fatih Camii, Küçükçekmece","kaynak":"osm","osm_id":"way/1377155301","ilce":"Küçükçekmece","mahalle":"Fatih Mahallesi"}},{"type":"Feature","geometry":{"type":"Point","coordinates":[28.798474,41.012181]},"properties":{"id":"P0398","kategori":"cami","ad":"Kazım Bektaş Camii","kaynak":"osm","osm_id":"way/301248244","ilce":"Küçükçekmece","mahalle":"Tevfikbey Mahallesi"}},{"type":"Feature","geometry":{"type":"Point","coordinates":[28.781706,41.018208]},"properties":{"id":"P0399","kategori":"cami","ad":"Akşemsettin Camii","kaynak":"osm","osm_id":"way/316772935","ilce":"Küçükçekmece","mahalle":"Kanarya Mahallesi"}},{"type":"Feature","geometry":{"type":"Point","coordinates":[28.787336,41.036225]},"properties":{"id":"P0400","kategori":"cami","ad":"Halkalı Merkez Camii","kaynak":"osm","osm_id":"way/316650288","ilce":"Küçükçekmece","mahalle":"Halkalı Merkez Mahallesi"}},{"type":"Feature","geometry":{"type":"Point","coordinates":[28.792307,40.995279]},"properties":{"id":"P0401","kategori":"cami","ad":"Sefaköy Gültepe Fatih Cami","kaynak":"osm","osm_id":"way/301902638","ilce":"Küçükçekmece","mahalle":"Gültepe Mahallesi"}},{"type":"Feature","geometry":{"type":"Point","coordinates":[28.801354,41.055033]},"properties":{"id":"P0402","kategori":"cami","ad":"Şenevler Camii","kaynak":"osm","osm_id":"way/304053634","ilce":"Küçükçekmece","mahalle":"Mehmet Akif Mahallesi"}},{"type":"Feature","geometry":{"type":"Point","coordinates":[29.123423,40.965611]},"properties":{"id":"P0403","kategori":"cami","ad":"Fındıklı Merkez Camii","kaynak":"osm","osm_id":"way/711671842","ilce":"Maltepe","mahalle":"Fındıklı Mahallesi"}},{"type":"Feature","geometry":{"type":"Point","coordinates":[29.109219,40.947269]},"properties":{"id":"P0404","kategori":"cami","ad":"Küçükyalı Merkez Cami","kaynak":"osm","osm_id":"way/499316050","ilce":"Maltepe","mahalle":"Küçükyalı Merkez Mahallesi"}},{"type":"Feature","geometry":{"type":"Point","coordinates":[29.146511,40.935069]},"properties":{"id":"P0405","kategori":"cami","ad":"Narlıdere Cami","kaynak":"osm","osm_id":"way/454187426","ilce":"Maltepe","mahalle":"Zümrütevler Mahallesi"}},{"type":"Feature","geometry":{"type":"Point","coordinates":[29.14724,40.955703]},"properties":{"id":"P0406","kategori":"cami","ad":"Fahri Kasapoğlu Cami","kaynak":"osm","osm_id":"way/278635192","ilce":"Maltepe","mahalle":"Başıbüyük Mahallesi"}},{"type":"Feature","geometry":{"type":"Point","coordinates":[29.123272,40.923884]},"properties":{"id":"P0407","kategori":"cami","ad":"15 Temmuz Şehitleri Camii","kaynak":"osm","osm_id":"way/957567563","ilce":"Maltepe","mahalle":"Yalı Mahallesi"}},{"type":"Feature","geometry":{"type":"Point","coordinates":[29.285784,40.912132]},"properties":{"id":"P0408","kategori":"cami","ad":"Hilal Konutlari Camii","kaynak":"osm","osm_id":"way/327651471","ilce":"Pendik","mahalle":"Şeyhli Mahallesi"}},{"type":"Feature","geometry":{"type":"Point","coordinates":[29.287449,40.885383]},"properties":{"id":"P0409","kategori":"cami","ad":"Şirintepe Camii","kaynak":"osm","osm_id":"way/302562758","ilce":"Pendik","mahalle":"Kavakpınar Mahallesi"}},{"type":"Feature","geometry":{"type":"Point","coordinates":[29.246868,40.892272]},"properties":{"id":"P0410","kategori":"cami","ad":"Dolayoba Ulu Camii","kaynak":"osm","osm_id":"way/684757635","ilce":"Pendik","mahalle":"Dumlupınar Mahallesi"}},{"type":"Feature","geometry":{"type":"Point","coordinates":[29.254802,40.918736]},"properties":{"id":"P0411","kategori":"cami","ad":"Çamlık Merkez Cami","kaynak":"osm","osm_id":"way/305826763","ilce":"Pendik","mahalle":"Ertuğrul Gazi Mahallesi"}},{"type":"Feature","geometry":{"type":"Point","coordinates":[29.285024,40.856622]},"properties":{"id":"P0412","kategori":"cami","ad":"Hafız Kaplan Camii","kaynak":"osm","osm_id":"way/491445405","ilce":"Pendik","mahalle":"Güzelyalı Mahallesi"}},{"type":"Feature","geometry":{"type":"Point","coordinates":[29.360458,41.012213]},"properties":{"id":"P0413","kategori":"cami","ad":"Kurtdoğmuş Mahallesi Camii","kaynak":"osm","osm_id":"way/528302639","ilce":"Pendik","mahalle":"Kurtdoğmuş Mahallesi"}},{"type":"Feature","geometry":{"type":"Point","coordinates":[29.321562,40.935101]},"properties":{"id":"P0414","kategori":"cami","ad":"Tahir Ekşioğlu Kardeşler Camii","kaynak":"osm","osm_id":"way/316369407","ilce":"Pendik","mahalle":"Harmandere Mahallesi"}},{"type":"Feature","geometry":{"type":"Point","coordinates":[29.458792,40.980086]},"properties":{"id":"P0415","kategori":"cami","ad":"Göçbeyli Merkez Camii","kaynak":"osm","osm_id":"way/689056417","ilce":"Pendik","mahalle":"Göçbeyli Mahallesi"}},{"type":"Feature","geometry":{"type":"Point","coordinates":[29.278335,41.018143]},"properties":{"id":"P0416","kategori":"cami","ad":"Paşaköy Merkez Camii","kaynak":"osm","osm_id":"way/439365742","ilce":"Sancaktepe","mahalle":"Paşaköy Mahallesi"}},{"type":"Feature","geometry":{"type":"Point","coordinates":[29.222615,41.000248]},"properties":{"id":"P0417","kategori":"cami","ad":"Samandıra Halilurrahman Camii","kaynak":"osm","osm_id":"way/499614708","ilce":"Sancaktepe","mahalle":"Abdurrahmangazi Mahallesi"}},{"type":"Feature","geometry":{"type":"Point","coordinates":[29.192182,41.01014]},"properties":{"id":"P0418","kategori":"cami","ad":"Madenler Mevlana Camii","kaynak":"osm","osm_id":"way/547522324","ilce":"Sancaktepe","mahalle":"Meclis Mahallesi"}},{"type":"Feature","geometry":{"type":"Point","coordinates":[29.236823,40.972584]},"properties":{"id":"P0419","kategori":"cami","ad":"Akşemsettin","kaynak":"osm","osm_id":"way/304049499","ilce":"Sancaktepe","mahalle":"Akpınar Mahallesi"}},{"type":"Feature","geometry":{"type":"Point","coordinates":[29.261455,41.007312]},"properties":{"id":"P0420","kategori":"cami","ad":"Hz. Ebubekir Camii","kaynak":"osm","osm_id":"way/571661736","ilce":"Sancaktepe","mahalle":"Mevlana Mahallesi"}},{"type":"Feature","geometry":{"type":"Point","coordinates":[29.04642,41.091895]},"properties":{"id":"P0421","kategori":"cami","ad":"Baltalimanı Taşocakları Camii","kaynak":"osm","osm_id":"way/310249875","ilce":"Sarıyer","mahalle":"Baltalimanı Mahallesi"}},{"type":"Feature","geometry":{"type":"Point","coordinates":[29.031346,41.11377]},"properties":{"id":"P0422","kategori":"cami","ad":"Osman Kabil Camii","kaynak":"osm","osm_id":"way/631109334","ilce":"Sarıyer","mahalle":"Pınar Mahallesi"}},{"type":"Feature","geometry":{"type":"Point","coordinates":[29.043048,41.160382]},"properties":{"id":"P0423","kategori":"cami","ad":"Büyükdere Camii","kaynak":"osm","osm_id":"way/1322138208","ilce":"Sarıyer","mahalle":"Büyükdere Mahallesi"}},{"type":"Feature","geometry":{"type":"Point","coordinates":[28.966968,41.187872]},"properties":{"id":"P0424","kategori":"cami","ad":"Mescit","kaynak":"osm","osm_id":"way/979576273","ilce":"Sarıyer","mahalle":"Bahçeköy Merkez Mahallesi"}},{"type":"Feature","geometry":{"type":"Point","coordinates":[29.028657,41.196906]},"properties":{"id":"P0425","kategori":"cami","ad":"Zekeriyaköy Camii","kaynak":"osm","osm_id":"way/1250251972","ilce":"Sarıyer","mahalle":"Zekeriyaköy Mahallesi"}},{"type":"Feature","geometry":{"type":"Point","coordinates":[29.073691,41.181923]},"properties":{"id":"P0426","kategori":"cami","ad":"Rumeli Kavağı Ulu Camii","kaynak":"osm","osm_id":"node/6927983385","ilce":"Sarıyer","mahalle":"Rumelikavağı Mahallesi"}},{"type":"Feature","geometry":{"type":"Point","coordinates":[29.111552,41.233764]},"properties":{"id":"P0427","kategori":"cami","ad":"Rumelifeneri Yeni Cami","kaynak":"osm","osm_id":"way/498348921","ilce":"Sarıyer","mahalle":"Rumelifeneri Mahallesi"}},{"type":"Feature","geometry":{"type":"Point","coordinates":[29.842311,41.13135]},"properties":{"id":"P0428","kategori":"cami","ad":"Yakuplu Mahallesi Camii","kaynak":"osm","osm_id":"way/642695433","ilce":"Şile","mahalle":"Ağva Merkez Mahallesi"}},{"type":"Feature","geometry":{"type":"Point","coordinates":[29.436114,41.079589]},"properties":{"id":"P0429","kategori":"cami","ad":"Kömürlük Mahallesi Yeni Camii","kaynak":"osm","osm_id":"way/308009006","ilce":"Şile","mahalle":"Kömürlük Mahallesi"}},{"type":"Feature","geometry":{"type":"Point","coordinates":[29.575276,41.043202]},"properties":{"id":"P0430","kategori":"cami","ad":"Darlık Köyü Camii","kaynak":"osm","osm_id":"way/688903209","ilce":"Şile","mahalle":"Darlık Mahallesi"}},{"type":"Feature","geometry":{"type":"Point","coordinates":[29.798919,41.074882]},"properties":{"id":"P0431","kategori":"cami","ad":"Çataklı Köyü Camii","kaynak":"osm","osm_id":"way/529679099","ilce":"Şile","mahalle":"Çataklı Mahallesi"}},{"type":"Feature","geometry":{"type":"Point","coordinates":[29.515794,41.087035]},"properties":{"id":"P0432","kategori":"cami","ad":"Ulupelit Mahallesi Camii","kaynak":"osm","osm_id":"way/1242826265","ilce":"Şile","mahalle":"Ulupelit Mahallesi"}},{"type":"Feature","geometry":{"type":"Point","coordinates":[28.367202,41.053727]},"properties":{"id":"P0433","kategori":"cami","ad":"Selimpaşa Tarihi Eski Camii","kaynak":"osm","osm_id":"way/1277933485","ilce":"Silivri","mahalle":"Selimpaşa Mahallesi"}},{"type":"Feature","geometry":{"type":"Point","coordinates":[28.144819,41.280927]},"properties":{"id":"P0434","kategori":"cami","ad":"Çayırdere Merkez Camii","kaynak":"osm","osm_id":"way/317478900","ilce":"Silivri","mahalle":"Çayırdere Mahallesi"}},{"type":"Feature","geometry":{"type":"Point","coordinates":[28.14715,41.074337]},"properties":{"id":"P0435","kategori":"cami","ad":"Cami","kaynak":"osm","osm_id":"way/257762708","ilce":"Silivri","mahalle":"Semizkumlar Mahallesi"}},{"type":"Feature","geometry":{"type":"Point","coordinates":[28.015948,41.093632]},"properties":{"id":"P0436","kategori":"cami","ad":"Değirmenköy Yeni Camii","kaynak":"osm","osm_id":"way/324745875","ilce":"Silivri","mahalle":"Değirmenköy Fevzipaşa Mahallesi"}},{"type":"Feature","geometry":{"type":"Point","coordinates":[28.245557,41.073486]},"properties":{"id":"P0437","kategori":"cami","ad":"Piri Mehmet Paşa Camisi","kaynak":"osm","osm_id":"way/257761041","ilce":"Silivri","mahalle":"Piri Mehmet Paşa Mahallesi"}},{"type":"Feature","geometry":{"type":"Point","coordinates":[28.965937,41.049851]},"properties":{"id":"P0438","kategori":"cami","ad":"Cami","kaynak":"osm","osm_id":"way/106746573","ilce":"Şişli","mahalle":"Mahmut Şevket Paşa Mahallesi"}},{"type":"Feature","geometry":{"type":"Point","coordinates":[28.976056,41.062486]},"properties":{"id":"P0439","kategori":"cami","ad":"Ciftecevizler Camii","kaynak":"osm","osm_id":"way/302393021","ilce":"Şişli","mahalle":"Halide Edip Adıvar Mahallesi"}},{"type":"Feature","geometry":{"type":"Point","coordinates":[28.968441,41.057709]},"properties":{"id":"P0440","kategori":"cami","ad":"Halil Rıfat Paşa Cami","kaynak":"osm","osm_id":"way/301906886","ilce":"Şişli","mahalle":"Halil Rıfat Paşa Mahallesi"}},{"type":"Feature","geometry":{"type":"Point","coordinates":[28.997143,41.072676]},"properties":{"id":"P0441","kategori":"cami","ad":"Osman Sağnak Camii","kaynak":"osm","osm_id":"way/219346243","ilce":"Şişli","mahalle":"Mecidiyeköy Mahallesi"}},{"type":"Feature","geometry":{"type":"Point","coordinates":[29.281938,40.947601]},"properties":{"id":"P0442","kategori":"cami","ad":"Hazreti Halid Bin Velid Cami","kaynak":"osm","osm_id":"way/302558994","ilce":"Sultanbeyli","mahalle":"Yavuz Selim Mahallesi"}},{"type":"Feature","geometry":{"type":"Point","coordinates":[29.263474,40.990608]},"properties":{"id":"P0443","kategori":"cami","ad":"Anadolu Camii","kaynak":"osm","osm_id":"way/403602960","ilce":"Sultanbeyli","mahalle":"Mimar Sinan Mahallesi"}},{"type":"Feature","geometry":{"type":"Point","coordinates":[29.249911,40.968496]},"properties":{"id":"P0444","kategori":"cami","ad":"Mescid-i Aksa Camii","kaynak":"osm","osm_id":"way/308029531","ilce":"Sultanbeyli","mahalle":"Hasanpaşa Mahallesi"}},{"type":"Feature","geometry":{"type":"Point","coordinates":[29.298697,40.962195]},"properties":{"id":"P0445","kategori":"cami","ad":"Buhara Camii","kaynak":"osm","osm_id":"way/534268437","ilce":"Sultanbeyli","mahalle":"Mecidiye Mahallesi"}},{"type":"Feature","geometry":{"type":"Point","coordinates":[29.267751,40.973359]},"properties":{"id":"P0446","kategori":"cami","ad":"Ahmet Yesevi Camii","kaynak":"osm","osm_id":"way/403602955","ilce":"Sultanbeyli","mahalle":"Ahmet Yesevi Mahallesi"}},{"type":"Feature","geometry":{"type":"Point","coordinates":[29.301604,40.953123]},"properties":{"id":"P0447","kategori":"cami","ad":"Sİnan Camii","kaynak":"osm","osm_id":"way/439365749","ilce":"Sultanbeyli","mahalle":"Mecidiye Mahallesi"}},{"type":"Feature","geometry":{"type":"Point","coordinates":[29.280965,40.966011]},"properties":{"id":"P0448","kategori":"cami","ad":"Bağlar Medine Cami","kaynak":"osm","osm_id":"way/403602953","ilce":"Sultanbeyli","mahalle":"Turgut Reis Mahallesi"}},{"type":"Feature","geometry":{"type":"Point","coordinates":[28.856804,41.107613]},"properties":{"id":"P0449","kategori":"cami","ad":"Hülafa-yi Raşidin Cami","kaynak":"osm","osm_id":"way/309183486","ilce":"Sultangazi","mahalle":"İsmetpaşa Mahallesi"}},{"type":"Feature","geometry":{"type":"Point","coordinates":[28.871464,41.089565]},"properties":{"id":"P0450","kategori":"cami","ad":"Fevzi Çakmak Camii","kaynak":"osm","osm_id":"way/702259106","ilce":"Sultangazi","mahalle":"50. Yıl Mahallesi"}},{"type":"Feature","geometry":{"type":"Point","coordinates":[28.831913,41.133837]},"properties":{"id":"P0451","kategori":"cami","ad":"Habipler Mahç Camii","kaynak":"osm","osm_id":"way/498377626","ilce":"Sultangazi","mahalle":"Eski Habipler Mahallesi"}},{"type":"Feature","geometry":{"type":"Point","coordinates":[28.893487,41.099208]},"properties":{"id":"P0452","kategori":"cami","ad":"Yunus Emre Mahallesi Camii","kaynak":"osm","osm_id":"way/312729754","ilce":"Sultangazi","mahalle":"Yunus Emre Mahallesi"}},{"type":"Feature","geometry":{"type":"Point","coordinates":[28.864421,41.14498]},"properties":{"id":"P0453","kategori":"cami","ad":"Çimen Camii","kaynak":"osm","osm_id":"way/1264573913","ilce":"Sultangazi","mahalle":"Yayla Mahallesi"}},{"type":"Feature","geometry":{"type":"Point","coordinates":[29.301461,40.851197]},"properties":{"id":"P0454","kategori":"cami","ad":"Yavuzevler Camii","kaynak":"osm","osm_id":"way/637830567","ilce":"Tuzla","mahalle":"Aydıntepe Mahallesi"}},{"type":"Feature","geometry":{"type":"Point","coordinates":[29.350533,40.880573]},"properties":{"id":"P0455","kategori":"cami","ad":"Deri Sanayi Cami","kaynak":"osm","osm_id":"way/31552400","ilce":"Tuzla","mahalle":"Orhanlı Mahallesi"}},{"type":"Feature","geometry":{"type":"Point","coordinates":[29.34173,40.928176]},"properties":{"id":"P0456","kategori":"cami","ad":"Şehit Mustafa Hasanoğlu Camii","kaynak":"osm","osm_id":"way/688464295","ilce":"Tuzla","mahalle":"Fatih Mahallesi"}},{"type":"Feature","geometry":{"type":"Point","coordinates":[29.374985,40.907221]},"properties":{"id":"P0457","kategori":"cami","ad":"Akşemsettin Camii","kaynak":"osm","osm_id":"way/688476030","ilce":"Tuzla","mahalle":"Anadolu Mahallesi"}},{"type":"Feature","geometry":{"type":"Point","coordinates":[29.363127,40.837303]},"properties":{"id":"P0458","kategori":"cami","ad":"Hz. İmam Muhammed Mehdi A.S. Camii","kaynak":"osm","osm_id":"way/632191720","ilce":"Tuzla","mahalle":"Mimar Sinan Mahallesi"}},{"type":"Feature","geometry":{"type":"Point","coordinates":[29.123456,41.019843]},"properties":{"id":"P0459","kategori":"cami","ad":"Çakmak Çarşı Camii","kaynak":"osm","osm_id":"way/462362564","ilce":"Ümraniye","mahalle":"Çakmak Mahallesi"}},{"type":"Feature","geometry":{"type":"Point","coordinates":[29.166387,41.023412]},"properties":{"id":"P0460","kategori":"cami","ad":"Bedir Camii","kaynak":"osm","osm_id":"way/1317558602","ilce":"Ümraniye","mahalle":"Aşağı Dudullu Mahallesi"}},{"type":"Feature","geometry":{"type":"Point","coordinates":[29.11111,41.036697]},"properties":{"id":"P0461","kategori":"cami","ad":"Cami","kaynak":"osm","osm_id":"way/315889372","ilce":"Ümraniye","mahalle":"İnkılap Mahallesi"}},{"type":"Feature","geometry":{"type":"Point","coordinates":[29.114778,41.001346]},"properties":{"id":"P0462","kategori":"cami","ad":"Osmangazi Camii","kaynak":"osm","osm_id":"way/436659640","ilce":"Ümraniye","mahalle":"Finanskent Mahallesi"}},{"type":"Feature","geometry":{"type":"Point","coordinates":[29.148104,41.027992]},"properties":{"id":"P0463","kategori":"cami","ad":"İmam-ı Şafi Camii","kaynak":"osm","osm_id":"way/502609413","ilce":"Ümraniye","mahalle":"Cemil Meriç Mahallesi"}},{"type":"Feature","geometry":{"type":"Point","coordinates":[29.174852,41.009434]},"properties":{"id":"P0464","kategori":"cami","ad":"Hacı Ferhat Nasır Cami","kaynak":"osm","osm_id":"way/439364060","ilce":"Ümraniye","mahalle":"Esenşehir Mahallesi"}},{"type":"Feature","geometry":{"type":"Point","coordinates":[29.161786,41.002308]},"properties":{"id":"P0465","kategori":"cami","ad":"İmes Cami","kaynak":"osm","osm_id":"way/308022122","ilce":"Ümraniye","mahalle":"Dudullu OSB Mahallesi"}},{"type":"Feature","geometry":{"type":"Point","coordinates":[29.147122,41.00019]},"properties":{"id":"P0466","kategori":"cami","ad":"Hacı İsmail ve Zehra Alkılıç Camii","kaynak":"osm","osm_id":"way/1158357628","ilce":"Ümraniye","mahalle":"Şerifali Mahallesi"}},{"type":"Feature","geometry":{"type":"Point","coordinates":[29.016776,41.018646]},"properties":{"id":"P0467","kategori":"cami","ad":"Malatyalı İsmail Ağa Camii","kaynak":"osm","osm_id":"way/733805502","ilce":"Üsküdar","mahalle":"Ahmediye Mahallesi"}},{"type":"Feature","geometry":{"type":"Point","coordinates":[29.052522,41.03577]},"properties":{"id":"P0468","kategori":"cami","ad":"Yeşil Bostan Camii","kaynak":"osm","osm_id":"way/237686845","ilce":"Üsküdar","mahalle":"Küplüce Mahallesi"}},{"type":"Feature","geometry":{"type":"Point","coordinates":[29.075672,41.045942]},"properties":{"id":"P0469","kategori":"cami","ad":"Birlik Camii","kaynak":"osm","osm_id":"way/314238796","ilce":"Üsküdar","mahalle":"Mehmet Akif Ersoy Mahallesi"}},{"type":"Feature","geometry":{"type":"Point","coordinates":[29.068058,41.057721]},"properties":{"id":"P0470","kategori":"cami","ad":"Talimhane Cami","kaynak":"osm","osm_id":"way/1418530951","ilce":"Üsküdar","mahalle":"Çengelköy Mahallesi"}},{"type":"Feature","geometry":{"type":"Point","coordinates":[29.029246,41.019896]},"properties":{"id":"P0471","kategori":"cami","ad":"Çinili Cami","kaynak":"osm","osm_id":"way/238027309","ilce":"Üsküdar","mahalle":"Valide-i Atik Mahallesi"}},{"type":"Feature","geometry":{"type":"Point","coordinates":[29.077144,41.025661]},"properties":{"id":"P0472","kategori":"cami","ad":"Yücedal Camii","kaynak":"osm","osm_id":"way/462516729","ilce":"Üsküdar","mahalle":"Kısıklı Mahallesi"}},{"type":"Feature","geometry":{"type":"Point","coordinates":[29.054771,41.050916]},"properties":{"id":"P0473","kategori":"cami","ad":"Kerime Hatun Camii","kaynak":"osm","osm_id":"way/1321443564","ilce":"Üsküdar","mahalle":"Çengelköy Mahallesi"}},{"type":"Feature","geometry":{"type":"Point","coordinates":[29.066692,41.07106]},"properties":{"id":"P0474","kategori":"cami","ad":"Nuri Cıngıllıoğlu Camii","kaynak":"osm","osm_id":"way/1321857964","ilce":"Üsküdar","mahalle":"Küçüksu Mahallesi"}},{"type":"Feature","geometry":{"type":"Point","coordinates":[29.025483,41.010794]},"properties":{"id":"P0475","kategori":"cami","ad":"Şehitlik Camii","kaynak":"osm","osm_id":"way/936361269","ilce":"Üsküdar","mahalle":"Barbaros Mahallesi"}},{"type":"Feature","geometry":{"type":"Point","coordinates":[29.062101,41.001145]},"properties":{"id":"P0476","kategori":"cami","ad":"Ünalan Mahallesi Kuba Camii","kaynak":"osm","osm_id":"way/307998535","ilce":"Üsküdar","mahalle":"Ünalan Mahallesi"}},{"type":"Feature","geometry":{"type":"Point","coordinates":[28.905063,40.984377]},"properties":{"id":"P0477","kategori":"cami","ad":"Cemal Akbalık Camii","kaynak":"osm","osm_id":"way/1204469161","ilce":"Zeytinburnu","mahalle":"Kazlıçeşme Mahallesi"}},{"type":"Feature","geometry":{"type":"Point","coordinates":[28.893246,40.989429]},"properties":{"id":"P0478","kategori":"cami","ad":"Bozkurt Camii","kaynak":"osm","osm_id":"way/559449145","ilce":"Zeytinburnu","mahalle":"Sümer Mahallesi"}},{"type":"Feature","geometry":{"type":"Point","coordinates":[28.910025,41.022365]},"properties":{"id":"P0479","kategori":"cami","ad":"Gümüşsuyu Camii","kaynak":"osm","osm_id":"way/546785616","ilce":"Zeytinburnu","mahalle":"Maltepe Mahallesi"}},{"type":"Feature","geometry":{"type":"Point","coordinates":[28.89482,40.998656]},"properties":{"id":"P0480","kategori":"cami","ad":"Selvili Çınar Cami","kaynak":"osm","osm_id":"way/1352379060","ilce":"Zeytinburnu","mahalle":"Çırpıcı Mahallesi"}},{"type":"Feature","geometry":{"type":"Point","coordinates":[28.748363,41.265329]},"properties":{"id":"P0481","kategori":"doviz","ad":"global exchange","kaynak":"osm","osm_id":"node/11200644979","ilce":"Arnavutköy","mahalle":"Yeniköy Mahallesi"}},{"type":"Feature","geometry":{"type":"Point","coordinates":[29.131756,40.9818]},"properties":{"id":"P0482","kategori":"doviz","ad":"Bereket Döviz","kaynak":"osm","osm_id":"node/9498241828","ilce":"Ataşehir","mahalle":"Küçükbakkalköy Mahallesi"}},{"type":"Feature","geometry":{"type":"Point","coordinates":[28.722296,40.981131]},"properties":{"id":"P0483","kategori":"doviz","ad":"Pundi X Avcılar - Crypto Exchange","kaynak":"osm","osm_id":"node/10718796714","ilce":"Avcılar","mahalle":"Merkez Mahallesi"}},{"type":"Feature","geometry":{"type":"Point","coordinates":[28.858311,41.034529]},"properties":{"id":"P0484","kategori":"doviz","ad":"Döviz","kaynak":"osm","osm_id":"node/5667722105","ilce":"Bağcılar","mahalle":"Çınar Mahallesi"}},{"type":"Feature","geometry":{"type":"Point","coordinates":[28.838365,41.054148]},"properties":{"id":"P0485","kategori":"doviz","ad":"KOZA DÖVIZ","kaynak":"osm","osm_id":"node/5667674992","ilce":"Bağcılar","mahalle":"Fatih Mahallesi"}},{"type":"Feature","geometry":{"type":"Point","coordinates":[28.859816,41.002879]},"properties":{"id":"P0486","kategori":"doviz","ad":"Ulusu Döviz","kaynak":"osm","osm_id":"node/4430466297","ilce":"Bahçelievler","mahalle":"Bahçelievler Mahallesi"}},{"type":"Feature","geometry":{"type":"Point","coordinates":[28.874471,40.978991]},"properties":{"id":"P0487","kategori":"doviz","ad":"Mikro Döviz","kaynak":"osm","osm_id":"node/6383694284","ilce":"Bakırköy","mahalle":"Cevizlik Mahallesi"}},{"type":"Feature","geometry":{"type":"Point","coordinates":[28.80698,41.062735]},"properties":{"id":"P0488","kategori":"doviz","ad":null,"kaynak":"osm","osm_id":"node/13301215701","ilce":"Başakşehir","mahalle":"Ziya Gökalp Mahallesi"}},{"type":"Feature","geometry":{"type":"Point","coordinates":[28.911898,41.035898]},"properties":{"id":"P0489","kategori":"doviz","ad":"Mehmetler Döviz","kaynak":"osm","osm_id":"node/9141480660","ilce":"Bayrampaşa","mahalle":"Yenidoğan Mahallesi"}},{"type":"Feature","geometry":{"type":"Point","coordinates":[29.003646,41.043561]},"properties":{"id":"P0490","kategori":"doviz","ad":"Zirve Döviz","kaynak":"osm","osm_id":"node/6775524685","ilce":"Beşiktaş","mahalle":"Sinanpaşa Mahallesi"}},{"type":"Feature","geometry":{"type":"Point","coordinates":[29.093558,41.094574]},"properties":{"id":"P0491","kategori":"doviz","ad":"Koza Döviz","kaynak":"osm","osm_id":"node/4581492770","ilce":"Beykoz","mahalle":"Çubuklu Mahallesi"}},{"type":"Feature","geometry":{"type":"Point","coordinates":[28.985536,41.036575]},"properties":{"id":"P0492","kategori":"doviz","ad":"Plevne Döviz","kaynak":"osm","osm_id":"node/7626012877","ilce":"Beyoğlu","mahalle":"Gümüşsuyu Mahallesi"}},{"type":"Feature","geometry":{"type":"Point","coordinates":[28.976253,41.032375]},"properties":{"id":"P0493","kategori":"doviz","ad":"Günaydın Döviz","kaynak":"osm","osm_id":"node/5665685226","ilce":"Beyoğlu","mahalle":"Asmalı Mescit Mahallesi"}},{"type":"Feature","geometry":{"type":"Point","coordinates":[28.975143,41.024125]},"properties":{"id":"P0494","kategori":"doviz","ad":"Sayar","kaynak":"osm","osm_id":"node/6185937329","ilce":"Beyoğlu","mahalle":"Müeyyedzade Mahallesi"}},{"type":"Feature","geometry":{"type":"Point","coordinates":[28.983517,41.026742]},"properties":{"id":"P0495","kategori":"doviz","ad":"Çözüm Döviz","kaynak":"osm","osm_id":"node/13245401494","ilce":"Beyoğlu","mahalle":"Kılıçali Paşa Mahallesi"}},{"type":"Feature","geometry":{"type":"Point","coordinates":[28.983423,41.035826]},"properties":{"id":"P0496","kategori":"doviz","ad":"King Travel","kaynak":"osm","osm_id":"node/5666215777","ilce":"Beyoğlu","mahalle":"Katip Mustafa Çelebi Mahallesi"}},{"type":"Feature","geometry":{"type":"Point","coordinates":[28.580975,41.021332]},"properties":{"id":"P0497","kategori":"doviz","ad":"Öker Döviz","kaynak":"osm","osm_id":"node/6961666529","ilce":"Büyükçekmece","mahalle":"19 Mayıs Mahallesi"}},{"type":"Feature","geometry":{"type":"Point","coordinates":[28.460092,41.143488]},"properties":{"id":"P0498","kategori":"doviz","ad":"Yaşar Döviz","kaynak":"osm","osm_id":"node/10101012873","ilce":"Çatalca","mahalle":"Ferhatpaşa Mahallesi"}},{"type":"Feature","geometry":{"type":"Point","coordinates":[28.916328,41.08191]},"properties":{"id":"P0499","kategori":"doviz","ad":"Singer Döviz","kaynak":"osm","osm_id":"node/10104720038","ilce":"Eyüpsultan","mahalle":"Yeşilpınar Mahallesi"}},{"type":"Feature","geometry":{"type":"Point","coordinates":[28.967592,41.008905]},"properties":{"id":"P0500","kategori":"doviz","ad":"Beyazit Döviz","kaynak":"osm","osm_id":"node/3499019222","ilce":"Fatih","mahalle":"Molla Fenari Mahallesi"}},{"type":"Feature","geometry":{"type":"Point","coordinates":[28.979411,41.004948]},"properties":{"id":"P0501","kategori":"doviz","ad":"Özbar döviz","kaynak":"osm","osm_id":"node/9718412474","ilce":"Fatih","mahalle":"Cankurtaran Mahallesi"}},{"type":"Feature","geometry":{"type":"Point","coordinates":[28.947638,41.010192]},"properties":{"id":"P0502","kategori":"doviz","ad":"Iznik Doviz","kaynak":"osm","osm_id":"node/5075929056","ilce":"Fatih","mahalle":"Molla Gürani Mahallesi"}},{"type":"Feature","geometry":{"type":"Point","coordinates":[28.956013,41.012532]},"properties":{"id":"P0503","kategori":"doviz","ad":"Cengizler Döviz","kaynak":"osm","osm_id":"node/5106118277","ilce":"Fatih","mahalle":"Kemalpaşa Mahallesi"}},{"type":"Feature","geometry":{"type":"Point","coordinates":[28.97651,41.014204]},"properties":{"id":"P0504","kategori":"doviz","ad":"Sembol Döviz","kaynak":"osm","osm_id":"node/5108837442","ilce":"Fatih","mahalle":"Hocapaşa Mahallesi"}},{"type":"Feature","geometry":{"type":"Point","coordinates":[28.946275,41.020682]},"properties":{"id":"P0505","kategori":"doviz","ad":"Doviz","kaynak":"osm","osm_id":"node/5243949942","ilce":"Fatih","mahalle":"Akşemsettin Mahallesi"}},{"type":"Feature","geometry":{"type":"Point","coordinates":[28.951056,41.016725]},"properties":{"id":"P0506","kategori":"doviz","ad":"Semen döviz","kaynak":"osm","osm_id":"node/5113500803","ilce":"Fatih","mahalle":"Ali Kuşçu Mahallesi"}},{"type":"Feature","geometry":{"type":"Point","coordinates":[28.968921,41.016335]},"properties":{"id":"P0507","kategori":"doviz","ad":"Sancak Döviz","kaynak":"osm","osm_id":"node/5244795878","ilce":"Fatih","mahalle":"Tahtakale Mahallesi"}},{"type":"Feature","geometry":{"type":"Point","coordinates":[28.953835,41.007547]},"properties":{"id":"P0508","kategori":"doviz","ad":"Kiziroğlu Haşimioğlu","kaynak":"osm","osm_id":"node/5113128250","ilce":"Fatih","mahalle":"Mesihpaşa Mahallesi"}},{"type":"Feature","geometry":{"type":"Point","coordinates":[28.931804,41.003794]},"properties":{"id":"P0509","kategori":"doviz","ad":"mo-su 08:00-20:00","kaynak":"osm","osm_id":"node/5115933215","ilce":"Fatih","mahalle":"Koca Mustafapaşa Mahallesi"}},{"type":"Feature","geometry":{"type":"Point","coordinates":[28.933423,41.014474]},"properties":{"id":"P0510","kategori":"doviz","ad":"Funda Döviz","kaynak":"osm","osm_id":"node/5109654687","ilce":"Fatih","mahalle":"Şehremini Mahallesi"}},{"type":"Feature","geometry":{"type":"Point","coordinates":[28.967587,41.013567]},"properties":{"id":"P0511","kategori":"doviz","ad":"Ak Döviz","kaynak":"osm","osm_id":"node/5112739258","ilce":"Fatih","mahalle":"Mercan Mahallesi"}},{"type":"Feature","geometry":{"type":"Point","coordinates":[28.913277,41.058682]},"properties":{"id":"P0512","kategori":"doviz","ad":"Anadolu","kaynak":"osm","osm_id":"node/4569277998","ilce":"Gaziosmanpaşa","mahalle":"Merkez Mahallesi"}},{"type":"Feature","geometry":{"type":"Point","coordinates":[28.876585,41.015976]},"properties":{"id":"P0513","kategori":"doviz","ad":"Atılım Döviz","kaynak":"osm","osm_id":"node/3128898837","ilce":"Güngören","mahalle":"Merkez Mahallesi"}},{"type":"Feature","geometry":{"type":"Point","coordinates":[29.076489,40.97982]},"properties":{"id":"P0514","kategori":"doviz","ad":"Çimpaş Döviz","kaynak":"osm","osm_id":"node/9259642502","ilce":"Kadıköy","mahalle":"Erenköy Mahallesi"}},{"type":"Feature","geometry":{"type":"Point","coordinates":[29.094367,40.954778]},"properties":{"id":"P0515","kategori":"doviz","ad":"Kuroğlu Döviz","kaynak":"osm","osm_id":"node/7626319174","ilce":"Kadıköy","mahalle":"Bostancı Mahallesi"}},{"type":"Feature","geometry":{"type":"Point","coordinates":[28.973885,41.081591]},"properties":{"id":"P0516","kategori":"doviz","ad":"Okurlar Döviz","kaynak":"osm","osm_id":"node/9933684486","ilce":"Kâğıthane","mahalle":"Merkez Mahallesi"}},{"type":"Feature","geometry":{"type":"Point","coordinates":[28.779244,40.991743]},"properties":{"id":"P0517","kategori":"doviz","ad":"Topallıoğlu Döviz","kaynak":"osm","osm_id":"node/5825443453","ilce":"Küçükçekmece","mahalle":"Cennet Mahallesi"}},{"type":"Feature","geometry":{"type":"Point","coordinates":[29.131647,40.924346]},"properties":{"id":"P0518","kategori":"doviz","ad":"Çakmakçı Döviz","kaynak":"osm","osm_id":"node/4562265799","ilce":"Maltepe","mahalle":"Bağlarbaşı Mahallesi"}},{"type":"Feature","geometry":{"type":"Point","coordinates":[29.267734,40.878461]},"properties":{"id":"P0519","kategori":"doviz","ad":"Türker Sarrafiye","kaynak":"osm","osm_id":"node/14129085452","ilce":"Pendik","mahalle":"Fevzi Çakmak Mahallesi"}},{"type":"Feature","geometry":{"type":"Point","coordinates":[29.213902,41.008622]},"properties":{"id":"P0520","kategori":"doviz","ad":"Reel Döviz","kaynak":"osm","osm_id":"node/9907143646","ilce":"Sancaktepe","mahalle":"İnönü Mahallesi"}},{"type":"Feature","geometry":{"type":"Point","coordinates":[29.032446,41.110225]},"properties":{"id":"P0521","kategori":"doviz","ad":null,"kaynak":"osm","osm_id":"node/13300896001","ilce":"Sarıyer","mahalle":"Pınar Mahallesi"}},{"type":"Feature","geometry":{"type":"Point","coordinates":[28.984265,41.052447]},"properties":{"id":"P0522","kategori":"doviz","ad":"Alp Doviz","kaynak":"osm","osm_id":"node/4767637036","ilce":"Şişli","mahalle":"Duatepe Mahallesi"}},{"type":"Feature","geometry":{"type":"Point","coordinates":[29.270019,40.962993]},"properties":{"id":"P0523","kategori":"doviz","ad":"Alharam","kaynak":"osm","osm_id":"node/5329337927","ilce":"Sultanbeyli","mahalle":"Mehmet Akif Mahallesi"}},{"type":"Feature","geometry":{"type":"Point","coordinates":[28.863471,41.097116]},"properties":{"id":"P0524","kategori":"doviz","ad":null,"kaynak":"osm","osm_id":"node/13910125044","ilce":"Sultangazi","mahalle":"Uğur Mumcu Mahallesi"}},{"type":"Feature","geometry":{"type":"Point","coordinates":[29.317237,40.815923]},"properties":{"id":"P0525","kategori":"doviz","ad":"Viaport Marina ATM","kaynak":"osm","osm_id":"node/13301218304","ilce":"Tuzla","mahalle":"Cami Mahallesi"}},{"type":"Feature","geometry":{"type":"Point","coordinates":[29.100566,41.025]},"properties":{"id":"P0526","kategori":"doviz","ad":"Akgül Döviz Altın","kaynak":"osm","osm_id":"node/9143901219","ilce":"Ümraniye","mahalle":"Yamanevler Mahallesi"}},{"type":"Feature","geometry":{"type":"Point","coordinates":[29.016395,41.024236]},"properties":{"id":"P0527","kategori":"doviz","ad":"Dilrubam Döviz","kaynak":"osm","osm_id":"node/10209390124","ilce":"Üsküdar","mahalle":"Mimar Sinan Mahallesi"}},{"type":"Feature","geometry":{"type":"Point","coordinates":[28.903969,40.987493]},"properties":{"id":"P0528","kategori":"doviz","ad":"Kapalıçarşı Döviz","kaynak":"osm","osm_id":"node/12169687028","ilce":"Zeytinburnu","mahalle":"Nuripaşa Mahallesi"}},{"type":"Feature","geometry":{"type":"Point","coordinates":[28.904592,40.999689]},"properties":{"id":"P0529","kategori":"doviz","ad":"fettahaoğlu Döviz","kaynak":"osm","osm_id":"node/5667634517","ilce":"Zeytinburnu","mahalle":"Beştelsiz Mahallesi"}},{"type":"Feature","geometry":{"type":"Point","coordinates":[28.913815,41.021287]},"properties":{"id":"P0530","kategori":"doviz","ad":"Esra Döviz","kaynak":"osm","osm_id":"node/5667618796","ilce":"Zeytinburnu","mahalle":"Maltepe Mahallesi"}},{"type":"Feature","geometry":{"type":"Point","coordinates":[29.054761,40.910383]},"properties":{"id":"P0531","kategori":"eczane","ad":"Deniz Eczanesi","kaynak":"osm","osm_id":"node/4444438092","ilce":"Adalar","mahalle":"Kınalıada Mahallesi"}},{"type":"Feature","geometry":{"type":"Point","coordinates":[29.128295,40.874061]},"properties":{"id":"P0532","kategori":"eczane","ad":"Merkez Eczanesi","kaynak":"osm","osm_id":"node/14157450801","ilce":"Adalar","mahalle":"Nizam Mahallesi"}},{"type":"Feature","geometry":{"type":"Point","coordinates":[28.72825,41.19693]},"properties":{"id":"P0533","kategori":"eczane","ad":"Seren Eczanesi","kaynak":"osm","osm_id":"node/11799472970","ilce":"Arnavutköy","mahalle":"Nene hatun Mahallesi"}},{"type":"Feature","geometry":{"type":"Point","coordinates":[28.744681,41.262307]},"properties":{"id":"P0534","kategori":"eczane","ad":"Wellness Port Eczanesi","kaynak":"osm","osm_id":"node/11794955669","ilce":"Arnavutköy","mahalle":"İmrahor Mahallesi"}},{"type":"Feature","geometry":{"type":"Point","coordinates":[28.675575,41.302478]},"properties":{"id":"P0535","kategori":"eczane","ad":"Terkos Eczanesi","kaynak":"osm","osm_id":"node/11794955770","ilce":"Arnavutköy","mahalle":"Terkos Mahallesi"}},{"type":"Feature","geometry":{"type":"Point","coordinates":[28.654078,41.110933]},"properties":{"id":"P0536","kategori":"eczane","ad":"Derin Eczanesi","kaynak":"osm","osm_id":"node/11795301369","ilce":"Arnavutköy","mahalle":"Deliklikaya Mahallesi"}},{"type":"Feature","geometry":{"type":"Point","coordinates":[28.623892,41.156335]},"properties":{"id":"P0537","kategori":"eczane","ad":"Şirin Eczanesi","kaynak":"osm","osm_id":"node/6295997585","ilce":"Arnavutköy","mahalle":"Hadımköy Mahallesi"}},{"type":"Feature","geometry":{"type":"Point","coordinates":[29.144233,40.987385]},"properties":{"id":"P0538","kategori":"eczane","ad":"Botanik Eczanesi","kaynak":"osm","osm_id":"node/6961262374","ilce":"Ataşehir","mahalle":"Kayışdağı Mahallesi"}},{"type":"Feature","geometry":{"type":"Point","coordinates":[29.082739,40.995385]},"properties":{"id":"P0539","kategori":"eczane","ad":"Özdamar Eczanesi","kaynak":"osm","osm_id":"node/14188894102","ilce":"Ataşehir","mahalle":"Örnek Mahallesi"}},{"type":"Feature","geometry":{"type":"Point","coordinates":[29.094784,41.005016]},"properties":{"id":"P0540","kategori":"eczane","ad":"Mustafa Kemal Eczanesi","kaynak":"osm","osm_id":"node/4844328339","ilce":"Ataşehir","mahalle":"Aşıkveysel Mahallesi"}},{"type":"Feature","geometry":{"type":"Point","coordinates":[29.111206,40.979309]},"properties":{"id":"P0541","kategori":"eczane","ad":"Gazi Eczanesi","kaynak":"osm","osm_id":"node/4831449927","ilce":"Ataşehir","mahalle":"Küçükbakkalköy Mahallesi"}},{"type":"Feature","geometry":{"type":"Point","coordinates":[29.106497,40.967045]},"properties":{"id":"P0542","kategori":"eczane","ad":"Metro Bostancı Eczanesi","kaynak":"osm","osm_id":"node/8956725059","ilce":"Ataşehir","mahalle":"İçerenköy Mahallesi"}},{"type":"Feature","geometry":{"type":"Point","coordinates":[29.099652,40.986075]},"properties":{"id":"P0543","kategori":"eczane","ad":"Ataşehir Canan Eczanesi","kaynak":"osm","osm_id":"node/4831449932","ilce":"Ataşehir","mahalle":"Barbaros Mahallesi"}},{"type":"Feature","geometry":{"type":"Point","coordinates":[29.169376,40.987388]},"properties":{"id":"P0544","kategori":"eczane","ad":"Bal Eczanesi","kaynak":"osm","osm_id":"node/4440490090","ilce":"Ataşehir","mahalle":"Ferhatpaşa Mahallesi"}},{"type":"Feature","geometry":{"type":"Point","coordinates":[28.707171,40.982389]},"properties":{"id":"P0545","kategori":"eczane","ad":"Arden Eczanesi","kaynak":"osm","osm_id":"node/14180088001","ilce":"Avcılar","mahalle":"Cihangir Mahallesi"}},{"type":"Feature","geometry":{"type":"Point","coordinates":[28.710446,41.009085]},"properties":{"id":"P0546","kategori":"eczane","ad":"Büyük Eczanesi","kaynak":"osm","osm_id":"node/4460866515","ilce":"Avcılar","mahalle":"Firuzköy Mahallesi"}},{"type":"Feature","geometry":{"type":"Point","coordinates":[28.71479,41.057837]},"properties":{"id":"P0547","kategori":"eczane","ad":"Elif Karpuz Eczanesi","kaynak":"osm","osm_id":"node/4842130327","ilce":"Avcılar","mahalle":"Tahtakale Mahallesi"}},{"type":"Feature","geometry":{"type":"Point","coordinates":[28.687571,41.05515]},"properties":{"id":"P0548","kategori":"eczane","ad":"Göl Panorama","kaynak":"osm","osm_id":"node/10285851612","ilce":"Avcılar","mahalle":"Yeşilkent Mahallesi"}},{"type":"Feature","geometry":{"type":"Point","coordinates":[28.840829,41.044051]},"properties":{"id":"P0549","kategori":"eczane","ad":"Aysuna Eczanesi","kaynak":"osm","osm_id":"node/5057572223","ilce":"Bağcılar","mahalle":"Demirkapı Mahallesi"}},{"type":"Feature","geometry":{"type":"Point","coordinates":[28.831301,41.02794]},"properties":{"id":"P0550","kategori":"eczane","ad":"Gültepe Sibel Eczanesi","kaynak":"osm","osm_id":"node/5047367026","ilce":"Bağcılar","mahalle":"Hürriyet Mahallesi"}},{"type":"Feature","geometry":{"type":"Point","coordinates":[28.828377,41.04239]},"properties":{"id":"P0551","kategori":"eczane","ad":"Buğday Eczanesi","kaynak":"osm","osm_id":"node/4458863892","ilce":"Bağcılar","mahalle":"Güneşli Mahallesi"}},{"type":"Feature","geometry":{"type":"Point","coordinates":[28.868425,41.037411]},"properties":{"id":"P0552","kategori":"eczane","ad":"Eczane İğde","kaynak":"osm","osm_id":"node/5667723847","ilce":"Bağcılar","mahalle":"Çınar Mahallesi"}},{"type":"Feature","geometry":{"type":"Point","coordinates":[28.856293,41.021842]},"properties":{"id":"P0553","kategori":"eczane","ad":"Nihan Taşdemir Eczanesi","kaynak":"osm","osm_id":"node/5179441526","ilce":"Bağcılar","mahalle":"Yıldıztepe Mahallesi"}},{"type":"Feature","geometry":{"type":"Point","coordinates":[28.843309,41.0521]},"properties":{"id":"P0554","kategori":"eczane","ad":"Gülten Eczanesi","kaynak":"osm","osm_id":"node/4514772890","ilce":"Bağcılar","mahalle":"Fatih Mahallesi"}},{"type":"Feature","geometry":{"type":"Point","coordinates":[28.840627,41.034632]},"properties":{"id":"P0555","kategori":"eczane","ad":"Eczane ipek","kaynak":"osm","osm_id":"node/5667701611","ilce":"Bağcılar","mahalle":"Kirazlı Mahallesi"}},{"type":"Feature","geometry":{"type":"Point","coordinates":[28.868362,41.008011]},"properties":{"id":"P0556","kategori":"eczane","ad":"Gülsen Eczanesi","kaynak":"osm","osm_id":"node/4567267092","ilce":"Bahçelievler","mahalle":"Bahçelievler Mahallesi"}},{"type":"Feature","geometry":{"type":"Point","coordinates":[28.838901,41.002852]},"properties":{"id":"P0557","kategori":"eczane","ad":"Alev Eczanesi","kaynak":"osm","osm_id":"node/14184620901","ilce":"Bahçelievler","mahalle":"Hürriyet Mahallesi"}},{"type":"Feature","geometry":{"type":"Point","coordinates":[28.848931,41.004843]},"properties":{"id":"P0558","kategori":"eczane","ad":"İlhan Eczanesi","kaynak":"osm","osm_id":"node/14164745602","ilce":"Bahçelievler","mahalle":"Şirinevler Mahallesi"}},{"type":"Feature","geometry":{"type":"Point","coordinates":[28.858937,41.012758]},"properties":{"id":"P0559","kategori":"eczane","ad":"Enes Eczanesi","kaynak":"osm","osm_id":"node/4441191791","ilce":"Bahçelievler","mahalle":"Soğanlı Mahallesi"}},{"type":"Feature","geometry":{"type":"Point","coordinates":[28.824953,41.016047]},"properties":{"id":"P0560","kategori":"eczane","ad":"Altın Eczanesi","kaynak":"osm","osm_id":"node/4827740744","ilce":"Bahçelievler","mahalle":"Yenibosna Merkez Mahallesi"}},{"type":"Feature","geometry":{"type":"Point","coordinates":[28.821895,41.008833]},"properties":{"id":"P0561","kategori":"eczane","ad":"Hacer Eczanesi","kaynak":"osm","osm_id":"node/14162694102","ilce":"Bahçelievler","mahalle":"Yenibosna Merkez Mahallesi"}},{"type":"Feature","geometry":{"type":"Point","coordinates":[28.79473,40.979871]},"properties":{"id":"P0562","kategori":"eczane","ad":"İpek Eczanesi","kaynak":"osm","osm_id":"node/4439308591","ilce":"Bakırköy","mahalle":"Şenlikköy Mahallesi"}},{"type":"Feature","geometry":{"type":"Point","coordinates":[28.838948,40.963473]},"properties":{"id":"P0563","kategori":"eczane","ad":"Yeşilyurt Eczanesi","kaynak":"osm","osm_id":"node/4440584890","ilce":"Bakırköy","mahalle":"Yeşilyurt Mahallesi"}},{"type":"Feature","geometry":{"type":"Point","coordinates":[28.881354,40.980616]},"properties":{"id":"P0564","kategori":"eczane","ad":"As Eczanesi","kaynak":"osm","osm_id":"node/4455158592","ilce":"Bakırköy","mahalle":"Yenimahalle Mahallesi"}},{"type":"Feature","geometry":{"type":"Point","coordinates":[28.824602,40.96166]},"properties":{"id":"P0565","kategori":"eczane","ad":"Onur Eczanesi","kaynak":"osm","osm_id":"node/4706193390","ilce":"Bakırköy","mahalle":"Yeşilköy Mahallesi"}},{"type":"Feature","geometry":{"type":"Point","coordinates":[28.835294,40.991889]},"properties":{"id":"P0566","kategori":"eczane","ad":"Eczane Pozitif","kaynak":"osm","osm_id":"node/6285863585","ilce":"Bakırköy","mahalle":"Ataköy 7-8-9-10. Kısım Mahallesi"}},{"type":"Feature","geometry":{"type":"Point","coordinates":[28.810935,41.09031]},"properties":{"id":"P0567","kategori":"eczane","ad":"Salkım Eczanesi","kaynak":"osm","osm_id":"node/4449157589","ilce":"Başakşehir","mahalle":"Başak Mahallesi"}},{"type":"Feature","geometry":{"type":"Point","coordinates":[28.751136,41.086732]},"properties":{"id":"P0568","kategori":"eczane","ad":"Bayramtepe Eczanesi","kaynak":"osm","osm_id":"node/4813778223","ilce":"Başakşehir","mahalle":"Güvercintepe Mahallesi"}},{"type":"Feature","geometry":{"type":"Point","coordinates":[28.768591,41.120798]},"properties":{"id":"P0569","kategori":"eczane","ad":"Erin Eczanesi","kaynak":"osm","osm_id":"node/14148169701","ilce":"Başakşehir","mahalle":"Kayabaşı Mahallesi"}},{"type":"Feature","geometry":{"type":"Point","coordinates":[28.810171,41.114706]},"properties":{"id":"P0570","kategori":"eczane","ad":"Portakal Eczanesi","kaynak":"osm","osm_id":"node/11800313873","ilce":"Başakşehir","mahalle":"Başak Mahallesi"}},{"type":"Feature","geometry":{"type":"Point","coordinates":[28.733501,41.067149]},"properties":{"id":"P0571","kategori":"eczane","ad":"Beyza Eczanesi","kaynak":"osm","osm_id":"node/4842130122","ilce":"Başakşehir","mahalle":"Şahintepe Mahallesi"}},{"type":"Feature","geometry":{"type":"Point","coordinates":[28.887961,41.072]},"properties":{"id":"P0572","kategori":"eczane","ad":"Nazan","kaynak":"osm","osm_id":"node/4565639233","ilce":"Bayrampaşa","mahalle":"Cevatpaşa Mahallesi"}},{"type":"Feature","geometry":{"type":"Point","coordinates":[28.904743,41.049937]},"properties":{"id":"P0573","kategori":"eczane","ad":"Cemiyet Eczanesi","kaynak":"osm","osm_id":"node/4824759326","ilce":"Bayrampaşa","mahalle":"Muratpaşa Mahallesi"}},{"type":"Feature","geometry":{"type":"Point","coordinates":[28.902647,41.034139]},"properties":{"id":"P0574","kategori":"eczane","ad":"Yeni Rumeli Eczanesi","kaynak":"osm","osm_id":"node/4824754721","ilce":"Bayrampaşa","mahalle":"Terazidere Mahallesi"}},{"type":"Feature","geometry":{"type":"Point","coordinates":[28.897668,41.060959]},"properties":{"id":"P0575","kategori":"eczane","ad":"Liçina Eczanesi","kaynak":"osm","osm_id":"node/4825088122","ilce":"Bayrampaşa","mahalle":"Yıldırım Mahallesi"}},{"type":"Feature","geometry":{"type":"Point","coordinates":[29.028276,41.071503]},"properties":{"id":"P0576","kategori":"eczane","ad":"Şifa","kaynak":"osm","osm_id":"node/4044315492","ilce":"Beşiktaş","mahalle":"Nisbetiye Mahallesi"}},{"type":"Feature","geometry":{"type":"Point","coordinates":[29.006139,41.043613]},"properties":{"id":"P0577","kategori":"eczane","ad":"Büyük Beşiktaş Eczanesi","kaynak":"osm","osm_id":"node/4836199425","ilce":"Beşiktaş","mahalle":"Sinanpaşa Mahallesi"}},{"type":"Feature","geometry":{"type":"Point","coordinates":[29.043072,41.07738]},"properties":{"id":"P0578","kategori":"eczane","ad":"Bebek Eczanesi","kaynak":"osm","osm_id":"node/4448280589","ilce":"Beşiktaş","mahalle":"Bebek Mahallesi"}},{"type":"Feature","geometry":{"type":"Point","coordinates":[29.007462,41.056404]},"properties":{"id":"P0579","kategori":"eczane","ad":"Soley Eczanesi","kaynak":"osm","osm_id":"node/4477653089","ilce":"Beşiktaş","mahalle":"Dikilitaş Mahallesi"}},{"type":"Feature","geometry":{"type":"Point","coordinates":[29.012146,41.082785]},"properties":{"id":"P0580","kategori":"eczane","ad":"Levent Bal Eczanesi","kaynak":"osm","osm_id":"node/14162696301","ilce":"Beşiktaş","mahalle":"Levent Mahallesi"}},{"type":"Feature","geometry":{"type":"Point","coordinates":[29.10303,41.128201]},"properties":{"id":"P0581","kategori":"eczane","ad":"Boğaziçi Eczanesi","kaynak":"osm","osm_id":"node/11802067671","ilce":"Beykoz","mahalle":"Gümüşsuyu Mahallesi"}},{"type":"Feature","geometry":{"type":"Point","coordinates":[29.088484,41.081883]},"properties":{"id":"P0582","kategori":"eczane","ad":"Ersavaş Eczanesi","kaynak":"osm","osm_id":"node/14191624202","ilce":"Beykoz","mahalle":"Göztepe Mahallesi"}},{"type":"Feature","geometry":{"type":"Point","coordinates":[29.087399,41.144807]},"properties":{"id":"P0583","kategori":"eczane","ad":"Ortaçeşme Şifa Eczanesi","kaynak":"osm","osm_id":"node/11802074870","ilce":"Beykoz","mahalle":"Ortaçeşme Mahallesi"}},{"type":"Feature","geometry":{"type":"Point","coordinates":[28.626619,41.004993]},"properties":{"id":"P0584","kategori":"eczane","ad":"Park Eczanesi","kaynak":"osm","osm_id":"node/1932221992","ilce":"Beylikdüzü","mahalle":"Adnan Kahveci Mahallesi"}},{"type":"Feature","geometry":{"type":"Point","coordinates":[28.652193,41.009504]},"properties":{"id":"P0585","kategori":"eczane","ad":"Ab-ı Hayat Eczanesi","kaynak":"osm","osm_id":"node/14156273801","ilce":"Beylikdüzü","mahalle":"Barış Mahallesi"}},{"type":"Feature","geometry":{"type":"Point","coordinates":[28.613326,40.991664]},"properties":{"id":"P0586","kategori":"eczane","ad":"Aslı Eczanesi","kaynak":"osm","osm_id":"node/4815993322","ilce":"Beylikdüzü","mahalle":"Adnan Kahveci Mahallesi"}},{"type":"Feature","geometry":{"type":"Point","coordinates":[28.660046,40.988892]},"properties":{"id":"P0587","kategori":"eczane","ad":"Utku Eczanesi","kaynak":"osm","osm_id":"node/6014730087","ilce":"Beylikdüzü","mahalle":"Kavaklı Mahallesi"}},{"type":"Feature","geometry":{"type":"Point","coordinates":[28.97292,41.02674]},"properties":{"id":"P0588","kategori":"eczane","ad":"Galata Plus Eczanesi","kaynak":"osm","osm_id":"node/14156293301","ilce":"Beyoğlu","mahalle":"Şahkulu Mahallesi"}},{"type":"Feature","geometry":{"type":"Point","coordinates":[28.956262,41.04349]},"properties":{"id":"P0589","kategori":"eczane","ad":"Ruhan Eczanesi","kaynak":"osm","osm_id":"node/4936574533","ilce":"Beyoğlu","mahalle":"Fetihtepe Mahallesi"}},{"type":"Feature","geometry":{"type":"Point","coordinates":[28.984327,41.039255]},"properties":{"id":"P0590","kategori":"eczane","ad":"Özgecan Eczanesi","kaynak":"osm","osm_id":"node/4829207025","ilce":"Beyoğlu","mahalle":"Kocatepe Mahallesi"}},{"type":"Feature","geometry":{"type":"Point","coordinates":[28.966961,41.034412]},"properties":{"id":"P0591","kategori":"eczane","ad":"Hilal Eczanesi","kaynak":"osm","osm_id":"node/4829218825","ilce":"Beyoğlu","mahalle":"Küçük Piyale Mahallesi"}},{"type":"Feature","geometry":{"type":"Point","coordinates":[28.579219,41.021288]},"properties":{"id":"P0592","kategori":"eczane","ad":"Melike Eczanesi","kaynak":"osm","osm_id":"node/4466923490","ilce":"Büyükçekmece","mahalle":"Dizdariye Mahallesi"}},{"type":"Feature","geometry":{"type":"Point","coordinates":[28.537607,41.00746]},"properties":{"id":"P0593","kategori":"eczane","ad":"Harika Eczanesi","kaynak":"osm","osm_id":"node/4545614308","ilce":"Büyükçekmece","mahalle":"Mimaroba Mahallesi"}},{"type":"Feature","geometry":{"type":"Point","coordinates":[28.626871,41.019651]},"properties":{"id":"P0594","kategori":"eczane","ad":"Cadde Eczanesi","kaynak":"osm","osm_id":"node/14160272401","ilce":"Büyükçekmece","mahalle":"Cumhuriyet Mahallesi"}},{"type":"Feature","geometry":{"type":"Point","coordinates":[28.62475,41.053654]},"properties":{"id":"P0595","kategori":"eczane","ad":"Gül Eczanesi","kaynak":"osm","osm_id":"node/14096258396","ilce":"Büyükçekmece","mahalle":"Çakmaklı Mahallesi"}},{"type":"Feature","geometry":{"type":"Point","coordinates":[28.458476,41.142913]},"properties":{"id":"P0596","kategori":"eczane","ad":"Yücel Eczanesi","kaynak":"osm","osm_id":"node/4439348492","ilce":"Çatalca","mahalle":"Kaleiçi Mahallesi"}},{"type":"Feature","geometry":{"type":"Point","coordinates":[28.384083,41.403783]},"properties":{"id":"P0597","kategori":"eczane","ad":"Karacaköy Eczanesi","kaynak":"osm","osm_id":"node/4407680811","ilce":"Çatalca","mahalle":"Karacaköy Merkez Mahallesi"}},{"type":"Feature","geometry":{"type":"Point","coordinates":[28.359527,41.253954]},"properties":{"id":"P0598","kategori":"eczane","ad":"İhsaniye Eczanesi","kaynak":"osm","osm_id":"node/11721909269","ilce":"Çatalca","mahalle":"İhsaniye Mahallesi"}},{"type":"Feature","geometry":{"type":"Point","coordinates":[29.196116,41.014288]},"properties":{"id":"P0599","kategori":"eczane","ad":"Can Şifa Eczanesi","kaynak":"osm","osm_id":"node/4811206623","ilce":"Çekmeköy","mahalle":"Çamlık Mahallesi"}},{"type":"Feature","geometry":{"type":"Point","coordinates":[29.333787,41.078893]},"properties":{"id":"P0600","kategori":"eczane","ad":"Ömerli Eczanesi","kaynak":"osm","osm_id":"node/4840470721","ilce":"Çekmeköy","mahalle":"Ömerli Mahallesi"}},{"type":"Feature","geometry":{"type":"Point","coordinates":[29.239981,41.047551]},"properties":{"id":"P0601","kategori":"eczane","ad":"Merkez Eczanesi","kaynak":"osm","osm_id":"node/4580151100","ilce":"Çekmeköy","mahalle":"Alemdağ Mahallesi"}},{"type":"Feature","geometry":{"type":"Point","coordinates":[28.862902,41.063645]},"properties":{"id":"P0602","kategori":"eczane","ad":"Duygu Eczanesi","kaynak":"osm","osm_id":"node/4846507922","ilce":"Esenler","mahalle":"Turgut Reis Mahallesi"}},{"type":"Feature","geometry":{"type":"Point","coordinates":[28.879832,41.043556]},"properties":{"id":"P0603","kategori":"eczane","ad":"Eczane Menderes","kaynak":"osm","osm_id":"node/8504512507","ilce":"Esenler","mahalle":"Menderes Mahallesi"}},{"type":"Feature","geometry":{"type":"Point","coordinates":[28.879108,41.032456]},"properties":{"id":"P0604","kategori":"eczane","ad":"Ayazma Eczanesi","kaynak":"osm","osm_id":"node/14148630201","ilce":"Esenler","mahalle":"Nine Hatun Mahallesi"}},{"type":"Feature","geometry":{"type":"Point","coordinates":[28.871606,41.054471]},"properties":{"id":"P0605","kategori":"eczane","ad":"Bahar Eczanesi","kaynak":"osm","osm_id":"node/4929303221","ilce":"Esenler","mahalle":"Atışalanı Mahallesi"}},{"type":"Feature","geometry":{"type":"Point","coordinates":[28.67709,41.034659]},"properties":{"id":"P0606","kategori":"eczane","ad":"Şam Eczanesi","kaynak":"osm","osm_id":"node/5334376623","ilce":"Esenyurt","mahalle":"Merkez Mahallesi"}},{"type":"Feature","geometry":{"type":"Point","coordinates":[28.675982,41.018692]},"properties":{"id":"P0607","kategori":"eczane","ad":"Akevler Eczanesi","kaynak":"osm","osm_id":"node/4460872919","ilce":"Esenyurt","mahalle":"Akevler Mahallesi 7 sokak"}},{"type":"Feature","geometry":{"type":"Point","coordinates":[28.64662,41.042215]},"properties":{"id":"P0608","kategori":"eczane","ad":"Yusuf eczanesi","kaynak":"osm","osm_id":"node/4828496823","ilce":"Esenyurt","mahalle":"Osmangazi Mahallesi"}},{"type":"Feature","geometry":{"type":"Point","coordinates":[28.665594,41.009357]},"properties":{"id":"P0609","kategori":"eczane","ad":"Bahar Eczanesi","kaynak":"osm","osm_id":"node/14148284501","ilce":"Esenyurt","mahalle":"Güzelyurt Mahallesi"}},{"type":"Feature","geometry":{"type":"Point","coordinates":[28.636543,41.020847]},"properties":{"id":"P0610","kategori":"eczane","ad":"Serpil Eczanesi","kaynak":"osm","osm_id":"node/4840415925","ilce":"Esenyurt","mahalle":"Barbaros Hayrettin Paşa Mahallesi"}},{"type":"Feature","geometry":{"type":"Point","coordinates":[28.694385,41.00636]},"properties":{"id":"P0611","kategori":"eczane","ad":"Meyse Eczanesi","kaynak":"osm","osm_id":"node/10577117253","ilce":"Esenyurt","mahalle":"Saadetdere Mahallesi"}},{"type":"Feature","geometry":{"type":"Point","coordinates":[28.892967,41.178196]},"properties":{"id":"P0612","kategori":"eczane","ad":"Onur Eczanesi","kaynak":"osm","osm_id":"node/11801437773","ilce":"Eyüpsultan","mahalle":"Göktürk Merkez Mahallesi"}},{"type":"Feature","geometry":{"type":"Point","coordinates":[28.945456,41.076985]},"properties":{"id":"P0613","kategori":"eczane","ad":"Su Eczanesi","kaynak":"osm","osm_id":"node/4827740540","ilce":"Eyüpsultan","mahalle":"Alibeyköy Mahallesi"}},{"type":"Feature","geometry":{"type":"Point","coordinates":[28.919714,41.047975]},"properties":{"id":"P0614","kategori":"eczane","ad":"Rami Eczanesi","kaynak":"osm","osm_id":"node/9482150456","ilce":"Eyüpsultan","mahalle":"Rami Cuma Mahallesi"}},{"type":"Feature","geometry":{"type":"Point","coordinates":[28.940365,41.060947]},"properties":{"id":"P0615","kategori":"eczane","ad":"Bertan Eczanesi","kaynak":"osm","osm_id":"node/4839813193","ilce":"Eyüpsultan","mahalle":"Silahtarağa Mahallesi"}},{"type":"Feature","geometry":{"type":"Point","coordinates":[28.927009,41.07856]},"properties":{"id":"P0616","kategori":"eczane","ad":"Binevler Eczanesi","kaynak":"osm","osm_id":"node/4827740537","ilce":"Eyüpsultan","mahalle":"Karadolap Mahallesi"}},{"type":"Feature","geometry":{"type":"Point","coordinates":[28.926123,41.000215]},"properties":{"id":"P0617","kategori":"eczane","ad":"Taha Eczanesi","kaynak":"osm","osm_id":"node/5112725576","ilce":"Fatih","mahalle":"Sümbül Efendi Mahallesi"}},{"type":"Feature","geometry":{"type":"Point","coordinates":[28.951206,41.013557]},"properties":{"id":"P0618","kategori":"eczane","ad":"Sezen Eczanesi","kaynak":"osm","osm_id":"node/4828994536","ilce":"Fatih","mahalle":"İskenderpaşa Mahallesi"}},{"type":"Feature","geometry":{"type":"Point","coordinates":[28.975994,41.008139]},"properties":{"id":"P0619","kategori":"eczane","ad":"Ayasofya Eczanesi","kaynak":"osm","osm_id":"node/3749601843","ilce":"Fatih","mahalle":"Alemdar Mahallesi"}},{"type":"Feature","geometry":{"type":"Point","coordinates":[28.939701,41.0252]},"properties":{"id":"P0620","kategori":"eczane","ad":"Sezin Eczanesi","kaynak":"osm","osm_id":"node/5106122305","ilce":"Fatih","mahalle":"Hırka-i Şerif Mahallesi"}},{"type":"Feature","geometry":{"type":"Point","coordinates":[28.939608,41.006496]},"properties":{"id":"P0621","kategori":"eczane","ad":"Özaydın Eczanesi","kaynak":"osm","osm_id":"node/3230974385","ilce":"Fatih","mahalle":"Cerrahpaşa Mahallesi"}},{"type":"Feature","geometry":{"type":"Point","coordinates":[28.935435,41.01226]},"properties":{"id":"P0622","kategori":"eczane","ad":"Vardar Eczanesi","kaynak":"osm","osm_id":"node/5106133696","ilce":"Fatih","mahalle":"Şehremini Mahallesi"}},{"type":"Feature","geometry":{"type":"Point","coordinates":[28.929123,41.006916]},"properties":{"id":"P0623","kategori":"eczane","ad":"Ünsal Eczanesi","kaynak":"osm","osm_id":"node/5107247601","ilce":"Fatih","mahalle":"Silivrikapı Mahallesi"}},{"type":"Feature","geometry":{"type":"Point","coordinates":[28.959692,41.00649]},"properties":{"id":"P0624","kategori":"eczane","ad":"Işık Eczanesi","kaynak":"osm","osm_id":"node/4449599395","ilce":"Fatih","mahalle":"Nişanca Mahallesi"}},{"type":"Feature","geometry":{"type":"Point","coordinates":[28.944413,41.032759]},"properties":{"id":"P0625","kategori":"eczane","ad":"Balat Eczanesi","kaynak":"osm","osm_id":"node/4828993462","ilce":"Fatih","mahalle":"Ayvansaray Mahallesi"}},{"type":"Feature","geometry":{"type":"Point","coordinates":[28.897612,41.06883]},"properties":{"id":"P0626","kategori":"eczane","ad":"Olcay Eczanesi","kaynak":"osm","osm_id":"node/4936587527","ilce":"Gaziosmanpaşa","mahalle":"Hürriyet Mahallesi"}},{"type":"Feature","geometry":{"type":"Point","coordinates":[28.882277,41.081964]},"properties":{"id":"P0627","kategori":"eczane","ad":"Avrupa Eczanesi","kaynak":"osm","osm_id":"node/4825860042","ilce":"Gaziosmanpaşa","mahalle":"Karadeniz Mahallesi"}},{"type":"Feature","geometry":{"type":"Point","coordinates":[28.902048,41.089576]},"properties":{"id":"P0628","kategori":"eczane","ad":"Figen Eczanesi","kaynak":"osm","osm_id":"node/8112116250","ilce":"Gaziosmanpaşa","mahalle":"Karayolları Mahallesi"}},{"type":"Feature","geometry":{"type":"Point","coordinates":[28.912218,41.085512]},"properties":{"id":"P0629","kategori":"eczane","ad":"Merve Eczanesi","kaynak":"osm","osm_id":"node/6240988286","ilce":"Gaziosmanpaşa","mahalle":"Mevlana Mahallesi"}},{"type":"Feature","geometry":{"type":"Point","coordinates":[28.90177,41.075915]},"properties":{"id":"P0630","kategori":"eczane","ad":"Gül Eczanesi","kaynak":"osm","osm_id":"node/4824749225","ilce":"Gaziosmanpaşa","mahalle":"Yeni Mahalle Mahallesi"}},{"type":"Feature","geometry":{"type":"Point","coordinates":[28.873187,41.02519]},"properties":{"id":"P0631","kategori":"eczane","ad":"Serpil Eczanesi","kaynak":"osm","osm_id":"node/4840427724","ilce":"Güngören","mahalle":"Merkez Mahallesi"}},{"type":"Feature","geometry":{"type":"Point","coordinates":[28.868204,41.012379]},"properties":{"id":"P0632","kategori":"eczane","ad":"İlkyuva Eczanesi","kaynak":"osm","osm_id":"node/4840413043","ilce":"Güngören","mahalle":"Haznedar Mahallesi"}},{"type":"Feature","geometry":{"type":"Point","coordinates":[28.867943,41.020548]},"properties":{"id":"P0633","kategori":"eczane","ad":"Ufuk Eczanesi","kaynak":"osm","osm_id":"node/4842130329","ilce":"Güngören","mahalle":"Merkez Mahallesi"}},{"type":"Feature","geometry":{"type":"Point","coordinates":[28.876004,41.018204]},"properties":{"id":"P0634","kategori":"eczane","ad":"Yazıcı Eczanesi","kaynak":"osm","osm_id":"node/4840427534","ilce":"Güngören","mahalle":"Sanayi Mahallesi"}},{"type":"Feature","geometry":{"type":"Point","coordinates":[29.059182,40.994402]},"properties":{"id":"P0635","kategori":"eczane","ad":"Lotus Eczanesi","kaynak":"osm","osm_id":"node/13971194518","ilce":"Kadıköy","mahalle":"Dumlupınar Mahallesi"}},{"type":"Feature","geometry":{"type":"Point","coordinates":[29.04377,40.979959]},"properties":{"id":"P0636","kategori":"eczane","ad":"Eczane Lacivert","kaynak":"osm","osm_id":"node/11273099241","ilce":"Kadıköy","mahalle":"Feneryolu Mahallesi"}},{"type":"Feature","geometry":{"type":"Point","coordinates":[29.080624,40.97788]},"properties":{"id":"P0637","kategori":"eczane","ad":"Okyanus Eczanesi","kaynak":"osm","osm_id":"node/4965171121","ilce":"Kadıköy","mahalle":"Sahrayıcedit Mahallesi"}},{"type":"Feature","geometry":{"type":"Point","coordinates":[29.02516,40.996225]},"properties":{"id":"P0638","kategori":"eczane","ad":"Akademi Eczanesi","kaynak":"osm","osm_id":"node/4831459053","ilce":"Kadıköy","mahalle":"Rasimpaşa Mahallesi"}},{"type":"Feature","geometry":{"type":"Point","coordinates":[29.096762,40.974175]},"properties":{"id":"P0639","kategori":"eczane","ad":"Doğa Eczanesi","kaynak":"osm","osm_id":"node/3793841318","ilce":"Kadıköy","mahalle":"Kozyatağı Mahallesi"}},{"type":"Feature","geometry":{"type":"Point","coordinates":[29.03906,41.011616]},"properties":{"id":"P0640","kategori":"eczane","ad":"Hazar Eczanesi","kaynak":"osm","osm_id":"node/4192965606","ilce":"Kadıköy","mahalle":"Koşuyolu Mahallesi"}},{"type":"Feature","geometry":{"type":"Point","coordinates":[29.070864,40.978528]},"properties":{"id":"P0641","kategori":"eczane","ad":"Kübra Eczanesi","kaynak":"osm","osm_id":"node/14169322304","ilce":"Kadıköy","mahalle":"Göztepe Mahallesi"}},{"type":"Feature","geometry":{"type":"Point","coordinates":[29.044223,40.970812]},"properties":{"id":"P0642","kategori":"eczane","ad":"Yelken Eczanesi","kaynak":"osm","osm_id":"node/4831470927","ilce":"Kadıköy","mahalle":"Fenerbahçe Mahallesi"}},{"type":"Feature","geometry":{"type":"Point","coordinates":[29.028279,41.003022]},"properties":{"id":"P0643","kategori":"eczane","ad":"Haydarpaşa Anadolu Eczanesi","kaynak":"osm","osm_id":"node/4831447330","ilce":"Kadıköy","mahalle":"Koşuyolu Mahallesi"}},{"type":"Feature","geometry":{"type":"Point","coordinates":[29.08201,40.963701]},"properties":{"id":"P0644","kategori":"eczane","ad":"Vital Eczanesi","kaynak":"osm","osm_id":"node/4818374225","ilce":"Kadıköy","mahalle":"Suadiye Mahallesi"}},{"type":"Feature","geometry":{"type":"Point","coordinates":[29.087916,40.984583]},"properties":{"id":"P0645","kategori":"eczane","ad":"Ahmet Ferit Eczanesi","kaynak":"osm","osm_id":"node/4843894129","ilce":"Kadıköy","mahalle":"Sahrayıcedit Mahallesi"}},{"type":"Feature","geometry":{"type":"Point","coordinates":[29.030987,40.98644]},"properties":{"id":"P0646","kategori":"eczane","ad":"Temizel Eczane","kaynak":"osm","osm_id":"node/9813343295","ilce":"Kadıköy","mahalle":"Osmanağa Mahallesi"}},{"type":"Feature","geometry":{"type":"Point","coordinates":[29.001952,41.07976]},"properties":{"id":"P0647","kategori":"eczane","ad":"Baran Eczanesi","kaynak":"osm","osm_id":"node/4938123523","ilce":"Kâğıthane","mahalle":"Ortabayır Mahallesi"}},{"type":"Feature","geometry":{"type":"Point","coordinates":[28.981257,41.075633]},"properties":{"id":"P0648","kategori":"eczane","ad":"Emre Eczanesi","kaynak":"osm","osm_id":"node/4837021736","ilce":"Kâğıthane","mahalle":"Çağlayan Mahallesi"}},{"type":"Feature","geometry":{"type":"Point","coordinates":[28.967248,41.063839]},"properties":{"id":"P0649","kategori":"eczane","ad":"Nur Eczanesi","kaynak":"osm","osm_id":"node/4452458389","ilce":"Kâğıthane","mahalle":"Talatpaşa Mahallesi"}},{"type":"Feature","geometry":{"type":"Point","coordinates":[28.999964,41.094046]},"properties":{"id":"P0650","kategori":"eczane","ad":"Engin Eczanesi","kaynak":"osm","osm_id":"node/4837071421","ilce":"Kâğıthane","mahalle":"Yeşilce Mahallesi"}},{"type":"Feature","geometry":{"type":"Point","coordinates":[28.972363,41.070651]},"properties":{"id":"P0651","kategori":"eczane","ad":"Huzur Eczanesi","kaynak":"osm","osm_id":"node/4837021733","ilce":"Kâğıthane","mahalle":"Gürsel Mahallesi"}},{"type":"Feature","geometry":{"type":"Point","coordinates":[29.232798,40.905787]},"properties":{"id":"P0652","kategori":"eczane","ad":"Hanne Eczanesi","kaynak":"osm","osm_id":"node/5240436821","ilce":"Kartal","mahalle":"Hürriyet Mahallesi"}},{"type":"Feature","geometry":{"type":"Point","coordinates":[29.176668,40.911251]},"properties":{"id":"P0653","kategori":"eczane","ad":"Su Eczanesi","kaynak":"osm","osm_id":"node/4831447523","ilce":"Kartal","mahalle":"Cevizli Mahallesi"}},{"type":"Feature","geometry":{"type":"Point","coordinates":[29.166732,40.898358]},"properties":{"id":"P0654","kategori":"eczane","ad":"Cansu Eczanesi","kaynak":"osm","osm_id":"node/4831459034","ilce":"Kartal","mahalle":"Kordonboyu Mahallesi"}},{"type":"Feature","geometry":{"type":"Point","coordinates":[29.181783,40.88846]},"properties":{"id":"P0655","kategori":"eczane","ad":"Tezcan","kaynak":"osm","osm_id":"node/4580466296","ilce":"Kartal","mahalle":"Yukarı Mahallesi"}},{"type":"Feature","geometry":{"type":"Point","coordinates":[29.208656,40.913714]},"properties":{"id":"P0656","kategori":"eczane","ad":"Eczane Kartal Plus","kaynak":"osm","osm_id":"node/6080290307","ilce":"Kartal","mahalle":"Orta Mahallesi"}},{"type":"Feature","geometry":{"type":"Point","coordinates":[29.191137,40.901871]},"properties":{"id":"P0657","kategori":"eczane","ad":"Ertürk Eczanesi","kaynak":"osm","osm_id":"node/2126645724","ilce":"Kartal","mahalle":"Esentepe Mahallesi"}},{"type":"Feature","geometry":{"type":"Point","coordinates":[28.791839,41.004458]},"properties":{"id":"P0658","kategori":"eczane","ad":"Şentürk Eczanesi","kaynak":"osm","osm_id":"node/4931789324","ilce":"Küçükçekmece","mahalle":"Fevzi Çakmak Mahallesi"}},{"type":"Feature","geometry":{"type":"Point","coordinates":[28.803237,41.050473]},"properties":{"id":"P0659","kategori":"eczane","ad":"Süheyla Eczanesi","kaynak":"osm","osm_id":"node/4827740931","ilce":"Küçükçekmece","mahalle":"Atatürk Mahallesi"}},{"type":"Feature","geometry":{"type":"Point","coordinates":[28.771055,40.991388]},"properties":{"id":"P0660","kategori":"eczane","ad":"Yıldız Eczanesi","kaynak":"osm","osm_id":"node/5036023523","ilce":"Küçükçekmece","mahalle":"Fatih Mahallesi"}},{"type":"Feature","geometry":{"type":"Point","coordinates":[28.802354,41.024588]},"properties":{"id":"P0661","kategori":"eczane","ad":"Deva Sefaköy Eczanesi","kaynak":"osm","osm_id":"node/4827740746","ilce":"Küçükçekmece","mahalle":"İnönü Mahallesi"}},{"type":"Feature","geometry":{"type":"Point","coordinates":[28.780875,41.014551]},"properties":{"id":"P0662","kategori":"eczane","ad":"Atilla Eczanesi","kaynak":"osm","osm_id":"node/14179998201","ilce":"Küçükçekmece","mahalle":"Kanarya Mahallesi"}},{"type":"Feature","geometry":{"type":"Point","coordinates":[28.796312,40.990143]},"properties":{"id":"P0663","kategori":"eczane","ad":"Birlik Eczanesi","kaynak":"osm","osm_id":"node/6176013086","ilce":"Küçükçekmece","mahalle":"Beşyol Mahallesi"}},{"type":"Feature","geometry":{"type":"Point","coordinates":[28.786351,41.041338]},"properties":{"id":"P0664","kategori":"eczane","ad":"Kardelen Eczanesi","kaynak":"osm","osm_id":"node/4827740929","ilce":"Küçükçekmece","mahalle":"Halkalı Merkez Mahallesi"}},{"type":"Feature","geometry":{"type":"Point","coordinates":[29.12075,40.937559]},"properties":{"id":"P0665","kategori":"eczane","ad":"Eczane Yağmur","kaynak":"osm","osm_id":"node/14144005601","ilce":"Maltepe","mahalle":"İdealtepe Mahallesi"}},{"type":"Feature","geometry":{"type":"Point","coordinates":[29.133133,40.924501]},"properties":{"id":"P0666","kategori":"eczane","ad":"Öykü Eczanesi","kaynak":"osm","osm_id":"node/4831451854","ilce":"Maltepe","mahalle":"Bağlarbaşı Mahallesi"}},{"type":"Feature","geometry":{"type":"Point","coordinates":[29.139768,40.971895]},"properties":{"id":"P0667","kategori":"eczane","ad":"Meltem Eczanesi","kaynak":"osm","osm_id":"node/4623912789","ilce":"Maltepe","mahalle":"Fındıklı Mahallesi"}},{"type":"Feature","geometry":{"type":"Point","coordinates":[29.139234,40.943323]},"properties":{"id":"P0668","kategori":"eczane","ad":"Guven Eczanesi","kaynak":"osm","osm_id":"node/5162642121","ilce":"Maltepe","mahalle":"Girne Mahallesi"}},{"type":"Feature","geometry":{"type":"Point","coordinates":[29.110628,40.951103]},"properties":{"id":"P0669","kategori":"eczane","ad":"Kılavuzçayırı Eczanesi","kaynak":"osm","osm_id":"node/4818367925","ilce":"Maltepe","mahalle":"Küçükyalı Merkez Mahallesi"}},{"type":"Feature","geometry":{"type":"Point","coordinates":[29.167926,40.922187]},"properties":{"id":"P0670","kategori":"eczane","ad":"Uğur Eczanesi","kaynak":"osm","osm_id":"node/4833936421","ilce":"Maltepe","mahalle":"Esenkent Mahallesi"}},{"type":"Feature","geometry":{"type":"Point","coordinates":[29.147528,40.932115]},"properties":{"id":"P0671","kategori":"eczane","ad":"Derya Eczanesi","kaynak":"osm","osm_id":"node/14148081801","ilce":"Maltepe","mahalle":"Zümrütevler Mahallesi"}},{"type":"Feature","geometry":{"type":"Point","coordinates":[29.286644,40.88372]},"properties":{"id":"P0672","kategori":"eczane","ad":"Kavak Eczanesi","kaynak":"osm","osm_id":"node/14169449902","ilce":"Pendik","mahalle":"Kavakpınar Mahallesi"}},{"type":"Feature","geometry":{"type":"Point","coordinates":[29.303168,40.918238]},"properties":{"id":"P0673","kategori":"eczane","ad":"Eczane Flora","kaynak":"osm","osm_id":"node/6329060933","ilce":"Pendik","mahalle":"Yenişehir Mahallesi"}},{"type":"Feature","geometry":{"type":"Point","coordinates":[29.307788,40.864603]},"properties":{"id":"P0674","kategori":"eczane","ad":"Kent Eczanesi","kaynak":"osm","osm_id":"node/4816153222","ilce":"Pendik","mahalle":"Ahmet Yesevi Mahallesi"}},{"type":"Feature","geometry":{"type":"Point","coordinates":[29.237431,40.880672]},"properties":{"id":"P0675","kategori":"eczane","ad":"Umut Eczanesi","kaynak":"osm","osm_id":"node/14182348601","ilce":"Pendik","mahalle":"Bahçelievler Mahallesi"}},{"type":"Feature","geometry":{"type":"Point","coordinates":[29.32498,40.93703]},"properties":{"id":"P0676","kategori":"eczane","ad":"Viaport Eczanesi","kaynak":"osm","osm_id":"node/12163086501","ilce":"Pendik","mahalle":"Yenişehir Mahallesi"}},{"type":"Feature","geometry":{"type":"Point","coordinates":[29.252198,40.911019]},"properties":{"id":"P0677","kategori":"eczane","ad":"İlkcan Eczanesi","kaynak":"osm","osm_id":"node/12803610678","ilce":"Pendik","mahalle":"Velibaba Mahallesi"}},{"type":"Feature","geometry":{"type":"Point","coordinates":[29.28678,40.867447]},"properties":{"id":"P0678","kategori":"eczane","ad":"Sancak Eczanesi","kaynak":"osm","osm_id":"node/5292856227","ilce":"Pendik","mahalle":"Orhangazi Mahallesi"}},{"type":"Feature","geometry":{"type":"Point","coordinates":[29.254728,41.005943]},"properties":{"id":"P0679","kategori":"eczane","ad":"Mercan Eczanesi","kaynak":"osm","osm_id":"node/14165657301","ilce":"Sancaktepe","mahalle":"Safa Mahallesi"}},{"type":"Feature","geometry":{"type":"Point","coordinates":[29.215363,41.007505]},"properties":{"id":"P0680","kategori":"eczane","ad":"Sarıgazi Eczanesi","kaynak":"osm","osm_id":"node/5181653726","ilce":"Sancaktepe","mahalle":"Kemal Türkler Mahallesi"}},{"type":"Feature","geometry":{"type":"Point","coordinates":[29.241224,40.974191]},"properties":{"id":"P0681","kategori":"eczane","ad":"Rings Eczanesi","kaynak":"osm","osm_id":"node/14169242301","ilce":"Sancaktepe","mahalle":"Veysel Karani Mahallesi"}},{"type":"Feature","geometry":{"type":"Point","coordinates":[29.212943,40.957562]},"properties":{"id":"P0682","kategori":"eczane","ad":"Alaca Eczanesi","kaynak":"osm","osm_id":"node/4821081125","ilce":"Sancaktepe","mahalle":"Fatih Mahallesi"}},{"type":"Feature","geometry":{"type":"Point","coordinates":[29.038097,41.158997]},"properties":{"id":"P0683","kategori":"eczane","ad":"Büyükdere Su Eczanesi","kaynak":"osm","osm_id":"node/4838535924","ilce":"Sarıyer","mahalle":"Büyükdere Mahallesi"}},{"type":"Feature","geometry":{"type":"Point","coordinates":[29.048279,41.085997]},"properties":{"id":"P0684","kategori":"eczane","ad":"Elif Eczanesi","kaynak":"osm","osm_id":"node/4839813187","ilce":"Sarıyer","mahalle":"Rumelihisarı Mahallesi"}},{"type":"Feature","geometry":{"type":"Point","coordinates":[29.034531,41.202397]},"properties":{"id":"P0685","kategori":"eczane","ad":"Köy Eczanesi","kaynak":"osm","osm_id":"node/11801484769","ilce":"Sarıyer","mahalle":"Zekeriyaköy Mahallesi"}},{"type":"Feature","geometry":{"type":"Point","coordinates":[29.070388,41.121878]},"properties":{"id":"P0686","kategori":"eczane","ad":"Gönül Eczanesi","kaynak":"osm","osm_id":"node/1746350064","ilce":"Sarıyer","mahalle":"Yeniköy Mahallesi"}},{"type":"Feature","geometry":{"type":"Point","coordinates":[29.581381,41.165043]},"properties":{"id":"P0687","kategori":"eczane","ad":"Deva Eczanesi","kaynak":"osm","osm_id":"node/14144035784","ilce":"Şile","mahalle":"Kumbaba Mahallesi"}},{"type":"Feature","geometry":{"type":"Point","coordinates":[29.855316,41.138169]},"properties":{"id":"P0688","kategori":"eczane","ad":"Yeşilçay Eczanesi","kaynak":"osm","osm_id":"node/4450882091","ilce":"Şile","mahalle":"Ağva Merkez Mahallesi"}},{"type":"Feature","geometry":{"type":"Point","coordinates":[28.256068,41.090012]},"properties":{"id":"P0689","kategori":"eczane","ad":"Almina Eczanesi","kaynak":"osm","osm_id":"node/11559421371","ilce":"Silivri","mahalle":"Yeni Mahalle"}},{"type":"Feature","geometry":{"type":"Point","coordinates":[28.378313,41.054592]},"properties":{"id":"P0690","kategori":"eczane","ad":"Tuğba Eczanesi","kaynak":"osm","osm_id":"node/11559486069","ilce":"Silivri","mahalle":"Selimpaşa Mahallesi"}},{"type":"Feature","geometry":{"type":"Point","coordinates":[28.083153,41.079769]},"properties":{"id":"P0691","kategori":"eczane","ad":"Çanta Eczanesi","kaynak":"osm","osm_id":"node/14156287201","ilce":"Silivri","mahalle":"Çanta Balaban Mahallesi"}},{"type":"Feature","geometry":{"type":"Point","coordinates":[28.18963,41.164844]},"properties":{"id":"P0692","kategori":"eczane","ad":"Vural Eczanesi","kaynak":"osm","osm_id":"node/14148424901","ilce":"Silivri","mahalle":"Büyük Kılıçlı Mahallesi"}},{"type":"Feature","geometry":{"type":"Point","coordinates":[28.986258,41.042003]},"properties":{"id":"P0693","kategori":"eczane","ad":"Elmadağ Eczanesi","kaynak":"osm","osm_id":"node/4938123522","ilce":"Şişli","mahalle":"İnönü Mahallesi"}},{"type":"Feature","geometry":{"type":"Point","coordinates":[28.991171,41.071449]},"properties":{"id":"P0694","kategori":"eczane","ad":"Kuştepe Eczanesi","kaynak":"osm","osm_id":"node/14182518103","ilce":"Şişli","mahalle":"Kuştepe Mahallesi"}},{"type":"Feature","geometry":{"type":"Point","coordinates":[28.985372,41.058152]},"properties":{"id":"P0695","kategori":"eczane","ad":"Şişli Merkez Eczanesi","kaynak":"osm","osm_id":"node/4836199449","ilce":"Şişli","mahalle":"Merkez Mahallesi"}},{"type":"Feature","geometry":{"type":"Point","coordinates":[28.99612,41.060515]},"properties":{"id":"P0696","kategori":"eczane","ad":"Fulya Semt Eczanesi","kaynak":"osm","osm_id":"node/4839831767","ilce":"Şişli","mahalle":"Fulya Mahallesi"}},{"type":"Feature","geometry":{"type":"Point","coordinates":[29.000224,41.069523]},"properties":{"id":"P0697","kategori":"eczane","ad":"Özcan Eczanesi","kaynak":"osm","osm_id":"node/4839814954","ilce":"Şişli","mahalle":"Gülbahar Mahallesi"}},{"type":"Feature","geometry":{"type":"Point","coordinates":[28.993975,41.045301]},"properties":{"id":"P0698","kategori":"eczane","ad":"Maçka","kaynak":"osm","osm_id":"node/4477685690","ilce":"Şişli","mahalle":"Harbiye Mahallesi"}},{"type":"Feature","geometry":{"type":"Point","coordinates":[29.255791,40.960304]},"properties":{"id":"P0699","kategori":"eczane","ad":"Avrasya Eczanesi","kaynak":"osm","osm_id":"node/5542887677","ilce":"Sultanbeyli","mahalle":"Abdurrahmangazi Mahallesi"}},{"type":"Feature","geometry":{"type":"Point","coordinates":[29.282987,40.986343]},"properties":{"id":"P0700","kategori":"eczane","ad":"Akdeniz Eczanesi","kaynak":"osm","osm_id":"node/14156249102","ilce":"Sultanbeyli","mahalle":"Battalgazi Mahallesi"}},{"type":"Feature","geometry":{"type":"Point","coordinates":[29.265274,40.993076]},"properties":{"id":"P0701","kategori":"eczane","ad":"İlhan Eczanesi","kaynak":"osm","osm_id":"node/4821010024","ilce":"Sultanbeyli","mahalle":"Mimar Sinan Mahallesi"}},{"type":"Feature","geometry":{"type":"Point","coordinates":[29.295889,40.959985]},"properties":{"id":"P0702","kategori":"eczane","ad":"Uzundere Eczanesi","kaynak":"osm","osm_id":"node/4821011129","ilce":"Sultanbeyli","mahalle":"Mecidiye Mahallesi"}},{"type":"Feature","geometry":{"type":"Point","coordinates":[28.896508,41.105774]},"properties":{"id":"P0703","kategori":"eczane","ad":"Barış Eczanesi","kaynak":"osm","osm_id":"node/5456128674","ilce":"Sultangazi","mahalle":"Gazi Mahallesi"}},{"type":"Feature","geometry":{"type":"Point","coordinates":[28.871657,41.103091]},"properties":{"id":"P0704","kategori":"eczane","ad":"Sultangazi Eczanesi","kaynak":"osm","osm_id":"node/4936563222","ilce":"Sultangazi","mahalle":"Uğur Mumcu Mahallesi"}},{"type":"Feature","geometry":{"type":"Point","coordinates":[28.835493,41.131919]},"properties":{"id":"P0705","kategori":"eczane","ad":"Furkan Eczanesi","kaynak":"osm","osm_id":"node/5295861924","ilce":"Sultangazi","mahalle":"Habibler Mahallesi"}},{"type":"Feature","geometry":{"type":"Point","coordinates":[28.853,41.107]},"properties":{"id":"P0706","kategori":"eczane","ad":"Gündüz Eczanesi","kaynak":"osm","osm_id":"node/14182561101","ilce":"Sultangazi","mahalle":"İsmetpaşa Mahallesi"}},{"type":"Feature","geometry":{"type":"Point","coordinates":[28.873668,41.090947]},"properties":{"id":"P0707","kategori":"eczane","ad":"Deniz Eczanesi","kaynak":"osm","osm_id":"node/4825866633","ilce":"Sultangazi","mahalle":"50. Yıl Mahallesi"}},{"type":"Feature","geometry":{"type":"Point","coordinates":[29.37712,40.903284]},"properties":{"id":"P0708","kategori":"eczane","ad":"Orta Eczanesi","kaynak":"osm","osm_id":"node/7814702286","ilce":"Tuzla","mahalle":"Orta Mahallesi"}},{"type":"Feature","geometry":{"type":"Point","coordinates":[29.29992,40.817637]},"properties":{"id":"P0709","kategori":"eczane","ad":"Tuzla Port Eczanesi","kaynak":"osm","osm_id":"node/11582298572","ilce":"Tuzla","mahalle":"Postane Mahallesi"}},{"type":"Feature","geometry":{"type":"Point","coordinates":[29.299433,40.843926]},"properties":{"id":"P0710","kategori":"eczane","ad":"Metro Eczanesi","kaynak":"osm","osm_id":"node/4816147336","ilce":"Tuzla","mahalle":"Evliya Çelebi Mahallesi"}},{"type":"Feature","geometry":{"type":"Point","coordinates":[29.367705,40.936238]},"properties":{"id":"P0711","kategori":"eczane","ad":"Plus Eczanesi","kaynak":"osm","osm_id":"node/9794765039","ilce":"Tuzla","mahalle":"Tepeören Mahallesi"}},{"type":"Feature","geometry":{"type":"Point","coordinates":[29.329421,40.870775]},"properties":{"id":"P0712","kategori":"eczane","ad":"Hazal Eczanesi","kaynak":"osm","osm_id":"node/4816109822","ilce":"Tuzla","mahalle":"Aydınlı Mahallesi"}},{"type":"Feature","geometry":{"type":"Point","coordinates":[29.090395,41.014836]},"properties":{"id":"P0713","kategori":"eczane","ad":"Eda Eczanesi","kaynak":"osm","osm_id":"node/4844358423","ilce":"Ümraniye","mahalle":"Esenevler Mahallesi"}},{"type":"Feature","geometry":{"type":"Point","coordinates":[29.091841,41.027111]},"properties":{"id":"P0714","kategori":"eczane","ad":"Oktay Eczanesi","kaynak":"osm","osm_id":"node/4958306821","ilce":"Ümraniye","mahalle":"Atatürk Mahallesi"}},{"type":"Feature","geometry":{"type":"Point","coordinates":[29.112923,41.032396]},"properties":{"id":"P0715","kategori":"eczane","ad":"Modern Eczanesi","kaynak":"osm","osm_id":"node/4958295327","ilce":"Ümraniye","mahalle":"İnkılap Mahallesi"}},{"type":"Feature","geometry":{"type":"Point","coordinates":[29.164439,41.009981]},"properties":{"id":"P0716","kategori":"eczane","ad":"Özge Eczanesi","kaynak":"osm","osm_id":"node/4833166429","ilce":"Ümraniye","mahalle":"Esenşehir Mahallesi"}},{"type":"Feature","geometry":{"type":"Point","coordinates":[29.140573,41.010907]},"properties":{"id":"P0717","kategori":"eczane","ad":"Dinçer Eczanesi","kaynak":"osm","osm_id":"node/5207804624","ilce":"Ümraniye","mahalle":"Altınşehir Mahallesi"}},{"type":"Feature","geometry":{"type":"Point","coordinates":[29.17395,41.019954]},"properties":{"id":"P0718","kategori":"eczane","ad":"Kemerdere Eczanesi","kaynak":"osm","osm_id":"node/4811206621","ilce":"Ümraniye","mahalle":"Necip Fazıl Mahallesi"}},{"type":"Feature","geometry":{"type":"Point","coordinates":[29.190623,41.013041]},"properties":{"id":"P0719","kategori":"eczane","ad":"Çınarlı Eczanesi","kaynak":"osm","osm_id":"node/5177558021","ilce":"Ümraniye","mahalle":"Madenler Mahallesi"}},{"type":"Feature","geometry":{"type":"Point","coordinates":[29.100827,41.039372]},"properties":{"id":"P0720","kategori":"eczane","ad":"Seçkin Eczanesi","kaynak":"osm","osm_id":"node/4958295225","ilce":"Ümraniye","mahalle":"Elmalıkent Mahallesi"}},{"type":"Feature","geometry":{"type":"Point","coordinates":[29.072309,41.057436]},"properties":{"id":"P0721","kategori":"eczane","ad":"Bahçelievler Eczanesi","kaynak":"osm","osm_id":"node/4844369228","ilce":"Üsküdar","mahalle":"Çengelköy Mahallesi"}},{"type":"Feature","geometry":{"type":"Point","coordinates":[29.084373,41.024253]},"properties":{"id":"P0722","kategori":"eczane","ad":"Santral Eczane Optik","kaynak":"osm","osm_id":"node/1903806371","ilce":"Üsküdar","mahalle":"Kısıklı Mahallesi"}},{"type":"Feature","geometry":{"type":"Point","coordinates":[29.016918,41.021086]},"properties":{"id":"P0723","kategori":"eczane","ad":"Sümer Eczanesi","kaynak":"osm","osm_id":"node/4959663621","ilce":"Üsküdar","mahalle":"Ahmediye Mahallesi"}},{"type":"Feature","geometry":{"type":"Point","coordinates":[29.040236,41.013402]},"properties":{"id":"P0724","kategori":"eczane","ad":"Koru Eczanesi","kaynak":"osm","osm_id":"node/14180331302","ilce":"Üsküdar","mahalle":"Barbaros Mahallesi"}},{"type":"Feature","geometry":{"type":"Point","coordinates":[29.070162,41.001224]},"properties":{"id":"P0725","kategori":"eczane","ad":"Ömür Eczanesi","kaynak":"osm","osm_id":"node/14148143601","ilce":"Üsküdar","mahalle":"Ünalan Mahallesi"}},{"type":"Feature","geometry":{"type":"Point","coordinates":[29.05523,41.027768]},"properties":{"id":"P0726","kategori":"eczane","ad":"Saliha Eczanesi","kaynak":"osm","osm_id":"node/14151703202","ilce":"Üsküdar","mahalle":"Burhaniye Mahallesi"}},{"type":"Feature","geometry":{"type":"Point","coordinates":[28.902326,41.003132]},"properties":{"id":"P0727","kategori":"eczane","ad":"Mithatpaşa Eczanesi","kaynak":"osm","osm_id":"node/4406768189","ilce":"Zeytinburnu","mahalle":"Beştelsiz Mahallesi"}},{"type":"Feature","geometry":{"type":"Point","coordinates":[28.905431,40.986803]},"properties":{"id":"P0728","kategori":"eczane","ad":"Zeynep Eczanesi","kaynak":"osm","osm_id":"node/5667657772","ilce":"Zeytinburnu","mahalle":"Yenidoğan Mahallesi"}},{"type":"Feature","geometry":{"type":"Point","coordinates":[28.894429,40.998307]},"properties":{"id":"P0729","kategori":"eczane","ad":"Lokman Eczanesi","kaynak":"osm","osm_id":"node/4804473122","ilce":"Zeytinburnu","mahalle":"Çırpıcı Mahallesi"}},{"type":"Feature","geometry":{"type":"Point","coordinates":[28.913951,41.021318]},"properties":{"id":"P0730","kategori":"eczane","ad":"Davutpaşa Eczanesi","kaynak":"osm","osm_id":"node/5667618632","ilce":"Zeytinburnu","mahalle":"Maltepe Mahallesi"}},{"type":"Feature","geometry":{"type":"Point","coordinates":[29.127376,40.874358]},"properties":{"id":"P0731","kategori":"kahvehane","ad":"Kahve Dünyası","kaynak":"osm","osm_id":"node/11786724869","ilce":"Adalar","mahalle":"Nizam Mahallesi"}},{"type":"Feature","geometry":{"type":"Point","coordinates":[29.116608,40.860602]},"properties":{"id":"P0732","kategori":"kahvehane","ad":"Aşıklar Çay Bahçesi","kaynak":"osm","osm_id":"node/9199667617","ilce":"Adalar","mahalle":"Nizam Mahallesi"}},{"type":"Feature","geometry":{"type":"Point","coordinates":[28.627688,41.262427]},"properties":{"id":"P0733","kategori":"kahvehane","ad":"Boyalık Köy Kahvesi","kaynak":"osm","osm_id":"node/2600613660","ilce":"Arnavutköy","mahalle":"Boyalık Mahallesi"}},{"type":"Feature","geometry":{"type":"Point","coordinates":[28.787753,41.154166]},"properties":{"id":"P0734","kategori":"kahvehane","ad":"Hafız Ali Baltacı Cami Çay Ocağı","kaynak":"osm","osm_id":"way/1296066870","ilce":"Arnavutköy","mahalle":"Boğazköy İstiklal Mahallesi"}},{"type":"Feature","geometry":{"type":"Point","coordinates":[29.111675,40.980859]},"properties":{"id":"P0735","kategori":"kahvehane","ad":"Park Kıraathanesi","kaynak":"osm","osm_id":"node/9685619157","ilce":"Ataşehir","mahalle":"Küçükbakkalköy Mahallesi"}},{"type":"Feature","geometry":{"type":"Point","coordinates":[29.192382,40.988264]},"properties":{"id":"P0736","kategori":"kahvehane","ad":"Kahve Dünyası","kaynak":"osm","osm_id":"node/13061869928","ilce":"Ataşehir","mahalle":"Ferhatpaşa Mahallesi"}},{"type":"Feature","geometry":{"type":"Point","coordinates":[29.074992,41.005536]},"properties":{"id":"P0737","kategori":"kahvehane","ad":"Camii Çay Evi","kaynak":"osm","osm_id":"node/12666754311","ilce":"Ataşehir","mahalle":"Fetih Mahallesi"}},{"type":"Feature","geometry":{"type":"Point","coordinates":[29.143305,40.99037]},"properties":{"id":"P0738","kategori":"kahvehane","ad":"Kahve Dünyası","kaynak":"osm","osm_id":"node/12609940726","ilce":"Ataşehir","mahalle":"Atatürk Mahallesi"}},{"type":"Feature","geometry":{"type":"Point","coordinates":[28.720732,40.979024]},"properties":{"id":"P0739","kategori":"kahvehane","ad":"Osmanlı Kahvecisi","kaynak":"osm","osm_id":"node/4374662010","ilce":"Avcılar","mahalle":"Merkez Mahallesi"}},{"type":"Feature","geometry":{"type":"Point","coordinates":[28.707998,40.983197]},"properties":{"id":"P0740","kategori":"kahvehane","ad":"Ahmet Dicle Parkı Aile Çay Bahçesi","kaynak":"osm","osm_id":"way/1158599759","ilce":"Avcılar","mahalle":"Cihangir Mahallesi"}},{"type":"Feature","geometry":{"type":"Point","coordinates":[28.840256,41.044494]},"properties":{"id":"P0741","kategori":"kahvehane","ad":"Çay Kent Kafe","kaynak":"osm","osm_id":"node/5667706173","ilce":"Bağcılar","mahalle":"Demirkapı Mahallesi"}},{"type":"Feature","geometry":{"type":"Point","coordinates":[28.830773,41.022468]},"properties":{"id":"P0742","kategori":"kahvehane","ad":"Plaevne Çay Bahçesi","kaynak":"osm","osm_id":"node/5667684511","ilce":"Bağcılar","mahalle":"Hürriyet Mahallesi"}},{"type":"Feature","geometry":{"type":"Point","coordinates":[28.856658,41.041077]},"properties":{"id":"P0743","kategori":"kahvehane","ad":"ÇEŞME KIRAATHANESİ","kaynak":"osm","osm_id":"node/5667725869","ilce":"Bağcılar","mahalle":"Fevzi Çakmak Mahallesi"}},{"type":"Feature","geometry":{"type":"Point","coordinates":[28.858709,40.999199]},"properties":{"id":"P0744","kategori":"kahvehane","ad":"Kahve Durağı Bahçelievler","kaynak":"osm","osm_id":"node/2433719104","ilce":"Bahçelievler","mahalle":"Bahçelievler Mahallesi"}},{"type":"Feature","geometry":{"type":"Point","coordinates":[28.863097,41.002375]},"properties":{"id":"P0745","kategori":"kahvehane","ad":"Baikahveci","kaynak":"osm","osm_id":"node/5142876621","ilce":"Bahçelievler","mahalle":"Bahçelievler Mahallesi"}},{"type":"Feature","geometry":{"type":"Point","coordinates":[28.875328,40.975615]},"properties":{"id":"P0746","kategori":"kahvehane","ad":"Kahve Dünyası","kaynak":"osm","osm_id":"node/13116717977","ilce":"Bakırköy","mahalle":"Cevizlik Mahallesi"}},{"type":"Feature","geometry":{"type":"Point","coordinates":[28.820904,40.958291]},"properties":{"id":"P0747","kategori":"kahvehane","ad":"Kahve Dünyası","kaynak":"osm","osm_id":"node/8027760322","ilce":"Bakırköy","mahalle":"Yeşilköy Mahallesi"}},{"type":"Feature","geometry":{"type":"Point","coordinates":[28.810294,41.095681]},"properties":{"id":"P0748","kategori":"kahvehane","ad":"Vadi Çay Bahçesi","kaynak":"osm","osm_id":"way/1433423400","ilce":"Başakşehir","mahalle":"Başak Mahallesi"}},{"type":"Feature","geometry":{"type":"Point","coordinates":[28.685415,41.062579]},"properties":{"id":"P0749","kategori":"kahvehane","ad":"Kahve Dünyası","kaynak":"osm","osm_id":"node/2084393630","ilce":"Başakşehir","mahalle":"Bahçeşehir 2. Kısım Mahallesi"}},{"type":"Feature","geometry":{"type":"Point","coordinates":[28.901765,41.046332]},"properties":{"id":"P0750","kategori":"kahvehane","ad":"Ayancık Kahvesi","kaynak":"osm","osm_id":"node/10029625556","ilce":"Bayrampaşa","mahalle":"Muratpaşa Mahallesi"}},{"type":"Feature","geometry":{"type":"Point","coordinates":[28.9102,41.053635]},"properties":{"id":"P0751","kategori":"kahvehane","ad":"Kahve Dünyası","kaynak":"osm","osm_id":"node/7905341143","ilce":"Bayrampaşa","mahalle":"Muratpaşa Mahallesi"}},{"type":"Feature","geometry":{"type":"Point","coordinates":[29.017115,41.075542]},"properties":{"id":"P0752","kategori":"kahvehane","ad":"Kahve Dünyası","kaynak":"osm","osm_id":"node/4053760862","ilce":"Beşiktaş","mahalle":"Levent Mahallesi"}},{"type":"Feature","geometry":{"type":"Point","coordinates":[29.051032,41.080148]},"properties":{"id":"P0753","kategori":"kahvehane","ad":"Bebek Koru Kahvesi","kaynak":"osm","osm_id":"node/7542070017","ilce":"Beşiktaş","mahalle":"Bebek Mahallesi"}},{"type":"Feature","geometry":{"type":"Point","coordinates":[29.003043,41.04452]},"properties":{"id":"P0754","kategori":"kahvehane","ad":"Viyana Kahvesi","kaynak":"osm","osm_id":"node/6116261686","ilce":"Beşiktaş","mahalle":"Türkali Mahallesi"}},{"type":"Feature","geometry":{"type":"Point","coordinates":[29.025922,41.049257]},"properties":{"id":"P0755","kategori":"kahvehane","ad":"Kahvec Igil Tekel","kaynak":"osm","osm_id":"node/4165094898","ilce":"Beşiktaş","mahalle":"Mecidiye Mahallesi"}},{"type":"Feature","geometry":{"type":"Point","coordinates":[29.087191,41.141009]},"properties":{"id":"P0756","kategori":"kahvehane","ad":"Çay Evi","kaynak":"osm","osm_id":"node/6920832815","ilce":"Beykoz","mahalle":"Yalıköy Mahallesi"}},{"type":"Feature","geometry":{"type":"Point","coordinates":[29.294911,41.135272]},"properties":{"id":"P0757","kategori":"kahvehane","ad":"Köy Kahvesi","kaynak":"osm","osm_id":"way/436557229","ilce":"Beykoz","mahalle":"İshaklı Mahallesi"}},{"type":"Feature","geometry":{"type":"Point","coordinates":[28.658832,41.006408]},"properties":{"id":"P0758","kategori":"kahvehane","ad":"Kahve Dünyası","kaynak":"osm","osm_id":"node/2282198301","ilce":"Beylikdüzü","mahalle":"Barış Mahallesi"}},{"type":"Feature","geometry":{"type":"Point","coordinates":[28.626135,40.997546]},"properties":{"id":"P0759","kategori":"kahvehane","ad":"Kahve Dünyası","kaynak":"osm","osm_id":"node/12319662960","ilce":"Beylikdüzü","mahalle":"Adnan Kahveci Mahallesi"}},{"type":"Feature","geometry":{"type":"Point","coordinates":[28.982037,41.034774]},"properties":{"id":"P0760","kategori":"kahvehane","ad":"Nazar Cay Evi","kaynak":"osm","osm_id":"node/9670693021","ilce":"Beyoğlu","mahalle":"Katip Mustafa Çelebi Mahallesi"}},{"type":"Feature","geometry":{"type":"Point","coordinates":[28.976491,41.023041]},"properties":{"id":"P0761","kategori":"kahvehane","ad":"Çay Evi (Traditonal Cafeteria)","kaynak":"osm","osm_id":"node/12512834708","ilce":"Beyoğlu","mahalle":"Kemankeş Karamustafa Paşa Mahallesi"}},{"type":"Feature","geometry":{"type":"Point","coordinates":[28.984579,41.026503]},"properties":{"id":"P0762","kategori":"kahvehane","ad":"Kahve Dünyası","kaynak":"osm","osm_id":"node/11385598766","ilce":"Beyoğlu","mahalle":"Kılıçali Paşa Mahallesi"}},{"type":"Feature","geometry":{"type":"Point","coordinates":[28.99119,41.033233]},"properties":{"id":"P0763","kategori":"kahvehane","ad":"Kahve Dünyası","kaynak":"osm","osm_id":"node/9907802794","ilce":"Beyoğlu","mahalle":"Ömer Avni Mahallesi"}},{"type":"Feature","geometry":{"type":"Point","coordinates":[28.973099,41.029378]},"properties":{"id":"P0764","kategori":"kahvehane","ad":"Once Kahve","kaynak":"osm","osm_id":"node/6181222678","ilce":"Beyoğlu","mahalle":"Asmalı Mescit Mahallesi"}},{"type":"Feature","geometry":{"type":"Point","coordinates":[28.590621,41.017663]},"properties":{"id":"P0765","kategori":"kahvehane","ad":"Kahve Deryası","kaynak":"osm","osm_id":"node/8759362130","ilce":"Büyükçekmece","mahalle":"Fatih Mahallesi"}},{"type":"Feature","geometry":{"type":"Point","coordinates":[28.579329,41.021649]},"properties":{"id":"P0766","kategori":"kahvehane","ad":"Çay Evi","kaynak":"osm","osm_id":"node/7889339032","ilce":"Büyükçekmece","mahalle":"Dizdariye Mahallesi"}},{"type":"Feature","geometry":{"type":"Point","coordinates":[28.285157,41.314378]},"properties":{"id":"P0767","kategori":"kahvehane","ad":"Gümüşpınar cay evi alpak kafe","kaynak":"osm","osm_id":"node/6947864961","ilce":"Çatalca","mahalle":"Gümüşpınar Mahallesi"}},{"type":"Feature","geometry":{"type":"Point","coordinates":[28.184026,41.410602]},"properties":{"id":"P0768","kategori":"kahvehane","ad":"Çatalca Belediyesi Çay Bahçesi","kaynak":"osm","osm_id":"node/6929277753","ilce":"Çatalca","mahalle":"Atatürk Mahallesi"}},{"type":"Feature","geometry":{"type":"Point","coordinates":[28.455023,41.222163]},"properties":{"id":"P0769","kategori":"kahvehane","ad":"Tost Çay Ayran Meşrubat","kaynak":"osm","osm_id":"node/8403439241","ilce":"Çatalca","mahalle":"Subaşı Mahallesi"}},{"type":"Feature","geometry":{"type":"Point","coordinates":[29.257943,41.031947]},"properties":{"id":"P0770","kategori":"kahvehane","ad":"Kahve Dünyası","kaynak":"osm","osm_id":"node/2352488621","ilce":"Çekmeköy","mahalle":"Nişantepe Mahallesi"}},{"type":"Feature","geometry":{"type":"Point","coordinates":[29.227841,41.029862]},"properties":{"id":"P0771","kategori":"kahvehane","ad":"Kahve Deryası","kaynak":"osm","osm_id":"node/7230147462","ilce":"Çekmeköy","mahalle":"Sultançiftliği Mahallesi"}},{"type":"Feature","geometry":{"type":"Point","coordinates":[28.898857,41.021377]},"properties":{"id":"P0772","kategori":"kahvehane","ad":"Sütlü Kahve","kaynak":"osm","osm_id":"node/6752791256","ilce":"Esenler","mahalle":"Çifte Havuzlar Mahallesi"}},{"type":"Feature","geometry":{"type":"Point","coordinates":[28.892439,41.030874]},"properties":{"id":"P0773","kategori":"kahvehane","ad":"İkinci Bahar Kıraathanesi","kaynak":"osm","osm_id":"way/1026128234","ilce":"Esenler","mahalle":"Çifte Havuzlar Mahallesi"}},{"type":"Feature","geometry":{"type":"Point","coordinates":[28.685084,41.024483]},"properties":{"id":"P0774","kategori":"kahvehane","ad":"Yemen Kahvesi","kaynak":"osm","osm_id":"node/9141667831","ilce":"Esenyurt","mahalle":"Zafer Mahallesi"}},{"type":"Feature","geometry":{"type":"Point","coordinates":[28.650171,41.039991]},"properties":{"id":"P0775","kategori":"kahvehane","ad":"Demli Çay","kaynak":"osm","osm_id":"node/13480957550","ilce":"Esenyurt","mahalle":"Osmangazi Mahallesi"}},{"type":"Feature","geometry":{"type":"Point","coordinates":[28.653708,41.016396]},"properties":{"id":"P0776","kategori":"kahvehane","ad":"Kahve Diyarı","kaynak":"osm","osm_id":"node/2277123486","ilce":"Esenyurt","mahalle":"Cumhuriyet Mahallesi"}},{"type":"Feature","geometry":{"type":"Point","coordinates":[28.915337,41.049182]},"properties":{"id":"P0777","kategori":"kahvehane","ad":"Kahve Dünyası","kaynak":"osm","osm_id":"node/10550696696","ilce":"Eyüpsultan","mahalle":"Rami Yeni Mahallesi"}},{"type":"Feature","geometry":{"type":"Point","coordinates":[28.944265,41.080006]},"properties":{"id":"P0778","kategori":"kahvehane","ad":"Güntay Kıraathanesi","kaynak":"osm","osm_id":"node/10159083727","ilce":"Eyüpsultan","mahalle":"Alibeyköy Mahallesi"}},{"type":"Feature","geometry":{"type":"Point","coordinates":[28.931928,41.079252]},"properties":{"id":"P0779","kategori":"kahvehane","ad":"Kahve Deposu","kaynak":"osm","osm_id":"node/4828932822","ilce":"Eyüpsultan","mahalle":"Karadolap Mahallesi"}},{"type":"Feature","geometry":{"type":"Point","coordinates":[28.93151,41.009019]},"properties":{"id":"P0780","kategori":"kahvehane","ad":"Gül Çay Evi","kaynak":"osm","osm_id":"node/5115939235","ilce":"Fatih","mahalle":"Seyyid Ömer Mahallesi"}},{"type":"Feature","geometry":{"type":"Point","coordinates":[28.926972,40.993927]},"properties":{"id":"P0781","kategori":"kahvehane","ad":"Istasyon kahvesi","kaynak":"osm","osm_id":"node/5076115927","ilce":"Fatih","mahalle":"Yedikule Mahallesi"}},{"type":"Feature","geometry":{"type":"Point","coordinates":[28.974869,41.015659]},"properties":{"id":"P0782","kategori":"kahvehane","ad":"Kahve deposu","kaynak":"osm","osm_id":"node/6918936586","ilce":"Fatih","mahalle":"Hobyar Mahallesi"}},{"type":"Feature","geometry":{"type":"Point","coordinates":[28.947796,41.012866]},"properties":{"id":"P0783","kategori":"kahvehane","ad":"Best Kahve","kaynak":"osm","osm_id":"node/5073094762","ilce":"Fatih","mahalle":"İskenderpaşa Mahallesi"}},{"type":"Feature","geometry":{"type":"Point","coordinates":[28.972035,41.010114]},"properties":{"id":"P0784","kategori":"kahvehane","ad":"Kahve Dünyası","kaynak":"osm","osm_id":"node/5116617721","ilce":"Fatih","mahalle":"Molla Fenari Mahallesi"}},{"type":"Feature","geometry":{"type":"Point","coordinates":[28.948982,41.021914]},"properties":{"id":"P0785","kategori":"kahvehane","ad":"Başak çay evi","kaynak":"osm","osm_id":"node/5113481328","ilce":"Fatih","mahalle":"Ali Kuşçu Mahallesi"}},{"type":"Feature","geometry":{"type":"Point","coordinates":[28.959187,41.011379]},"properties":{"id":"P0786","kategori":"kahvehane","ad":"Sütlü Kahve","kaynak":"osm","osm_id":"node/7021236414","ilce":"Fatih","mahalle":"Balabanağa Mahallesi"}},{"type":"Feature","geometry":{"type":"Point","coordinates":[28.985708,41.017568]},"properties":{"id":"P0787","kategori":"kahvehane","ad":"Sarayburnu Aile Çay Bahçesi","kaynak":"osm","osm_id":"node/5108828690","ilce":"Fatih","mahalle":"Hocapaşa Mahallesi"}},{"type":"Feature","geometry":{"type":"Point","coordinates":[28.968711,41.016918]},"properties":{"id":"P0788","kategori":"kahvehane","ad":"Ugur Büfe ve Çayocağı","kaynak":"osm","osm_id":"node/5244795903","ilce":"Fatih","mahalle":"Tahtakale Mahallesi"}},{"type":"Feature","geometry":{"type":"Point","coordinates":[28.939584,41.032931]},"properties":{"id":"P0789","kategori":"kahvehane","ad":"Çakırağa Çay Evi","kaynak":"osm","osm_id":"node/5112749747","ilce":"Fatih","mahalle":"Ayvansaray Mahallesi"}},{"type":"Feature","geometry":{"type":"Point","coordinates":[28.949104,41.008203]},"properties":{"id":"P0790","kategori":"kahvehane","ad":"Dostlar Çay Evi","kaynak":"osm","osm_id":"node/5107305897","ilce":"Fatih","mahalle":"Aksaray Mahallesi"}},{"type":"Feature","geometry":{"type":"Point","coordinates":[28.938596,41.010874]},"properties":{"id":"P0791","kategori":"kahvehane","ad":"KAHVE KÖŞEM","kaynak":"osm","osm_id":"node/5113592166","ilce":"Fatih","mahalle":"Haseki Sultan Mahallesi"}},{"type":"Feature","geometry":{"type":"Point","coordinates":[28.931674,40.999931]},"properties":{"id":"P0792","kategori":"kahvehane","ad":"Çay Evı","kaynak":"osm","osm_id":"node/5088194825","ilce":"Fatih","mahalle":"Koca Mustafapaşa Mahallesi"}},{"type":"Feature","geometry":{"type":"Point","coordinates":[28.952806,41.028746]},"properties":{"id":"P0793","kategori":"kahvehane","ad":"Çaykur Özel Çaylar Satış Bayii","kaynak":"osm","osm_id":"node/5081445083","ilce":"Fatih","mahalle":"Yavuz Sultan Selim Mahallesi"}},{"type":"Feature","geometry":{"type":"Point","coordinates":[28.933005,41.015116]},"properties":{"id":"P0794","kategori":"kahvehane","ad":"Simitçi Kahvesi","kaynak":"osm","osm_id":"node/5106132768","ilce":"Fatih","mahalle":"Şehremini Mahallesi"}},{"type":"Feature","geometry":{"type":"Point","coordinates":[28.928847,41.004171]},"properties":{"id":"P0795","kategori":"kahvehane","ad":"Çay Evi","kaynak":"osm","osm_id":"node/5113125938","ilce":"Fatih","mahalle":"Silivrikapı Mahallesi"}},{"type":"Feature","geometry":{"type":"Point","coordinates":[28.911356,41.056276]},"properties":{"id":"P0796","kategori":"kahvehane","ad":"Plevne Kahvesi","kaynak":"osm","osm_id":"node/8733555266","ilce":"Gaziosmanpaşa","mahalle":"Merkez Mahallesi"}},{"type":"Feature","geometry":{"type":"Point","coordinates":[28.895698,41.068599]},"properties":{"id":"P0797","kategori":"kahvehane","ad":"Yeşilçam Kahve Evi","kaynak":"osm","osm_id":"node/5273428798","ilce":"Gaziosmanpaşa","mahalle":"Hürriyet Mahallesi"}},{"type":"Feature","geometry":{"type":"Point","coordinates":[28.882257,41.084001]},"properties":{"id":"P0798","kategori":"kahvehane","ad":"Ferdi Çay Evi","kaynak":"osm","osm_id":"node/11206598180","ilce":"Gaziosmanpaşa","mahalle":"Karadeniz Mahallesi"}},{"type":"Feature","geometry":{"type":"Point","coordinates":[28.873168,41.016414]},"properties":{"id":"P0799","kategori":"kahvehane","ad":"Halil İbrahim Çay Evi","kaynak":"osm","osm_id":"node/4390137189","ilce":"Güngören","mahalle":"Merkez Mahallesi"}},{"type":"Feature","geometry":{"type":"Point","coordinates":[29.095012,40.959475]},"properties":{"id":"P0800","kategori":"kahvehane","ad":"Kahve Dünyası","kaynak":"osm","osm_id":"node/5270266087","ilce":"Kadıköy","mahalle":"Bostancı Mahallesi"}},{"type":"Feature","geometry":{"type":"Point","coordinates":[29.021213,40.980335]},"properties":{"id":"P0801","kategori":"kahvehane","ad":"Çaykur","kaynak":"osm","osm_id":"node/9510245922","ilce":"Kadıköy","mahalle":"Caferağa Mahallesi"}},{"type":"Feature","geometry":{"type":"Point","coordinates":[29.027946,40.986491]},"properties":{"id":"P0802","kategori":"kahvehane","ad":"Fazıl Bey'in Türk Kahvesi","kaynak":"osm","osm_id":"node/6525099035","ilce":"Kadıköy","mahalle":"Caferağa Mahallesi"}},{"type":"Feature","geometry":{"type":"Point","coordinates":[29.066607,40.970374]},"properties":{"id":"P0803","kategori":"kahvehane","ad":"Kahvely","kaynak":"osm","osm_id":"node/12269603452","ilce":"Kadıköy","mahalle":"Göztepe Mahallesi"}},{"type":"Feature","geometry":{"type":"Point","coordinates":[29.045733,40.974302]},"properties":{"id":"P0804","kategori":"kahvehane","ad":"Kahve Dünyası","kaynak":"osm","osm_id":"node/5582550059","ilce":"Kadıköy","mahalle":"Fenerbahçe Mahallesi"}},{"type":"Feature","geometry":{"type":"Point","coordinates":[29.040572,40.983347]},"properties":{"id":"P0805","kategori":"kahvehane","ad":"Cimcime Çaykolik Cafe","kaynak":"osm","osm_id":"node/6980199085","ilce":"Kadıköy","mahalle":"Zühtüpaşa Mahallesi"}},{"type":"Feature","geometry":{"type":"Point","coordinates":[29.09185,40.969647]},"properties":{"id":"P0806","kategori":"kahvehane","ad":"Kahve Dünyası","kaynak":"osm","osm_id":"node/9951101553","ilce":"Kadıköy","mahalle":"Kozyatağı Mahallesi"}},{"type":"Feature","geometry":{"type":"Point","coordinates":[29.041488,41.009615]},"properties":{"id":"P0807","kategori":"kahvehane","ad":"Kahve Dünyası","kaynak":"osm","osm_id":"node/6090898095","ilce":"Kadıköy","mahalle":"Koşuyolu Mahallesi"}},{"type":"Feature","geometry":{"type":"Point","coordinates":[28.973469,41.08113]},"properties":{"id":"P0808","kategori":"kahvehane","ad":"Mavi Boncuk Çay Evi","kaynak":"osm","osm_id":"node/9933684911","ilce":"Kâğıthane","mahalle":"Merkez Mahallesi"}},{"type":"Feature","geometry":{"type":"Point","coordinates":[29.224506,40.918318]},"properties":{"id":"P0809","kategori":"kahvehane","ad":"Yakacık Merkez Kıraathanesi","kaynak":"osm","osm_id":"node/6081007879","ilce":"Kartal","mahalle":"Yakacık Çarşı Mahallesi"}},{"type":"Feature","geometry":{"type":"Point","coordinates":[29.164837,40.897113]},"properties":{"id":"P0810","kategori":"kahvehane","ad":"Papatya Çay Bahçesi","kaynak":"osm","osm_id":"node/5283737954","ilce":"Kartal","mahalle":"Kordonboyu Mahallesi"}},{"type":"Feature","geometry":{"type":"Point","coordinates":[28.79737,41.001457]},"properties":{"id":"P0811","kategori":"kahvehane","ad":"Bayramefendi Osmanlı Kahvecisi","kaynak":"osm","osm_id":"node/9500621321","ilce":"Küçükçekmece","mahalle":"Kemalpaşa Mahallesi"}},{"type":"Feature","geometry":{"type":"Point","coordinates":[28.788189,41.022366]},"properties":{"id":"P0812","kategori":"kahvehane","ad":"Can Kıraathanesi","kaynak":"osm","osm_id":"node/12706530257","ilce":"Küçükçekmece","mahalle":"Söğütlü Çeşme Mahallesi"}},{"type":"Feature","geometry":{"type":"Point","coordinates":[28.798311,41.054775]},"properties":{"id":"P0813","kategori":"kahvehane","ad":"Kaanlar Kıraathanesi","kaynak":"osm","osm_id":"node/7221496001","ilce":"Küçükçekmece","mahalle":"Atatürk Mahallesi"}},{"type":"Feature","geometry":{"type":"Point","coordinates":[29.13504,40.922153]},"properties":{"id":"P0814","kategori":"kahvehane","ad":"Közde Eminönü Kahvecisi","kaynak":"osm","osm_id":"node/13922873814","ilce":"Maltepe","mahalle":"Bağlarbaşı Mahallesi"}},{"type":"Feature","geometry":{"type":"Point","coordinates":[29.100975,40.952377]},"properties":{"id":"P0815","kategori":"kahvehane","ad":"Kahve Diyarı","kaynak":"osm","osm_id":"node/7743453259","ilce":"Maltepe","mahalle":"Altıntepe Mahallesi"}},{"type":"Feature","geometry":{"type":"Point","coordinates":[29.135711,40.924536]},"properties":{"id":"P0816","kategori":"kahvehane","ad":"Köyüm Kıraathanesi","kaynak":"osm","osm_id":"node/12507537253","ilce":"Maltepe","mahalle":"Bağlarbaşı Mahallesi"}},{"type":"Feature","geometry":{"type":"Point","coordinates":[29.305978,40.930757]},"properties":{"id":"P0817","kategori":"kahvehane","ad":"Kahve Deryasi","kaynak":"osm","osm_id":"node/9839782324","ilce":"Pendik","mahalle":"Yenişehir Mahallesi"}},{"type":"Feature","geometry":{"type":"Point","coordinates":[29.240023,40.876677]},"properties":{"id":"P0818","kategori":"kahvehane","ad":"Marmara Aile Çay Bahçesi","kaynak":"osm","osm_id":"node/2401027210","ilce":"Pendik","mahalle":"Doğu Mahallesi"}},{"type":"Feature","geometry":{"type":"Point","coordinates":[29.30495,40.868007]},"properties":{"id":"P0819","kategori":"kahvehane","ad":"Hançer Kiraathanesi","kaynak":"osm","osm_id":"node/6513003426","ilce":"Pendik","mahalle":"Ahmet Yesevi Mahallesi"}},{"type":"Feature","geometry":{"type":"Point","coordinates":[29.231683,40.875148]},"properties":{"id":"P0820","kategori":"kahvehane","ad":"Yemen Kahvesi","kaynak":"osm","osm_id":"node/5139922621","ilce":"Pendik","mahalle":"Batı Mahallesi"}},{"type":"Feature","geometry":{"type":"Point","coordinates":[29.208943,41.008671]},"properties":{"id":"P0821","kategori":"kahvehane","ad":"Ömür Kahvesi","kaynak":"osm","osm_id":"node/4571489350","ilce":"Sancaktepe","mahalle":"Sarıgazi Mahallesi"}},{"type":"Feature","geometry":{"type":"Point","coordinates":[29.230781,40.991391]},"properties":{"id":"P0822","kategori":"kahvehane","ad":"Hane Çikolata & Kahve","kaynak":"osm","osm_id":"node/12730479096","ilce":"Sancaktepe","mahalle":"Abdurrahmangazi Mahallesi"}},{"type":"Feature","geometry":{"type":"Point","coordinates":[29.06578,41.117877]},"properties":{"id":"P0823","kategori":"kahvehane","ad":"Kahve Limanı","kaynak":"osm","osm_id":"node/7527270513","ilce":"Sarıyer","mahalle":"Yeniköy Mahallesi"}},{"type":"Feature","geometry":{"type":"Point","coordinates":[28.984478,41.23673]},"properties":{"id":"P0824","kategori":"kahvehane","ad":"Gümüşdere Dinlenme Çay Evi","kaynak":"osm","osm_id":"node/6326679555","ilce":"Sarıyer","mahalle":"Gümüşdere Mahallesi"}},{"type":"Feature","geometry":{"type":"Point","coordinates":[29.02306,41.105343]},"properties":{"id":"P0825","kategori":"kahvehane","ad":"1773 İTÜ Kahve Satış Mekânı","kaynak":"osm","osm_id":"node/13326094315","ilce":"Sarıyer","mahalle":"Reşitpaşa Mahallesi"}},{"type":"Feature","geometry":{"type":"Point","coordinates":[29.649594,41.02601]},"properties":{"id":"P0826","kategori":"kahvehane","ad":"Sarıkavak Köy Kahvesi","kaynak":"osm","osm_id":"node/7816973898","ilce":"Şile","mahalle":"Hasanlı Mahallesi"}},{"type":"Feature","geometry":{"type":"Point","coordinates":[29.565231,41.168662]},"properties":{"id":"P0827","kategori":"kahvehane","ad":"Kahve Dünyası","kaynak":"osm","osm_id":"way/1004670927","ilce":"Şile","mahalle":"Meşrutiyet Mahallesi"}},{"type":"Feature","geometry":{"type":"Point","coordinates":[28.17545,41.315607]},"properties":{"id":"P0828","kategori":"kahvehane","ad":"Kahve","kaynak":"osm","osm_id":"node/7874190982","ilce":"Silivri","mahalle":"Sayalar Mahallesi"}},{"type":"Feature","geometry":{"type":"Point","coordinates":[28.24358,41.073014]},"properties":{"id":"P0829","kategori":"kahvehane","ad":"Çağdaş Yaşamı Destekleme Derneği Çay Bahçesi","kaynak":"osm","osm_id":"node/9473453941","ilce":"Silivri","mahalle":"Piri Mehmet Paşa Mahallesi"}},{"type":"Feature","geometry":{"type":"Point","coordinates":[28.113315,41.234102]},"properties":{"id":"P0830","kategori":"kahvehane","ad":"Kahve","kaynak":"osm","osm_id":"node/5452420607","ilce":"Silivri","mahalle":"Beyciler Mahallesi"}},{"type":"Feature","geometry":{"type":"Point","coordinates":[28.37422,41.052974]},"properties":{"id":"P0831","kategori":"kahvehane","ad":"Dostlar Aile Çay Bahçesi","kaynak":"osm","osm_id":"node/12040730668","ilce":"Silivri","mahalle":"Selimpaşa Mahallesi"}},{"type":"Feature","geometry":{"type":"Point","coordinates":[28.987662,41.063789]},"properties":{"id":"P0832","kategori":"kahvehane","ad":"Çaykovski","kaynak":"osm","osm_id":"node/4428872692","ilce":"Şişli","mahalle":"Merkez Mahallesi"}},{"type":"Feature","geometry":{"type":"Point","coordinates":[28.99403,41.048375]},"properties":{"id":"P0833","kategori":"kahvehane","ad":"Aşşk Kahve","kaynak":"osm","osm_id":"node/4874545125","ilce":"Şişli","mahalle":"Harbiye Mahallesi"}},{"type":"Feature","geometry":{"type":"Point","coordinates":[29.001034,41.067702]},"properties":{"id":"P0834","kategori":"kahvehane","ad":"Kahve Dünyası","kaynak":"osm","osm_id":"node/2261194423","ilce":"Şişli","mahalle":"Mecidiyeköy Mahallesi"}},{"type":"Feature","geometry":{"type":"Point","coordinates":[29.253271,40.967074]},"properties":{"id":"P0835","kategori":"kahvehane","ad":"Bi çay","kaynak":"osm","osm_id":"node/5542883419","ilce":"Sultanbeyli","mahalle":"Hasanpaşa Mahallesi"}},{"type":"Feature","geometry":{"type":"Point","coordinates":[29.278557,40.964887]},"properties":{"id":"P0836","kategori":"kahvehane","ad":"Çay Ocağı","kaynak":"osm","osm_id":"node/5542883411","ilce":"Sultanbeyli","mahalle":"Turgut Reis Mahallesi"}},{"type":"Feature","geometry":{"type":"Point","coordinates":[28.866052,41.105845]},"properties":{"id":"P0837","kategori":"kahvehane","ad":"Yeşilçam Kahve Evi","kaynak":"osm","osm_id":"node/5285760915","ilce":"Sultangazi","mahalle":"Cebeci Mahallesi"}},{"type":"Feature","geometry":{"type":"Point","coordinates":[28.899781,41.100021]},"properties":{"id":"P0838","kategori":"kahvehane","ad":"Közde Kahve","kaynak":"osm","osm_id":"node/11696509358","ilce":"Sultangazi","mahalle":"75. Yıl Mahallesi"}},{"type":"Feature","geometry":{"type":"Point","coordinates":[29.338065,40.858533]},"properties":{"id":"P0839","kategori":"kahvehane","ad":"Karadeniz Kıraathanesi","kaynak":"osm","osm_id":"node/5900400228","ilce":"Tuzla","mahalle":"Aydınlı Mahallesi"}},{"type":"Feature","geometry":{"type":"Point","coordinates":[29.322506,40.830161]},"properties":{"id":"P0840","kategori":"kahvehane","ad":"Toker Çay Bahçesi","kaynak":"osm","osm_id":"node/8993108562","ilce":"Tuzla","mahalle":"İstasyon Mahallesi"}},{"type":"Feature","geometry":{"type":"Point","coordinates":[29.356961,40.893987]},"properties":{"id":"P0841","kategori":"kahvehane","ad":"Merkez Cami Çay Ocağı","kaynak":"osm","osm_id":"node/5969777768","ilce":"Tuzla","mahalle":"Orhanlı Mahallesi"}},{"type":"Feature","geometry":{"type":"Point","coordinates":[29.109684,41.022054]},"properties":{"id":"P0842","kategori":"kahvehane","ad":"Çeşme Kahve - Ümraniye","kaynak":"osm","osm_id":"node/13629396799","ilce":"Ümraniye","mahalle":"Atakent Mahallesi"}},{"type":"Feature","geometry":{"type":"Point","coordinates":[29.189214,41.013837]},"properties":{"id":"P0843","kategori":"kahvehane","ad":"Yeşilcam Kahve Evi","kaynak":"osm","osm_id":"node/2270768841","ilce":"Ümraniye","mahalle":"Madenler Mahallesi"}},{"type":"Feature","geometry":{"type":"Point","coordinates":[29.062845,41.016004]},"properties":{"id":"P0844","kategori":"kahvehane","ad":"Küçük Çamlıca Hancı Aile Çay Bahçesi","kaynak":"osm","osm_id":"node/11112893749","ilce":"Üsküdar","mahalle":"Küçük Çamlıca Mahallesi"}},{"type":"Feature","geometry":{"type":"Point","coordinates":[29.054514,41.00065]},"properties":{"id":"P0845","kategori":"kahvehane","ad":"Kahve Dünyası","kaynak":"osm","osm_id":"node/13444970390","ilce":"Üsküdar","mahalle":"Acıbadem Mahallesi"}},{"type":"Feature","geometry":{"type":"Point","coordinates":[29.084228,41.024708]},"properties":{"id":"P0846","kategori":"kahvehane","ad":"Yeşilçam Kahve Evi","kaynak":"osm","osm_id":"node/7153698094","ilce":"Üsküdar","mahalle":"Kısıklı Mahallesi"}},{"type":"Feature","geometry":{"type":"Point","coordinates":[29.039771,41.017901]},"properties":{"id":"P0847","kategori":"kahvehane","ad":"Kitaplı Kahve","kaynak":"osm","osm_id":"node/4571440612","ilce":"Üsküdar","mahalle":"Barbaros Mahallesi"}},{"type":"Feature","geometry":{"type":"Point","coordinates":[28.911464,40.998444]},"properties":{"id":"P0848","kategori":"kahvehane","ad":"ŞAHİN YILMAZ KIRAATHANESİ","kaynak":"osm","osm_id":"node/5667641614","ilce":"Zeytinburnu","mahalle":"Telsiz Mahallesi"}},{"type":"Feature","geometry":{"type":"Point","coordinates":[28.904272,40.988249]},"properties":{"id":"P0849","kategori":"kahvehane","ad":"Yeşilçam Kahve Evi","kaynak":"osm","osm_id":"node/6364562967","ilce":"Zeytinburnu","mahalle":"Yenidoğan Mahallesi"}},{"type":"Feature","geometry":{"type":"Point","coordinates":[28.909734,41.011374]},"properties":{"id":"P0850","kategori":"kahvehane","ad":"Çanakkkale Kıraathanesi","kaynak":"osm","osm_id":"node/5666801870","ilce":"Zeytinburnu","mahalle":"Merkezefendi Mahallesi"}},{"type":"Feature","geometry":{"type":"Point","coordinates":[29.054193,40.907803]},"properties":{"id":"P0851","kategori":"kargo","ad":"PTT","kaynak":"osm","osm_id":"way/1052168473","ilce":"Adalar","mahalle":"Kınalıada Mahallesi"}},{"type":"Feature","geometry":{"type":"Point","coordinates":[29.069201,40.880808]},"properties":{"id":"P0852","kategori":"kargo","ad":"Ptt","kaynak":"osm","osm_id":"node/6637556132","ilce":"Adalar","mahalle":"Burgazada Mahallesi"}},{"type":"Feature","geometry":{"type":"Point","coordinates":[28.71467,41.193942]},"properties":{"id":"P0853","kategori":"kargo","ad":"MNG Kargo Taşoluk Şubesi","kaynak":"osm","osm_id":"node/12684609754","ilce":"Arnavutköy","mahalle":"Taşoluk Mahallesi"}},{"type":"Feature","geometry":{"type":"Point","coordinates":[29.085027,41.006346]},"properties":{"id":"P0854","kategori":"kargo","ad":"MNG Kargo","kaynak":"osm","osm_id":"node/10030749113","ilce":"Ataşehir","mahalle":"Esatpaşa Mahallesi"}},{"type":"Feature","geometry":{"type":"Point","coordinates":[29.091227,40.988666]},"properties":{"id":"P0855","kategori":"kargo","ad":"Ptt - Yenisahra Şubesi","kaynak":"osm","osm_id":"node/6924867021","ilce":"Ataşehir","mahalle":"Yenisahra Mahallesi"}},{"type":"Feature","geometry":{"type":"Point","coordinates":[29.117325,40.992233]},"properties":{"id":"P0856","kategori":"kargo","ad":"PTT","kaynak":"osm","osm_id":"node/10294826509","ilce":"Ataşehir","mahalle":"Atatürk Mahallesi"}},{"type":"Feature","geometry":{"type":"Point","coordinates":[29.115024,40.978885]},"properties":{"id":"P0857","kategori":"kargo","ad":"PTT Ataşehir","kaynak":"osm","osm_id":"node/6965190669","ilce":"Ataşehir","mahalle":"Küçükbakkalköy Mahallesi"}},{"type":"Feature","geometry":{"type":"Point","coordinates":[28.687874,41.049865]},"properties":{"id":"P0858","kategori":"kargo","ad":"PTT Esenyurt HGS Acentesi","kaynak":"osm","osm_id":"way/956544889","ilce":"Avcılar","mahalle":"Yeşilkent Mahallesi"}},{"type":"Feature","geometry":{"type":"Point","coordinates":[28.709925,40.998575]},"properties":{"id":"P0859","kategori":"kargo","ad":"PTT","kaynak":"osm","osm_id":"node/7592436154","ilce":"Avcılar","mahalle":"Üniversite Mahallesi"}},{"type":"Feature","geometry":{"type":"Point","coordinates":[28.849755,41.030958]},"properties":{"id":"P0860","kategori":"kargo","ad":"Ptt Yıldıztepe","kaynak":"osm","osm_id":"node/5667748009","ilce":"Bağcılar","mahalle":"İnönü Mahallesi"}},{"type":"Feature","geometry":{"type":"Point","coordinates":[28.832556,41.041657]},"properties":{"id":"P0861","kategori":"kargo","ad":"Ptt","kaynak":"osm","osm_id":"node/5667701610","ilce":"Bağcılar","mahalle":"Yenimahalle Mahallesi"}},{"type":"Feature","geometry":{"type":"Point","coordinates":[28.827502,41.030745]},"properties":{"id":"P0862","kategori":"kargo","ad":"PTT","kaynak":"osm","osm_id":"node/5667684473","ilce":"Bağcılar","mahalle":"Hürriyet Mahallesi"}},{"type":"Feature","geometry":{"type":"Point","coordinates":[28.85015,41.059665]},"properties":{"id":"P0863","kategori":"kargo","ad":"Aras Cargo","kaynak":"osm","osm_id":"node/5667673436","ilce":"Bağcılar","mahalle":"100. Yıl Mahallesi"}},{"type":"Feature","geometry":{"type":"Point","coordinates":[28.859411,40.999193]},"properties":{"id":"P0864","kategori":"kargo","ad":"MNG Kargo","kaynak":"osm","osm_id":"node/4586993083","ilce":"Bahçelievler","mahalle":"Bahçelievler Mahallesi"}},{"type":"Feature","geometry":{"type":"Point","coordinates":[28.870604,40.982302]},"properties":{"id":"P0865","kategori":"kargo","ad":"Aras Kargo","kaynak":"osm","osm_id":"node/14087627401","ilce":"Bakırköy","mahalle":"Zuhuratbaba Mahallesi"}},{"type":"Feature","geometry":{"type":"Point","coordinates":[28.83096,40.985998]},"properties":{"id":"P0866","kategori":"kargo","ad":"Ptt","kaynak":"osm","osm_id":"node/6543138546","ilce":"Bakırköy","mahalle":"Yeşilköy Mahallesi"}},{"type":"Feature","geometry":{"type":"Point","coordinates":[28.759319,41.10529]},"properties":{"id":"P0867","kategori":"kargo","ad":"Kayaşehir PTT","kaynak":"osm","osm_id":"node/6939087412","ilce":"Başakşehir","mahalle":"Kayabaşı Mahallesi"}},{"type":"Feature","geometry":{"type":"Point","coordinates":[28.684493,41.070647]},"properties":{"id":"P0868","kategori":"kargo","ad":"PTT Bahçeşehir","kaynak":"osm","osm_id":"way/294876632","ilce":"Başakşehir","mahalle":"Bahçeşehir 2. Kısım Mahallesi"}},{"type":"Feature","geometry":{"type":"Point","coordinates":[28.911507,41.035842]},"properties":{"id":"P0869","kategori":"kargo","ad":"PTT","kaynak":"osm","osm_id":"node/9141476429","ilce":"Bayrampaşa","mahalle":"Yenidoğan Mahallesi"}},{"type":"Feature","geometry":{"type":"Point","coordinates":[28.911488,41.049758]},"properties":{"id":"P0870","kategori":"kargo","ad":"Yurtiçi Kargo","kaynak":"osm","osm_id":"node/10226561588","ilce":"Bayrampaşa","mahalle":"Muratpaşa Mahallesi"}},{"type":"Feature","geometry":{"type":"Point","coordinates":[29.016749,41.075267]},"properties":{"id":"P0871","kategori":"kargo","ad":"PTT Levent Şubesi","kaynak":"osm","osm_id":"way/254708969","ilce":"Beşiktaş","mahalle":"Levent Mahallesi"}},{"type":"Feature","geometry":{"type":"Point","coordinates":[29.010445,41.090319]},"properties":{"id":"P0872","kategori":"kargo","ad":"PTT Yenilevent Şube","kaynak":"osm","osm_id":"node/5580720934","ilce":"Beşiktaş","mahalle":"Konaklar Mahallesi"}},{"type":"Feature","geometry":{"type":"Point","coordinates":[29.089558,41.093938]},"properties":{"id":"P0873","kategori":"kargo","ad":"Yurtiçi Kargo","kaynak":"osm","osm_id":"node/4691931863","ilce":"Beykoz","mahalle":"Kavacık Mahallesi"}},{"type":"Feature","geometry":{"type":"Point","coordinates":[28.613113,40.991494]},"properties":{"id":"P0874","kategori":"kargo","ad":"PTT Gürpınar Şübesi","kaynak":"osm","osm_id":"node/7698901248","ilce":"Beylikdüzü","mahalle":"Gürpınar Mahallesi"}},{"type":"Feature","geometry":{"type":"Point","coordinates":[28.643952,41.009803]},"properties":{"id":"P0875","kategori":"kargo","ad":"PTT","kaynak":"osm","osm_id":"node/9112361192","ilce":"Beylikdüzü","mahalle":"Büyükşehir Mahallesi"}},{"type":"Feature","geometry":{"type":"Point","coordinates":[28.988246,41.029568]},"properties":{"id":"P0876","kategori":"kargo","ad":"PTT -MSGSÜ Şubesi","kaynak":"osm","osm_id":"way/843015031","ilce":"Beyoğlu","mahalle":"Pürtelaş Hasan Efendi Mahallesi"}},{"type":"Feature","geometry":{"type":"Point","coordinates":[28.974318,41.022366]},"properties":{"id":"P0877","kategori":"kargo","ad":"PTT Karaköy","kaynak":"osm","osm_id":"node/3132625399","ilce":"Beyoğlu","mahalle":"Arap Cami Mahallesi"}},{"type":"Feature","geometry":{"type":"Point","coordinates":[28.57909,41.020836]},"properties":{"id":"P0878","kategori":"kargo","ad":"PTT Büyükçekmece","kaynak":"osm","osm_id":"node/7889339019","ilce":"Büyükçekmece","mahalle":"Dizdariye Mahallesi"}},{"type":"Feature","geometry":{"type":"Point","coordinates":[28.550067,41.010909]},"properties":{"id":"P0879","kategori":"kargo","ad":"Aras Kargo - Mimaroba","kaynak":"osm","osm_id":"node/4559180524","ilce":"Büyükçekmece","mahalle":"Mimarsinan Mahallesi"}},{"type":"Feature","geometry":{"type":"Point","coordinates":[28.296707,41.475822]},"properties":{"id":"P0880","kategori":"kargo","ad":"PTT","kaynak":"osm","osm_id":"way/1086660964","ilce":"Çatalca","mahalle":"Yalıköy Mahallesi"}},{"type":"Feature","geometry":{"type":"Point","coordinates":[29.182448,41.029845]},"properties":{"id":"P0881","kategori":"kargo","ad":"PTT Mimar Sinan Şubesi","kaynak":"osm","osm_id":"node/2641194829","ilce":"Çekmeköy","mahalle":"Mimar Sinan Mahallesi"}},{"type":"Feature","geometry":{"type":"Point","coordinates":[29.241218,41.047746]},"properties":{"id":"P0882","kategori":"kargo","ad":"PTT Alemdağ Şubesi","kaynak":"osm","osm_id":"node/5303260408","ilce":"Çekmeköy","mahalle":"Çatalmeşe Mahallesi"}},{"type":"Feature","geometry":{"type":"Point","coordinates":[29.190095,41.015912]},"properties":{"id":"P0883","kategori":"kargo","ad":"MNG Kargo Çekmeköy Şubesi","kaynak":"osm","osm_id":"node/5262246754","ilce":"Çekmeköy","mahalle":"Mehmet Akif Mahallesi"}},{"type":"Feature","geometry":{"type":"Point","coordinates":[28.697596,41.000948]},"properties":{"id":"P0884","kategori":"kargo","ad":"PTT Pınarlı Şubesi","kaynak":"osm","osm_id":"node/10541522677","ilce":"Esenyurt","mahalle":"Turgut Özal Mahallesi"}},{"type":"Feature","geometry":{"type":"Point","coordinates":[28.653948,41.012303]},"properties":{"id":"P0885","kategori":"kargo","ad":"MNG Kargo Şubesi","kaynak":"osm","osm_id":"node/5132843154","ilce":"Esenyurt","mahalle":"Mevlana Mahallesi"}},{"type":"Feature","geometry":{"type":"Point","coordinates":[28.912659,41.049502]},"properties":{"id":"P0886","kategori":"kargo","ad":"MNG Kargo","kaynak":"osm","osm_id":"node/10142484176","ilce":"Eyüpsultan","mahalle":"Rami Yeni Mahallesi"}},{"type":"Feature","geometry":{"type":"Point","coordinates":[28.920643,41.049216]},"properties":{"id":"P0887","kategori":"kargo","ad":"PTT","kaynak":"osm","osm_id":"node/8773904523","ilce":"Eyüpsultan","mahalle":"Rami Cuma Mahallesi"}},{"type":"Feature","geometry":{"type":"Point","coordinates":[28.974071,41.014416]},"properties":{"id":"P0888","kategori":"kargo","ad":"Büyük Postane","kaynak":"osm","osm_id":"way/331666330","ilce":"Fatih","mahalle":"Hobyar Mahallesi"}},{"type":"Feature","geometry":{"type":"Point","coordinates":[28.932083,41.00134]},"properties":{"id":"P0889","kategori":"kargo","ad":"PTT","kaynak":"osm","osm_id":"node/5115940970","ilce":"Fatih","mahalle":"Koca Mustafapaşa Mahallesi"}},{"type":"Feature","geometry":{"type":"Point","coordinates":[28.934759,41.01244]},"properties":{"id":"P0890","kategori":"kargo","ad":"Mng Kargo","kaynak":"osm","osm_id":"node/5106133698","ilce":"Fatih","mahalle":"Şehremini Mahallesi"}},{"type":"Feature","geometry":{"type":"Point","coordinates":[28.923993,41.0067]},"properties":{"id":"P0891","kategori":"kargo","ad":"Global 777 cargo","kaynak":"osm","osm_id":"node/5113472206","ilce":"Fatih","mahalle":"Mevlanakapı Mahallesi"}},{"type":"Feature","geometry":{"type":"Point","coordinates":[28.942625,41.020043]},"properties":{"id":"P0892","kategori":"kargo","ad":"Surat kargo","kaynak":"osm","osm_id":"node/5243952015","ilce":"Fatih","mahalle":"Akşemsettin Mahallesi"}},{"type":"Feature","geometry":{"type":"Point","coordinates":[28.955956,41.004915]},"properties":{"id":"P0893","kategori":"kargo","ad":"Gloriya Kargo","kaynak":"osm","osm_id":"node/4472707720","ilce":"Fatih","mahalle":"Katip Kasım Mahallesi"}},{"type":"Feature","geometry":{"type":"Point","coordinates":[28.955884,41.012353]},"properties":{"id":"P0894","kategori":"kargo","ad":"Cevahir Tekstil","kaynak":"osm","osm_id":"node/5106118278","ilce":"Fatih","mahalle":"Kemalpaşa Mahallesi"}},{"type":"Feature","geometry":{"type":"Point","coordinates":[28.914869,41.058619]},"properties":{"id":"P0895","kategori":"kargo","ad":"PTT Gaziosmanpaşa","kaynak":"osm","osm_id":"node/2381737562","ilce":"Gaziosmanpaşa","mahalle":"Sarıgöl Mahallesi"}},{"type":"Feature","geometry":{"type":"Point","coordinates":[28.896225,41.015204]},"properties":{"id":"P0896","kategori":"kargo","ad":"Tozkoparan sosyal konutlar PTT","kaynak":"osm","osm_id":"node/6749940276","ilce":"Güngören","mahalle":"Tozkoparan Mahallesi"}},{"type":"Feature","geometry":{"type":"Point","coordinates":[29.061535,40.970315]},"properties":{"id":"P0897","kategori":"kargo","ad":"DHL","kaynak":"osm","osm_id":"node/10772997208","ilce":"Kadıköy","mahalle":"Caddebostan Mahallesi"}},{"type":"Feature","geometry":{"type":"Point","coordinates":[29.027445,40.992241]},"properties":{"id":"P0898","kategori":"kargo","ad":"Aras Kargo Rıhtım Şubesi","kaynak":"osm","osm_id":"way/633191932","ilce":"Kadıköy","mahalle":"Osmanağa Mahallesi"}},{"type":"Feature","geometry":{"type":"Point","coordinates":[29.074444,40.973255]},"properties":{"id":"P0899","kategori":"kargo","ad":"PTT Erenköy","kaynak":"osm","osm_id":"node/1866928803","ilce":"Kadıköy","mahalle":"Erenköy Mahallesi"}},{"type":"Feature","geometry":{"type":"Point","coordinates":[29.091978,40.959988]},"properties":{"id":"P0900","kategori":"kargo","ad":"Mng Kargo","kaynak":"osm","osm_id":"node/4561221849","ilce":"Kadıköy","mahalle":"Bostancı Mahallesi"}},{"type":"Feature","geometry":{"type":"Point","coordinates":[29.048921,40.993071]},"properties":{"id":"P0901","kategori":"kargo","ad":"pudoPOINT","kaynak":"osm","osm_id":"node/12668660982","ilce":"Kadıköy","mahalle":"Fikirtepe Mahallesi"}},{"type":"Feature","geometry":{"type":"Point","coordinates":[28.954916,41.058881]},"properties":{"id":"P0902","kategori":"kargo","ad":"PTT Örnekttepe Şubesi","kaynak":"osm","osm_id":"node/9516089238","ilce":"Kâğıthane","mahalle":"Mehmet Akif Ersoy Mahallesi"}},{"type":"Feature","geometry":{"type":"Point","coordinates":[29.180708,40.897424]},"properties":{"id":"P0903","kategori":"kargo","ad":"Aras Kargo","kaynak":"osm","osm_id":"node/13691298176","ilce":"Kartal","mahalle":"Petrol İş Mahallesi"}},{"type":"Feature","geometry":{"type":"Point","coordinates":[29.214134,40.881968]},"properties":{"id":"P0904","kategori":"kargo","ad":"PTT Pendik Posta Dağıtım Merkezi","kaynak":"osm","osm_id":"node/9308433311","ilce":"Kartal","mahalle":"Kordonboyu Mahallesi"}},{"type":"Feature","geometry":{"type":"Point","coordinates":[29.216868,40.909883]},"properties":{"id":"P0905","kategori":"kargo","ad":"MNG Kargo","kaynak":"osm","osm_id":"node/12703912549","ilce":"Kartal","mahalle":"Cumhuriyet Mahallesi"}},{"type":"Feature","geometry":{"type":"Point","coordinates":[29.183979,40.90075]},"properties":{"id":"P0906","kategori":"kargo","ad":"Ptt - Karlıktepe","kaynak":"osm","osm_id":"node/6806288584","ilce":"Kartal","mahalle":"Karlıktepe Mahallesi"}},{"type":"Feature","geometry":{"type":"Point","coordinates":[28.796111,41.005796]},"properties":{"id":"P0907","kategori":"kargo","ad":"Ptt Sefaköy Şubesi","kaynak":"osm","osm_id":"node/1407273053","ilce":"Küçükçekmece","mahalle":"Fevzi Çakmak Mahallesi"}},{"type":"Feature","geometry":{"type":"Point","coordinates":[28.785825,41.055923]},"properties":{"id":"P0908","kategori":"kargo","ad":"PTT Şubesi","kaynak":"osm","osm_id":"node/7029938301","ilce":"Küçükçekmece","mahalle":"Atakent Mahallesi"}},{"type":"Feature","geometry":{"type":"Point","coordinates":[29.146987,40.939314]},"properties":{"id":"P0909","kategori":"kargo","ad":"Yurtiçi Kargo Zümrütevler","kaynak":"osm","osm_id":"way/461881016","ilce":"Maltepe","mahalle":"Zümrütevler Mahallesi"}},{"type":"Feature","geometry":{"type":"Point","coordinates":[29.108622,40.947433]},"properties":{"id":"P0910","kategori":"kargo","ad":"Küçükyalı PTT","kaynak":"osm","osm_id":"node/5271346272","ilce":"Maltepe","mahalle":"Küçükyalı Merkez Mahallesi"}},{"type":"Feature","geometry":{"type":"Point","coordinates":[29.298209,40.913773]},"properties":{"id":"P0911","kategori":"kargo","ad":"Ptt","kaynak":"osm","osm_id":"node/6532153497","ilce":"Pendik","mahalle":"Kurtköy Mahallesi"}},{"type":"Feature","geometry":{"type":"Point","coordinates":[29.272633,40.87878]},"properties":{"id":"P0912","kategori":"kargo","ad":"Ptt","kaynak":"osm","osm_id":"node/4927027527","ilce":"Pendik","mahalle":"Çamçeşme Mahallesi"}},{"type":"Feature","geometry":{"type":"Point","coordinates":[29.229657,40.879237]},"properties":{"id":"P0913","kategori":"kargo","ad":"Ptt","kaynak":"osm","osm_id":"node/6387281152","ilce":"Pendik","mahalle":"Batı Mahallesi"}},{"type":"Feature","geometry":{"type":"Point","coordinates":[29.257257,40.908335]},"properties":{"id":"P0914","kategori":"kargo","ad":null,"kaynak":"osm","osm_id":"node/14133242419","ilce":"Pendik","mahalle":"Velibaba Mahallesi"}},{"type":"Feature","geometry":{"type":"Point","coordinates":[29.203138,41.008469]},"properties":{"id":"P0915","kategori":"kargo","ad":"Yurtiçi Kargo","kaynak":"osm","osm_id":"node/6133573947","ilce":"Sancaktepe","mahalle":"Meclis Mahallesi"}},{"type":"Feature","geometry":{"type":"Point","coordinates":[29.235381,40.986683]},"properties":{"id":"P0916","kategori":"kargo","ad":"PTT Sancaktepe Posta Dağıtım Müdürlüğü","kaynak":"osm","osm_id":"node/12669721148","ilce":"Sancaktepe","mahalle":"Osmangazi Mahallesi"}},{"type":"Feature","geometry":{"type":"Point","coordinates":[28.990231,41.179795]},"properties":{"id":"P0917","kategori":"kargo","ad":"PTT","kaynak":"osm","osm_id":"way/939365766","ilce":"Sarıyer","mahalle":"Bahçeköy Merkez Mahallesi"}},{"type":"Feature","geometry":{"type":"Point","coordinates":[28.997259,41.118198]},"properties":{"id":"P0918","kategori":"kargo","ad":"MNG Kargo","kaynak":"osm","osm_id":"node/9670043533","ilce":"Sarıyer","mahalle":"Ayazağa Mahallesi"}},{"type":"Feature","geometry":{"type":"Point","coordinates":[29.856979,41.138903]},"properties":{"id":"P0919","kategori":"kargo","ad":"Ptt - Ağva Şubesi","kaynak":"osm","osm_id":"node/6049893606","ilce":"Şile","mahalle":"Ağva Merkez Mahallesi"}},{"type":"Feature","geometry":{"type":"Point","coordinates":[28.25378,41.072409]},"properties":{"id":"P0920","kategori":"kargo","ad":"Aras Kargo","kaynak":"osm","osm_id":"node/9473418655","ilce":"Silivri","mahalle":"Alibey Mahallesi"}},{"type":"Feature","geometry":{"type":"Point","coordinates":[28.084295,41.079067]},"properties":{"id":"P0921","kategori":"kargo","ad":"PTT Çanta","kaynak":"osm","osm_id":"node/11683582172","ilce":"Silivri","mahalle":"Çanta Sancaktepe Mahallesi"}},{"type":"Feature","geometry":{"type":"Point","coordinates":[28.988417,41.061284]},"properties":{"id":"P0922","kategori":"kargo","ad":"Ptt","kaynak":"osm","osm_id":"node/5753791521","ilce":"Şişli","mahalle":"19 Mayıs Mahallesi"}},{"type":"Feature","geometry":{"type":"Point","coordinates":[29.001736,41.068101]},"properties":{"id":"P0923","kategori":"kargo","ad":"Aras Kargo","kaynak":"osm","osm_id":"node/2274989180","ilce":"Şişli","mahalle":"Gülbahar Mahallesi"}},{"type":"Feature","geometry":{"type":"Point","coordinates":[29.266462,40.981388]},"properties":{"id":"P0924","kategori":"kargo","ad":"PTT","kaynak":"osm","osm_id":"node/5542883189","ilce":"Sultanbeyli","mahalle":"Battalgazi Mahallesi"}},{"type":"Feature","geometry":{"type":"Point","coordinates":[29.270384,40.963098]},"properties":{"id":"P0925","kategori":"kargo","ad":"PTT","kaynak":"osm","osm_id":"node/5329337949","ilce":"Sultanbeyli","mahalle":"Mehmet Akif Mahallesi"}},{"type":"Feature","geometry":{"type":"Point","coordinates":[28.858231,41.110693]},"properties":{"id":"P0926","kategori":"kargo","ad":"MNG Kargo","kaynak":"osm","osm_id":"node/5295117700","ilce":"Sultangazi","mahalle":"İsmetpaşa Mahallesi"}},{"type":"Feature","geometry":{"type":"Point","coordinates":[28.867436,41.09239]},"properties":{"id":"P0927","kategori":"kargo","ad":"PTT 50. Yıl Şubesi","kaynak":"osm","osm_id":"node/13910125095","ilce":"Sultangazi","mahalle":"50. Yıl Mahallesi"}},{"type":"Feature","geometry":{"type":"Point","coordinates":[29.3565,40.895321]},"properties":{"id":"P0928","kategori":"kargo","ad":"Ptt Orhanlı Şubesi","kaynak":"osm","osm_id":"node/5969777225","ilce":"Tuzla","mahalle":"Orhanlı Mahallesi"}},{"type":"Feature","geometry":{"type":"Point","coordinates":[29.311145,40.831228]},"properties":{"id":"P0929","kategori":"kargo","ad":"Ptt - Tuzla Yayla Şubesi","kaynak":"osm","osm_id":"node/6208674577","ilce":"Tuzla","mahalle":"Yayla Mahallesi"}},{"type":"Feature","geometry":{"type":"Point","coordinates":[29.395417,40.877539]},"properties":{"id":"P0930","kategori":"kargo","ad":"BOSB PTT","kaynak":"osm","osm_id":"way/490424507","ilce":"Tuzla","mahalle":"Aydınlı Mahallesi"}},{"type":"Feature","geometry":{"type":"Point","coordinates":[29.109414,41.020764]},"properties":{"id":"P0931","kategori":"kargo","ad":"Ptt Ümraniye Posta Dağıtım Merkezi Müdürlüğü","kaynak":"osm","osm_id":"node/7096226108","ilce":"Ümraniye","mahalle":"Atakent Mahallesi"}},{"type":"Feature","geometry":{"type":"Point","coordinates":[29.131101,41.01513]},"properties":{"id":"P0932","kategori":"kargo","ad":"Yurtiçi Kargo","kaynak":"osm","osm_id":"node/14047358601","ilce":"Ümraniye","mahalle":"Tepeüstü Mahallesi"}},{"type":"Feature","geometry":{"type":"Point","coordinates":[29.17063,41.026605]},"properties":{"id":"P0933","kategori":"kargo","ad":"TNT Kargo Çekmeköy Şubesi","kaynak":"osm","osm_id":"node/5262274009","ilce":"Ümraniye","mahalle":"Necip Fazıl Mahallesi"}},{"type":"Feature","geometry":{"type":"Point","coordinates":[29.160034,40.999963]},"properties":{"id":"P0934","kategori":"kargo","ad":"Yurtiçi Kargo","kaynak":"osm","osm_id":"node/5259665247","ilce":"Ümraniye","mahalle":"Dudullu OSB Mahallesi"}},{"type":"Feature","geometry":{"type":"Point","coordinates":[29.030413,41.027341]},"properties":{"id":"P0935","kategori":"kargo","ad":"Ptt - Fıstıkağacı Şubesi","kaynak":"osm","osm_id":"node/6877031850","ilce":"Üsküdar","mahalle":"Selami Ali Mahallesi"}},{"type":"Feature","geometry":{"type":"Point","coordinates":[29.085487,41.014517]},"properties":{"id":"P0936","kategori":"kargo","ad":"Ptt Çamlıca","kaynak":"osm","osm_id":"node/7132896837","ilce":"Üsküdar","mahalle":"Cumhuriyet Mahallesi"}},{"type":"Feature","geometry":{"type":"Point","coordinates":[29.070104,41.000802]},"properties":{"id":"P0937","kategori":"kargo","ad":"Soyak PTT","kaynak":"osm","osm_id":"node/1690847750","ilce":"Üsküdar","mahalle":"Ünalan Mahallesi"}},{"type":"Feature","geometry":{"type":"Point","coordinates":[28.909407,41.027363]},"properties":{"id":"P0938","kategori":"kargo","ad":"Sürat Kargo","kaynak":"osm","osm_id":"node/5667618634","ilce":"Zeytinburnu","mahalle":"Maltepe Mahallesi"}},{"type":"Feature","geometry":{"type":"Point","coordinates":[28.910431,40.998899]},"properties":{"id":"P0939","kategori":"kargo","ad":"Sürat Kargo","kaynak":"osm","osm_id":"node/5667642066","ilce":"Zeytinburnu","mahalle":"Telsiz Mahallesi"}},{"type":"Feature","geometry":{"type":"Point","coordinates":[28.893289,40.983534]},"properties":{"id":"P0940","kategori":"kargo","ad":"MNG Kargo","kaynak":"osm","osm_id":"node/5667660908","ilce":"Zeytinburnu","mahalle":"Sümer Mahallesi"}},{"type":"Feature","geometry":{"type":"Point","coordinates":[29.055306,40.908311]},"properties":{"id":"P0941","kategori":"market","ad":"A101","kaynak":"osm","osm_id":"node/12669569489","ilce":"Adalar","mahalle":"Kınalıada Mahallesi"}},{"type":"Feature","geometry":{"type":"Point","coordinates":[29.100636,40.876849]},"properties":{"id":"P0942","kategori":"market","ad":"Can Market","kaynak":"osm","osm_id":"node/9983876837","ilce":"Adalar","mahalle":"Heybeliada Mahallesi"}},{"type":"Feature","geometry":{"type":"Point","coordinates":[29.130009,40.874603]},"properties":{"id":"P0943","kategori":"market","ad":"A101","kaynak":"osm","osm_id":"node/4040300214","ilce":"Adalar","mahalle":"Maden Mahallesi"}},{"type":"Feature","geometry":{"type":"Point","coordinates":[28.726838,41.198391]},"properties":{"id":"P0944","kategori":"market","ad":"Onur Market","kaynak":"osm","osm_id":"node/11435339749","ilce":"Arnavutköy","mahalle":"Nene hatun Mahallesi"}},{"type":"Feature","geometry":{"type":"Point","coordinates":[28.597605,41.235622]},"properties":{"id":"P0945","kategori":"market","ad":"Şen Kardeşler Market","kaynak":"osm","osm_id":"node/10860848817","ilce":"Arnavutköy","mahalle":"Yassıören Mahallesi"}},{"type":"Feature","geometry":{"type":"Point","coordinates":[28.674088,41.301506]},"properties":{"id":"P0946","kategori":"market","ad":"Akmanlar Market ve Tekel","kaynak":"osm","osm_id":"node/11421909505","ilce":"Arnavutköy","mahalle":"Terkos Mahallesi"}},{"type":"Feature","geometry":{"type":"Point","coordinates":[28.744464,41.262016]},"properties":{"id":"P0947","kategori":"market","ad":"Old Bazaar","kaynak":"osm","osm_id":"node/6794082495","ilce":"Arnavutköy","mahalle":"İmrahor Mahallesi"}},{"type":"Feature","geometry":{"type":"Point","coordinates":[28.634289,41.090217]},"properties":{"id":"P0948","kategori":"market","ad":"Shell Select","kaynak":"osm","osm_id":"way/1424454808","ilce":"Arnavutköy","mahalle":"Ömerli Mahallesi"}},{"type":"Feature","geometry":{"type":"Point","coordinates":[29.078151,40.997213]},"properties":{"id":"P0949","kategori":"market","ad":"A101","kaynak":"osm","osm_id":"node/12006473623","ilce":"Ataşehir","mahalle":"Örnek Mahallesi"}},{"type":"Feature","geometry":{"type":"Point","coordinates":[29.137851,40.993982]},"properties":{"id":"P0950","kategori":"market","ad":"Şok","kaynak":"osm","osm_id":"node/12670056327","ilce":"Ataşehir","mahalle":"Yenişehir Mahallesi"}},{"type":"Feature","geometry":{"type":"Point","coordinates":[29.134664,40.975442]},"properties":{"id":"P0951","kategori":"market","ad":"BİM","kaynak":"osm","osm_id":"node/5354129643","ilce":"Ataşehir","mahalle":"İnönü Mahallesi"}},{"type":"Feature","geometry":{"type":"Point","coordinates":[29.103901,40.996963]},"properties":{"id":"P0952","kategori":"market","ad":"CarrefourSA","kaynak":"osm","osm_id":"node/2514747644","ilce":"Ataşehir","mahalle":"Barbaros Mahallesi"}},{"type":"Feature","geometry":{"type":"Point","coordinates":[29.085746,40.988651]},"properties":{"id":"P0953","kategori":"market","ad":"Migros","kaynak":"osm","osm_id":"node/2192343357","ilce":"Ataşehir","mahalle":"Yenisahra Mahallesi"}},{"type":"Feature","geometry":{"type":"Point","coordinates":[29.112871,40.979772]},"properties":{"id":"P0954","kategori":"market","ad":"Gültekin Tekel & Şarküteri","kaynak":"osm","osm_id":"node/8043934578","ilce":"Ataşehir","mahalle":"Küçükbakkalköy Mahallesi"}},{"type":"Feature","geometry":{"type":"Point","coordinates":[29.088303,41.006211]},"properties":{"id":"P0955","kategori":"market","ad":"furkan gıda","kaynak":"osm","osm_id":"node/6166336759","ilce":"Ataşehir","mahalle":"Esatpaşa Mahallesi"}},{"type":"Feature","geometry":{"type":"Point","coordinates":[29.134246,40.986154]},"properties":{"id":"P0956","kategori":"market","ad":"Tercan Süper Market","kaynak":"osm","osm_id":"node/6819809962","ilce":"Ataşehir","mahalle":"Atatürk Mahallesi"}},{"type":"Feature","geometry":{"type":"Point","coordinates":[28.717306,40.974516]},"properties":{"id":"P0957","kategori":"market","ad":"Zafer Tekel Shop","kaynak":"osm","osm_id":"node/13071906879","ilce":"Avcılar","mahalle":"Ambarlı Mahallesi"}},{"type":"Feature","geometry":{"type":"Point","coordinates":[28.737634,40.980051]},"properties":{"id":"P0958","kategori":"market","ad":"UCZ Süpermarket","kaynak":"osm","osm_id":"node/2629072138","ilce":"Avcılar","mahalle":"Gümüşpala Mahallesi"}},{"type":"Feature","geometry":{"type":"Point","coordinates":[28.712227,40.997734]},"properties":{"id":"P0959","kategori":"market","ad":"Şok","kaynak":"osm","osm_id":"node/13718796332","ilce":"Avcılar","mahalle":"Üniversite Mahallesi"}},{"type":"Feature","geometry":{"type":"Point","coordinates":[28.705128,41.063839]},"properties":{"id":"P0960","kategori":"market","ad":"Happy Center","kaynak":"osm","osm_id":"node/6399989681","ilce":"Avcılar","mahalle":"Tahtakale Mahallesi"}},{"type":"Feature","geometry":{"type":"Point","coordinates":[28.688279,41.05534]},"properties":{"id":"P0961","kategori":"market","ad":"File","kaynak":"osm","osm_id":"node/6417401603","ilce":"Avcılar","mahalle":"Yeşilkent Mahallesi"}},{"type":"Feature","geometry":{"type":"Point","coordinates":[28.858738,41.047481]},"properties":{"id":"P0962","kategori":"market","ad":"Sayanalar Market","kaynak":"osm","osm_id":"node/5667673921","ilce":"Bağcılar","mahalle":"Fevzi Çakmak Mahallesi"}},{"type":"Feature","geometry":{"type":"Point","coordinates":[28.866344,41.032741]},"properties":{"id":"P0963","kategori":"market","ad":"Şok","kaynak":"osm","osm_id":"node/5667722048","ilce":"Bağcılar","mahalle":"Merkez Mahallesi"}},{"type":"Feature","geometry":{"type":"Point","coordinates":[28.840155,41.028622]},"properties":{"id":"P0964","kategori":"market","ad":"Şok","kaynak":"osm","osm_id":"node/5667691095","ilce":"Bağcılar","mahalle":"Kâzım Karabekir Mahallesi"}},{"type":"Feature","geometry":{"type":"Point","coordinates":[28.835382,41.043762]},"properties":{"id":"P0965","kategori":"market","ad":"A101","kaynak":"osm","osm_id":"node/5667704017","ilce":"Bağcılar","mahalle":"Yenimahalle Mahallesi"}},{"type":"Feature","geometry":{"type":"Point","coordinates":[28.845931,41.048651]},"properties":{"id":"P0966","kategori":"market","ad":"Damak gida","kaynak":"osm","osm_id":"node/5667672286","ilce":"Bağcılar","mahalle":"Fatih Mahallesi"}},{"type":"Feature","geometry":{"type":"Point","coordinates":[28.858119,41.021144]},"properties":{"id":"P0967","kategori":"market","ad":"DOVİT MALATYA PAZARI","kaynak":"osm","osm_id":"node/5667747314","ilce":"Bağcılar","mahalle":"Yenigün Mahallesi"}},{"type":"Feature","geometry":{"type":"Point","coordinates":[28.834576,41.052102]},"properties":{"id":"P0968","kategori":"market","ad":"Yakup Gıda","kaynak":"osm","osm_id":"node/5667674987","ilce":"Bağcılar","mahalle":"Demirkapı Mahallesi"}},{"type":"Feature","geometry":{"type":"Point","coordinates":[28.813862,41.038049]},"properties":{"id":"P0969","kategori":"market","ad":"Şok","kaynak":"osm","osm_id":"node/9277127467","ilce":"Bağcılar","mahalle":"15 Temmuz Mahallesi"}},{"type":"Feature","geometry":{"type":"Point","coordinates":[28.864187,41.039586]},"properties":{"id":"P0970","kategori":"market","ad":"Şok","kaynak":"osm","osm_id":"node/5667723836","ilce":"Bağcılar","mahalle":"Çınar Mahallesi"}},{"type":"Feature","geometry":{"type":"Point","coordinates":[28.859756,41.070752]},"properties":{"id":"P0971","kategori":"market","ad":"Dedeler","kaynak":"osm","osm_id":"node/5667673614","ilce":"Bağcılar","mahalle":"100. Yıl Mahallesi"}},{"type":"Feature","geometry":{"type":"Point","coordinates":[28.842764,41.041528]},"properties":{"id":"P0972","kategori":"market","ad":"Alhadid","kaynak":"osm","osm_id":"node/5667702808","ilce":"Bağcılar","mahalle":"Yenimahalle Mahallesi"}},{"type":"Feature","geometry":{"type":"Point","coordinates":[28.856247,41.030887]},"properties":{"id":"P0973","kategori":"market","ad":"Makbul kuruyemiş","kaynak":"osm","osm_id":"node/5667747224","ilce":"Bağcılar","mahalle":"İnönü Mahallesi"}},{"type":"Feature","geometry":{"type":"Point","coordinates":[28.837114,41.034597]},"properties":{"id":"P0974","kategori":"market","ad":"Spot market","kaynak":"osm","osm_id":"node/5667702802","ilce":"Bağcılar","mahalle":"Kirazlı Mahallesi"}},{"type":"Feature","geometry":{"type":"Point","coordinates":[28.826774,41.035504]},"properties":{"id":"P0975","kategori":"market","ad":"Çağrı Market","kaynak":"osm","osm_id":"node/12016468146","ilce":"Bağcılar","mahalle":"Güneşli Mahallesi"}},{"type":"Feature","geometry":{"type":"Point","coordinates":[28.875526,41.006436]},"properties":{"id":"P0976","kategori":"market","ad":"Benim Market","kaynak":"osm","osm_id":"node/7592484324","ilce":"Bahçelievler","mahalle":"Bahçelievler Mahallesi"}},{"type":"Feature","geometry":{"type":"Point","coordinates":[28.827026,40.998718]},"properties":{"id":"P0977","kategori":"market","ad":"Pazar","kaynak":"osm","osm_id":"node/8272896617","ilce":"Bahçelievler","mahalle":"Çobançeşme Mahallesi"}},{"type":"Feature","geometry":{"type":"Point","coordinates":[28.858873,41.008482]},"properties":{"id":"P0978","kategori":"market","ad":"Migros","kaynak":"osm","osm_id":"node/4912935422","ilce":"Bahçelievler","mahalle":"Soğanlı Mahallesi"}},{"type":"Feature","geometry":{"type":"Point","coordinates":[28.840136,40.994829]},"properties":{"id":"P0979","kategori":"market","ad":"Şok","kaynak":"osm","osm_id":"node/14177246801","ilce":"Bahçelievler","mahalle":"Hürriyet Mahallesi"}},{"type":"Feature","geometry":{"type":"Point","coordinates":[28.886037,40.997156]},"properties":{"id":"P0980","kategori":"market","ad":"CarrefourSA","kaynak":"osm","osm_id":"node/12344264001","ilce":"Bakırköy","mahalle":"Osmaniye Mahallesi"}},{"type":"Feature","geometry":{"type":"Point","coordinates":[28.789682,40.986155]},"properties":{"id":"P0981","kategori":"market","ad":"Migros","kaynak":"osm","osm_id":"node/5825443153","ilce":"Bakırköy","mahalle":"Şenlikköy Mahallesi"}},{"type":"Feature","geometry":{"type":"Point","coordinates":[28.869064,40.986964]},"properties":{"id":"P0982","kategori":"market","ad":"Şok","kaynak":"osm","osm_id":"node/5175234722","ilce":"Bakırköy","mahalle":"Zuhuratbaba Mahallesi"}},{"type":"Feature","geometry":{"type":"Point","coordinates":[28.823512,40.96019]},"properties":{"id":"P0983","kategori":"market","ad":"Osmanoğulları Kuruyemiş Dünyası","kaynak":"osm","osm_id":"node/8027760324","ilce":"Bakırköy","mahalle":"Yeşilköy Mahallesi"}},{"type":"Feature","geometry":{"type":"Point","coordinates":[28.881059,40.980275]},"properties":{"id":"P0984","kategori":"market","ad":"Migros","kaynak":"osm","osm_id":"way/465384490","ilce":"Bakırköy","mahalle":"Yenimahalle Mahallesi"}},{"type":"Feature","geometry":{"type":"Point","coordinates":[28.81106,41.090415]},"properties":{"id":"P0985","kategori":"market","ad":"Ceyhan Market","kaynak":"osm","osm_id":"node/11901148002","ilce":"Başakşehir","mahalle":"Başak Mahallesi"}},{"type":"Feature","geometry":{"type":"Point","coordinates":[28.749492,41.074834]},"properties":{"id":"P0986","kategori":"market","ad":"BİM","kaynak":"osm","osm_id":"node/14142570676","ilce":"Başakşehir","mahalle":"Güvercintepe Mahallesi"}},{"type":"Feature","geometry":{"type":"Point","coordinates":[28.751725,41.106805]},"properties":{"id":"P0987","kategori":"market","ad":"Şok","kaynak":"osm","osm_id":"node/11584951966","ilce":"Başakşehir","mahalle":"Kayabaşı Mahallesi"}},{"type":"Feature","geometry":{"type":"Point","coordinates":[28.767471,41.133594]},"properties":{"id":"P0988","kategori":"market","ad":"Aşıklar Gurme Market","kaynak":"osm","osm_id":"node/13920452279","ilce":"Başakşehir","mahalle":"Kayabaşı Mahallesi"}},{"type":"Feature","geometry":{"type":"Point","coordinates":[28.789474,41.108093]},"properties":{"id":"P0989","kategori":"market","ad":"Show Market","kaynak":"osm","osm_id":"node/11779953738","ilce":"Başakşehir","mahalle":"Başakşehir Mahallesi"}},{"type":"Feature","geometry":{"type":"Point","coordinates":[28.896897,41.05761]},"properties":{"id":"P0990","kategori":"market","ad":"ÖZÇEÇEN MARKET - ABDURRAHMAN SAHIN","kaynak":"osm","osm_id":"node/5834063985","ilce":"Bayrampaşa","mahalle":"Kartaltepe Mahallesi"}},{"type":"Feature","geometry":{"type":"Point","coordinates":[28.907504,41.032895]},"properties":{"id":"P0991","kategori":"market","ad":"A101","kaynak":"osm","osm_id":"node/10029601214","ilce":"Bayrampaşa","mahalle":"Vatan Mahallesi"}},{"type":"Feature","geometry":{"type":"Point","coordinates":[28.897751,41.051157]},"properties":{"id":"P0992","kategori":"market","ad":"Happy Center","kaynak":"osm","osm_id":"node/5158383226","ilce":"Bayrampaşa","mahalle":"Kocatepe Mahallesi"}},{"type":"Feature","geometry":{"type":"Point","coordinates":[28.898987,41.033053]},"properties":{"id":"P0993","kategori":"market","ad":"Elif Büfe","kaynak":"osm","osm_id":"node/5081521321","ilce":"Bayrampaşa","mahalle":"Terazidere Mahallesi"}},{"type":"Feature","geometry":{"type":"Point","coordinates":[28.900288,41.040532]},"properties":{"id":"P0994","kategori":"market","ad":"A101","kaynak":"osm","osm_id":"node/4875595969","ilce":"Bayrampaşa","mahalle":"Altıntepsi Mahallesi"}},{"type":"Feature","geometry":{"type":"Point","coordinates":[29.014399,41.095039]},"properties":{"id":"P0995","kategori":"market","ad":"Migros","kaynak":"osm","osm_id":"node/3138082829","ilce":"Beşiktaş","mahalle":"Konaklar Mahallesi"}},{"type":"Feature","geometry":{"type":"Point","coordinates":[29.036337,41.060035]},"properties":{"id":"P0996","kategori":"market","ad":"Çakır Tekel","kaynak":"osm","osm_id":"node/10283106520","ilce":"Beşiktaş","mahalle":"Kuruçeşme Mahallesi"}},{"type":"Feature","geometry":{"type":"Point","coordinates":[29.042149,41.070778]},"properties":{"id":"P0997","kategori":"market","ad":"Meydan Market","kaynak":"osm","osm_id":"node/1484074146","ilce":"Beşiktaş","mahalle":"Arnavutköy Mahallesi"}},{"type":"Feature","geometry":{"type":"Point","coordinates":[29.017127,41.073102]},"properties":{"id":"P0998","kategori":"market","ad":"CarrefourSA","kaynak":"osm","osm_id":"node/1990132922","ilce":"Beşiktaş","mahalle":"Nisbetiye Mahallesi"}},{"type":"Feature","geometry":{"type":"Point","coordinates":[29.121856,41.109455]},"properties":{"id":"P0999","kategori":"market","ad":"Macrocenter","kaynak":"osm","osm_id":"way/1436213069","ilce":"Beykoz","mahalle":"Acarlar Mahallesi"}},{"type":"Feature","geometry":{"type":"Point","coordinates":[29.087291,41.142011]},"properties":{"id":"P1000","kategori":"market","ad":"A101","kaynak":"osm","osm_id":"node/9143717265","ilce":"Beykoz","mahalle":"Ortaçeşme Mahallesi"}},{"type":"Feature","geometry":{"type":"Point","coordinates":[29.089464,41.067364]},"properties":{"id":"P1001","kategori":"market","ad":"A101","kaynak":"osm","osm_id":"node/12006473550","ilce":"Beykoz","mahalle":"Yeni Mahalle Mahallesi"}},{"type":"Feature","geometry":{"type":"Point","coordinates":[29.243179,41.203381]},"properties":{"id":"P1002","kategori":"market","ad":"Migros","kaynak":"osm","osm_id":"node/13092498771","ilce":"Beykoz","mahalle":"Riva Mahallesi"}},{"type":"Feature","geometry":{"type":"Point","coordinates":[29.158984,41.180452]},"properties":{"id":"P1003","kategori":"market","ad":null,"kaynak":"osm","osm_id":"way/717175310","ilce":"Beykoz","mahalle":"Kaynarca Mahallesi"}},{"type":"Feature","geometry":{"type":"Point","coordinates":[28.627838,40.993326]},"properties":{"id":"P1004","kategori":"market","ad":"File","kaynak":"osm","osm_id":"node/10582640175","ilce":"Beylikdüzü","mahalle":"Adnan Kahveci Mahallesi"}},{"type":"Feature","geometry":{"type":"Point","coordinates":[28.635684,41.014895]},"properties":{"id":"P1005","kategori":"market","ad":"Migros","kaynak":"osm","osm_id":"node/9754073517","ilce":"Beylikdüzü","mahalle":"Cumhuriyet Mahallesi"}},{"type":"Feature","geometry":{"type":"Point","coordinates":[28.656113,40.977828]},"properties":{"id":"P1006","kategori":"market","ad":"File","kaynak":"osm","osm_id":"node/12809192522","ilce":"Beylikdüzü","mahalle":"Kavaklı Mahallesi"}},{"type":"Feature","geometry":{"type":"Point","coordinates":[28.671658,40.981984]},"properties":{"id":"P1007","kategori":"market","ad":"Happy Center","kaynak":"osm","osm_id":"node/4592863491","ilce":"Beylikdüzü","mahalle":"Marmara Mahallesi"}},{"type":"Feature","geometry":{"type":"Point","coordinates":[28.650358,40.999096]},"properties":{"id":"P1008","kategori":"market","ad":"Onur Market","kaynak":"osm","osm_id":"node/9503617483","ilce":"Beylikdüzü","mahalle":"Barış Mahallesi"}},{"type":"Feature","geometry":{"type":"Point","coordinates":[28.980549,41.02874]},"properties":{"id":"P1009","kategori":"market","ad":"Gözde Market","kaynak":"osm","osm_id":"node/1613977087","ilce":"Beyoğlu","mahalle":"Firuzağa Mahallesi"}},{"type":"Feature","geometry":{"type":"Point","coordinates":[28.973533,41.026099]},"properties":{"id":"P1010","kategori":"market","ad":"Migros Jet","kaynak":"osm","osm_id":"node/6726103904","ilce":"Beyoğlu","mahalle":"Bereketzade Mahallesi"}},{"type":"Feature","geometry":{"type":"Point","coordinates":[28.98289,41.036893]},"properties":{"id":"P1011","kategori":"market","ad":"Dogan Büfe","kaynak":"osm","osm_id":"node/12840946547","ilce":"Beyoğlu","mahalle":"Şehit Muhtar Mahallesi"}},{"type":"Feature","geometry":{"type":"Point","coordinates":[28.960513,41.050551]},"properties":{"id":"P1012","kategori":"market","ad":"A101","kaynak":"osm","osm_id":"node/12006460722","ilce":"Beyoğlu","mahalle":"Piyalepaşa Mahallesi"}},{"type":"Feature","geometry":{"type":"Point","coordinates":[28.965045,41.043209]},"properties":{"id":"P1013","kategori":"market","ad":"Gazi Market","kaynak":"osm","osm_id":"node/5873943688","ilce":"Beyoğlu","mahalle":"Kaptanpaşa Mahallesi"}},{"type":"Feature","geometry":{"type":"Point","coordinates":[28.967411,41.035593]},"properties":{"id":"P1014","kategori":"market","ad":"BİM","kaynak":"osm","osm_id":"node/4754138423","ilce":"Beyoğlu","mahalle":"Küçük Piyale Mahallesi"}},{"type":"Feature","geometry":{"type":"Point","coordinates":[28.575595,41.021342]},"properties":{"id":"P1015","kategori":"market","ad":"Yaren Mini Market","kaynak":"osm","osm_id":"node/9935472155","ilce":"Büyükçekmece","mahalle":"Dizdariye Mahallesi"}},{"type":"Feature","geometry":{"type":"Point","coordinates":[28.618786,41.002358]},"properties":{"id":"P1016","kategori":"market","ad":"A101","kaynak":"osm","osm_id":"node/7811832670","ilce":"Büyükçekmece","mahalle":"Pınartepe Mahallesi"}},{"type":"Feature","geometry":{"type":"Point","coordinates":[28.53216,41.002902]},"properties":{"id":"P1017","kategori":"market","ad":"Şok","kaynak":"osm","osm_id":"node/12704181740","ilce":"Büyükçekmece","mahalle":"Mimaroba Mahallesi"}},{"type":"Feature","geometry":{"type":"Point","coordinates":[28.622253,41.073665]},"properties":{"id":"P1018","kategori":"market","ad":"A101","kaynak":"osm","osm_id":"node/11688942436","ilce":"Büyükçekmece","mahalle":"Alkent 2000 Mahallesi"}},{"type":"Feature","geometry":{"type":"Point","coordinates":[28.523712,41.031867]},"properties":{"id":"P1019","kategori":"market","ad":"Ayken Market","kaynak":"osm","osm_id":"way/653358457","ilce":"Büyükçekmece","mahalle":"Türkoba Mahallesi"}},{"type":"Feature","geometry":{"type":"Point","coordinates":[28.36052,41.254688]},"properties":{"id":"P1020","kategori":"market","ad":"Gündoğdu Market","kaynak":"osm","osm_id":"node/13090094665","ilce":"Çatalca","mahalle":"İhsaniye Mahallesi"}},{"type":"Feature","geometry":{"type":"Point","coordinates":[28.462479,41.141733]},"properties":{"id":"P1021","kategori":"market","ad":"Şok","kaynak":"osm","osm_id":"node/6440458855","ilce":"Çatalca","mahalle":"Ferhatpaşa Mahallesi"}},{"type":"Feature","geometry":{"type":"Point","coordinates":[28.205842,41.374651]},"properties":{"id":"P1022","kategori":"market","ad":"Karakuş Gıda","kaynak":"osm","osm_id":"node/4837463766","ilce":"Çatalca","mahalle":"Aydınlar Mahallesi"}},{"type":"Feature","geometry":{"type":"Point","coordinates":[28.455801,41.223479]},"properties":{"id":"P1023","kategori":"market","ad":"Tuncay Market","kaynak":"osm","osm_id":"node/8403439108","ilce":"Çatalca","mahalle":"Subaşı Mahallesi"}},{"type":"Feature","geometry":{"type":"Point","coordinates":[29.243674,41.050131]},"properties":{"id":"P1024","kategori":"market","ad":"A101","kaynak":"osm","osm_id":"node/12303978501","ilce":"Çekmeköy","mahalle":"Çatalmeşe Mahallesi"}},{"type":"Feature","geometry":{"type":"Point","coordinates":[29.224408,41.022781]},"properties":{"id":"P1025","kategori":"market","ad":"Şok","kaynak":"osm","osm_id":"node/7192284385","ilce":"Çekmeköy","mahalle":"Cumhuriyet Mahallesi"}},{"type":"Feature","geometry":{"type":"Point","coordinates":[29.179274,41.032593]},"properties":{"id":"P1026","kategori":"market","ad":"HAPPY  CENTER","kaynak":"osm","osm_id":"way/459810324","ilce":"Çekmeköy","mahalle":"Mimar Sinan Mahallesi"}},{"type":"Feature","geometry":{"type":"Point","coordinates":[29.331038,41.083609]},"properties":{"id":"P1027","kategori":"market","ad":"Hakmar","kaynak":"osm","osm_id":"node/12712670182","ilce":"Çekmeköy","mahalle":"Ömerli Mahallesi"}},{"type":"Feature","geometry":{"type":"Point","coordinates":[29.287037,41.08958]},"properties":{"id":"P1028","kategori":"market","ad":"A101","kaynak":"osm","osm_id":"node/4371188641","ilce":"Çekmeköy","mahalle":"Ömerli Mahallesi"}},{"type":"Feature","geometry":{"type":"Point","coordinates":[29.21895,41.017441]},"properties":{"id":"P1029","kategori":"market","ad":"A101","kaynak":"osm","osm_id":"node/12006473399","ilce":"Çekmeköy","mahalle":"Aydınlar Mahallesi"}},{"type":"Feature","geometry":{"type":"Point","coordinates":[28.876594,41.041654]},"properties":{"id":"P1030","kategori":"market","ad":"Erdem Ticaret","kaynak":"osm","osm_id":"node/14105825961","ilce":"Esenler","mahalle":"Menderes Mahallesi"}},{"type":"Feature","geometry":{"type":"Point","coordinates":[28.894567,41.032406]},"properties":{"id":"P1031","kategori":"market","ad":"BİM","kaynak":"osm","osm_id":"node/11650999130","ilce":"Esenler","mahalle":"Namık Kemal Mahallesi"}},{"type":"Feature","geometry":{"type":"Point","coordinates":[28.876682,41.05246]},"properties":{"id":"P1032","kategori":"market","ad":"Şok","kaynak":"osm","osm_id":"node/4631580291","ilce":"Esenler","mahalle":"Kemer Mahallesi"}},{"type":"Feature","geometry":{"type":"Point","coordinates":[28.868042,41.071283]},"properties":{"id":"P1033","kategori":"market","ad":"Migros Jet","kaynak":"osm","osm_id":"node/9350313373","ilce":"Esenler","mahalle":"Oruçreis Mahallesi"}},{"type":"Feature","geometry":{"type":"Point","coordinates":[28.650903,41.018873]},"properties":{"id":"P1034","kategori":"market","ad":"Şok","kaynak":"osm","osm_id":"node/2277143701","ilce":"Esenyurt","mahalle":"Piri Reis Mahallesi"}},{"type":"Feature","geometry":{"type":"Point","coordinates":[28.700555,41.010105]},"properties":{"id":"P1035","kategori":"market","ad":"BİM","kaynak":"osm","osm_id":"node/9141667832","ilce":"Esenyurt","mahalle":"Saadetdere Mahallesi"}},{"type":"Feature","geometry":{"type":"Point","coordinates":[28.670535,41.065135]},"properties":{"id":"P1036","kategori":"market","ad":"BİM","kaynak":"osm","osm_id":"node/8722121597","ilce":"Esenyurt","mahalle":"Aşık Veysel Mahallesi"}},{"type":"Feature","geometry":{"type":"Point","coordinates":[28.645401,41.040768]},"properties":{"id":"P1037","kategori":"market","ad":"BİM","kaynak":"osm","osm_id":"node/4828424027","ilce":"Esenyurt","mahalle":"Osmangazi Mahallesi"}},{"type":"Feature","geometry":{"type":"Point","coordinates":[28.674227,41.032102]},"properties":{"id":"P1038","kategori":"market","ad":"Shell Select","kaynak":"osm","osm_id":"node/11597376327","ilce":"Esenyurt","mahalle":"Merkez Mahallesi"}},{"type":"Feature","geometry":{"type":"Point","coordinates":[28.922386,41.079037]},"properties":{"id":"P1039","kategori":"market","ad":"Onur market","kaynak":"osm","osm_id":"node/9603451122","ilce":"Eyüpsultan","mahalle":"Yeşilpınar Mahallesi"}},{"type":"Feature","geometry":{"type":"Point","coordinates":[28.882582,41.181356]},"properties":{"id":"P1040","kategori":"market","ad":"CarrefourSA","kaynak":"osm","osm_id":"node/10686710901","ilce":"Eyüpsultan","mahalle":"Göktürk Merkez Mahallesi"}},{"type":"Feature","geometry":{"type":"Point","coordinates":[28.935813,41.041991]},"properties":{"id":"P1041","kategori":"market","ad":"Şok","kaynak":"osm","osm_id":"node/5276008608","ilce":"Eyüpsultan","mahalle":"Nişancı Mahallesi"}},{"type":"Feature","geometry":{"type":"Point","coordinates":[28.916695,41.160202]},"properties":{"id":"P1042","kategori":"market","ad":"BİM","kaynak":"osm","osm_id":"node/4407682392","ilce":"Eyüpsultan","mahalle":"Mithatpaşa Mahallesi"}},{"type":"Feature","geometry":{"type":"Point","coordinates":[28.822444,41.195667]},"properties":{"id":"P1043","kategori":"market","ad":"Shell Select","kaynak":"osm","osm_id":"way/1073545212","ilce":"Eyüpsultan","mahalle":"Pirinççi Mahallesi"}},{"type":"Feature","geometry":{"type":"Point","coordinates":[28.907461,41.235964]},"properties":{"id":"P1044","kategori":"market","ad":"Sweet Shop","kaynak":"osm","osm_id":"node/11228085094","ilce":"Eyüpsultan","mahalle":"Çiftalan Mahallesi"}},{"type":"Feature","geometry":{"type":"Point","coordinates":[28.93772,41.026688]},"properties":{"id":"P1045","kategori":"market","ad":"Girit gida","kaynak":"osm","osm_id":"node/5113495714","ilce":"Fatih","mahalle":"Karagümrük Mahallesi"}},{"type":"Feature","geometry":{"type":"Point","coordinates":[28.943868,41.013333]},"properties":{"id":"P1046","kategori":"market","ad":"Alkan Supermarket","kaynak":"osm","osm_id":"node/5081264704","ilce":"Fatih","mahalle":"Molla Gürani Mahallesi"}},{"type":"Feature","geometry":{"type":"Point","coordinates":[28.9668,41.006237]},"properties":{"id":"P1047","kategori":"market","ad":"Turna Büfe ve Tekel","kaynak":"osm","osm_id":"node/5244807856","ilce":"Fatih","mahalle":"Mimar Hayrettin Mahallesi"}},{"type":"Feature","geometry":{"type":"Point","coordinates":[28.924537,40.99658]},"properties":{"id":"P1048","kategori":"market","ad":"Sırma shop","kaynak":"osm","osm_id":"node/5081610929","ilce":"Fatih","mahalle":"Yedikule Mahallesi"}},{"type":"Feature","geometry":{"type":"Point","coordinates":[28.923715,41.013457]},"properties":{"id":"P1049","kategori":"market","ad":"Malatya Arapgir Pazari","kaynak":"osm","osm_id":"node/5113470973","ilce":"Fatih","mahalle":"Mevlanakapı Mahallesi"}},{"type":"Feature","geometry":{"type":"Point","coordinates":[28.926906,41.003056]},"properties":{"id":"P1050","kategori":"market","ad":"Ekonim","kaynak":"osm","osm_id":"node/5112725557","ilce":"Fatih","mahalle":"Sümbül Efendi Mahallesi"}},{"type":"Feature","geometry":{"type":"Point","coordinates":[28.969945,41.011628]},"properties":{"id":"P1051","kategori":"market","ad":"Üstünel Büfe","kaynak":"osm","osm_id":"node/5244810601","ilce":"Fatih","mahalle":"Taya Hatun Mahallesi"}},{"type":"Feature","geometry":{"type":"Point","coordinates":[28.954011,41.026493]},"properties":{"id":"P1052","kategori":"market","ad":"Fatih Gida ve Tekel Bayii","kaynak":"osm","osm_id":"node/5081445048","ilce":"Fatih","mahalle":"Yavuz Sultan Selim Mahallesi"}},{"type":"Feature","geometry":{"type":"Point","coordinates":[28.954092,41.017657]},"properties":{"id":"P1053","kategori":"market","ad":"BİM","kaynak":"osm","osm_id":"node/5106121850","ilce":"Fatih","mahalle":"Zeyrek Mahallesi"}},{"type":"Feature","geometry":{"type":"Point","coordinates":[28.973447,41.005183]},"properties":{"id":"P1054","kategori":"market","ad":"Sultan ahmet mini market","kaynak":"osm","osm_id":"node/5113500241","ilce":"Fatih","mahalle":"Binbirdirek Mahallesi"}},{"type":"Feature","geometry":{"type":"Point","coordinates":[28.949409,41.007545]},"properties":{"id":"P1055","kategori":"market","ad":"Nazar market","kaynak":"osm","osm_id":"node/5099062144","ilce":"Fatih","mahalle":"Aksaray Mahallesi"}},{"type":"Feature","geometry":{"type":"Point","coordinates":[28.940085,41.019271]},"properties":{"id":"P1056","kategori":"market","ad":"Mert bufe","kaynak":"osm","osm_id":"node/5243950774","ilce":"Fatih","mahalle":"Akşemsettin Mahallesi"}},{"type":"Feature","geometry":{"type":"Point","coordinates":[28.931341,41.007602]},"properties":{"id":"P1057","kategori":"market","ad":"Şok","kaynak":"osm","osm_id":"node/5115937189","ilce":"Fatih","mahalle":"Seyyid Ömer Mahallesi"}},{"type":"Feature","geometry":{"type":"Point","coordinates":[28.943425,41.005497]},"properties":{"id":"P1058","kategori":"market","ad":"Demir gıda","kaynak":"osm","osm_id":"node/5099040192","ilce":"Fatih","mahalle":"Aksaray Mahallesi"}},{"type":"Feature","geometry":{"type":"Point","coordinates":[28.938276,41.010176]},"properties":{"id":"P1059","kategori":"market","ad":"ALTUN","kaynak":"osm","osm_id":"node/5113592156","ilce":"Fatih","mahalle":"Haseki Sultan Mahallesi"}},{"type":"Feature","geometry":{"type":"Point","coordinates":[28.913457,41.057224]},"properties":{"id":"P1060","kategori":"market","ad":"Et Gros","kaynak":"osm","osm_id":"node/11249235869","ilce":"Gaziosmanpaşa","mahalle":"Merkez Mahallesi"}},{"type":"Feature","geometry":{"type":"Point","coordinates":[28.888167,41.073794]},"properties":{"id":"P1061","kategori":"market","ad":"A101","kaynak":"osm","osm_id":"node/4545351877","ilce":"Gaziosmanpaşa","mahalle":"Barbaros Hayrettin Paşa Mahallesi"}},{"type":"Feature","geometry":{"type":"Point","coordinates":[28.904671,41.073926]},"properties":{"id":"P1062","kategori":"market","ad":"Gökkuşağı","kaynak":"osm","osm_id":"node/9054272116","ilce":"Gaziosmanpaşa","mahalle":"Yeni Mahalle Mahallesi"}},{"type":"Feature","geometry":{"type":"Point","coordinates":[28.901585,41.087716]},"properties":{"id":"P1063","kategori":"market","ad":"Migros","kaynak":"osm","osm_id":"node/8112116217","ilce":"Gaziosmanpaşa","mahalle":"Karayolları Mahallesi"}},{"type":"Feature","geometry":{"type":"Point","coordinates":[28.895357,41.078443]},"properties":{"id":"P1064","kategori":"market","ad":"Migros Jet","kaynak":"osm","osm_id":"node/11586904375","ilce":"Gaziosmanpaşa","mahalle":"Barbaros Hayrettin Paşa Mahallesi"}},{"type":"Feature","geometry":{"type":"Point","coordinates":[28.897501,41.017216]},"properties":{"id":"P1065","kategori":"market","ad":"Altun Market","kaynak":"osm","osm_id":"node/6752791263","ilce":"Güngören","mahalle":"Tozkoparan Mahallesi"}},{"type":"Feature","geometry":{"type":"Point","coordinates":[28.890475,41.013331]},"properties":{"id":"P1066","kategori":"market","ad":"CarrefourSA","kaynak":"osm","osm_id":"node/6753065626","ilce":"Güngören","mahalle":"Mehmet Nesih Özmen Mahallesi"}},{"type":"Feature","geometry":{"type":"Point","coordinates":[28.87057,41.017455]},"properties":{"id":"P1067","kategori":"market","ad":"Erbaklar Süpermarket","kaynak":"osm","osm_id":"node/3127672980","ilce":"Güngören","mahalle":"Akıncılar Mahallesi"}},{"type":"Feature","geometry":{"type":"Point","coordinates":[28.865393,41.022246]},"properties":{"id":"P1068","kategori":"market","ad":"BERRAK MARKET","kaynak":"osm","osm_id":"node/5675914621","ilce":"Güngören","mahalle":"Güneştepe Mahallesi"}},{"type":"Feature","geometry":{"type":"Point","coordinates":[29.075916,40.986171]},"properties":{"id":"P1069","kategori":"market","ad":"Türkiye Tarım Kredi Kooperatif Market","kaynak":"osm","osm_id":"node/14111794665","ilce":"Kadıköy","mahalle":"Merdivenköy Mahallesi"}},{"type":"Feature","geometry":{"type":"Point","coordinates":[29.051586,40.979795]},"properties":{"id":"P1070","kategori":"market","ad":"Mercan Market Tekel","kaynak":"osm","osm_id":"node/11111193862","ilce":"Kadıköy","mahalle":"Feneryolu Mahallesi"}},{"type":"Feature","geometry":{"type":"Point","coordinates":[29.079925,40.959809]},"properties":{"id":"P1071","kategori":"market","ad":"Has Bağdat Market","kaynak":"osm","osm_id":"node/11811925770","ilce":"Kadıköy","mahalle":"Suadiye Mahallesi"}},{"type":"Feature","geometry":{"type":"Point","coordinates":[29.082041,40.966257]},"properties":{"id":"P1072","kategori":"market","ad":"Flamingo Tekel Şarküteri","kaynak":"osm","osm_id":"node/10882006013","ilce":"Kadıköy","mahalle":"Suadiye Mahallesi"}},{"type":"Feature","geometry":{"type":"Point","coordinates":[29.052177,40.99263]},"properties":{"id":"P1073","kategori":"market","ad":"Güngör Mini Market Tekel Şarküteri","kaynak":"osm","osm_id":"node/11978867997","ilce":"Kadıköy","mahalle":"Fikirtepe Mahallesi"}},{"type":"Feature","geometry":{"type":"Point","coordinates":[29.052365,40.971947]},"properties":{"id":"P1074","kategori":"market","ad":"Özgen Tekel","kaynak":"osm","osm_id":"node/11113914820","ilce":"Kadıköy","mahalle":"Fenerbahçe Mahallesi"}},{"type":"Feature","geometry":{"type":"Point","coordinates":[29.08093,40.979614]},"properties":{"id":"P1075","kategori":"market","ad":"Mopaş","kaynak":"osm","osm_id":"node/9255446360","ilce":"Kadıköy","mahalle":"Sahrayıcedit Mahallesi"}},{"type":"Feature","geometry":{"type":"Point","coordinates":[29.044148,41.005941]},"properties":{"id":"P1076","kategori":"market","ad":"Metin Market","kaynak":"osm","osm_id":"node/2656411265","ilce":"Kadıköy","mahalle":"Acıbadem Mahallesi"}},{"type":"Feature","geometry":{"type":"Point","coordinates":[29.025561,40.993741]},"properties":{"id":"P1077","kategori":"market","ad":"Şok","kaynak":"osm","osm_id":"node/13884699665","ilce":"Kadıköy","mahalle":"Rasimpaşa Mahallesi"}},{"type":"Feature","geometry":{"type":"Point","coordinates":[29.10606,40.958505]},"properties":{"id":"P1078","kategori":"market","ad":"Ay Market","kaynak":"osm","osm_id":"node/13947568187","ilce":"Kadıköy","mahalle":"Bostancı Mahallesi"}},{"type":"Feature","geometry":{"type":"Point","coordinates":[29.092869,40.952556]},"properties":{"id":"P1079","kategori":"market","ad":"Migros","kaynak":"osm","osm_id":"node/13109444101","ilce":"Kadıköy","mahalle":"Bostancı Mahallesi"}},{"type":"Feature","geometry":{"type":"Point","coordinates":[29.089527,40.969935]},"properties":{"id":"P1080","kategori":"market","ad":"Miray Tekel","kaynak":"osm","osm_id":"node/9663226309","ilce":"Kadıköy","mahalle":"19 Mayıs Mahallesi"}},{"type":"Feature","geometry":{"type":"Point","coordinates":[29.088388,40.976693]},"properties":{"id":"P1081","kategori":"market","ad":"Happy Center","kaynak":"osm","osm_id":"node/12465158678","ilce":"Kadıköy","mahalle":"19 Mayıs Mahallesi"}},{"type":"Feature","geometry":{"type":"Point","coordinates":[29.028115,40.987166]},"properties":{"id":"P1082","kategori":"market","ad":"Migros Jet","kaynak":"osm","osm_id":"node/6525073723","ilce":"Kadıköy","mahalle":"Caferağa Mahallesi"}},{"type":"Feature","geometry":{"type":"Point","coordinates":[28.969666,41.092348]},"properties":{"id":"P1083","kategori":"market","ad":"BİM","kaynak":"osm","osm_id":"node/12262691807","ilce":"Kâğıthane","mahalle":"Hamidiye Mahallesi"}},{"type":"Feature","geometry":{"type":"Point","coordinates":[29.006667,41.078038]},"properties":{"id":"P1084","kategori":"market","ad":"Karadağ Gida Şarküteri","kaynak":"osm","osm_id":"node/5481292127","ilce":"Kâğıthane","mahalle":"Ortabayır Mahallesi"}},{"type":"Feature","geometry":{"type":"Point","coordinates":[28.973061,41.080214]},"properties":{"id":"P1085","kategori":"market","ad":"CarrefourSA","kaynak":"osm","osm_id":"node/9933683363","ilce":"Kâğıthane","mahalle":"Merkez Mahallesi"}},{"type":"Feature","geometry":{"type":"Point","coordinates":[29.002852,41.085673]},"properties":{"id":"P1086","kategori":"market","ad":"Kackar Market","kaynak":"osm","osm_id":"node/9605962617","ilce":"Kâğıthane","mahalle":"Emniyetevleri Mahallesi"}},{"type":"Feature","geometry":{"type":"Point","coordinates":[28.964235,41.060795]},"properties":{"id":"P1087","kategori":"market","ad":"A101","kaynak":"osm","osm_id":"node/12006460727","ilce":"Kâğıthane","mahalle":"Talatpaşa Mahallesi"}},{"type":"Feature","geometry":{"type":"Point","coordinates":[29.222425,40.91066]},"properties":{"id":"P1088","kategori":"market","ad":"Şok","kaynak":"osm","osm_id":"node/6327555497","ilce":"Kartal","mahalle":"Cumhuriyet Mahallesi"}},{"type":"Feature","geometry":{"type":"Point","coordinates":[29.213625,40.889901]},"properties":{"id":"P1089","kategori":"market","ad":"Akgün Market","kaynak":"osm","osm_id":"node/13704903891","ilce":"Kartal","mahalle":"Yunus Mahallesi"}},{"type":"Feature","geometry":{"type":"Point","coordinates":[29.167911,40.904832]},"properties":{"id":"P1090","kategori":"market","ad":"Yılmaz Market","kaynak":"osm","osm_id":"node/5293976369","ilce":"Kartal","mahalle":"Atalar Mahallesi"}},{"type":"Feature","geometry":{"type":"Point","coordinates":[29.193675,40.890847]},"properties":{"id":"P1091","kategori":"market","ad":"Migros","kaynak":"osm","osm_id":"node/13428607580","ilce":"Kartal","mahalle":"Çavuşoğlu Mahallesi"}},{"type":"Feature","geometry":{"type":"Point","coordinates":[29.192009,40.901479]},"properties":{"id":"P1092","kategori":"market","ad":"A101","kaynak":"osm","osm_id":"node/12006473437","ilce":"Kartal","mahalle":"Esentepe Mahallesi"}},{"type":"Feature","geometry":{"type":"Point","coordinates":[29.228169,40.901162]},"properties":{"id":"P1093","kategori":"market","ad":"Hakmar","kaynak":"osm","osm_id":"node/5928723379","ilce":"Kartal","mahalle":"Hürriyet Mahallesi"}},{"type":"Feature","geometry":{"type":"Point","coordinates":[29.182186,40.907381]},"properties":{"id":"P1094","kategori":"market","ad":"A101","kaynak":"osm","osm_id":"node/4549579355","ilce":"Kartal","mahalle":"Esentepe Mahallesi"}},{"type":"Feature","geometry":{"type":"Point","coordinates":[29.216794,40.920362]},"properties":{"id":"P1095","kategori":"market","ad":"Mopaş","kaynak":"osm","osm_id":"node/13760817700","ilce":"Kartal","mahalle":"Gümüşpınar Mahallesi"}},{"type":"Feature","geometry":{"type":"Point","coordinates":[29.213157,40.93598]},"properties":{"id":"P1096","kategori":"market","ad":"Ugur Market","kaynak":"osm","osm_id":"node/5300961992","ilce":"Kartal","mahalle":"Uğur Mumcu Mahallesi"}},{"type":"Feature","geometry":{"type":"Point","coordinates":[28.800712,41.003658]},"properties":{"id":"P1097","kategori":"market","ad":"BİM","kaynak":"osm","osm_id":"node/13573013763","ilce":"Küçükçekmece","mahalle":"Kartaltepe Mahallesi"}},{"type":"Feature","geometry":{"type":"Point","coordinates":[28.779935,41.058307]},"properties":{"id":"P1098","kategori":"market","ad":"File Market","kaynak":"osm","osm_id":"node/4342033389","ilce":"Küçükçekmece","mahalle":"Atakent Mahallesi"}},{"type":"Feature","geometry":{"type":"Point","coordinates":[28.805129,41.049044]},"properties":{"id":"P1099","kategori":"market","ad":"BİM","kaynak":"osm","osm_id":"node/6769604376","ilce":"Küçükçekmece","mahalle":"Atatürk Mahallesi"}},{"type":"Feature","geometry":{"type":"Point","coordinates":[28.779732,40.995854]},"properties":{"id":"P1100","kategori":"market","ad":"Şok","kaynak":"osm","osm_id":"node/1867695675","ilce":"Küçükçekmece","mahalle":"Yeni Mahalle Mahallesi"}},{"type":"Feature","geometry":{"type":"Point","coordinates":[28.785589,41.023976]},"properties":{"id":"P1101","kategori":"market","ad":"Adem Market","kaynak":"osm","osm_id":"node/12724228171","ilce":"Küçükçekmece","mahalle":"Söğütlü Çeşme Mahallesi"}},{"type":"Feature","geometry":{"type":"Point","coordinates":[28.786156,41.042858]},"properties":{"id":"P1102","kategori":"market","ad":"A101","kaynak":"osm","osm_id":"node/4913507896","ilce":"Küçükçekmece","mahalle":"Halkalı Merkez Mahallesi"}},{"type":"Feature","geometry":{"type":"Point","coordinates":[29.126311,40.936626]},"properties":{"id":"P1103","kategori":"market","ad":"BİM","kaynak":"osm","osm_id":"node/5379152421","ilce":"Maltepe","mahalle":"Altayçeşme Mahallesi"}},{"type":"Feature","geometry":{"type":"Point","coordinates":[29.138199,40.923142]},"properties":{"id":"P1104","kategori":"market","ad":"Tunç MArket","kaynak":"osm","osm_id":"node/13316933455","ilce":"Maltepe","mahalle":"Bağlarbaşı Mahallesi"}},{"type":"Feature","geometry":{"type":"Point","coordinates":[29.11868,40.946313]},"properties":{"id":"P1105","kategori":"market","ad":"BİM","kaynak":"osm","osm_id":"node/4552377710","ilce":"Maltepe","mahalle":"Çınar Mahallesi"}},{"type":"Feature","geometry":{"type":"Point","coordinates":[29.182303,40.957248]},"properties":{"id":"P1106","kategori":"market","ad":"Şok","kaynak":"osm","osm_id":"node/4033009474","ilce":"Maltepe","mahalle":"Büyükbakkalköy Mahallesi"}},{"type":"Feature","geometry":{"type":"Point","coordinates":[29.100746,40.955436]},"properties":{"id":"P1107","kategori":"market","ad":"Şok","kaynak":"osm","osm_id":"node/5280587291","ilce":"Maltepe","mahalle":"Altıntepe Mahallesi"}},{"type":"Feature","geometry":{"type":"Point","coordinates":[29.147586,40.957912]},"properties":{"id":"P1108","kategori":"market","ad":"A101","kaynak":"osm","osm_id":"node/8046869016","ilce":"Maltepe","mahalle":"Başıbüyük Mahallesi"}},{"type":"Feature","geometry":{"type":"Point","coordinates":[29.153896,40.936368]},"properties":{"id":"P1109","kategori":"market","ad":"UCZ Market","kaynak":"osm","osm_id":"node/4575837879","ilce":"Maltepe","mahalle":"Zümrütevler Mahallesi"}},{"type":"Feature","geometry":{"type":"Point","coordinates":[29.198817,40.970477]},"properties":{"id":"P1110","kategori":"market","ad":"A101","kaynak":"osm","osm_id":"node/12006473429","ilce":"Maltepe","mahalle":"Büyükbakkalköy Mahallesi"}},{"type":"Feature","geometry":{"type":"Point","coordinates":[29.15928,40.917322]},"properties":{"id":"P1111","kategori":"market","ad":"Migros","kaynak":"osm","osm_id":"node/6477467929","ilce":"Maltepe","mahalle":"Cevizli Mahallesi"}},{"type":"Feature","geometry":{"type":"Point","coordinates":[29.269019,40.894514]},"properties":{"id":"P1112","kategori":"market","ad":"BİM","kaynak":"osm","osm_id":"node/13667678806","ilce":"Pendik","mahalle":"Güllü Bağlar Mahallesi"}},{"type":"Feature","geometry":{"type":"Point","coordinates":[29.309968,40.927967]},"properties":{"id":"P1113","kategori":"market","ad":"Happy Center","kaynak":"osm","osm_id":"node/9841201733","ilce":"Pendik","mahalle":"Yenişehir Mahallesi"}},{"type":"Feature","geometry":{"type":"Point","coordinates":[29.307166,40.864859]},"properties":{"id":"P1114","kategori":"market","ad":"Hakmar","kaynak":"osm","osm_id":"node/6121592181","ilce":"Pendik","mahalle":"Ahmet Yesevi Mahallesi"}},{"type":"Feature","geometry":{"type":"Point","coordinates":[29.24267,40.879295]},"properties":{"id":"P1115","kategori":"market","ad":"Enes Gıda","kaynak":"osm","osm_id":"node/5265585613","ilce":"Pendik","mahalle":"Doğu Mahallesi"}},{"type":"Feature","geometry":{"type":"Point","coordinates":[29.283036,40.913947]},"properties":{"id":"P1116","kategori":"market","ad":"Karagöz Market","kaynak":"osm","osm_id":"node/6478639191","ilce":"Pendik","mahalle":"Sülüntepe Mahallesi"}},{"type":"Feature","geometry":{"type":"Point","coordinates":[29.218017,40.88648]},"properties":{"id":"P1117","kategori":"market","ad":"BİM","kaynak":"osm","osm_id":"node/6315459959","ilce":"Pendik","mahalle":"Sapan Bağları Mahallesi"}},{"type":"Feature","geometry":{"type":"Point","coordinates":[29.25217,40.911637]},"properties":{"id":"P1118","kategori":"market","ad":"Migros","kaynak":"osm","osm_id":"node/8971741092","ilce":"Pendik","mahalle":"Velibaba Mahallesi"}},{"type":"Feature","geometry":{"type":"Point","coordinates":[29.286563,40.879098]},"properties":{"id":"P1119","kategori":"market","ad":"BİM","kaynak":"osm","osm_id":"node/5022517522","ilce":"Pendik","mahalle":"Kavakpınar Mahallesi"}},{"type":"Feature","geometry":{"type":"Point","coordinates":[29.360161,41.011891]},"properties":{"id":"P1120","kategori":"market","ad":"Çömert Market","kaynak":"osm","osm_id":"node/6418141186","ilce":"Pendik","mahalle":"Kurtdoğmuş Mahallesi"}},{"type":"Feature","geometry":{"type":"Point","coordinates":[29.280606,40.858394]},"properties":{"id":"P1121","kategori":"market","ad":"A101","kaynak":"osm","osm_id":"node/13666169201","ilce":"Pendik","mahalle":"Güzelyalı Mahallesi"}},{"type":"Feature","geometry":{"type":"Point","coordinates":[29.458749,40.969258]},"properties":{"id":"P1122","kategori":"market","ad":"Seç","kaynak":"osm","osm_id":"node/6463570177","ilce":"Pendik","mahalle":"Göçbeyli Mahallesi"}},{"type":"Feature","geometry":{"type":"Point","coordinates":[29.21679,41.010579]},"properties":{"id":"P1123","kategori":"market","ad":"Mopaş","kaynak":"osm","osm_id":"node/13668929323","ilce":"Sancaktepe","mahalle":"Atatürk Mahallesi"}},{"type":"Feature","geometry":{"type":"Point","coordinates":[29.233363,40.995615]},"properties":{"id":"P1124","kategori":"market","ad":"CarrefourSA","kaynak":"osm","osm_id":"node/12304649448","ilce":"Sancaktepe","mahalle":"Abdurrahmangazi Mahallesi"}},{"type":"Feature","geometry":{"type":"Point","coordinates":[29.196063,41.012495]},"properties":{"id":"P1125","kategori":"market","ad":"Çağrı Market","kaynak":"osm","osm_id":"node/8637856412","ilce":"Sancaktepe","mahalle":"Meclis Mahallesi"}},{"type":"Feature","geometry":{"type":"Point","coordinates":[29.23707,40.97769]},"properties":{"id":"P1126","kategori":"market","ad":"A101","kaynak":"osm","osm_id":"node/12006473416","ilce":"Sancaktepe","mahalle":"Eyüp Sultan Mahallesi"}},{"type":"Feature","geometry":{"type":"Point","coordinates":[29.247448,41.007118]},"properties":{"id":"P1127","kategori":"market","ad":"A101","kaynak":"osm","osm_id":"node/12006473292","ilce":"Sancaktepe","mahalle":"Safa Mahallesi"}},{"type":"Feature","geometry":{"type":"Point","coordinates":[29.215245,40.978145]},"properties":{"id":"P1128","kategori":"market","ad":"A101","kaynak":"osm","osm_id":"node/7667876118","ilce":"Sancaktepe","mahalle":"Eyüp Sultan Mahallesi"}},{"type":"Feature","geometry":{"type":"Point","coordinates":[29.021469,41.208378]},"properties":{"id":"P1129","kategori":"market","ad":"Migros","kaynak":"osm","osm_id":"way/300237303","ilce":"Sarıyer","mahalle":"Zekeriyaköy Mahallesi"}},{"type":"Feature","geometry":{"type":"Point","coordinates":[28.999257,41.11569]},"properties":{"id":"P1130","kategori":"market","ad":"Şok","kaynak":"osm","osm_id":"node/9166902588","ilce":"Sarıyer","mahalle":"Ayazağa Mahallesi"}},{"type":"Feature","geometry":{"type":"Point","coordinates":[29.0449,41.1432]},"properties":{"id":"P1131","kategori":"market","ad":"A101","kaynak":"osm","osm_id":"node/12006460694","ilce":"Sarıyer","mahalle":"Tarabya Mahallesi"}},{"type":"Feature","geometry":{"type":"Point","coordinates":[29.026405,41.167966]},"properties":{"id":"P1132","kategori":"market","ad":"Baydur Gıda","kaynak":"osm","osm_id":"node/11929404269","ilce":"Sarıyer","mahalle":"Kazım Karabekir Paşa Mahallesi"}},{"type":"Feature","geometry":{"type":"Point","coordinates":[29.051341,41.113934]},"properties":{"id":"P1133","kategori":"market","ad":"şok","kaynak":"osm","osm_id":"node/14143843502","ilce":"Sarıyer","mahalle":"İstinye Mahallesi"}},{"type":"Feature","geometry":{"type":"Point","coordinates":[29.608372,41.174001]},"properties":{"id":"P1134","kategori":"market","ad":"Türkiye İş Bankası","kaynak":"osm","osm_id":"node/4397197290","ilce":"Şile","mahalle":"Çavuş Mahallesi"}},{"type":"Feature","geometry":{"type":"Point","coordinates":[29.439296,41.193545]},"properties":{"id":"P1135","kategori":"market","ad":"Ateş Market","kaynak":"osm","osm_id":"node/4545402605","ilce":"Şile","mahalle":"Doğancılı Mahallesi"}},{"type":"Feature","geometry":{"type":"Point","coordinates":[29.851511,41.125496]},"properties":{"id":"P1136","kategori":"market","ad":"BİM","kaynak":"osm","osm_id":"node/13614384479","ilce":"Şile","mahalle":"Göçe Mahallesi"}},{"type":"Feature","geometry":{"type":"Point","coordinates":[29.436023,41.079576]},"properties":{"id":"P1137","kategori":"market","ad":"Şok","kaynak":"osm","osm_id":"node/12888903212","ilce":"Şile","mahalle":"Kömürlük Mahallesi"}},{"type":"Feature","geometry":{"type":"Point","coordinates":[28.203885,41.083762]},"properties":{"id":"P1138","kategori":"market","ad":"Anpagross Silivri","kaynak":"osm","osm_id":"node/12695563406","ilce":"Silivri","mahalle":"Mimar Sinan Mahallesi"}},{"type":"Feature","geometry":{"type":"Point","coordinates":[28.14531,41.281874]},"properties":{"id":"P1139","kategori":"market","ad":"ŞOK","kaynak":"osm","osm_id":"node/12654503783","ilce":"Silivri","mahalle":"Çayırdere Mahallesi"}},{"type":"Feature","geometry":{"type":"Point","coordinates":[28.170058,41.156057]},"properties":{"id":"P1140","kategori":"market","ad":"Şok","kaynak":"osm","osm_id":"node/7764385366","ilce":"Silivri","mahalle":"Seymen Mahallesi"}},{"type":"Feature","geometry":{"type":"Point","coordinates":[28.084267,41.060523]},"properties":{"id":"P1141","kategori":"market","ad":"Shell Select","kaynak":"osm","osm_id":"way/491168524","ilce":"Silivri","mahalle":"Çanta Balaban Mahallesi"}},{"type":"Feature","geometry":{"type":"Point","coordinates":[28.38,41.05479]},"properties":{"id":"P1142","kategori":"market","ad":"A101","kaynak":"osm","osm_id":"node/12006439881","ilce":"Silivri","mahalle":"Selimpaşa Mahallesi"}},{"type":"Feature","geometry":{"type":"Point","coordinates":[28.278807,41.070325]},"properties":{"id":"P1143","kategori":"market","ad":"Shell Select","kaynak":"osm","osm_id":"node/10923495825","ilce":"Silivri","mahalle":"Cumhuriyet Mahallesi"}},{"type":"Feature","geometry":{"type":"Point","coordinates":[28.117452,41.107733]},"properties":{"id":"P1144","kategori":"market","ad":"Şok","kaynak":"osm","osm_id":"node/8653778518","ilce":"Silivri","mahalle":"Çeltik Mahallesi"}},{"type":"Feature","geometry":{"type":"Point","coordinates":[28.971752,41.055005]},"properties":{"id":"P1145","kategori":"market","ad":"A101","kaynak":"osm","osm_id":"node/12006473274","ilce":"Şişli","mahalle":"Paşa Mahallesi"}},{"type":"Feature","geometry":{"type":"Point","coordinates":[28.985182,41.055742]},"properties":{"id":"P1146","kategori":"market","ad":"Bomonti Büfe","kaynak":"osm","osm_id":"node/13397300696","ilce":"Şişli","mahalle":"Cumhuriyet Mahallesi"}},{"type":"Feature","geometry":{"type":"Point","coordinates":[28.987804,41.063083]},"properties":{"id":"P1147","kategori":"market","ad":"CarrefourSA","kaynak":"osm","osm_id":"node/7740142062","ilce":"Şişli","mahalle":"Merkez Mahallesi"}},{"type":"Feature","geometry":{"type":"Point","coordinates":[28.990375,41.069446]},"properties":{"id":"P1148","kategori":"market","ad":"A101","kaynak":"osm","osm_id":"node/12006473578","ilce":"Şişli","mahalle":"Kuştepe Mahallesi"}},{"type":"Feature","geometry":{"type":"Point","coordinates":[28.977526,41.063654]},"properties":{"id":"P1149","kategori":"market","ad":"BİM","kaynak":"osm","osm_id":"node/3860554173","ilce":"Şişli","mahalle":"Halide Edip Adıvar Mahallesi"}},{"type":"Feature","geometry":{"type":"Point","coordinates":[28.978483,41.045786]},"properties":{"id":"P1150","kategori":"market","ad":"CarrefourSA mini","kaynak":"osm","osm_id":"node/5045678824","ilce":"Şişli","mahalle":"Feriköy Mahallesi"}},{"type":"Feature","geometry":{"type":"Point","coordinates":[29.295013,40.942724]},"properties":{"id":"P1151","kategori":"market","ad":"Yıldırım market","kaynak":"osm","osm_id":"node/5542889128","ilce":"Sultanbeyli","mahalle":"Orhangazi Mahallesi"}},{"type":"Feature","geometry":{"type":"Point","coordinates":[29.278251,40.997812]},"properties":{"id":"P1152","kategori":"market","ad":"Aygün market","kaynak":"osm","osm_id":"node/5329335991","ilce":"Sultanbeyli","mahalle":"Mimar Sinan Mahallesi"}},{"type":"Feature","geometry":{"type":"Point","coordinates":[29.265417,40.976906]},"properties":{"id":"P1153","kategori":"market","ad":"Baris Kuruyemis","kaynak":"osm","osm_id":"node/5542887079","ilce":"Sultanbeyli","mahalle":"Battalgazi Mahallesi"}},{"type":"Feature","geometry":{"type":"Point","coordinates":[29.261823,40.968263]},"properties":{"id":"P1154","kategori":"market","ad":"Grand Asya","kaynak":"osm","osm_id":"node/5542887413","ilce":"Sultanbeyli","mahalle":"Abdurrahmangazi Mahallesi"}},{"type":"Feature","geometry":{"type":"Point","coordinates":[29.282664,40.954728]},"properties":{"id":"P1155","kategori":"market","ad":"Merkez","kaynak":"osm","osm_id":"node/5329319374","ilce":"Sultanbeyli","mahalle":"Hamidiye Mahallesi"}},{"type":"Feature","geometry":{"type":"Point","coordinates":[29.247714,40.967664]},"properties":{"id":"P1156","kategori":"market","ad":"Vural marker","kaynak":"osm","osm_id":"node/5542883653","ilce":"Sultanbeyli","mahalle":"Hasanpaşa Mahallesi"}},{"type":"Feature","geometry":{"type":"Point","coordinates":[29.279122,40.981583]},"properties":{"id":"P1157","kategori":"market","ad":"Başakmar Market","kaynak":"osm","osm_id":"node/5542883358","ilce":"Sultanbeyli","mahalle":"Battalgazi Mahallesi"}},{"type":"Feature","geometry":{"type":"Point","coordinates":[29.262788,41.002825]},"properties":{"id":"P1158","kategori":"market","ad":"Tokat gıda","kaynak":"osm","osm_id":"node/5329336960","ilce":"Sultanbeyli","mahalle":"Mimar Sinan Mahallesi"}},{"type":"Feature","geometry":{"type":"Point","coordinates":[29.265857,40.961461]},"properties":{"id":"P1159","kategori":"market","ad":"Nazar marketleri","kaynak":"osm","osm_id":"node/5329336574","ilce":"Sultanbeyli","mahalle":"Mehmet Akif Mahallesi"}},{"type":"Feature","geometry":{"type":"Point","coordinates":[29.254564,40.980928]},"properties":{"id":"P1160","kategori":"market","ad":"Meleri nalbur","kaynak":"osm","osm_id":"node/5329320526","ilce":"Sultanbeyli","mahalle":"Adil Mahallesi"}},{"type":"Feature","geometry":{"type":"Point","coordinates":[29.276776,40.943952]},"properties":{"id":"P1161","kategori":"market","ad":"İncivan Market","kaynak":"osm","osm_id":"node/5329298100","ilce":"Sultanbeyli","mahalle":"Yavuz Selim Mahallesi"}},{"type":"Feature","geometry":{"type":"Point","coordinates":[29.286561,40.962875]},"properties":{"id":"P1162","kategori":"market","ad":"Şok","kaynak":"osm","osm_id":"node/5542887103","ilce":"Sultanbeyli","mahalle":"Turgut Reis Mahallesi"}},{"type":"Feature","geometry":{"type":"Point","coordinates":[29.299697,40.948971]},"properties":{"id":"P1163","kategori":"market","ad":"BİM","kaynak":"osm","osm_id":"node/5542891503","ilce":"Sultanbeyli","mahalle":"Akşemsettin Mahallesi"}},{"type":"Feature","geometry":{"type":"Point","coordinates":[28.864375,41.092147]},"properties":{"id":"P1164","kategori":"market","ad":"Güney Yapı Market","kaynak":"osm","osm_id":"node/5291873184","ilce":"Sultangazi","mahalle":"50. Yıl Mahallesi"}},{"type":"Feature","geometry":{"type":"Point","coordinates":[28.862202,41.107829]},"properties":{"id":"P1165","kategori":"market","ad":"Onur Market","kaynak":"osm","osm_id":"node/5285760823","ilce":"Sultangazi","mahalle":"Cebeci Mahallesi"}},{"type":"Feature","geometry":{"type":"Point","coordinates":[28.891845,41.097054]},"properties":{"id":"P1166","kategori":"market","ad":"Şok","kaynak":"osm","osm_id":"node/4290378390","ilce":"Sultangazi","mahalle":"Yunus Emre Mahallesi"}},{"type":"Feature","geometry":{"type":"Point","coordinates":[28.827994,41.130787]},"properties":{"id":"P1167","kategori":"market","ad":"BİM","kaynak":"osm","osm_id":"node/11091385510","ilce":"Sultangazi","mahalle":"Eski Habipler Mahallesi"}},{"type":"Feature","geometry":{"type":"Point","coordinates":[28.853024,41.148417]},"properties":{"id":"P1168","kategori":"market","ad":"Tarım Kredi Kooperatifleri Market - Yayla Şubesi","kaynak":"osm","osm_id":"way/1282534787","ilce":"Sultangazi","mahalle":"Yayla Mahallesi"}},{"type":"Feature","geometry":{"type":"Point","coordinates":[29.307942,40.826385]},"properties":{"id":"P1169","kategori":"market","ad":"Şok","kaynak":"osm","osm_id":"node/11406398456","ilce":"Tuzla","mahalle":"Yayla Mahallesi"}},{"type":"Feature","geometry":{"type":"Point","coordinates":[29.327334,40.868836]},"properties":{"id":"P1170","kategori":"market","ad":"BİM","kaynak":"osm","osm_id":"node/5904326023","ilce":"Tuzla","mahalle":"Aydınlı Mahallesi"}},{"type":"Feature","geometry":{"type":"Point","coordinates":[29.39193,40.906195]},"properties":{"id":"P1171","kategori":"market","ad":"Türkiye Tarım Kredi Kooperatif Market","kaynak":"osm","osm_id":"node/12349005415","ilce":"Tuzla","mahalle":"Tepeören Mahallesi"}},{"type":"Feature","geometry":{"type":"Point","coordinates":[29.302854,40.848136]},"properties":{"id":"P1172","kategori":"market","ad":"Miss Marketim","kaynak":"osm","osm_id":"node/6767608047","ilce":"Tuzla","mahalle":"İçmeler Mahallesi"}},{"type":"Feature","geometry":{"type":"Point","coordinates":[29.280005,40.824558]},"properties":{"id":"P1173","kategori":"market","ad":"Mercan Market","kaynak":"osm","osm_id":"node/11273351750","ilce":"Tuzla","mahalle":"Postane Mahallesi"}},{"type":"Feature","geometry":{"type":"Point","coordinates":[29.388029,40.944436]},"properties":{"id":"P1174","kategori":"market","ad":"Lukoil","kaynak":"osm","osm_id":"node/11597366426","ilce":"Tuzla","mahalle":"Tepeören Mahallesi"}},{"type":"Feature","geometry":{"type":"Point","coordinates":[29.364263,40.936086]},"properties":{"id":"P1175","kategori":"market","ad":"Migros","kaynak":"osm","osm_id":"way/1050801346","ilce":"Tuzla","mahalle":"Tepeören Mahallesi"}},{"type":"Feature","geometry":{"type":"Point","coordinates":[29.096425,41.029894]},"properties":{"id":"P1176","kategori":"market","ad":"A101","kaynak":"osm","osm_id":"node/12006473748","ilce":"Ümraniye","mahalle":"Atatürk Mahallesi"}},{"type":"Feature","geometry":{"type":"Point","coordinates":[29.124402,41.002978]},"properties":{"id":"P1177","kategori":"market","ad":"A101","kaynak":"osm","osm_id":"node/12006473495","ilce":"Ümraniye","mahalle":"Çamlık Mahallesi"}},{"type":"Feature","geometry":{"type":"Point","coordinates":[29.09238,41.019966]},"properties":{"id":"P1178","kategori":"market","ad":"BİM","kaynak":"osm","osm_id":"node/5492556722","ilce":"Ümraniye","mahalle":"Namık Kemal Mahallesi"}},{"type":"Feature","geometry":{"type":"Point","coordinates":[29.107338,41.022964]},"properties":{"id":"P1179","kategori":"market","ad":"Türkiye Tarım Kredi Kooperatif Market","kaynak":"osm","osm_id":"node/13633034024","ilce":"Ümraniye","mahalle":"Atakent Mahallesi"}},{"type":"Feature","geometry":{"type":"Point","coordinates":[29.131706,41.017071]},"properties":{"id":"P1180","kategori":"market","ad":"Çağrı Market","kaynak":"osm","osm_id":"node/4544931339","ilce":"Ümraniye","mahalle":"Tepeüstü Mahallesi"}},{"type":"Feature","geometry":{"type":"Point","coordinates":[29.107498,41.049603]},"properties":{"id":"P1181","kategori":"market","ad":"A101","kaynak":"osm","osm_id":"node/12006473732","ilce":"Ümraniye","mahalle":"Topağacı Mahallesi"}},{"type":"Feature","geometry":{"type":"Point","coordinates":[29.1549,41.0214]},"properties":{"id":"P1182","kategori":"market","ad":"A101","kaynak":"osm","osm_id":"node/12006473686","ilce":"Ümraniye","mahalle":"Adem Yavuz Mahallesi"}},{"type":"Feature","geometry":{"type":"Point","coordinates":[29.111387,41.036022]},"properties":{"id":"P1183","kategori":"market","ad":"A101","kaynak":"osm","osm_id":"node/12006473737","ilce":"Ümraniye","mahalle":"İnkılap Mahallesi"}},{"type":"Feature","geometry":{"type":"Point","coordinates":[29.096378,41.061117]},"properties":{"id":"P1184","kategori":"market","ad":"A101","kaynak":"osm","osm_id":"node/12006473716","ilce":"Ümraniye","mahalle":"Hekimbaşı Mahallesi"}},{"type":"Feature","geometry":{"type":"Point","coordinates":[29.065386,41.008451]},"properties":{"id":"P1185","kategori":"market","ad":"Şok","kaynak":"osm","osm_id":"node/12840267965","ilce":"Üsküdar","mahalle":"Küçük Çamlıca Mahallesi"}},{"type":"Feature","geometry":{"type":"Point","coordinates":[29.069987,41.074238]},"properties":{"id":"P1186","kategori":"market","ad":"Kaptanoğlu Market","kaynak":"osm","osm_id":"node/10563443257","ilce":"Üsküdar","mahalle":"Küçüksu Mahallesi"}},{"type":"Feature","geometry":{"type":"Point","coordinates":[29.062912,41.021824]},"properties":{"id":"P1187","kategori":"market","ad":"Meydan Market","kaynak":"osm","osm_id":"node/12864724514","ilce":"Üsküdar","mahalle":"Küçük Çamlıca Mahallesi"}},{"type":"Feature","geometry":{"type":"Point","coordinates":[29.027726,41.023397]},"properties":{"id":"P1188","kategori":"market","ad":"Şok","kaynak":"osm","osm_id":"node/6190252152","ilce":"Üsküdar","mahalle":"Muratreis Mahallesi"}},{"type":"Feature","geometry":{"type":"Point","coordinates":[29.062944,41.050822]},"properties":{"id":"P1189","kategori":"market","ad":"A101","kaynak":"osm","osm_id":"node/12006473808","ilce":"Üsküdar","mahalle":"Çengelköy Mahallesi"}},{"type":"Feature","geometry":{"type":"Point","coordinates":[29.081301,41.019162]},"properties":{"id":"P1190","kategori":"market","ad":"Çağrı Hipermarket","kaynak":"osm","osm_id":"node/4865109152","ilce":"Üsküdar","mahalle":"Bulgurlu Mahallesi"}},{"type":"Feature","geometry":{"type":"Point","coordinates":[29.072921,40.999933]},"properties":{"id":"P1191","kategori":"market","ad":"MMM Migros","kaynak":"osm","osm_id":"node/1690847711","ilce":"Üsküdar","mahalle":"Ünalan Mahallesi"}},{"type":"Feature","geometry":{"type":"Point","coordinates":[29.071863,41.061524]},"properties":{"id":"P1192","kategori":"market","ad":"A101","kaynak":"osm","osm_id":"node/11167889258","ilce":"Üsküdar","mahalle":"Küçüksu Mahallesi"}},{"type":"Feature","geometry":{"type":"Point","coordinates":[28.903257,40.991154]},"properties":{"id":"P1193","kategori":"market","ad":"FIRTINA","kaynak":"osm","osm_id":"node/5667655654","ilce":"Zeytinburnu","mahalle":"Yeşiltepe Mahallesi"}},{"type":"Feature","geometry":{"type":"Point","coordinates":[28.895511,40.986217]},"properties":{"id":"P1194","kategori":"market","ad":"elmasım gida","kaynak":"osm","osm_id":"node/5667659659","ilce":"Zeytinburnu","mahalle":"Sümer Mahallesi"}},{"type":"Feature","geometry":{"type":"Point","coordinates":[28.894735,40.997477]},"properties":{"id":"P1195","kategori":"market","ad":"BİM","kaynak":"osm","osm_id":"node/5280101214","ilce":"Zeytinburnu","mahalle":"Veliefendi Mahallesi"}},{"type":"Feature","geometry":{"type":"Point","coordinates":[28.902616,40.985714]},"properties":{"id":"P1196","kategori":"market","ad":"Yazıcılar Market","kaynak":"osm","osm_id":"node/5667661363","ilce":"Zeytinburnu","mahalle":"Nuripaşa Mahallesi"}},{"type":"Feature","geometry":{"type":"Point","coordinates":[28.91705,41.028095]},"properties":{"id":"P1197","kategori":"market","ad":"Migros","kaynak":"osm","osm_id":"node/5667618644","ilce":"Zeytinburnu","mahalle":"Maltepe Mahallesi"}},{"type":"Feature","geometry":{"type":"Point","coordinates":[28.913969,41.00988]},"properties":{"id":"P1198","kategori":"market","ad":"AKGÜL GIDA","kaynak":"osm","osm_id":"node/5666800284","ilce":"Zeytinburnu","mahalle":"Merkezefendi Mahallesi"}},{"type":"Feature","geometry":{"type":"Point","coordinates":[28.905356,40.999346]},"properties":{"id":"P1199","kategori":"market","ad":"Yılmaz Market","kaynak":"osm","osm_id":"node/5667636240","ilce":"Zeytinburnu","mahalle":"Beştelsiz Mahallesi"}},{"type":"Feature","geometry":{"type":"Point","coordinates":[28.906464,41.008002]},"properties":{"id":"P1200","kategori":"market","ad":"Aydın gida","kaynak":"osm","osm_id":"node/5667640030","ilce":"Zeytinburnu","mahalle":"Seyitnizam Mahallesi"}},{"type":"Feature","geometry":{"type":"Point","coordinates":[28.619953,41.123823]},"properties":{"id":"P1201","kategori":"otopark","ad":"Sonsuz Nakliyat & TIR Parkı","kaynak":"osm","osm_id":"node/9008888404","ilce":"Arnavutköy","mahalle":"Yeşilbayır Mahallesi"}},{"type":"Feature","geometry":{"type":"Point","coordinates":[28.743207,41.176888]},"properties":{"id":"P1202","kategori":"otopark","ad":"Arnavutköy Belediyei Temizlik İşleri Garajı","kaynak":"osm","osm_id":"way/448025060","ilce":"Arnavutköy","mahalle":"Arnavutköy Merkez Mahallesi"}},{"type":"Feature","geometry":{"type":"Point","coordinates":[28.745633,41.258032]},"properties":{"id":"P1203","kategori":"otopark","ad":"Turkuaz Otopark","kaynak":"osm","osm_id":"node/13294724852","ilce":"Arnavutköy","mahalle":"İmrahor Mahallesi"}},{"type":"Feature","geometry":{"type":"Point","coordinates":[28.739469,41.183462]},"properties":{"id":"P1204","kategori":"otopark","ad":"Arnavutköy Zemin Altı Otoparkı","kaynak":"ibb_ispark","tur":"KAPALI OTOPARK","kapasite":700,"ilce":"Arnavutköy","mahalle":"Arnavutköy Merkez Mahallesi"}},{"type":"Feature","geometry":{"type":"Point","coordinates":[29.123795,40.992838]},"properties":{"id":"P1205","kategori":"otopark","ad":"İSPARK","kaynak":"osm","osm_id":"node/8078000124","ilce":"Ataşehir","mahalle":"Atatürk Mahallesi"}},{"type":"Feature","geometry":{"type":"Point","coordinates":[29.182974,40.98117]},"properties":{"id":"P1206","kategori":"otopark","ad":"Gazi Tır Parkı","kaynak":"osm","osm_id":"way/742860498","ilce":"Ataşehir","mahalle":"Ferhatpaşa Mahallesi"}},{"type":"Feature","geometry":{"type":"Point","coordinates":[29.102947,40.978484]},"properties":{"id":"P1207","kategori":"otopark","ad":"Kozyatağı Sebze-Meyve Hali","kaynak":"ibb_ispark","tur":"AÇIK OTOPARK","kapasite":1500,"ilce":"Ataşehir","mahalle":"İçerenköy Mahallesi"}},{"type":"Feature","geometry":{"type":"Point","coordinates":[29.108,40.962531]},"properties":{"id":"P1208","kategori":"otopark","ad":"Bostancı Vergi Dairesi Açık Otoparkı","kaynak":"ibb_ispark","tur":"AÇIK OTOPARK","kapasite":105,"ilce":"Ataşehir","mahalle":"İçerenköy Mahallesi"}},{"type":"Feature","geometry":{"type":"Point","coordinates":[29.128578,40.979674]},"properties":{"id":"P1209","kategori":"otopark","ad":"Kadıköy Belediyesi Ek Hizmet Biansı","kaynak":"osm","osm_id":"way/363639475","ilce":"Ataşehir","mahalle":"Kayışdağı Mahallesi"}},{"type":"Feature","geometry":{"type":"Point","coordinates":[29.10538,40.990336]},"properties":{"id":"P1210","kategori":"otopark","ad":"Ataşehir Ihlamur Sokak 1","kaynak":"ibb_ispark","tur":"YOL ÜSTÜ","kapasite":50,"ilce":"Ataşehir","mahalle":"Barbaros Mahallesi"}},{"type":"Feature","geometry":{"type":"Point","coordinates":[28.719988,40.970335]},"properties":{"id":"P1211","kategori":"otopark","ad":"İspark Avcılar İdo","kaynak":"osm","osm_id":"node/13050920212","ilce":"Avcılar","mahalle":"Ambarlı Mahallesi"}},{"type":"Feature","geometry":{"type":"Point","coordinates":[28.74337,40.974564]},"properties":{"id":"P1212","kategori":"otopark","ad":"Denizköşkler Toplantı ve Davet Salonu Açık Otoparkı","kaynak":"osm","osm_id":"node/13054430491","ilce":"Avcılar","mahalle":"Denizköşkler Mahallesi"}},{"type":"Feature","geometry":{"type":"Point","coordinates":[28.701744,40.98329]},"properties":{"id":"P1213","kategori":"otopark","ad":"İETT Cihangir Mahallesi Garajı","kaynak":"osm","osm_id":"way/1216105662","ilce":"Avcılar","mahalle":"Cihangir Mahallesi"}},{"type":"Feature","geometry":{"type":"Point","coordinates":[28.730291,40.980057]},"properties":{"id":"P1214","kategori":"otopark","ad":"Land Park Hotel","kaynak":"osm","osm_id":"way/1462031416","ilce":"Avcılar","mahalle":"Merkez Mahallesi"}},{"type":"Feature","geometry":{"type":"Point","coordinates":[28.855934,41.029516]},"properties":{"id":"P1215","kategori":"otopark","ad":"Bağcılar Yıldıztepe Katlı Otoparkı","kaynak":"ibb_ispark","tur":"KAPALI OTOPARK","kapasite":350,"ilce":"Bağcılar","mahalle":"Yıldıztepe Mahallesi"}},{"type":"Feature","geometry":{"type":"Point","coordinates":[28.823236,41.035428]},"properties":{"id":"P1216","kategori":"otopark","ad":"Güneşli Katlı Otoparkı","kaynak":"osm","osm_id":"way/1183417629","ilce":"Bağcılar","mahalle":"Güneşli Mahallesi"}},{"type":"Feature","geometry":{"type":"Point","coordinates":[28.820017,41.056356]},"properties":{"id":"P1217","kategori":"otopark","ad":"Altınbaş Üniversitesi Otoparkı","kaynak":"osm","osm_id":"way/567533124","ilce":"Bağcılar","mahalle":"Mahmutbey Mahallesi"}},{"type":"Feature","geometry":{"type":"Point","coordinates":[28.835431,41.056433]},"properties":{"id":"P1218","kategori":"otopark","ad":"Bağcılar Göztepe Zemin Altı","kaynak":"ibb_ispark","tur":"KAPALI OTOPARK","kapasite":120,"ilce":"Bağcılar","mahalle":"Göztepe Mahallesi"}},{"type":"Feature","geometry":{"type":"Point","coordinates":[28.849438,40.996014]},"properties":{"id":"P1219","kategori":"otopark","ad":"Şirinevler Meydan Açık Otoparkı 1","kaynak":"ibb_ispark","tur":"AÇIK OTOPARK","kapasite":70,"ilce":"Bahçelievler","mahalle":"Şirinevler Mahallesi"}},{"type":"Feature","geometry":{"type":"Point","coordinates":[28.834961,41.003614]},"properties":{"id":"P1220","kategori":"otopark","ad":"Bahçelievler Zafer Mh. Zeminaltı Otoparkı","kaynak":"osm","osm_id":"node/13054430481","ilce":"Bahçelievler","mahalle":"Zafer Mahallesi"}},{"type":"Feature","geometry":{"type":"Point","coordinates":[28.858173,41.015287]},"properties":{"id":"P1221","kategori":"otopark","ad":"Bahçelievler Soğanlı Zemin Altı Otoparkı","kaynak":"ibb_ispark","tur":"KAPALI OTOPARK","kapasite":663,"ilce":"Bahçelievler","mahalle":"Cumhuriyet Mahallesi"}},{"type":"Feature","geometry":{"type":"Point","coordinates":[28.879884,41.001136]},"properties":{"id":"P1222","kategori":"otopark","ad":"Bahçelievler Hizmet Hastanesi Önü Açık Otoparkı","kaynak":"ibb_ispark","tur":"AÇIK OTOPARK","kapasite":150,"ilce":"Bahçelievler","mahalle":"Bahçelievler Mahallesi"}},{"type":"Feature","geometry":{"type":"Point","coordinates":[28.863963,40.99683]},"properties":{"id":"P1223","kategori":"otopark","ad":"Ressam Halim Sokak Açık Otoparkı","kaynak":"ibb_ispark","tur":"AÇIK OTOPARK","kapasite":120,"ilce":"Bahçelievler","mahalle":"Bahçelievler Mahallesi"}},{"type":"Feature","geometry":{"type":"Point","coordinates":[28.869253,40.977995]},"properties":{"id":"P1224","kategori":"otopark","ad":"Fişekhane Caddesi 1","kaynak":"ibb_ispark","tur":"YOL ÜSTÜ","kapasite":40,"ilce":"Bakırköy","mahalle":"Zeytinlik Mahallesi"}},{"type":"Feature","geometry":{"type":"Point","coordinates":[28.79453,40.969355]},"properties":{"id":"P1225","kategori":"otopark","ad":"İSPARK","kaynak":"osm","osm_id":"way/249588131","ilce":"Bakırköy","mahalle":"Şenlikköy Mahallesi"}},{"type":"Feature","geometry":{"type":"Point","coordinates":[28.809178,40.961655]},"properties":{"id":"P1226","kategori":"otopark","ad":"Florya Sosyal Tesisleri","kaynak":"ibb_ispark","tur":"AÇIK OTOPARK","kapasite":60,"ilce":"Bakırköy","mahalle":"Yeşilköy Mahallesi"}},{"type":"Feature","geometry":{"type":"Point","coordinates":[28.819257,40.979433]},"properties":{"id":"P1227","kategori":"otopark","ad":"Atatürk Havalimanı Otoparkı","kaynak":"osm","osm_id":"way/52043789","ilce":"Bakırköy","mahalle":"Yeşilköy Mahallesi"}},{"type":"Feature","geometry":{"type":"Point","coordinates":[28.821546,40.955968]},"properties":{"id":"P1228","kategori":"otopark","ad":"Yeşilköy Marina 5","kaynak":"ibb_ispark","tur":"YOL ÜSTÜ","kapasite":150,"ilce":"Bakırköy","mahalle":"Yeşilköy Mahallesi"}},{"type":"Feature","geometry":{"type":"Point","coordinates":[28.856156,40.978881]},"properties":{"id":"P1229","kategori":"otopark","ad":"Ataköy 5.Kısım Çarşısı Otopark’ı","kaynak":"osm","osm_id":"node/14143326701","ilce":"Bakırköy","mahalle":"Ataköy 2-5-6. Kısım Mahallesi"}},{"type":"Feature","geometry":{"type":"Point","coordinates":[28.84586,40.988128]},"properties":{"id":"P1230","kategori":"otopark","ad":"Ataköy Atrium AVM","kaynak":"ibb_ispark","tur":"AÇIK OTOPARK","kapasite":250,"ilce":"Bakırköy","mahalle":"Ataköy 7-8-9-10. Kısım Mahallesi"}},{"type":"Feature","geometry":{"type":"Point","coordinates":[28.837936,40.964381]},"properties":{"id":"P1231","kategori":"otopark","ad":"Yeşilyurt Çarşı 3","kaynak":"ibb_ispark","tur":"YOL ÜSTÜ","kapasite":50,"ilce":"Bakırköy","mahalle":"Yeşilyurt Mahallesi"}},{"type":"Feature","geometry":{"type":"Point","coordinates":[28.692647,41.066307]},"properties":{"id":"P1232","kategori":"otopark","ad":"İSPARK","kaynak":"osm","osm_id":"way/764249325","ilce":"Başakşehir","mahalle":"Bahçeşehir 1. Kısım Mahallesi"}},{"type":"Feature","geometry":{"type":"Point","coordinates":[28.800929,41.107372]},"properties":{"id":"P1233","kategori":"otopark","ad":"Başakşehir Metro P+R","kaynak":"ibb_ispark","tur":"AÇIK OTOPARK","kapasite":125,"ilce":"Başakşehir","mahalle":"Başak Mahallesi"}},{"type":"Feature","geometry":{"type":"Point","coordinates":[28.757787,41.104301]},"properties":{"id":"P1234","kategori":"otopark","ad":"Pazar Otoparkı","kaynak":"osm","osm_id":"way/741212947","ilce":"Başakşehir","mahalle":"Kayabaşı Mahallesi"}},{"type":"Feature","geometry":{"type":"Point","coordinates":[28.688716,41.071514]},"properties":{"id":"P1235","kategori":"otopark","ad":"Avni Akyol Bulvarı 4","kaynak":"ibb_ispark","tur":"YOL ÜSTÜ","kapasite":25,"ilce":"Başakşehir","mahalle":"Bahçeşehir 2. Kısım Mahallesi"}},{"type":"Feature","geometry":{"type":"Point","coordinates":[28.884506,41.071248]},"properties":{"id":"P1236","kategori":"otopark","ad":"Karadeniz Otopark","kaynak":"osm","osm_id":"way/458935619","ilce":"Bayrampaşa","mahalle":"Cevatpaşa Mahallesi"}},{"type":"Feature","geometry":{"type":"Point","coordinates":[28.887219,41.064145]},"properties":{"id":"P1237","kategori":"otopark","ad":"Bayrampaşa Adapark Katlı Otoparkı","kaynak":"ibb_ispark","tur":"KAPALI OTOPARK","kapasite":650,"ilce":"Bayrampaşa","mahalle":"Yıldırım Mahallesi"}},{"type":"Feature","geometry":{"type":"Point","coordinates":[28.908198,41.047015]},"properties":{"id":"P1238","kategori":"otopark","ad":"Bayrampaşa Muratpaşa Yer Altı Otoparkı","kaynak":"ibb_ispark","tur":"KAPALI OTOPARK","kapasite":300,"ilce":"Bayrampaşa","mahalle":"Muratpaşa Mahallesi"}},{"type":"Feature","geometry":{"type":"Point","coordinates":[28.912068,41.036791]},"properties":{"id":"P1239","kategori":"otopark","ad":"Bayrampaşa Abdi İpekçi Caddesi 2","kaynak":"ibb_ispark","tur":"YOL ÜSTÜ","kapasite":30,"ilce":"Bayrampaşa","mahalle":"Yenidoğan Mahallesi"}},{"type":"Feature","geometry":{"type":"Point","coordinates":[28.903196,41.041496]},"properties":{"id":"P1240","kategori":"otopark","ad":"Bayrampaşa Devlet Hastanesi Cep Otoparkı 1","kaynak":"ibb_ispark","tur":"YOL ÜSTÜ","kapasite":75,"ilce":"Bayrampaşa","mahalle":"İsmet Paşa Mahallesi"}},{"type":"Feature","geometry":{"type":"Point","coordinates":[28.888669,41.051004]},"properties":{"id":"P1241","kategori":"otopark","ad":"Bayrampaşa Sebze-Meyve Hali","kaynak":"ibb_ispark","tur":"AÇIK OTOPARK","kapasite":100,"ilce":"Bayrampaşa","mahalle":"Kocatepe Mahallesi"}},{"type":"Feature","geometry":{"type":"Point","coordinates":[29.044989,41.067616]},"properties":{"id":"P1242","kategori":"otopark","ad":"İSPARK Arnavutköy Sosyal Tesisleri","kaynak":"osm","osm_id":"way/1111344855","ilce":"Beşiktaş","mahalle":"Arnavutköy Mahallesi"}},{"type":"Feature","geometry":{"type":"Point","coordinates":[29.018083,41.073331]},"properties":{"id":"P1243","kategori":"otopark","ad":"Levent Dünya Göz Önü 1","kaynak":"ibb_ispark","tur":"YOL ÜSTÜ","kapasite":19,"ilce":"Beşiktaş","mahalle":"Nisbetiye Mahallesi"}},{"type":"Feature","geometry":{"type":"Point","coordinates":[28.999803,41.056498]},"properties":{"id":"P1244","kategori":"otopark","ad":"Fulya Açık Otoparkı","kaynak":"ibb_ispark","tur":"AÇIK OTOPARK","kapasite":80,"ilce":"Beşiktaş","mahalle":"Dikilitaş Mahallesi"}},{"type":"Feature","geometry":{"type":"Point","coordinates":[29.009386,41.048891]},"properties":{"id":"P1245","kategori":"otopark","ad":"Cihannuma Yol Üstü 2","kaynak":"ibb_ispark","tur":"YOL ÜSTÜ","kapasite":75,"ilce":"Beşiktaş","mahalle":"Cihannüma Mahallesi"}},{"type":"Feature","geometry":{"type":"Point","coordinates":[29.0326,41.050416]},"properties":{"id":"P1246","kategori":"otopark","ad":"Ortaköy Açık","kaynak":"ibb_ispark","tur":"AÇIK OTOPARK","kapasite":200,"ilce":"Beşiktaş","mahalle":"Ortaköy Mahallesi"}},{"type":"Feature","geometry":{"type":"Point","coordinates":[29.030862,41.078592]},"properties":{"id":"P1247","kategori":"otopark","ad":"Tamburi Ali Efendi Sokak 2","kaynak":"ibb_ispark","tur":"YOL ÜSTÜ","kapasite":17,"ilce":"Beşiktaş","mahalle":"Etiler Mahallesi"}},{"type":"Feature","geometry":{"type":"Point","coordinates":[29.006602,41.065506]},"properties":{"id":"P1248","kategori":"otopark","ad":"Vefa Bey Sokak 1","kaynak":"ibb_ispark","tur":"YOL ÜSTÜ","kapasite":37,"ilce":"Beşiktaş","mahalle":"Gayrettepe Mahallesi"}},{"type":"Feature","geometry":{"type":"Point","coordinates":[29.008735,41.085111]},"properties":{"id":"P1249","kategori":"otopark","ad":"İspark Çınar Açık Otoparkı","kaynak":"osm","osm_id":"way/377886966","ilce":"Beşiktaş","mahalle":"Konaklar Mahallesi"}},{"type":"Feature","geometry":{"type":"Point","coordinates":[29.049547,41.079694]},"properties":{"id":"P1250","kategori":"otopark","ad":"Küçük Bebek","kaynak":"ibb_ispark","tur":"YOL ÜSTÜ","kapasite":17,"ilce":"Beşiktaş","mahalle":"Bebek Mahallesi"}},{"type":"Feature","geometry":{"type":"Point","coordinates":[29.013331,41.07916]},"properties":{"id":"P1251","kategori":"otopark","ad":"Çayır Çimen Sokak 1","kaynak":"ibb_ispark","tur":"YOL ÜSTÜ","kapasite":30,"ilce":"Beşiktaş","mahalle":"Levent Mahallesi"}},{"type":"Feature","geometry":{"type":"Point","coordinates":[29.06575,41.078751]},"properties":{"id":"P1252","kategori":"otopark","ad":"Küçüksu Kasrı Açık Otoparkı","kaynak":"ibb_ispark","tur":"AÇIK OTOPARK","kapasite":200,"ilce":"Beykoz","mahalle":"Göksu Mahallesi"}},{"type":"Feature","geometry":{"type":"Point","coordinates":[29.086308,41.113348]},"properties":{"id":"P1253","kategori":"otopark","ad":"Beykoz Sosyal Tesisleri 1","kaynak":"ibb_ispark","tur":"AÇIK OTOPARK","kapasite":130,"ilce":"Beykoz","mahalle":"Paşabahçe Mahallesi"}},{"type":"Feature","geometry":{"type":"Point","coordinates":[29.068887,41.0794]},"properties":{"id":"P1254","kategori":"otopark","ad":"Sabancı Öğretmenevi Açık Otoparkı","kaynak":"ibb_ispark","tur":"AÇIK OTOPARK","kapasite":350,"ilce":"Beykoz","mahalle":"Göksu Mahallesi"}},{"type":"Feature","geometry":{"type":"Point","coordinates":[29.065546,41.08001]},"properties":{"id":"P1255","kategori":"otopark","ad":"Sabancı Öğretmen Evi Önü 3","kaynak":"ibb_ispark","tur":"YOL ÜSTÜ","kapasite":27,"ilce":"Beykoz","mahalle":"Göksu Mahallesi"}},{"type":"Feature","geometry":{"type":"Point","coordinates":[29.100059,41.094088]},"properties":{"id":"P1256","kategori":"otopark","ad":"Medistate Hastanesi Otoparkı","kaynak":"osm","osm_id":"way/320063105","ilce":"Beykoz","mahalle":"Rüzgarlıbahçe Mahallesi"}},{"type":"Feature","geometry":{"type":"Point","coordinates":[28.645277,41.013692]},"properties":{"id":"P1257","kategori":"otopark","ad":"Beylikdüzü Atatürk Bulvarı Açık Otoparkı","kaynak":"ibb_ispark","tur":"AÇIK OTOPARK","kapasite":70,"ilce":"Beylikdüzü","mahalle":"Büyükşehir Mahallesi"}},{"type":"Feature","geometry":{"type":"Point","coordinates":[28.603281,40.967092]},"properties":{"id":"P1258","kategori":"otopark","ad":"Hal Otoparkı","kaynak":"osm","osm_id":"way/689909013","ilce":"Beylikdüzü","mahalle":"Dereağzı Mahallesi"}},{"type":"Feature","geometry":{"type":"Point","coordinates":[28.659061,40.963886]},"properties":{"id":"P1259","kategori":"otopark","ad":"İspark West İstanbul Marina Açık Otoparkı","kaynak":"ibb_ispark","tur":"AÇIK OTOPARK","kapasite":1000,"ilce":"Beylikdüzü","mahalle":"Marmara Mahallesi"}},{"type":"Feature","geometry":{"type":"Point","coordinates":[28.975061,41.032251]},"properties":{"id":"P1260","kategori":"otopark","ad":"Oda Kule Önü 1","kaynak":"ibb_ispark","tur":"YOL ÜSTÜ","kapasite":30,"ilce":"Beyoğlu","mahalle":"Evliya Çelebi Mahallesi"}},{"type":"Feature","geometry":{"type":"Point","coordinates":[28.978453,41.023416]},"properties":{"id":"P1261","kategori":"otopark","ad":"Karaköy Kemankeş Caddesi 1","kaynak":"ibb_ispark","tur":"YOL ÜSTÜ","kapasite":45,"ilce":"Beyoğlu","mahalle":"Kemankeş Karamustafa Paşa Mahallesi"}},{"type":"Feature","geometry":{"type":"Point","coordinates":[28.970279,41.024121]},"properties":{"id":"P1262","kategori":"otopark","ad":"Perşembe Pazarı 2","kaynak":"ibb_ispark","tur":"YOL ÜSTÜ","kapasite":32,"ilce":"Beyoğlu","mahalle":"Arap Cami Mahallesi"}},{"type":"Feature","geometry":{"type":"Point","coordinates":[28.987333,41.035833]},"properties":{"id":"P1263","kategori":"otopark","ad":"Beyoğlu İnönü Caddesi 6","kaynak":"ibb_ispark","tur":"YOL ÜSTÜ","kapasite":40,"ilce":"Beyoğlu","mahalle":"Gümüşsuyu Mahallesi"}},{"type":"Feature","geometry":{"type":"Point","coordinates":[28.950212,41.058744]},"properties":{"id":"P1264","kategori":"otopark","ad":"Miniatürk Çadır Açık Otoparkı","kaynak":"ibb_ispark","tur":"AÇIK OTOPARK","kapasite":250,"ilce":"Beyoğlu","mahalle":"Örnektepe Mahallesi"}},{"type":"Feature","geometry":{"type":"Point","coordinates":[28.98324,41.041606]},"properties":{"id":"P1265","kategori":"otopark","ad":"Parktürk","kaynak":"osm","osm_id":"node/9262142843","ilce":"Beyoğlu","mahalle":"Kocatepe Mahallesi"}},{"type":"Feature","geometry":{"type":"Point","coordinates":[28.981574,41.028059]},"properties":{"id":"P1266","kategori":"otopark","ad":"İtalyan Hastanesi Karşısı Açık Otoparkı 1","kaynak":"ibb_ispark","tur":"AÇIK OTOPARK","kapasite":25,"ilce":"Beyoğlu","mahalle":"Kılıçali Paşa Mahallesi"}},{"type":"Feature","geometry":{"type":"Point","coordinates":[28.531277,41.063015]},"properties":{"id":"P1267","kategori":"otopark","ad":"Ataşlar Tır Parkı","kaynak":"osm","osm_id":"way/1169778507","ilce":"Büyükçekmece","mahalle":"Hürriyet Mahallesi"}},{"type":"Feature","geometry":{"type":"Point","coordinates":[28.624137,41.022046]},"properties":{"id":"P1268","kategori":"otopark","ad":"BüyükÇekmece Metrobüs Durağı Yanı Zemin Altı Otoparkı","kaynak":"ibb_ispark","tur":"KAPALI OTOPARK","kapasite":498,"ilce":"Büyükçekmece","mahalle":"Cumhuriyet Mahallesi"}},{"type":"Feature","geometry":{"type":"Point","coordinates":[28.577743,41.020702]},"properties":{"id":"P1269","kategori":"otopark","ad":"Yeraltı Otopark","kaynak":"osm","osm_id":"way/1354922148","ilce":"Büyükçekmece","mahalle":"Dizdariye Mahallesi"}},{"type":"Feature","geometry":{"type":"Point","coordinates":[28.488145,41.028765]},"properties":{"id":"P1270","kategori":"otopark","ad":"Yılmaz Yediemin","kaynak":"osm","osm_id":"way/1422570089","ilce":"Büyükçekmece","mahalle":"Bahçelievler Mahallesi"}},{"type":"Feature","geometry":{"type":"Point","coordinates":[28.495732,41.120466]},"properties":{"id":"P1271","kategori":"otopark","ad":"Can TIR Parkı","kaynak":"osm","osm_id":"way/1029250957","ilce":"Çatalca","mahalle":"Ferhatpaşa Mahallesi"}},{"type":"Feature","geometry":{"type":"Point","coordinates":[28.503387,41.078766]},"properties":{"id":"P1272","kategori":"otopark","ad":"Kayıkçıoğlu TIR Parkı","kaynak":"osm","osm_id":"way/1029250945","ilce":"Çatalca","mahalle":"Muratbey Merkez Mahallesi"}},{"type":"Feature","geometry":{"type":"Point","coordinates":[28.51116,41.075803]},"properties":{"id":"P1273","kategori":"otopark","ad":"TIR Bekleme Yeri","kaynak":"osm","osm_id":"way/1016151462","ilce":"Çatalca","mahalle":"Muratbey Merkez Mahallesi"}},{"type":"Feature","geometry":{"type":"Point","coordinates":[29.228219,41.031505]},"properties":{"id":"P1274","kategori":"otopark","ad":"İspark","kaynak":"osm","osm_id":"node/4874941873","ilce":"Çekmeköy","mahalle":"Taşdelen Mahallesi"}},{"type":"Feature","geometry":{"type":"Point","coordinates":[29.175908,41.032695]},"properties":{"id":"P1275","kategori":"otopark","ad":"Çekmeköy Mimar Sinan Caddesi 1","kaynak":"ibb_ispark","tur":"YOL ÜSTÜ","kapasite":20,"ilce":"Çekmeköy","mahalle":"Mimar Sinan Mahallesi"}},{"type":"Feature","geometry":{"type":"Point","coordinates":[29.286752,41.089181]},"properties":{"id":"P1276","kategori":"otopark","ad":"Bi Mola Ömerli Tesisleri Otoparkı 1","kaynak":"osm","osm_id":"way/655717872","ilce":"Çekmeköy","mahalle":"Ömerli Mahallesi"}},{"type":"Feature","geometry":{"type":"Point","coordinates":[29.239053,41.065777]},"properties":{"id":"P1277","kategori":"otopark","ad":"Küçük Otopark (8-10 araba)","kaynak":"osm","osm_id":"node/12306818501","ilce":"Çekmeköy","mahalle":"Reşadiye Mahallesi"}},{"type":"Feature","geometry":{"type":"Point","coordinates":[29.222529,41.024637]},"properties":{"id":"P1278","kategori":"otopark","ad":"Taşdelen Otoparkı","kaynak":"osm","osm_id":"way/308715326","ilce":"Çekmeköy","mahalle":"Sultançiftliği Mahallesi"}},{"type":"Feature","geometry":{"type":"Point","coordinates":[28.882144,41.037112]},"properties":{"id":"P1279","kategori":"otopark","ad":"Lale Otopark","kaynak":"osm","osm_id":"node/1803493781","ilce":"Esenler","mahalle":"Nine Hatun Mahallesi"}},{"type":"Feature","geometry":{"type":"Point","coordinates":[28.896092,41.023843]},"properties":{"id":"P1280","kategori":"otopark","ad":"Otobüs Park Alanı","kaynak":"osm","osm_id":"way/665259335","ilce":"Esenler","mahalle":"Çifte Havuzlar Mahallesi"}},{"type":"Feature","geometry":{"type":"Point","coordinates":[28.86434,41.059045]},"properties":{"id":"P1281","kategori":"otopark","ad":"Cengiz Topel Yer Altı Katlı Otoparkı","kaynak":"ibb_ispark","tur":"KAPALI OTOPARK","kapasite":144,"ilce":"Esenler","mahalle":"Turgut Reis Mahallesi"}},{"type":"Feature","geometry":{"type":"Point","coordinates":[28.6676,41.055407]},"properties":{"id":"P1282","kategori":"otopark","ad":"Açık Otopark","kaynak":"osm","osm_id":"way/662218464","ilce":"Esenyurt","mahalle":"Koza Mahallesi"}},{"type":"Feature","geometry":{"type":"Point","coordinates":[28.656404,41.010521]},"properties":{"id":"P1283","kategori":"otopark","ad":"Bauhaus Otopark","kaynak":"osm","osm_id":"way/299040519","ilce":"Esenyurt","mahalle":"Mevlana Mahallesi"}},{"type":"Feature","geometry":{"type":"Point","coordinates":[28.636253,41.084345]},"properties":{"id":"P1284","kategori":"otopark","ad":"TIR Parkı","kaynak":"osm","osm_id":"way/1257266967","ilce":"Esenyurt","mahalle":"Akçaburgaz Mahallesi"}},{"type":"Feature","geometry":{"type":"Point","coordinates":[28.93761,41.046327]},"properties":{"id":"P1285","kategori":"otopark","ad":"Feshane P+R Açık Otoparkı","kaynak":"ibb_ispark","tur":"AÇIK OTOPARK","kapasite":200,"ilce":"Eyüpsultan","mahalle":"Nişancı Mahallesi"}},{"type":"Feature","geometry":{"type":"Point","coordinates":[28.942388,41.088232]},"properties":{"id":"P1286","kategori":"otopark","ad":"Alibeyköy Cep Otogarı P+R","kaynak":"ibb_ispark","tur":"AÇIK OTOPARK","kapasite":88,"ilce":"Eyüpsultan","mahalle":"5. Levent Mahallesi"}},{"type":"Feature","geometry":{"type":"Point","coordinates":[28.946287,41.168993]},"properties":{"id":"P1287","kategori":"otopark","ad":"Fatih Çeşme Açık Otoparkı","kaynak":"ibb_ispark","tur":"AÇIK OTOPARK","kapasite":250,"ilce":"Eyüpsultan","mahalle":"Mithatpaşa Mahallesi"}},{"type":"Feature","geometry":{"type":"Point","coordinates":[28.889882,41.176473]},"properties":{"id":"P1288","kategori":"otopark","ad":"Eyüp İstanbul Caddesi 4","kaynak":"ibb_ispark","tur":"YOL ÜSTÜ","kapasite":40,"ilce":"Eyüpsultan","mahalle":"Göktürk Merkez Mahallesi"}},{"type":"Feature","geometry":{"type":"Point","coordinates":[28.908003,41.236637]},"properties":{"id":"P1289","kategori":"otopark","ad":"Bi Mola Çiftalan Tesisleri Tır Parkı","kaynak":"osm","osm_id":"way/1387820097","ilce":"Eyüpsultan","mahalle":"Çiftalan Mahallesi"}},{"type":"Feature","geometry":{"type":"Point","coordinates":[28.919668,41.196793]},"properties":{"id":"P1290","kategori":"otopark","ad":"Belgrad Ormanı Kurt Kemeri Girişi Otoparkı","kaynak":"ibb_ispark","tur":"AÇIK OTOPARK","kapasite":5000,"ilce":"Eyüpsultan","mahalle":"Mithatpaşa Mahallesi"}},{"type":"Feature","geometry":{"type":"Point","coordinates":[28.975762,41.009277]},"properties":{"id":"P1291","kategori":"otopark","ad":"Çatalçeşme 1","kaynak":"ibb_ispark","tur":"YOL ÜSTÜ","kapasite":50,"ilce":"Fatih","mahalle":"Alemdar Mahallesi"}},{"type":"Feature","geometry":{"type":"Point","coordinates":[28.94288,41.016975]},"properties":{"id":"P1292","kategori":"otopark","ad":"Akdeniz Caddesi 1","kaynak":"ibb_ispark","tur":"YOL ÜSTÜ","kapasite":25,"ilce":"Fatih","mahalle":"Akşemsettin Mahallesi"}},{"type":"Feature","geometry":{"type":"Point","coordinates":[28.928793,41.007488]},"properties":{"id":"P1293","kategori":"otopark","ad":"Hilal Otopark Ve Oto Yıkama","kaynak":"osm","osm_id":"node/4896582651","ilce":"Fatih","mahalle":"Seyyid Ömer Mahallesi"}},{"type":"Feature","geometry":{"type":"Point","coordinates":[28.943731,41.005818]},"properties":{"id":"P1294","kategori":"otopark","ad":"Küçükbaşı Çeşme Otopark","kaynak":"osm","osm_id":"node/5099040191","ilce":"Fatih","mahalle":"Aksaray Mahallesi"}},{"type":"Feature","geometry":{"type":"Point","coordinates":[28.922137,41.004735]},"properties":{"id":"P1295","kategori":"otopark","ad":"Fatih Sitesi Misafir Otoparkı","kaynak":"osm","osm_id":"node/5112726729","ilce":"Fatih","mahalle":"Sümbül Efendi Mahallesi"}},{"type":"Feature","geometry":{"type":"Point","coordinates":[28.933851,41.001082]},"properties":{"id":"P1296","kategori":"otopark","ad":"Ayaz Oto Park","kaynak":"osm","osm_id":"node/5088192819","ilce":"Fatih","mahalle":"Koca Mustafapaşa Mahallesi"}},{"type":"Feature","geometry":{"type":"Point","coordinates":[28.932296,41.019985]},"properties":{"id":"P1297","kategori":"otopark","ad":"Tatlıpınar Cd. Otopark","kaynak":"osm","osm_id":"node/5100823681","ilce":"Fatih","mahalle":"Topkapı Mahallesi"}},{"type":"Feature","geometry":{"type":"Point","coordinates":[28.956693,41.007029]},"properties":{"id":"P1298","kategori":"otopark","ad":"Güvenlik Caddesi 1","kaynak":"ibb_ispark","tur":"YOL ÜSTÜ","kapasite":35,"ilce":"Fatih","mahalle":"Katip Kasım Mahallesi"}},{"type":"Feature","geometry":{"type":"Point","coordinates":[28.93175,41.015108]},"properties":{"id":"P1299","kategori":"otopark","ad":"Açık Otopark","kaynak":"osm","osm_id":"way/74663703","ilce":"Fatih","mahalle":"Şehremini Mahallesi"}},{"type":"Feature","geometry":{"type":"Point","coordinates":[28.948754,41.008869]},"properties":{"id":"P1300","kategori":"otopark","ad":"Yıldız Oto Park","kaynak":"osm","osm_id":"node/5107305828","ilce":"Fatih","mahalle":"Aksaray Mahallesi"}},{"type":"Feature","geometry":{"type":"Point","coordinates":[28.978834,41.003972]},"properties":{"id":"P1301","kategori":"otopark","ad":"Telve Otopark","kaynak":"osm","osm_id":"node/13253198689","ilce":"Fatih","mahalle":"Sultan Ahmet Mahallesi"}},{"type":"Feature","geometry":{"type":"Point","coordinates":[28.95352,41.012262]},"properties":{"id":"P1302","kategori":"otopark","ad":"Atatürk Bulvarı","kaynak":"ibb_ispark","tur":"YOL ÜSTÜ","kapasite":50,"ilce":"Fatih","mahalle":"Kemalpaşa Mahallesi"}},{"type":"Feature","geometry":{"type":"Point","coordinates":[28.951574,41.004957]},"properties":{"id":"P1303","kategori":"otopark","ad":"Yenikapı Marmaray Küçük Otoparkı","kaynak":"ibb_ispark","tur":"AÇIK OTOPARK","kapasite":200,"ilce":"Fatih","mahalle":"Aksaray Mahallesi"}},{"type":"Feature","geometry":{"type":"Point","coordinates":[28.947821,41.013399]},"properties":{"id":"P1304","kategori":"otopark","ad":"Sofular otoparkı","kaynak":"osm","osm_id":"node/5075961019","ilce":"Fatih","mahalle":"İskenderpaşa Mahallesi"}},{"type":"Feature","geometry":{"type":"Point","coordinates":[28.956874,41.017131]},"properties":{"id":"P1305","kategori":"otopark","ad":"İmç Önü 1","kaynak":"ibb_ispark","tur":"YOL ÜSTÜ","kapasite":28,"ilce":"Fatih","mahalle":"Molla Hüsrev Mahallesi"}},{"type":"Feature","geometry":{"type":"Point","coordinates":[28.938529,41.008515]},"properties":{"id":"P1306","kategori":"otopark","ad":"Çevre Otopark","kaynak":"osm","osm_id":"way/504771259","ilce":"Fatih","mahalle":"Haseki Sultan Mahallesi"}},{"type":"Feature","geometry":{"type":"Point","coordinates":[28.957241,41.027737]},"properties":{"id":"P1307","kategori":"otopark","ad":"Haliç Sosyal Tesisleri Otoparkı","kaynak":"ibb_ispark","tur":"AÇIK OTOPARK","kapasite":60,"ilce":"Fatih","mahalle":"Yavuz Sultan Selim Mahallesi"}},{"type":"Feature","geometry":{"type":"Point","coordinates":[28.944383,41.022743]},"properties":{"id":"P1308","kategori":"otopark","ad":"Fevzipaşa Caddesi 19","kaynak":"ibb_ispark","tur":"YOL ÜSTÜ","kapasite":30,"ilce":"Fatih","mahalle":"Atikali Mahallesi"}},{"type":"Feature","geometry":{"type":"Point","coordinates":[28.975404,41.016229]},"properties":{"id":"P1309","kategori":"otopark","ad":"Yalı Köşkü Caddesi 1","kaynak":"ibb_ispark","tur":"YOL ÜSTÜ","kapasite":100,"ilce":"Fatih","mahalle":"Hobyar Mahallesi"}},{"type":"Feature","geometry":{"type":"Point","coordinates":[28.929056,40.996639]},"properties":{"id":"P1310","kategori":"otopark","ad":"Uğur Otopark","kaynak":"osm","osm_id":"node/5088190889","ilce":"Fatih","mahalle":"Koca Mustafapaşa Mahallesi"}},{"type":"Feature","geometry":{"type":"Point","coordinates":[28.970432,41.013778]},"properties":{"id":"P1311","kategori":"otopark","ad":"Mercan Kapalı Otoparkı","kaynak":"osm","osm_id":"node/3223603862","ilce":"Fatih","mahalle":"Sururi Mahallesi"}},{"type":"Feature","geometry":{"type":"Point","coordinates":[28.965935,41.019149]},"properties":{"id":"P1312","kategori":"otopark","ad":"Ragıp Gümüşpala Otobüs Parkı 1","kaynak":"ibb_ispark","tur":"YOL ÜSTÜ","kapasite":40,"ilce":"Fatih","mahalle":"Sarıdemir Mahallesi"}},{"type":"Feature","geometry":{"type":"Point","coordinates":[28.939641,41.032756]},"properties":{"id":"P1313","kategori":"otopark","ad":"Çakırağa Otopark","kaynak":"osm","osm_id":"node/5112749746","ilce":"Fatih","mahalle":"Ayvansaray Mahallesi"}},{"type":"Feature","geometry":{"type":"Point","coordinates":[28.963648,41.007292]},"properties":{"id":"P1314","kategori":"otopark","ad":"Gedikpaşa Açık Otoparkı","kaynak":"ibb_ispark","tur":"AÇIK OTOPARK","kapasite":175,"ilce":"Fatih","mahalle":"Saraç İshak Mahallesi"}},{"type":"Feature","geometry":{"type":"Point","coordinates":[28.926987,41.017269]},"properties":{"id":"P1315","kategori":"otopark","ad":"Kıroğlu Oto Park ve Oto Yıkama","kaynak":"osm","osm_id":"node/5113470957","ilce":"Fatih","mahalle":"Mevlanakapı Mahallesi"}},{"type":"Feature","geometry":{"type":"Point","coordinates":[28.915721,41.057206]},"properties":{"id":"P1316","kategori":"otopark","ad":"GoPark Merkez Otopark","kaynak":"osm","osm_id":"node/13906554940","ilce":"Gaziosmanpaşa","mahalle":"Merkez Mahallesi"}},{"type":"Feature","geometry":{"type":"Point","coordinates":[28.911324,41.070623]},"properties":{"id":"P1317","kategori":"otopark","ad":"Nur Otopark","kaynak":"osm","osm_id":"node/6174403733","ilce":"Gaziosmanpaşa","mahalle":"Fevzi Çakmak Mahallesi"}},{"type":"Feature","geometry":{"type":"Point","coordinates":[28.877112,41.081915]},"properties":{"id":"P1318","kategori":"otopark","ad":"Karadeniz Açık Otoparkı","kaynak":"osm","osm_id":"way/1024828080","ilce":"Gaziosmanpaşa","mahalle":"Karadeniz Mahallesi"}},{"type":"Feature","geometry":{"type":"Point","coordinates":[28.894858,41.07103]},"properties":{"id":"P1319","kategori":"otopark","ad":"Hürriyet Mahallesi Zeminaltı Otoparkı","kaynak":"osm","osm_id":"node/13054430479","ilce":"Gaziosmanpaşa","mahalle":"Hürriyet Mahallesi"}},{"type":"Feature","geometry":{"type":"Point","coordinates":[28.884244,41.012378]},"properties":{"id":"P1320","kategori":"otopark","ad":"Paksu Merter Yeraltı Otoparkı","kaynak":"osm","osm_id":"way/719356514","ilce":"Güngören","mahalle":"Mehmet Nesih Özmen Mahallesi"}},{"type":"Feature","geometry":{"type":"Point","coordinates":[28.872909,41.008344]},"properties":{"id":"P1321","kategori":"otopark","ad":"Haznedar Yer Altı Otoparkı","kaynak":"ibb_ispark","tur":"KAPALI OTOPARK","kapasite":540,"ilce":"Güngören","mahalle":"Haznedar Mahallesi"}},{"type":"Feature","geometry":{"type":"Point","coordinates":[28.895732,41.007336]},"properties":{"id":"P1322","kategori":"otopark","ad":"Merter Metro P+R","kaynak":"ibb_ispark","tur":"AÇIK OTOPARK","kapasite":300,"ilce":"Güngören","mahalle":"Abdurrahman Nafiz Gürman Mahallesi"}},{"type":"Feature","geometry":{"type":"Point","coordinates":[28.88564,41.009036]},"properties":{"id":"P1323","kategori":"otopark","ad":"Kasım Sokak 1","kaynak":"ibb_ispark","tur":"YOL ÜSTÜ","kapasite":50,"ilce":"Güngören","mahalle":"Mehmet Nesih Özmen Mahallesi"}},{"type":"Feature","geometry":{"type":"Point","coordinates":[29.036007,40.968558]},"properties":{"id":"P1324","kategori":"otopark","ad":"Kalamış Açık Otoparkı","kaynak":"ibb_ispark","tur":"AÇIK OTOPARK","kapasite":170,"ilce":"Kadıköy","mahalle":"Fenerbahçe Mahallesi"}},{"type":"Feature","geometry":{"type":"Point","coordinates":[29.020724,40.988822]},"properties":{"id":"P1325","kategori":"otopark","ad":"Kadıköy Metro 2 Açık Otoparkı","kaynak":"ibb_ispark","tur":"AÇIK OTOPARK","kapasite":100,"ilce":"Kadıköy","mahalle":"Caferağa Mahallesi"}},{"type":"Feature","geometry":{"type":"Point","coordinates":[29.042912,40.997379]},"properties":{"id":"P1326","kategori":"otopark","ad":"Hasanpaşa Muhtarlık Açık Otoparkı","kaynak":"ibb_ispark","tur":"AÇIK OTOPARK","kapasite":100,"ilce":"Kadıköy","mahalle":"Hasanpaşa Mahallesi"}},{"type":"Feature","geometry":{"type":"Point","coordinates":[29.088487,40.954523]},"properties":{"id":"P1327","kategori":"otopark","ad":"Bostancı Sahil-Cep Açık Otoparkı","kaynak":"ibb_ispark","tur":"AÇIK OTOPARK","kapasite":195,"ilce":"Kadıköy","mahalle":"Bostancı Mahallesi"}},{"type":"Feature","geometry":{"type":"Point","coordinates":[29.064406,40.963517]},"properties":{"id":"P1328","kategori":"otopark","ad":"Dalyan Açık Otoparkı","kaynak":"ibb_ispark","tur":"AÇIK OTOPARK","kapasite":120,"ilce":"Kadıköy","mahalle":"Caddebostan Mahallesi"}},{"type":"Feature","geometry":{"type":"Point","coordinates":[29.039089,40.979966]},"properties":{"id":"P1329","kategori":"otopark","ad":"Münir Nurettin Selçuk Caddesi 5","kaynak":"ibb_ispark","tur":"YOL ÜSTÜ","kapasite":30,"ilce":"Kadıköy","mahalle":"Fenerbahçe Mahallesi"}},{"type":"Feature","geometry":{"type":"Point","coordinates":[29.033814,40.992542]},"properties":{"id":"P1330","kategori":"otopark","ad":"Parktürk Söğütlüçeşme Kadıköy","kaynak":"osm","osm_id":"way/422384331","ilce":"Kadıköy","mahalle":"Rasimpaşa Mahallesi"}},{"type":"Feature","geometry":{"type":"Point","coordinates":[29.076008,40.990366]},"properties":{"id":"P1331","kategori":"otopark","ad":"Kadıköy Yekta Sokak Göztepe E 5 Yanı 2","kaynak":"ibb_ispark","tur":"YOL ÜSTÜ","kapasite":48,"ilce":"Kadıköy","mahalle":"Merdivenköy Mahallesi"}},{"type":"Feature","geometry":{"type":"Point","coordinates":[29.074912,40.961187]},"properties":{"id":"P1332","kategori":"otopark","ad":"Kazım Özalp Sokak 4","kaynak":"ibb_ispark","tur":"YOL ÜSTÜ","kapasite":40,"ilce":"Kadıköy","mahalle":"Suadiye Mahallesi"}},{"type":"Feature","geometry":{"type":"Point","coordinates":[28.974634,41.081239]},"properties":{"id":"P1333","kategori":"otopark","ad":"Hamidiye Oto Yıkama Oto Park","kaynak":"osm","osm_id":"way/1467139819","ilce":"Kâğıthane","mahalle":"Merkez Mahallesi"}},{"type":"Feature","geometry":{"type":"Point","coordinates":[29.002757,41.093724]},"properties":{"id":"P1334","kategori":"otopark","ad":"Yeşilce Zemin Altı Katlı Otoparkı","kaynak":"ibb_ispark","tur":"KAPALI OTOPARK","kapasite":769,"ilce":"Kâğıthane","mahalle":"Yeşilce Mahallesi"}},{"type":"Feature","geometry":{"type":"Point","coordinates":[28.958686,41.053787]},"properties":{"id":"P1335","kategori":"otopark","ad":"Cemal Kamacı Spor Kompleksi Zemin Altı Otoparkı","kaynak":"ibb_ispark","tur":"KAPALI OTOPARK","kapasite":510,"ilce":"Kâğıthane","mahalle":"Mehmet Akif Ersoy Mahallesi"}},{"type":"Feature","geometry":{"type":"Point","coordinates":[28.990232,41.080849]},"properties":{"id":"P1336","kategori":"otopark","ad":"Kağıthane Harmantepe Zemin Altı Otoparkı","kaynak":"ibb_ispark","tur":"KAPALI OTOPARK","kapasite":200,"ilce":"Kâğıthane","mahalle":"Harmantepe Mahallesi"}},{"type":"Feature","geometry":{"type":"Point","coordinates":[29.225023,40.918651]},"properties":{"id":"P1337","kategori":"otopark","ad":"İspark Yakacık Zemin Altı Otoparkı","kaynak":"osm","osm_id":"node/4876032098","ilce":"Kartal","mahalle":"Yakacık Çarşı Mahallesi"}},{"type":"Feature","geometry":{"type":"Point","coordinates":[29.188365,40.889452]},"properties":{"id":"P1338","kategori":"otopark","ad":"Kartal Hürriyet Caddesi 4","kaynak":"ibb_ispark","tur":"YOL ÜSTÜ","kapasite":30,"ilce":"Kartal","mahalle":"Kordonboyu Mahallesi"}},{"type":"Feature","geometry":{"type":"Point","coordinates":[29.145564,40.901735]},"properties":{"id":"P1339","kategori":"otopark","ad":"Dragos Sosyal Tesisleri","kaynak":"ibb_ispark","tur":"AÇIK OTOPARK","kapasite":100,"ilce":"Kartal","mahalle":"Orhantepe Mahallesi"}},{"type":"Feature","geometry":{"type":"Point","coordinates":[29.171185,40.917904]},"properties":{"id":"P1340","kategori":"otopark","ad":"Cevizli Açık Otoparkı","kaynak":"ibb_ispark","tur":"AÇIK OTOPARK","kapasite":100,"ilce":"Kartal","mahalle":"Cevizli Mahallesi"}},{"type":"Feature","geometry":{"type":"Point","coordinates":[29.171135,40.898732]},"properties":{"id":"P1341","kategori":"otopark","ad":"İSPARK","kaynak":"osm","osm_id":"way/978006017","ilce":"Kartal","mahalle":"Atalar Mahallesi"}},{"type":"Feature","geometry":{"type":"Point","coordinates":[29.194336,40.912307]},"properties":{"id":"P1342","kategori":"otopark","ad":"İspark","kaynak":"osm","osm_id":"node/4875896341","ilce":"Kartal","mahalle":"Soğanlık Yeni Mahallesi"}},{"type":"Feature","geometry":{"type":"Point","coordinates":[28.799234,41.058452]},"properties":{"id":"P1343","kategori":"otopark","ad":"Bahariye Metro İstasyonu Arazisi","kaynak":"osm","osm_id":"way/737926894","ilce":"Küçükçekmece","mahalle":"Mehmet Akif Mahallesi"}},{"type":"Feature","geometry":{"type":"Point","coordinates":[28.787111,41.00605]},"properties":{"id":"P1344","kategori":"otopark","ad":"İSPARK","kaynak":"osm","osm_id":"node/13579790204","ilce":"Küçükçekmece","mahalle":"Sultan Murat Mahallesi"}},{"type":"Feature","geometry":{"type":"Point","coordinates":[28.784815,41.03583]},"properties":{"id":"P1345","kategori":"otopark","ad":"Halkalı Mahallesi Zemin Altı Otoparkı","kaynak":"ibb_ispark","tur":"KAPALI OTOPARK","kapasite":347,"ilce":"Küçükçekmece","mahalle":"Halkalı Merkez Mahallesi"}},{"type":"Feature","geometry":{"type":"Point","coordinates":[29.124246,40.925476]},"properties":{"id":"P1346","kategori":"otopark","ad":"İSPARK","kaynak":"osm","osm_id":"way/1293504487","ilce":"Maltepe","mahalle":"Yalı Mahallesi"}},{"type":"Feature","geometry":{"type":"Point","coordinates":[29.105617,40.944513]},"properties":{"id":"P1347","kategori":"otopark","ad":"İSPARK  Küçükyalı Sahil Cep Otoparkı","kaynak":"osm","osm_id":"way/1272743206","ilce":"Maltepe","mahalle":"Küçükyalı Merkez Mahallesi"}},{"type":"Feature","geometry":{"type":"Point","coordinates":[29.136876,40.90944]},"properties":{"id":"P1348","kategori":"otopark","ad":"Yalı Açık Otoparkı","kaynak":"ibb_ispark","tur":"AÇIK OTOPARK","kapasite":85,"ilce":"Maltepe","mahalle":"Yalı Mahallesi"}},{"type":"Feature","geometry":{"type":"Point","coordinates":[29.1914,40.958403]},"properties":{"id":"P1349","kategori":"otopark","ad":"Personel Otoparkı","kaynak":"osm","osm_id":"way/281069301","ilce":"Maltepe","mahalle":"Büyükbakkalköy Mahallesi"}},{"type":"Feature","geometry":{"type":"Point","coordinates":[29.155027,40.92377]},"properties":{"id":"P1350","kategori":"otopark","ad":"Gülsuyu Metro Yer Altı Otoparkı","kaynak":"ibb_ispark","tur":"KAPALI OTOPARK","kapasite":100,"ilce":"Maltepe","mahalle":"Cevizli Mahallesi"}},{"type":"Feature","geometry":{"type":"Point","coordinates":[29.14275,40.948691]},"properties":{"id":"P1351","kategori":"otopark","ad":"Süreyyapaşa Göğüs Hastalıkları Hastanesi Misafir Otoparkı","kaynak":"osm","osm_id":"way/263291845","ilce":"Maltepe","mahalle":"Başıbüyük Mahallesi"}},{"type":"Feature","geometry":{"type":"Point","coordinates":[29.235822,40.878203]},"properties":{"id":"P1352","kategori":"otopark","ad":"İspark","kaynak":"osm","osm_id":"node/4876806120","ilce":"Pendik","mahalle":"Doğu Mahallesi"}},{"type":"Feature","geometry":{"type":"Point","coordinates":[29.308383,40.926521]},"properties":{"id":"P1353","kategori":"otopark","ad":"Pendik Yenişehir Mustafa Akyol Sokak 1","kaynak":"ibb_ispark","tur":"YOL ÜSTÜ","kapasite":115,"ilce":"Pendik","mahalle":"Yenişehir Mahallesi"}},{"type":"Feature","geometry":{"type":"Point","coordinates":[29.262318,40.887811]},"properties":{"id":"P1354","kategori":"otopark","ad":"İspark","kaynak":"osm","osm_id":"node/4875896339","ilce":"Pendik","mahalle":"Fevzi Çakmak Mahallesi"}},{"type":"Feature","geometry":{"type":"Point","coordinates":[29.286161,40.913749]},"properties":{"id":"P1355","kategori":"otopark","ad":"Şeyhli Mahallesi Otoparkı","kaynak":"osm","osm_id":"way/677437991","ilce":"Pendik","mahalle":"Şeyhli Mahallesi"}},{"type":"Feature","geometry":{"type":"Point","coordinates":[29.271945,40.864219]},"properties":{"id":"P1356","kategori":"otopark","ad":"Pendik Yeni Mahalle Açık Otoparkı","kaynak":"ibb_ispark","tur":"AÇIK OTOPARK","kapasite":80,"ilce":"Pendik","mahalle":"Kaynarca Mahallesi"}},{"type":"Feature","geometry":{"type":"Point","coordinates":[29.235746,40.880306]},"properties":{"id":"P1357","kategori":"otopark","ad":"İspark","kaynak":"osm","osm_id":"node/4876806116","ilce":"Pendik","mahalle":"Doğu Mahallesi"}},{"type":"Feature","geometry":{"type":"Point","coordinates":[29.325338,40.932224]},"properties":{"id":"P1358","kategori":"otopark","ad":"İspark Minibüs Depolama Alanı","kaynak":"osm","osm_id":"way/691915325","ilce":"Pendik","mahalle":"Harmandere Mahallesi"}},{"type":"Feature","geometry":{"type":"Point","coordinates":[29.228666,40.871604]},"properties":{"id":"P1359","kategori":"otopark","ad":"PenCR Müşteri Otoparkı","kaynak":"osm","osm_id":"way/683643407","ilce":"Pendik","mahalle":"Batı Mahallesi"}},{"type":"Feature","geometry":{"type":"Point","coordinates":[29.305337,40.929837]},"properties":{"id":"P1360","kategori":"otopark","ad":"İSPARK","kaynak":"osm","osm_id":"way/1423079042","ilce":"Pendik","mahalle":"Yenişehir Mahallesi"}},{"type":"Feature","geometry":{"type":"Point","coordinates":[29.235207,40.879432]},"properties":{"id":"P1361","kategori":"otopark","ad":"Pendik Lokman Hekim Caddesi 1","kaynak":"ibb_ispark","tur":"YOL ÜSTÜ","kapasite":25,"ilce":"Pendik","mahalle":"Doğu Mahallesi"}},{"type":"Feature","geometry":{"type":"Point","coordinates":[29.197474,41.009828]},"properties":{"id":"P1362","kategori":"otopark","ad":"Meclis Otopark Alanı","kaynak":"osm","osm_id":"way/1500725503","ilce":"Sancaktepe","mahalle":"Meclis Mahallesi"}},{"type":"Feature","geometry":{"type":"Point","coordinates":[29.228075,40.994266]},"properties":{"id":"P1363","kategori":"otopark","ad":"Belediye Yeraltı Otoparkı","kaynak":"osm","osm_id":"way/809972461","ilce":"Sancaktepe","mahalle":"Abdurrahmangazi Mahallesi"}},{"type":"Feature","geometry":{"type":"Point","coordinates":[29.231724,41.013706]},"properties":{"id":"P1364","kategori":"otopark","ad":"Atatürk Mahallesi Otopark Alanı","kaynak":"osm","osm_id":"way/1384652930","ilce":"Sancaktepe","mahalle":"Atatürk Mahallesi"}},{"type":"Feature","geometry":{"type":"Point","coordinates":[29.201383,41.003961]},"properties":{"id":"P1365","kategori":"otopark","ad":"İETT Sarıgazi Garajı","kaynak":"osm","osm_id":"way/457960900","ilce":"Sancaktepe","mahalle":"Emek Mahallesi"}},{"type":"Feature","geometry":{"type":"Point","coordinates":[29.217704,41.003951]},"properties":{"id":"P1366","kategori":"otopark","ad":"Kemal Türkler Mahallesi Açık Otoparkı","kaynak":"osm","osm_id":"way/1516921229","ilce":"Sancaktepe","mahalle":"Kemal Türkler Mahallesi"}},{"type":"Feature","geometry":{"type":"Point","coordinates":[29.016839,41.107142]},"properties":{"id":"P1367","kategori":"otopark","ad":"P2 Öğrenci/Misafir Otoparkı","kaynak":"osm","osm_id":"way/1456658371","ilce":"Sarıyer","mahalle":"Reşitpaşa Mahallesi"}},{"type":"Feature","geometry":{"type":"Point","coordinates":[28.988854,41.183563]},"properties":{"id":"P1368","kategori":"otopark","ad":"Belgrad Ormanı Bahçeköy Girişi Açık","kaynak":"ibb_ispark","tur":"AÇIK OTOPARK","kapasite":5000,"ilce":"Sarıyer","mahalle":"Bahçeköy Merkez Mahallesi"}},{"type":"Feature","geometry":{"type":"Point","coordinates":[29.057168,41.105994]},"properties":{"id":"P1369","kategori":"otopark","ad":"Emirgan Sahil 1","kaynak":"ibb_ispark","tur":"YOL ÜSTÜ","kapasite":50,"ilce":"Sarıyer","mahalle":"Emirgan Mahallesi"}},{"type":"Feature","geometry":{"type":"Point","coordinates":[29.045102,41.148951]},"properties":{"id":"P1370","kategori":"otopark","ad":"Kireçburnu 4","kaynak":"ibb_ispark","tur":"YOL ÜSTÜ","kapasite":35,"ilce":"Sarıyer","mahalle":"Kireçburnu Mahallesi"}},{"type":"Feature","geometry":{"type":"Point","coordinates":[29.055805,41.081856]},"properties":{"id":"P1371","kategori":"otopark","ad":"Aşiyan 1","kaynak":"ibb_ispark","tur":"YOL ÜSTÜ","kapasite":20,"ilce":"Sarıyer","mahalle":"Rumelihisarı Mahallesi"}},{"type":"Feature","geometry":{"type":"Point","coordinates":[29.069785,41.127242]},"properties":{"id":"P1372","kategori":"otopark","ad":"Yeniköy 1","kaynak":"ibb_ispark","tur":"YOL ÜSTÜ","kapasite":11,"ilce":"Sarıyer","mahalle":"Yeniköy Mahallesi"}},{"type":"Feature","geometry":{"type":"Point","coordinates":[29.025246,41.12928]},"properties":{"id":"P1373","kategori":"otopark","ad":"Darüşşafaka Yeraltı Otoparkı","kaynak":"ibb_ispark","tur":"KAPALI OTOPARK","kapasite":150,"ilce":"Sarıyer","mahalle":"Çamlıtepe Mahallesi"}},{"type":"Feature","geometry":{"type":"Point","coordinates":[28.243479,41.072074]},"properties":{"id":"P1374","kategori":"otopark","ad":"Atatürk Caddesi 6 (0-20 Dakika Ücretsiz)","kaynak":"ibb_ispark","tur":"YOL ÜSTÜ","kapasite":50,"ilce":"Silivri","mahalle":"Piri Mehmet Paşa Mahallesi"}},{"type":"Feature","geometry":{"type":"Point","coordinates":[28.105675,41.066965]},"properties":{"id":"P1375","kategori":"otopark","ad":"Kınalı Yediemin Otoparkı","kaynak":"osm","osm_id":"way/1382616598","ilce":"Silivri","mahalle":"Çanta Sancaktepe Mahallesi"}},{"type":"Feature","geometry":{"type":"Point","coordinates":[28.243564,41.07367]},"properties":{"id":"P1376","kategori":"otopark","ad":"Atatürk Caddesi 2","kaynak":"ibb_ispark","tur":"YOL ÜSTÜ","kapasite":30,"ilce":"Silivri","mahalle":"Piri Mehmet Paşa Mahallesi"}},{"type":"Feature","geometry":{"type":"Point","coordinates":[29.006645,41.069587]},"properties":{"id":"P1377","kategori":"otopark","ad":"İkinci Keskin Kalem Sokak 1","kaynak":"ibb_ispark","tur":"YOL ÜSTÜ","kapasite":40,"ilce":"Şişli","mahalle":"Esentepe Mahallesi"}},{"type":"Feature","geometry":{"type":"Point","coordinates":[28.987882,41.04054]},"properties":{"id":"P1378","kategori":"otopark","ad":"Harbiye Zemin Altı Otoparkı","kaynak":"ibb_ispark","tur":"KAPALI OTOPARK","kapasite":142,"ilce":"Şişli","mahalle":"Harbiye Mahallesi"}},{"type":"Feature","geometry":{"type":"Point","coordinates":[28.991302,41.047938]},"properties":{"id":"P1379","kategori":"otopark","ad":"Taşkışla Caddesi 3","kaynak":"ibb_ispark","tur":"YOL ÜSTÜ","kapasite":null,"ilce":"Şişli","mahalle":"Harbiye Mahallesi"}},{"type":"Feature","geometry":{"type":"Point","coordinates":[28.968082,41.06108]},"properties":{"id":"P1380","kategori":"otopark","ad":"Perpa Ticaret Merkezi Açık Otopark 1","kaynak":"osm","osm_id":"way/1363661580","ilce":"Şişli","mahalle":"Halil Rıfat Paşa Mahallesi"}},{"type":"Feature","geometry":{"type":"Point","coordinates":[28.982135,41.049967]},"properties":{"id":"P1381","kategori":"otopark","ad":"Kurtuluş Caddesi 4","kaynak":"ibb_ispark","tur":"YOL ÜSTÜ","kapasite":45,"ilce":"Şişli","mahalle":"Feriköy Mahallesi"}},{"type":"Feature","geometry":{"type":"Point","coordinates":[29.000385,41.067193]},"properties":{"id":"P1382","kategori":"otopark","ad":"Damla Sokak 1","kaynak":"ibb_ispark","tur":"YOL ÜSTÜ","kapasite":17,"ilce":"Şişli","mahalle":"Mecidiyeköy Mahallesi"}},{"type":"Feature","geometry":{"type":"Point","coordinates":[29.011612,41.071574]},"properties":{"id":"P1383","kategori":"otopark","ad":"Kore Şehitleri Caddesi - Yüzbaşı Kaya Aldağon Sokak 4","kaynak":"ibb_ispark","tur":"YOL ÜSTÜ","kapasite":40,"ilce":"Şişli","mahalle":"Esentepe Mahallesi"}},{"type":"Feature","geometry":{"type":"Point","coordinates":[28.992839,41.043017]},"properties":{"id":"P1384","kategori":"otopark","ad":"Şişli Kadırgalar Caddesi 1","kaynak":"ibb_ispark","tur":"YOL ÜSTÜ","kapasite":100,"ilce":"Şişli","mahalle":"Harbiye Mahallesi"}},{"type":"Feature","geometry":{"type":"Point","coordinates":[28.99408,41.056333]},"properties":{"id":"P1385","kategori":"otopark","ad":"19 Mayıs Açık","kaynak":"ibb_ispark","tur":"AÇIK OTOPARK","kapasite":65,"ilce":"Şişli","mahalle":"Meşrutiyet Mahallesi"}},{"type":"Feature","geometry":{"type":"Point","coordinates":[29.006894,41.083644]},"properties":{"id":"P1386","kategori":"otopark","ad":"İETT Esentepe Garajı","kaynak":"osm","osm_id":"way/757243928","ilce":"Şişli","mahalle":"Esentepe Mahallesi"}},{"type":"Feature","geometry":{"type":"Point","coordinates":[28.985213,41.055431]},"properties":{"id":"P1387","kategori":"otopark","ad":"Bomanti Protestan Mezarlığı Yanı 2","kaynak":"ibb_ispark","tur":"YOL ÜSTÜ","kapasite":20,"ilce":"Şişli","mahalle":"Cumhuriyet Mahallesi"}},{"type":"Feature","geometry":{"type":"Point","coordinates":[28.996977,41.063743]},"properties":{"id":"P1388","kategori":"otopark","ad":"Ortaklar Caddesi 1","kaynak":"ibb_ispark","tur":"YOL ÜSTÜ","kapasite":22,"ilce":"Şişli","mahalle":"Fulya Mahallesi"}},{"type":"Feature","geometry":{"type":"Point","coordinates":[28.997807,41.051948]},"properties":{"id":"P1389","kategori":"otopark","ad":"Topağacı Otoparkı","kaynak":"osm","osm_id":"node/11945940164","ilce":"Şişli","mahalle":"Teşvikiye Mahallesi"}},{"type":"Feature","geometry":{"type":"Point","coordinates":[29.266642,40.966842]},"properties":{"id":"P1390","kategori":"otopark","ad":"Sultanbeyli Kent Meydanı Zemin Altı Otoparkı","kaynak":"ibb_ispark","tur":"KAPALI OTOPARK","kapasite":300,"ilce":"Sultanbeyli","mahalle":"Mehmet Akif Mahallesi"}},{"type":"Feature","geometry":{"type":"Point","coordinates":[29.275263,40.997177]},"properties":{"id":"P1391","kategori":"otopark","ad":"Park216 2.El Oto Satış","kaynak":"osm","osm_id":"way/585378420","ilce":"Sultanbeyli","mahalle":"Mimar Sinan Mahallesi"}},{"type":"Feature","geometry":{"type":"Point","coordinates":[29.299666,40.950799]},"properties":{"id":"P1392","kategori":"otopark","ad":"Klasoto Aksesuar","kaynak":"osm","osm_id":"node/5542883397","ilce":"Sultanbeyli","mahalle":"Akşemsettin Mahallesi"}},{"type":"Feature","geometry":{"type":"Point","coordinates":[28.864879,41.094412]},"properties":{"id":"P1393","kategori":"otopark","ad":"Sultangazi Zemin Altı Otoparkı","kaynak":"ibb_ispark","tur":"KAPALI OTOPARK","kapasite":104,"ilce":"Sultangazi","mahalle":"Uğur Mumcu Mahallesi"}},{"type":"Feature","geometry":{"type":"Point","coordinates":[28.90185,41.095089]},"properties":{"id":"P1394","kategori":"otopark","ad":"Gazi Parkı Otoparkı","kaynak":"osm","osm_id":"way/223079986","ilce":"Sultangazi","mahalle":"Yunus Emre Mahallesi"}},{"type":"Feature","geometry":{"type":"Point","coordinates":[28.864929,41.09589]},"properties":{"id":"P1395","kategori":"otopark","ad":"Yıldız Otopark","kaynak":"osm","osm_id":"way/1255966172","ilce":"Sultangazi","mahalle":"Uğur Mumcu Mahallesi"}},{"type":"Feature","geometry":{"type":"Point","coordinates":[29.370225,40.871959]},"properties":{"id":"P1396","kategori":"otopark","ad":"Tır Parkı","kaynak":"osm","osm_id":"way/624405701","ilce":"Tuzla","mahalle":"Aydınlı Mahallesi"}},{"type":"Feature","geometry":{"type":"Point","coordinates":[29.278913,40.831722]},"properties":{"id":"P1397","kategori":"otopark","ad":"İSPARK","kaynak":"osm","osm_id":"way/1216656142","ilce":"Tuzla","mahalle":"Postane Mahallesi"}},{"type":"Feature","geometry":{"type":"Point","coordinates":[29.320018,40.832739]},"properties":{"id":"P1398","kategori":"otopark","ad":"Tır Otoparkı","kaynak":"osm","osm_id":"way/1234848433","ilce":"Tuzla","mahalle":"İstasyon Mahallesi"}},{"type":"Feature","geometry":{"type":"Point","coordinates":[29.352007,40.912555]},"properties":{"id":"P1399","kategori":"otopark","ad":"Omsan Lojistik Orhanlı Park Sahası","kaynak":"osm","osm_id":"way/316383425","ilce":"Tuzla","mahalle":"Orhanlı Mahallesi"}},{"type":"Feature","geometry":{"type":"Point","coordinates":[29.160967,41.015405]},"properties":{"id":"P1400","kategori":"otopark","ad":"Dudullu Mninbüs Peronları","kaynak":"osm","osm_id":"way/1064150634","ilce":"Ümraniye","mahalle":"Yukarı Dudullu Mahallesi"}},{"type":"Feature","geometry":{"type":"Point","coordinates":[29.083466,41.025615]},"properties":{"id":"P1401","kategori":"otopark","ad":"Bosna Bulvarı 3","kaynak":"ibb_ispark","tur":"YOL ÜSTÜ","kapasite":35,"ilce":"Ümraniye","mahalle":"Tantavi Mahallesi"}},{"type":"Feature","geometry":{"type":"Point","coordinates":[29.119302,41.03386]},"properties":{"id":"P1402","kategori":"otopark","ad":"Dr. Adnan Büyük Deniz Caddesi 14","kaynak":"ibb_ispark","tur":"YOL ÜSTÜ","kapasite":60,"ilce":"Ümraniye","mahalle":"İnkılap Mahallesi"}},{"type":"Feature","geometry":{"type":"Point","coordinates":[29.106307,41.027282]},"properties":{"id":"P1403","kategori":"otopark","ad":"Avek Otomotiv","kaynak":"osm","osm_id":"way/727445092","ilce":"Ümraniye","mahalle":"Yamanevler Mahallesi"}},{"type":"Feature","geometry":{"type":"Point","coordinates":[29.138958,41.004269]},"properties":{"id":"P1404","kategori":"otopark","ad":"Green Garden","kaynak":"osm","osm_id":"node/14072593482","ilce":"Ümraniye","mahalle":"Mehmet Akif Mahallesi"}},{"type":"Feature","geometry":{"type":"Point","coordinates":[29.120261,40.998615]},"properties":{"id":"P1405","kategori":"otopark","ad":"Nezahat Gökyiğit Botanik Bahçesi Ümraniye Girişi","kaynak":"osm","osm_id":"way/950264731","ilce":"Ümraniye","mahalle":"Çamlık Mahallesi"}},{"type":"Feature","geometry":{"type":"Point","coordinates":[29.106854,41.012903]},"properties":{"id":"P1406","kategori":"otopark","ad":"Şubat Yediemin Otoparkı","kaynak":"osm","osm_id":"node/8367068182","ilce":"Ümraniye","mahalle":"Atakent Mahallesi"}},{"type":"Feature","geometry":{"type":"Point","coordinates":[29.057491,41.015668]},"properties":{"id":"P1407","kategori":"otopark","ad":"Acıbadem Açık Otoparkı","kaynak":"ibb_ispark","tur":"AÇIK OTOPARK","kapasite":100,"ilce":"Üsküdar","mahalle":"Küçük Çamlıca Mahallesi"}},{"type":"Feature","geometry":{"type":"Point","coordinates":[29.053469,41.048436]},"properties":{"id":"P1408","kategori":"otopark","ad":"Çengelköy Açık Otoparkı","kaynak":"ibb_ispark","tur":"AÇIK OTOPARK","kapasite":426,"ilce":"Üsküdar","mahalle":"Çengelköy Mahallesi"}},{"type":"Feature","geometry":{"type":"Point","coordinates":[29.076544,41.048269]},"properties":{"id":"P1409","kategori":"otopark","ad":"İspark","kaynak":"osm","osm_id":"node/4874941850","ilce":"Üsküdar","mahalle":"Bahçelievler Mahallesi"}},{"type":"Feature","geometry":{"type":"Point","coordinates":[29.076788,41.014706]},"properties":{"id":"P1410","kategori":"otopark","ad":"Libadiye Otopark","kaynak":"osm","osm_id":"node/12567400675","ilce":"Üsküdar","mahalle":"Bulgurlu Mahallesi"}},{"type":"Feature","geometry":{"type":"Point","coordinates":[29.025287,41.015538]},"properties":{"id":"P1411","kategori":"otopark","ad":"Zeynep Kamil Hastanesi Önü 5","kaynak":"ibb_ispark","tur":"YOL ÜSTÜ","kapasite":39,"ilce":"Üsküdar","mahalle":"Zeynep Kamil Mahallesi"}},{"type":"Feature","geometry":{"type":"Point","coordinates":[29.015826,41.0252]},"properties":{"id":"P1412","kategori":"otopark","ad":"İspark","kaynak":"osm","osm_id":"node/4874941823","ilce":"Üsküdar","mahalle":"Mimar Sinan Mahallesi"}},{"type":"Feature","geometry":{"type":"Point","coordinates":[29.057354,40.99899]},"properties":{"id":"P1413","kategori":"otopark","ad":"Uzunçayır Açık Otoparkı","kaynak":"ibb_ispark","tur":"AÇIK OTOPARK","kapasite":85,"ilce":"Üsküdar","mahalle":"Ünalan Mahallesi"}},{"type":"Feature","geometry":{"type":"Point","coordinates":[29.070609,41.035538]},"properties":{"id":"P1414","kategori":"otopark","ad":"Çamlıca Camii Zemin Altı Otoparkı","kaynak":"osm","osm_id":"node/6821944461","ilce":"Üsküdar","mahalle":"Ferah Mahallesi"}},{"type":"Feature","geometry":{"type":"Point","coordinates":[29.03465,41.025188]},"properties":{"id":"P1415","kategori":"otopark","ad":"Bağlarbaşı Katlı Otoparkı","kaynak":"ibb_ispark","tur":"KAPALI OTOPARK","kapasite":130,"ilce":"Üsküdar","mahalle":"Selami Ali Mahallesi"}},{"type":"Feature","geometry":{"type":"Point","coordinates":[28.904288,40.996547]},"properties":{"id":"P1416","kategori":"otopark","ad":"Şehit Volkan Duysak Katlı Otoparkı","kaynak":"ibb_ispark","tur":"KAPALI OTOPARK","kapasite":1000,"ilce":"Zeytinburnu","mahalle":"Beştelsiz Mahallesi"}},{"type":"Feature","geometry":{"type":"Point","coordinates":[28.892599,40.999963]},"properties":{"id":"P1417","kategori":"otopark","ad":"Çırpıcı Sosyal Tesisler","kaynak":"ibb_ispark","tur":"AÇIK OTOPARK","kapasite":128,"ilce":"Zeytinburnu","mahalle":"Çırpıcı Mahallesi"}},{"type":"Feature","geometry":{"type":"Point","coordinates":[28.904636,41.005659]},"properties":{"id":"P1418","kategori":"otopark","ad":"Mevlana Yeraltı Katlı Otoparkı","kaynak":"ibb_ispark","tur":"KAPALI OTOPARK","kapasite":1000,"ilce":"Zeytinburnu","mahalle":"Seyitnizam Mahallesi"}},{"type":"Feature","geometry":{"type":"Point","coordinates":[28.916549,40.99223]},"properties":{"id":"P1419","kategori":"otopark","ad":"Kazlıçeşme Marmaray Açık Otoparkı","kaynak":"ibb_ispark","tur":"AÇIK OTOPARK","kapasite":700,"ilce":"Zeytinburnu","mahalle":"Kazlıçeşme Mahallesi"}},{"type":"Feature","geometry":{"type":"Point","coordinates":[28.920157,41.004257]},"properties":{"id":"P1420","kategori":"otopark","ad":"Biruni Üniversitesi Açık Otoparkı","kaynak":"ibb_ispark","tur":"AÇIK OTOPARK","kapasite":150,"ilce":"Zeytinburnu","mahalle":"Kazlıçeşme Mahallesi"}},{"type":"Feature","geometry":{"type":"Point","coordinates":[29.089659,40.882168]},"properties":{"id":"P1421","kategori":"spor_salonu","ad":"Heybeliada Su Sporları Kulübü","kaynak":"osm","osm_id":"way/235498046","ilce":"Adalar","mahalle":"Heybeliada Mahallesi"}},{"type":"Feature","geometry":{"type":"Point","coordinates":[28.719099,41.185981]},"properties":{"id":"P1422","kategori":"spor_salonu","ad":"Arnavutköy Sağlıklı Yaşam Merkezi","kaynak":"osm","osm_id":"node/12684627911","ilce":"Arnavutköy","mahalle":"Taşoluk Mahallesi"}},{"type":"Feature","geometry":{"type":"Point","coordinates":[29.119809,40.982361]},"properties":{"id":"P1423","kategori":"spor_salonu","ad":"My Studio Pilates","kaynak":"osm","osm_id":"node/9498343243","ilce":"Ataşehir","mahalle":"Küçükbakkalköy Mahallesi"}},{"type":"Feature","geometry":{"type":"Point","coordinates":[29.103831,40.987969]},"properties":{"id":"P1424","kategori":"spor_salonu","ad":"Shape Club","kaynak":"osm","osm_id":"node/5312403879","ilce":"Ataşehir","mahalle":"Barbaros Mahallesi"}},{"type":"Feature","geometry":{"type":"Point","coordinates":[29.151565,40.989964]},"properties":{"id":"P1425","kategori":"spor_salonu","ad":"İstanbul Site Spor Kulübü","kaynak":"osm","osm_id":"way/442179525","ilce":"Ataşehir","mahalle":"Mevlana Mahallesi"}},{"type":"Feature","geometry":{"type":"Point","coordinates":[29.078641,40.998657]},"properties":{"id":"P1426","kategori":"spor_salonu","ad":"Libadiye Spor Kulübü - Şaban Çalımlı Tesisi","kaynak":"osm","osm_id":"way/361214616","ilce":"Ataşehir","mahalle":"Örnek Mahallesi"}},{"type":"Feature","geometry":{"type":"Point","coordinates":[28.721053,40.997054]},"properties":{"id":"P1427","kategori":"spor_salonu","ad":"Spor Bilimleri Fakültesi Avcılar Spor Kompleksi","kaynak":"osm","osm_id":"way/926991456","ilce":"Avcılar","mahalle":"Üniversite Mahallesi"}},{"type":"Feature","geometry":{"type":"Point","coordinates":[28.713538,41.071089]},"properties":{"id":"P1428","kategori":"spor_salonu","ad":null,"kaynak":"osm","osm_id":"way/1453369093","ilce":"Avcılar","mahalle":"Tahtakale Mahallesi"}},{"type":"Feature","geometry":{"type":"Point","coordinates":[28.825628,41.023838]},"properties":{"id":"P1429","kategori":"spor_salonu","ad":"Galanthus Pilates","kaynak":"osm","osm_id":"node/12014335133","ilce":"Bağcılar","mahalle":"Bağlar Mahallesi"}},{"type":"Feature","geometry":{"type":"Point","coordinates":[28.812107,41.04018]},"properties":{"id":"P1430","kategori":"spor_salonu","ad":"Gymfit","kaynak":"osm","osm_id":"node/6751146155","ilce":"Bağcılar","mahalle":"15 Temmuz Mahallesi"}},{"type":"Feature","geometry":{"type":"Point","coordinates":[28.824351,41.016849]},"properties":{"id":"P1431","kategori":"spor_salonu","ad":"Arel Koleji Ahmet Gözükara Spor ve Kültür Kompleksi","kaynak":"osm","osm_id":"way/539592144","ilce":"Bahçelievler","mahalle":"Yenibosna Merkez Mahallesi"}},{"type":"Feature","geometry":{"type":"Point","coordinates":[28.880504,41.002211]},"properties":{"id":"P1432","kategori":"spor_salonu","ad":"Bahçelievler Spor Kompleksi","kaynak":"osm","osm_id":"way/1327038535","ilce":"Bahçelievler","mahalle":"Bahçelievler Mahallesi"}},{"type":"Feature","geometry":{"type":"Point","coordinates":[28.842075,40.962736]},"properties":{"id":"P1433","kategori":"spor_salonu","ad":"Yeşilyurt Spor Kulübü","kaynak":"osm","osm_id":"way/201146721","ilce":"Bakırköy","mahalle":"Yeşilyurt Mahallesi"}},{"type":"Feature","geometry":{"type":"Point","coordinates":[28.791039,40.97513]},"properties":{"id":"P1434","kategori":"spor_salonu","ad":"İstanbul Büyükşehir Belediyesi Florya Spor Tesisi","kaynak":"osm","osm_id":"way/276462595","ilce":"Bakırköy","mahalle":"Şenlikköy Mahallesi"}},{"type":"Feature","geometry":{"type":"Point","coordinates":[28.748764,41.12302]},"properties":{"id":"P1435","kategori":"spor_salonu","ad":"Şehit Erdem Özçelik Stadyumu","kaynak":"osm","osm_id":"way/746324363","ilce":"Başakşehir","mahalle":"Şamlar Mahallesi"}},{"type":"Feature","geometry":{"type":"Point","coordinates":[28.80407,41.092007]},"properties":{"id":"P1436","kategori":"spor_salonu","ad":"MİSSTANBUL SPOR SALONU","kaynak":"osm","osm_id":"way/893033318","ilce":"Başakşehir","mahalle":"Başak Mahallesi"}},{"type":"Feature","geometry":{"type":"Point","coordinates":[28.685103,41.062791]},"properties":{"id":"P1437","kategori":"spor_salonu","ad":"Bahçeşehir Süleyman Demirel İlkokulu Spor Salonu","kaynak":"osm","osm_id":"way/551910632","ilce":"Başakşehir","mahalle":"Bahçeşehir 2. Kısım Mahallesi"}},{"type":"Feature","geometry":{"type":"Point","coordinates":[28.910131,41.053324]},"properties":{"id":"P1438","kategori":"spor_salonu","ad":"MACFit","kaynak":"osm","osm_id":"node/7905341147","ilce":"Bayrampaşa","mahalle":"Muratpaşa Mahallesi"}},{"type":"Feature","geometry":{"type":"Point","coordinates":[28.897457,41.037995]},"properties":{"id":"P1439","kategori":"spor_salonu","ad":"Mobil İmam Hatip Ortaokulu Kapalı Spor Salonu","kaynak":"osm","osm_id":"way/1234700471","ilce":"Bayrampaşa","mahalle":"Altıntepsi Mahallesi"}},{"type":"Feature","geometry":{"type":"Point","coordinates":[29.000125,41.054267]},"properties":{"id":"P1440","kategori":"spor_salonu","ad":"Acıbadem Sports","kaynak":"osm","osm_id":"node/12198605401","ilce":"Beşiktaş","mahalle":"Dikilitaş Mahallesi"}},{"type":"Feature","geometry":{"type":"Point","coordinates":[29.019137,41.088439]},"properties":{"id":"P1441","kategori":"spor_salonu","ad":"BJK Çilekli Tesisleri","kaynak":"osm","osm_id":"way/403554075","ilce":"Beşiktaş","mahalle":"Levent Mahallesi"}},{"type":"Feature","geometry":{"type":"Point","coordinates":[29.09471,41.073069]},"properties":{"id":"P1442","kategori":"spor_salonu","ad":"Optimum Tenis Akademisi","kaynak":"osm","osm_id":"way/689297763","ilce":"Beykoz","mahalle":"Göztepe Mahallesi"}},{"type":"Feature","geometry":{"type":"Point","coordinates":[28.644563,41.002723]},"properties":{"id":"P1443","kategori":"spor_salonu","ad":"Beylikdüzü Spor Kompleksi","kaynak":"osm","osm_id":"way/897332579","ilce":"Beylikdüzü","mahalle":"Büyükşehir Mahallesi"}},{"type":"Feature","geometry":{"type":"Point","coordinates":[28.97617,41.026134]},"properties":{"id":"P1444","kategori":"spor_salonu","ad":"NOA Gym","kaynak":"osm","osm_id":"node/6848335485","ilce":"Beyoğlu","mahalle":"Müeyyedzade Mahallesi"}},{"type":"Feature","geometry":{"type":"Point","coordinates":[28.625288,41.018281]},"properties":{"id":"P1445","kategori":"spor_salonu","ad":"Beykent Üniversitesi Spor Kompleksi","kaynak":"osm","osm_id":"way/218490605","ilce":"Büyükçekmece","mahalle":"Cumhuriyet Mahallesi"}},{"type":"Feature","geometry":{"type":"Point","coordinates":[28.455604,41.150719]},"properties":{"id":"P1446","kategori":"spor_salonu","ad":null,"kaynak":"osm","osm_id":"way/855008622","ilce":"Çatalca","mahalle":"Kaleiçi Mahallesi"}},{"type":"Feature","geometry":{"type":"Point","coordinates":[29.233486,41.047433]},"properties":{"id":"P1447","kategori":"spor_salonu","ad":"GSB - Alemdağ Stadı","kaynak":"osm","osm_id":"node/12301204501","ilce":"Çekmeköy","mahalle":"Alemdağ Mahallesi"}},{"type":"Feature","geometry":{"type":"Point","coordinates":[29.192492,41.021489]},"properties":{"id":"P1448","kategori":"spor_salonu","ad":"Çalışkan Sports Center","kaynak":"osm","osm_id":"node/2255925948","ilce":"Çekmeköy","mahalle":"Mehmet Akif Mahallesi"}},{"type":"Feature","geometry":{"type":"Point","coordinates":[29.249615,41.081067]},"properties":{"id":"P1449","kategori":"spor_salonu","ad":null,"kaynak":"osm","osm_id":"way/1488807446","ilce":"Çekmeköy","mahalle":"Reşadiye Mahallesi"}},{"type":"Feature","geometry":{"type":"Point","coordinates":[28.858622,41.066072]},"properties":{"id":"P1450","kategori":"spor_salonu","ad":"Esenler Mehmet Öcalan Spor Kompleksi","kaynak":"osm","osm_id":"way/1302933692","ilce":"Esenler","mahalle":"Oruçreis Mahallesi"}},{"type":"Feature","geometry":{"type":"Point","coordinates":[28.681855,41.042352]},"properties":{"id":"P1451","kategori":"spor_salonu","ad":"Yenikent Mustafa Akboğa Kapalı Yüzme Havuzu","kaynak":"osm","osm_id":"way/1160648158","ilce":"Esenyurt","mahalle":"Yenikent Mahallesi"}},{"type":"Feature","geometry":{"type":"Point","coordinates":[28.649527,41.016006]},"properties":{"id":"P1452","kategori":"spor_salonu","ad":"Fitcity Beylikdüzü Safir Residence","kaynak":"osm","osm_id":"node/12841755586","ilce":"Esenyurt","mahalle":"Cumhuriyet Mahallesi"}},{"type":"Feature","geometry":{"type":"Point","coordinates":[28.923814,41.083541]},"properties":{"id":"P1453","kategori":"spor_salonu","ad":"Esperanza Sport Club","kaynak":"osm","osm_id":"node/12920133104","ilce":"Eyüpsultan","mahalle":"Akşemsettin Mahallesi"}},{"type":"Feature","geometry":{"type":"Point","coordinates":[28.922774,41.156738]},"properties":{"id":"P1454","kategori":"spor_salonu","ad":"Kemerburgaz Spor Kulübü Spor Kompleksi","kaynak":"osm","osm_id":"way/847301088","ilce":"Eyüpsultan","mahalle":"Mimar Sinan Mahallesi"}},{"type":"Feature","geometry":{"type":"Point","coordinates":[28.927339,41.010407]},"properties":{"id":"P1455","kategori":"spor_salonu","ad":"Uzun Yusuf Spor Tesisleri","kaynak":"osm","osm_id":"node/5115939293","ilce":"Fatih","mahalle":"Seyyid Ömer Mahallesi"}},{"type":"Feature","geometry":{"type":"Point","coordinates":[28.958212,41.014739]},"properties":{"id":"P1456","kategori":"spor_salonu","ad":"Vefa Küçük Spor Salonu","kaynak":"osm","osm_id":"way/110311525","ilce":"Fatih","mahalle":"Kalenderhane Mahallesi"}},{"type":"Feature","geometry":{"type":"Point","coordinates":[28.941722,41.01925]},"properties":{"id":"P1457","kategori":"spor_salonu","ad":"Fatih Pilates gym","kaynak":"osm","osm_id":"node/5243952745","ilce":"Fatih","mahalle":"Akşemsettin Mahallesi"}},{"type":"Feature","geometry":{"type":"Point","coordinates":[28.900301,41.07611]},"properties":{"id":"P1458","kategori":"spor_salonu","ad":"Küçükköy Yüzme Havuzu ve Fitness Merkezi","kaynak":"osm","osm_id":"way/1414258552","ilce":"Gaziosmanpaşa","mahalle":"Yeni Mahalle Mahallesi"}},{"type":"Feature","geometry":{"type":"Point","coordinates":[28.890479,41.013392]},"properties":{"id":"P1459","kategori":"spor_salonu","ad":"İSMEK Spor Eğitim Merkezi","kaynak":"osm","osm_id":"node/6964045867","ilce":"Güngören","mahalle":"Mehmet Nesih Özmen Mahallesi"}},{"type":"Feature","geometry":{"type":"Point","coordinates":[29.108661,40.960266]},"properties":{"id":"P1460","kategori":"spor_salonu","ad":"Club Sporium","kaynak":"osm","osm_id":"way/810050793","ilce":"Kadıköy","mahalle":"Bostancı Mahallesi"}},{"type":"Feature","geometry":{"type":"Point","coordinates":[29.094159,40.960454]},"properties":{"id":"P1461","kategori":"spor_salonu","ad":"RETRO GYM","kaynak":"osm","osm_id":"node/13953662804","ilce":"Kadıköy","mahalle":"Bostancı Mahallesi"}},{"type":"Feature","geometry":{"type":"Point","coordinates":[29.022862,40.980098]},"properties":{"id":"P1462","kategori":"spor_salonu","ad":"Nefess Yoga","kaynak":"osm","osm_id":"node/5088148525","ilce":"Kadıköy","mahalle":"Caferağa Mahallesi"}},{"type":"Feature","geometry":{"type":"Point","coordinates":[29.065811,40.967893]},"properties":{"id":"P1463","kategori":"spor_salonu","ad":"City's Pilates","kaynak":"osm","osm_id":"node/12037456872","ilce":"Kadıköy","mahalle":"Caddebostan Mahallesi"}},{"type":"Feature","geometry":{"type":"Point","coordinates":[29.046628,40.973956]},"properties":{"id":"P1464","kategori":"spor_salonu","ad":"Cadde Fitness Club","kaynak":"osm","osm_id":"node/8872586932","ilce":"Kadıköy","mahalle":"Fenerbahçe Mahallesi"}},{"type":"Feature","geometry":{"type":"Point","coordinates":[28.971165,41.095112]},"properties":{"id":"P1465","kategori":"spor_salonu","ad":"Hamidiye Spor Merkezi","kaynak":"osm","osm_id":"way/1315073695","ilce":"Kâğıthane","mahalle":"Hamidiye Mahallesi"}},{"type":"Feature","geometry":{"type":"Point","coordinates":[29.173104,40.901494]},"properties":{"id":"P1466","kategori":"spor_salonu","ad":"Pilates Story","kaynak":"osm","osm_id":"node/13748563045","ilce":"Kartal","mahalle":"Atalar Mahallesi"}},{"type":"Feature","geometry":{"type":"Point","coordinates":[29.209761,40.913338]},"properties":{"id":"P1467","kategori":"spor_salonu","ad":"UpLife","kaynak":"osm","osm_id":"node/6080223360","ilce":"Kartal","mahalle":"Orta Mahallesi"}},{"type":"Feature","geometry":{"type":"Point","coordinates":[29.22693,40.902181]},"properties":{"id":"P1468","kategori":"spor_salonu","ad":"Eagle Fitness Center","kaynak":"osm","osm_id":"node/8936737415","ilce":"Kartal","mahalle":"Hürriyet Mahallesi"}},{"type":"Feature","geometry":{"type":"Point","coordinates":[28.791869,41.021611]},"properties":{"id":"P1469","kategori":"spor_salonu","ad":"PUMP HOUSE FITNESS","kaynak":"osm","osm_id":"node/13829772149","ilce":"Küçükçekmece","mahalle":"İnönü Mahallesi"}},{"type":"Feature","geometry":{"type":"Point","coordinates":[28.770056,41.055376]},"properties":{"id":"P1470","kategori":"spor_salonu","ad":"MACFit","kaynak":"osm","osm_id":"node/14061510441","ilce":"Küçükçekmece","mahalle":"Atakent Mahallesi"}},{"type":"Feature","geometry":{"type":"Point","coordinates":[28.804557,41.046207]},"properties":{"id":"P1471","kategori":"spor_salonu","ad":"Pro Gold Gym","kaynak":"osm","osm_id":"node/6759616786","ilce":"Küçükçekmece","mahalle":"Atatürk Mahallesi"}},{"type":"Feature","geometry":{"type":"Point","coordinates":[29.127753,40.938507]},"properties":{"id":"P1472","kategori":"spor_salonu","ad":"MALTEPE FITNES CANTER (MFC)","kaynak":"osm","osm_id":"way/461203618","ilce":"Maltepe","mahalle":"Altayçeşme Mahallesi"}},{"type":"Feature","geometry":{"type":"Point","coordinates":[29.104866,40.950162]},"properties":{"id":"P1473","kategori":"spor_salonu","ad":"Fit Life Sports","kaynak":"osm","osm_id":"node/6153661913","ilce":"Maltepe","mahalle":"Altıntepe Mahallesi"}},{"type":"Feature","geometry":{"type":"Point","coordinates":[29.135641,40.969456]},"properties":{"id":"P1474","kategori":"spor_salonu","ad":"Athletic Club","kaynak":"osm","osm_id":"node/13060105074","ilce":"Maltepe","mahalle":"Fındıklı Mahallesi"}},{"type":"Feature","geometry":{"type":"Point","coordinates":[29.303639,40.91857]},"properties":{"id":"P1475","kategori":"spor_salonu","ad":"İK Baborry Life Club","kaynak":"osm","osm_id":"node/6329060981","ilce":"Pendik","mahalle":"Yenişehir Mahallesi"}},{"type":"Feature","geometry":{"type":"Point","coordinates":[29.242711,40.875575]},"properties":{"id":"P1476","kategori":"spor_salonu","ad":"Pendik Sahil Spor Tesisi","kaynak":"osm","osm_id":"way/684401547","ilce":"Pendik","mahalle":"Doğu Mahallesi"}},{"type":"Feature","geometry":{"type":"Point","coordinates":[29.264131,40.905306]},"properties":{"id":"P1477","kategori":"spor_salonu","ad":"Busenaz Sürmeneli Spor Kompleksi","kaynak":"osm","osm_id":"way/682258061","ilce":"Pendik","mahalle":"Yayalar Mahallesi"}},{"type":"Feature","geometry":{"type":"Point","coordinates":[29.270058,40.921432]},"properties":{"id":"P1478","kategori":"spor_salonu","ad":"Pendik Belediyesi Aydos Spor Merkezi","kaynak":"osm","osm_id":"way/677994811","ilce":"Pendik","mahalle":"Çamlık Mahallesi"}},{"type":"Feature","geometry":{"type":"Point","coordinates":[29.214819,41.004647]},"properties":{"id":"P1479","kategori":"spor_salonu","ad":"Kemal Ayyıldız Yarı Olimpik Yüzme Havuzu","kaynak":"osm","osm_id":"way/808088570","ilce":"Sancaktepe","mahalle":"Sarıgazi Mahallesi"}},{"type":"Feature","geometry":{"type":"Point","coordinates":[29.260876,41.005033]},"properties":{"id":"P1480","kategori":"spor_salonu","ad":"Rıdvan Dilmen Halı Sahaları","kaynak":"osm","osm_id":"node/13844002420","ilce":"Sancaktepe","mahalle":"Mevlana Mahallesi"}},{"type":"Feature","geometry":{"type":"Point","coordinates":[29.232618,40.978583]},"properties":{"id":"P1481","kategori":"spor_salonu","ad":"İBB Taha Akgül Spor Kompleksi","kaynak":"osm","osm_id":"way/733254439","ilce":"Sancaktepe","mahalle":"Eyüp Sultan Mahallesi"}},{"type":"Feature","geometry":{"type":"Point","coordinates":[29.04037,41.213455]},"properties":{"id":"P1482","kategori":"spor_salonu","ad":"MACFit","kaynak":"osm","osm_id":"way/727195536","ilce":"Sarıyer","mahalle":"Uskumruköy Mahallesi"}},{"type":"Feature","geometry":{"type":"Point","coordinates":[29.03573,41.108057]},"properties":{"id":"P1483","kategori":"spor_salonu","ad":"Vadi Yurtları Spor Salonu","kaynak":"osm","osm_id":"way/249589121","ilce":"Sarıyer","mahalle":"Reşitpaşa Mahallesi"}},{"type":"Feature","geometry":{"type":"Point","coordinates":[29.013195,41.24293]},"properties":{"id":"P1484","kategori":"spor_salonu","ad":"Kapalı Spor Salonu","kaynak":"osm","osm_id":"way/582224059","ilce":"Sarıyer","mahalle":"Gümüşdere Mahallesi"}},{"type":"Feature","geometry":{"type":"Point","coordinates":[29.852197,41.137768]},"properties":{"id":"P1485","kategori":"spor_salonu","ad":"Ağva Fitness Merkezi","kaynak":"osm","osm_id":"node/13615350913","ilce":"Şile","mahalle":"Ağva Merkez Mahallesi"}},{"type":"Feature","geometry":{"type":"Point","coordinates":[28.241033,41.092935]},"properties":{"id":"P1486","kategori":"spor_salonu","ad":"Agena Spor Kompleksi","kaynak":"osm","osm_id":"way/1511175446","ilce":"Silivri","mahalle":"Mimar Sinan Mahallesi"}},{"type":"Feature","geometry":{"type":"Point","coordinates":[29.014962,41.070847]},"properties":{"id":"P1487","kategori":"spor_salonu","ad":"Avantgarde Fitness & Spa","kaynak":"osm","osm_id":"node/2004754501","ilce":"Şişli","mahalle":"Esentepe Mahallesi"}},{"type":"Feature","geometry":{"type":"Point","coordinates":[29.268887,40.983883]},"properties":{"id":"P1488","kategori":"spor_salonu","ad":"Sultanbeyli belediyesi spor salonu","kaynak":"osm","osm_id":"node/5542891434","ilce":"Sultanbeyli","mahalle":"Battalgazi Mahallesi"}},{"type":"Feature","geometry":{"type":"Point","coordinates":[28.876304,41.10736]},"properties":{"id":"P1489","kategori":"spor_salonu","ad":"İBB Cebeci Spor Kompleksi","kaynak":"osm","osm_id":"way/229476767","ilce":"Sultangazi","mahalle":"Uğur Mumcu Mahallesi"}},{"type":"Feature","geometry":{"type":"Point","coordinates":[28.849085,41.120405]},"properties":{"id":"P1490","kategori":"spor_salonu","ad":"Kaptan Spor Akademi","kaynak":"osm","osm_id":"node/13954731885","ilce":"Sultangazi","mahalle":"Cebeci Mahallesi"}},{"type":"Feature","geometry":{"type":"Point","coordinates":[29.307862,40.829721]},"properties":{"id":"P1491","kategori":"spor_salonu","ad":"Non Stop Fitness","kaynak":"osm","osm_id":"node/11406398422","ilce":"Tuzla","mahalle":"Yayla Mahallesi"}},{"type":"Feature","geometry":{"type":"Point","coordinates":[29.374099,40.895322]},"properties":{"id":"P1492","kategori":"spor_salonu","ad":"Eski Spor Salonu","kaynak":"osm","osm_id":"way/339350105","ilce":"Tuzla","mahalle":"Orta Mahallesi"}},{"type":"Feature","geometry":{"type":"Point","coordinates":[29.416261,40.927364]},"properties":{"id":"P1493","kategori":"spor_salonu","ad":"Fırat Spor Kompleksi","kaynak":"osm","osm_id":"node/5959828252","ilce":"Tuzla","mahalle":"Akfırat Mahallesi"}},{"type":"Feature","geometry":{"type":"Point","coordinates":[29.140054,41.002552]},"properties":{"id":"P1494","kategori":"spor_salonu","ad":"MACFit","kaynak":"osm","osm_id":"node/13020201957","ilce":"Ümraniye","mahalle":"Tatlısu Mahallesi"}},{"type":"Feature","geometry":{"type":"Point","coordinates":[29.138058,41.035061]},"properties":{"id":"P1495","kategori":"spor_salonu","ad":"Beşiktaş Nevzat Demir Tesisleri","kaynak":"osm","osm_id":"way/499614507","ilce":"Ümraniye","mahalle":"Fatih Sultan Mehmet Mahallesi"}},{"type":"Feature","geometry":{"type":"Point","coordinates":[29.087692,41.01772]},"properties":{"id":"P1496","kategori":"spor_salonu","ad":"Spor ve Sanat Kompleksi","kaynak":"osm","osm_id":"node/14091519803","ilce":"Ümraniye","mahalle":"Esenevler Mahallesi"}},{"type":"Feature","geometry":{"type":"Point","coordinates":[29.071993,41.001459]},"properties":{"id":"P1497","kategori":"spor_salonu","ad":"Muhsin Yazıcıoğlu Kapalı Spor Salonu","kaynak":"osm","osm_id":"way/1456719655","ilce":"Üsküdar","mahalle":"Ünalan Mahallesi"}},{"type":"Feature","geometry":{"type":"Point","coordinates":[29.029081,41.028753]},"properties":{"id":"P1498","kategori":"spor_salonu","ad":"İstanbul Üsküdar Lisesi Spor Salonu","kaynak":"osm","osm_id":"way/659499245","ilce":"Üsküdar","mahalle":"İcadiye Mahallesi"}},{"type":"Feature","geometry":{"type":"Point","coordinates":[29.019349,41.009631]},"properties":{"id":"P1499","kategori":"spor_salonu","ad":"Selimiye Stadı","kaynak":"osm","osm_id":"node/6673797132","ilce":"Üsküdar","mahalle":"Selimiye Mahallesi"}},{"type":"Feature","geometry":{"type":"Point","coordinates":[28.901906,41.002538]},"properties":{"id":"P1500","kategori":"spor_salonu","ad":"Akyüz Spor Salonu","kaynak":"osm","osm_id":"node/5667643002","ilce":"Zeytinburnu","mahalle":"Beştelsiz Mahallesi"}}]}