{"type":"FeatureCollection","kaynak":"OpenStreetMap katkıcıları, ODbL 1.0, Overpass API ile çekildi","cekim_tarihi":"2026-09-18","features":[{"type":"Feature","geometry":{"type":"Point","coordinates":[29.00455,41.045683]},"properties":{"osm_id":"node/568011396","kategori":"cami","ad":"Tuzbaba Camii"}},{"type":"Feature","geometry":{"type":"Point","coordinates":[28.852695,41.004491]},"properties":{"osm_id":"node/976474174","kategori":"cami","ad":"Fatih Mescidi"}},{"type":"Feature","geometry":{"type":"Point","coordinates":[28.984643,41.044181]},"properties":{"osm_id":"node/3105346919","kategori":"cami","ad":"Hacı Arif Cami"}},{"type":"Feature","geometry":{"type":"Point","coordinates":[29.297087,40.943115]},"properties":{"osm_id":"node/5542887065","kategori":"cami","ad":"Fetih mescidi"}},{"type":"Feature","geometry":{"type":"Point","coordinates":[29.269981,40.978869]},"properties":{"osm_id":"node/5542887072","kategori":"cami","ad":"Sultanbeyli müftülüğü rıfat camıı"}},{"type":"Feature","geometry":{"type":"Point","coordinates":[29.073691,41.181923]},"properties":{"osm_id":"node/6927983385","kategori":"cami","ad":"Rumeli Kavağı Ulu Camii"}},{"type":"Feature","geometry":{"type":"Point","coordinates":[29.116489,41.019458]},"properties":{"osm_id":"node/7104327987","kategori":"cami","ad":"Hz Ali Camii"}},{"type":"Feature","geometry":{"type":"Point","coordinates":[28.984647,41.052268]},"properties":{"osm_id":"node/7128180065","kategori":"cami","ad":"Sultan Beyazıdı Veli"}},{"type":"Feature","geometry":{"type":"Point","coordinates":[29.084644,41.022151]},"properties":{"osm_id":"node/7145762124","kategori":"cami","ad":"TEİAŞ Mescidi"}},{"type":"Feature","geometry":{"type":"Point","coordinates":[28.841039,41.044292]},"properties":{"osm_id":"node/7241169385","kategori":"cami","ad":"kırklar cemevi"}},{"type":"Feature","geometry":{"type":"Point","coordinates":[29.110159,40.938228]},"properties":{"osm_id":"node/9718430937","kategori":"cami","ad":"Mescit"}},{"type":"Feature","geometry":{"type":"Point","coordinates":[28.775748,41.064103]},"properties":{"osm_id":"node/11080108395","kategori":"cami","ad":"Camii"}},{"type":"Feature","geometry":{"type":"Point","coordinates":[28.036573,41.25547]},"properties":{"osm_id":"node/11643611928","kategori":"cami","ad":"Mescit"}},{"type":"Feature","geometry":{"type":"Point","coordinates":[28.534941,41.017772]},"properties":{"osm_id":"node/12645091807","kategori":"cami","ad":"Muratçeşme  Merkez Kubbeli Cami"}},{"type":"Feature","geometry":{"type":"Point","coordinates":[28.546961,41.016557]},"properties":{"osm_id":"node/12649036614","kategori":"cami","ad":"İsmail  Hakkı  Toprak Efendi Cami"}},{"type":"Feature","geometry":{"type":"Point","coordinates":[28.78685,41.023732]},"properties":{"osm_id":"node/12715653000","kategori":"cami","ad":"Yeni Cami"}},{"type":"Feature","geometry":{"type":"Point","coordinates":[28.789202,41.023995]},"properties":{"osm_id":"node/12715685201","kategori":"cami","ad":"Fatih Camii"}},{"type":"Feature","geometry":{"type":"Point","coordinates":[28.770754,41.01309]},"properties":{"osm_id":"node/12715687706","kategori":"cami","ad":"Küçükçekmece Külliyesi"}},{"type":"Feature","geometry":{"type":"Point","coordinates":[28.544665,41.036662]},"properties":{"osm_id":"node/12725147931","kategori":"cami","ad":"Rüzgarlı Tepe Seyit Onbaşı Cami"}},{"type":"Feature","geometry":{"type":"Point","coordinates":[28.98226,41.014431]},"properties":{"osm_id":"node/12730717459","kategori":"cami","ad":null}},{"type":"Feature","geometry":{"type":"Point","coordinates":[28.787254,41.020451]},"properties":{"osm_id":"node/12731409172","kategori":"cami","ad":"Ruhul Furkan Mescidi"}},{"type":"Feature","geometry":{"type":"Point","coordinates":[29.154273,40.90421]},"properties":{"osm_id":"node/12799735227","kategori":"cami","ad":"Mescit"}},{"type":"Feature","geometry":{"type":"Point","coordinates":[28.654324,40.978588]},"properties":{"osm_id":"node/12809115006","kategori":"cami","ad":"Huzurlu Camii"}},{"type":"Feature","geometry":{"type":"Point","coordinates":[28.912187,41.05025]},"properties":{"osm_id":"node/12824765147","kategori":"cami","ad":"Hacı İnayet Camii"}},{"type":"Feature","geometry":{"type":"Point","coordinates":[29.057916,40.999295]},"properties":{"osm_id":"node/12854825300","kategori":"cami","ad":"Ünalan Mescidi"}},{"type":"Feature","geometry":{"type":"Point","coordinates":[29.232984,40.896549]},"properties":{"osm_id":"node/12871925484","kategori":"cami","ad":"Ulubatlı Hasan Cami"}},{"type":"Feature","geometry":{"type":"Point","coordinates":[29.222479,40.884541]},"properties":{"osm_id":"node/13041765408","kategori":"cami","ad":"Sapanbağları Parmaklı Camii"}},{"type":"Feature","geometry":{"type":"Point","coordinates":[28.618565,41.064341]},"properties":{"osm_id":"node/13446681012","kategori":"cami","ad":"Hz. Şeyh Muhammed Osman Siraceddin Türbesi"}},{"type":"Feature","geometry":{"type":"Point","coordinates":[28.786344,41.152791]},"properties":{"osm_id":"node/13698622190","kategori":"cami","ad":"Gül Mahal Tesisleri Mescidi"}},{"type":"Feature","geometry":{"type":"Point","coordinates":[29.187488,40.890297]},"properties":{"osm_id":"node/13703088281","kategori":"cami","ad":"Birlik Mescidi"}},{"type":"Feature","geometry":{"type":"Point","coordinates":[28.510922,41.000331]},"properties":{"osm_id":"node/13727273902","kategori":"cami","ad":"Güzelce Merkez Cami"}},{"type":"Feature","geometry":{"type":"Point","coordinates":[29.072206,41.072834]},"properties":{"osm_id":"node/13817991211","kategori":"cami","ad":"Mescit"}},{"type":"Feature","geometry":{"type":"Point","coordinates":[28.750321,41.082107]},"properties":{"osm_id":"node/14022879301","kategori":"cami","ad":"RUHUL IHVAN MESCID"}},{"type":"Feature","geometry":{"type":"Point","coordinates":[29.183846,41.104271]},"properties":{"osm_id":"node/14024417860","kategori":"cami","ad":"Polonezköy Tabiat Parkı Mescidi"}},{"type":"Feature","geometry":{"type":"Point","coordinates":[28.76279,41.138118]},"properties":{"osm_id":"node/14090416546","kategori":"cami","ad":"Erkekler Mescidi"}},{"type":"Feature","geometry":{"type":"Point","coordinates":[28.762863,41.138137]},"properties":{"osm_id":"node/14090416547","kategori":"cami","ad":"Erkekler Mescidi"}},{"type":"Feature","geometry":{"type":"Point","coordinates":[28.799384,41.008598]},"properties":{"osm_id":"node/14183456076","kategori":"cami","ad":"Sefaköy Merkez Camisi"}},{"type":"Feature","geometry":{"type":"Point","coordinates":[29.306354,40.840545]},"properties":{"osm_id":"way/31549676","kategori":"cami","ad":"Evliya Çelebi Mahallesi Merkez Camii"}},{"type":"Feature","geometry":{"type":"Point","coordinates":[29.350533,40.880573]},"properties":{"osm_id":"way/31552400","kategori":"cami","ad":"Deri Sanayi Cami"}},{"type":"Feature","geometry":{"type":"Point","coordinates":[28.94544,41.026884]},"properties":{"osm_id":"way/32395102","kategori":"cami","ad":"Mehmet Ağa Camii"}},{"type":"Feature","geometry":{"type":"Point","coordinates":[28.984106,41.013092]},"properties":{"osm_id":"way/32396236","kategori":"cami","ad":"Ağalar Camii"}},{"type":"Feature","geometry":{"type":"Point","coordinates":[28.79718,41.037701]},"properties":{"osm_id":"way/36918989","kategori":"cami","ad":"Halkalı İbadullah Camii"}},{"type":"Feature","geometry":{"type":"Point","coordinates":[28.856008,41.111826]},"properties":{"osm_id":"way/48419186","kategori":"cami","ad":"Akşemsettin Camii"}},{"type":"Feature","geometry":{"type":"Point","coordinates":[28.862893,41.10424]},"properties":{"osm_id":"way/48419224","kategori":"cami","ad":"Sultançiftliği Merkez Cami"}},{"type":"Feature","geometry":{"type":"Point","coordinates":[28.827092,41.064725]},"properties":{"osm_id":"way/48741236","kategori":"cami","ad":"İSTOÇ Cami"}},{"type":"Feature","geometry":{"type":"Point","coordinates":[28.834815,41.018219]},"properties":{"osm_id":"way/49434943","kategori":"cami","ad":"İmam Mustafa Efendi Cami"}},{"type":"Feature","geometry":{"type":"Point","coordinates":[28.828556,41.01935]},"properties":{"osm_id":"way/49434956","kategori":"cami","ad":"İmam Azam Camii"}},{"type":"Feature","geometry":{"type":"Point","coordinates":[28.991542,41.071676]},"properties":{"osm_id":"way/82681192","kategori":"cami","ad":"Kuştepe Merkez Camii"}},{"type":"Feature","geometry":{"type":"Point","coordinates":[29.101536,40.875771]},"properties":{"osm_id":"way/83008276","kategori":"cami","ad":"Bahriye Mektebi Camii"}},{"type":"Feature","geometry":{"type":"Point","coordinates":[28.96349,41.003702]},"properties":{"osm_id":"way/87522379","kategori":"cami","ad":"Tavaşı-Süleymanağa Camii"}},{"type":"Feature","geometry":{"type":"Point","coordinates":[28.930734,41.014247]},"properties":{"osm_id":"way/90145420","kategori":"cami","ad":"Şeyh Raşid Camii"}},{"type":"Feature","geometry":{"type":"Point","coordinates":[28.929411,41.013102]},"properties":{"osm_id":"way/90145457","kategori":"cami","ad":"İbrahim Çavuş Cami"}},{"type":"Feature","geometry":{"type":"Point","coordinates":[28.930937,41.015645]},"properties":{"osm_id":"way/90843319","kategori":"cami","ad":"Geylani Tekke Cami"}},{"type":"Feature","geometry":{"type":"Point","coordinates":[28.928415,41.017372]},"properties":{"osm_id":"way/90845402","kategori":"cami","ad":"Mustafa Çavuş Mescidi"}},{"type":"Feature","geometry":{"type":"Point","coordinates":[29.023821,40.990818]},"properties":{"osm_id":"way/102190093","kategori":"cami","ad":"Sultan Mustafa İskele Camii"}},{"type":"Feature","geometry":{"type":"Point","coordinates":[29.026123,40.990839]},"properties":{"osm_id":"way/102190099","kategori":"cami","ad":"Osman Ağa Cami"}},{"type":"Feature","geometry":{"type":"Point","coordinates":[29.032483,41.026944]},"properties":{"osm_id":"way/102319799","kategori":"cami","ad":"Kuruçeşme Selami Ali Camii"}},{"type":"Feature","geometry":{"type":"Point","coordinates":[29.0887,41.17427]},"properties":{"osm_id":"way/103263544","kategori":"cami","ad":"Midillili Ali Reis Camii"}},{"type":"Feature","geometry":{"type":"Point","coordinates":[28.97273,41.004856]},"properties":{"osm_id":"way/103456084","kategori":"cami","ad":"Helvacıbaşı İskenderağa Camii"}},{"type":"Feature","geometry":{"type":"Point","coordinates":[29.159591,41.128405]},"properties":{"osm_id":"way/103590877","kategori":"cami","ad":"Zerzevatçı Mahallesi Camii"}},{"type":"Feature","geometry":{"type":"Point","coordinates":[28.978401,41.010077]},"properties":{"osm_id":"way/104061375","kategori":"cami","ad":"Zeynep Sultan Camii"}},{"type":"Feature","geometry":{"type":"Point","coordinates":[28.958092,41.053071]},"properties":{"osm_id":"way/106298559","kategori":"cami","ad":"Fetihtepe Merkez Cami"}},{"type":"Feature","geometry":{"type":"Point","coordinates":[28.957377,41.046998]},"properties":{"osm_id":"way/106298619","kategori":"cami","ad":"Mücahitler Cami"}},{"type":"Feature","geometry":{"type":"Point","coordinates":[28.964831,41.048005]},"properties":{"osm_id":"way/106302707","kategori":"cami","ad":"Akşemsettin Cami"}},{"type":"Feature","geometry":{"type":"Point","coordinates":[28.965497,41.034058]},"properties":{"osm_id":"way/106619676","kategori":"cami","ad":"Kurt Çelebi Camii"}},{"type":"Feature","geometry":{"type":"Point","coordinates":[28.968654,41.03301]},"properties":{"osm_id":"way/106620854","kategori":"cami","ad":"Güzelce Kasımpaşa Cami"}},{"type":"Feature","geometry":{"type":"Point","coordinates":[28.965753,41.03984]},"properties":{"osm_id":"way/106702446","kategori":"cami","ad":"Kücük Piyale Cami"}},{"type":"Feature","geometry":{"type":"Point","coordinates":[28.962616,41.041466]},"properties":{"osm_id":"way/106702478","kategori":"cami","ad":"Sinan Pasa Cami"}},{"type":"Feature","geometry":{"type":"Point","coordinates":[28.965937,41.049851]},"properties":{"osm_id":"way/106746573","kategori":"cami","ad":"Cami"}},{"type":"Feature","geometry":{"type":"Point","coordinates":[28.979998,41.008511]},"properties":{"osm_id":"way/109862851","kategori":"cami","ad":"Ayasofya"}},{"type":"Feature","geometry":{"type":"Point","coordinates":[28.96841,41.018949]},"properties":{"osm_id":"way/109980654","kategori":"cami","ad":"Ahi Çelebi Cami"}},{"type":"Feature","geometry":{"type":"Point","coordinates":[28.962305,41.01279]},"properties":{"osm_id":"way/110239766","kategori":"cami","ad":"Kaptanı Derya İbrahim Paşa Cami"}},{"type":"Feature","geometry":{"type":"Point","coordinates":[28.958474,41.015452]},"properties":{"osm_id":"way/110311508","kategori":"cami","ad":"Mimar Mehmet Ağa Camii"}},{"type":"Feature","geometry":{"type":"Point","coordinates":[28.959325,41.01457]},"properties":{"osm_id":"way/110311527","kategori":"cami","ad":"Molla Hüsrev Camii"}},{"type":"Feature","geometry":{"type":"Point","coordinates":[28.960368,41.013146]},"properties":{"osm_id":"way/110314231","kategori":"cami","ad":"Kalenderhane Camii"}},{"type":"Feature","geometry":{"type":"Point","coordinates":[28.961073,41.014225]},"properties":{"osm_id":"way/110576865","kategori":"cami","ad":"Kirazlı Mescit"}},{"type":"Feature","geometry":{"type":"Point","coordinates":[28.96033,41.01628]},"properties":{"osm_id":"way/111002436","kategori":"cami","ad":"Vefa Kilise Camii"}},{"type":"Feature","geometry":{"type":"Point","coordinates":[28.970545,41.008742]},"properties":{"osm_id":"way/111002508","kategori":"cami","ad":"Gazi Atik Ali Paşa Camii"}},{"type":"Feature","geometry":{"type":"Point","coordinates":[28.962834,41.01784]},"properties":{"osm_id":"way/111148008","kategori":"cami","ad":"Katip Şemsettin Cami"}},{"type":"Feature","geometry":{"type":"Point","coordinates":[28.96805,41.004188]},"properties":{"osm_id":"way/111861690","kategori":"cami","ad":"Aynül Hayat Hatun Mescidi"}},{"type":"Feature","geometry":{"type":"Point","coordinates":[28.966857,41.004295]},"properties":{"osm_id":"way/111861701","kategori":"cami","ad":"Behram Çavuş Cami"}},{"type":"Feature","geometry":{"type":"Point","coordinates":[28.981625,41.00637]},"properties":{"osm_id":"way/112174257","kategori":"cami","ad":"İshak Paşa Cami"}},{"type":"Feature","geometry":{"type":"Point","coordinates":[28.979426,41.003252]},"properties":{"osm_id":"way/112174316","kategori":"cami","ad":"Akbıyık Cami"}},{"type":"Feature","geometry":{"type":"Point","coordinates":[28.966552,41.015892]},"properties":{"osm_id":"way/112388848","kategori":"cami","ad":"Samanveren Camii"}},{"type":"Feature","geometry":{"type":"Point","coordinates":[28.96754,41.017737]},"properties":{"osm_id":"way/112659198","kategori":"cami","ad":"Timurtaş Camii"}},{"type":"Feature","geometry":{"type":"Point","coordinates":[28.93453,41.014306]},"properties":{"osm_id":"way/114404573","kategori":"cami","ad":"Saraç Doğan Camii"}},{"type":"Feature","geometry":{"type":"Point","coordinates":[28.727795,41.185679]},"properties":{"osm_id":"way/131940870","kategori":"cami","ad":"Hz. Ömer Camii"}},{"type":"Feature","geometry":{"type":"Point","coordinates":[28.974978,41.035045]},"properties":{"osm_id":"way/132270015","kategori":"cami","ad":"Kamer Hatun Camii"}},{"type":"Feature","geometry":{"type":"Point","coordinates":[28.976133,41.007826]},"properties":{"osm_id":"way/132277802","kategori":"cami","ad":"Firuz Ağa Camii"}},{"type":"Feature","geometry":{"type":"Point","coordinates":[29.130765,40.871311]},"properties":{"osm_id":"way/132654661","kategori":"cami","ad":"Hamidiye Camii"}},{"type":"Feature","geometry":{"type":"Point","coordinates":[29.07469,41.079087]},"properties":{"osm_id":"way/135253021","kategori":"cami","ad":"Peksimetçi Salih Ağa Cami"}},{"type":"Feature","geometry":{"type":"Point","coordinates":[28.9464,41.029081]},"properties":{"osm_id":"way/136456159","kategori":"cami","ad":"Fethiye Camii"}},{"type":"Feature","geometry":{"type":"Point","coordinates":[28.957177,41.019702]},"properties":{"osm_id":"way/137519649","kategori":"cami","ad":"Zeyrek Molla Camii"}},{"type":"Feature","geometry":{"type":"Point","coordinates":[28.054166,41.237994]},"properties":{"osm_id":"way/150290488","kategori":"cami","ad":null}},{"type":"Feature","geometry":{"type":"Point","coordinates":[29.143415,40.92858]},"properties":{"osm_id":"way/154335321","kategori":"cami","ad":"70 Evler Karacabey Cami"}},{"type":"Feature","geometry":{"type":"Point","coordinates":[28.980629,41.035108]},"properties":{"osm_id":"way/155011489","kategori":"cami","ad":"Ağa Camii"}},{"type":"Feature","geometry":{"type":"Point","coordinates":[29.060934,41.037445]},"properties":{"osm_id":"way/164207158","kategori":"cami","ad":"Kirazlıtepe Büyük Cami"}},{"type":"Feature","geometry":{"type":"Point","coordinates":[28.976712,41.022732]},"properties":{"osm_id":"way/165484023","kategori":"cami","ad":"Kemankeş Karamustafa Paşa Camii"}},{"type":"Feature","geometry":{"type":"Point","coordinates":[29.043958,41.006017]},"properties":{"osm_id":"way/165492485","kategori":"cami","ad":"Faik Paşa Camisi"}},{"type":"Feature","geometry":{"type":"Point","coordinates":[28.971572,41.022265]},"properties":{"osm_id":"way/165521220","kategori":"cami","ad":"Makbul İbrahim Paşa Camii"}},{"type":"Feature","geometry":{"type":"Point","coordinates":[28.97486,41.026386]},"properties":{"osm_id":"way/165522626","kategori":"cami","ad":"Müeyyetzade Camii"}},{"type":"Feature","geometry":{"type":"Point","coordinates":[28.980947,41.026417]},"properties":{"osm_id":"way/165574748","kategori":"cami","ad":"Kılıç Ali Paşa Camii"}},{"type":"Feature","geometry":{"type":"Point","coordinates":[29.081333,41.017092]},"properties":{"osm_id":"way/168719569","kategori":"cami","ad":"Hacı Nuri Topbaş Camii"}},{"type":"Feature","geometry":{"type":"Point","coordinates":[29.052454,41.030293]},"properties":{"osm_id":"way/172546370","kategori":"cami","ad":"Akabe Camii"}},{"type":"Feature","geometry":{"type":"Point","coordinates":[29.308217,40.828899]},"properties":{"osm_id":"way/174637880","kategori":"cami","ad":"Nalbant Cami"}},{"type":"Feature","geometry":{"type":"Point","coordinates":[29.08675,41.145287]},"properties":{"osm_id":"way/174693879","kategori":"cami","ad":"Ortaçeşme Merkez Camii"}},{"type":"Feature","geometry":{"type":"Point","coordinates":[28.971377,41.011186]},"properties":{"osm_id":"way/175517661","kategori":"cami","ad":"Mahmut Paşa Camii"}},{"type":"Feature","geometry":{"type":"Point","coordinates":[28.968718,41.01768]},"properties":{"osm_id":"way/175518494","kategori":"cami","ad":"Rüstem Paşa Camii"}},{"type":"Feature","geometry":{"type":"Point","coordinates":[28.971066,41.024342]},"properties":{"osm_id":"way/175518809","kategori":"cami","ad":"Arap Camii"}},{"type":"Feature","geometry":{"type":"Point","coordinates":[28.820479,41.041053]},"properties":{"osm_id":"way/175566881","kategori":"cami","ad":"Yaşar Acar Camii"}},{"type":"Feature","geometry":{"type":"Point","coordinates":[28.782451,40.99195]},"properties":{"osm_id":"way/176141136","kategori":"cami","ad":"Yavuz Selim Camii"}},{"type":"Feature","geometry":{"type":"Point","coordinates":[29.110061,40.979339]},"properties":{"osm_id":"way/178894705","kategori":"cami","ad":"Bağlariçi Camii"}},{"type":"Feature","geometry":{"type":"Point","coordinates":[29.155808,40.968578]},"properties":{"osm_id":"way/179173420","kategori":"cami","ad":"Mescit"}},{"type":"Feature","geometry":{"type":"Point","coordinates":[28.631675,41.006056]},"properties":{"osm_id":"way/182855038","kategori":"cami","ad":"Hz. Ebubekir Camii"}},{"type":"Feature","geometry":{"type":"Point","coordinates":[29.045474,41.020559]},"properties":{"osm_id":"way/183279512","kategori":"cami","ad":"Altunizade Camii"}},{"type":"Feature","geometry":{"type":"Point","coordinates":[29.279163,40.888493]},"properties":{"osm_id":"way/188949082","kategori":"cami","ad":"Kocasinan Cami"}},{"type":"Feature","geometry":{"type":"Point","coordinates":[28.955707,41.008498]},"properties":{"osm_id":"way/198768798","kategori":"cami","ad":"Bodrum Camii"}},{"type":"Feature","geometry":{"type":"Point","coordinates":[29.023228,40.996749]},"properties":{"osm_id":"way/200222089","kategori":"cami","ad":"Haydarpaşa Protokol Camii"}},{"type":"Feature","geometry":{"type":"Point","coordinates":[28.952209,41.082287]},"properties":{"osm_id":"way/200506799","kategori":"cami","ad":"Çobançeşme Camii"}},{"type":"Feature","geometry":{"type":"Point","coordinates":[28.950636,41.01241]},"properties":{"osm_id":"way/201141056","kategori":"cami","ad":"Kızılminare Cami"}},{"type":"Feature","geometry":{"type":"Point","coordinates":[28.987148,41.030121]},"properties":{"osm_id":"way/203119824","kategori":"cami","ad":"Cihangir Camii"}},{"type":"Feature","geometry":{"type":"Point","coordinates":[29.075408,41.019764]},"properties":{"osm_id":"way/216147050","kategori":"cami","ad":"Alvarlızade Camii"}},{"type":"Feature","geometry":{"type":"Point","coordinates":[29.194705,41.013379]},"properties":{"osm_id":"way/217175884","kategori":"cami","ad":"Çamlık Camii"}},{"type":"Feature","geometry":{"type":"Point","coordinates":[28.999586,41.068137]},"properties":{"osm_id":"way/219346241","kategori":"cami","ad":"Konyalı Hacı Tevfik Ağazade Camii"}},{"type":"Feature","geometry":{"type":"Point","coordinates":[28.997143,41.072676]},"properties":{"osm_id":"way/219346243","kategori":"cami","ad":"Osman Sağnak Camii"}},{"type":"Feature","geometry":{"type":"Point","coordinates":[28.912554,41.099408]},"properties":{"osm_id":"way/223081005","kategori":"cami","ad":"Hz. Ali Camii"}},{"type":"Feature","geometry":{"type":"Point","coordinates":[28.905931,41.100409]},"properties":{"osm_id":"way/223922250","kategori":"cami","ad":"Hediye Hanım Camii"}},{"type":"Feature","geometry":{"type":"Point","coordinates":[28.898649,41.110361]},"properties":{"osm_id":"way/224429872","kategori":"cami","ad":"Gazi Mahallesi Mevlana Camii"}},{"type":"Feature","geometry":{"type":"Point","coordinates":[28.985921,41.035446]},"properties":{"osm_id":"way/224500801","kategori":"cami","ad":"Kazancı Ali Ağa Camii"}},{"type":"Feature","geometry":{"type":"Point","coordinates":[28.979417,41.025748]},"properties":{"osm_id":"way/225610522","kategori":"cami","ad":"Beyazid-i Cedid Camii"}},{"type":"Feature","geometry":{"type":"Point","coordinates":[28.98029,41.027272]},"properties":{"osm_id":"way/225610547","kategori":"cami","ad":"Karabaş Mustafa Ağa Camii"}},{"type":"Feature","geometry":{"type":"Point","coordinates":[28.786693,41.10473]},"properties":{"osm_id":"way/225700154","kategori":"cami","ad":"Hoca Ahmet Yesevi Camii"}},{"type":"Feature","geometry":{"type":"Point","coordinates":[28.803265,41.079031]},"properties":{"osm_id":"way/225700188","kategori":"cami","ad":"Güngören Sanayi Sitesi Camii"}},{"type":"Feature","geometry":{"type":"Point","coordinates":[28.80908,41.078052]},"properties":{"osm_id":"way/225700640","kategori":"cami","ad":"Haseyad Camii"}},{"type":"Feature","geometry":{"type":"Point","coordinates":[28.839537,41.060321]},"properties":{"osm_id":"way/225700647","kategori":"cami","ad":"Enes Bin Malik Camii"}},{"type":"Feature","geometry":{"type":"Point","coordinates":[28.992014,41.036339]},"properties":{"osm_id":"way/225722455","kategori":"cami","ad":"Fatma Hatun Camii"}},{"type":"Feature","geometry":{"type":"Point","coordinates":[28.976658,41.022364]},"properties":{"osm_id":"way/225989341","kategori":"cami","ad":"Yeraltı Camii"}},{"type":"Feature","geometry":{"type":"Point","coordinates":[28.988515,41.056753]},"properties":{"osm_id":"way/226078853","kategori":"cami","ad":"Osmanbey Merkez Cami"}},{"type":"Feature","geometry":{"type":"Point","coordinates":[28.972563,41.038203]},"properties":{"osm_id":"way/226078966","kategori":"cami","ad":"Eyyuhumahmet Cami"}},{"type":"Feature","geometry":{"type":"Point","coordinates":[28.858197,41.016813]},"properties":{"osm_id":"way/226918579","kategori":"cami","ad":"Cumhuriyet Mahallesi Merkez Camii"}},{"type":"Feature","geometry":{"type":"Point","coordinates":[28.959991,41.034174]},"properties":{"osm_id":"way/227308554","kategori":"cami","ad":"Çorlulu Ali Paşa Camii"}},{"type":"Feature","geometry":{"type":"Point","coordinates":[28.817086,41.034347]},"properties":{"osm_id":"way/227436239","kategori":"cami","ad":"Bilal Habeşi Cami"}},{"type":"Feature","geometry":{"type":"Point","coordinates":[28.913249,41.057728]},"properties":{"osm_id":"way/227704887","kategori":"cami","ad":"Gaziosmanpaşa Merkez Camii"}},{"type":"Feature","geometry":{"type":"Point","coordinates":[28.903293,41.102364]},"properties":{"osm_id":"way/229471643","kategori":"cami","ad":"Ulu Camii"}},{"type":"Feature","geometry":{"type":"Point","coordinates":[28.906193,41.075086]},"properties":{"osm_id":"way/229472350","kategori":"cami","ad":"Valide Suyu Camii"}},{"type":"Feature","geometry":{"type":"Point","coordinates":[29.074302,41.01649]},"properties":{"osm_id":"way/230863743","kategori":"cami","ad":"Fatih Camii"}},{"type":"Feature","geometry":{"type":"Point","coordinates":[29.062279,41.027361]},"properties":{"osm_id":"way/232010656","kategori":"cami","ad":"Büyük Çamlıca Şehit Onur Ayanoğlu Camii"}},{"type":"Feature","geometry":{"type":"Point","coordinates":[28.941191,41.026398]},"properties":{"osm_id":"way/234411332","kategori":"cami","ad":"Canfeda Hatun Camii"}},{"type":"Feature","geometry":{"type":"Point","coordinates":[29.032182,40.983851]},"properties":{"osm_id":"way/235271679","kategori":"cami","ad":"Şifa Camii"}},{"type":"Feature","geometry":{"type":"Point","coordinates":[29.069535,40.965939]},"properties":{"osm_id":"way/235398424","kategori":"cami","ad":"Galip Paşa Cami"}},{"type":"Feature","geometry":{"type":"Point","coordinates":[29.040385,40.972516]},"properties":{"osm_id":"way/235463553","kategori":"cami","ad":"Fenerbahçe Camii"}},{"type":"Feature","geometry":{"type":"Point","coordinates":[29.04004,40.98414]},"properties":{"osm_id":"way/235463557","kategori":"cami","ad":"Zühtüpaşa Camii"}},{"type":"Feature","geometry":{"type":"Point","coordinates":[29.095285,40.878522]},"properties":{"osm_id":"way/235498058","kategori":"cami","ad":"Heybeliada Camii"}},{"type":"Feature","geometry":{"type":"Point","coordinates":[29.085715,40.972758]},"properties":{"osm_id":"way/235557865","kategori":"cami","ad":"Mustafa Nazmi Ersin Camii"}},{"type":"Feature","geometry":{"type":"Point","coordinates":[29.056904,41.036247]},"properties":{"osm_id":"way/235624845","kategori":"cami","ad":"Saray Camii"}},{"type":"Feature","geometry":{"type":"Point","coordinates":[29.024701,40.989353]},"properties":{"osm_id":"way/236504054","kategori":"cami","ad":"Cafer Ağa Camii"}},{"type":"Feature","geometry":{"type":"Point","coordinates":[29.061821,41.032843]},"properties":{"osm_id":"way/236716483","kategori":"cami","ad":"Mehmet Ağa Camii"}},{"type":"Feature","geometry":{"type":"Point","coordinates":[29.044519,40.992132]},"properties":{"osm_id":"way/237007217","kategori":"cami","ad":"Ihsaniye Camii"}},{"type":"Feature","geometry":{"type":"Point","coordinates":[29.025628,40.982629]},"properties":{"osm_id":"way/237058773","kategori":"cami","ad":"Moda Camii"}},{"type":"Feature","geometry":{"type":"Point","coordinates":[29.033284,40.992277]},"properties":{"osm_id":"way/237058776","kategori":"cami","ad":"Söğütlüçeşme Camii"}},{"type":"Feature","geometry":{"type":"Point","coordinates":[29.084435,40.978463]},"properties":{"osm_id":"way/237176264","kategori":"cami","ad":"Tüccar Başı Böcekli Cami"}},{"type":"Feature","geometry":{"type":"Point","coordinates":[29.016338,41.009661]},"properties":{"osm_id":"way/237684224","kategori":"cami","ad":"Büyük Selimiye Camii"}},{"type":"Feature","geometry":{"type":"Point","coordinates":[29.052522,41.03577]},"properties":{"osm_id":"way/237686845","kategori":"cami","ad":"Yeşil Bostan Camii"}},{"type":"Feature","geometry":{"type":"Point","coordinates":[29.007959,41.020975]},"properties":{"osm_id":"way/237833975","kategori":"cami","ad":"Salacak Fatih Camii"}},{"type":"Feature","geometry":{"type":"Point","coordinates":[29.011362,41.025942]},"properties":{"osm_id":"way/237833983","kategori":"cami","ad":"Şemsi Paşa Camii"}},{"type":"Feature","geometry":{"type":"Point","coordinates":[29.017829,41.021766]},"properties":{"osm_id":"way/237868338","kategori":"cami","ad":"Bulgurlu Mescit Camii"}},{"type":"Feature","geometry":{"type":"Point","coordinates":[29.01195,41.015188]},"properties":{"osm_id":"way/237868341","kategori":"cami","ad":"Küçük Ihsaniye Camii"}},{"type":"Feature","geometry":{"type":"Point","coordinates":[29.014218,41.019741]},"properties":{"osm_id":"way/237868344","kategori":"cami","ad":"Şehit Süleyman Paşa Camii"}},{"type":"Feature","geometry":{"type":"Point","coordinates":[29.019866,41.01302]},"properties":{"osm_id":"way/237883706","kategori":"cami","ad":"Karacaahmet (Fehti Ahmet Paşa) Camii"}},{"type":"Feature","geometry":{"type":"Point","coordinates":[29.034162,41.023073]},"properties":{"osm_id":"way/238027305","kategori":"cami","ad":"Bağlarbaşı Camii"}},{"type":"Feature","geometry":{"type":"Point","coordinates":[29.025711,41.021255]},"properties":{"osm_id":"way/238027308","kategori":"cami","ad":"Bağlarbaşı Huzur Camii"}},{"type":"Feature","geometry":{"type":"Point","coordinates":[29.029246,41.019896]},"properties":{"osm_id":"way/238027309","kategori":"cami","ad":"Çinili Cami"}},{"type":"Feature","geometry":{"type":"Point","coordinates":[29.02442,41.016835]},"properties":{"osm_id":"way/238027310","kategori":"cami","ad":"Divitciler Camii"}},{"type":"Feature","geometry":{"type":"Point","coordinates":[28.952516,41.022361]},"properties":{"osm_id":"way/238242162","kategori":"cami","ad":"Yarhisar Camii"}},{"type":"Feature","geometry":{"type":"Point","coordinates":[28.946316,41.031863]},"properties":{"osm_id":"way/238749538","kategori":"cami","ad":"Hızır Çavuş Cami"}},{"type":"Feature","geometry":{"type":"Point","coordinates":[29.054537,41.041655]},"properties":{"osm_id":"way/240014998","kategori":"cami","ad":"Cennet Cami"}},{"type":"Feature","geometry":{"type":"Point","coordinates":[28.966102,41.017258]},"properties":{"osm_id":"way/240079796","kategori":"cami","ad":"Siyavuş Paşa Medresesi"}},{"type":"Feature","geometry":{"type":"Point","coordinates":[29.074191,40.963487]},"properties":{"osm_id":"way/241405206","kategori":"cami","ad":"Mihrimah Sultan Camii"}},{"type":"Feature","geometry":{"type":"Point","coordinates":[28.857481,41.066222]},"properties":{"osm_id":"way/241560996","kategori":"cami","ad":"Hz. Ömer Camii"}},{"type":"Feature","geometry":{"type":"Point","coordinates":[29.054234,41.197933]},"properties":{"osm_id":"way/243525747","kategori":"cami","ad":"Cami"}},{"type":"Feature","geometry":{"type":"Point","coordinates":[29.116275,40.968279]},"properties":{"osm_id":"way/244382979","kategori":"cami","ad":"İçerenköy Birlik Camii"}},{"type":"Feature","geometry":{"type":"Point","coordinates":[28.984704,41.02938]},"properties":{"osm_id":"way/246475070","kategori":"cami","ad":"İlyas Çelebi Camii"}},{"type":"Feature","geometry":{"type":"Point","coordinates":[28.982308,41.031224]},"properties":{"osm_id":"way/246685201","kategori":"cami","ad":"Firuzağa Camisi"}},{"type":"Feature","geometry":{"type":"Point","coordinates":[28.984034,41.033021]},"properties":{"osm_id":"way/246874736","kategori":"cami","ad":"Sirkeci Mustafa Ağa Camii"}},{"type":"Feature","geometry":{"type":"Point","coordinates":[28.980117,41.029975]},"properties":{"osm_id":"way/247240977","kategori":"cami","ad":"Ekmekçibaşı Ali Ağa Camii"}},{"type":"Feature","geometry":{"type":"Point","coordinates":[28.956323,41.081799]},"properties":{"osm_id":"way/247415297","kategori":"cami","ad":"Cami"}},{"type":"Feature","geometry":{"type":"Point","coordinates":[28.996987,41.114775]},"properties":{"osm_id":"way/247415300","kategori":"cami","ad":"Osman Kuyu Camii"}},{"type":"Feature","geometry":{"type":"Point","coordinates":[29.001808,41.118552]},"properties":{"osm_id":"way/247415301","kategori":"cami","ad":"Mescidi Aksa Camii"}},{"type":"Feature","geometry":{"type":"Point","coordinates":[29.000854,41.121477]},"properties":{"osm_id":"way/247415303","kategori":"cami","ad":"Yeşiltepe Camii"}},{"type":"Feature","geometry":{"type":"Point","coordinates":[28.981063,41.031976]},"properties":{"osm_id":"way/247443009","kategori":"cami","ad":"Muhyiddin Molla Fenari Camii"}},{"type":"Feature","geometry":{"type":"Point","coordinates":[28.770344,40.984712]},"properties":{"osm_id":"way/249590739","kategori":"cami","ad":"Hacı Ahmet Camii"}},{"type":"Feature","geometry":{"type":"Point","coordinates":[29.076977,40.971903]},"properties":{"osm_id":"way/252180113","kategori":"cami","ad":"Zihnipaşa Camii"}},{"type":"Feature","geometry":{"type":"Point","coordinates":[28.67396,41.155005]},"properties":{"osm_id":"way/252471148","kategori":"cami","ad":"Sazlıbosna Mahallesi Camii"}},{"type":"Feature","geometry":{"type":"Point","coordinates":[28.712413,41.155403]},"properties":{"osm_id":"way/252696654","kategori":"cami","ad":"Hacımaşlı Mahallesi Camii"}},{"type":"Feature","geometry":{"type":"Point","coordinates":[28.627277,41.262112]},"properties":{"osm_id":"way/254270007","kategori":"cami","ad":"Boyalık Mahallesi Camii"}},{"type":"Feature","geometry":{"type":"Point","coordinates":[29.290521,40.857637]},"properties":{"osm_id":"way/255368385","kategori":"cami","ad":"Veysel Karani Camii"}},{"type":"Feature","geometry":{"type":"Point","coordinates":[29.245413,40.880543]},"properties":{"osm_id":"way/255368391","kategori":"cami","ad":"Tavşantepe İrşat Camii"}},{"type":"Feature","geometry":{"type":"Point","coordinates":[28.186887,41.413369]},"properties":{"osm_id":"way/255410628","kategori":"cami","ad":"Binkılıç Camii"}},{"type":"Feature","geometry":{"type":"Point","coordinates":[28.205424,41.374694]},"properties":{"osm_id":"way/255533667","kategori":"cami","ad":"Mimar Sinan Camii"}},{"type":"Feature","geometry":{"type":"Point","coordinates":[28.287223,41.314739]},"properties":{"osm_id":"way/255535391","kategori":"cami","ad":"Gümüşpınar Mahallesi Camii"}},{"type":"Feature","geometry":{"type":"Point","coordinates":[28.418333,41.25752]},"properties":{"osm_id":"way/255540894","kategori":"cami","ad":null}},{"type":"Feature","geometry":{"type":"Point","coordinates":[28.968485,41.013705]},"properties":{"osm_id":"way/255550126","kategori":"cami","ad":"Valide Hanı Mescidi"}},{"type":"Feature","geometry":{"type":"Point","coordinates":[28.967719,41.015865]},"properties":{"osm_id":"way/255550130","kategori":"cami","ad":"Yavaşçı Şahin Mehmet Ali Paşa Cami"}},{"type":"Feature","geometry":{"type":"Point","coordinates":[28.96733,41.014441]},"properties":{"osm_id":"way/255550131","kategori":"cami","ad":"Bezzazi Cedit Camii"}},{"type":"Feature","geometry":{"type":"Point","coordinates":[28.358355,41.254733]},"properties":{"osm_id":"way/256649748","kategori":"cami","ad":"İhsaniye Merkez Camii"}},{"type":"Feature","geometry":{"type":"Point","coordinates":[28.659926,41.057923]},"properties":{"osm_id":"way/257735446","kategori":"cami","ad":"Mehmed Zahid Kotku Cami-i Şerifi"}},{"type":"Feature","geometry":{"type":"Point","coordinates":[28.681787,41.036392]},"properties":{"osm_id":"way/257735454","kategori":"cami","ad":"Muhammediye Cami"}},{"type":"Feature","geometry":{"type":"Point","coordinates":[28.673151,41.021228]},"properties":{"osm_id":"way/257735455","kategori":"cami","ad":"Akşemsettin Camii"}},{"type":"Feature","geometry":{"type":"Point","coordinates":[28.71463,40.986627]},"properties":{"osm_id":"way/257735461","kategori":"cami","ad":"İGS Süleyman Çelebi Camii"}},{"type":"Feature","geometry":{"type":"Point","coordinates":[28.721186,40.979723]},"properties":{"osm_id":"way/257739131","kategori":"cami","ad":"Avcılar Merkez Ulu Camii Külliyesi"}},{"type":"Feature","geometry":{"type":"Point","coordinates":[28.760173,41.101527]},"properties":{"osm_id":"way/257739132","kategori":"cami","ad":"Mehmet Akif Ersoy Cami"}},{"type":"Feature","geometry":{"type":"Point","coordinates":[28.770441,41.105013]},"properties":{"osm_id":"way/257739133","kategori":"cami","ad":"Ömer Fahrettin Paşa Camii"}},{"type":"Feature","geometry":{"type":"Point","coordinates":[28.534345,41.025377]},"properties":{"osm_id":"way/257753692","kategori":"cami","ad":"Fatih Cami"}},{"type":"Feature","geometry":{"type":"Point","coordinates":[28.514891,41.024792]},"properties":{"osm_id":"way/257753693","kategori":"cami","ad":"Medine Cami"}},{"type":"Feature","geometry":{"type":"Point","coordinates":[28.504276,41.031977]},"properties":{"osm_id":"way/257753694","kategori":"cami","ad":"Tepekent Fatih Sultan Mehmet Camii"}},{"type":"Feature","geometry":{"type":"Point","coordinates":[28.49997,41.009645]},"properties":{"osm_id":"way/257758724","kategori":"cami","ad":"Cami"}},{"type":"Feature","geometry":{"type":"Point","coordinates":[28.496876,41.020081]},"properties":{"osm_id":"way/257758725","kategori":"cami","ad":"Güzelşehir İhlas Camii"}},{"type":"Feature","geometry":{"type":"Point","coordinates":[28.462486,41.030587]},"properties":{"osm_id":"way/257758727","kategori":"cami","ad":"Cami"}},{"type":"Feature","geometry":{"type":"Point","coordinates":[28.327626,41.061431]},"properties":{"osm_id":"way/257761027","kategori":"cami","ad":"Cami"}},{"type":"Feature","geometry":{"type":"Point","coordinates":[28.309324,41.066978]},"properties":{"osm_id":"way/257761029","kategori":"cami","ad":"Hacı Emine Kotil Camii"}},{"type":"Feature","geometry":{"type":"Point","coordinates":[28.245557,41.073486]},"properties":{"osm_id":"way/257761041","kategori":"cami","ad":"Piri Mehmet Paşa Camisi"}},{"type":"Feature","geometry":{"type":"Point","coordinates":[28.241171,41.084482]},"properties":{"osm_id":"way/257761043","kategori":"cami","ad":"Mimar Sinan Camii"}},{"type":"Feature","geometry":{"type":"Point","coordinates":[28.156841,41.095675]},"properties":{"osm_id":"way/257762698","kategori":"cami","ad":"Hacı Dursun Yıldırım Camii"}},{"type":"Feature","geometry":{"type":"Point","coordinates":[28.14715,41.074337]},"properties":{"osm_id":"way/257762708","kategori":"cami","ad":"Cami"}},{"type":"Feature","geometry":{"type":"Point","coordinates":[29.15027,40.980623]},"properties":{"osm_id":"way/257826016","kategori":"cami","ad":"Kayışdağı Fatih Camii"}},{"type":"Feature","geometry":{"type":"Point","coordinates":[28.868247,41.034899]},"properties":{"osm_id":"way/259234237","kategori":"cami","ad":"Hz. Ebubekir Camii"}},{"type":"Feature","geometry":{"type":"Point","coordinates":[28.857341,41.034078]},"properties":{"osm_id":"way/259235893","kategori":"cami","ad":"Bağcılar Merkez Camii"}},{"type":"Feature","geometry":{"type":"Point","coordinates":[28.93374,41.048015]},"properties":{"osm_id":"way/261821356","kategori":"cami","ad":"Eyüp Sultan Camii"}},{"type":"Feature","geometry":{"type":"Point","coordinates":[28.985602,41.013385]},"properties":{"osm_id":"way/261824325","kategori":"cami","ad":"Sofa-i Hümâyûn Camii"}},{"type":"Feature","geometry":{"type":"Point","coordinates":[28.982356,41.011794]},"properties":{"osm_id":"way/261826733","kategori":"cami","ad":"Beşir Ağa Camii"}},{"type":"Feature","geometry":{"type":"Point","coordinates":[29.112141,40.989888]},"properties":{"osm_id":"way/264161136","kategori":"cami","ad":"Mustafa Kanat Cami"}},{"type":"Feature","geometry":{"type":"Point","coordinates":[28.977338,41.010655]},"properties":{"osm_id":"way/264995270","kategori":"cami","ad":"Hacı Beşir Ağa Camii"}},{"type":"Feature","geometry":{"type":"Point","coordinates":[28.975292,41.009071]},"properties":{"osm_id":"way/264998397","kategori":"cami","ad":"Molla Fenari Camii"}},{"type":"Feature","geometry":{"type":"Point","coordinates":[28.97436,41.010058]},"properties":{"osm_id":"way/264998558","kategori":"cami","ad":"Cezeri Kasımpaşa Camii"}},{"type":"Feature","geometry":{"type":"Point","coordinates":[28.987738,41.061432]},"properties":{"osm_id":"way/265741308","kategori":"cami","ad":"Şişli Merkez Camii"}},{"type":"Feature","geometry":{"type":"Point","coordinates":[29.102055,41.046816]},"properties":{"osm_id":"way/272144374","kategori":"cami","ad":"Topağacı Camii"}},{"type":"Feature","geometry":{"type":"Point","coordinates":[28.694039,41.001728]},"properties":{"osm_id":"way/273674452","kategori":"cami","ad":"Ulubatlı Hasan Camii"}},{"type":"Feature","geometry":{"type":"Point","coordinates":[28.988968,41.034714]},"properties":{"osm_id":"way/273744728","kategori":"cami","ad":"Selime Hatun Camii"}},{"type":"Feature","geometry":{"type":"Point","coordinates":[28.992383,41.034778]},"properties":{"osm_id":"way/273746131","kategori":"cami","ad":"Omer Avni Camii"}},{"type":"Feature","geometry":{"type":"Point","coordinates":[28.793917,41.067315]},"properties":{"osm_id":"way/274707147","kategori":"cami","ad":"Masko Camii"}},{"type":"Feature","geometry":{"type":"Point","coordinates":[29.300725,40.923895]},"properties":{"osm_id":"way/276152619","kategori":"cami","ad":"Yenişehir Petekkent Camii"}},{"type":"Feature","geometry":{"type":"Point","coordinates":[28.777662,40.981399]},"properties":{"osm_id":"way/276470319","kategori":"cami","ad":"basınköy Camii"}},{"type":"Feature","geometry":{"type":"Point","coordinates":[28.794341,40.979847]},"properties":{"osm_id":"way/276474326","kategori":"cami","ad":"Şenlikköy Cami"}},{"type":"Feature","geometry":{"type":"Point","coordinates":[28.792667,40.98745]},"properties":{"osm_id":"way/276474410","kategori":"cami","ad":"Florya Yeni Cami"}},{"type":"Feature","geometry":{"type":"Point","coordinates":[28.802808,41.036496]},"properties":{"osm_id":"way/277128930","kategori":"cami","ad":"Zeynebiye Camii ve Kültür Merkezi"}},{"type":"Feature","geometry":{"type":"Point","coordinates":[29.139073,40.943771]},"properties":{"osm_id":"way/277455456","kategori":"cami","ad":"Yenidoğan Camii"}},{"type":"Feature","geometry":{"type":"Point","coordinates":[29.056683,41.027809]},"properties":{"osm_id":"way/278484931","kategori":"cami","ad":"Hacı Harun Ekşi Camii"}},{"type":"Feature","geometry":{"type":"Point","coordinates":[29.056738,41.033264]},"properties":{"osm_id":"way/278577940","kategori":"cami","ad":"Kıroğlu Camii"}},{"type":"Feature","geometry":{"type":"Point","coordinates":[29.14724,40.955703]},"properties":{"osm_id":"way/278635192","kategori":"cami","ad":"Fahri Kasapoğlu Cami"}},{"type":"Feature","geometry":{"type":"Point","coordinates":[29.036597,41.24528]},"properties":{"osm_id":"way/278910641","kategori":"cami","ad":"Kilyos Yeni Cami"}},{"type":"Feature","geometry":{"type":"Point","coordinates":[29.10376,41.032086]},"properties":{"osm_id":"way/279914471","kategori":"cami","ad":"İlim Sarayı Camii"}},{"type":"Feature","geometry":{"type":"Point","coordinates":[29.103,41.034174]},"properties":{"osm_id":"way/279915361","kategori":"cami","ad":"Berat Camii"}},{"type":"Feature","geometry":{"type":"Point","coordinates":[29.183583,40.893886]},"properties":{"osm_id":"way/279988499","kategori":"cami","ad":"Yeni Camii"}},{"type":"Feature","geometry":{"type":"Point","coordinates":[29.006299,41.057101]},"properties":{"osm_id":"way/280133277","kategori":"cami","ad":"Hz. Ebubekir Camii"}},{"type":"Feature","geometry":{"type":"Point","coordinates":[29.099993,41.059958]},"properties":{"osm_id":"way/285866157","kategori":"cami","ad":"Hekimbaşı Merkez Cami"}},{"type":"Feature","geometry":{"type":"Point","coordinates":[28.978873,41.030509]},"properties":{"osm_id":"way/287308619","kategori":"cami","ad":"Tomtom Camii"}},{"type":"Feature","geometry":{"type":"Point","coordinates":[28.823318,40.980668]},"properties":{"osm_id":"way/288197573","kategori":"cami","ad":"Hezarfen Ahmet Çelebi Camii"}},{"type":"Feature","geometry":{"type":"Point","coordinates":[29.291751,40.918007]},"properties":{"osm_id":"way/288811704","kategori":"cami","ad":"Yunus Emre Camii"}},{"type":"Feature","geometry":{"type":"Point","coordinates":[29.001841,41.07285]},"properties":{"osm_id":"way/290303712","kategori":"cami","ad":"Hacı Sefer Dursun Camii"}},{"type":"Feature","geometry":{"type":"Point","coordinates":[28.975129,41.075195]},"properties":{"osm_id":"way/296472103","kategori":"cami","ad":"Akşemsettin Camii"}},{"type":"Feature","geometry":{"type":"Point","coordinates":[28.999658,41.083554]},"properties":{"osm_id":"way/296472104","kategori":"cami","ad":"Çeliktepe Merkez Camii"}},{"type":"Feature","geometry":{"type":"Point","coordinates":[28.657255,41.000448]},"properties":{"osm_id":"way/298150335","kategori":"cami","ad":"Sacit Ateş Camii"}},{"type":"Feature","geometry":{"type":"Point","coordinates":[28.918024,41.058226]},"properties":{"osm_id":"way/300599423","kategori":"cami","ad":"Sarıgöl Cami"}},{"type":"Feature","geometry":{"type":"Point","coordinates":[28.890847,41.082236]},"properties":{"osm_id":"way/300599427","kategori":"cami","ad":"Mehmet Üretmen Cami"}},{"type":"Feature","geometry":{"type":"Point","coordinates":[28.884738,41.084804]},"properties":{"osm_id":"way/300599428","kategori":"cami","ad":"Mina Cami"}},{"type":"Feature","geometry":{"type":"Point","coordinates":[28.880433,41.082284]},"properties":{"osm_id":"way/300599429","kategori":"cami","ad":"Vahdet Camii"}},{"type":"Feature","geometry":{"type":"Point","coordinates":[29.078726,40.993472]},"properties":{"osm_id":"way/300599430","kategori":"cami","ad":"Libadiye Camii"}},{"type":"Feature","geometry":{"type":"Point","coordinates":[29.075036,40.996293]},"properties":{"osm_id":"way/300599431","kategori":"cami","ad":"Örnek Mimar Sinan Camii"}},{"type":"Feature","geometry":{"type":"Point","coordinates":[29.078227,40.998056]},"properties":{"osm_id":"way/300599432","kategori":"cami","ad":"Takva Cami"}},{"type":"Feature","geometry":{"type":"Point","coordinates":[29.080974,40.999337]},"properties":{"osm_id":"way/300599433","kategori":"cami","ad":"Türkistan Camii"}},{"type":"Feature","geometry":{"type":"Point","coordinates":[29.079637,41.003001]},"properties":{"osm_id":"way/300599434","kategori":"cami","ad":"Zekeriya Bey Câmii"}},{"type":"Feature","geometry":{"type":"Point","coordinates":[29.072789,41.011854]},"properties":{"osm_id":"way/300599435","kategori":"cami","ad":"Hazreti Muhammed Camii"}},{"type":"Feature","geometry":{"type":"Point","coordinates":[29.10082,41.051719]},"properties":{"osm_id":"way/300602280","kategori":"cami","ad":"Mirac Cami"}},{"type":"Feature","geometry":{"type":"Point","coordinates":[29.081018,41.06172]},"properties":{"osm_id":"way/300602282","kategori":"cami","ad":"Sultan Murat Camii"}},{"type":"Feature","geometry":{"type":"Point","coordinates":[28.892551,41.068121]},"properties":{"osm_id":"way/300602283","kategori":"cami","ad":"Yıldırım Yeni Cami"}},{"type":"Feature","geometry":{"type":"Point","coordinates":[28.753389,41.085272]},"properties":{"osm_id":"way/301248227","kategori":"cami","ad":"Hz. Ali Cami"}},{"type":"Feature","geometry":{"type":"Point","coordinates":[28.800303,41.026698]},"properties":{"osm_id":"way/301248236","kategori":"cami","ad":"Akşemsettin Camii"}},{"type":"Feature","geometry":{"type":"Point","coordinates":[28.800388,41.0226]},"properties":{"osm_id":"way/301248239","kategori":"cami","ad":"Merve Camii"}},{"type":"Feature","geometry":{"type":"Point","coordinates":[28.797925,41.019637]},"properties":{"osm_id":"way/301248240","kategori":"cami","ad":"Maslak Çeşme Ulu Camii"}},{"type":"Feature","geometry":{"type":"Point","coordinates":[28.794603,41.017673]},"properties":{"osm_id":"way/301248242","kategori":"cami","ad":"Hasan Yörük Cami"}},{"type":"Feature","geometry":{"type":"Point","coordinates":[28.798474,41.012181]},"properties":{"osm_id":"way/301248244","kategori":"cami","ad":"Kazım Bektaş Camii"}},{"type":"Feature","geometry":{"type":"Point","coordinates":[28.778813,40.987443]},"properties":{"osm_id":"way/301902635","kategori":"cami","ad":"Cennet Mahallesi Cami"}},{"type":"Feature","geometry":{"type":"Point","coordinates":[28.785482,40.987136]},"properties":{"osm_id":"way/301902636","kategori":"cami","ad":"Yeşilova Ali Osman Camii"}},{"type":"Feature","geometry":{"type":"Point","coordinates":[28.787786,40.993899]},"properties":{"osm_id":"way/301902637","kategori":"cami","ad":"Seyran Camii"}},{"type":"Feature","geometry":{"type":"Point","coordinates":[28.792307,40.995279]},"properties":{"osm_id":"way/301902638","kategori":"cami","ad":"Sefaköy Gültepe Fatih Cami"}},{"type":"Feature","geometry":{"type":"Point","coordinates":[28.785849,41.001916]},"properties":{"osm_id":"way/301902639","kategori":"cami","ad":"Sultan Murat Merkez Camii"}},{"type":"Feature","geometry":{"type":"Point","coordinates":[28.798105,41.060488]},"properties":{"osm_id":"way/301902642","kategori":"cami","ad":"Marmara Sanayi Camii"}},{"type":"Feature","geometry":{"type":"Point","coordinates":[28.79056,41.07521]},"properties":{"osm_id":"way/301902643","kategori":"cami","ad":"Hz. Ebu Talib Camii"}},{"type":"Feature","geometry":{"type":"Point","coordinates":[28.779845,41.078798]},"properties":{"osm_id":"way/301902644","kategori":"cami","ad":"Toki Ayazma Camii"}},{"type":"Feature","geometry":{"type":"Point","coordinates":[28.782878,41.055871]},"properties":{"osm_id":"way/301902645","kategori":"cami","ad":"Hacı Ömer Çetinsaya Camii"}},{"type":"Feature","geometry":{"type":"Point","coordinates":[28.800265,41.105282]},"properties":{"osm_id":"way/301906854","kategori":"cami","ad":"Süleyman Çelebi Camii"}},{"type":"Feature","geometry":{"type":"Point","coordinates":[28.8095,41.109115]},"properties":{"osm_id":"way/301906856","kategori":"cami","ad":"Tunahan Camii"}},{"type":"Feature","geometry":{"type":"Point","coordinates":[28.805792,41.06937]},"properties":{"osm_id":"way/301906857","kategori":"cami","ad":"Demirciler Kooperatif Cami"}},{"type":"Feature","geometry":{"type":"Point","coordinates":[28.801461,41.053839]},"properties":{"osm_id":"way/301906858","kategori":"cami","ad":"Hz. Resul-u Ekrem Cami"}},{"type":"Feature","geometry":{"type":"Point","coordinates":[28.803055,41.016523]},"properties":{"osm_id":"way/301906859","kategori":"cami","ad":"Hz. Ebubekir Camii"}},{"type":"Feature","geometry":{"type":"Point","coordinates":[28.80634,41.012682]},"properties":{"osm_id":"way/301906860","kategori":"cami","ad":"Çınaryolu Camii"}},{"type":"Feature","geometry":{"type":"Point","coordinates":[28.784904,41.008]},"properties":{"osm_id":"way/301906861","kategori":"cami","ad":"Uhuvvet Camii"}},{"type":"Feature","geometry":{"type":"Point","coordinates":[28.772509,40.99194]},"properties":{"osm_id":"way/301906862","kategori":"cami","ad":"Abdüsselam Camii"}},{"type":"Feature","geometry":{"type":"Point","coordinates":[28.831313,40.960542]},"properties":{"osm_id":"way/301906863","kategori":"cami","ad":"Mecidiye Camii"}},{"type":"Feature","geometry":{"type":"Point","coordinates":[28.83242,41.008241]},"properties":{"osm_id":"way/301906867","kategori":"cami","ad":"Mehmet Akif Camii"}},{"type":"Feature","geometry":{"type":"Point","coordinates":[28.831337,41.011349]},"properties":{"osm_id":"way/301906868","kategori":"cami","ad":"Kuba Camii"}},{"type":"Feature","geometry":{"type":"Point","coordinates":[28.836429,41.028172]},"properties":{"osm_id":"way/301906869","kategori":"cami","ad":"Ertuğrul Gazi Camii"}},{"type":"Feature","geometry":{"type":"Point","coordinates":[28.834659,41.027748]},"properties":{"osm_id":"way/301906870","kategori":"cami","ad":"Yeni Camii"}},{"type":"Feature","geometry":{"type":"Point","coordinates":[28.843045,41.037701]},"properties":{"osm_id":"way/301906871","kategori":"cami","ad":"Kirazlı Fetih Camii"}},{"type":"Feature","geometry":{"type":"Point","coordinates":[28.830416,41.04226]},"properties":{"osm_id":"way/301906872","kategori":"cami","ad":"Hz. Osman-ı Zinnureyn Camii"}},{"type":"Feature","geometry":{"type":"Point","coordinates":[28.856815,41.057352]},"properties":{"osm_id":"way/301906873","kategori":"cami","ad":"Hayırseverler Camii"}},{"type":"Feature","geometry":{"type":"Point","coordinates":[28.864284,41.057904]},"properties":{"osm_id":"way/301906874","kategori":"cami","ad":"Muhammediye Camii"}},{"type":"Feature","geometry":{"type":"Point","coordinates":[28.868307,41.062194]},"properties":{"osm_id":"way/301906875","kategori":"cami","ad":"Turgut Reis Camii"}},{"type":"Feature","geometry":{"type":"Point","coordinates":[28.888551,41.076158]},"properties":{"osm_id":"way/301906876","kategori":"cami","ad":"Mimar Sinan Cami"}},{"type":"Feature","geometry":{"type":"Point","coordinates":[28.897405,41.084556]},"properties":{"osm_id":"way/301906878","kategori":"cami","ad":"Hızır Camii"}},{"type":"Feature","geometry":{"type":"Point","coordinates":[28.893141,41.095062]},"properties":{"osm_id":"way/301906879","kategori":"cami","ad":"İsmail Ağa Camii"}},{"type":"Feature","geometry":{"type":"Point","coordinates":[28.916142,41.089446]},"properties":{"osm_id":"way/301906880","kategori":"cami","ad":"Mehmet Akif Ersoy Camii"}},{"type":"Feature","geometry":{"type":"Point","coordinates":[28.939667,41.08213]},"properties":{"osm_id":"way/301906881","kategori":"cami","ad":"Mevlana Camii"}},{"type":"Feature","geometry":{"type":"Point","coordinates":[28.941501,41.077068]},"properties":{"osm_id":"way/301906882","kategori":"cami","ad":"Alibeyköy Çırçır Camii"}},{"type":"Feature","geometry":{"type":"Point","coordinates":[28.94308,41.046095]},"properties":{"osm_id":"way/301906885","kategori":"cami","ad":"Humbarahane Cami"}},{"type":"Feature","geometry":{"type":"Point","coordinates":[28.968441,41.057709]},"properties":{"osm_id":"way/301906886","kategori":"cami","ad":"Halil Rıfat Paşa Cami"}},{"type":"Feature","geometry":{"type":"Point","coordinates":[28.594035,41.017975]},"properties":{"osm_id":"way/301911132","kategori":"cami","ad":"Kuba Camii"}},{"type":"Feature","geometry":{"type":"Point","coordinates":[28.610036,40.993501]},"properties":{"osm_id":"way/301911133","kategori":"cami","ad":"Mustafa Yavaş Yeni Camii"}},{"type":"Feature","geometry":{"type":"Point","coordinates":[28.648362,41.043024]},"properties":{"osm_id":"way/301911134","kategori":"cami","ad":"Kıraç Muhacir Mahallesi Camii"}},{"type":"Feature","geometry":{"type":"Point","coordinates":[28.6592,41.0321]},"properties":{"osm_id":"way/301911135","kategori":"cami","ad":"Kıraç Mevlana Camii"}},{"type":"Feature","geometry":{"type":"Point","coordinates":[28.661754,41.030998]},"properties":{"osm_id":"way/301911136","kategori":"cami","ad":"Uhud Camii"}},{"type":"Feature","geometry":{"type":"Point","coordinates":[28.664562,41.033013]},"properties":{"osm_id":"way/301911137","kategori":"cami","ad":"İmam Hasan Cami"}},{"type":"Feature","geometry":{"type":"Point","coordinates":[28.66988,41.037742]},"properties":{"osm_id":"way/301911138","kategori":"cami","ad":"Hz. Ebubekir Camii"}},{"type":"Feature","geometry":{"type":"Point","coordinates":[28.679154,41.027311]},"properties":{"osm_id":"way/301911139","kategori":"cami","ad":"Cami"}},{"type":"Feature","geometry":{"type":"Point","coordinates":[28.705579,41.001758]},"properties":{"osm_id":"way/301911145","kategori":"cami","ad":"Hz. Ali Camii"}},{"type":"Feature","geometry":{"type":"Point","coordinates":[28.705279,41.016976]},"properties":{"osm_id":"way/301911146","kategori":"cami","ad":"Kevser Cami"}},{"type":"Feature","geometry":{"type":"Point","coordinates":[28.793548,40.998932]},"properties":{"osm_id":"way/301911149","kategori":"cami","ad":"Rukiye Hatun Camii"}},{"type":"Feature","geometry":{"type":"Point","coordinates":[28.798487,41.003187]},"properties":{"osm_id":"way/301911150","kategori":"cami","ad":"Sefaköy Çarşı Camii"}},{"type":"Feature","geometry":{"type":"Point","coordinates":[28.81922,41.042848]},"properties":{"osm_id":"way/301911151","kategori":"cami","ad":"Yusuf Ziya Merkez Camii"}},{"type":"Feature","geometry":{"type":"Point","coordinates":[28.845605,41.045099]},"properties":{"osm_id":"way/301911152","kategori":"cami","ad":"Hz. Abuzer Camii"}},{"type":"Feature","geometry":{"type":"Point","coordinates":[28.848982,41.048679]},"properties":{"osm_id":"way/301911153","kategori":"cami","ad":"Mehmet Akif Camii"}},{"type":"Feature","geometry":{"type":"Point","coordinates":[28.882091,41.048819]},"properties":{"osm_id":"way/301911155","kategori":"cami","ad":"Cabir Bin Abdullah Cami"}},{"type":"Feature","geometry":{"type":"Point","coordinates":[28.878993,41.055104]},"properties":{"osm_id":"way/301911156","kategori":"cami","ad":"Güneştepe Camii"}},{"type":"Feature","geometry":{"type":"Point","coordinates":[28.937451,41.061354]},"properties":{"osm_id":"way/301911157","kategori":"cami","ad":"Silahtar Uğur Camii"}},{"type":"Feature","geometry":{"type":"Point","coordinates":[28.995755,41.062194]},"properties":{"osm_id":"way/301911158","kategori":"cami","ad":"Fulya Mehmetcik Camii"}},{"type":"Feature","geometry":{"type":"Point","coordinates":[28.993267,41.076444]},"properties":{"osm_id":"way/301911159","kategori":"cami","ad":"Filiz Camiİ"}},{"type":"Feature","geometry":{"type":"Point","coordinates":[29.16257,40.925296]},"properties":{"osm_id":"way/302393003","kategori":"cami","ad":"Esenkent Merkez Camii"}},{"type":"Feature","geometry":{"type":"Point","coordinates":[29.117339,40.950726]},"properties":{"osm_id":"way/302393004","kategori":"cami","ad":"Emek Camii"}},{"type":"Feature","geometry":{"type":"Point","coordinates":[29.093134,40.960524]},"properties":{"osm_id":"way/302393006","kategori":"cami","ad":"Emin Ali Paşa Camii"}},{"type":"Feature","geometry":{"type":"Point","coordinates":[29.05991,40.984539]},"properties":{"osm_id":"way/302393007","kategori":"cami","ad":"Mazharbey Hüseyin Avni Çeviköz Camii"}},{"type":"Feature","geometry":{"type":"Point","coordinates":[28.903132,41.082125]},"properties":{"osm_id":"way/302393010","kategori":"cami","ad":"Ehli Beyt Camii"}},{"type":"Feature","geometry":{"type":"Point","coordinates":[28.874259,41.071879]},"properties":{"osm_id":"way/302393011","kategori":"cami","ad":"Giyim Kooperatifi Cami"}},{"type":"Feature","geometry":{"type":"Point","coordinates":[28.622951,41.016314]},"properties":{"osm_id":"way/302393012","kategori":"cami","ad":"Beykent Camii"}},{"type":"Feature","geometry":{"type":"Point","coordinates":[28.637842,40.981149]},"properties":{"osm_id":"way/302393015","kategori":"cami","ad":"Kavaklı Yeni Camii"}},{"type":"Feature","geometry":{"type":"Point","coordinates":[28.677232,40.976724]},"properties":{"osm_id":"way/302393016","kategori":"cami","ad":"Marmara Evleri Camisi"}},{"type":"Feature","geometry":{"type":"Point","coordinates":[28.742303,40.979467]},"properties":{"osm_id":"way/302393017","kategori":"cami","ad":"Gümüşpala Merkez Camii"}},{"type":"Feature","geometry":{"type":"Point","coordinates":[28.743551,40.982672]},"properties":{"osm_id":"way/302393018","kategori":"cami","ad":"Fetih Camii"}},{"type":"Feature","geometry":{"type":"Point","coordinates":[28.937511,41.078792]},"properties":{"osm_id":"way/302393020","kategori":"cami","ad":"Yeşiltepe Camii"}},{"type":"Feature","geometry":{"type":"Point","coordinates":[28.976056,41.062486]},"properties":{"osm_id":"way/302393021","kategori":"cami","ad":"Ciftecevizler Camii"}},{"type":"Feature","geometry":{"type":"Point","coordinates":[29.005083,41.078238]},"properties":{"osm_id":"way/302393022","kategori":"cami","ad":"Ortabayır Merkez Camii"}},{"type":"Feature","geometry":{"type":"Point","coordinates":[29.005578,41.082058]},"properties":{"osm_id":"way/302393023","kategori":"cami","ad":"Çeliktepe Aydınlar Camii"}},{"type":"Feature","geometry":{"type":"Point","coordinates":[29.290076,40.948265]},"properties":{"osm_id":"way/302558993","kategori":"cami","ad":"Hacı Ömer Camii"}},{"type":"Feature","geometry":{"type":"Point","coordinates":[29.281938,40.947601]},"properties":{"osm_id":"way/302558994","kategori":"cami","ad":"Hazreti Halid Bin Velid Cami"}},{"type":"Feature","geometry":{"type":"Point","coordinates":[29.279479,40.949599]},"properties":{"osm_id":"way/302558996","kategori":"cami","ad":"Eyyübi Cami"}},{"type":"Feature","geometry":{"type":"Point","coordinates":[29.274924,40.945378]},"properties":{"osm_id":"way/302558997","kategori":"cami","ad":"Uhud Cami"}},{"type":"Feature","geometry":{"type":"Point","coordinates":[29.271482,40.944585]},"properties":{"osm_id":"way/302558999","kategori":"cami","ad":"Hazreti Ali Cami"}},{"type":"Feature","geometry":{"type":"Point","coordinates":[29.271162,40.941348]},"properties":{"osm_id":"way/302559000","kategori":"cami","ad":"Sultan Murat Cami"}},{"type":"Feature","geometry":{"type":"Point","coordinates":[29.273805,40.935787]},"properties":{"osm_id":"way/302559002","kategori":"cami","ad":"Hacı Şevki Camii"}},{"type":"Feature","geometry":{"type":"Point","coordinates":[29.282312,40.935514]},"properties":{"osm_id":"way/302559004","kategori":"cami","ad":"Hazreti Bilal Habeşi Cami"}},{"type":"Feature","geometry":{"type":"Point","coordinates":[29.292271,40.938034]},"properties":{"osm_id":"way/302559005","kategori":"cami","ad":"Orhangazi Camii"}},{"type":"Feature","geometry":{"type":"Point","coordinates":[29.286669,40.938705]},"properties":{"osm_id":"way/302559006","kategori":"cami","ad":"Bahçelievler Merkez Camii"}},{"type":"Feature","geometry":{"type":"Point","coordinates":[29.300137,40.9419]},"properties":{"osm_id":"way/302559007","kategori":"cami","ad":"Cem Sultan Camii"}},{"type":"Feature","geometry":{"type":"Point","coordinates":[29.297684,40.907109]},"properties":{"osm_id":"way/302559008","kategori":"cami","ad":"Prof.Dr.Ahmet Hamdi Turgut Camii"}},{"type":"Feature","geometry":{"type":"Point","coordinates":[29.268604,40.895142]},"properties":{"osm_id":"way/302559009","kategori":"cami","ad":"Mevlana Cami"}},{"type":"Feature","geometry":{"type":"Point","coordinates":[29.270116,40.890339]},"properties":{"osm_id":"way/302559010","kategori":"cami","ad":"Hacı Hasan Camii"}},{"type":"Feature","geometry":{"type":"Point","coordinates":[29.27307,40.887803]},"properties":{"osm_id":"way/302559013","kategori":"cami","ad":"Yavuz Selim Cami"}},{"type":"Feature","geometry":{"type":"Point","coordinates":[29.27288,40.881582]},"properties":{"osm_id":"way/302559014","kategori":"cami","ad":"Hazreti Ebubekir Cami"}},{"type":"Feature","geometry":{"type":"Point","coordinates":[29.269725,40.878153]},"properties":{"osm_id":"way/302562754","kategori":"cami","ad":"Kaynarca Merkez Camii"}},{"type":"Feature","geometry":{"type":"Point","coordinates":[29.273473,40.870734]},"properties":{"osm_id":"way/302562755","kategori":"cami","ad":"Çınardibi Camii"}},{"type":"Feature","geometry":{"type":"Point","coordinates":[29.276325,40.875453]},"properties":{"osm_id":"way/302562756","kategori":"cami","ad":"Çamçeşme Osmaniye Cami"}},{"type":"Feature","geometry":{"type":"Point","coordinates":[29.28607,40.880329]},"properties":{"osm_id":"way/302562757","kategori":"cami","ad":"Kavakpınar Merkez Camii"}},{"type":"Feature","geometry":{"type":"Point","coordinates":[29.287449,40.885383]},"properties":{"osm_id":"way/302562758","kategori":"cami","ad":"Şirintepe Camii"}},{"type":"Feature","geometry":{"type":"Point","coordinates":[29.290634,40.877263]},"properties":{"osm_id":"way/302562759","kategori":"cami","ad":"Nasrullah Cami"}},{"type":"Feature","geometry":{"type":"Point","coordinates":[29.283734,40.871067]},"properties":{"osm_id":"way/302562760","kategori":"cami","ad":"Kavakpınar Camii"}},{"type":"Feature","geometry":{"type":"Point","coordinates":[29.295339,40.871165]},"properties":{"osm_id":"way/302562761","kategori":"cami","ad":"Osmanlı Camii"}},{"type":"Feature","geometry":{"type":"Point","coordinates":[29.307234,40.845963]},"properties":{"osm_id":"way/302562762","kategori":"cami","ad":"Muhammed Emin Camii"}},{"type":"Feature","geometry":{"type":"Point","coordinates":[28.972201,41.002743]},"properties":{"osm_id":"way/303179753","kategori":"cami","ad":"Küçük Ayasofya Camii"}},{"type":"Feature","geometry":{"type":"Point","coordinates":[29.255302,41.018077]},"properties":{"osm_id":"way/304049491","kategori":"cami","ad":"Kuba Camii"}},{"type":"Feature","geometry":{"type":"Point","coordinates":[29.252658,41.011347]},"properties":{"osm_id":"way/304049492","kategori":"cami","ad":"Safa Camii"}},{"type":"Feature","geometry":{"type":"Point","coordinates":[29.257027,41.007448]},"properties":{"osm_id":"way/304049493","kategori":"cami","ad":"Bilal-i Habeşi Cami"}},{"type":"Feature","geometry":{"type":"Point","coordinates":[29.256801,41.002497]},"properties":{"osm_id":"way/304049495","kategori":"cami","ad":"Mimar Sinan Camii"}},{"type":"Feature","geometry":{"type":"Point","coordinates":[29.253046,41.002717]},"properties":{"osm_id":"way/304049496","kategori":"cami","ad":"Hz. Ali Camii"}},{"type":"Feature","geometry":{"type":"Point","coordinates":[29.244736,40.99043]},"properties":{"osm_id":"way/304049497","kategori":"cami","ad":"Hilal Camii"}},{"type":"Feature","geometry":{"type":"Point","coordinates":[29.247771,40.986663]},"properties":{"osm_id":"way/304049498","kategori":"cami","ad":"Alaattin Camii"}},{"type":"Feature","geometry":{"type":"Point","coordinates":[29.236823,40.972584]},"properties":{"osm_id":"way/304049499","kategori":"cami","ad":"Akşemsettin"}},{"type":"Feature","geometry":{"type":"Point","coordinates":[29.2273,40.966213]},"properties":{"osm_id":"way/304049500","kategori":"cami","ad":"15 Temmuz Şehitler Camii"}},{"type":"Feature","geometry":{"type":"Point","coordinates":[28.992936,41.178906]},"properties":{"osm_id":"way/304049501","kategori":"cami","ad":"Bahçeköy Merkez Camii"}},{"type":"Feature","geometry":{"type":"Point","coordinates":[29.025947,41.15946]},"properties":{"osm_id":"way/304049502","kategori":"cami","ad":"Kazım Karabekir Mh. Orta Camii"}},{"type":"Feature","geometry":{"type":"Point","coordinates":[29.022983,41.156954]},"properties":{"osm_id":"way/304049503","kategori":"cami","ad":"PTT Evleri Garipler Camii"}},{"type":"Feature","geometry":{"type":"Point","coordinates":[29.032816,41.14655]},"properties":{"osm_id":"way/304049504","kategori":"cami","ad":"Cami"}},{"type":"Feature","geometry":{"type":"Point","coordinates":[29.038638,41.143212]},"properties":{"osm_id":"way/304049505","kategori":"cami","ad":"Tarabya Dost Evler Camii"}},{"type":"Feature","geometry":{"type":"Point","coordinates":[29.044394,41.143582]},"properties":{"osm_id":"way/304049506","kategori":"cami","ad":"Ömürtepe Merkez Camii"}},{"type":"Feature","geometry":{"type":"Point","coordinates":[29.049818,41.140758]},"properties":{"osm_id":"way/304049507","kategori":"cami","ad":"Birlikevler Camii"}},{"type":"Feature","geometry":{"type":"Point","coordinates":[29.05327,41.138234]},"properties":{"osm_id":"way/304049508","kategori":"cami","ad":"Tarabya Merkez Camii"}},{"type":"Feature","geometry":{"type":"Point","coordinates":[29.048296,41.137124]},"properties":{"osm_id":"way/304049509","kategori":"cami","ad":"Hz. Ebubekir Camii"}},{"type":"Feature","geometry":{"type":"Point","coordinates":[29.042678,41.13687]},"properties":{"osm_id":"way/304049510","kategori":"cami","ad":"Ecdat Camii"}},{"type":"Feature","geometry":{"type":"Point","coordinates":[29.031037,41.141425]},"properties":{"osm_id":"way/304049511","kategori":"cami","ad":"Hacıosmanoğlu Camii"}},{"type":"Feature","geometry":{"type":"Point","coordinates":[29.041297,41.126179]},"properties":{"osm_id":"way/304049512","kategori":"cami","ad":"Ferahevler Vatan Caddesi Yeni Camii"}},{"type":"Feature","geometry":{"type":"Point","coordinates":[29.04618,41.103446]},"properties":{"osm_id":"way/304049514","kategori":"cami","ad":"Mihrişah Sultan Camii"}},{"type":"Feature","geometry":{"type":"Point","coordinates":[28.854382,41.039283]},"properties":{"osm_id":"way/304053623","kategori":"cami","ad":"Sancaktepe Cami"}},{"type":"Feature","geometry":{"type":"Point","coordinates":[28.848807,41.053164]},"properties":{"osm_id":"way/304053624","kategori":"cami","ad":"Cami"}},{"type":"Feature","geometry":{"type":"Point","coordinates":[28.835133,41.054861]},"properties":{"osm_id":"way/304053625","kategori":"cami","ad":"Göztepe Merkez Cami"}},{"type":"Feature","geometry":{"type":"Point","coordinates":[28.835045,41.05952]},"properties":{"osm_id":"way/304053626","kategori":"cami","ad":"Yed-İ Beyza Zeliha Hatun Cami"}},{"type":"Feature","geometry":{"type":"Point","coordinates":[28.821615,41.070045]},"properties":{"osm_id":"way/304053627","kategori":"cami","ad":"İSTOÇ Yeni Cami"}},{"type":"Feature","geometry":{"type":"Point","coordinates":[28.807179,41.074419]},"properties":{"osm_id":"way/304053631","kategori":"cami","ad":"Dolapdere Sanayi Sitesi Camii"}},{"type":"Feature","geometry":{"type":"Point","coordinates":[28.794874,41.096841]},"properties":{"osm_id":"way/304053632","kategori":"cami","ad":"İsteks Camii"}},{"type":"Feature","geometry":{"type":"Point","coordinates":[28.789607,41.089507]},"properties":{"osm_id":"way/304053633","kategori":"cami","ad":"Tormak Sanayi Camii"}},{"type":"Feature","geometry":{"type":"Point","coordinates":[28.801354,41.055033]},"properties":{"osm_id":"way/304053634","kategori":"cami","ad":"Şenevler Camii"}},{"type":"Feature","geometry":{"type":"Point","coordinates":[28.783579,41.005467]},"properties":{"osm_id":"way/304053638","kategori":"cami","ad":"Tepeüstü Tevhid Camii"}},{"type":"Feature","geometry":{"type":"Point","coordinates":[28.78655,40.996753]},"properties":{"osm_id":"way/304053639","kategori":"cami","ad":"Mehdiye Cami"}},{"type":"Feature","geometry":{"type":"Point","coordinates":[29.049005,41.174363]},"properties":{"osm_id":"way/304514010","kategori":"cami","ad":"Şifa Camii"}},{"type":"Feature","geometry":{"type":"Point","coordinates":[29.049698,41.177871]},"properties":{"osm_id":"way/304514011","kategori":"cami","ad":"Maden Tepeüstü Camii"}},{"type":"Feature","geometry":{"type":"Point","coordinates":[29.156459,41.080771]},"properties":{"osm_id":"way/304516014","kategori":"cami","ad":"Yavuz Selim Merkez Camii"}},{"type":"Feature","geometry":{"type":"Point","coordinates":[29.150566,41.087137]},"properties":{"osm_id":"way/304516015","kategori":"cami","ad":"Ebu Bekir Camii"}},{"type":"Feature","geometry":{"type":"Point","coordinates":[29.139038,41.080868]},"properties":{"osm_id":"way/304516016","kategori":"cami","ad":"Çavuşbaşı Merkez Camii"}},{"type":"Feature","geometry":{"type":"Point","coordinates":[29.090587,41.147398]},"properties":{"osm_id":"way/304516017","kategori":"cami","ad":"Vakıftepe Camii"}},{"type":"Feature","geometry":{"type":"Point","coordinates":[29.073575,41.02699]},"properties":{"osm_id":"way/305511244","kategori":"cami","ad":"Sefatepesi Camii"}},{"type":"Feature","geometry":{"type":"Point","coordinates":[29.074827,41.031518]},"properties":{"osm_id":"way/305511245","kategori":"cami","ad":"Ferah Mahallesi Yeni Camii"}},{"type":"Feature","geometry":{"type":"Point","coordinates":[29.076367,41.034126]},"properties":{"osm_id":"way/305511246","kategori":"cami","ad":"Hazreti Ebubekir Camii"}},{"type":"Feature","geometry":{"type":"Point","coordinates":[29.082023,41.039106]},"properties":{"osm_id":"way/305511247","kategori":"cami","ad":"Yavuztürk Mahallesi Camii"}},{"type":"Feature","geometry":{"type":"Point","coordinates":[29.068828,41.054357]},"properties":{"osm_id":"way/305511248","kategori":"cami","ad":"İmam-ı Azam Camii"}},{"type":"Feature","geometry":{"type":"Point","coordinates":[29.030554,41.036904]},"properties":{"osm_id":"way/305511249","kategori":"cami","ad":"Kuzguncuk Camii"}},{"type":"Feature","geometry":{"type":"Point","coordinates":[29.027773,41.024866]},"properties":{"osm_id":"way/305511251","kategori":"cami","ad":"Şuca Ahmet Paşa Cami"}},{"type":"Feature","geometry":{"type":"Point","coordinates":[29.046398,41.010017]},"properties":{"osm_id":"way/305511252","kategori":"cami","ad":"Faik Bey Cami"}},{"type":"Feature","geometry":{"type":"Point","coordinates":[29.058234,41.012392]},"properties":{"osm_id":"way/305511253","kategori":"cami","ad":"Nimet Arpacı Camii"}},{"type":"Feature","geometry":{"type":"Point","coordinates":[29.050377,40.996139]},"properties":{"osm_id":"way/305511254","kategori":"cami","ad":"Fikirtepe Merkez Camii"}},{"type":"Feature","geometry":{"type":"Point","coordinates":[29.086685,40.984409]},"properties":{"osm_id":"way/305511255","kategori":"cami","ad":"Arapgirli Hüseyin Avni Efendi Cami"}},{"type":"Feature","geometry":{"type":"Point","coordinates":[29.284211,40.929278]},"properties":{"osm_id":"way/305826749","kategori":"cami","ad":"Aliya İzzet Begoviç Camii"}},{"type":"Feature","geometry":{"type":"Point","coordinates":[29.287616,40.941936]},"properties":{"osm_id":"way/305826750","kategori":"cami","ad":"Valide Mehri Hatun Camii"}},{"type":"Feature","geometry":{"type":"Point","coordinates":[29.28324,40.941316]},"properties":{"osm_id":"way/305826751","kategori":"cami","ad":"Akabe Cami"}},{"type":"Feature","geometry":{"type":"Point","coordinates":[29.28001,40.945107]},"properties":{"osm_id":"way/305826753","kategori":"cami","ad":"Atif Efendi Cami"}},{"type":"Feature","geometry":{"type":"Point","coordinates":[29.280506,40.949]},"properties":{"osm_id":"way/305826755","kategori":"cami","ad":"Seyyid Abdulkadir Geyani Cami"}},{"type":"Feature","geometry":{"type":"Point","coordinates":[29.281797,40.951022]},"properties":{"osm_id":"way/305826756","kategori":"cami","ad":"Abdulkadir Geylani Cami"}},{"type":"Feature","geometry":{"type":"Point","coordinates":[29.281326,40.953212]},"properties":{"osm_id":"way/305826757","kategori":"cami","ad":"Ebuzer El Gaffari Camii"}},{"type":"Feature","geometry":{"type":"Point","coordinates":[29.273655,40.949724]},"properties":{"osm_id":"way/305826758","kategori":"cami","ad":"Yakutiye Cami"}},{"type":"Feature","geometry":{"type":"Point","coordinates":[29.277506,40.93915]},"properties":{"osm_id":"way/305826760","kategori":"cami","ad":"Bedir Cami"}},{"type":"Feature","geometry":{"type":"Point","coordinates":[29.274509,40.927096]},"properties":{"osm_id":"way/305826761","kategori":"cami","ad":"İmam-ı Buhari Cami"}},{"type":"Feature","geometry":{"type":"Point","coordinates":[29.263565,40.921011]},"properties":{"osm_id":"way/305826762","kategori":"cami","ad":"Ertugrulgazi Ulus Merkez Cami"}},{"type":"Feature","geometry":{"type":"Point","coordinates":[29.254802,40.918736]},"properties":{"osm_id":"way/305826763","kategori":"cami","ad":"Çamlık Merkez Cami"}},{"type":"Feature","geometry":{"type":"Point","coordinates":[29.256278,40.916132]},"properties":{"osm_id":"way/305826764","kategori":"cami","ad":"Vahdet Cami"}},{"type":"Feature","geometry":{"type":"Point","coordinates":[29.249722,40.91639]},"properties":{"osm_id":"way/305826765","kategori":"cami","ad":"Tepe Cami"}},{"type":"Feature","geometry":{"type":"Point","coordinates":[29.255793,40.914071]},"properties":{"osm_id":"way/305826766","kategori":"cami","ad":"Şeyh Edebali Camii"}},{"type":"Feature","geometry":{"type":"Point","coordinates":[29.252809,40.9136]},"properties":{"osm_id":"way/305826767","kategori":"cami","ad":"Yunus Emre Cami"}},{"type":"Feature","geometry":{"type":"Point","coordinates":[29.247524,40.904399]},"properties":{"osm_id":"way/305826771","kategori":"cami","ad":"İmam-ı Azam Cami"}},{"type":"Feature","geometry":{"type":"Point","coordinates":[29.254395,40.90586]},"properties":{"osm_id":"way/305826772","kategori":"cami","ad":"Velibaba Yeni Cami"}},{"type":"Feature","geometry":{"type":"Point","coordinates":[29.259944,40.905345]},"properties":{"osm_id":"way/305826773","kategori":"cami","ad":"Fatih Sultan Mehmet Cami"}},{"type":"Feature","geometry":{"type":"Point","coordinates":[29.257718,40.902116]},"properties":{"osm_id":"way/305826774","kategori":"cami","ad":"Velibaba Merkez Cami"}},{"type":"Feature","geometry":{"type":"Point","coordinates":[29.267387,40.901315]},"properties":{"osm_id":"way/305826775","kategori":"cami","ad":"Yayalar Mehmet Akif Cami"}},{"type":"Feature","geometry":{"type":"Point","coordinates":[29.268269,40.903373]},"properties":{"osm_id":"way/305826776","kategori":"cami","ad":"Yayalar Köyü Cami"}},{"type":"Feature","geometry":{"type":"Point","coordinates":[29.274759,40.900368]},"properties":{"osm_id":"way/305826777","kategori":"cami","ad":"Gül Cami"}},{"type":"Feature","geometry":{"type":"Point","coordinates":[29.267681,40.882341]},"properties":{"osm_id":"way/305826781","kategori":"cami","ad":"Fatih Cami"}},{"type":"Feature","geometry":{"type":"Point","coordinates":[29.276583,40.88224]},"properties":{"osm_id":"way/305826783","kategori":"cami","ad":"Mevlana Cami"}},{"type":"Feature","geometry":{"type":"Point","coordinates":[29.280666,40.880366]},"properties":{"osm_id":"way/305826784","kategori":"cami","ad":"Hacıhasan Büyük Yılmaz Camii"}},{"type":"Feature","geometry":{"type":"Point","coordinates":[29.112029,41.032375]},"properties":{"osm_id":"way/305839873","kategori":"cami","ad":"Bereket Cami"}},{"type":"Feature","geometry":{"type":"Point","coordinates":[29.105513,41.031461]},"properties":{"osm_id":"way/305839874","kategori":"cami","ad":"Necat Camii"}},{"type":"Feature","geometry":{"type":"Point","coordinates":[29.104582,41.037532]},"properties":{"osm_id":"way/305839878","kategori":"cami","ad":"Orta Camii"}},{"type":"Feature","geometry":{"type":"Point","coordinates":[29.101293,41.039197]},"properties":{"osm_id":"way/305839879","kategori":"cami","ad":"Meyveli Bahçe Camii"}},{"type":"Feature","geometry":{"type":"Point","coordinates":[29.106387,41.042021]},"properties":{"osm_id":"way/305839880","kategori":"cami","ad":"İmam-ı Gazali Camii"}},{"type":"Feature","geometry":{"type":"Point","coordinates":[29.10848,41.040828]},"properties":{"osm_id":"way/305839881","kategori":"cami","ad":"Mevlana Camii"}},{"type":"Feature","geometry":{"type":"Point","coordinates":[29.11162,41.044196]},"properties":{"osm_id":"way/305839882","kategori":"cami","ad":"Hazreti Havva Camii"}},{"type":"Feature","geometry":{"type":"Point","coordinates":[29.107905,41.044876]},"properties":{"osm_id":"way/305839883","kategori":"cami","ad":"Hazreti Osman Camii"}},{"type":"Feature","geometry":{"type":"Point","coordinates":[29.103906,41.044112]},"properties":{"osm_id":"way/305839884","kategori":"cami","ad":"Mevlana Camii"}},{"type":"Feature","geometry":{"type":"Point","coordinates":[29.09837,41.045082]},"properties":{"osm_id":"way/305839885","kategori":"cami","ad":"Sabır Camii"}},{"type":"Feature","geometry":{"type":"Point","coordinates":[29.096176,41.046021]},"properties":{"osm_id":"way/305839886","kategori":"cami","ad":"Kazım Karabekir Paşa Camii"}},{"type":"Feature","geometry":{"type":"Point","coordinates":[29.097037,41.04873]},"properties":{"osm_id":"way/305839887","kategori":"cami","ad":"İmam Ali Camii"}},{"type":"Feature","geometry":{"type":"Point","coordinates":[29.095922,41.051854]},"properties":{"osm_id":"way/305839889","kategori":"cami","ad":"Merkez Efendi Camii"}},{"type":"Feature","geometry":{"type":"Point","coordinates":[29.106296,41.049338]},"properties":{"osm_id":"way/305839891","kategori":"cami","ad":"Mehmed Akif Cami"}},{"type":"Feature","geometry":{"type":"Point","coordinates":[29.107301,41.048118]},"properties":{"osm_id":"way/305839892","kategori":"cami","ad":"Güney Camii"}},{"type":"Feature","geometry":{"type":"Point","coordinates":[29.099727,41.035742]},"properties":{"osm_id":"way/305839893","kategori":"cami","ad":"Hicret Camii"}},{"type":"Feature","geometry":{"type":"Point","coordinates":[29.092957,41.030563]},"properties":{"osm_id":"way/305839894","kategori":"cami","ad":"Mustafa Ağa Camii"}},{"type":"Feature","geometry":{"type":"Point","coordinates":[29.09095,41.024956]},"properties":{"osm_id":"way/305839896","kategori":"cami","ad":"Cevherağa Camii"}},{"type":"Feature","geometry":{"type":"Point","coordinates":[29.091515,41.0204]},"properties":{"osm_id":"way/305839897","kategori":"cami","ad":"Hazreti Ömer Camii"}},{"type":"Feature","geometry":{"type":"Point","coordinates":[29.087276,41.023291]},"properties":{"osm_id":"way/305839898","kategori":"cami","ad":"Santral Mustafa Avni Camii"}},{"type":"Feature","geometry":{"type":"Point","coordinates":[29.082654,41.019658]},"properties":{"osm_id":"way/305839900","kategori":"cami","ad":"Amine Hatun Cami"}},{"type":"Feature","geometry":{"type":"Point","coordinates":[29.085491,41.017483]},"properties":{"osm_id":"way/305839901","kategori":"cami","ad":"Bulgurlu Birlik Camii"}},{"type":"Feature","geometry":{"type":"Point","coordinates":[29.102364,41.026398]},"properties":{"osm_id":"way/305843632","kategori":"cami","ad":"İmam-ı Azam Camii"}},{"type":"Feature","geometry":{"type":"Point","coordinates":[29.103006,41.028145]},"properties":{"osm_id":"way/305843633","kategori":"cami","ad":"Mustafa Yaman Camii"}},{"type":"Feature","geometry":{"type":"Point","coordinates":[29.114602,41.057207]},"properties":{"osm_id":"way/305843637","kategori":"cami","ad":"İmam Ahmet Cami"}},{"type":"Feature","geometry":{"type":"Point","coordinates":[29.097721,41.059238]},"properties":{"osm_id":"way/305843638","kategori":"cami","ad":"Hekimbaşı Cami"}},{"type":"Feature","geometry":{"type":"Point","coordinates":[29.093304,41.061676]},"properties":{"osm_id":"way/305843639","kategori":"cami","ad":"Hekimbaşı Fatih Cami"}},{"type":"Feature","geometry":{"type":"Point","coordinates":[29.097874,41.066524]},"properties":{"osm_id":"way/305843640","kategori":"cami","ad":"Cemile Hatun Cami"}},{"type":"Feature","geometry":{"type":"Point","coordinates":[29.088013,41.067116]},"properties":{"osm_id":"way/305843641","kategori":"cami","ad":"Yenimahalle Merkez Cami"}},{"type":"Feature","geometry":{"type":"Point","coordinates":[29.081777,41.06853]},"properties":{"osm_id":"way/305843642","kategori":"cami","ad":"Yeni Mahalle Şeref Yıldız Cami"}},{"type":"Feature","geometry":{"type":"Point","coordinates":[28.952328,41.062911]},"properties":{"osm_id":"way/305848150","kategori":"cami","ad":"Mehmet Akif Ersoy Camii"}},{"type":"Feature","geometry":{"type":"Point","coordinates":[28.928865,41.080109]},"properties":{"osm_id":"way/305848151","kategori":"cami","ad":"Veysel Karani Camii"}},{"type":"Feature","geometry":{"type":"Point","coordinates":[28.916317,41.083337]},"properties":{"osm_id":"way/305848152","kategori":"cami","ad":"Hayırlıoğlu Camii"}},{"type":"Feature","geometry":{"type":"Point","coordinates":[28.913131,41.086197]},"properties":{"osm_id":"way/305848153","kategori":"cami","ad":"Mevlana Merkez Camii"}},{"type":"Feature","geometry":{"type":"Point","coordinates":[28.909237,41.084165]},"properties":{"osm_id":"way/305848154","kategori":"cami","ad":"Tatbikat Cami"}},{"type":"Feature","geometry":{"type":"Point","coordinates":[28.899345,41.085727]},"properties":{"osm_id":"way/305848155","kategori":"cami","ad":"Tepebaşı Yıldız Camii"}},{"type":"Feature","geometry":{"type":"Point","coordinates":[28.89537,41.089343]},"properties":{"osm_id":"way/305848156","kategori":"cami","ad":"Fatih Camii"}},{"type":"Feature","geometry":{"type":"Point","coordinates":[28.881545,41.071356]},"properties":{"osm_id":"way/305848159","kategori":"cami","ad":"Cevatpaşa Fevzi Çakmak Cami"}},{"type":"Feature","geometry":{"type":"Point","coordinates":[28.851924,41.045438]},"properties":{"osm_id":"way/305848162","kategori":"cami","ad":"Gönenli Mehmet Efendi Camii"}},{"type":"Feature","geometry":{"type":"Point","coordinates":[28.842851,41.046992]},"properties":{"osm_id":"way/305848163","kategori":"cami","ad":"Bediüzzaman Saidnursi Camii"}},{"type":"Feature","geometry":{"type":"Point","coordinates":[28.838109,41.04469]},"properties":{"osm_id":"way/305848165","kategori":"cami","ad":"Osmangazi Camii"}},{"type":"Feature","geometry":{"type":"Point","coordinates":[28.833058,41.044435]},"properties":{"osm_id":"way/305848166","kategori":"cami","ad":"Kumova Camii"}},{"type":"Feature","geometry":{"type":"Point","coordinates":[28.8329,41.046321]},"properties":{"osm_id":"way/305848167","kategori":"cami","ad":"Bedir Camii"}},{"type":"Feature","geometry":{"type":"Point","coordinates":[28.912149,41.08124]},"properties":{"osm_id":"way/305940328","kategori":"cami","ad":"Valide Camii"}},{"type":"Feature","geometry":{"type":"Point","coordinates":[28.919322,41.071559]},"properties":{"osm_id":"way/305940329","kategori":"cami","ad":"Leyle-i Kadir Cami"}},{"type":"Feature","geometry":{"type":"Point","coordinates":[28.921247,41.074317]},"properties":{"osm_id":"way/305940330","kategori":"cami","ad":"Pınar Camii"}},{"type":"Feature","geometry":{"type":"Point","coordinates":[28.922213,41.079038]},"properties":{"osm_id":"way/305940332","kategori":"cami","ad":"Cami"}},{"type":"Feature","geometry":{"type":"Point","coordinates":[28.922142,41.083669]},"properties":{"osm_id":"way/305940334","kategori":"cami","ad":"Süleyman Çelebi Camii"}},{"type":"Feature","geometry":{"type":"Point","coordinates":[28.924842,41.083738]},"properties":{"osm_id":"way/305940335","kategori":"cami","ad":"Fetih Camii"}},{"type":"Feature","geometry":{"type":"Point","coordinates":[28.944427,41.081896]},"properties":{"osm_id":"way/305940336","kategori":"cami","ad":"Güzelyayla Camii"}},{"type":"Feature","geometry":{"type":"Point","coordinates":[28.946247,41.075585]},"properties":{"osm_id":"way/305940337","kategori":"cami","ad":"Alibeyköy Merkez Camii"}},{"type":"Feature","geometry":{"type":"Point","coordinates":[28.942218,41.059199]},"properties":{"osm_id":"way/305940338","kategori":"cami","ad":"Gümüşsuyu Cami"}},{"type":"Feature","geometry":{"type":"Point","coordinates":[28.934428,41.059044]},"properties":{"osm_id":"way/305940339","kategori":"cami","ad":"Pazariçi Hacı Mehmet Demirkapı Camii"}},{"type":"Feature","geometry":{"type":"Point","coordinates":[28.929851,41.064274]},"properties":{"osm_id":"way/305940340","kategori":"cami","ad":"Nur Camii"}},{"type":"Feature","geometry":{"type":"Point","coordinates":[28.927009,41.06958]},"properties":{"osm_id":"way/305940341","kategori":"cami","ad":"Mimar Sinan Camii"}},{"type":"Feature","geometry":{"type":"Point","coordinates":[28.895454,41.073247]},"properties":{"osm_id":"way/305940343","kategori":"cami","ad":"Yeni Mahalle Poligon Camii"}},{"type":"Feature","geometry":{"type":"Point","coordinates":[28.884661,41.081857]},"properties":{"osm_id":"way/305940344","kategori":"cami","ad":"Özdayı Camii"}},{"type":"Feature","geometry":{"type":"Point","coordinates":[28.878127,41.099744]},"properties":{"osm_id":"way/305940347","kategori":"cami","ad":"Esentepe Camii"}},{"type":"Feature","geometry":{"type":"Point","coordinates":[28.864742,41.098738]},"properties":{"osm_id":"way/305940348","kategori":"cami","ad":"Haydar Sancak Camii"}},{"type":"Feature","geometry":{"type":"Point","coordinates":[28.859749,41.098404]},"properties":{"osm_id":"way/305940349","kategori":"cami","ad":"Mevlana Camii"}},{"type":"Feature","geometry":{"type":"Point","coordinates":[28.866887,41.091608]},"properties":{"osm_id":"way/305940351","kategori":"cami","ad":"Emir Sultan Camii"}},{"type":"Feature","geometry":{"type":"Point","coordinates":[28.851366,41.067906]},"properties":{"osm_id":"way/305940352","kategori":"cami","ad":"Oto Center Cami"}},{"type":"Feature","geometry":{"type":"Point","coordinates":[28.858909,41.045577]},"properties":{"osm_id":"way/305940355","kategori":"cami","ad":"İbrahim Ethem Camii"}},{"type":"Feature","geometry":{"type":"Point","coordinates":[28.863402,41.043169]},"properties":{"osm_id":"way/305940356","kategori":"cami","ad":"Fatih Camii"}},{"type":"Feature","geometry":{"type":"Point","coordinates":[28.860218,41.040626]},"properties":{"osm_id":"way/305940357","kategori":"cami","ad":"Sultan Şehmuz Cami"}},{"type":"Feature","geometry":{"type":"Point","coordinates":[28.86215,41.038084]},"properties":{"osm_id":"way/305940358","kategori":"cami","ad":"Çınar Mahallesi Camii"}},{"type":"Feature","geometry":{"type":"Point","coordinates":[28.859905,41.030364]},"properties":{"osm_id":"way/305940359","kategori":"cami","ad":"İmam Buhari Camii"}},{"type":"Feature","geometry":{"type":"Point","coordinates":[28.856965,41.025519]},"properties":{"osm_id":"way/305940360","kategori":"cami","ad":"Yeşilbağ Ulu Camii"}},{"type":"Feature","geometry":{"type":"Point","coordinates":[28.826702,41.000524]},"properties":{"osm_id":"way/305940362","kategori":"cami","ad":"Akşemsettin Camii"}},{"type":"Feature","geometry":{"type":"Point","coordinates":[28.43661,41.041774]},"properties":{"osm_id":"way/305940364","kategori":"cami","ad":"Kamiloba Yeni Camii"}},{"type":"Feature","geometry":{"type":"Point","coordinates":[28.367554,41.05504]},"properties":{"osm_id":"way/305940365","kategori":"cami","ad":"Cami"}},{"type":"Feature","geometry":{"type":"Point","coordinates":[28.255754,41.069496]},"properties":{"osm_id":"way/305940367","kategori":"cami","ad":"Esentepe Camii"}},{"type":"Feature","geometry":{"type":"Point","coordinates":[28.127192,41.132068]},"properties":{"osm_id":"way/305940368","kategori":"cami","ad":null}},{"type":"Feature","geometry":{"type":"Point","coordinates":[28.118446,41.110354]},"properties":{"osm_id":"way/305940369","kategori":"cami","ad":"Çeltik Camii"}},{"type":"Feature","geometry":{"type":"Point","coordinates":[29.1165,41.019459]},"properties":{"osm_id":"way/307003273","kategori":"cami","ad":"Hz Ali Camii"}},{"type":"Feature","geometry":{"type":"Point","coordinates":[29.100237,41.014363]},"properties":{"osm_id":"way/307003275","kategori":"cami","ad":"HZ. Hamza Camii"}},{"type":"Feature","geometry":{"type":"Point","coordinates":[29.097532,41.019273]},"properties":{"osm_id":"way/307003276","kategori":"cami","ad":"Birlik Camii"}},{"type":"Feature","geometry":{"type":"Point","coordinates":[29.086628,41.02595]},"properties":{"osm_id":"way/307003278","kategori":"cami","ad":"Ümraniye Büyük Merkez Camii"}},{"type":"Feature","geometry":{"type":"Point","coordinates":[29.057871,41.169002]},"properties":{"osm_id":"way/307167463","kategori":"cami","ad":"Ali Kethüda Camii"}},{"type":"Feature","geometry":{"type":"Point","coordinates":[28.977444,41.009091]},"properties":{"osm_id":"way/307332872","kategori":"cami","ad":"Yerebatan Üskübi İbrahim Ağa Camii"}},{"type":"Feature","geometry":{"type":"Point","coordinates":[28.917165,41.077275]},"properties":{"osm_id":"way/307581570","kategori":"cami","ad":"Yeşilpınar Merkez Camii"}},{"type":"Feature","geometry":{"type":"Point","coordinates":[28.901057,41.078036]},"properties":{"osm_id":"way/307581573","kategori":"cami","ad":"Paşa Camii"}},{"type":"Feature","geometry":{"type":"Point","coordinates":[28.896199,41.093238]},"properties":{"osm_id":"way/307581577","kategori":"cami","ad":"Abdülkadir Geylani Camii"}},{"type":"Feature","geometry":{"type":"Point","coordinates":[28.843874,41.134785]},"properties":{"osm_id":"way/307581579","kategori":"cami","ad":"Kanuni Sultan Süleyman Camii"}},{"type":"Feature","geometry":{"type":"Point","coordinates":[28.792416,41.14208]},"properties":{"osm_id":"way/307581581","kategori":"cami","ad":"Mehmet Şükrüpaşa Camii"}},{"type":"Feature","geometry":{"type":"Point","coordinates":[28.788005,41.132488]},"properties":{"osm_id":"way/307581583","kategori":"cami","ad":"Gazi Süleyman Paşa Camii"}},{"type":"Feature","geometry":{"type":"Point","coordinates":[28.726761,41.080862]},"properties":{"osm_id":"way/307581589","kategori":"cami","ad":"İskender Esma Camii"}},{"type":"Feature","geometry":{"type":"Point","coordinates":[28.723251,41.074564]},"properties":{"osm_id":"way/307581591","kategori":"cami","ad":"Veysel Karani Camii"}},{"type":"Feature","geometry":{"type":"Point","coordinates":[28.72661,41.071669]},"properties":{"osm_id":"way/307581593","kategori":"cami","ad":"Hacı Ahmet Merkez Camiİ"}},{"type":"Feature","geometry":{"type":"Point","coordinates":[28.727562,41.073134]},"properties":{"osm_id":"way/307581595","kategori":"cami","ad":"İmam Rıza Camii"}},{"type":"Feature","geometry":{"type":"Point","coordinates":[28.718514,41.079653]},"properties":{"osm_id":"way/307581597","kategori":"cami","ad":"Aydınlar Camii"}},{"type":"Feature","geometry":{"type":"Point","coordinates":[28.727226,41.06077]},"properties":{"osm_id":"way/307581600","kategori":"cami","ad":"Şükriye Yoluç Merkez Camii"}},{"type":"Feature","geometry":{"type":"Point","coordinates":[28.731284,41.060565]},"properties":{"osm_id":"way/307581604","kategori":"cami","ad":"Zeyneb-i Kübra Camii"}},{"type":"Feature","geometry":{"type":"Point","coordinates":[28.733946,41.061887]},"properties":{"osm_id":"way/307581606","kategori":"cami","ad":"Hz. İbrahim Camii"}},{"type":"Feature","geometry":{"type":"Point","coordinates":[28.733176,41.067317]},"properties":{"osm_id":"way/307581608","kategori":"cami","ad":"Zekiye Hatun Camii"}},{"type":"Feature","geometry":{"type":"Point","coordinates":[29.062101,41.001145]},"properties":{"osm_id":"way/307998535","kategori":"cami","ad":"Ünalan Mahallesi Kuba Camii"}},{"type":"Feature","geometry":{"type":"Point","coordinates":[29.067313,41.004119]},"properties":{"osm_id":"way/307998538","kategori":"cami","ad":"Sadıklar Camii"}},{"type":"Feature","geometry":{"type":"Point","coordinates":[29.075199,41.005544]},"properties":{"osm_id":"way/307998539","kategori":"cami","ad":"Fetih Camii"}},{"type":"Feature","geometry":{"type":"Point","coordinates":[29.082946,41.005449]},"properties":{"osm_id":"way/307998540","kategori":"cami","ad":"Esatpaşa Merkez Camii"}},{"type":"Feature","geometry":{"type":"Point","coordinates":[29.087476,41.007175]},"properties":{"osm_id":"way/307998541","kategori":"cami","ad":"Hacılar Camii"}},{"type":"Feature","geometry":{"type":"Point","coordinates":[29.090252,40.999212]},"properties":{"osm_id":"way/307998542","kategori":"cami","ad":"Hazreti Hüseyin Camii"}},{"type":"Feature","geometry":{"type":"Point","coordinates":[29.098664,40.993081]},"properties":{"osm_id":"way/307998543","kategori":"cami","ad":"Mimar Sinan Camii"}},{"type":"Feature","geometry":{"type":"Point","coordinates":[29.096972,40.985296]},"properties":{"osm_id":"way/307998544","kategori":"cami","ad":"Osmanoğlu Cami"}},{"type":"Feature","geometry":{"type":"Point","coordinates":[29.074475,40.988717]},"properties":{"osm_id":"way/307998545","kategori":"cami","ad":"Semiha Şakir Cami"}},{"type":"Feature","geometry":{"type":"Point","coordinates":[29.081242,40.987106]},"properties":{"osm_id":"way/307998546","kategori":"cami","ad":"Buhur Baba Cami"}},{"type":"Feature","geometry":{"type":"Point","coordinates":[29.090823,40.980609]},"properties":{"osm_id":"way/307998547","kategori":"cami","ad":"Haserenler Camii"}},{"type":"Feature","geometry":{"type":"Point","coordinates":[29.095664,40.971804]},"properties":{"osm_id":"way/307998548","kategori":"cami","ad":"Kozyatağı Modern Mehmet Çavuş Cami"}},{"type":"Feature","geometry":{"type":"Point","coordinates":[29.490692,41.062773]},"properties":{"osm_id":"way/308009000","kategori":"cami","ad":"Oruçoğlu Camii"}},{"type":"Feature","geometry":{"type":"Point","coordinates":[29.47563,41.069284]},"properties":{"osm_id":"way/308009001","kategori":"cami","ad":"Bıçkıdere Mahallesi Camii"}},{"type":"Feature","geometry":{"type":"Point","coordinates":[29.453346,41.071619]},"properties":{"osm_id":"way/308009004","kategori":"cami","ad":"Kervansaray Camii"}},{"type":"Feature","geometry":{"type":"Point","coordinates":[29.436114,41.079589]},"properties":{"osm_id":"way/308009006","kategori":"cami","ad":"Kömürlük Mahallesi Yeni Camii"}},{"type":"Feature","geometry":{"type":"Point","coordinates":[29.157459,41.025971]},"properties":{"osm_id":"way/308022115","kategori":"cami","ad":"Parseller Camii"}},{"type":"Feature","geometry":{"type":"Point","coordinates":[29.161384,41.022252]},"properties":{"osm_id":"way/308022117","kategori":"cami","ad":"Aşağı Dudullu Köyiçi Camii"}},{"type":"Feature","geometry":{"type":"Point","coordinates":[29.166993,41.009104]},"properties":{"osm_id":"way/308022120","kategori":"cami","ad":"Fevzi Çakmak Camii"}},{"type":"Feature","geometry":{"type":"Point","coordinates":[29.161786,41.002308]},"properties":{"osm_id":"way/308022122","kategori":"cami","ad":"İmes Cami"}},{"type":"Feature","geometry":{"type":"Point","coordinates":[29.152766,40.984732]},"properties":{"osm_id":"way/308022123","kategori":"cami","ad":"İmamı Buhari Camii"}},{"type":"Feature","geometry":{"type":"Point","coordinates":[29.162622,40.987843]},"properties":{"osm_id":"way/308022124","kategori":"cami","ad":"Ebu Hüreyre Camii"}},{"type":"Feature","geometry":{"type":"Point","coordinates":[29.163248,40.990317]},"properties":{"osm_id":"way/308022125","kategori":"cami","ad":"Yeni Çamlıca Merkez Camii"}},{"type":"Feature","geometry":{"type":"Point","coordinates":[29.169181,40.988138]},"properties":{"osm_id":"way/308022126","kategori":"cami","ad":"Hacı Mehmet Ali Tombul Camii"}},{"type":"Feature","geometry":{"type":"Point","coordinates":[29.171099,40.983101]},"properties":{"osm_id":"way/308022127","kategori":"cami","ad":"Ferhatpaşa Merkez Camii"}},{"type":"Feature","geometry":{"type":"Point","coordinates":[29.180618,40.977896]},"properties":{"osm_id":"way/308022128","kategori":"cami","ad":"Ahmet efendi Camii"}},{"type":"Feature","geometry":{"type":"Point","coordinates":[29.241294,40.962032]},"properties":{"osm_id":"way/308022130","kategori":"cami","ad":"Seyyit Ahmet Errufai Camii"}},{"type":"Feature","geometry":{"type":"Point","coordinates":[29.240473,40.969667]},"properties":{"osm_id":"way/308022131","kategori":"cami","ad":"Samandıra Selimiye Camii"}},{"type":"Feature","geometry":{"type":"Point","coordinates":[29.250444,40.965154]},"properties":{"osm_id":"way/308022134","kategori":"cami","ad":"Yavuz Sultan Selim Camii"}},{"type":"Feature","geometry":{"type":"Point","coordinates":[29.253996,40.960414]},"properties":{"osm_id":"way/308022135","kategori":"cami","ad":"Dede Paşa Camii"}},{"type":"Feature","geometry":{"type":"Point","coordinates":[29.252296,40.959206]},"properties":{"osm_id":"way/308022136","kategori":"cami","ad":"Yeşil Camii"}},{"type":"Feature","geometry":{"type":"Point","coordinates":[29.259491,40.959931]},"properties":{"osm_id":"way/308022137","kategori":"cami","ad":"Yunus Emre Cami"}},{"type":"Feature","geometry":{"type":"Point","coordinates":[29.265936,40.950542]},"properties":{"osm_id":"way/308022141","kategori":"cami","ad":"Ömer Faruki Camii"}},{"type":"Feature","geometry":{"type":"Point","coordinates":[29.271164,40.951861]},"properties":{"osm_id":"way/308022142","kategori":"cami","ad":"Mevlana Camii"}},{"type":"Feature","geometry":{"type":"Point","coordinates":[29.274284,40.95359]},"properties":{"osm_id":"way/308029512","kategori":"cami","ad":"Ramazanoğlu Camisi"}},{"type":"Feature","geometry":{"type":"Point","coordinates":[29.271702,40.955152]},"properties":{"osm_id":"way/308029513","kategori":"cami","ad":"Fettahoğlu Camii"}},{"type":"Feature","geometry":{"type":"Point","coordinates":[29.276198,40.956638]},"properties":{"osm_id":"way/308029514","kategori":"cami","ad":"Kuba Camii"}},{"type":"Feature","geometry":{"type":"Point","coordinates":[29.27668,40.959332]},"properties":{"osm_id":"way/308029515","kategori":"cami","ad":"Akşemsettin Camii"}},{"type":"Feature","geometry":{"type":"Point","coordinates":[29.279898,40.959058]},"properties":{"osm_id":"way/308029518","kategori":"cami","ad":"Gönenli Mehmed Efendi Camii"}},{"type":"Feature","geometry":{"type":"Point","coordinates":[29.27478,40.961613]},"properties":{"osm_id":"way/308029519","kategori":"cami","ad":"Fatih Camii"}},{"type":"Feature","geometry":{"type":"Point","coordinates":[29.272463,40.958934]},"properties":{"osm_id":"way/308029521","kategori":"cami","ad":"Hicret Camii"}},{"type":"Feature","geometry":{"type":"Point","coordinates":[29.268173,40.962849]},"properties":{"osm_id":"way/308029526","kategori":"cami","ad":"İmam-ı Azam Camii"}},{"type":"Feature","geometry":{"type":"Point","coordinates":[29.265711,40.957483]},"properties":{"osm_id":"way/308029528","kategori":"cami","ad":"Mücahitler Camii"}},{"type":"Feature","geometry":{"type":"Point","coordinates":[29.257709,40.964383]},"properties":{"osm_id":"way/308029529","kategori":"cami","ad":"Osmangazi Cami"}},{"type":"Feature","geometry":{"type":"Point","coordinates":[29.249911,40.968496]},"properties":{"osm_id":"way/308029531","kategori":"cami","ad":"Mescid-i Aksa Camii"}},{"type":"Feature","geometry":{"type":"Point","coordinates":[29.256476,40.968378]},"properties":{"osm_id":"way/308029532","kategori":"cami","ad":"Abdurrahman Gazi Camii"}},{"type":"Feature","geometry":{"type":"Point","coordinates":[29.262057,40.966613]},"properties":{"osm_id":"way/308029534","kategori":"cami","ad":"Sultanbeyli Dumlupınar Cami"}},{"type":"Feature","geometry":{"type":"Point","coordinates":[29.282044,40.957332]},"properties":{"osm_id":"way/308029536","kategori":"cami","ad":"Aksım Köksal Camii"}},{"type":"Feature","geometry":{"type":"Point","coordinates":[29.286687,40.95586]},"properties":{"osm_id":"way/308029538","kategori":"cami","ad":"Yeni Camii"}},{"type":"Feature","geometry":{"type":"Point","coordinates":[29.290746,40.952421]},"properties":{"osm_id":"way/308029539","kategori":"cami","ad":"Hz. Osman Camii"}},{"type":"Feature","geometry":{"type":"Point","coordinates":[29.295436,40.951936]},"properties":{"osm_id":"way/308029540","kategori":"cami","ad":"İbrahim Hakkı Camii"}},{"type":"Feature","geometry":{"type":"Point","coordinates":[29.28668,40.946031]},"properties":{"osm_id":"way/308029541","kategori":"cami","ad":"Fazilet Camii"}},{"type":"Feature","geometry":{"type":"Point","coordinates":[29.304471,40.945921]},"properties":{"osm_id":"way/308029543","kategori":"cami","ad":"Murtaza Çavuş Camii"}},{"type":"Feature","geometry":{"type":"Point","coordinates":[28.904515,40.998219]},"properties":{"osm_id":"way/308038540","kategori":"cami","ad":"Beştelsiz Camii"}},{"type":"Feature","geometry":{"type":"Point","coordinates":[28.913104,40.997245]},"properties":{"osm_id":"way/308038541","kategori":"cami","ad":"Hacı Alaaddin Camii"}},{"type":"Feature","geometry":{"type":"Point","coordinates":[28.900715,41.003636]},"properties":{"osm_id":"way/308038545","kategori":"cami","ad":"Demirciler Sitesi Cami"}},{"type":"Feature","geometry":{"type":"Point","coordinates":[28.915574,41.001191]},"properties":{"osm_id":"way/308038548","kategori":"cami","ad":"Hacı Vehbi Efendi Camii"}},{"type":"Feature","geometry":{"type":"Point","coordinates":[28.912955,41.005246]},"properties":{"osm_id":"way/308038549","kategori":"cami","ad":"Seyit Nizam Camii"}},{"type":"Feature","geometry":{"type":"Point","coordinates":[28.922727,41.006025]},"properties":{"osm_id":"way/308038550","kategori":"cami","ad":"Hadım İbrahim Paşa Camii"}},{"type":"Feature","geometry":{"type":"Point","coordinates":[28.879896,40.979997]},"properties":{"osm_id":"way/308049449","kategori":"cami","ad":"Yenimahalle Camii"}},{"type":"Feature","geometry":{"type":"Point","coordinates":[28.875973,40.982052]},"properties":{"osm_id":"way/308049451","kategori":"cami","ad":"Amine Hatun Cami"}},{"type":"Feature","geometry":{"type":"Point","coordinates":[28.877536,40.993492]},"properties":{"osm_id":"way/308049454","kategori":"cami","ad":"İncirli Camii"}},{"type":"Feature","geometry":{"type":"Point","coordinates":[28.874287,40.989439]},"properties":{"osm_id":"way/308049456","kategori":"cami","ad":"Çamlık Cami"}},{"type":"Feature","geometry":{"type":"Point","coordinates":[28.868921,40.98602]},"properties":{"osm_id":"way/308049457","kategori":"cami","ad":"Zuhurat Baba Cami"}},{"type":"Feature","geometry":{"type":"Point","coordinates":[28.868033,40.981408]},"properties":{"osm_id":"way/308049458","kategori":"cami","ad":"Konyalı Cami"}},{"type":"Feature","geometry":{"type":"Point","coordinates":[28.848961,40.997792]},"properties":{"osm_id":"way/308049460","kategori":"cami","ad":"Şirinevler Ulu Camii"}},{"type":"Feature","geometry":{"type":"Point","coordinates":[28.836663,40.99527]},"properties":{"osm_id":"way/308049462","kategori":"cami","ad":"Selçuk Hatun Camii"}},{"type":"Feature","geometry":{"type":"Point","coordinates":[28.836552,40.999424]},"properties":{"osm_id":"way/308049465","kategori":"cami","ad":"Hacı Nihat Ersin Camii"}},{"type":"Feature","geometry":{"type":"Point","coordinates":[28.834561,41.002563]},"properties":{"osm_id":"way/308049468","kategori":"cami","ad":"Yenibosna Merkez Camii"}},{"type":"Feature","geometry":{"type":"Point","coordinates":[28.838457,41.003395]},"properties":{"osm_id":"way/308049469","kategori":"cami","ad":"Bilal Habeşi Camii"}},{"type":"Feature","geometry":{"type":"Point","coordinates":[28.82402,41.022559]},"properties":{"osm_id":"way/308051130","kategori":"cami","ad":"Orhangazi Camii"}},{"type":"Feature","geometry":{"type":"Point","coordinates":[28.830209,41.024919]},"properties":{"osm_id":"way/308051132","kategori":"cami","ad":"Hüriyyet Mahallesi Hacı Mehmet Camii"}},{"type":"Feature","geometry":{"type":"Point","coordinates":[28.839643,41.025875]},"properties":{"osm_id":"way/308051133","kategori":"cami","ad":"Barbaros Camii"}},{"type":"Feature","geometry":{"type":"Point","coordinates":[28.840044,41.030221]},"properties":{"osm_id":"way/308051135","kategori":"cami","ad":"Hoca Ahmet Yesevi Camii"}},{"type":"Feature","geometry":{"type":"Point","coordinates":[28.835074,41.036336]},"properties":{"osm_id":"way/308051137","kategori":"cami","ad":"Kirazlı Merkez Cami"}},{"type":"Feature","geometry":{"type":"Point","coordinates":[28.822746,41.043265]},"properties":{"osm_id":"way/308051140","kategori":"cami","ad":"İmam Zeynel Abidin Camii"}},{"type":"Feature","geometry":{"type":"Point","coordinates":[28.626679,40.96426]},"properties":{"osm_id":"way/308061468","kategori":"cami","ad":"Fenerkent Zeynep Hatun Camii"}},{"type":"Feature","geometry":{"type":"Point","coordinates":[28.669631,40.9888]},"properties":{"osm_id":"way/308061470","kategori":"cami","ad":null}},{"type":"Feature","geometry":{"type":"Point","coordinates":[28.644493,40.999453]},"properties":{"osm_id":"way/308061473","kategori":"cami","ad":"Mevlana Cami"}},{"type":"Feature","geometry":{"type":"Point","coordinates":[28.603575,40.990995]},"properties":{"osm_id":"way/308061474","kategori":"cami","ad":"Hazreti Hamza Camii"}},{"type":"Feature","geometry":{"type":"Point","coordinates":[28.614281,40.991042]},"properties":{"osm_id":"way/308061476","kategori":"cami","ad":"Gürpınar Merkez Camii"}},{"type":"Feature","geometry":{"type":"Point","coordinates":[28.631406,41.076885]},"properties":{"osm_id":"way/308061477","kategori":"cami","ad":"Büyük Osmanlı Camii"}},{"type":"Feature","geometry":{"type":"Point","coordinates":[28.639041,41.074096]},"properties":{"osm_id":"way/308061478","kategori":"cami","ad":"Alkop Camii"}},{"type":"Feature","geometry":{"type":"Point","coordinates":[28.654694,41.111999]},"properties":{"osm_id":"way/308061479","kategori":"cami","ad":"Cami"}},{"type":"Feature","geometry":{"type":"Point","coordinates":[28.750749,41.189675]},"properties":{"osm_id":"way/308061480","kategori":"cami","ad":"Hz. Ebubekir Camii"}},{"type":"Feature","geometry":{"type":"Point","coordinates":[28.756452,41.188082]},"properties":{"osm_id":"way/308061481","kategori":"cami","ad":"Hz. Mevlana Camii"}},{"type":"Feature","geometry":{"type":"Point","coordinates":[28.761778,41.187761]},"properties":{"osm_id":"way/308061482","kategori":"cami","ad":"Boğazköy Bilali Habeşi Cami"}},{"type":"Feature","geometry":{"type":"Point","coordinates":[28.759701,41.183652]},"properties":{"osm_id":"way/308061483","kategori":"cami","ad":"Hz. Fatime Tuz Zehra Camii"}},{"type":"Feature","geometry":{"type":"Point","coordinates":[28.526445,40.994]},"properties":{"osm_id":"way/308686790","kategori":"cami","ad":"Güzelce Yeni Cami"}},{"type":"Feature","geometry":{"type":"Point","coordinates":[28.248121,41.07086]},"properties":{"osm_id":"way/308686799","kategori":"cami","ad":"Fatih Camii"}},{"type":"Feature","geometry":{"type":"Point","coordinates":[28.177338,41.076595]},"properties":{"osm_id":"way/308686800","kategori":"cami","ad":"Semizkumlar Camii"}},{"type":"Feature","geometry":{"type":"Point","coordinates":[28.113332,41.066599]},"properties":{"osm_id":"way/308689514","kategori":"cami","ad":null}},{"type":"Feature","geometry":{"type":"Point","coordinates":[28.082822,41.08155]},"properties":{"osm_id":"way/308689516","kategori":"cami","ad":"Çanta Köyü Cami"}},{"type":"Feature","geometry":{"type":"Point","coordinates":[28.323856,41.128918]},"properties":{"osm_id":"way/308690951","kategori":"cami","ad":null}},{"type":"Feature","geometry":{"type":"Point","coordinates":[28.375837,41.100376]},"properties":{"osm_id":"way/308690952","kategori":"cami","ad":null}},{"type":"Feature","geometry":{"type":"Point","coordinates":[28.621872,41.15747]},"properties":{"osm_id":"way/308700158","kategori":"cami","ad":"Hadımköy Merkez Cami"}},{"type":"Feature","geometry":{"type":"Point","coordinates":[28.609722,41.181494]},"properties":{"osm_id":"way/308700159","kategori":"cami","ad":"Hz. Osman Camii"}},{"type":"Feature","geometry":{"type":"Point","coordinates":[28.74194,41.182337]},"properties":{"osm_id":"way/308700160","kategori":"cami","ad":"Arnavutköy Merkez Camii"}},{"type":"Feature","geometry":{"type":"Point","coordinates":[28.754939,41.184949]},"properties":{"osm_id":"way/308700161","kategori":"cami","ad":"Anadolu Fetih Camii"}},{"type":"Feature","geometry":{"type":"Point","coordinates":[28.76661,41.185654]},"properties":{"osm_id":"way/308700162","kategori":"cami","ad":"Boğazköy Merkez Camii"}},{"type":"Feature","geometry":{"type":"Point","coordinates":[28.754903,41.198138]},"properties":{"osm_id":"way/308700163","kategori":"cami","ad":"Bolluca Hicret Camii"}},{"type":"Feature","geometry":{"type":"Point","coordinates":[28.746556,41.193439]},"properties":{"osm_id":"way/308700164","kategori":"cami","ad":"İmam-ı Azzam Camii"}},{"type":"Feature","geometry":{"type":"Point","coordinates":[28.73652,41.194972]},"properties":{"osm_id":"way/308700165","kategori":"cami","ad":"Selahattin Eyyubi Camii"}},{"type":"Feature","geometry":{"type":"Point","coordinates":[28.736462,41.187038]},"properties":{"osm_id":"way/308700166","kategori":"cami","ad":"Kardeşler Camii"}},{"type":"Feature","geometry":{"type":"Point","coordinates":[28.728743,41.194821]},"properties":{"osm_id":"way/308700168","kategori":"cami","ad":null}},{"type":"Feature","geometry":{"type":"Point","coordinates":[28.72585,41.199029]},"properties":{"osm_id":"way/308700169","kategori":"cami","ad":"Hicret Camii"}},{"type":"Feature","geometry":{"type":"Point","coordinates":[28.729045,41.202902]},"properties":{"osm_id":"way/308700170","kategori":"cami","ad":"Çardaktepe Merkez Cami"}},{"type":"Feature","geometry":{"type":"Point","coordinates":[28.724003,41.212568]},"properties":{"osm_id":"way/308700171","kategori":"cami","ad":"Sancaktepe Camii"}},{"type":"Feature","geometry":{"type":"Point","coordinates":[28.74115,41.201667]},"properties":{"osm_id":"way/308700172","kategori":"cami","ad":"Sancak Camii"}},{"type":"Feature","geometry":{"type":"Point","coordinates":[28.747449,41.21481]},"properties":{"osm_id":"way/308700173","kategori":"cami","ad":"İmrahor Hazreti Ömer Camii"}},{"type":"Feature","geometry":{"type":"Point","coordinates":[28.74544,41.216997]},"properties":{"osm_id":"way/308700174","kategori":"cami","ad":"İmrahor Mahallesi Camii"}},{"type":"Feature","geometry":{"type":"Point","coordinates":[28.826095,41.227373]},"properties":{"osm_id":"way/308709705","kategori":"cami","ad":"Işıklar Mahallesi Camii"}},{"type":"Feature","geometry":{"type":"Point","coordinates":[28.913676,41.159098]},"properties":{"osm_id":"way/308709707","kategori":"cami","ad":"Kemerburgaz Merkez Camii"}},{"type":"Feature","geometry":{"type":"Point","coordinates":[28.990157,41.108858]},"properties":{"osm_id":"way/308709709","kategori":"cami","ad":"Evyap Camii"}},{"type":"Feature","geometry":{"type":"Point","coordinates":[28.99831,41.100104]},"properties":{"osm_id":"way/308709710","kategori":"cami","ad":"Seyrantepe Merkez Cami"}},{"type":"Feature","geometry":{"type":"Point","coordinates":[28.999883,41.094538]},"properties":{"osm_id":"way/308709711","kategori":"cami","ad":"Yeşilce Mh. Halilurahman Camii"}},{"type":"Feature","geometry":{"type":"Point","coordinates":[29.004902,41.086142]},"properties":{"osm_id":"way/308709712","kategori":"cami","ad":"Emniyet Cami"}},{"type":"Feature","geometry":{"type":"Point","coordinates":[29.029002,41.162623]},"properties":{"osm_id":"way/308711433","kategori":"cami","ad":"Çeşme Üstü Mrk. Camii"}},{"type":"Feature","geometry":{"type":"Point","coordinates":[29.035544,41.168238]},"properties":{"osm_id":"way/308711435","kategori":"cami","ad":"Kocataş Cami"}},{"type":"Feature","geometry":{"type":"Point","coordinates":[29.095575,41.156718]},"properties":{"osm_id":"way/308711441","kategori":"cami","ad":"Tokatköy Yeni Camii"}},{"type":"Feature","geometry":{"type":"Point","coordinates":[29.093648,41.154092]},"properties":{"osm_id":"way/308711443","kategori":"cami","ad":"Sultan Aziz Camii"}},{"type":"Feature","geometry":{"type":"Point","coordinates":[29.089948,41.151296]},"properties":{"osm_id":"way/308711447","kategori":"cami","ad":"Tokatköy Mahallesi Camii"}},{"type":"Feature","geometry":{"type":"Point","coordinates":[29.085739,41.153575]},"properties":{"osm_id":"way/308711448","kategori":"cami","ad":"Ayazma Camii"}},{"type":"Feature","geometry":{"type":"Point","coordinates":[29.092405,41.140664]},"properties":{"osm_id":"way/308711449","kategori":"cami","ad":"Taş Ocakları Camii"}},{"type":"Feature","geometry":{"type":"Point","coordinates":[29.092391,41.133751]},"properties":{"osm_id":"way/308711450","kategori":"cami","ad":"Serbostani Mustafa Ağa Camii"}},{"type":"Feature","geometry":{"type":"Point","coordinates":[29.096846,41.129146]},"properties":{"osm_id":"way/308711451","kategori":"cami","ad":"Çamlıtepe Camii"}},{"type":"Feature","geometry":{"type":"Point","coordinates":[29.102152,41.127325]},"properties":{"osm_id":"way/308711452","kategori":"cami","ad":"Gümüşsuyu Vakfı Merkez Camii"}},{"type":"Feature","geometry":{"type":"Point","coordinates":[29.112144,41.121489]},"properties":{"osm_id":"way/308711453","kategori":"cami","ad":"Çifte Havuzlar Fetih Camii"}},{"type":"Feature","geometry":{"type":"Point","coordinates":[29.111106,41.113653]},"properties":{"osm_id":"way/308711454","kategori":"cami","ad":"Soğuksu Merkez Camii"}},{"type":"Feature","geometry":{"type":"Point","coordinates":[29.143012,41.087736]},"properties":{"osm_id":"way/308711455","kategori":"cami","ad":"Hasan Ülgen Cami"}},{"type":"Feature","geometry":{"type":"Point","coordinates":[29.259296,41.017845]},"properties":{"osm_id":"way/308715323","kategori":"cami","ad":"Yunus Emre Cami"}},{"type":"Feature","geometry":{"type":"Point","coordinates":[29.244895,41.014125]},"properties":{"osm_id":"way/308715324","kategori":"cami","ad":"Hacı Ahmet Çolak Camii"}},{"type":"Feature","geometry":{"type":"Point","coordinates":[29.220062,41.020576]},"properties":{"osm_id":"way/308715325","kategori":"cami","ad":"Hazreti Ali Camii"}},{"type":"Feature","geometry":{"type":"Point","coordinates":[29.221218,41.029031]},"properties":{"osm_id":"way/308715327","kategori":"cami","ad":"Osman Ekşi Camii"}},{"type":"Feature","geometry":{"type":"Point","coordinates":[29.147712,40.987595]},"properties":{"osm_id":"way/309036474","kategori":"cami","ad":"Şehit Mehmet Emin Aydın Camii"}},{"type":"Feature","geometry":{"type":"Point","coordinates":[29.158346,40.980564]},"properties":{"osm_id":"way/309036475","kategori":"cami","ad":"Erengazi Akşemsettin Camii"}},{"type":"Feature","geometry":{"type":"Point","coordinates":[29.159184,40.984761]},"properties":{"osm_id":"way/309036476","kategori":"cami","ad":"İbrahim Ethem Camii"}},{"type":"Feature","geometry":{"type":"Point","coordinates":[29.186981,41.017559]},"properties":{"osm_id":"way/309036477","kategori":"cami","ad":"Günyamaç Camii"}},{"type":"Feature","geometry":{"type":"Point","coordinates":[29.19366,41.022822]},"properties":{"osm_id":"way/309036478","kategori":"cami","ad":"Şahinbey Camii"}},{"type":"Feature","geometry":{"type":"Point","coordinates":[28.979848,41.044582]},"properties":{"osm_id":"way/309036481","kategori":"cami","ad":"Kurtuluş Camii"}},{"type":"Feature","geometry":{"type":"Point","coordinates":[28.97934,41.039862]},"properties":{"osm_id":"way/309036483","kategori":"cami","ad":"Yenişehir Çarşı Camii"}},{"type":"Feature","geometry":{"type":"Point","coordinates":[28.970014,41.035866]},"properties":{"osm_id":"way/309036492","kategori":"cami","ad":"Taht Kadısı Cami"}},{"type":"Feature","geometry":{"type":"Point","coordinates":[28.972186,41.035191]},"properties":{"osm_id":"way/309036495","kategori":"cami","ad":"Mosque Sururi Cami"}},{"type":"Feature","geometry":{"type":"Point","coordinates":[28.974283,41.036859]},"properties":{"osm_id":"way/309036496","kategori":"cami","ad":"Beyoğlu Emin Cami"}},{"type":"Feature","geometry":{"type":"Point","coordinates":[28.956284,41.024076]},"properties":{"osm_id":"way/309042968","kategori":"cami","ad":"Aşık Paşa Cami"}},{"type":"Feature","geometry":{"type":"Point","coordinates":[28.93899,41.03257]},"properties":{"osm_id":"way/309042970","kategori":"cami","ad":"Çakır Ağa Camii"}},{"type":"Feature","geometry":{"type":"Point","coordinates":[28.941085,41.034653]},"properties":{"osm_id":"way/309046219","kategori":"cami","ad":"Adile Şah Kadın Hatice Sultan Cami"}},{"type":"Feature","geometry":{"type":"Point","coordinates":[28.942108,41.035643]},"properties":{"osm_id":"way/309046220","kategori":"cami","ad":"Hacı İlyas Yatağan Cami"}},{"type":"Feature","geometry":{"type":"Point","coordinates":[28.943304,41.036006]},"properties":{"osm_id":"way/309046228","kategori":"cami","ad":"Hoca Ali Cami"}},{"type":"Feature","geometry":{"type":"Point","coordinates":[28.946817,41.03455]},"properties":{"osm_id":"way/309046230","kategori":"cami","ad":"Yusuf Secaattin Ambarı Camii"}},{"type":"Feature","geometry":{"type":"Point","coordinates":[28.95158,41.028855]},"properties":{"osm_id":"way/309046233","kategori":"cami","ad":"Abdi Subaşı Camii"}},{"type":"Feature","geometry":{"type":"Point","coordinates":[28.950398,41.028405]},"properties":{"osm_id":"way/309046235","kategori":"cami","ad":"Cafer Subaşı Cami"}},{"type":"Feature","geometry":{"type":"Point","coordinates":[28.948041,41.025324]},"properties":{"osm_id":"way/309052086","kategori":"cami","ad":"Kovacı Dede Cami"}},{"type":"Feature","geometry":{"type":"Point","coordinates":[28.950754,41.021851]},"properties":{"osm_id":"way/309052087","kategori":"cami","ad":"Hace-i Rakım Musta Efendi Camii"}},{"type":"Feature","geometry":{"type":"Point","coordinates":[28.943468,41.02198]},"properties":{"osm_id":"way/309052088","kategori":"cami","ad":"Mesih Ali Paşa Camii"}},{"type":"Feature","geometry":{"type":"Point","coordinates":[28.943082,41.02315]},"properties":{"osm_id":"way/309052089","kategori":"cami","ad":"Altay Camii"}},{"type":"Feature","geometry":{"type":"Point","coordinates":[28.943988,41.019017]},"properties":{"osm_id":"way/309052097","kategori":"cami","ad":"Bali Paşa Camii"}},{"type":"Feature","geometry":{"type":"Point","coordinates":[28.941852,41.017401]},"properties":{"osm_id":"way/309052101","kategori":"cami","ad":"Kadı Asker Mehmet Efendi Parmakkapı Cami"}},{"type":"Feature","geometry":{"type":"Point","coordinates":[28.94638,41.025881]},"properties":{"osm_id":"way/309054801","kategori":"cami","ad":"Beyceğiz Camii"}},{"type":"Feature","geometry":{"type":"Point","coordinates":[28.856804,41.107613]},"properties":{"osm_id":"way/309183486","kategori":"cami","ad":"Hülafa-yi Raşidin Cami"}},{"type":"Feature","geometry":{"type":"Point","coordinates":[28.852908,41.107324]},"properties":{"osm_id":"way/309183487","kategori":"cami","ad":"Şahtepe Camii"}},{"type":"Feature","geometry":{"type":"Point","coordinates":[28.85186,41.114074]},"properties":{"osm_id":"way/309183488","kategori":"cami","ad":"Hayırlıoğlu Cami"}},{"type":"Feature","geometry":{"type":"Point","coordinates":[28.84662,41.118227]},"properties":{"osm_id":"way/309183489","kategori":"cami","ad":"Mescid-i Selam Camii"}},{"type":"Feature","geometry":{"type":"Point","coordinates":[28.867243,41.105274]},"properties":{"osm_id":"way/309183492","kategori":"cami","ad":"Hasan Muhammed Ali Cami"}},{"type":"Feature","geometry":{"type":"Point","coordinates":[28.866124,41.107476]},"properties":{"osm_id":"way/309183493","kategori":"cami","ad":"Ebuzer Camii"}},{"type":"Feature","geometry":{"type":"Point","coordinates":[28.866469,41.113807]},"properties":{"osm_id":"way/309183494","kategori":"cami","ad":"Veysel Karani Camii"}},{"type":"Feature","geometry":{"type":"Point","coordinates":[28.874049,41.109063]},"properties":{"osm_id":"way/309183495","kategori":"cami","ad":"Cebeci Mahallesi Birlik Cami"}},{"type":"Feature","geometry":{"type":"Point","coordinates":[28.919255,41.062746]},"properties":{"osm_id":"way/309183496","kategori":"cami","ad":"Kırçeşme Ulu Camii"}},{"type":"Feature","geometry":{"type":"Point","coordinates":[28.899037,41.057798]},"properties":{"osm_id":"way/309183497","kategori":"cami","ad":"Kartaltepe Yeni Cami"}},{"type":"Feature","geometry":{"type":"Point","coordinates":[28.905797,41.066456]},"properties":{"osm_id":"way/309189005","kategori":"cami","ad":"Profesör Mahmut Esat Coşan Cami"}},{"type":"Feature","geometry":{"type":"Point","coordinates":[28.909748,41.079944]},"properties":{"osm_id":"way/309189014","kategori":"cami","ad":"Kazım Karabekir Camii"}},{"type":"Feature","geometry":{"type":"Point","coordinates":[28.94097,41.063534]},"properties":{"osm_id":"way/309191785","kategori":"cami","ad":"Silahtar Ağa Cami"}},{"type":"Feature","geometry":{"type":"Point","coordinates":[28.936183,41.043493]},"properties":{"osm_id":"way/309191786","kategori":"cami","ad":"Cezer-i Kasım Cami"}},{"type":"Feature","geometry":{"type":"Point","coordinates":[29.856939,41.138238]},"properties":{"osm_id":"way/309193695","kategori":"cami","ad":"Ağva Çelebi Ahmet Camii"}},{"type":"Feature","geometry":{"type":"Point","coordinates":[29.856228,41.135375]},"properties":{"osm_id":"way/309193697","kategori":"cami","ad":"Yeni Camii"}},{"type":"Feature","geometry":{"type":"Point","coordinates":[29.595365,41.166186]},"properties":{"osm_id":"way/309193707","kategori":"cami","ad":"Şirin Pehlivan Çeşme Camii"}},{"type":"Feature","geometry":{"type":"Point","coordinates":[29.057416,41.173219]},"properties":{"osm_id":"way/309193709","kategori":"cami","ad":"Zümrütevler Camii"}},{"type":"Feature","geometry":{"type":"Point","coordinates":[29.04642,41.091895]},"properties":{"osm_id":"way/310249875","kategori":"cami","ad":"Baltalimanı Taşocakları Camii"}},{"type":"Feature","geometry":{"type":"Point","coordinates":[29.050559,41.094994]},"properties":{"osm_id":"way/310249876","kategori":"cami","ad":"Cami"}},{"type":"Feature","geometry":{"type":"Point","coordinates":[29.045775,41.116741]},"properties":{"osm_id":"way/310249878","kategori":"cami","ad":"Kaplılcar Mahallesi Camii"}},{"type":"Feature","geometry":{"type":"Point","coordinates":[29.035969,41.146608]},"properties":{"osm_id":"way/310249879","kategori":"cami","ad":"Cami"}},{"type":"Feature","geometry":{"type":"Point","coordinates":[29.396567,40.884245]},"properties":{"osm_id":"way/310494455","kategori":"cami","ad":"KOSB Camii"}},{"type":"Feature","geometry":{"type":"Point","coordinates":[29.398832,40.878509]},"properties":{"osm_id":"way/310494456","kategori":"cami","ad":"BOSB Camii"}},{"type":"Feature","geometry":{"type":"Point","coordinates":[29.36173,40.841479]},"properties":{"osm_id":"way/310503751","kategori":"cami","ad":"Yavuz Selim Camii"}},{"type":"Feature","geometry":{"type":"Point","coordinates":[29.362367,40.838741]},"properties":{"osm_id":"way/310503752","kategori":"cami","ad":"Hasan Basri Cami"}},{"type":"Feature","geometry":{"type":"Point","coordinates":[29.361652,40.834355]},"properties":{"osm_id":"way/310503753","kategori":"cami","ad":"Gümüşpınar Camii"}},{"type":"Feature","geometry":{"type":"Point","coordinates":[29.362612,40.83163]},"properties":{"osm_id":"way/310503757","kategori":"cami","ad":"Mimar Sinan Merkez Camii"}},{"type":"Feature","geometry":{"type":"Point","coordinates":[29.352597,40.826915]},"properties":{"osm_id":"way/310503761","kategori":"cami","ad":"Tuzla Şifa Cami"}},{"type":"Feature","geometry":{"type":"Point","coordinates":[29.355961,40.82848]},"properties":{"osm_id":"way/310503762","kategori":"cami","ad":"İmam-ı Gazali Cami"}},{"type":"Feature","geometry":{"type":"Point","coordinates":[29.031387,41.0829]},"properties":{"osm_id":"way/311111113","kategori":"cami","ad":"Etiler Cami"}},{"type":"Feature","geometry":{"type":"Point","coordinates":[29.048719,41.092311]},"properties":{"osm_id":"way/311111115","kategori":"cami","ad":"Fatih Sultan Mehmet Cami"}},{"type":"Feature","geometry":{"type":"Point","coordinates":[28.853223,41.063861]},"properties":{"osm_id":"way/312720879","kategori":"cami","ad":"Ahi Evren Camii"}},{"type":"Feature","geometry":{"type":"Point","coordinates":[28.857376,41.071769]},"properties":{"osm_id":"way/312720880","kategori":"cami","ad":"Hz. Ali Cami"}},{"type":"Feature","geometry":{"type":"Point","coordinates":[28.883993,41.091947]},"properties":{"osm_id":"way/312720885","kategori":"cami","ad":"Yüksel Kaya Camii"}},{"type":"Feature","geometry":{"type":"Point","coordinates":[28.885234,41.092587]},"properties":{"osm_id":"way/312720886","kategori":"cami","ad":"Marangozlar Sitesi Camii"}},{"type":"Feature","geometry":{"type":"Point","coordinates":[28.885841,41.098635]},"properties":{"osm_id":"way/312720887","kategori":"cami","ad":"Arafat Camii"}},{"type":"Feature","geometry":{"type":"Point","coordinates":[28.870695,41.096344]},"properties":{"osm_id":"way/312720888","kategori":"cami","ad":"Birlik Camii"}},{"type":"Feature","geometry":{"type":"Point","coordinates":[28.867943,41.093934]},"properties":{"osm_id":"way/312720889","kategori":"cami","ad":"Aksa Camii"}},{"type":"Feature","geometry":{"type":"Point","coordinates":[28.863311,41.094355]},"properties":{"osm_id":"way/312720890","kategori":"cami","ad":"Hacı Şükrü Cami"}},{"type":"Feature","geometry":{"type":"Point","coordinates":[28.859867,41.101234]},"properties":{"osm_id":"way/312720891","kategori":"cami","ad":"Mevlana Cami"}},{"type":"Feature","geometry":{"type":"Point","coordinates":[28.677887,41.339575]},"properties":{"osm_id":"way/312723411","kategori":"cami","ad":"Karaburun Alperen Camii"}},{"type":"Feature","geometry":{"type":"Point","coordinates":[28.675776,41.303787]},"properties":{"osm_id":"way/312723412","kategori":"cami","ad":null}},{"type":"Feature","geometry":{"type":"Point","coordinates":[28.690194,41.270122]},"properties":{"osm_id":"way/312723413","kategori":"cami","ad":"Tayakadın Merkez Camii"}},{"type":"Feature","geometry":{"type":"Point","coordinates":[28.76417,41.205718]},"properties":{"osm_id":"way/312726140","kategori":"cami","ad":"Bolluca Ensar Camii"}},{"type":"Feature","geometry":{"type":"Point","coordinates":[28.769586,41.204603]},"properties":{"osm_id":"way/312726142","kategori":"cami","ad":"Kuba Camiİ"}},{"type":"Feature","geometry":{"type":"Point","coordinates":[28.765015,41.197498]},"properties":{"osm_id":"way/312726144","kategori":"cami","ad":"Bolluca Merkez Camii"}},{"type":"Feature","geometry":{"type":"Point","coordinates":[28.893487,41.099208]},"properties":{"osm_id":"way/312729754","kategori":"cami","ad":"Yunus Emre Mahallesi Camii"}},{"type":"Feature","geometry":{"type":"Point","coordinates":[28.901598,41.033242]},"properties":{"osm_id":"way/312743715","kategori":"cami","ad":"Terazidere Camii"}},{"type":"Feature","geometry":{"type":"Point","coordinates":[28.906075,41.042153]},"properties":{"osm_id":"way/312743718","kategori":"cami","ad":"Orta Cami"}},{"type":"Feature","geometry":{"type":"Point","coordinates":[28.906182,41.047459]},"properties":{"osm_id":"way/312743719","kategori":"cami","ad":"Muradiye Camii"}},{"type":"Feature","geometry":{"type":"Point","coordinates":[28.901305,41.048406]},"properties":{"osm_id":"way/312743720","kategori":"cami","ad":"Yeşil Çimen Camii"}},{"type":"Feature","geometry":{"type":"Point","coordinates":[28.901946,41.054037]},"properties":{"osm_id":"way/312743721","kategori":"cami","ad":"Kartaltepe Çift Şerefeli Camii"}},{"type":"Feature","geometry":{"type":"Point","coordinates":[28.895671,41.027142]},"properties":{"osm_id":"way/312748712","kategori":"cami","ad":"Çifte Havuzlar Camii"}},{"type":"Feature","geometry":{"type":"Point","coordinates":[28.931986,41.00982]},"properties":{"osm_id":"way/312748713","kategori":"cami","ad":"Seyyid Ömer Camii"}},{"type":"Feature","geometry":{"type":"Point","coordinates":[28.93304,41.008072]},"properties":{"osm_id":"way/312748714","kategori":"cami","ad":"Hüseyin Kethüda Sormagir Camii"}},{"type":"Feature","geometry":{"type":"Point","coordinates":[28.935016,41.006189]},"properties":{"osm_id":"way/312748715","kategori":"cami","ad":"Hekimoğlu Alipaşa Camii"}},{"type":"Feature","geometry":{"type":"Point","coordinates":[28.937766,41.006561]},"properties":{"osm_id":"way/312748718","kategori":"cami","ad":"Davutpaşa Camii"}},{"type":"Feature","geometry":{"type":"Point","coordinates":[28.940673,41.009618]},"properties":{"osm_id":"way/312748719","kategori":"cami","ad":"Başçı Mahmut Camii"}},{"type":"Feature","geometry":{"type":"Point","coordinates":[28.948005,41.016619]},"properties":{"osm_id":"way/312748721","kategori":"cami","ad":"İskender Paşa Camii"}},{"type":"Feature","geometry":{"type":"Point","coordinates":[28.465289,41.141039]},"properties":{"osm_id":"way/312761033","kategori":"cami","ad":"Alipaşa Cami"}},{"type":"Feature","geometry":{"type":"Point","coordinates":[28.457674,41.144979]},"properties":{"osm_id":"way/312761034","kategori":"cami","ad":"Kaleiçi Camii"}},{"type":"Feature","geometry":{"type":"Point","coordinates":[28.455628,41.149467]},"properties":{"osm_id":"way/312761035","kategori":"cami","ad":"Ulu Cami"}},{"type":"Feature","geometry":{"type":"Point","coordinates":[28.415108,41.138543]},"properties":{"osm_id":"way/312761037","kategori":"cami","ad":null}},{"type":"Feature","geometry":{"type":"Point","coordinates":[28.884631,41.185602]},"properties":{"osm_id":"way/312773941","kategori":"cami","ad":"Hz. Osman Cami"}},{"type":"Feature","geometry":{"type":"Point","coordinates":[28.853585,41.147653]},"properties":{"osm_id":"way/312773943","kategori":"cami","ad":null}},{"type":"Feature","geometry":{"type":"Point","coordinates":[28.857503,41.144285]},"properties":{"osm_id":"way/312773944","kategori":"cami","ad":null}},{"type":"Feature","geometry":{"type":"Point","coordinates":[28.839321,41.12869]},"properties":{"osm_id":"way/312773945","kategori":"cami","ad":"Göztepe Yeni Camii"}},{"type":"Feature","geometry":{"type":"Point","coordinates":[29.056467,41.235192]},"properties":{"osm_id":"way/312776160","kategori":"cami","ad":"Demirciköy Camii"}},{"type":"Feature","geometry":{"type":"Point","coordinates":[29.151969,41.217153]},"properties":{"osm_id":"way/312776165","kategori":"cami","ad":"Hamid-i Evvel Camii"}},{"type":"Feature","geometry":{"type":"Point","coordinates":[29.221828,41.225258]},"properties":{"osm_id":"way/312776167","kategori":"cami","ad":"Riva Yeni Cami"}},{"type":"Feature","geometry":{"type":"Point","coordinates":[29.299566,41.153369]},"properties":{"osm_id":"way/312776171","kategori":"cami","ad":"Kılıçlı Mahallesi Camii"}},{"type":"Feature","geometry":{"type":"Point","coordinates":[29.075672,41.045942]},"properties":{"osm_id":"way/314238796","kategori":"cami","ad":"Birlik Camii"}},{"type":"Feature","geometry":{"type":"Point","coordinates":[28.958859,41.019359]},"properties":{"osm_id":"way/314676669","kategori":"cami","ad":"Şeb Sefa Hatun Camii"}},{"type":"Feature","geometry":{"type":"Point","coordinates":[28.803684,41.069797]},"properties":{"osm_id":"way/314698776","kategori":"cami","ad":"Metal İş Sanayi Sitesi Camii"}},{"type":"Feature","geometry":{"type":"Point","coordinates":[28.89247,41.038618]},"properties":{"osm_id":"way/314702251","kategori":"cami","ad":"Cumhuriyet Camii"}},{"type":"Feature","geometry":{"type":"Point","coordinates":[28.877043,41.036248]},"properties":{"osm_id":"way/314702254","kategori":"cami","ad":"Nine Hatun Camii"}},{"type":"Feature","geometry":{"type":"Point","coordinates":[28.863087,41.045474]},"properties":{"osm_id":"way/314702255","kategori":"cami","ad":"Kemalpaşa Camii"}},{"type":"Feature","geometry":{"type":"Point","coordinates":[28.755145,41.125786]},"properties":{"osm_id":"way/314702266","kategori":"cami","ad":"Yenişamlar Mahallesi Camii"}},{"type":"Feature","geometry":{"type":"Point","coordinates":[28.923967,41.007985]},"properties":{"osm_id":"way/314703032","kategori":"cami","ad":"Bala Süleyman Ağa Cami"}},{"type":"Feature","geometry":{"type":"Point","coordinates":[28.782644,41.071398]},"properties":{"osm_id":"way/314703033","kategori":"cami","ad":"Keresteciler Merkez Cami"}},{"type":"Feature","geometry":{"type":"Point","coordinates":[28.795108,41.079509]},"properties":{"osm_id":"way/314703037","kategori":"cami","ad":"İpkas Kooperatif Camii"}},{"type":"Feature","geometry":{"type":"Point","coordinates":[28.796467,41.104607]},"properties":{"osm_id":"way/314703038","kategori":"cami","ad":"Göçmen Konutları Camii"}},{"type":"Feature","geometry":{"type":"Point","coordinates":[28.754325,41.07437]},"properties":{"osm_id":"way/314705198","kategori":"cami","ad":"Huzur Cami"}},{"type":"Feature","geometry":{"type":"Point","coordinates":[28.749924,41.076134]},"properties":{"osm_id":"way/314705199","kategori":"cami","ad":"İmamoğulları Merkez Cami"}},{"type":"Feature","geometry":{"type":"Point","coordinates":[28.800645,41.143485]},"properties":{"osm_id":"way/314714995","kategori":"cami","ad":"Sincanlar Camii"}},{"type":"Feature","geometry":{"type":"Point","coordinates":[28.784561,41.107218]},"properties":{"osm_id":"way/314714996","kategori":"cami","ad":"Müderris Halil Hilmi Camii"}},{"type":"Feature","geometry":{"type":"Point","coordinates":[29.083852,41.032533]},"properties":{"osm_id":"way/314810174","kategori":"cami","ad":"Güzide Hanım Camii"}},{"type":"Feature","geometry":{"type":"Point","coordinates":[28.812797,41.072981]},"properties":{"osm_id":"way/314815650","kategori":"cami","ad":"Altıntaç Hacı Mehmet Aydın Camii"}},{"type":"Feature","geometry":{"type":"Point","coordinates":[28.80493,41.101027]},"properties":{"osm_id":"way/314815652","kategori":"cami","ad":"Şeyh Şamil Camii"}},{"type":"Feature","geometry":{"type":"Point","coordinates":[28.806449,41.113338]},"properties":{"osm_id":"way/314815653","kategori":"cami","ad":"Ömer Nasuhi Bilmen Camii"}},{"type":"Feature","geometry":{"type":"Point","coordinates":[28.773503,41.028588]},"properties":{"osm_id":"way/314848762","kategori":"cami","ad":"Medine Camii"}},{"type":"Feature","geometry":{"type":"Point","coordinates":[28.770642,41.020867]},"properties":{"osm_id":"way/314848766","kategori":"cami","ad":"Halkalı Gültepe Cami"}},{"type":"Feature","geometry":{"type":"Point","coordinates":[28.783219,41.013025]},"properties":{"osm_id":"way/314848767","kategori":"cami","ad":"Yunus Emre Camii"}},{"type":"Feature","geometry":{"type":"Point","coordinates":[28.822416,41.016213]},"properties":{"osm_id":"way/314864379","kategori":"cami","ad":"Doğu Sanayii Köyiçi Camii"}},{"type":"Feature","geometry":{"type":"Point","coordinates":[28.827308,41.03184]},"properties":{"osm_id":"way/314864382","kategori":"cami","ad":"Güneşli Merkez Camii"}},{"type":"Feature","geometry":{"type":"Point","coordinates":[28.757268,41.04466]},"properties":{"osm_id":"way/315262537","kategori":"cami","ad":"Cami"}},{"type":"Feature","geometry":{"type":"Point","coordinates":[28.913038,41.069511]},"properties":{"osm_id":"way/315603140","kategori":"cami","ad":"Seyrantepe Cami"}},{"type":"Feature","geometry":{"type":"Point","coordinates":[28.9103,41.050685]},"properties":{"osm_id":"way/315603151","kategori":"cami","ad":"İşkent Sanayi Sitesi Camii"}},{"type":"Feature","geometry":{"type":"Point","coordinates":[28.886649,41.050417]},"properties":{"osm_id":"way/315603157","kategori":"cami","ad":"İstanbul Toptancı Halleri Cami"}},{"type":"Feature","geometry":{"type":"Point","coordinates":[28.878664,41.045171]},"properties":{"osm_id":"way/315603158","kategori":"cami","ad":"Sondurak Camii"}},{"type":"Feature","geometry":{"type":"Point","coordinates":[28.873742,41.046844]},"properties":{"osm_id":"way/315603159","kategori":"cami","ad":"Fatma Hatun Cami"}},{"type":"Feature","geometry":{"type":"Point","coordinates":[28.875213,41.041625]},"properties":{"osm_id":"way/315603160","kategori":"cami","ad":"Menderes Camii"}},{"type":"Feature","geometry":{"type":"Point","coordinates":[28.877919,41.038976]},"properties":{"osm_id":"way/315603161","kategori":"cami","ad":"Aziziye Camii"}},{"type":"Feature","geometry":{"type":"Point","coordinates":[28.872498,41.021135]},"properties":{"osm_id":"way/315604883","kategori":"cami","ad":"Fetih Camii"}},{"type":"Feature","geometry":{"type":"Point","coordinates":[28.830211,40.998853]},"properties":{"osm_id":"way/315604891","kategori":"cami","ad":"Aksa Camii"}},{"type":"Feature","geometry":{"type":"Point","coordinates":[28.641718,40.966921]},"properties":{"osm_id":"way/315608506","kategori":"cami","ad":"Bilali Habeşi Camii"}},{"type":"Feature","geometry":{"type":"Point","coordinates":[28.677168,40.997683]},"properties":{"osm_id":"way/315612673","kategori":"cami","ad":null}},{"type":"Feature","geometry":{"type":"Point","coordinates":[28.69812,41.008237]},"properties":{"osm_id":"way/315614016","kategori":"cami","ad":"Saadetdere Camii"}},{"type":"Feature","geometry":{"type":"Point","coordinates":[28.692735,41.016228]},"properties":{"osm_id":"way/315614017","kategori":"cami","ad":"Fatih Sanayi Sitesi Camii"}},{"type":"Feature","geometry":{"type":"Point","coordinates":[28.69683,41.020065]},"properties":{"osm_id":"way/315614028","kategori":"cami","ad":"Hüseyin Ergun Ulu Cami"}},{"type":"Feature","geometry":{"type":"Point","coordinates":[28.691127,41.021613]},"properties":{"osm_id":"way/315614029","kategori":"cami","ad":"Hürriyet Camii"}},{"type":"Feature","geometry":{"type":"Point","coordinates":[28.689569,41.021923]},"properties":{"osm_id":"way/315614030","kategori":"cami","ad":"Allahu Ekber Ahlibeyt Camii"}},{"type":"Feature","geometry":{"type":"Point","coordinates":[28.689417,41.025076]},"properties":{"osm_id":"way/315614033","kategori":"cami","ad":"Hz. Ömer Camii"}},{"type":"Feature","geometry":{"type":"Point","coordinates":[28.695304,41.029431]},"properties":{"osm_id":"way/315614040","kategori":"cami","ad":"Yunus Emre Cami"}},{"type":"Feature","geometry":{"type":"Point","coordinates":[28.694207,41.033521]},"properties":{"osm_id":"way/315614041","kategori":"cami","ad":"Hüdeybiye Camii"}},{"type":"Feature","geometry":{"type":"Point","coordinates":[28.695359,41.040247]},"properties":{"osm_id":"way/315614042","kategori":"cami","ad":"Osmanlı Cami"}},{"type":"Feature","geometry":{"type":"Point","coordinates":[28.716351,40.978899]},"properties":{"osm_id":"way/315614043","kategori":"cami","ad":"Mevlana Camii"}},{"type":"Feature","geometry":{"type":"Point","coordinates":[28.785902,41.017719]},"properties":{"osm_id":"way/315618228","kategori":"cami","ad":"Merkez Yeşil Cami"}},{"type":"Feature","geometry":{"type":"Point","coordinates":[28.82602,41.054282]},"properties":{"osm_id":"way/315619033","kategori":"cami","ad":"Hasan Gürsu Camii"}},{"type":"Feature","geometry":{"type":"Point","coordinates":[28.818953,41.060802]},"properties":{"osm_id":"way/315619037","kategori":"cami","ad":"Hacı Bostan Gül Cami"}},{"type":"Feature","geometry":{"type":"Point","coordinates":[28.880315,41.077673]},"properties":{"osm_id":"way/315712290","kategori":"cami","ad":"Yunus Emre Cami"}},{"type":"Feature","geometry":{"type":"Point","coordinates":[28.891028,41.064914]},"properties":{"osm_id":"way/315712292","kategori":"cami","ad":"Cemsultan Camii"}},{"type":"Feature","geometry":{"type":"Point","coordinates":[28.856036,41.008931]},"properties":{"osm_id":"way/315715370","kategori":"cami","ad":"Soğanlı Hazreri Ömer Camii"}},{"type":"Feature","geometry":{"type":"Point","coordinates":[28.806584,41.120531]},"properties":{"osm_id":"way/315721237","kategori":"cami","ad":"Bilal-i Habeşi Camii"}},{"type":"Feature","geometry":{"type":"Point","coordinates":[28.786186,41.110446]},"properties":{"osm_id":"way/315721268","kategori":"cami","ad":"Prof.Dr.M.Esat Coşan Camii"}},{"type":"Feature","geometry":{"type":"Point","coordinates":[28.785573,41.083932]},"properties":{"osm_id":"way/315723232","kategori":"cami","ad":"Saraçlar Camii"}},{"type":"Feature","geometry":{"type":"Point","coordinates":[28.820466,41.140507]},"properties":{"osm_id":"way/315734720","kategori":"cami","ad":"Mücahitler Camii"}},{"type":"Feature","geometry":{"type":"Point","coordinates":[28.832469,41.155332]},"properties":{"osm_id":"way/315734728","kategori":"cami","ad":"Şahintepe Yeşil Camii"}},{"type":"Feature","geometry":{"type":"Point","coordinates":[28.835566,41.140212]},"properties":{"osm_id":"way/315734730","kategori":"cami","ad":"Araba Konağı Camii"}},{"type":"Feature","geometry":{"type":"Point","coordinates":[28.850837,41.163927]},"properties":{"osm_id":"way/315734735","kategori":"cami","ad":"Pirinççi Camii"}},{"type":"Feature","geometry":{"type":"Point","coordinates":[28.894288,41.084031]},"properties":{"osm_id":"way/315740426","kategori":"cami","ad":"Miraç Camii"}},{"type":"Feature","geometry":{"type":"Point","coordinates":[28.89168,41.077637]},"properties":{"osm_id":"way/315740428","kategori":"cami","ad":"Hüdai Cami"}},{"type":"Feature","geometry":{"type":"Point","coordinates":[28.941777,41.024907]},"properties":{"osm_id":"way/315742592","kategori":"cami","ad":"Atik Ali Paşa Camii"}},{"type":"Feature","geometry":{"type":"Point","coordinates":[28.945675,41.022244]},"properties":{"osm_id":"way/315742594","kategori":"cami","ad":"Pirinççi Sinan Ağa Camii"}},{"type":"Feature","geometry":{"type":"Point","coordinates":[28.944093,41.028879]},"properties":{"osm_id":"way/315742598","kategori":"cami","ad":"Tercüman Yunus Cami"}},{"type":"Feature","geometry":{"type":"Point","coordinates":[28.938249,41.024259]},"properties":{"osm_id":"way/315745065","kategori":"cami","ad":"Öküz Mehmet Paşa Camii"}},{"type":"Feature","geometry":{"type":"Point","coordinates":[28.934502,41.012234]},"properties":{"osm_id":"way/315745070","kategori":"cami","ad":"Macuncu Kasım Camii"}},{"type":"Feature","geometry":{"type":"Point","coordinates":[28.931822,41.011304]},"properties":{"osm_id":"way/315745071","kategori":"cami","ad":"Koruk Mahmudağa Camii"}},{"type":"Feature","geometry":{"type":"Point","coordinates":[28.931153,41.012011]},"properties":{"osm_id":"way/315747282","kategori":"cami","ad":"Odabaşı Camii"}},{"type":"Feature","geometry":{"type":"Point","coordinates":[28.783715,41.076822]},"properties":{"osm_id":"way/315748519","kategori":"cami","ad":"Hatice Binti Ali Camii"}},{"type":"Feature","geometry":{"type":"Point","coordinates":[28.790364,41.079495]},"properties":{"osm_id":"way/315748521","kategori":"cami","ad":"Aymakoop Camii"}},{"type":"Feature","geometry":{"type":"Point","coordinates":[28.839051,41.041265]},"properties":{"osm_id":"way/315850542","kategori":"cami","ad":"İmam Gazali Camii"}},{"type":"Feature","geometry":{"type":"Point","coordinates":[28.846346,41.032204]},"properties":{"osm_id":"way/315850543","kategori":"cami","ad":null}},{"type":"Feature","geometry":{"type":"Point","coordinates":[28.850619,41.061303]},"properties":{"osm_id":"way/315853944","kategori":"cami","ad":"Matbaacılar Sitesi Cami"}},{"type":"Feature","geometry":{"type":"Point","coordinates":[28.87031,41.071127]},"properties":{"osm_id":"way/315856036","kategori":"cami","ad":"Giyim-koop. İş Merkez Cami"}},{"type":"Feature","geometry":{"type":"Point","coordinates":[28.793625,41.054048]},"properties":{"osm_id":"way/315867297","kategori":"cami","ad":"Küçükçekmece İkitelli Merkez Cami"}},{"type":"Feature","geometry":{"type":"Point","coordinates":[28.806091,41.049109]},"properties":{"osm_id":"way/315867298","kategori":"cami","ad":"Hacı Mustafa Güllü Cami"}},{"type":"Feature","geometry":{"type":"Point","coordinates":[28.872941,41.051038]},"properties":{"osm_id":"way/315881053","kategori":"cami","ad":"Mimar Sinan Cami"}},{"type":"Feature","geometry":{"type":"Point","coordinates":[28.874997,41.056568]},"properties":{"osm_id":"way/315881056","kategori":"cami","ad":"Yunus Emre Camii"}},{"type":"Feature","geometry":{"type":"Point","coordinates":[28.920999,41.066284]},"properties":{"osm_id":"way/315885111","kategori":"cami","ad":"Veysel Karani Cami"}},{"type":"Feature","geometry":{"type":"Point","coordinates":[29.11111,41.036697]},"properties":{"osm_id":"way/315889372","kategori":"cami","ad":"Cami"}},{"type":"Feature","geometry":{"type":"Point","coordinates":[29.109258,41.010565]},"properties":{"osm_id":"way/315889373","kategori":"cami","ad":"Hidayet Camii"}},{"type":"Feature","geometry":{"type":"Point","coordinates":[28.960832,41.101019]},"properties":{"osm_id":"way/315902781","kategori":"cami","ad":"Arıcılar Gölyayla Cami"}},{"type":"Feature","geometry":{"type":"Point","coordinates":[29.304015,40.931993]},"properties":{"osm_id":"way/316362408","kategori":"cami","ad":"Yenişehir Ulu Camii"}},{"type":"Feature","geometry":{"type":"Point","coordinates":[29.336428,40.885029]},"properties":{"osm_id":"way/316365425","kategori":"cami","ad":"Hz. Ebubekir Camii"}},{"type":"Feature","geometry":{"type":"Point","coordinates":[29.331379,40.872837]},"properties":{"osm_id":"way/316365426","kategori":"cami","ad":"Hüda Camii"}},{"type":"Feature","geometry":{"type":"Point","coordinates":[29.328088,40.862833]},"properties":{"osm_id":"way/316365428","kategori":"cami","ad":"Yıldız Camii"}},{"type":"Feature","geometry":{"type":"Point","coordinates":[29.304083,40.867076]},"properties":{"osm_id":"way/316365429","kategori":"cami","ad":"Ahmet Yesevi Mevlana Camii"}},{"type":"Feature","geometry":{"type":"Point","coordinates":[29.291672,40.86295]},"properties":{"osm_id":"way/316365430","kategori":"cami","ad":"Esenyalı Muhammediye Camii"}},{"type":"Feature","geometry":{"type":"Point","coordinates":[29.289632,40.867379]},"properties":{"osm_id":"way/316365431","kategori":"cami","ad":"Orhangazi Merkez Camii"}},{"type":"Feature","geometry":{"type":"Point","coordinates":[29.304991,40.848521]},"properties":{"osm_id":"way/316365432","kategori":"cami","ad":"İçmeler Merkez Camii"}},{"type":"Feature","geometry":{"type":"Point","coordinates":[29.323736,40.928647]},"properties":{"osm_id":"way/316369405","kategori":"cami","ad":"Harmandere Merkez Camii"}},{"type":"Feature","geometry":{"type":"Point","coordinates":[29.321562,40.935101]},"properties":{"osm_id":"way/316369407","kategori":"cami","ad":"Tahir Ekşioğlu Kardeşler Camii"}},{"type":"Feature","geometry":{"type":"Point","coordinates":[29.306191,40.940279]},"properties":{"osm_id":"way/316374689","kategori":"cami","ad":"Hz.Mahmut Ramazanoğlu Camii"}},{"type":"Feature","geometry":{"type":"Point","coordinates":[29.267516,40.914678]},"properties":{"osm_id":"way/316374694","kategori":"cami","ad":"Battalgazi Camii"}},{"type":"Feature","geometry":{"type":"Point","coordinates":[29.270993,40.911655]},"properties":{"osm_id":"way/316374695","kategori":"cami","ad":"Sülüntepe Basri Serenli Rahmet Camii"}},{"type":"Feature","geometry":{"type":"Point","coordinates":[29.270108,40.908977]},"properties":{"osm_id":"way/316374698","kategori":"cami","ad":"Hacı Zeliha Hatun Cami"}},{"type":"Feature","geometry":{"type":"Point","coordinates":[29.260013,40.908751]},"properties":{"osm_id":"way/316374706","kategori":"cami","ad":"Hafız İsmail Biçer Camii"}},{"type":"Feature","geometry":{"type":"Point","coordinates":[29.260727,40.916757]},"properties":{"osm_id":"way/316374707","kategori":"cami","ad":"Akşemsettin Camii"}},{"type":"Feature","geometry":{"type":"Point","coordinates":[29.23509,40.898113]},"properties":{"osm_id":"way/316375729","kategori":"cami","ad":"Kadirli Camii"}},{"type":"Feature","geometry":{"type":"Point","coordinates":[29.238255,40.898151]},"properties":{"osm_id":"way/316375730","kategori":"cami","ad":"Çınardere Yeni Camii"}},{"type":"Feature","geometry":{"type":"Point","coordinates":[29.238335,40.89342]},"properties":{"osm_id":"way/316375731","kategori":"cami","ad":"Erenler Camii"}},{"type":"Feature","geometry":{"type":"Point","coordinates":[29.231999,40.886684]},"properties":{"osm_id":"way/316375733","kategori":"cami","ad":"Muhammediye Camii"}},{"type":"Feature","geometry":{"type":"Point","coordinates":[29.234891,40.877632]},"properties":{"osm_id":"way/316375734","kategori":"cami","ad":"Pendik Merkez Camii"}},{"type":"Feature","geometry":{"type":"Point","coordinates":[29.239377,40.922343]},"properties":{"osm_id":"way/316381004","kategori":"cami","ad":"Yakacık Aydoğan Niyaziye Camii"}},{"type":"Feature","geometry":{"type":"Point","coordinates":[29.256025,40.892694]},"properties":{"osm_id":"way/316381007","kategori":"cami","ad":"Dumlupınar Merkez Cami"}},{"type":"Feature","geometry":{"type":"Point","coordinates":[29.237757,40.933088]},"properties":{"osm_id":"way/316383424","kategori":"cami","ad":"Molla Teyyip Cami"}},{"type":"Feature","geometry":{"type":"Point","coordinates":[28.870426,41.025429]},"properties":{"osm_id":"way/316385370","kategori":"cami","ad":"Güngören Merkez Camii"}},{"type":"Feature","geometry":{"type":"Point","coordinates":[28.849102,41.024597]},"properties":{"osm_id":"way/316385374","kategori":"cami","ad":"Molla Gürani Camii"}},{"type":"Feature","geometry":{"type":"Point","coordinates":[28.819839,41.029605]},"properties":{"osm_id":"way/316480223","kategori":"cami","ad":"Plevne Cami"}},{"type":"Feature","geometry":{"type":"Point","coordinates":[28.720174,41.056661]},"properties":{"osm_id":"way/316490428","kategori":"cami","ad":"Hicret Cami"}},{"type":"Feature","geometry":{"type":"Point","coordinates":[28.684442,41.070071]},"properties":{"osm_id":"way/316490436","kategori":"cami","ad":"Bahçeşehir Hacı Eyüp-Saadet Çarmıklı Camii"}},{"type":"Feature","geometry":{"type":"Point","coordinates":[28.789106,41.043121]},"properties":{"osm_id":"way/316535852","kategori":"cami","ad":"Hz. Ali Cami"}},{"type":"Feature","geometry":{"type":"Point","coordinates":[28.796599,41.044139]},"properties":{"osm_id":"way/316535856","kategori":"cami","ad":"Toplukonut Eda Cami"}},{"type":"Feature","geometry":{"type":"Point","coordinates":[28.803103,41.042493]},"properties":{"osm_id":"way/316535860","kategori":"cami","ad":"Bağlar Beyazıt Cami"}},{"type":"Feature","geometry":{"type":"Point","coordinates":[28.780074,41.038339]},"properties":{"osm_id":"way/316631219","kategori":"cami","ad":"Hacı Süleyman Çetinsaya Camii"}},{"type":"Feature","geometry":{"type":"Point","coordinates":[28.787336,41.036225]},"properties":{"osm_id":"way/316650288","kategori":"cami","ad":"Halkalı Merkez Camii"}},{"type":"Feature","geometry":{"type":"Point","coordinates":[28.751852,41.055738]},"properties":{"osm_id":"way/316666757","kategori":"cami","ad":"Yeni Cami"}},{"type":"Feature","geometry":{"type":"Point","coordinates":[28.761651,41.045024]},"properties":{"osm_id":"way/316671818","kategori":"cami","ad":"Hacı Fatma Hanım Camii"}},{"type":"Feature","geometry":{"type":"Point","coordinates":[28.781706,41.018208]},"properties":{"osm_id":"way/316772935","kategori":"cami","ad":"Akşemsettin Camii"}},{"type":"Feature","geometry":{"type":"Point","coordinates":[28.638468,41.111575]},"properties":{"osm_id":"way/316784507","kategori":"cami","ad":"Hazreti Hamza Camii"}},{"type":"Feature","geometry":{"type":"Point","coordinates":[28.639015,41.116471]},"properties":{"osm_id":"way/316784509","kategori":"cami","ad":"Cami"}},{"type":"Feature","geometry":{"type":"Point","coordinates":[28.584057,41.074099]},"properties":{"osm_id":"way/316784510","kategori":"cami","ad":"19 Mayıs Cami"}},{"type":"Feature","geometry":{"type":"Point","coordinates":[28.672231,41.0586]},"properties":{"osm_id":"way/316784521","kategori":"cami","ad":"Esenkent Şehit Mustafa Hasanoğlu Camii"}},{"type":"Feature","geometry":{"type":"Point","coordinates":[28.703132,41.033935]},"properties":{"osm_id":"way/316790496","kategori":"cami","ad":"Köprülü Mehmet Paşa Camii"}},{"type":"Feature","geometry":{"type":"Point","coordinates":[28.683815,41.044301]},"properties":{"osm_id":"way/316793517","kategori":"cami","ad":"Hz. Osman Cami"}},{"type":"Feature","geometry":{"type":"Point","coordinates":[28.608987,41.130088]},"properties":{"osm_id":"way/316793522","kategori":"cami","ad":"Yeşilbayır Cami"}},{"type":"Feature","geometry":{"type":"Point","coordinates":[28.542335,41.111404]},"properties":{"osm_id":"way/316801508","kategori":"cami","ad":null}},{"type":"Feature","geometry":{"type":"Point","coordinates":[28.444259,41.201143]},"properties":{"osm_id":"way/316801511","kategori":"cami","ad":null}},{"type":"Feature","geometry":{"type":"Point","coordinates":[28.455454,41.221819]},"properties":{"osm_id":"way/316801513","kategori":"cami","ad":"Hacı Cahit Camii 1996"}},{"type":"Feature","geometry":{"type":"Point","coordinates":[28.457436,41.226749]},"properties":{"osm_id":"way/316801515","kategori":"cami","ad":"Subaşı Camii"}},{"type":"Feature","geometry":{"type":"Point","coordinates":[28.95289,41.010035]},"properties":{"osm_id":"way/316903985","kategori":"cami","ad":"Aksaray Valide Sultan Camii"}},{"type":"Feature","geometry":{"type":"Point","coordinates":[28.948947,41.010323]},"properties":{"osm_id":"way/316903986","kategori":"cami","ad":"Muratpasa Camii"}},{"type":"Feature","geometry":{"type":"Point","coordinates":[28.945057,41.007712]},"properties":{"osm_id":"way/316903989","kategori":"cami","ad":"Cerrahpaşa Camii"}},{"type":"Feature","geometry":{"type":"Point","coordinates":[28.944349,41.01106]},"properties":{"osm_id":"way/316903990","kategori":"cami","ad":"Selçuk Sultan Camii"}},{"type":"Feature","geometry":{"type":"Point","coordinates":[29.123689,40.945348]},"properties":{"osm_id":"way/317356803","kategori":"cami","ad":"Kadriye Hatun Camii"}},{"type":"Feature","geometry":{"type":"Point","coordinates":[29.125609,40.950969]},"properties":{"osm_id":"way/317356804","kategori":"cami","ad":"Süleyman Öksüzoğlu Aydınevler Merkez Camii"}},{"type":"Feature","geometry":{"type":"Point","coordinates":[29.064747,41.062586]},"properties":{"osm_id":"way/317363783","kategori":"cami","ad":"Rasathane Camii"}},{"type":"Feature","geometry":{"type":"Point","coordinates":[29.058547,41.053255]},"properties":{"osm_id":"way/317363784","kategori":"cami","ad":"Şehit Osman Yılmaz Camii"}},{"type":"Feature","geometry":{"type":"Point","coordinates":[29.057653,41.054474]},"properties":{"osm_id":"way/317363785","kategori":"cami","ad":"Kerem Aydınlar Camii"}},{"type":"Feature","geometry":{"type":"Point","coordinates":[29.082177,41.088476]},"properties":{"osm_id":"way/317363788","kategori":"cami","ad":"Yıldırım Beyazıt Camii"}},{"type":"Feature","geometry":{"type":"Point","coordinates":[29.090137,41.10378]},"properties":{"osm_id":"way/317363790","kategori":"cami","ad":"Beşevler Camii"}},{"type":"Feature","geometry":{"type":"Point","coordinates":[29.109456,41.111103]},"properties":{"osm_id":"way/317363792","kategori":"cami","ad":"Kazım Karabekir Paşa Camii"}},{"type":"Feature","geometry":{"type":"Point","coordinates":[29.133938,41.122468]},"properties":{"osm_id":"way/317367913","kategori":"cami","ad":"Işıklı Çeşme Cami"}},{"type":"Feature","geometry":{"type":"Point","coordinates":[29.135908,41.139924]},"properties":{"osm_id":"way/317367915","kategori":"cami","ad":"Bilal-i Habeş Cami"}},{"type":"Feature","geometry":{"type":"Point","coordinates":[29.10659,41.118735]},"properties":{"osm_id":"way/317367916","kategori":"cami","ad":"Çukurçayır Merkez Camii"}},{"type":"Feature","geometry":{"type":"Point","coordinates":[29.107009,41.115156]},"properties":{"osm_id":"way/317367917","kategori":"cami","ad":"Tepeköy Cami"}},{"type":"Feature","geometry":{"type":"Point","coordinates":[29.105691,41.11107]},"properties":{"osm_id":"way/317367918","kategori":"cami","ad":"Bilali Habeşi Camii"}},{"type":"Feature","geometry":{"type":"Point","coordinates":[29.098761,41.112052]},"properties":{"osm_id":"way/317367919","kategori":"cami","ad":"Çiğdem Maslak Camii"}},{"type":"Feature","geometry":{"type":"Point","coordinates":[29.090057,41.111782]},"properties":{"osm_id":"way/317367920","kategori":"cami","ad":"Karagöz Sırtı Camii"}},{"type":"Feature","geometry":{"type":"Point","coordinates":[29.088284,41.103524]},"properties":{"osm_id":"way/317367921","kategori":"cami","ad":"Şenveler Camii"}},{"type":"Feature","geometry":{"type":"Point","coordinates":[29.088809,41.099185]},"properties":{"osm_id":"way/317367922","kategori":"cami","ad":"Ahmet Hamdi Akseki Camii"}},{"type":"Feature","geometry":{"type":"Point","coordinates":[28.701856,41.177077]},"properties":{"osm_id":"way/317377153","kategori":"cami","ad":"Haraççı Merkez Camii"}},{"type":"Feature","geometry":{"type":"Point","coordinates":[28.707272,41.185299]},"properties":{"osm_id":"way/317377155","kategori":"cami","ad":"Hacı Ali Birinci Camii"}},{"type":"Feature","geometry":{"type":"Point","coordinates":[28.713678,41.182804]},"properties":{"osm_id":"way/317377156","kategori":"cami","ad":"Karlıbayır Camii"}},{"type":"Feature","geometry":{"type":"Point","coordinates":[28.764045,41.191081]},"properties":{"osm_id":"way/317377158","kategori":"cami","ad":"Boğazköy Abdulaziz Efendi Camii"}},{"type":"Feature","geometry":{"type":"Point","coordinates":[28.716112,41.196746]},"properties":{"osm_id":"way/317377159","kategori":"cami","ad":"Taşoluk Merkez Camii"}},{"type":"Feature","geometry":{"type":"Point","coordinates":[28.705967,41.22208]},"properties":{"osm_id":"way/317377160","kategori":"cami","ad":"Kamil Sağıroğlu Camii"}},{"type":"Feature","geometry":{"type":"Point","coordinates":[28.703659,41.208771]},"properties":{"osm_id":"way/317377161","kategori":"cami","ad":"Mehmet Akif Ersoy Camii"}},{"type":"Feature","geometry":{"type":"Point","coordinates":[29.102865,41.00984]},"properties":{"osm_id":"way/317476209","kategori":"cami","ad":"Alparslan Camii"}},{"type":"Feature","geometry":{"type":"Point","coordinates":[29.076294,41.065765]},"properties":{"osm_id":"way/317476210","kategori":"cami","ad":"Ravza Camii"}},{"type":"Feature","geometry":{"type":"Point","coordinates":[28.677574,41.186903]},"properties":{"osm_id":"way/317476212","kategori":"cami","ad":"Çilingir Köyü Merkez Camii"}},{"type":"Feature","geometry":{"type":"Point","coordinates":[28.590169,41.108219]},"properties":{"osm_id":"way/317476214","kategori":"cami","ad":null}},{"type":"Feature","geometry":{"type":"Point","coordinates":[28.504089,41.177378]},"properties":{"osm_id":"way/317476215","kategori":"cami","ad":null}},{"type":"Feature","geometry":{"type":"Point","coordinates":[28.419198,41.100231]},"properties":{"osm_id":"way/317476217","kategori":"cami","ad":"Ovayenice Camii"}},{"type":"Feature","geometry":{"type":"Point","coordinates":[28.11391,41.234352]},"properties":{"osm_id":"way/317478899","kategori":"cami","ad":"Beyciler Köyü Merkez Camii"}},{"type":"Feature","geometry":{"type":"Point","coordinates":[28.144819,41.280927]},"properties":{"osm_id":"way/317478900","kategori":"cami","ad":"Çayırdere Merkez Camii"}},{"type":"Feature","geometry":{"type":"Point","coordinates":[28.175345,41.316064]},"properties":{"osm_id":"way/317483704","kategori":"cami","ad":"Sayalar Köyü Camii"}},{"type":"Feature","geometry":{"type":"Point","coordinates":[28.191213,41.229527]},"properties":{"osm_id":"way/317483706","kategori":"cami","ad":null}},{"type":"Feature","geometry":{"type":"Point","coordinates":[28.210556,41.223378]},"properties":{"osm_id":"way/317483707","kategori":"cami","ad":null}},{"type":"Feature","geometry":{"type":"Point","coordinates":[28.74206,41.188175]},"properties":{"osm_id":"way/317507205","kategori":"cami","ad":"Arnavutköy Osmanlı Camii"}},{"type":"Feature","geometry":{"type":"Point","coordinates":[28.714301,41.20194]},"properties":{"osm_id":"way/317507250","kategori":"cami","ad":"Taşoluk Bağlar Camii"}},{"type":"Feature","geometry":{"type":"Point","coordinates":[28.707124,41.20746]},"properties":{"osm_id":"way/317617243","kategori":"cami","ad":"Toki Sultan Camii"}},{"type":"Feature","geometry":{"type":"Point","coordinates":[28.703293,41.218748]},"properties":{"osm_id":"way/317617255","kategori":"cami","ad":"Enes Bin Malik Cami"}},{"type":"Feature","geometry":{"type":"Point","coordinates":[29.360451,40.827071]},"properties":{"osm_id":"way/317626969","kategori":"cami","ad":"Fatih Camii"}},{"type":"Feature","geometry":{"type":"Point","coordinates":[29.340377,40.859884]},"properties":{"osm_id":"way/317634267","kategori":"cami","ad":"Yunus Emre Camii"}},{"type":"Feature","geometry":{"type":"Point","coordinates":[29.308146,40.87108]},"properties":{"osm_id":"way/317634269","kategori":"cami","ad":"Yıldıztepe Camii"}},{"type":"Feature","geometry":{"type":"Point","coordinates":[29.330091,40.864337]},"properties":{"osm_id":"way/317634270","kategori":"cami","ad":"Hakev Vakfı Tuzla Cem ve Kültür Evi"}},{"type":"Feature","geometry":{"type":"Point","coordinates":[29.010253,41.021396]},"properties":{"osm_id":"way/319030569","kategori":"cami","ad":"İmrahor Camii"}},{"type":"Feature","geometry":{"type":"Point","coordinates":[29.056065,41.014002]},"properties":{"osm_id":"way/319722294","kategori":"cami","ad":"Yusuf Dede Camii"}},{"type":"Feature","geometry":{"type":"Point","coordinates":[28.835398,41.011648]},"properties":{"osm_id":"way/320168645","kategori":"cami","ad":"Muhammediye Camii"}},{"type":"Feature","geometry":{"type":"Point","coordinates":[28.848473,41.004856]},"properties":{"osm_id":"way/320168647","kategori":"cami","ad":"Barbaros Camii"}},{"type":"Feature","geometry":{"type":"Point","coordinates":[29.022563,41.054148]},"properties":{"osm_id":"way/320172199","kategori":"cami","ad":"Teşrifatçı Hacı Mahmut Camii"}},{"type":"Feature","geometry":{"type":"Point","coordinates":[29.177556,40.893179]},"properties":{"osm_id":"way/322428892","kategori":"cami","ad":"Mevlana Camii"}},{"type":"Feature","geometry":{"type":"Point","coordinates":[28.847053,41.035955]},"properties":{"osm_id":"way/322726115","kategori":"cami","ad":"Yavuz Selim Camii"}},{"type":"Feature","geometry":{"type":"Point","coordinates":[28.69168,41.010285]},"properties":{"osm_id":"way/322727846","kategori":"cami","ad":"Hacı Fehime Özyurt Camii"}},{"type":"Feature","geometry":{"type":"Point","coordinates":[28.680702,41.040239]},"properties":{"osm_id":"way/322727849","kategori":"cami","ad":"Yenikent Ulu Cami"}},{"type":"Feature","geometry":{"type":"Point","coordinates":[28.673687,41.042622]},"properties":{"osm_id":"way/322727850","kategori":"cami","ad":"Irşadi Örnek Cami"}},{"type":"Feature","geometry":{"type":"Point","coordinates":[28.666377,41.032953]},"properties":{"osm_id":"way/322727851","kategori":"cami","ad":"Pınar Cami"}},{"type":"Feature","geometry":{"type":"Point","coordinates":[28.646599,41.033024]},"properties":{"osm_id":"way/322727854","kategori":"cami","ad":"Hacı Hasan Camii"}},{"type":"Feature","geometry":{"type":"Point","coordinates":[28.634164,41.037578]},"properties":{"osm_id":"way/322727855","kategori":"cami","ad":"Necla Hotamış Camii"}},{"type":"Feature","geometry":{"type":"Point","coordinates":[28.015948,41.093632]},"properties":{"osm_id":"way/324745875","kategori":"cami","ad":"Değirmenköy Yeni Camii"}},{"type":"Feature","geometry":{"type":"Point","coordinates":[28.942481,41.048553]},"properties":{"osm_id":"way/327264553","kategori":"cami","ad":"Gaysunizade Mehmet Efendi Camii"}},{"type":"Feature","geometry":{"type":"Point","coordinates":[29.285784,40.912132]},"properties":{"osm_id":"way/327651471","kategori":"cami","ad":"Hilal Konutlari Camii"}},{"type":"Feature","geometry":{"type":"Point","coordinates":[29.287979,40.91523]},"properties":{"osm_id":"way/327651491","kategori":"cami","ad":"Hatice Ana Camii"}},{"type":"Feature","geometry":{"type":"Point","coordinates":[28.928682,41.003357]},"properties":{"osm_id":"way/329087345","kategori":"cami","ad":"Sümbül Efendi Camii"}},{"type":"Feature","geometry":{"type":"Point","coordinates":[28.946486,41.023694]},"properties":{"osm_id":"way/329092439","kategori":"cami","ad":"Kumrulu Mescid"}},{"type":"Feature","geometry":{"type":"Point","coordinates":[28.963407,41.020242]},"properties":{"osm_id":"way/329093497","kategori":"cami","ad":"Üç Mihraplı Camii"}},{"type":"Feature","geometry":{"type":"Point","coordinates":[28.962135,41.021546]},"properties":{"osm_id":"way/329093499","kategori":"cami","ad":"Yavuz Ersinan Cami"}},{"type":"Feature","geometry":{"type":"Point","coordinates":[28.942074,41.014978]},"properties":{"osm_id":"way/329094956","kategori":"cami","ad":"Sultan Selim Camii"}},{"type":"Feature","geometry":{"type":"Point","coordinates":[28.943826,41.015067]},"properties":{"osm_id":"way/329095050","kategori":"cami","ad":"Molla Fenari İsa Camii"}},{"type":"Feature","geometry":{"type":"Point","coordinates":[28.94745,41.021794]},"properties":{"osm_id":"way/329206345","kategori":"cami","ad":"Hafız Ahmet Paşa Camii ve Medresesi"}},{"type":"Feature","geometry":{"type":"Point","coordinates":[28.965968,41.018647]},"properties":{"osm_id":"way/329208783","kategori":"cami","ad":"Kantarcılar Mescidi"}},{"type":"Feature","geometry":{"type":"Point","coordinates":[28.944121,41.038594]},"properties":{"osm_id":"way/329233909","kategori":"cami","ad":"Hz. Cabir Cami"}},{"type":"Feature","geometry":{"type":"Point","coordinates":[28.945904,41.027963]},"properties":{"osm_id":"way/329234516","kategori":"cami","ad":"Hirami Ahmet Paşa Cami"}},{"type":"Feature","geometry":{"type":"Point","coordinates":[28.940939,41.038153]},"properties":{"osm_id":"way/329234826","kategori":"cami","ad":"Kazasker İvaz Efendi Cami"}},{"type":"Feature","geometry":{"type":"Point","coordinates":[28.955366,41.019212]},"properties":{"osm_id":"way/329264309","kategori":"cami","ad":"Şeyh Süleyman Mescidi"}},{"type":"Feature","geometry":{"type":"Point","coordinates":[28.934645,41.002768]},"properties":{"osm_id":"way/329350072","kategori":"cami","ad":"Sancaktar Hayrettin Cami"}},{"type":"Feature","geometry":{"type":"Point","coordinates":[28.926484,41.013612]},"properties":{"osm_id":"way/330343768","kategori":"cami","ad":"Mimar Acem Örümceksiz Camii"}},{"type":"Feature","geometry":{"type":"Point","coordinates":[28.976704,41.003266]},"properties":{"osm_id":"way/330345672","kategori":"cami","ad":"Kapıağası Mahmutağa Cami"}},{"type":"Feature","geometry":{"type":"Point","coordinates":[28.974916,41.00392]},"properties":{"osm_id":"way/330346061","kategori":"cami","ad":"Hasan Ağa Nakilbent Camii"}},{"type":"Feature","geometry":{"type":"Point","coordinates":[28.971806,41.006131]},"properties":{"osm_id":"way/330346210","kategori":"cami","ad":"Dizdariye Cami"}},{"type":"Feature","geometry":{"type":"Point","coordinates":[28.969096,41.012231]},"properties":{"osm_id":"way/330347793","kategori":"cami","ad":"Tarakçılar Daye Hatun Camii"}},{"type":"Feature","geometry":{"type":"Point","coordinates":[28.965901,41.017878]},"properties":{"osm_id":"way/330348666","kategori":"cami","ad":"Kepenekçi Sinan Camii"}},{"type":"Feature","geometry":{"type":"Point","coordinates":[28.961783,41.018793]},"properties":{"osm_id":"way/330350873","kategori":"cami","ad":"Hoca Gıyasettin Cami"}},{"type":"Feature","geometry":{"type":"Point","coordinates":[28.960154,41.023483]},"properties":{"osm_id":"way/330355615","kategori":"cami","ad":"Haraççı Karamehmet Camii"}},{"type":"Feature","geometry":{"type":"Point","coordinates":[28.957354,41.021876]},"properties":{"osm_id":"way/330356171","kategori":"cami","ad":"Bıçakçı Alaattin Cami"}},{"type":"Feature","geometry":{"type":"Point","coordinates":[28.955981,41.021678]},"properties":{"osm_id":"way/330356451","kategori":"cami","ad":"Divitler Keklik Mehmet Efendi Cami"}},{"type":"Feature","geometry":{"type":"Point","coordinates":[28.955047,41.020917]},"properties":{"osm_id":"way/330357182","kategori":"cami","ad":"Hacı Hasan Cami"}},{"type":"Feature","geometry":{"type":"Point","coordinates":[28.973034,41.006546]},"properties":{"osm_id":"way/330502465","kategori":"cami","ad":"Keçeçizade Fuat Paşa Cami"}},{"type":"Feature","geometry":{"type":"Point","coordinates":[28.957324,41.020662]},"properties":{"osm_id":"way/330642634","kategori":"cami","ad":"Kasap Demirhun Cami"}},{"type":"Feature","geometry":{"type":"Point","coordinates":[28.956916,41.018443]},"properties":{"osm_id":"way/330642838","kategori":"cami","ad":"Ümmü Gülsüm Cami Çivizade Mescidi"}},{"type":"Feature","geometry":{"type":"Point","coordinates":[28.953697,41.018014]},"properties":{"osm_id":"way/330643462","kategori":"cami","ad":"Manisali Mehmet Paşa Camii"}},{"type":"Feature","geometry":{"type":"Point","coordinates":[28.953255,41.018777]},"properties":{"osm_id":"way/330643681","kategori":"cami","ad":"Sanki Yedim Camii"}},{"type":"Feature","geometry":{"type":"Point","coordinates":[28.954241,41.022628]},"properties":{"osm_id":"way/330644344","kategori":"cami","ad":"Sinan Ağa Camii"}},{"type":"Feature","geometry":{"type":"Point","coordinates":[28.956381,41.026766]},"properties":{"osm_id":"way/330645373","kategori":"cami","ad":"Gül Cami"}},{"type":"Feature","geometry":{"type":"Point","coordinates":[28.95324,41.027274]},"properties":{"osm_id":"way/330645492","kategori":"cami","ad":"Debbağ Yunus Cami"}},{"type":"Feature","geometry":{"type":"Point","coordinates":[28.951197,41.02779]},"properties":{"osm_id":"way/330645556","kategori":"cami","ad":"Mismarcı Sucaattin Cami"}},{"type":"Feature","geometry":{"type":"Point","coordinates":[28.95159,41.029839]},"properties":{"osm_id":"way/330646331","kategori":"cami","ad":"Ali Yazıcı Cami"}},{"type":"Feature","geometry":{"type":"Point","coordinates":[28.944841,41.033198]},"properties":{"osm_id":"way/330646707","kategori":"cami","ad":"Hacı İsa Cami"}},{"type":"Feature","geometry":{"type":"Point","coordinates":[28.940702,41.039792]},"properties":{"osm_id":"way/330647165","kategori":"cami","ad":"Hz. Kab Mescidi"}},{"type":"Feature","geometry":{"type":"Point","coordinates":[28.94324,41.033119]},"properties":{"osm_id":"way/330647860","kategori":"cami","ad":"Oduncu Yarıcızade Camii"}},{"type":"Feature","geometry":{"type":"Point","coordinates":[28.941989,41.03178]},"properties":{"osm_id":"way/330648031","kategori":"cami","ad":"Hoca Kasım Günani Cami"}},{"type":"Feature","geometry":{"type":"Point","coordinates":[28.943022,41.031241]},"properties":{"osm_id":"way/330648129","kategori":"cami","ad":"Hammami Muhiyiddin Camii"}},{"type":"Feature","geometry":{"type":"Point","coordinates":[28.942818,41.028909]},"properties":{"osm_id":"way/330648546","kategori":"cami","ad":"Karaali Cami"}},{"type":"Feature","geometry":{"type":"Point","coordinates":[28.942913,41.027501]},"properties":{"osm_id":"way/330648711","kategori":"cami","ad":"Derviş Ali Cami"}},{"type":"Feature","geometry":{"type":"Point","coordinates":[28.96112,41.00902]},"properties":{"osm_id":"way/330649108","kategori":"cami","ad":"Sekbanbaşı Yakup Ağa Cami"}},{"type":"Feature","geometry":{"type":"Point","coordinates":[28.960823,41.007902]},"properties":{"osm_id":"way/330649507","kategori":"cami","ad":"Katip Sinan Cami"}},{"type":"Feature","geometry":{"type":"Point","coordinates":[28.956625,41.005874]},"properties":{"osm_id":"way/330650365","kategori":"cami","ad":"Katip Kasım Cami"}},{"type":"Feature","geometry":{"type":"Point","coordinates":[28.960352,41.004509]},"properties":{"osm_id":"way/330650398","kategori":"cami","ad":"Nalbant Cami"}},{"type":"Feature","geometry":{"type":"Point","coordinates":[28.961142,41.006198]},"properties":{"osm_id":"way/330651175","kategori":"cami","ad":"Nişancı Mehmet Paşa Cami"}},{"type":"Feature","geometry":{"type":"Point","coordinates":[28.946504,41.010692]},"properties":{"osm_id":"way/330651879","kategori":"cami","ad":"Kazgancı Sadi Mehmet Efendi Cami"}},{"type":"Feature","geometry":{"type":"Point","coordinates":[28.935012,41.017646]},"properties":{"osm_id":"way/330653214","kategori":"cami","ad":"Bezmialem Valide Sultan Camii"}},{"type":"Feature","geometry":{"type":"Point","coordinates":[28.932346,41.019087]},"properties":{"osm_id":"way/330653337","kategori":"cami","ad":"Katip Muslihuddin Cami"}},{"type":"Feature","geometry":{"type":"Point","coordinates":[28.927798,41.020552]},"properties":{"osm_id":"way/330653600","kategori":"cami","ad":"Bayezid Ağa Camii"}},{"type":"Feature","geometry":{"type":"Point","coordinates":[28.928311,41.01861]},"properties":{"osm_id":"way/330653745","kategori":"cami","ad":"Kürkçübaşı Ahmet Şemsettin Cami"}},{"type":"Feature","geometry":{"type":"Point","coordinates":[28.923901,40.996696]},"properties":{"osm_id":"way/330774062","kategori":"cami","ad":"Hacı Evhaddin Camii"}},{"type":"Feature","geometry":{"type":"Point","coordinates":[28.924494,40.994252]},"properties":{"osm_id":"way/330774549","kategori":"cami","ad":"Hacı Hüseyin Ağa Cami"}},{"type":"Feature","geometry":{"type":"Point","coordinates":[28.925935,40.998796]},"properties":{"osm_id":"way/330775155","kategori":"cami","ad":"Malcı Mehmet Paşa Cami"}},{"type":"Feature","geometry":{"type":"Point","coordinates":[28.924449,41.000405]},"properties":{"osm_id":"way/330775250","kategori":"cami","ad":"Fevziye Küçük Efendi Cami"}},{"type":"Feature","geometry":{"type":"Point","coordinates":[28.923863,41.001208]},"properties":{"osm_id":"way/330775397","kategori":"cami","ad":"Hacı Hamza Camii"}},{"type":"Feature","geometry":{"type":"Point","coordinates":[28.926662,41.001568]},"properties":{"osm_id":"way/330775479","kategori":"cami","ad":"Ali Fakih Cami"}},{"type":"Feature","geometry":{"type":"Point","coordinates":[28.928384,41.001915]},"properties":{"osm_id":"way/330775869","kategori":"cami","ad":"Duhani Mustfabey Cami"}},{"type":"Feature","geometry":{"type":"Point","coordinates":[28.925423,41.005749]},"properties":{"osm_id":"way/330777525","kategori":"cami","ad":"Arakiyeci Ahmet Çelebi Camii"}},{"type":"Feature","geometry":{"type":"Point","coordinates":[28.926581,41.006563]},"properties":{"osm_id":"way/330778343","kategori":"cami","ad":"Sitte-i Hatun Camii"}},{"type":"Feature","geometry":{"type":"Point","coordinates":[28.928154,41.005302]},"properties":{"osm_id":"way/330778483","kategori":"cami","ad":"Cambaziye Camii"}},{"type":"Feature","geometry":{"type":"Point","coordinates":[28.923925,41.013149]},"properties":{"osm_id":"way/330779370","kategori":"cami","ad":"Hacı Evliya Cami"}},{"type":"Feature","geometry":{"type":"Point","coordinates":[28.923632,41.014018]},"properties":{"osm_id":"way/330779496","kategori":"cami","ad":"Hasırcı Melek Cami"}},{"type":"Feature","geometry":{"type":"Point","coordinates":[28.923186,41.015007]},"properties":{"osm_id":"way/330779802","kategori":"cami","ad":"Melek Hatun Cami"}},{"type":"Feature","geometry":{"type":"Point","coordinates":[28.926678,41.017214]},"properties":{"osm_id":"way/330779839","kategori":"cami","ad":"Çivicizade Mescidi"}},{"type":"Feature","geometry":{"type":"Point","coordinates":[28.92911,41.014288]},"properties":{"osm_id":"way/330780092","kategori":"cami","ad":"Caferağa Cami"}},{"type":"Feature","geometry":{"type":"Point","coordinates":[28.946663,41.009399]},"properties":{"osm_id":"way/330783520","kategori":"cami","ad":"Hacı Bayram Kaftani Cami"}},{"type":"Feature","geometry":{"type":"Point","coordinates":[28.946189,41.008219]},"properties":{"osm_id":"way/330783685","kategori":"cami","ad":"Şemi Molla Camii"}},{"type":"Feature","geometry":{"type":"Point","coordinates":[28.941428,41.022302]},"properties":{"osm_id":"way/330786349","kategori":"cami","ad":"Akseki Mescidi"}},{"type":"Feature","geometry":{"type":"Point","coordinates":[28.940154,41.021523]},"properties":{"osm_id":"way/330786868","kategori":"cami","ad":"Akşemsettin Camii"}},{"type":"Feature","geometry":{"type":"Point","coordinates":[28.939547,41.020809]},"properties":{"osm_id":"way/330786926","kategori":"cami","ad":"Tuti Abdüllatif Camii"}},{"type":"Feature","geometry":{"type":"Point","coordinates":[28.940158,41.019132]},"properties":{"osm_id":"way/330787127","kategori":"cami","ad":"Mimar Sinan Mescidi"}},{"type":"Feature","geometry":{"type":"Point","coordinates":[28.946394,41.020067]},"properties":{"osm_id":"way/330787370","kategori":"cami","ad":"Emir Buhari Camii"}},{"type":"Feature","geometry":{"type":"Point","coordinates":[28.937115,41.022817]},"properties":{"osm_id":"way/330787498","kategori":"cami","ad":"Karabaş Veli Cami"}},{"type":"Feature","geometry":{"type":"Point","coordinates":[28.93978,41.022937]},"properties":{"osm_id":"way/330787591","kategori":"cami","ad":"Muhtesip İskender Camii"}},{"type":"Feature","geometry":{"type":"Point","coordinates":[28.939452,41.025613]},"properties":{"osm_id":"way/330787764","kategori":"cami","ad":"Mesih Mehmet Paşa Camii"}},{"type":"Feature","geometry":{"type":"Point","coordinates":[28.936338,41.026439]},"properties":{"osm_id":"way/330787973","kategori":"cami","ad":"Keçeçi Piri Cami"}},{"type":"Feature","geometry":{"type":"Point","coordinates":[28.93317,41.026541]},"properties":{"osm_id":"way/330788268","kategori":"cami","ad":"Neslişah Sultan Cami"}},{"type":"Feature","geometry":{"type":"Point","coordinates":[28.94294,41.037718]},"properties":{"osm_id":"way/330789965","kategori":"cami","ad":"Hz. Ebuzer Gifari Cami"}},{"type":"Feature","geometry":{"type":"Point","coordinates":[28.945685,41.030588]},"properties":{"osm_id":"way/330790976","kategori":"cami","ad":"K. Muslihittin Yazıcı Cami"}},{"type":"Feature","geometry":{"type":"Point","coordinates":[28.949312,41.028894]},"properties":{"osm_id":"way/330791173","kategori":"cami","ad":"Mesnevihane Cami"}},{"type":"Feature","geometry":{"type":"Point","coordinates":[28.949369,41.028306]},"properties":{"osm_id":"way/330792673","kategori":"cami","ad":"Mustafa İsmet Efendi Cami"}},{"type":"Feature","geometry":{"type":"Point","coordinates":[28.96335,41.005422]},"properties":{"osm_id":"way/330795843","kategori":"cami","ad":"İbrahim Paşa Muhsine Hatum Cami"}},{"type":"Feature","geometry":{"type":"Point","coordinates":[28.961603,41.006989]},"properties":{"osm_id":"way/330795895","kategori":"cami","ad":"Hüseyin Paşa Cami"}},{"type":"Feature","geometry":{"type":"Point","coordinates":[28.96711,41.009446]},"properties":{"osm_id":"way/330797220","kategori":"cami","ad":"Hoca Piri Camii"}},{"type":"Feature","geometry":{"type":"Point","coordinates":[28.921439,40.99318]},"properties":{"osm_id":"way/330899999","kategori":"cami","ad":"Yedikule Fetih Cami"}},{"type":"Feature","geometry":{"type":"Point","coordinates":[28.931595,41.004855]},"properties":{"osm_id":"way/330900993","kategori":"cami","ad":"Ramazan Efendi Camii"}},{"type":"Feature","geometry":{"type":"Point","coordinates":[28.976502,41.01464]},"properties":{"osm_id":"way/330901209","kategori":"cami","ad":"Vezir Camii"}},{"type":"Feature","geometry":{"type":"Point","coordinates":[28.975728,41.012629]},"properties":{"osm_id":"way/330902180","kategori":"cami","ad":"Vilayet Camii"}},{"type":"Feature","geometry":{"type":"Point","coordinates":[28.975727,41.013717]},"properties":{"osm_id":"way/330902755","kategori":"cami","ad":"Hoca Paşa Cami"}},{"type":"Feature","geometry":{"type":"Point","coordinates":[28.973833,41.016668]},"properties":{"osm_id":"way/330902933","kategori":"cami","ad":"Hidayet Camii"}},{"type":"Feature","geometry":{"type":"Point","coordinates":[28.970231,41.015414]},"properties":{"osm_id":"way/330903285","kategori":"cami","ad":"Çelebioğlu Hoca Alaaddin Camii"}},{"type":"Feature","geometry":{"type":"Point","coordinates":[28.970628,41.014085]},"properties":{"osm_id":"way/330903334","kategori":"cami","ad":"Hacı Küçük Cami"}},{"type":"Feature","geometry":{"type":"Point","coordinates":[28.968877,41.009526]},"properties":{"osm_id":"way/330903607","kategori":"cami","ad":"Hüseyin Ağa Camii"}},{"type":"Feature","geometry":{"type":"Point","coordinates":[28.967525,41.007636]},"properties":{"osm_id":"way/330903667","kategori":"cami","ad":"Divanı Ali Cami"}},{"type":"Feature","geometry":{"type":"Point","coordinates":[28.965122,41.008674]},"properties":{"osm_id":"way/330903708","kategori":"cami","ad":"Dibekli Eminbey Cami"}},{"type":"Feature","geometry":{"type":"Point","coordinates":[28.943649,41.003879]},"properties":{"osm_id":"way/330905510","kategori":"cami","ad":"Kasap İlyas Cami"}},{"type":"Feature","geometry":{"type":"Point","coordinates":[28.937595,41.005521]},"properties":{"osm_id":"way/330905691","kategori":"cami","ad":"Haydar Kethüda Camii"}},{"type":"Feature","geometry":{"type":"Point","coordinates":[28.927782,41.011895]},"properties":{"osm_id":"way/330906322","kategori":"cami","ad":"Aydın Kethüda Cami"}},{"type":"Feature","geometry":{"type":"Point","coordinates":[28.925315,41.012068]},"properties":{"osm_id":"way/330906436","kategori":"cami","ad":"Arakiyeci Mehmed Ağa Camii"}},{"type":"Feature","geometry":{"type":"Point","coordinates":[28.924655,41.003842]},"properties":{"osm_id":"way/330907274","kategori":"cami","ad":"Kasım Çelebi Camii"}},{"type":"Feature","geometry":{"type":"Point","coordinates":[28.925217,41.003019]},"properties":{"osm_id":"way/330908235","kategori":"cami","ad":"İskender Çelebi Camii"}},{"type":"Feature","geometry":{"type":"Point","coordinates":[29.245957,41.026694]},"properties":{"osm_id":"way/330929775","kategori":"cami","ad":"Selahaddin Eyyubi Camii"}},{"type":"Feature","geometry":{"type":"Point","coordinates":[29.23929,41.029941]},"properties":{"osm_id":"way/330929776","kategori":"cami","ad":"Kevser Camii"}},{"type":"Feature","geometry":{"type":"Point","coordinates":[28.950971,41.007478]},"properties":{"osm_id":"way/330935055","kategori":"cami","ad":"Kemalettin Cami"}},{"type":"Feature","geometry":{"type":"Point","coordinates":[28.970158,41.011274]},"properties":{"osm_id":"way/330937560","kategori":"cami","ad":"İğneci Hasan Mescidi"}},{"type":"Feature","geometry":{"type":"Point","coordinates":[28.968584,41.003115]},"properties":{"osm_id":"way/330938341","kategori":"cami","ad":"Şehsuvarbey Camii"}},{"type":"Feature","geometry":{"type":"Point","coordinates":[28.942965,41.03393]},"properties":{"osm_id":"way/331047107","kategori":"cami","ad":"Molla Aşkı Cami"}},{"type":"Feature","geometry":{"type":"Point","coordinates":[28.948481,41.031728]},"properties":{"osm_id":"way/331063883","kategori":"cami","ad":"Tahta Minare Cami"}},{"type":"Feature","geometry":{"type":"Point","coordinates":[28.949713,41.013805]},"properties":{"osm_id":"way/331188177","kategori":"cami","ad":"Bıçakçı Alaaddin Cami"}},{"type":"Feature","geometry":{"type":"Point","coordinates":[28.943244,41.025889]},"properties":{"osm_id":"way/331189308","kategori":"cami","ad":"Ahmet Çavuşoğlu Camii"}},{"type":"Feature","geometry":{"type":"Point","coordinates":[29.055788,41.031349]},"properties":{"osm_id":"way/331190368","kategori":"cami","ad":"Şehriban Hatun Cami"}},{"type":"Feature","geometry":{"type":"Point","coordinates":[28.954452,41.012737]},"properties":{"osm_id":"way/331192935","kategori":"cami","ad":"Hoşkadem Cami"}},{"type":"Feature","geometry":{"type":"Point","coordinates":[28.955259,41.01177]},"properties":{"osm_id":"way/331194094","kategori":"cami","ad":"Kemalpaşa Camii"}},{"type":"Feature","geometry":{"type":"Point","coordinates":[28.953445,41.025138]},"properties":{"osm_id":"way/331196171","kategori":"cami","ad":"Zenbilli Ali Efendi Cami"}},{"type":"Feature","geometry":{"type":"Point","coordinates":[28.956364,41.014518]},"properties":{"osm_id":"way/331196574","kategori":"cami","ad":"Burmalı Mescid"}},{"type":"Feature","geometry":{"type":"Point","coordinates":[28.935831,41.044653]},"properties":{"osm_id":"way/331247663","kategori":"cami","ad":"Zal Mahmut Paşa Cami"}},{"type":"Feature","geometry":{"type":"Point","coordinates":[28.947856,41.026579]},"properties":{"osm_id":"way/331401901","kategori":"cami","ad":"İsmailağa Camii"}},{"type":"Feature","geometry":{"type":"Point","coordinates":[28.969108,41.0084]},"properties":{"osm_id":"way/331669964","kategori":"cami","ad":"Mimar Hayrettin Camii"}},{"type":"Feature","geometry":{"type":"Point","coordinates":[28.97177,41.008265]},"properties":{"osm_id":"way/331670096","kategori":"cami","ad":"Köprülü Mehmet Paşa Cami"}},{"type":"Feature","geometry":{"type":"Point","coordinates":[28.970203,41.004929]},"properties":{"osm_id":"way/331670339","kategori":"cami","ad":"Bostani Ali Cami"}},{"type":"Feature","geometry":{"type":"Point","coordinates":[28.946357,41.006252]},"properties":{"osm_id":"way/331673581","kategori":"cami","ad":"Şahu Geda Camii"}},{"type":"Feature","geometry":{"type":"Point","coordinates":[28.974197,41.025039]},"properties":{"osm_id":"way/331897879","kategori":"cami","ad":"Bereketzade Ali Efendi Cami"}},{"type":"Feature","geometry":{"type":"Point","coordinates":[28.973611,41.014349]},"properties":{"osm_id":"way/333114634","kategori":"cami","ad":"Hobyar Camii"}},{"type":"Feature","geometry":{"type":"Point","coordinates":[28.968357,41.009255]},"properties":{"osm_id":"way/333122079","kategori":"cami","ad":"Çorlulu Ali Paşa Camii"}},{"type":"Feature","geometry":{"type":"Point","coordinates":[28.973549,41.02311]},"properties":{"osm_id":"way/333134101","kategori":"cami","ad":"Bereketzade Cami"}},{"type":"Feature","geometry":{"type":"Point","coordinates":[28.90735,41.054156]},"properties":{"osm_id":"way/333761989","kategori":"cami","ad":"Mareşal Fevzi Çakmak Cami"}},{"type":"Feature","geometry":{"type":"Point","coordinates":[28.909017,41.045659]},"properties":{"osm_id":"way/333761990","kategori":"cami","ad":"Çarşılı Tuna Camii"}},{"type":"Feature","geometry":{"type":"Point","coordinates":[28.91827,41.033016]},"properties":{"osm_id":"way/333761994","kategori":"cami","ad":"Ulubatlı Hasan Camii"}},{"type":"Feature","geometry":{"type":"Point","coordinates":[28.669768,41.04413]},"properties":{"osm_id":"way/333765554","kategori":"cami","ad":"Gazi Osman Paşa Camii"}},{"type":"Feature","geometry":{"type":"Point","coordinates":[28.678483,41.034512]},"properties":{"osm_id":"way/333765557","kategori":"cami","ad":"Esenyurt Merkez Camii"}},{"type":"Feature","geometry":{"type":"Point","coordinates":[28.66215,41.015935]},"properties":{"osm_id":"way/333765558","kategori":"cami","ad":"Mehmet Çoşkun Camii"}},{"type":"Feature","geometry":{"type":"Point","coordinates":[28.66276,41.019721]},"properties":{"osm_id":"way/333765559","kategori":"cami","ad":"Mehter Çeşme Camii"}},{"type":"Feature","geometry":{"type":"Point","coordinates":[28.654257,41.015746]},"properties":{"osm_id":"way/333765561","kategori":"cami","ad":"Albayrak Camii"}},{"type":"Feature","geometry":{"type":"Point","coordinates":[28.6651,41.009086]},"properties":{"osm_id":"way/333765563","kategori":"cami","ad":"Güzelyurt Merkez Camii"}},{"type":"Feature","geometry":{"type":"Point","coordinates":[28.632186,40.967824]},"properties":{"osm_id":"way/333775705","kategori":"cami","ad":"Oruç Gazi Camii"}},{"type":"Feature","geometry":{"type":"Point","coordinates":[28.628213,40.989801]},"properties":{"osm_id":"way/333775710","kategori":"cami","ad":"Hz. Ali Camii"}},{"type":"Feature","geometry":{"type":"Point","coordinates":[28.606801,41.002029]},"properties":{"osm_id":"way/333775711","kategori":"cami","ad":"hz osman cami"}},{"type":"Feature","geometry":{"type":"Point","coordinates":[28.600886,41.006174]},"properties":{"osm_id":"way/333775712","kategori":"cami","ad":"Pınarkent Hacı Abdullah Camii"}},{"type":"Feature","geometry":{"type":"Point","coordinates":[28.607075,41.016101]},"properties":{"osm_id":"way/333775713","kategori":"cami","ad":"Yeşil Tepe Camii"}},{"type":"Feature","geometry":{"type":"Point","coordinates":[28.620234,41.022158]},"properties":{"osm_id":"way/333775714","kategori":"cami","ad":"Büyükçekmece Atatürk Camii"}},{"type":"Feature","geometry":{"type":"Point","coordinates":[29.015967,41.026815]},"properties":{"osm_id":"way/333931123","kategori":"cami","ad":"Mihrimah Sultan Camii"}},{"type":"Feature","geometry":{"type":"Point","coordinates":[29.010844,41.024645]},"properties":{"osm_id":"way/333931792","kategori":"cami","ad":"Rum Mehmet Paşa Camii"}},{"type":"Feature","geometry":{"type":"Point","coordinates":[29.008847,41.022603]},"properties":{"osm_id":"way/333931795","kategori":"cami","ad":"Ayazma Cami"}},{"type":"Feature","geometry":{"type":"Point","coordinates":[29.019704,41.018639]},"properties":{"osm_id":"way/334023059","kategori":"cami","ad":"Kurban Nasuh Baba Camii"}},{"type":"Feature","geometry":{"type":"Point","coordinates":[29.0163,41.020298]},"properties":{"osm_id":"way/334023717","kategori":"cami","ad":"Ahmediye Medresesi"}},{"type":"Feature","geometry":{"type":"Point","coordinates":[29.016562,41.020461]},"properties":{"osm_id":"way/334023718","kategori":"cami","ad":"Ahmediye Camii"}},{"type":"Feature","geometry":{"type":"Point","coordinates":[29.01667,41.020199]},"properties":{"osm_id":"way/334023786","kategori":"cami","ad":"Ahmediye Kuran Kursu"}},{"type":"Feature","geometry":{"type":"Point","coordinates":[28.908981,41.095789]},"properties":{"osm_id":"way/334301028","kategori":"cami","ad":"Anadolu Camii"}},{"type":"Feature","geometry":{"type":"Point","coordinates":[29.078939,41.084114]},"properties":{"osm_id":"way/338636854","kategori":"cami","ad":"Yeni Cami"}},{"type":"Feature","geometry":{"type":"Point","coordinates":[29.099364,41.09521]},"properties":{"osm_id":"way/338954311","kategori":"cami","ad":"Rüzgarlıbahçe Merkez Camii"}},{"type":"Feature","geometry":{"type":"Point","coordinates":[29.611065,41.177119]},"properties":{"osm_id":"way/342471170","kategori":"cami","ad":"Günani Camii"}},{"type":"Feature","geometry":{"type":"Point","coordinates":[29.609873,41.175197]},"properties":{"osm_id":"way/342505464","kategori":"cami","ad":"Çavuş Ahmet Camii"}},{"type":"Feature","geometry":{"type":"Point","coordinates":[29.60933,41.174082]},"properties":{"osm_id":"way/342519904","kategori":"cami","ad":"Hüseyin Keçici Şile Merkez Camii"}},{"type":"Feature","geometry":{"type":"Point","coordinates":[28.822157,41.037036]},"properties":{"osm_id":"way/343685743","kategori":"cami","ad":"Kazakkent Altay Camii"}},{"type":"Feature","geometry":{"type":"Point","coordinates":[29.040216,41.185672]},"properties":{"osm_id":"way/352043054","kategori":"cami","ad":"Fatih Sultan Mehmet Camii"}},{"type":"Feature","geometry":{"type":"Point","coordinates":[28.901952,41.097408]},"properties":{"osm_id":"way/352528117","kategori":"cami","ad":"Gazi Mahallesi Merkez Camii"}},{"type":"Feature","geometry":{"type":"Point","coordinates":[28.99459,41.058561]},"properties":{"osm_id":"way/352578921","kategori":"cami","ad":"Fulya Balçık Cami"}},{"type":"Feature","geometry":{"type":"Point","coordinates":[28.601487,41.089142]},"properties":{"osm_id":"way/355941429","kategori":"cami","ad":"Sancaklar Camii"}},{"type":"Feature","geometry":{"type":"Point","coordinates":[28.492315,41.096535]},"properties":{"osm_id":"way/355988338","kategori":"cami","ad":"Muratbey Mahallesi Cami"}},{"type":"Feature","geometry":{"type":"Point","coordinates":[29.297499,40.867503]},"properties":{"osm_id":"way/356011539","kategori":"cami","ad":"Fatih Camii"}},{"type":"Feature","geometry":{"type":"Point","coordinates":[29.295578,40.862547]},"properties":{"osm_id":"way/356011543","kategori":"cami","ad":"Esenyalı Camii"}},{"type":"Feature","geometry":{"type":"Point","coordinates":[28.869557,41.029101]},"properties":{"osm_id":"way/356780537","kategori":"cami","ad":"Köyiçi Merkez Cami"}},{"type":"Feature","geometry":{"type":"Point","coordinates":[28.87229,40.995641]},"properties":{"osm_id":"way/356922233","kategori":"cami","ad":"İncirli Fatih Cami"}},{"type":"Feature","geometry":{"type":"Point","coordinates":[28.850729,41.03086]},"properties":{"osm_id":"way/356922238","kategori":"cami","ad":"Yunus Emre Cami"}},{"type":"Feature","geometry":{"type":"Point","coordinates":[28.846985,41.04306]},"properties":{"osm_id":"way/356922240","kategori":"cami","ad":"Çiftlik demircan camii"}},{"type":"Feature","geometry":{"type":"Point","coordinates":[28.836655,41.049561]},"properties":{"osm_id":"way/356922241","kategori":"cami","ad":"Akşemsettin camii"}},{"type":"Feature","geometry":{"type":"Point","coordinates":[28.644055,41.045888]},"properties":{"osm_id":"way/356922253","kategori":"cami","ad":"Hacı Rıza Hacı Hürmüz Özdemir Camii"}},{"type":"Feature","geometry":{"type":"Point","coordinates":[28.650497,41.028075]},"properties":{"osm_id":"way/356922254","kategori":"cami","ad":"Kıraç Yunus Emre Camii"}},{"type":"Feature","geometry":{"type":"Point","coordinates":[28.709377,41.033141]},"properties":{"osm_id":"way/356926160","kategori":"cami","ad":"Yeşilkent Merkez Cami"}},{"type":"Feature","geometry":{"type":"Point","coordinates":[28.704952,41.026125]},"properties":{"osm_id":"way/356926161","kategori":"cami","ad":"Sıddık Cami"}},{"type":"Feature","geometry":{"type":"Point","coordinates":[28.713261,40.993719]},"properties":{"osm_id":"way/356926163","kategori":"cami","ad":"Naime Hanım Camii"}},{"type":"Feature","geometry":{"type":"Point","coordinates":[28.728654,40.980254]},"properties":{"osm_id":"way/356926165","kategori":"cami","ad":"Koçlar Hacı Muhlis Ağa ve Hacı Fatma Hatun Camii"}},{"type":"Feature","geometry":{"type":"Point","coordinates":[28.730994,40.974195]},"properties":{"osm_id":"way/356926167","kategori":"cami","ad":"Kalkandelen Camii"}},{"type":"Feature","geometry":{"type":"Point","coordinates":[28.84519,41.025856]},"properties":{"osm_id":"way/356926170","kategori":"cami","ad":"Kazım Karabekir Merkez Camii"}},{"type":"Feature","geometry":{"type":"Point","coordinates":[28.986807,41.100198]},"properties":{"osm_id":"way/356926174","kategori":"cami","ad":"Huzur Cami"}},{"type":"Feature","geometry":{"type":"Point","coordinates":[29.150539,41.129618]},"properties":{"osm_id":"way/356926176","kategori":"cami","ad":"Toygar Camii"}},{"type":"Feature","geometry":{"type":"Point","coordinates":[29.202851,41.179463]},"properties":{"osm_id":"way/356926186","kategori":"cami","ad":"Alibahadır Merkez Camii"}},{"type":"Feature","geometry":{"type":"Point","coordinates":[28.907483,41.005421]},"properties":{"osm_id":"way/357185975","kategori":"cami","ad":"Dutluk Cami"}},{"type":"Feature","geometry":{"type":"Point","coordinates":[29.132349,41.207694]},"properties":{"osm_id":"way/357188219","kategori":"cami","ad":"Poyraz Köy Camii"}},{"type":"Feature","geometry":{"type":"Point","coordinates":[29.088389,40.993618]},"properties":{"osm_id":"way/361214602","kategori":"cami","ad":"Bayraktar Camii"}},{"type":"Feature","geometry":{"type":"Point","coordinates":[28.998593,41.116024]},"properties":{"osm_id":"way/361712268","kategori":"cami","ad":"Cendereci Muhittin Çelebi Camii"}},{"type":"Feature","geometry":{"type":"Point","coordinates":[29.068125,41.046066]},"properties":{"osm_id":"way/361878628","kategori":"cami","ad":"Küçük Namazgah Camii"}},{"type":"Feature","geometry":{"type":"Point","coordinates":[29.065559,41.040737]},"properties":{"osm_id":"way/361878629","kategori":"cami","ad":"Cami"}},{"type":"Feature","geometry":{"type":"Point","coordinates":[29.04796,41.024883]},"properties":{"osm_id":"way/361878633","kategori":"cami","ad":"Hz.Ali Camii"}},{"type":"Feature","geometry":{"type":"Point","coordinates":[29.050996,41.017294]},"properties":{"osm_id":"way/361878634","kategori":"cami","ad":"Zahiddiye Camii"}},{"type":"Feature","geometry":{"type":"Point","coordinates":[29.040182,41.005018]},"properties":{"osm_id":"way/361878635","kategori":"cami","ad":"Ahmet Süt Camii"}},{"type":"Feature","geometry":{"type":"Point","coordinates":[29.844955,41.087227]},"properties":{"osm_id":"way/361882001","kategori":"cami","ad":"Kalem Mahallesi Yeni Camii"}},{"type":"Feature","geometry":{"type":"Point","coordinates":[28.973816,41.040863]},"properties":{"osm_id":"way/363150637","kategori":"cami","ad":"H. Ahmet Cami"}},{"type":"Feature","geometry":{"type":"Point","coordinates":[28.971028,41.040975]},"properties":{"osm_id":"way/363150639","kategori":"cami","ad":"Sahaf Muhittin Cami"}},{"type":"Feature","geometry":{"type":"Point","coordinates":[28.977632,41.052995]},"properties":{"osm_id":"way/363154972","kategori":"cami","ad":"Feriköy Behram Çavuş Merkez Cami"}},{"type":"Feature","geometry":{"type":"Point","coordinates":[29.115357,40.983449]},"properties":{"osm_id":"way/363165673","kategori":"cami","ad":"Mehmet Rüştü Aşıkkutlu Camii"}},{"type":"Feature","geometry":{"type":"Point","coordinates":[29.180288,41.000435]},"properties":{"osm_id":"way/363637311","kategori":"cami","ad":"Des Sanayi Sitesi Camii"}},{"type":"Feature","geometry":{"type":"Point","coordinates":[28.4922,41.147407]},"properties":{"osm_id":"way/364531127","kategori":"cami","ad":null}},{"type":"Feature","geometry":{"type":"Point","coordinates":[28.526524,41.031836]},"properties":{"osm_id":"way/364531132","kategori":"cami","ad":"Zeynel Abidin Camii"}},{"type":"Feature","geometry":{"type":"Point","coordinates":[28.54577,41.027054]},"properties":{"osm_id":"way/364534264","kategori":"cami","ad":"Hürriyet Cami"}},{"type":"Feature","geometry":{"type":"Point","coordinates":[28.334091,41.091829]},"properties":{"osm_id":"way/364534266","kategori":"cami","ad":"Kavaklı Merkez Camii"}},{"type":"Feature","geometry":{"type":"Point","coordinates":[28.261074,41.085245]},"properties":{"osm_id":"way/364534271","kategori":"cami","ad":"Abdullah Aliye Can Camii"}},{"type":"Feature","geometry":{"type":"Point","coordinates":[28.261935,41.091946]},"properties":{"osm_id":"way/364534272","kategori":"cami","ad":"Şüheda Cami"}},{"type":"Feature","geometry":{"type":"Point","coordinates":[28.189114,41.164052]},"properties":{"osm_id":"way/364534275","kategori":"cami","ad":null}},{"type":"Feature","geometry":{"type":"Point","coordinates":[28.986141,41.048222]},"properties":{"osm_id":"way/364853978","kategori":"cami","ad":"Harbiye Camii"}},{"type":"Feature","geometry":{"type":"Point","coordinates":[28.80486,41.096124]},"properties":{"osm_id":"way/366250937","kategori":"cami","ad":"Ensar Camii"}},{"type":"Feature","geometry":{"type":"Point","coordinates":[28.715424,40.973375]},"properties":{"osm_id":"way/366255404","kategori":"cami","ad":"Hacı Osman Ağa Cami"}},{"type":"Feature","geometry":{"type":"Point","coordinates":[28.705914,40.979083]},"properties":{"osm_id":"way/366255405","kategori":"cami","ad":"Siteler Camii"}},{"type":"Feature","geometry":{"type":"Point","coordinates":[28.476042,41.224069]},"properties":{"osm_id":"way/366265868","kategori":"cami","ad":"Oklalı Mahallesi Camii"}},{"type":"Feature","geometry":{"type":"Point","coordinates":[28.494162,41.246057]},"properties":{"osm_id":"way/366274630","kategori":"cami","ad":"Çanakça Mahallesi Camii"}},{"type":"Feature","geometry":{"type":"Point","coordinates":[28.482562,41.329295]},"properties":{"osm_id":"way/366274631","kategori":"cami","ad":null}},{"type":"Feature","geometry":{"type":"Point","coordinates":[28.500349,41.365272]},"properties":{"osm_id":"way/366274632","kategori":"cami","ad":null}},{"type":"Feature","geometry":{"type":"Point","coordinates":[28.474291,41.368284]},"properties":{"osm_id":"way/366274633","kategori":"cami","ad":null}},{"type":"Feature","geometry":{"type":"Point","coordinates":[28.612258,41.310582]},"properties":{"osm_id":"way/366274635","kategori":"cami","ad":"Balaban Camii"}},{"type":"Feature","geometry":{"type":"Point","coordinates":[28.915499,41.012101]},"properties":{"osm_id":"way/366275756","kategori":"cami","ad":"Şeyhülislam İbni Kemal Camii"}},{"type":"Feature","geometry":{"type":"Point","coordinates":[29.037573,41.020745]},"properties":{"osm_id":"way/366439346","kategori":"cami","ad":"Marmara İlahiyat Camii"}},{"type":"Feature","geometry":{"type":"Point","coordinates":[28.968447,41.028635]},"properties":{"osm_id":"way/367245927","kategori":"cami","ad":"Kapıüstü Camii"}},{"type":"Feature","geometry":{"type":"Point","coordinates":[29.24212,41.004542]},"properties":{"osm_id":"way/369251821","kategori":"cami","ad":"Mehtap Camii"}},{"type":"Feature","geometry":{"type":"Point","coordinates":[29.243781,41.008763]},"properties":{"osm_id":"way/369251822","kategori":"cami","ad":"Hz. Ömer Cami"}},{"type":"Feature","geometry":{"type":"Point","coordinates":[28.654123,41.038452]},"properties":{"osm_id":"way/369534587","kategori":"cami","ad":"Hamidiye Esenyurt Camii"}},{"type":"Feature","geometry":{"type":"Point","coordinates":[28.459669,41.140645]},"properties":{"osm_id":"way/370857160","kategori":"cami","ad":"Ferhatpaşa Cami"}},{"type":"Feature","geometry":{"type":"Point","coordinates":[29.093862,40.955078]},"properties":{"osm_id":"way/375933331","kategori":"cami","ad":"Bostancı Kuloğlu Cami"}},{"type":"Feature","geometry":{"type":"Point","coordinates":[29.091921,40.987014]},"properties":{"osm_id":"way/376362257","kategori":"cami","ad":"Hacı Eyüboğlu Camii"}},{"type":"Feature","geometry":{"type":"Point","coordinates":[29.090198,40.98985]},"properties":{"osm_id":"way/376362258","kategori":"cami","ad":"Yenisahra Merkez Camii"}},{"type":"Feature","geometry":{"type":"Point","coordinates":[29.086094,41.011254]},"properties":{"osm_id":"way/376362259","kategori":"cami","ad":"Söğütlüçayır Molla Camii"}},{"type":"Feature","geometry":{"type":"Point","coordinates":[29.088185,41.014843]},"properties":{"osm_id":"way/376362260","kategori":"cami","ad":"Hacı Ömer Karagül Camii"}},{"type":"Feature","geometry":{"type":"Point","coordinates":[29.094823,41.016893]},"properties":{"osm_id":"way/376362261","kategori":"cami","ad":"Dörtyol Camii"}},{"type":"Feature","geometry":{"type":"Point","coordinates":[29.103196,41.020101]},"properties":{"osm_id":"way/376364387","kategori":"cami","ad":"Şehzade Camii"}},{"type":"Feature","geometry":{"type":"Point","coordinates":[29.109463,41.022289]},"properties":{"osm_id":"way/376364388","kategori":"cami","ad":"Nermin İmamoğlu Camii"}},{"type":"Feature","geometry":{"type":"Point","coordinates":[29.095075,41.115994]},"properties":{"osm_id":"way/376364391","kategori":"cami","ad":"Paşabahçe Merkez Camii"}},{"type":"Feature","geometry":{"type":"Point","coordinates":[29.102183,41.118616]},"properties":{"osm_id":"way/376364392","kategori":"cami","ad":"İncirköy Fıstıkaltı Camii"}},{"type":"Feature","geometry":{"type":"Point","coordinates":[29.108169,41.124766]},"properties":{"osm_id":"way/376364393","kategori":"cami","ad":"Gümüşsuyu Bağlık Camii"}},{"type":"Feature","geometry":{"type":"Point","coordinates":[29.109849,41.127752]},"properties":{"osm_id":"way/376364394","kategori":"cami","ad":"Gümüşsuyu Ayazma Camii"}},{"type":"Feature","geometry":{"type":"Point","coordinates":[29.11365,41.128287]},"properties":{"osm_id":"way/376364395","kategori":"cami","ad":"Hacı Nurten Özyurt Camii"}},{"type":"Feature","geometry":{"type":"Point","coordinates":[29.123507,41.140984]},"properties":{"osm_id":"way/376364396","kategori":"cami","ad":"Hüseyin Saçaklı Camii"}},{"type":"Feature","geometry":{"type":"Point","coordinates":[29.017608,41.079145]},"properties":{"osm_id":"way/376849515","kategori":"cami","ad":"Levent Cami"}},{"type":"Feature","geometry":{"type":"Point","coordinates":[29.001596,41.080726]},"properties":{"osm_id":"way/376943035","kategori":"cami","ad":"Dutluk Cami"}},{"type":"Feature","geometry":{"type":"Point","coordinates":[29.00433,41.089872]},"properties":{"osm_id":"way/376943037","kategori":"cami","ad":"Yavuz Sultan Selim Camiİ"}},{"type":"Feature","geometry":{"type":"Point","coordinates":[28.99653,41.090601]},"properties":{"osm_id":"way/376943040","kategori":"cami","ad":"Sanayi Mahallesi Merkez Camii"}},{"type":"Feature","geometry":{"type":"Point","coordinates":[28.991636,41.093151]},"properties":{"osm_id":"way/376943048","kategori":"cami","ad":"Veysel Karani Yıldız Camii"}},{"type":"Feature","geometry":{"type":"Point","coordinates":[28.997866,41.097344]},"properties":{"osm_id":"way/376943062","kategori":"cami","ad":"Barbaros Camii"}},{"type":"Feature","geometry":{"type":"Point","coordinates":[29.022843,41.000382]},"properties":{"osm_id":"way/377130269","kategori":"cami","ad":"Sultan Abdulhamit Han Camii"}},{"type":"Feature","geometry":{"type":"Point","coordinates":[28.799837,41.010487]},"properties":{"osm_id":"way/378177550","kategori":"cami","ad":"Sefaköy Tevfikbey Camii"}},{"type":"Feature","geometry":{"type":"Point","coordinates":[28.795551,41.02567]},"properties":{"osm_id":"way/378180759","kategori":"cami","ad":"İnönü Mahallesi Yeşil Camii"}},{"type":"Feature","geometry":{"type":"Point","coordinates":[28.993717,41.08595]},"properties":{"osm_id":"way/378201719","kategori":"cami","ad":"Hz. Hasan ve Hz. Hüseyin Cami"}},{"type":"Feature","geometry":{"type":"Point","coordinates":[29.137157,40.871562]},"properties":{"osm_id":"way/380537417","kategori":"cami","ad":"Kumsal Camii"}},{"type":"Feature","geometry":{"type":"Point","coordinates":[29.116602,40.863851]},"properties":{"osm_id":"way/380537418","kategori":"cami","ad":"Nizam Camii"}},{"type":"Feature","geometry":{"type":"Point","coordinates":[28.957582,41.055228]},"properties":{"osm_id":"way/382843562","kategori":"cami","ad":"Hasan Fehmi Özsüt Camii"}},{"type":"Feature","geometry":{"type":"Point","coordinates":[28.958201,41.058057]},"properties":{"osm_id":"way/382843563","kategori":"cami","ad":"Berat Cami"}},{"type":"Feature","geometry":{"type":"Point","coordinates":[28.963745,41.055168]},"properties":{"osm_id":"way/382843564","kategori":"cami","ad":"Muradiye Camii"}},{"type":"Feature","geometry":{"type":"Point","coordinates":[28.987405,41.0701]},"properties":{"osm_id":"way/382843576","kategori":"cami","ad":"İzzetpaşa Camii"}},{"type":"Feature","geometry":{"type":"Point","coordinates":[28.989179,41.076786]},"properties":{"osm_id":"way/382843577","kategori":"cami","ad":"Taşocağı Camii"}},{"type":"Feature","geometry":{"type":"Point","coordinates":[28.987086,41.07814]},"properties":{"osm_id":"way/382843578","kategori":"cami","ad":"Mareşal Fevzi Çakmak Camii"}},{"type":"Feature","geometry":{"type":"Point","coordinates":[28.991248,41.080777]},"properties":{"osm_id":"way/382843580","kategori":"cami","ad":"Harmantepe Camii"}},{"type":"Feature","geometry":{"type":"Point","coordinates":[29.167416,41.148612]},"properties":{"osm_id":"way/382843593","kategori":"cami","ad":"Şirindere Merkez Camii"}},{"type":"Feature","geometry":{"type":"Point","coordinates":[28.959057,41.074365]},"properties":{"osm_id":"way/383957514","kategori":"cami","ad":"Ahmeddin Camii"}},{"type":"Feature","geometry":{"type":"Point","coordinates":[28.962686,41.077804]},"properties":{"osm_id":"way/383957516","kategori":"cami","ad":"Uhud Camii"}},{"type":"Feature","geometry":{"type":"Point","coordinates":[28.964662,41.080766]},"properties":{"osm_id":"way/383957517","kategori":"cami","ad":"Nurtepe Cami"}},{"type":"Feature","geometry":{"type":"Point","coordinates":[28.979116,41.090678]},"properties":{"osm_id":"way/383957521","kategori":"cami","ad":"İmam-ı Gazali Camii"}},{"type":"Feature","geometry":{"type":"Point","coordinates":[28.952148,41.072836]},"properties":{"osm_id":"way/383957522","kategori":"cami","ad":"Cami"}},{"type":"Feature","geometry":{"type":"Point","coordinates":[28.879117,41.052422]},"properties":{"osm_id":"way/384088458","kategori":"cami","ad":"Kemertepe Camii"}},{"type":"Feature","geometry":{"type":"Point","coordinates":[28.926464,41.043739]},"properties":{"osm_id":"way/384141599","kategori":"cami","ad":"Şevkibey Camii"}},{"type":"Feature","geometry":{"type":"Point","coordinates":[29.239266,41.048213]},"properties":{"osm_id":"way/384141606","kategori":"cami","ad":"Alemdağ Merkez Cami"}},{"type":"Feature","geometry":{"type":"Point","coordinates":[28.608566,40.967059]},"properties":{"osm_id":"way/384604935","kategori":"cami","ad":"Mehmet Abdulvahip Yedikardeş Camii"}},{"type":"Feature","geometry":{"type":"Point","coordinates":[28.810056,41.278278]},"properties":{"osm_id":"way/386488237","kategori":"cami","ad":"Akpınar Köyü Camii"}},{"type":"Feature","geometry":{"type":"Point","coordinates":[29.905076,41.110213]},"properties":{"osm_id":"way/386498437","kategori":"cami","ad":"Kadıköy Camii"}},{"type":"Feature","geometry":{"type":"Point","coordinates":[29.199322,40.91677]},"properties":{"osm_id":"way/388713295","kategori":"cami","ad":"Soğanlık Merkez Camii"}},{"type":"Feature","geometry":{"type":"Point","coordinates":[29.205695,40.918206]},"properties":{"osm_id":"way/388713709","kategori":"cami","ad":"Hacı Aliağa Camii"}},{"type":"Feature","geometry":{"type":"Point","coordinates":[28.89221,41.048888]},"properties":{"osm_id":"way/389496261","kategori":"cami","ad":"Sultan Fatih Cami"}},{"type":"Feature","geometry":{"type":"Point","coordinates":[28.896695,41.036357]},"properties":{"osm_id":"way/389506284","kategori":"cami","ad":"Üsküp Camii"}},{"type":"Feature","geometry":{"type":"Point","coordinates":[28.908885,41.031363]},"properties":{"osm_id":"way/389506288","kategori":"cami","ad":"Demirciler Çarşı Camii"}},{"type":"Feature","geometry":{"type":"Point","coordinates":[28.928209,41.015716]},"properties":{"osm_id":"way/389508333","kategori":"cami","ad":"İskender Ağa Cami"}},{"type":"Feature","geometry":{"type":"Point","coordinates":[28.902039,41.016957]},"properties":{"osm_id":"way/389520089","kategori":"cami","ad":"Davutpaşa Bircan Eresin Cami"}},{"type":"Feature","geometry":{"type":"Point","coordinates":[29.107775,40.97726]},"properties":{"osm_id":"way/390184424","kategori":"cami","ad":"İçerenköy Şehitler Cami"}},{"type":"Feature","geometry":{"type":"Point","coordinates":[28.915304,40.990448]},"properties":{"osm_id":"way/390188148","kategori":"cami","ad":"Kazlıçeşme Fatih Camii"}},{"type":"Feature","geometry":{"type":"Point","coordinates":[29.19043,40.912426]},"properties":{"osm_id":"way/390843879","kategori":"cami","ad":"Köy Hizmetleri Camii"}},{"type":"Feature","geometry":{"type":"Point","coordinates":[28.960768,41.059763]},"properties":{"osm_id":"way/391430178","kategori":"cami","ad":"Ahmet Hatipoğlu Cami"}},{"type":"Feature","geometry":{"type":"Point","coordinates":[28.604769,41.023858]},"properties":{"osm_id":"way/391661572","kategori":"cami","ad":"Boztepe Cami"}},{"type":"Feature","geometry":{"type":"Point","coordinates":[28.591765,41.02652]},"properties":{"osm_id":"way/391661573","kategori":"cami","ad":"Alir Rıza Efendi Cami"}},{"type":"Feature","geometry":{"type":"Point","coordinates":[29.182921,40.909574]},"properties":{"osm_id":"way/391888369","kategori":"cami","ad":"Esentepe Kültür Fazilet Cami"}},{"type":"Feature","geometry":{"type":"Point","coordinates":[29.183255,40.904528]},"properties":{"osm_id":"way/391888371","kategori":"cami","ad":"Yunus Emre Camii"}},{"type":"Feature","geometry":{"type":"Point","coordinates":[29.070128,41.041579]},"properties":{"osm_id":"way/391889513","kategori":"cami","ad":"Cami"}},{"type":"Feature","geometry":{"type":"Point","coordinates":[29.07217,41.043028]},"properties":{"osm_id":"way/391889514","kategori":"cami","ad":"Cami"}},{"type":"Feature","geometry":{"type":"Point","coordinates":[29.061236,41.046934]},"properties":{"osm_id":"way/391890208","kategori":"cami","ad":"Yıldırım Bayezid Camii"}},{"type":"Feature","geometry":{"type":"Point","coordinates":[28.863552,41.013509]},"properties":{"osm_id":"way/392952023","kategori":"cami","ad":"İmam Buhari Camii"}},{"type":"Feature","geometry":{"type":"Point","coordinates":[28.879291,41.089845]},"properties":{"osm_id":"way/394054846","kategori":"cami","ad":"Mehmet Akif Ersoy Cami"}},{"type":"Feature","geometry":{"type":"Point","coordinates":[28.91962,41.156449]},"properties":{"osm_id":"way/395487695","kategori":"cami","ad":"Mimar Sinan Camii"}},{"type":"Feature","geometry":{"type":"Point","coordinates":[29.034481,41.128081]},"properties":{"osm_id":"way/397794437","kategori":"cami","ad":"Şehit Çetin Can Camii"}},{"type":"Feature","geometry":{"type":"Point","coordinates":[29.032961,41.130163]},"properties":{"osm_id":"way/397794438","kategori":"cami","ad":"Çamlıtepe Hz. Ebubekir Camii"}},{"type":"Feature","geometry":{"type":"Point","coordinates":[29.048198,41.129552]},"properties":{"osm_id":"way/397794440","kategori":"cami","ad":"Dedeman Camii"}},{"type":"Feature","geometry":{"type":"Point","coordinates":[29.069229,41.121782]},"properties":{"osm_id":"way/397794442","kategori":"cami","ad":"Yeniköy Çarşı Merkez Camii"}},{"type":"Feature","geometry":{"type":"Point","coordinates":[29.051754,41.006989]},"properties":{"osm_id":"way/397800345","kategori":"cami","ad":"Acıbadem Merkez Çavuşoğlu Camii"}},{"type":"Feature","geometry":{"type":"Point","coordinates":[29.046013,41.085554]},"properties":{"osm_id":"way/397800360","kategori":"cami","ad":"Nafi Baba Camii"}},{"type":"Feature","geometry":{"type":"Point","coordinates":[29.186077,40.995392]},"properties":{"osm_id":"way/400403832","kategori":"cami","ad":"Cami"}},{"type":"Feature","geometry":{"type":"Point","coordinates":[29.177832,41.04548]},"properties":{"osm_id":"way/400403849","kategori":"cami","ad":"Taşlıca Camii"}},{"type":"Feature","geometry":{"type":"Point","coordinates":[29.141076,41.091054]},"properties":{"osm_id":"way/400403851","kategori":"cami","ad":"Yeşil Camii"}},{"type":"Feature","geometry":{"type":"Point","coordinates":[29.13542,41.090295]},"properties":{"osm_id":"way/400403852","kategori":"cami","ad":"Ahmetler Camii"}},{"type":"Feature","geometry":{"type":"Point","coordinates":[29.145634,41.142348]},"properties":{"osm_id":"way/400405003","kategori":"cami","ad":"Tepetarla Merkez Camii"}},{"type":"Feature","geometry":{"type":"Point","coordinates":[29.064497,41.009432]},"properties":{"osm_id":"way/401365045","kategori":"cami","ad":"Kotku Camii"}},{"type":"Feature","geometry":{"type":"Point","coordinates":[29.067637,41.011729]},"properties":{"osm_id":"way/401365046","kategori":"cami","ad":"Bodrumi Ömer Lütfi Efendi Camii"}},{"type":"Feature","geometry":{"type":"Point","coordinates":[29.097805,41.013387]},"properties":{"osm_id":"way/401365054","kategori":"cami","ad":"Ulu Camii"}},{"type":"Feature","geometry":{"type":"Point","coordinates":[29.103101,40.960842]},"properties":{"osm_id":"way/401365058","kategori":"cami","ad":"Tatar Ağası Camii"}},{"type":"Feature","geometry":{"type":"Point","coordinates":[29.022656,41.074734]},"properties":{"osm_id":"way/402542840","kategori":"cami","ad":"Belediye Sitesi Camii"}},{"type":"Feature","geometry":{"type":"Point","coordinates":[28.915619,41.03695]},"properties":{"osm_id":"way/402822725","kategori":"cami","ad":"Vatan Cami"}},{"type":"Feature","geometry":{"type":"Point","coordinates":[28.921723,41.045315]},"properties":{"osm_id":"way/402822728","kategori":"cami","ad":"Ahmet Dede Camii"}},{"type":"Feature","geometry":{"type":"Point","coordinates":[28.934057,41.064869]},"properties":{"osm_id":"way/402822729","kategori":"cami","ad":"Yıldıztabya Camii"}},{"type":"Feature","geometry":{"type":"Point","coordinates":[29.096136,41.005477]},"properties":{"osm_id":"way/403098687","kategori":"cami","ad":"Hz. Ali Merkez Camii"}},{"type":"Feature","geometry":{"type":"Point","coordinates":[29.439895,41.190019]},"properties":{"osm_id":"way/403595589","kategori":"cami","ad":"Doğancılı Mahallesi Camii"}},{"type":"Feature","geometry":{"type":"Point","coordinates":[29.413196,41.201876]},"properties":{"osm_id":"way/403595590","kategori":"cami","ad":"Sahilköy Mahallesi Camii"}},{"type":"Feature","geometry":{"type":"Point","coordinates":[29.280965,40.966011]},"properties":{"osm_id":"way/403602953","kategori":"cami","ad":"Bağlar Medine Cami"}},{"type":"Feature","geometry":{"type":"Point","coordinates":[29.273012,40.969683]},"properties":{"osm_id":"way/403602954","kategori":"cami","ad":"Derya Camii"}},{"type":"Feature","geometry":{"type":"Point","coordinates":[29.267751,40.973359]},"properties":{"osm_id":"way/403602955","kategori":"cami","ad":"Ahmet Yesevi Camii"}},{"type":"Feature","geometry":{"type":"Point","coordinates":[29.279894,40.983178]},"properties":{"osm_id":"way/403602958","kategori":"cami","ad":"Selçukhan Camii"}},{"type":"Feature","geometry":{"type":"Point","coordinates":[29.270165,40.988189]},"properties":{"osm_id":"way/403602959","kategori":"cami","ad":"Hafız Ali Üsküdarlı Camii"}},{"type":"Feature","geometry":{"type":"Point","coordinates":[29.263474,40.990608]},"properties":{"osm_id":"way/403602960","kategori":"cami","ad":"Anadolu Camii"}},{"type":"Feature","geometry":{"type":"Point","coordinates":[29.248893,40.993523]},"properties":{"osm_id":"way/403602965","kategori":"cami","ad":"Sancaktepe Kocatepe Camii"}},{"type":"Feature","geometry":{"type":"Point","coordinates":[29.27331,40.949124]},"properties":{"osm_id":"way/403702359","kategori":"cami","ad":"Sultanbeyli PirSultan Abdal Cemevi"}},{"type":"Feature","geometry":{"type":"Point","coordinates":[29.265103,40.963305]},"properties":{"osm_id":"way/403797752","kategori":"cami","ad":"Ulu Cami"}},{"type":"Feature","geometry":{"type":"Point","coordinates":[29.250684,40.97142]},"properties":{"osm_id":"way/403797755","kategori":"cami","ad":"Ak Şemsettin Camii"}},{"type":"Feature","geometry":{"type":"Point","coordinates":[29.258137,40.990133]},"properties":{"osm_id":"way/403797757","kategori":"cami","ad":"Hacı Veyis Camii"}},{"type":"Feature","geometry":{"type":"Point","coordinates":[29.262691,40.997398]},"properties":{"osm_id":"way/403797762","kategori":"cami","ad":"Mimar Sinan Camii"}},{"type":"Feature","geometry":{"type":"Point","coordinates":[29.135306,40.939541]},"properties":{"osm_id":"way/404568682","kategori":"cami","ad":"Hacı Yusuf Ziya Hamire Üçüncü Camii"}},{"type":"Feature","geometry":{"type":"Point","coordinates":[29.110116,40.952942]},"properties":{"osm_id":"way/404568690","kategori":"cami","ad":"Kılavuz Çayırı Camii"}},{"type":"Feature","geometry":{"type":"Point","coordinates":[29.289789,40.923175]},"properties":{"osm_id":"way/406058501","kategori":"cami","ad":"Aynur Çepni Camii"}},{"type":"Feature","geometry":{"type":"Point","coordinates":[28.672411,41.033245]},"properties":{"osm_id":"way/409768187","kategori":"cami","ad":"Şehit Ömer Cami"}},{"type":"Feature","geometry":{"type":"Point","coordinates":[28.689819,41.032034]},"properties":{"osm_id":"way/409768190","kategori":"cami","ad":"Esenyurt Yeşil Cami"}},{"type":"Feature","geometry":{"type":"Point","coordinates":[28.999253,41.041714]},"properties":{"osm_id":"way/410544758","kategori":"cami","ad":"Vişnezade Cami"}},{"type":"Feature","geometry":{"type":"Point","coordinates":[28.99738,41.06837]},"properties":{"osm_id":"way/410544768","kategori":"cami","ad":"Mecidiyeköy Merkez Camii"}},{"type":"Feature","geometry":{"type":"Point","coordinates":[28.997603,41.078482]},"properties":{"osm_id":"way/410544769","kategori":"cami","ad":"Gültepe camiİ"}},{"type":"Feature","geometry":{"type":"Point","coordinates":[28.99989,41.087207]},"properties":{"osm_id":"way/410544770","kategori":"cami","ad":"İmam-ı Azam Camii"}},{"type":"Feature","geometry":{"type":"Point","coordinates":[29.063669,41.004438]},"properties":{"osm_id":"way/419171202","kategori":"cami","ad":"Tepeüstü Camii"}},{"type":"Feature","geometry":{"type":"Point","coordinates":[29.132443,40.928475]},"properties":{"osm_id":"way/420017778","kategori":"cami","ad":"Mevlana Camii"}},{"type":"Feature","geometry":{"type":"Point","coordinates":[29.030107,40.996357]},"properties":{"osm_id":"way/421026097","kategori":"cami","ad":"Rasim Paşa Camii"}},{"type":"Feature","geometry":{"type":"Point","coordinates":[29.0492,40.992508]},"properties":{"osm_id":"way/421073618","kategori":"cami","ad":"Fikirtepe Yeni Camii"}},{"type":"Feature","geometry":{"type":"Point","coordinates":[29.054211,40.989565]},"properties":{"osm_id":"way/421073619","kategori":"cami","ad":"Saliha Kulaksızoğlu Camii"}},{"type":"Feature","geometry":{"type":"Point","coordinates":[28.922038,41.090322]},"properties":{"osm_id":"way/427613351","kategori":"cami","ad":"Ülker Camii"}},{"type":"Feature","geometry":{"type":"Point","coordinates":[28.966582,41.092921]},"properties":{"osm_id":"way/427613362","kategori":"cami","ad":"Hamidiye Cami"}},{"type":"Feature","geometry":{"type":"Point","coordinates":[29.065239,41.119182]},"properties":{"osm_id":"way/427613366","kategori":"cami","ad":"Yeniköy Yeni Camii"}},{"type":"Feature","geometry":{"type":"Point","coordinates":[29.101744,41.114777]},"properties":{"osm_id":"way/429509432","kategori":"cami","ad":"Tepeköy Hacı Ali Bey Camii"}},{"type":"Feature","geometry":{"type":"Point","coordinates":[29.103408,41.121837]},"properties":{"osm_id":"way/429509433","kategori":"cami","ad":"Harman Tepe Camii"}},{"type":"Feature","geometry":{"type":"Point","coordinates":[29.088003,41.038581]},"properties":{"osm_id":"way/430037536","kategori":"cami","ad":"Yavuztürk Veysel Karani Camii"}},{"type":"Feature","geometry":{"type":"Point","coordinates":[29.075565,41.039392]},"properties":{"osm_id":"way/430037543","kategori":"cami","ad":"Şehit İbrahim Turan Camii"}},{"type":"Feature","geometry":{"type":"Point","coordinates":[29.166467,41.035568]},"properties":{"osm_id":"way/436659636","kategori":"cami","ad":"Akşemsettin Camii"}},{"type":"Feature","geometry":{"type":"Point","coordinates":[29.114778,41.001346]},"properties":{"osm_id":"way/436659640","kategori":"cami","ad":"Osmangazi Camii"}},{"type":"Feature","geometry":{"type":"Point","coordinates":[29.085398,41.000813]},"properties":{"osm_id":"way/436659641","kategori":"cami","ad":"Yunus Emre"}},{"type":"Feature","geometry":{"type":"Point","coordinates":[29.009981,41.049408]},"properties":{"osm_id":"way/437709811","kategori":"cami","ad":"Yıldız Hamidiye Camii"}},{"type":"Feature","geometry":{"type":"Point","coordinates":[29.034419,41.039535]},"properties":{"osm_id":"way/438900398","kategori":"cami","ad":"Üryanizade Camii"}},{"type":"Feature","geometry":{"type":"Point","coordinates":[29.848499,41.115634]},"properties":{"osm_id":"way/439001434","kategori":"cami","ad":"Yeniköy Mahalle Camii"}},{"type":"Feature","geometry":{"type":"Point","coordinates":[29.871486,41.094607]},"properties":{"osm_id":"way/439001438","kategori":"cami","ad":"Hatipler Nur Camii"}},{"type":"Feature","geometry":{"type":"Point","coordinates":[29.284212,41.010237]},"properties":{"osm_id":"way/439107302","kategori":"cami","ad":"Paşaköy Bağlar Camii"}},{"type":"Feature","geometry":{"type":"Point","coordinates":[29.267997,41.043531]},"properties":{"osm_id":"way/439108866","kategori":"cami","ad":"Emlak Konut Camii"}},{"type":"Feature","geometry":{"type":"Point","coordinates":[29.260371,41.040705]},"properties":{"osm_id":"way/439108876","kategori":"cami","ad":"Nişantepe Camii"}},{"type":"Feature","geometry":{"type":"Point","coordinates":[29.232427,41.040965]},"properties":{"osm_id":"way/439108877","kategori":"cami","ad":"Hacı Mahmut Efendi Camii"}},{"type":"Feature","geometry":{"type":"Point","coordinates":[29.20993,41.013104]},"properties":{"osm_id":"way/439111097","kategori":"cami","ad":"Fatma Sultan Cami"}},{"type":"Feature","geometry":{"type":"Point","coordinates":[29.232533,40.992543]},"properties":{"osm_id":"way/439111101","kategori":"cami","ad":"Münevver Hanım Mescidi Aksa Cami"}},{"type":"Feature","geometry":{"type":"Point","coordinates":[28.753628,41.214911]},"properties":{"osm_id":"way/439147281","kategori":"cami","ad":"İmrahor Abdülaziz Camii"}},{"type":"Feature","geometry":{"type":"Point","coordinates":[29.194783,41.003234]},"properties":{"osm_id":"way/439364051","kategori":"cami","ad":"Hacı İzzet Dursun Camii"}},{"type":"Feature","geometry":{"type":"Point","coordinates":[29.187618,41.012124]},"properties":{"osm_id":"way/439364052","kategori":"cami","ad":"Hacı Hakkı Ekşi Camii"}},{"type":"Feature","geometry":{"type":"Point","coordinates":[29.161423,41.007681]},"properties":{"osm_id":"way/439364059","kategori":"cami","ad":"Modoko Camii"}},{"type":"Feature","geometry":{"type":"Point","coordinates":[29.174852,41.009434]},"properties":{"osm_id":"way/439364060","kategori":"cami","ad":"Hacı Ferhat Nasır Cami"}},{"type":"Feature","geometry":{"type":"Point","coordinates":[29.147964,40.976659]},"properties":{"osm_id":"way/439364061","kategori":"cami","ad":"Medine Mescidi"}},{"type":"Feature","geometry":{"type":"Point","coordinates":[29.140353,40.969047]},"properties":{"osm_id":"way/439364062","kategori":"cami","ad":"Hacı Ahmet Süt Camii"}},{"type":"Feature","geometry":{"type":"Point","coordinates":[29.129354,40.970739]},"properties":{"osm_id":"way/439364063","kategori":"cami","ad":"Orhan Beşer Cami"}},{"type":"Feature","geometry":{"type":"Point","coordinates":[29.123189,40.969889]},"properties":{"osm_id":"way/439364064","kategori":"cami","ad":"Birlik Camii"}},{"type":"Feature","geometry":{"type":"Point","coordinates":[29.113717,40.963314]},"properties":{"osm_id":"way/439364065","kategori":"cami","ad":"Gökyiğit Dursun Özbek Cami"}},{"type":"Feature","geometry":{"type":"Point","coordinates":[29.107581,40.955999]},"properties":{"osm_id":"way/439364066","kategori":"cami","ad":"Varnalı Galip Camii"}},{"type":"Feature","geometry":{"type":"Point","coordinates":[29.278335,41.018143]},"properties":{"osm_id":"way/439365742","kategori":"cami","ad":"Paşaköy Merkez Camii"}},{"type":"Feature","geometry":{"type":"Point","coordinates":[29.264205,40.994151]},"properties":{"osm_id":"way/439365743","kategori":"cami","ad":"Şah-ı Nakşibendi Camii"}},{"type":"Feature","geometry":{"type":"Point","coordinates":[29.265575,40.986732]},"properties":{"osm_id":"way/439365744","kategori":"cami","ad":"Abdurrahman Şeref Güzelyazıcı Camii"}},{"type":"Feature","geometry":{"type":"Point","coordinates":[29.279845,40.963798]},"properties":{"osm_id":"way/439365746","kategori":"cami","ad":"Cami"}},{"type":"Feature","geometry":{"type":"Point","coordinates":[29.296903,40.954783]},"properties":{"osm_id":"way/439365748","kategori":"cami","ad":"Vahdet Camii"}},{"type":"Feature","geometry":{"type":"Point","coordinates":[29.301604,40.953123]},"properties":{"osm_id":"way/439365749","kategori":"cami","ad":"Sİnan Camii"}},{"type":"Feature","geometry":{"type":"Point","coordinates":[29.190468,40.893241]},"properties":{"osm_id":"way/439367114","kategori":"cami","ad":"Akşemsettin Camii"}},{"type":"Feature","geometry":{"type":"Point","coordinates":[29.179961,40.89894]},"properties":{"osm_id":"way/439367115","kategori":"cami","ad":"Yavuz Selim Camii"}},{"type":"Feature","geometry":{"type":"Point","coordinates":[29.195561,40.90408]},"properties":{"osm_id":"way/439367119","kategori":"cami","ad":"Hicret Camii"}},{"type":"Feature","geometry":{"type":"Point","coordinates":[29.197046,40.898523]},"properties":{"osm_id":"way/439367120","kategori":"cami","ad":"Topçamlar Camii"}},{"type":"Feature","geometry":{"type":"Point","coordinates":[29.197774,40.892171]},"properties":{"osm_id":"way/439367122","kategori":"cami","ad":"Çavuşoğlu Tevhit Camii"}},{"type":"Feature","geometry":{"type":"Point","coordinates":[29.222481,40.884565]},"properties":{"osm_id":"way/439367126","kategori":"cami","ad":"Parmaklı Camii"}},{"type":"Feature","geometry":{"type":"Point","coordinates":[29.227225,40.891413]},"properties":{"osm_id":"way/439367127","kategori":"cami","ad":"Yeşilbağlar Sancak Camii"}},{"type":"Feature","geometry":{"type":"Point","coordinates":[29.254724,40.875582]},"properties":{"osm_id":"way/439367129","kategori":"cami","ad":"Bademlik Gülbeden Hatun Camii"}},{"type":"Feature","geometry":{"type":"Point","coordinates":[29.271405,40.874512]},"properties":{"osm_id":"way/439367132","kategori":"cami","ad":"Kaynarca Orta Camii"}},{"type":"Feature","geometry":{"type":"Point","coordinates":[29.28393,40.868607]},"properties":{"osm_id":"way/439367133","kategori":"cami","ad":"Orhangazi Camii"}},{"type":"Feature","geometry":{"type":"Point","coordinates":[28.857532,41.021736]},"properties":{"osm_id":"way/441108560","kategori":"cami","ad":"Yıldıztepe Camii"}},{"type":"Feature","geometry":{"type":"Point","coordinates":[28.865936,41.040578]},"properties":{"osm_id":"way/441108562","kategori":"cami","ad":"Üç Başaran İsmet Hatun Camii"}},{"type":"Feature","geometry":{"type":"Point","coordinates":[28.654148,41.258822]},"properties":{"osm_id":"way/443078273","kategori":"cami","ad":"Baklalı Mahallesi Merkez Camii"}},{"type":"Feature","geometry":{"type":"Point","coordinates":[29.022333,41.031572]},"properties":{"osm_id":"way/444944499","kategori":"cami","ad":"Silahtar Abrurrahman Ağa Camii"}},{"type":"Feature","geometry":{"type":"Point","coordinates":[28.882695,41.028519]},"properties":{"osm_id":"way/446233099","kategori":"cami","ad":"Nur Ahmet Camii"}},{"type":"Feature","geometry":{"type":"Point","coordinates":[28.938228,41.066499]},"properties":{"osm_id":"way/446765794","kategori":"cami","ad":"Şerefiye Cami"}},{"type":"Feature","geometry":{"type":"Point","coordinates":[28.929846,41.066885]},"properties":{"osm_id":"way/446765797","kategori":"cami","ad":"İmam-ı Azam Camii"}},{"type":"Feature","geometry":{"type":"Point","coordinates":[28.939162,41.073271]},"properties":{"osm_id":"way/446765799","kategori":"cami","ad":"Karadolap Cami"}},{"type":"Feature","geometry":{"type":"Point","coordinates":[29.261385,40.877651]},"properties":{"osm_id":"way/446770434","kategori":"cami","ad":null}},{"type":"Feature","geometry":{"type":"Point","coordinates":[29.215483,40.935767]},"properties":{"osm_id":"way/446770466","kategori":"cami","ad":"Adnan Kahveci Camii"}},{"type":"Feature","geometry":{"type":"Point","coordinates":[29.018101,41.025458]},"properties":{"osm_id":"way/447157794","kategori":"cami","ad":"Şeyh Devati Mustafa Efendi Mosque"}},{"type":"Feature","geometry":{"type":"Point","coordinates":[28.968159,41.03689]},"properties":{"osm_id":"way/447623269","kategori":"cami","ad":"Pişmaniye Mescidi"}},{"type":"Feature","geometry":{"type":"Point","coordinates":[29.107538,41.123379]},"properties":{"osm_id":"way/448281383","kategori":"cami","ad":"Çiftehavuzlar Mevlüt Meryem Özer Cami"}},{"type":"Feature","geometry":{"type":"Point","coordinates":[29.216827,41.020836]},"properties":{"osm_id":"way/452839090","kategori":"cami","ad":"Halit Bin Velit Camii"}},{"type":"Feature","geometry":{"type":"Point","coordinates":[29.241728,41.033084]},"properties":{"osm_id":"way/452839092","kategori":"cami","ad":"Hacı Fatma Talip Kahraman Camii"}},{"type":"Feature","geometry":{"type":"Point","coordinates":[29.11422,41.00871]},"properties":{"osm_id":"way/453995436","kategori":"cami","ad":"Refiye Soyak Camii"}},{"type":"Feature","geometry":{"type":"Point","coordinates":[29.149587,40.941934]},"properties":{"osm_id":"way/454187412","kategori":"cami","ad":"15 Evler Merkez Cami"}},{"type":"Feature","geometry":{"type":"Point","coordinates":[29.146511,40.935069]},"properties":{"osm_id":"way/454187426","kategori":"cami","ad":"Narlıdere Cami"}},{"type":"Feature","geometry":{"type":"Point","coordinates":[29.150834,40.934599]},"properties":{"osm_id":"way/454187430","kategori":"cami","ad":"Zümrütevler Merkez Cami"}},{"type":"Feature","geometry":{"type":"Point","coordinates":[29.150962,40.9372]},"properties":{"osm_id":"way/454192364","kategori":"cami","ad":"Süreyyapaşa Cami"}},{"type":"Feature","geometry":{"type":"Point","coordinates":[28.24919,41.079832]},"properties":{"osm_id":"way/454663510","kategori":"cami","ad":"Kiptaş Ş. Akıncı Camii"}},{"type":"Feature","geometry":{"type":"Point","coordinates":[28.237357,41.150524]},"properties":{"osm_id":"way/454665973","kategori":"cami","ad":null}},{"type":"Feature","geometry":{"type":"Point","coordinates":[29.13113,41.012608]},"properties":{"osm_id":"way/457632765","kategori":"cami","ad":"Şehit Yurdanur Camii"}},{"type":"Feature","geometry":{"type":"Point","coordinates":[29.125584,41.013811]},"properties":{"osm_id":"way/457650884","kategori":"cami","ad":"Çakmak Çamlık Camii"}},{"type":"Feature","geometry":{"type":"Point","coordinates":[29.128323,41.007882]},"properties":{"osm_id":"way/457653605","kategori":"cami","ad":"Mustafa Efendi Camii"}},{"type":"Feature","geometry":{"type":"Point","coordinates":[28.891211,41.072268]},"properties":{"osm_id":"way/457739278","kategori":"cami","ad":"Muharrem Cami"}},{"type":"Feature","geometry":{"type":"Point","coordinates":[28.887294,41.07045]},"properties":{"osm_id":"way/457739279","kategori":"cami","ad":"Bilali Habeşi Camii"}},{"type":"Feature","geometry":{"type":"Point","coordinates":[29.335286,40.954855]},"properties":{"osm_id":"way/457935671","kategori":"cami","ad":"Kurna Mahallesi Camii"}},{"type":"Feature","geometry":{"type":"Point","coordinates":[28.932267,41.052003]},"properties":{"osm_id":"way/457941709","kategori":"cami","ad":"Kaşgari Murtaza Efendi Cami"}},{"type":"Feature","geometry":{"type":"Point","coordinates":[29.217937,41.007875]},"properties":{"osm_id":"way/457960633","kategori":"cami","ad":"Fitnat Hanım Cami"}},{"type":"Feature","geometry":{"type":"Point","coordinates":[28.57615,41.022116]},"properties":{"osm_id":"way/458053894","kategori":"cami","ad":"Sokullu Mehmet Paşa Camii"}},{"type":"Feature","geometry":{"type":"Point","coordinates":[28.579959,41.023607]},"properties":{"osm_id":"way/458059953","kategori":"cami","ad":"Fatih Camii"}},{"type":"Feature","geometry":{"type":"Point","coordinates":[29.135394,41.013985]},"properties":{"osm_id":"way/458494917","kategori":"cami","ad":"Güneysu Camii"}},{"type":"Feature","geometry":{"type":"Point","coordinates":[29.13495,41.008971]},"properties":{"osm_id":"way/458618075","kategori":"cami","ad":"Davud Dede Camii"}},{"type":"Feature","geometry":{"type":"Point","coordinates":[29.126638,40.99499]},"properties":{"osm_id":"way/458618077","kategori":"cami","ad":"Cami"}},{"type":"Feature","geometry":{"type":"Point","coordinates":[29.45633,41.183251]},"properties":{"osm_id":"way/458883006","kategori":"cami","ad":"Alacalı Mahallesi Camii"}},{"type":"Feature","geometry":{"type":"Point","coordinates":[29.236347,41.049736]},"properties":{"osm_id":"way/458980047","kategori":"cami","ad":"Alemdağ Vakıf Cami"}},{"type":"Feature","geometry":{"type":"Point","coordinates":[29.241843,41.047992]},"properties":{"osm_id":"way/458995211","kategori":"cami","ad":null}},{"type":"Feature","geometry":{"type":"Point","coordinates":[29.122696,40.934526]},"properties":{"osm_id":"way/459374579","kategori":"cami","ad":"İmdat Vakfı Camii"}},{"type":"Feature","geometry":{"type":"Point","coordinates":[29.189527,40.904397]},"properties":{"osm_id":"way/460387875","kategori":"cami","ad":"Yeşil Camii"}},{"type":"Feature","geometry":{"type":"Point","coordinates":[28.937972,41.009285]},"properties":{"osm_id":"way/461114149","kategori":"cami","ad":"Kasap Halil Paşa Camii"}},{"type":"Feature","geometry":{"type":"Point","coordinates":[29.140702,40.923971]},"properties":{"osm_id":"way/461120681","kategori":"cami","ad":"Fidanlık Cami"}},{"type":"Feature","geometry":{"type":"Point","coordinates":[29.20669,40.91346]},"properties":{"osm_id":"way/461191337","kategori":"cami","ad":"Hacılar Camii"}},{"type":"Feature","geometry":{"type":"Point","coordinates":[29.140643,40.920786]},"properties":{"osm_id":"way/461207948","kategori":"cami","ad":"Esenyurt Cami"}},{"type":"Feature","geometry":{"type":"Point","coordinates":[29.125913,40.941724]},"properties":{"osm_id":"way/461214664","kategori":"cami","ad":"Ebubekir Camii"}},{"type":"Feature","geometry":{"type":"Point","coordinates":[29.030478,41.031939]},"properties":{"osm_id":"way/461664227","kategori":"cami","ad":"Hacı Mehmet Ali Öztürk Camii"}},{"type":"Feature","geometry":{"type":"Point","coordinates":[29.123456,41.019843]},"properties":{"osm_id":"way/462362564","kategori":"cami","ad":"Çakmak Çarşı Camii"}},{"type":"Feature","geometry":{"type":"Point","coordinates":[29.077144,41.025661]},"properties":{"osm_id":"way/462516729","kategori":"cami","ad":"Yücedal Camii"}},{"type":"Feature","geometry":{"type":"Point","coordinates":[29.130963,40.975585]},"properties":{"osm_id":"way/462669599","kategori":"cami","ad":"Hz. Ebubekir Sıddık Camii"}},{"type":"Feature","geometry":{"type":"Point","coordinates":[29.158307,40.928301]},"properties":{"osm_id":"way/462742397","kategori":"cami","ad":"Cengiz Topel Camii"}},{"type":"Feature","geometry":{"type":"Point","coordinates":[29.154699,40.929221]},"properties":{"osm_id":"way/462742398","kategori":"cami","ad":"Hz. Fatime-i Zehra Camii"}},{"type":"Feature","geometry":{"type":"Point","coordinates":[29.169242,40.922611]},"properties":{"osm_id":"way/462742399","kategori":"cami","ad":"Fatih Camii"}},{"type":"Feature","geometry":{"type":"Point","coordinates":[29.169305,40.93049]},"properties":{"osm_id":"way/462742400","kategori":"cami","ad":"Esenkent Ulu Camii"}},{"type":"Feature","geometry":{"type":"Point","coordinates":[29.220572,40.981526]},"properties":{"osm_id":"way/462742402","kategori":"cami","ad":"Veysel Karani Camii"}},{"type":"Feature","geometry":{"type":"Point","coordinates":[29.231075,40.984597]},"properties":{"osm_id":"way/462742403","kategori":"cami","ad":"Hazreti Ebubekir Sıddık Cami"}},{"type":"Feature","geometry":{"type":"Point","coordinates":[29.236879,40.987245]},"properties":{"osm_id":"way/462742404","kategori":"cami","ad":"Osmangazi Cami"}},{"type":"Feature","geometry":{"type":"Point","coordinates":[29.24106,40.982935]},"properties":{"osm_id":"way/462742406","kategori":"cami","ad":"Bilali Habeşi Camii"}},{"type":"Feature","geometry":{"type":"Point","coordinates":[29.033247,41.051029]},"properties":{"osm_id":"way/463029418","kategori":"cami","ad":"Defterdar İbrahim Paşa Cami"}},{"type":"Feature","geometry":{"type":"Point","coordinates":[28.535883,40.995937]},"properties":{"osm_id":"way/463114897","kategori":"cami","ad":"Sinanoba Akşemseddin Hz. Cami"}},{"type":"Feature","geometry":{"type":"Point","coordinates":[28.858241,41.01267]},"properties":{"osm_id":"way/463202788","kategori":"cami","ad":"Soğanlı Merkez Camii"}},{"type":"Feature","geometry":{"type":"Point","coordinates":[28.872676,41.007411]},"properties":{"osm_id":"way/463202800","kategori":"cami","ad":"Metin Şar Camii"}},{"type":"Feature","geometry":{"type":"Point","coordinates":[28.827454,41.007017]},"properties":{"osm_id":"way/463232937","kategori":"cami","ad":"Molla Gürani Cami"}},{"type":"Feature","geometry":{"type":"Point","coordinates":[29.000813,41.060278]},"properties":{"osm_id":"way/463251168","kategori":"cami","ad":"Fulya Yeni Cami"}},{"type":"Feature","geometry":{"type":"Point","coordinates":[29.300604,40.845764]},"properties":{"osm_id":"way/463412318","kategori":"cami","ad":"İçmeler İstasyon Camii"}},{"type":"Feature","geometry":{"type":"Point","coordinates":[29.296919,40.843291]},"properties":{"osm_id":"way/463412321","kategori":"cami","ad":"Hz. Ömer Camii"}},{"type":"Feature","geometry":{"type":"Point","coordinates":[28.560616,41.016003]},"properties":{"osm_id":"way/464705359","kategori":"cami","ad":"Mimar Sinan Merkez Camil"}},{"type":"Feature","geometry":{"type":"Point","coordinates":[28.955142,41.01696]},"properties":{"osm_id":"way/465144827","kategori":"cami","ad":"Husambey Tezgahcilar Camii"}},{"type":"Feature","geometry":{"type":"Point","coordinates":[28.84203,41.01842]},"properties":{"osm_id":"way/465410166","kategori":"cami","ad":"Kocasinan Merkez Camii"}},{"type":"Feature","geometry":{"type":"Point","coordinates":[28.823636,41.012129]},"properties":{"osm_id":"way/465410200","kategori":"cami","ad":"Yeni Bosna Altınyıldız Camii"}},{"type":"Feature","geometry":{"type":"Point","coordinates":[28.556164,41.014487]},"properties":{"osm_id":"way/465711454","kategori":"cami","ad":"Mimar Sinan Yeni Cami"}},{"type":"Feature","geometry":{"type":"Point","coordinates":[28.88028,40.993198]},"properties":{"osm_id":"way/466605936","kategori":"cami","ad":"Nakşiye Esen Cami"}},{"type":"Feature","geometry":{"type":"Point","coordinates":[28.751567,41.20869]},"properties":{"osm_id":"way/468077819","kategori":"cami","ad":"İmrahor Malkoçoğlu Camii"}},{"type":"Feature","geometry":{"type":"Point","coordinates":[29.141344,41.005492]},"properties":{"osm_id":"way/474231515","kategori":"cami","ad":"Mehmed Zahid Kotku Camii"}},{"type":"Feature","geometry":{"type":"Point","coordinates":[29.139126,41.007572]},"properties":{"osm_id":"way/474231517","kategori":"cami","ad":"Hz. Ebubekir Camii"}},{"type":"Feature","geometry":{"type":"Point","coordinates":[29.082491,41.100723]},"properties":{"osm_id":"way/474337757","kategori":"cami","ad":"engürübağı cami"}},{"type":"Feature","geometry":{"type":"Point","coordinates":[29.133291,40.950996]},"properties":{"osm_id":"way/475263194","kategori":"cami","ad":"Başıbüyük Çobanlarderesi Camii"}},{"type":"Feature","geometry":{"type":"Point","coordinates":[29.130776,40.946701]},"properties":{"osm_id":"way/475263195","kategori":"cami","ad":"Mavievler Cami"}},{"type":"Feature","geometry":{"type":"Point","coordinates":[29.143148,40.975055]},"properties":{"osm_id":"way/475587619","kategori":"cami","ad":"Uhud Camii"}},{"type":"Feature","geometry":{"type":"Point","coordinates":[29.052475,40.974534]},"properties":{"osm_id":"way/478587309","kategori":"cami","ad":"Selamiçeşme Cami"}},{"type":"Feature","geometry":{"type":"Point","coordinates":[29.148976,40.916935]},"properties":{"osm_id":"way/478636360","kategori":"cami","ad":"Orhangazi Camii"}},{"type":"Feature","geometry":{"type":"Point","coordinates":[29.154906,40.918523]},"properties":{"osm_id":"way/478636361","kategori":"cami","ad":"Tugayyolu Camii"}},{"type":"Feature","geometry":{"type":"Point","coordinates":[29.168166,40.916405]},"properties":{"osm_id":"way/478636363","kategori":"cami","ad":"Mustafa Denizler Camii"}},{"type":"Feature","geometry":{"type":"Point","coordinates":[29.24414,40.899263]},"properties":{"osm_id":"way/478658931","kategori":"cami","ad":"Çınardere Yayla Camii"}},{"type":"Feature","geometry":{"type":"Point","coordinates":[28.814665,40.959298]},"properties":{"osm_id":"way/478682582","kategori":"cami","ad":"Hacı Mevlüt Nalbant Cami"}},{"type":"Feature","geometry":{"type":"Point","coordinates":[29.172411,40.912927]},"properties":{"osm_id":"way/478834718","kategori":"cami","ad":"Kavaklı Camii"}},{"type":"Feature","geometry":{"type":"Point","coordinates":[28.099703,41.320276]},"properties":{"osm_id":"way/484867403","kategori":"cami","ad":"Hallaçlı Merkez Mahalle Camii"}},{"type":"Feature","geometry":{"type":"Point","coordinates":[29.225767,40.917625]},"properties":{"osm_id":"way/485212647","kategori":"cami","ad":"Yakacık Ulu Camii"}},{"type":"Feature","geometry":{"type":"Point","coordinates":[29.084126,41.036841]},"properties":{"osm_id":"way/485984696","kategori":"cami","ad":"Sabire Kadir Camii"}},{"type":"Feature","geometry":{"type":"Point","coordinates":[28.060785,41.237448]},"properties":{"osm_id":"way/488361237","kategori":"cami","ad":null}},{"type":"Feature","geometry":{"type":"Point","coordinates":[28.065316,41.248936]},"properties":{"osm_id":"way/488361241","kategori":"cami","ad":null}},{"type":"Feature","geometry":{"type":"Point","coordinates":[28.905509,41.061901]},"properties":{"osm_id":"way/488400670","kategori":"cami","ad":"Bosna Sancak Cami"}},{"type":"Feature","geometry":{"type":"Point","coordinates":[28.891912,41.108382]},"properties":{"osm_id":"way/488400672","kategori":"cami","ad":"Yeşiltepe Camii"}},{"type":"Feature","geometry":{"type":"Point","coordinates":[28.087084,41.061157]},"properties":{"osm_id":"way/488784086","kategori":"cami","ad":"Cami"}},{"type":"Feature","geometry":{"type":"Point","coordinates":[28.041955,41.046732]},"properties":{"osm_id":"way/488784102","kategori":"cami","ad":"Gümüşkaya Mahallesi Camii"}},{"type":"Feature","geometry":{"type":"Point","coordinates":[28.010852,41.099203]},"properties":{"osm_id":"way/488784108","kategori":"cami","ad":"Değirmenköy Camii"}},{"type":"Feature","geometry":{"type":"Point","coordinates":[28.785159,41.031429]},"properties":{"osm_id":"way/489569433","kategori":"cami","ad":"Istanbul Sabahattin Zaim Üniversitesi Camii"}},{"type":"Feature","geometry":{"type":"Point","coordinates":[29.266546,40.966312]},"properties":{"osm_id":"way/490953371","kategori":"cami","ad":"Sultanbeyli Merkez Camii"}},{"type":"Feature","geometry":{"type":"Point","coordinates":[29.159657,40.92579]},"properties":{"osm_id":"way/490956346","kategori":"cami","ad":"Akşemsettin Camii"}},{"type":"Feature","geometry":{"type":"Point","coordinates":[28.543038,41.007318]},"properties":{"osm_id":"way/491168433","kategori":"cami","ad":"Piri Reis Cami"}},{"type":"Feature","geometry":{"type":"Point","coordinates":[28.446757,41.038766]},"properties":{"osm_id":"way/491168440","kategori":"cami","ad":"Cami"}},{"type":"Feature","geometry":{"type":"Point","coordinates":[28.3858,41.055957]},"properties":{"osm_id":"way/491168441","kategori":"cami","ad":"Cami"}},{"type":"Feature","geometry":{"type":"Point","coordinates":[29.293879,40.959943]},"properties":{"osm_id":"way/491444131","kategori":"cami","ad":"Ali Habeşi Camii"}},{"type":"Feature","geometry":{"type":"Point","coordinates":[29.301965,40.912839]},"properties":{"osm_id":"way/491445402","kategori":"cami","ad":"Kurtköy Merkez Camii"}},{"type":"Feature","geometry":{"type":"Point","coordinates":[29.309575,40.910241]},"properties":{"osm_id":"way/491445403","kategori":"cami","ad":"Lokman Hekim Camii"}},{"type":"Feature","geometry":{"type":"Point","coordinates":[29.278068,40.862768]},"properties":{"osm_id":"way/491445404","kategori":"cami","ad":"Hz. Ebuzer El Gifari Camii"}},{"type":"Feature","geometry":{"type":"Point","coordinates":[29.285024,40.856622]},"properties":{"osm_id":"way/491445405","kategori":"cami","ad":"Hafız Kaplan Camii"}},{"type":"Feature","geometry":{"type":"Point","coordinates":[29.335082,40.877312]},"properties":{"osm_id":"way/491445406","kategori":"cami","ad":"Hz, Osman Camii"}},{"type":"Feature","geometry":{"type":"Point","coordinates":[29.308144,40.950413]},"properties":{"osm_id":"way/491807886","kategori":"cami","ad":"Mecidiye Camii"}},{"type":"Feature","geometry":{"type":"Point","coordinates":[29.119191,41.012386]},"properties":{"osm_id":"way/492498728","kategori":"cami","ad":"Sancaktepe Camii"}},{"type":"Feature","geometry":{"type":"Point","coordinates":[28.97023,41.042927]},"properties":{"osm_id":"way/492585972","kategori":"cami","ad":"Sahaf Muslihittin Mescidi"}},{"type":"Feature","geometry":{"type":"Point","coordinates":[28.962708,41.038733]},"properties":{"osm_id":"way/492585974","kategori":"cami","ad":"Kulaklsız Çarşı Camii"}},{"type":"Feature","geometry":{"type":"Point","coordinates":[28.799847,41.035586]},"properties":{"osm_id":"way/492701356","kategori":"cami","ad":"Sarayaltı Arafat Camii"}},{"type":"Feature","geometry":{"type":"Point","coordinates":[28.849165,41.014451]},"properties":{"osm_id":"way/492701363","kategori":"cami","ad":"Mimar Sinan Camii"}},{"type":"Feature","geometry":{"type":"Point","coordinates":[28.856278,41.041838]},"properties":{"osm_id":"way/492701369","kategori":"cami","ad":"Mevlana Camii"}},{"type":"Feature","geometry":{"type":"Point","coordinates":[28.870161,41.044355]},"properties":{"osm_id":"way/492705434","kategori":"cami","ad":"Kazım Karabekir Camii"}},{"type":"Feature","geometry":{"type":"Point","coordinates":[29.098826,40.995941]},"properties":{"osm_id":"way/494185567","kategori":"cami","ad":"Selman-I Farısi Camii"}},{"type":"Feature","geometry":{"type":"Point","coordinates":[28.960378,41.041224]},"properties":{"osm_id":"way/495067032","kategori":"cami","ad":"Okçular Mescidi"}},{"type":"Feature","geometry":{"type":"Point","coordinates":[28.959371,41.041779]},"properties":{"osm_id":"way/495067035","kategori":"cami","ad":"Mescid"}},{"type":"Feature","geometry":{"type":"Point","coordinates":[28.856148,41.104615]},"properties":{"osm_id":"way/495795086","kategori":"cami","ad":"Hacı Bayram Veli Camii"}},{"type":"Feature","geometry":{"type":"Point","coordinates":[28.780206,41.128983]},"properties":{"osm_id":"way/495798059","kategori":"cami","ad":"Abdülhamid Han Cami"}},{"type":"Feature","geometry":{"type":"Point","coordinates":[29.303058,40.958661]},"properties":{"osm_id":"way/495807525","kategori":"cami","ad":"Mevlana Halid Bağdadi Camii"}},{"type":"Feature","geometry":{"type":"Point","coordinates":[28.800053,40.98912]},"properties":{"osm_id":"way/495812437","kategori":"cami","ad":"Florya Evleri Camii"}},{"type":"Feature","geometry":{"type":"Point","coordinates":[28.96808,41.087054]},"properties":{"osm_id":"way/496642136","kategori":"cami","ad":"Havuzlar Camii"}},{"type":"Feature","geometry":{"type":"Point","coordinates":[28.977805,41.096014]},"properties":{"osm_id":"way/496642137","kategori":"cami","ad":"Abdülhamithan Camii"}},{"type":"Feature","geometry":{"type":"Point","coordinates":[29.048574,41.111817]},"properties":{"osm_id":"way/498348785","kategori":"cami","ad":"Boğaziçi Camii"}},{"type":"Feature","geometry":{"type":"Point","coordinates":[29.073708,41.181927]},"properties":{"osm_id":"way/498348884","kategori":"cami","ad":"Cami"}},{"type":"Feature","geometry":{"type":"Point","coordinates":[29.063834,41.175137]},"properties":{"osm_id":"way/498348885","kategori":"cami","ad":"Cami"}},{"type":"Feature","geometry":{"type":"Point","coordinates":[29.057662,41.169803]},"properties":{"osm_id":"way/498348904","kategori":"cami","ad":"Sarıyer Yeni Merkez Camii"}},{"type":"Feature","geometry":{"type":"Point","coordinates":[29.111552,41.233764]},"properties":{"osm_id":"way/498348921","kategori":"cami","ad":"Rumelifeneri Yeni Cami"}},{"type":"Feature","geometry":{"type":"Point","coordinates":[29.052885,41.097882]},"properties":{"osm_id":"way/498371226","kategori":"cami","ad":"Baltalimani Serhazir Suleyman Aga Camii"}},{"type":"Feature","geometry":{"type":"Point","coordinates":[28.671459,41.198154]},"properties":{"osm_id":"way/498377619","kategori":"cami","ad":"Cami"}},{"type":"Feature","geometry":{"type":"Point","coordinates":[28.831913,41.133837]},"properties":{"osm_id":"way/498377626","kategori":"cami","ad":"Habipler Mahç Camii"}},{"type":"Feature","geometry":{"type":"Point","coordinates":[29.022532,41.116366]},"properties":{"osm_id":"way/498633980","kategori":"cami","ad":"Nazmi Akbabacı Camii"}},{"type":"Feature","geometry":{"type":"Point","coordinates":[28.945728,41.034471]},"properties":{"osm_id":"way/498785039","kategori":"cami","ad":"Ferruh Kethuda Cami"}},{"type":"Feature","geometry":{"type":"Point","coordinates":[28.854912,41.050766]},"properties":{"osm_id":"way/498796771","kategori":"cami","ad":"Cami"}},{"type":"Feature","geometry":{"type":"Point","coordinates":[28.8571,41.048448]},"properties":{"osm_id":"way/498796779","kategori":"cami","ad":"Cami"}},{"type":"Feature","geometry":{"type":"Point","coordinates":[28.858266,41.050316]},"properties":{"osm_id":"way/498796783","kategori":"cami","ad":"Cami"}},{"type":"Feature","geometry":{"type":"Point","coordinates":[28.896177,41.07004]},"properties":{"osm_id":"way/498796956","kategori":"cami","ad":"Berat Camii"}},{"type":"Feature","geometry":{"type":"Point","coordinates":[28.899402,41.067901]},"properties":{"osm_id":"way/498796957","kategori":"cami","ad":"Yeşil Cami"}},{"type":"Feature","geometry":{"type":"Point","coordinates":[28.898025,41.064237]},"properties":{"osm_id":"way/498796958","kategori":"cami","ad":"Barbaros Hayrettin Cami"}},{"type":"Feature","geometry":{"type":"Point","coordinates":[28.900724,41.062171]},"properties":{"osm_id":"way/498796959","kategori":"cami","ad":"Yusufbey Cami"}},{"type":"Feature","geometry":{"type":"Point","coordinates":[28.904909,41.059622]},"properties":{"osm_id":"way/498796960","kategori":"cami","ad":"Çukurçeşme Namazgah Camii"}},{"type":"Feature","geometry":{"type":"Point","coordinates":[28.910206,41.060703]},"properties":{"osm_id":"way/498796963","kategori":"cami","ad":"Hacı Hüseyin Cami"}},{"type":"Feature","geometry":{"type":"Point","coordinates":[28.868952,41.04802]},"properties":{"osm_id":"way/498822625","kategori":"cami","ad":"Hz. Bilal-i Habeşi Cami"}},{"type":"Feature","geometry":{"type":"Point","coordinates":[28.867544,41.055473]},"properties":{"osm_id":"way/498822626","kategori":"cami","ad":"Havaalanı Uhud Camii"}},{"type":"Feature","geometry":{"type":"Point","coordinates":[28.973453,41.04608]},"properties":{"osm_id":"way/498837520","kategori":"cami","ad":"Yayla Cami"}},{"type":"Feature","geometry":{"type":"Point","coordinates":[28.974691,41.055383]},"properties":{"osm_id":"way/498837527","kategori":"cami","ad":"Feriköy Paşa Camii"}},{"type":"Feature","geometry":{"type":"Point","coordinates":[28.965072,41.06093]},"properties":{"osm_id":"way/498837528","kategori":"cami","ad":"Talatpaşa Merkez Cami"}},{"type":"Feature","geometry":{"type":"Point","coordinates":[28.966143,41.058673]},"properties":{"osm_id":"way/498837555","kategori":"cami","ad":"Darülaceze Camii"}},{"type":"Feature","geometry":{"type":"Point","coordinates":[28.956543,41.051241]},"properties":{"osm_id":"way/498837562","kategori":"cami","ad":"Piri Paşa Hazreti Ali Cami"}},{"type":"Feature","geometry":{"type":"Point","coordinates":[28.950498,41.052916]},"properties":{"osm_id":"way/498837563","kategori":"cami","ad":"Halid Bin Velid Cami"}},{"type":"Feature","geometry":{"type":"Point","coordinates":[28.952582,41.059063]},"properties":{"osm_id":"way/498837565","kategori":"cami","ad":"Cami"}},{"type":"Feature","geometry":{"type":"Point","coordinates":[28.95062,41.075013]},"properties":{"osm_id":"way/498837577","kategori":"cami","ad":"Mareşal Fevzi Çakmak Cami"}},{"type":"Feature","geometry":{"type":"Point","coordinates":[28.936932,41.086612]},"properties":{"osm_id":"way/498837579","kategori":"cami","ad":"Cami"}},{"type":"Feature","geometry":{"type":"Point","coordinates":[28.973561,41.087271]},"properties":{"osm_id":"way/498837606","kategori":"cami","ad":"Kağıthane Süleymaniye Camii"}},{"type":"Feature","geometry":{"type":"Point","coordinates":[28.969731,41.092481]},"properties":{"osm_id":"way/498837611","kategori":"cami","ad":"Hz. Ebubekir Cami"}},{"type":"Feature","geometry":{"type":"Point","coordinates":[28.97197,41.093236]},"properties":{"osm_id":"way/498837612","kategori":"cami","ad":"Ulu Camii"}},{"type":"Feature","geometry":{"type":"Point","coordinates":[29.045161,41.067894]},"properties":{"osm_id":"way/498861672","kategori":"cami","ad":"Tevfikiye Cami"}},{"type":"Feature","geometry":{"type":"Point","coordinates":[29.026789,41.047311]},"properties":{"osm_id":"way/498861735","kategori":"cami","ad":"Büyük Mecidiye Camii"}},{"type":"Feature","geometry":{"type":"Point","coordinates":[29.016911,41.04536]},"properties":{"osm_id":"way/498861770","kategori":"cami","ad":"Küçük Mecidiye Camii"}},{"type":"Feature","geometry":{"type":"Point","coordinates":[29.012712,41.044055]},"properties":{"osm_id":"way/498861864","kategori":"cami","ad":"Asariye Camii"}},{"type":"Feature","geometry":{"type":"Point","coordinates":[29.005844,41.044883]},"properties":{"osm_id":"way/498861870","kategori":"cami","ad":"Abbasağa Camii"}},{"type":"Feature","geometry":{"type":"Point","coordinates":[28.995263,41.036757]},"properties":{"osm_id":"way/498861874","kategori":"cami","ad":"Bezmialem Valide Sultan Camii"}},{"type":"Feature","geometry":{"type":"Point","coordinates":[28.990543,41.032127]},"properties":{"osm_id":"way/498861881","kategori":"cami","ad":"Molla Çelebi Cami (Fındıklı Camii)"}},{"type":"Feature","geometry":{"type":"Point","coordinates":[28.983101,41.027401]},"properties":{"osm_id":"way/498861882","kategori":"cami","ad":"Nusretiye Camii"}},{"type":"Feature","geometry":{"type":"Point","coordinates":[28.981996,41.02857]},"properties":{"osm_id":"way/498861883","kategori":"cami","ad":"Ebul Fadıl Mehmet Efendi Camii"}},{"type":"Feature","geometry":{"type":"Point","coordinates":[28.967809,41.025051]},"properties":{"osm_id":"way/498861887","kategori":"cami","ad":"Azapkapı Sokullu Mehmet Paşa Cami"}},{"type":"Feature","geometry":{"type":"Point","coordinates":[28.959219,41.044706]},"properties":{"osm_id":"way/498861897","kategori":"cami","ad":"Fathi Sultan Konak Cami"}},{"type":"Feature","geometry":{"type":"Point","coordinates":[28.966001,41.044565]},"properties":{"osm_id":"way/498861900","kategori":"cami","ad":"Piyale Paşa Camii"}},{"type":"Feature","geometry":{"type":"Point","coordinates":[28.973225,41.052924]},"properties":{"osm_id":"way/498861902","kategori":"cami","ad":"Kule Mevki Cami"}},{"type":"Feature","geometry":{"type":"Point","coordinates":[28.964998,41.064468]},"properties":{"osm_id":"way/498861903","kategori":"cami","ad":"Dereyolu Camii"}},{"type":"Feature","geometry":{"type":"Point","coordinates":[28.986699,41.072365]},"properties":{"osm_id":"way/498861906","kategori":"cami","ad":"Cengiz Topel Camii"}},{"type":"Feature","geometry":{"type":"Point","coordinates":[28.987263,41.081742]},"properties":{"osm_id":"way/498861907","kategori":"cami","ad":"Cami"}},{"type":"Feature","geometry":{"type":"Point","coordinates":[28.969307,41.06959]},"properties":{"osm_id":"way/498861931","kategori":"cami","ad":"Huzur Camii"}},{"type":"Feature","geometry":{"type":"Point","coordinates":[29.003722,41.120532]},"properties":{"osm_id":"way/498879522","kategori":"cami","ad":"Şerife Bacı Camii"}},{"type":"Feature","geometry":{"type":"Point","coordinates":[29.02934,41.129441]},"properties":{"osm_id":"way/498879764","kategori":"cami","ad":"Çamlıtepe Merkez Camii"}},{"type":"Feature","geometry":{"type":"Point","coordinates":[28.686996,41.036838]},"properties":{"osm_id":"way/498931102","kategori":"cami","ad":"Hz. Hamza Camii"}},{"type":"Feature","geometry":{"type":"Point","coordinates":[28.773394,40.997537]},"properties":{"osm_id":"way/498931521","kategori":"cami","ad":"Cami"}},{"type":"Feature","geometry":{"type":"Point","coordinates":[28.846166,40.987495]},"properties":{"osm_id":"way/498931892","kategori":"cami","ad":"Ataköy 9. Kısım Cami"}},{"type":"Feature","geometry":{"type":"Point","coordinates":[28.93237,41.001583]},"properties":{"osm_id":"way/498932075","kategori":"cami","ad":"Abdi Çelebi Cami"}},{"type":"Feature","geometry":{"type":"Point","coordinates":[28.922676,40.998353]},"properties":{"osm_id":"way/498932080","kategori":"cami","ad":"Hacı Piri Cami"}},{"type":"Feature","geometry":{"type":"Point","coordinates":[29.090051,41.084158]},"properties":{"osm_id":"way/499172347","kategori":"cami","ad":"Göksu Hisar Camii"}},{"type":"Feature","geometry":{"type":"Point","coordinates":[29.074493,41.062097]},"properties":{"osm_id":"way/499172370","kategori":"cami","ad":"Hz. Ömer Camii"}},{"type":"Feature","geometry":{"type":"Point","coordinates":[29.068647,41.064959]},"properties":{"osm_id":"way/499172371","kategori":"cami","ad":"Cami"}},{"type":"Feature","geometry":{"type":"Point","coordinates":[29.024277,41.013038]},"properties":{"osm_id":"way/499172486","kategori":"cami","ad":"Şakirin Cami"}},{"type":"Feature","geometry":{"type":"Point","coordinates":[29.035578,41.016889]},"properties":{"osm_id":"way/499172493","kategori":"cami","ad":"Hacı Emin Yıldırım Camii"}},{"type":"Feature","geometry":{"type":"Point","coordinates":[29.045735,41.04514]},"properties":{"osm_id":"way/499172507","kategori":"cami","ad":"Beylerbeyi Camii"}},{"type":"Feature","geometry":{"type":"Point","coordinates":[29.283425,40.821917]},"properties":{"osm_id":"way/499299652","kategori":"cami","ad":"Mercan Yeni Cami"}},{"type":"Feature","geometry":{"type":"Point","coordinates":[29.109219,40.947269]},"properties":{"osm_id":"way/499316050","kategori":"cami","ad":"Küçükyalı Merkez Cami"}},{"type":"Feature","geometry":{"type":"Point","coordinates":[29.027601,41.015288]},"properties":{"osm_id":"way/499316116","kategori":"cami","ad":"Cevri Kalfa Camii"}},{"type":"Feature","geometry":{"type":"Point","coordinates":[29.033271,41.012785]},"properties":{"osm_id":"way/499316117","kategori":"cami","ad":"Barbaros Camii"}},{"type":"Feature","geometry":{"type":"Point","coordinates":[29.114972,40.943326]},"properties":{"osm_id":"way/499354848","kategori":"cami","ad":"Çınar Camii"}},{"type":"Feature","geometry":{"type":"Point","coordinates":[29.102401,40.953031]},"properties":{"osm_id":"way/499354862","kategori":"cami","ad":"Altıntepe Cami"}},{"type":"Feature","geometry":{"type":"Point","coordinates":[29.190243,40.956642]},"properties":{"osm_id":"way/499354988","kategori":"cami","ad":"Maltepe Üniversitesi Camii"}},{"type":"Feature","geometry":{"type":"Point","coordinates":[29.15161,40.990647]},"properties":{"osm_id":"way/499387712","kategori":"cami","ad":"Mehmet Uslu Cami"}},{"type":"Feature","geometry":{"type":"Point","coordinates":[29.153118,40.911919]},"properties":{"osm_id":"way/499387743","kategori":"cami","ad":"Cevizli İstasyon Camii"}},{"type":"Feature","geometry":{"type":"Point","coordinates":[29.201692,40.912421]},"properties":{"osm_id":"way/499387756","kategori":"cami","ad":"Soğanlık Ulu Cami"}},{"type":"Feature","geometry":{"type":"Point","coordinates":[29.209102,40.918066]},"properties":{"osm_id":"way/499387759","kategori":"cami","ad":"Atatürk Cami"}},{"type":"Feature","geometry":{"type":"Point","coordinates":[29.213949,40.957567]},"properties":{"osm_id":"way/499387768","kategori":"cami","ad":"Yunus Emre Camii"}},{"type":"Feature","geometry":{"type":"Point","coordinates":[29.15941,40.947067]},"properties":{"osm_id":"way/499387959","kategori":"cami","ad":"Mustafa Özyazici Cami"}},{"type":"Feature","geometry":{"type":"Point","coordinates":[29.164662,40.949994]},"properties":{"osm_id":"way/499387961","kategori":"cami","ad":"Imam-ı Rabbani Camii"}},{"type":"Feature","geometry":{"type":"Point","coordinates":[29.219643,40.96168]},"properties":{"osm_id":"way/499387972","kategori":"cami","ad":"Cami"}},{"type":"Feature","geometry":{"type":"Point","coordinates":[29.283309,40.860507]},"properties":{"osm_id":"way/499482277","kategori":"cami","ad":"Güzelyalı Merkez Camii"}},{"type":"Feature","geometry":{"type":"Point","coordinates":[29.266744,40.86974]},"properties":{"osm_id":"way/499482282","kategori":"cami","ad":"Erenler Camii"}},{"type":"Feature","geometry":{"type":"Point","coordinates":[29.262661,40.875344]},"properties":{"osm_id":"way/499482286","kategori":"cami","ad":"Celalettin Süer Camii"}},{"type":"Feature","geometry":{"type":"Point","coordinates":[29.244525,40.8875]},"properties":{"osm_id":"way/499482296","kategori":"cami","ad":"Dumlupınar Merkez Camii"}},{"type":"Feature","geometry":{"type":"Point","coordinates":[29.239445,40.886145]},"properties":{"osm_id":"way/499482298","kategori":"cami","ad":"Mehmet Ali Tunga Camii"}},{"type":"Feature","geometry":{"type":"Point","coordinates":[29.240866,40.876169]},"properties":{"osm_id":"way/499482307","kategori":"cami","ad":"Pendik İlçe Müftülüğü"}},{"type":"Feature","geometry":{"type":"Point","coordinates":[29.223209,40.877556]},"properties":{"osm_id":"way/499482316","kategori":"cami","ad":"15 Temmuz Şehitler Camii"}},{"type":"Feature","geometry":{"type":"Point","coordinates":[29.235528,40.903709]},"properties":{"osm_id":"way/499482336","kategori":"cami","ad":"Osmanlı Camii"}},{"type":"Feature","geometry":{"type":"Point","coordinates":[29.25028,40.897982]},"properties":{"osm_id":"way/499482355","kategori":"cami","ad":"Yeni Camii"}},{"type":"Feature","geometry":{"type":"Point","coordinates":[29.257,40.896791]},"properties":{"osm_id":"way/499482364","kategori":"cami","ad":"Velibaba Çanakkale Şehitleri Cami"}},{"type":"Feature","geometry":{"type":"Point","coordinates":[29.248074,40.912435]},"properties":{"osm_id":"way/499482403","kategori":"cami","ad":"Hacı Bayram Veli Camii"}},{"type":"Feature","geometry":{"type":"Point","coordinates":[29.318184,40.827504]},"properties":{"osm_id":"way/499516087","kategori":"cami","ad":"Çiçekçiler Cami"}},{"type":"Feature","geometry":{"type":"Point","coordinates":[29.310857,40.83221]},"properties":{"osm_id":"way/499516090","kategori":"cami","ad":"Cami"}},{"type":"Feature","geometry":{"type":"Point","coordinates":[29.303385,40.833677]},"properties":{"osm_id":"way/499516099","kategori":"cami","ad":"Cami"}},{"type":"Feature","geometry":{"type":"Point","coordinates":[29.297384,40.818356]},"properties":{"osm_id":"way/499516141","kategori":"cami","ad":"Abdullah Pehlivan Cami"}},{"type":"Feature","geometry":{"type":"Point","coordinates":[29.36294,40.84573]},"properties":{"osm_id":"way/499545456","kategori":"cami","ad":"Hz. Ali Camii"}},{"type":"Feature","geometry":{"type":"Point","coordinates":[29.366923,40.835923]},"properties":{"osm_id":"way/499545457","kategori":"cami","ad":"Cami"}},{"type":"Feature","geometry":{"type":"Point","coordinates":[29.172952,41.024623]},"properties":{"osm_id":"way/499614443","kategori":"cami","ad":"Dudullu Süleymaniye Camisi"}},{"type":"Feature","geometry":{"type":"Point","coordinates":[29.175453,41.027515]},"properties":{"osm_id":"way/499614444","kategori":"cami","ad":"Yeşilkayalar Camii"}},{"type":"Feature","geometry":{"type":"Point","coordinates":[29.184236,41.028879]},"properties":{"osm_id":"way/499614467","kategori":"cami","ad":"Huzur Cami"}},{"type":"Feature","geometry":{"type":"Point","coordinates":[29.172814,41.032548]},"properties":{"osm_id":"way/499614480","kategori":"cami","ad":"Ensar Camii"}},{"type":"Feature","geometry":{"type":"Point","coordinates":[29.163142,41.02876]},"properties":{"osm_id":"way/499614488","kategori":"cami","ad":"Cami"}},{"type":"Feature","geometry":{"type":"Point","coordinates":[29.165633,41.026649]},"properties":{"osm_id":"way/499614492","kategori":"cami","ad":"Cami"}},{"type":"Feature","geometry":{"type":"Point","coordinates":[29.14533,41.022231]},"properties":{"osm_id":"way/499614497","kategori":"cami","ad":"Birlik Cami"}},{"type":"Feature","geometry":{"type":"Point","coordinates":[29.150546,41.02285]},"properties":{"osm_id":"way/499614498","kategori":"cami","ad":"Cami"}},{"type":"Feature","geometry":{"type":"Point","coordinates":[29.119632,41.050033]},"properties":{"osm_id":"way/499614522","kategori":"cami","ad":"Cami"}},{"type":"Feature","geometry":{"type":"Point","coordinates":[29.09274,41.049155]},"properties":{"osm_id":"way/499614533","kategori":"cami","ad":"Erden Camii"}},{"type":"Feature","geometry":{"type":"Point","coordinates":[29.132262,41.026387]},"properties":{"osm_id":"way/499614600","kategori":"cami","ad":"Cami"}},{"type":"Feature","geometry":{"type":"Point","coordinates":[29.137369,41.017928]},"properties":{"osm_id":"way/499614607","kategori":"cami","ad":"Ihlamurkuyu Merkez Camii"}},{"type":"Feature","geometry":{"type":"Point","coordinates":[29.148091,41.016262]},"properties":{"osm_id":"way/499614610","kategori":"cami","ad":"Cami"}},{"type":"Feature","geometry":{"type":"Point","coordinates":[29.15248,41.01774]},"properties":{"osm_id":"way/499614612","kategori":"cami","ad":"Cami"}},{"type":"Feature","geometry":{"type":"Point","coordinates":[29.161296,41.018882]},"properties":{"osm_id":"way/499614624","kategori":"cami","ad":"Cami"}},{"type":"Feature","geometry":{"type":"Point","coordinates":[29.178019,41.019626]},"properties":{"osm_id":"way/499614634","kategori":"cami","ad":"Cami"}},{"type":"Feature","geometry":{"type":"Point","coordinates":[29.177343,41.017629]},"properties":{"osm_id":"way/499614641","kategori":"cami","ad":"Cami"}},{"type":"Feature","geometry":{"type":"Point","coordinates":[29.167963,41.014254]},"properties":{"osm_id":"way/499614647","kategori":"cami","ad":"Yavuz Selim Cami"}},{"type":"Feature","geometry":{"type":"Point","coordinates":[29.163321,41.016769]},"properties":{"osm_id":"way/499614648","kategori":"cami","ad":"Merkez Kaleli Cami"}},{"type":"Feature","geometry":{"type":"Point","coordinates":[29.153176,41.003812]},"properties":{"osm_id":"way/499614656","kategori":"cami","ad":"Keyap Camii"}},{"type":"Feature","geometry":{"type":"Point","coordinates":[29.219958,41.004873]},"properties":{"osm_id":"way/499614676","kategori":"cami","ad":"Battalgazi Cami"}},{"type":"Feature","geometry":{"type":"Point","coordinates":[29.222615,41.000248]},"properties":{"osm_id":"way/499614708","kategori":"cami","ad":"Samandıra Halilurrahman Camii"}},{"type":"Feature","geometry":{"type":"Point","coordinates":[29.247913,40.971085]},"properties":{"osm_id":"way/499614734","kategori":"cami","ad":"Hasanpaşa camii"}},{"type":"Feature","geometry":{"type":"Point","coordinates":[29.377878,40.902005]},"properties":{"osm_id":"way/499614893","kategori":"cami","ad":"Orta Mahalle Merkez Camii"}},{"type":"Feature","geometry":{"type":"Point","coordinates":[29.22857,41.196051]},"properties":{"osm_id":"way/499623792","kategori":"cami","ad":"Cami"}},{"type":"Feature","geometry":{"type":"Point","coordinates":[29.231449,41.178793]},"properties":{"osm_id":"way/499623793","kategori":"cami","ad":"Değirmendere Cami"}},{"type":"Feature","geometry":{"type":"Point","coordinates":[29.249707,41.183985]},"properties":{"osm_id":"way/499623795","kategori":"cami","ad":"Paşamandıra Cami"}},{"type":"Feature","geometry":{"type":"Point","coordinates":[29.26036,41.129347]},"properties":{"osm_id":"way/499623800","kategori":"cami","ad":"Cami"}},{"type":"Feature","geometry":{"type":"Point","coordinates":[29.188706,41.031277]},"properties":{"osm_id":"way/499623874","kategori":"cami","ad":"Şerafettin Öztürk Cami"}},{"type":"Feature","geometry":{"type":"Point","coordinates":[29.181422,41.031697]},"properties":{"osm_id":"way/499623886","kategori":"cami","ad":"Refah Camii"}},{"type":"Feature","geometry":{"type":"Point","coordinates":[29.185133,41.026697]},"properties":{"osm_id":"way/499624282","kategori":"cami","ad":"Hamidiye Cami"}},{"type":"Feature","geometry":{"type":"Point","coordinates":[29.133221,41.137558]},"properties":{"osm_id":"way/499674838","kategori":"cami","ad":"Elmalı Köyü Esma-ül Hüsna Cami"}},{"type":"Feature","geometry":{"type":"Point","coordinates":[29.156817,41.143474]},"properties":{"osm_id":"way/499674840","kategori":"cami","ad":"Fatih Sultan Mehmet Cami"}},{"type":"Feature","geometry":{"type":"Point","coordinates":[29.258802,40.976881]},"properties":{"osm_id":"way/499679782","kategori":"cami","ad":"15 Temmuz Şehitler Camii"}},{"type":"Feature","geometry":{"type":"Point","coordinates":[29.266829,40.977938]},"properties":{"osm_id":"way/499679783","kategori":"cami","ad":"HZ.EBUBEKİR CAMII"}},{"type":"Feature","geometry":{"type":"Point","coordinates":[29.275291,40.97598]},"properties":{"osm_id":"way/499679784","kategori":"cami","ad":"Emir Sultan Camii"}},{"type":"Feature","geometry":{"type":"Point","coordinates":[29.278066,40.98012]},"properties":{"osm_id":"way/499679785","kategori":"cami","ad":"Elmalılı HAMDİ YAZIR Camii"}},{"type":"Feature","geometry":{"type":"Point","coordinates":[29.245767,40.906348]},"properties":{"osm_id":"way/499699258","kategori":"cami","ad":"Siteler Mehmet Rüştü Aşık Kutlu Cami"}},{"type":"Feature","geometry":{"type":"Point","coordinates":[28.739033,40.977011]},"properties":{"osm_id":"way/499901438","kategori":"cami","ad":"Denizköşkler Camii"}},{"type":"Feature","geometry":{"type":"Point","coordinates":[28.65814,40.98492]},"properties":{"osm_id":"way/499901451","kategori":"cami","ad":"Yaşar Cimilli Camisi"}},{"type":"Feature","geometry":{"type":"Point","coordinates":[28.604925,40.976237]},"properties":{"osm_id":"way/499901520","kategori":"cami","ad":"Yıldız Camii"}},{"type":"Feature","geometry":{"type":"Point","coordinates":[28.665745,40.980079]},"properties":{"osm_id":"way/499901526","kategori":"cami","ad":"Cami"}},{"type":"Feature","geometry":{"type":"Point","coordinates":[28.369409,41.22864]},"properties":{"osm_id":"way/499944833","kategori":"cami","ad":"Kabakça Köyü Camii"}},{"type":"Feature","geometry":{"type":"Point","coordinates":[28.941644,41.021873]},"properties":{"osm_id":"way/499944875","kategori":"cami","ad":"Hırka-i Şerif Camii"}},{"type":"Feature","geometry":{"type":"Point","coordinates":[28.959563,41.016986]},"properties":{"osm_id":"way/499944896","kategori":"cami","ad":"Şeyh Ebül Vefa Cami"}},{"type":"Feature","geometry":{"type":"Point","coordinates":[28.986942,41.094571]},"properties":{"osm_id":"way/499961480","kategori":"cami","ad":"Mescidi Nur Camii"}},{"type":"Feature","geometry":{"type":"Point","coordinates":[28.772603,41.040017]},"properties":{"osm_id":"way/500791771","kategori":"cami","ad":"Hz. Osman Camii"}},{"type":"Feature","geometry":{"type":"Point","coordinates":[28.922094,41.041283]},"properties":{"osm_id":"way/500889607","kategori":"cami","ad":"Hicret Camii"}},{"type":"Feature","geometry":{"type":"Point","coordinates":[29.086024,40.989599]},"properties":{"osm_id":"way/502606996","kategori":"cami","ad":"Kaptan Faruk Türker Camii"}},{"type":"Feature","geometry":{"type":"Point","coordinates":[29.141648,41.023952]},"properties":{"osm_id":"way/502609412","kategori":"cami","ad":"Yeşildere Bayraktar Camii"}},{"type":"Feature","geometry":{"type":"Point","coordinates":[29.148104,41.027992]},"properties":{"osm_id":"way/502609413","kategori":"cami","ad":"İmam-ı Şafi Camii"}},{"type":"Feature","geometry":{"type":"Point","coordinates":[29.158524,41.031646]},"properties":{"osm_id":"way/502609422","kategori":"cami","ad":"Hacı Ramazan Efendi Camii"}},{"type":"Feature","geometry":{"type":"Point","coordinates":[28.802822,41.001498]},"properties":{"osm_id":"way/503156261","kategori":"cami","ad":"Kartaltepe Camii"}},{"type":"Feature","geometry":{"type":"Point","coordinates":[28.937295,41.089682]},"properties":{"osm_id":"way/504068206","kategori":"cami","ad":"Hasan Kalyoncu Camii"}},{"type":"Feature","geometry":{"type":"Point","coordinates":[28.961847,41.063568]},"properties":{"osm_id":"way/506605294","kategori":"cami","ad":"Bilal-i Habeşi Camii"}},{"type":"Feature","geometry":{"type":"Point","coordinates":[28.820609,40.958021]},"properties":{"osm_id":"way/507318713","kategori":"cami","ad":"Yeşilköy Bezmi Alem Cami"}},{"type":"Feature","geometry":{"type":"Point","coordinates":[28.682232,41.05685]},"properties":{"osm_id":"way/510118090","kategori":"cami","ad":"Çaykaralılar Camii"}},{"type":"Feature","geometry":{"type":"Point","coordinates":[28.690817,41.039579]},"properties":{"osm_id":"way/510163875","kategori":"cami","ad":"Hz. Cafer-i Tayyar Camii"}},{"type":"Feature","geometry":{"type":"Point","coordinates":[28.672609,41.011732]},"properties":{"osm_id":"way/510163902","kategori":"cami","ad":"Mehmet Akif Ersoy Camii"}},{"type":"Feature","geometry":{"type":"Point","coordinates":[29.223353,40.895638]},"properties":{"osm_id":"way/513986283","kategori":"cami","ad":"Meraşal Fevzi Çakmak Camii"}},{"type":"Feature","geometry":{"type":"Point","coordinates":[29.260802,40.870091]},"properties":{"osm_id":"way/513998941","kategori":"cami","ad":"Sultan Süleyman Camii"}},{"type":"Feature","geometry":{"type":"Point","coordinates":[29.241058,40.882323]},"properties":{"osm_id":"way/514007683","kategori":"cami","ad":"Pendik Camii"}},{"type":"Feature","geometry":{"type":"Point","coordinates":[28.688395,41.020089]},"properties":{"osm_id":"way/517290406","kategori":"cami","ad":"Gaziler Camii"}},{"type":"Feature","geometry":{"type":"Point","coordinates":[29.169736,40.936914]},"properties":{"osm_id":"way/517846247","kategori":"cami","ad":"Esenkent Yavuz Sultan Selim Camii"}},{"type":"Feature","geometry":{"type":"Point","coordinates":[29.217572,40.967094]},"properties":{"osm_id":"way/517857363","kategori":"cami","ad":"Samandıra Akif Demirci Cami"}},{"type":"Feature","geometry":{"type":"Point","coordinates":[29.224681,40.986365]},"properties":{"osm_id":"way/517857373","kategori":"cami","ad":"Haci Sofi Camii"}},{"type":"Feature","geometry":{"type":"Point","coordinates":[29.226912,40.985281]},"properties":{"osm_id":"way/517857391","kategori":"cami","ad":"Samandıra Merkez Cami"}},{"type":"Feature","geometry":{"type":"Point","coordinates":[29.211321,41.00619]},"properties":{"osm_id":"way/517932251","kategori":"cami","ad":"Sarıgazi Merkez Cami"}},{"type":"Feature","geometry":{"type":"Point","coordinates":[28.842796,41.050302]},"properties":{"osm_id":"way/518494515","kategori":"cami","ad":"Seyit Çavuş Camii"}},{"type":"Feature","geometry":{"type":"Point","coordinates":[28.851817,41.008442]},"properties":{"osm_id":"way/518502985","kategori":"cami","ad":"Hacı Mehmet Fatma Hatun Camii"}},{"type":"Feature","geometry":{"type":"Point","coordinates":[29.141232,40.981761]},"properties":{"osm_id":"way/519433289","kategori":"cami","ad":"İmam Hüseyin Cami"}},{"type":"Feature","geometry":{"type":"Point","coordinates":[28.948349,41.020499]},"properties":{"osm_id":"way/519572423","kategori":"cami","ad":"Efdalzade Camii"}},{"type":"Feature","geometry":{"type":"Point","coordinates":[28.938326,41.004105]},"properties":{"osm_id":"way/519765083","kategori":"cami","ad":"Şah Sultan Camii"}},{"type":"Feature","geometry":{"type":"Point","coordinates":[28.941011,41.003147]},"properties":{"osm_id":"way/519765091","kategori":"cami","ad":"Bayezid-i Cedid Cami"}},{"type":"Feature","geometry":{"type":"Point","coordinates":[28.384479,41.377926]},"properties":{"osm_id":"way/519878536","kategori":"cami","ad":null}},{"type":"Feature","geometry":{"type":"Point","coordinates":[28.940854,41.004695]},"properties":{"osm_id":"way/520030772","kategori":"cami","ad":"Çavuşzade Cami"}},{"type":"Feature","geometry":{"type":"Point","coordinates":[28.82277,41.165627]},"properties":{"osm_id":"way/520237735","kategori":"cami","ad":"Halil İbrahim Mescidi"}},{"type":"Feature","geometry":{"type":"Point","coordinates":[28.967811,41.012445]},"properties":{"osm_id":"way/520317335","kategori":"cami","ad":"Mercan Camii"}},{"type":"Feature","geometry":{"type":"Point","coordinates":[28.966145,41.012738]},"properties":{"osm_id":"way/520334251","kategori":"cami","ad":"Alipaşa Cami"}},{"type":"Feature","geometry":{"type":"Point","coordinates":[28.921325,41.018682]},"properties":{"osm_id":"way/520424132","kategori":"cami","ad":"Topkapı Bahattin Ulusoy Camii"}},{"type":"Feature","geometry":{"type":"Point","coordinates":[28.941929,41.008584]},"properties":{"osm_id":"way/520447847","kategori":"cami","ad":"Haseki Sultan Camii"}},{"type":"Feature","geometry":{"type":"Point","coordinates":[28.943345,41.012216]},"properties":{"osm_id":"way/520754920","kategori":"cami","ad":"Karanohut Camii"}},{"type":"Feature","geometry":{"type":"Point","coordinates":[28.940639,41.013757]},"properties":{"osm_id":"way/520755089","kategori":"cami","ad":"Aynalı Çeşme Camii"}},{"type":"Feature","geometry":{"type":"Point","coordinates":[28.939127,41.012838]},"properties":{"osm_id":"way/520755143","kategori":"cami","ad":"Fındıkzade Mescidi"}},{"type":"Feature","geometry":{"type":"Point","coordinates":[28.936962,41.013859]},"properties":{"osm_id":"way/520755167","kategori":"cami","ad":"Kazasker Abdurrahman Efendi Camii"}},{"type":"Feature","geometry":{"type":"Point","coordinates":[28.943316,41.01424]},"properties":{"osm_id":"way/520755229","kategori":"cami","ad":"Molla Şeref Camii"}},{"type":"Feature","geometry":{"type":"Point","coordinates":[29.283334,40.874869]},"properties":{"osm_id":"way/520824645","kategori":"cami","ad":"Kavakpınar Yeşil Cami"}},{"type":"Feature","geometry":{"type":"Point","coordinates":[28.944709,41.012839]},"properties":{"osm_id":"way/520877125","kategori":"cami","ad":"Softa Sinan Camii"}},{"type":"Feature","geometry":{"type":"Point","coordinates":[28.938753,41.014435]},"properties":{"osm_id":"way/521783904","kategori":"cami","ad":"Lütfü Paşa Camii"}},{"type":"Feature","geometry":{"type":"Point","coordinates":[28.965803,41.005206]},"properties":{"osm_id":"way/521897431","kategori":"cami","ad":"Çadırcı Ahmet Çelebi Cami"}},{"type":"Feature","geometry":{"type":"Point","coordinates":[28.967339,41.008718]},"properties":{"osm_id":"way/522063062","kategori":"cami","ad":"Kaliçeçi Hasanağa Cami"}},{"type":"Feature","geometry":{"type":"Point","coordinates":[28.965517,41.007307]},"properties":{"osm_id":"way/522063153","kategori":"cami","ad":"Esir Kemal Cami"}},{"type":"Feature","geometry":{"type":"Point","coordinates":[28.924195,41.010447]},"properties":{"osm_id":"way/522474380","kategori":"cami","ad":"Veledi Karabaş Cami"}},{"type":"Feature","geometry":{"type":"Point","coordinates":[28.959262,41.007962]},"properties":{"osm_id":"way/522523546","kategori":"cami","ad":"Çoban Çavuş Cami"}},{"type":"Feature","geometry":{"type":"Point","coordinates":[28.940764,41.011305]},"properties":{"osm_id":"way/522608673","kategori":"cami","ad":"Karamani Piri Mehmet Paşa Camii"}},{"type":"Feature","geometry":{"type":"Point","coordinates":[28.943852,41.008904]},"properties":{"osm_id":"way/522608677","kategori":"cami","ad":"Keyci Hatun Camii"}},{"type":"Feature","geometry":{"type":"Point","coordinates":[28.931185,40.997069]},"properties":{"osm_id":"way/523093788","kategori":"cami","ad":"Haci Huseyin Aga Camii"}},{"type":"Feature","geometry":{"type":"Point","coordinates":[28.929626,41.000527]},"properties":{"osm_id":"way/523094635","kategori":"cami","ad":"Mihrişah Hacı Kadın Camii"}},{"type":"Feature","geometry":{"type":"Point","coordinates":[28.932614,41.00137]},"properties":{"osm_id":"way/523095348","kategori":"cami","ad":"Abdi Çelebi Camii"}},{"type":"Feature","geometry":{"type":"Point","coordinates":[28.944493,41.020274]},"properties":{"osm_id":"way/523266742","kategori":"cami","ad":"Hoca Üveyz Camii"}},{"type":"Feature","geometry":{"type":"Point","coordinates":[28.943608,41.018207]},"properties":{"osm_id":"way/523336196","kategori":"cami","ad":"Dibek Camii"}},{"type":"Feature","geometry":{"type":"Point","coordinates":[28.946699,41.014973]},"properties":{"osm_id":"way/523879940","kategori":"cami","ad":"Ahmediye Cami"}},{"type":"Feature","geometry":{"type":"Point","coordinates":[28.948939,41.015354]},"properties":{"osm_id":"way/523880163","kategori":"cami","ad":"Yayla Kambur Mustafa Efendi Cami"}},{"type":"Feature","geometry":{"type":"Point","coordinates":[28.951515,41.016011]},"properties":{"osm_id":"way/523880279","kategori":"cami","ad":"Dülgerzade Camii"}},{"type":"Feature","geometry":{"type":"Point","coordinates":[28.948732,41.013432]},"properties":{"osm_id":"way/523880524","kategori":"cami","ad":"Sofular Molla Hüsrev Camii"}},{"type":"Feature","geometry":{"type":"Point","coordinates":[29.329053,41.076648]},"properties":{"osm_id":"way/524045447","kategori":"cami","ad":"Ömerli Merkez Camii"}},{"type":"Feature","geometry":{"type":"Point","coordinates":[29.326047,41.10089]},"properties":{"osm_id":"way/524045448","kategori":"cami","ad":"Sırapınarı Merkez Camii"}},{"type":"Feature","geometry":{"type":"Point","coordinates":[28.888114,41.028969]},"properties":{"osm_id":"way/524050009","kategori":"cami","ad":"Sultan Abdülhamid Yıldız Camii"}},{"type":"Feature","geometry":{"type":"Point","coordinates":[28.966496,41.01728]},"properties":{"osm_id":"way/524613122","kategori":"cami","ad":"Hoca Hamza Camii"}},{"type":"Feature","geometry":{"type":"Point","coordinates":[28.963649,41.019221]},"properties":{"osm_id":"way/524613139","kategori":"cami","ad":"Saatci Yokusu Softa Hatip Camiİ"}},{"type":"Feature","geometry":{"type":"Point","coordinates":[28.853444,41.038127]},"properties":{"osm_id":"way/524712802","kategori":"cami","ad":"Bağcılar Cemevi"}},{"type":"Feature","geometry":{"type":"Point","coordinates":[28.929394,41.009408]},"properties":{"osm_id":"way/524726363","kategori":"cami","ad":"Zehrakiri Kemal Cami"}},{"type":"Feature","geometry":{"type":"Point","coordinates":[28.929238,41.007197]},"properties":{"osm_id":"way/524726517","kategori":"cami","ad":"Şevket Dokur Cami"}},{"type":"Feature","geometry":{"type":"Point","coordinates":[28.927393,41.008224]},"properties":{"osm_id":"way/524726548","kategori":"cami","ad":"Lalezar Camii"}},{"type":"Feature","geometry":{"type":"Point","coordinates":[28.960954,41.020659]},"properties":{"osm_id":"way/524865871","kategori":"cami","ad":"Atlamataşı Camii"}},{"type":"Feature","geometry":{"type":"Point","coordinates":[28.929981,41.010889]},"properties":{"osm_id":"way/524935238","kategori":"cami","ad":"Seyh Husamettin Camii"}},{"type":"Feature","geometry":{"type":"Point","coordinates":[28.936968,41.008454]},"properties":{"osm_id":"way/524939916","kategori":"cami","ad":"Bekir Paşa Camii"}},{"type":"Feature","geometry":{"type":"Point","coordinates":[28.937966,41.010283]},"properties":{"osm_id":"way/524939969","kategori":"cami","ad":"Akbaba Mehmet Efendi Camii"}},{"type":"Feature","geometry":{"type":"Point","coordinates":[28.962738,41.007882]},"properties":{"osm_id":"way/524946468","kategori":"cami","ad":"Soğan Ağa Cami"}},{"type":"Feature","geometry":{"type":"Point","coordinates":[28.963957,41.007097]},"properties":{"osm_id":"way/524946594","kategori":"cami","ad":"Saraç İshak Camii"}},{"type":"Feature","geometry":{"type":"Point","coordinates":[28.58023,41.021315]},"properties":{"osm_id":"way/525139758","kategori":"cami","ad":"İmaret Camii"}},{"type":"Feature","geometry":{"type":"Point","coordinates":[28.579609,41.021265]},"properties":{"osm_id":"way/525142066","kategori":"cami","ad":"Büyükçekmece Merkez Camii"}},{"type":"Feature","geometry":{"type":"Point","coordinates":[28.888553,41.026202]},"properties":{"osm_id":"way/525244829","kategori":"cami","ad":"Davutpaşa Kışlası Mesciti"}},{"type":"Feature","geometry":{"type":"Point","coordinates":[28.943102,41.025152]},"properties":{"osm_id":"way/525654320","kategori":"cami","ad":"Üçbaş Camii"}},{"type":"Feature","geometry":{"type":"Point","coordinates":[28.960372,41.019597]},"properties":{"osm_id":"way/525823099","kategori":"cami","ad":"Hızır Bey Camii"}},{"type":"Feature","geometry":{"type":"Point","coordinates":[28.955011,41.021622]},"properties":{"osm_id":"way/525963959","kategori":"cami","ad":"Eski İmaret Camii"}},{"type":"Feature","geometry":{"type":"Point","coordinates":[28.955444,41.023864]},"properties":{"osm_id":"way/525964058","kategori":"cami","ad":"Tahirağa Camii"}},{"type":"Feature","geometry":{"type":"Point","coordinates":[28.955448,41.023144]},"properties":{"osm_id":"way/525964074","kategori":"cami","ad":"Tarihi Hacı Ferhat Ağa Cami"}},{"type":"Feature","geometry":{"type":"Point","coordinates":[28.958388,41.019999]},"properties":{"osm_id":"way/525964267","kategori":"cami","ad":"Piri Mehmet Paşa Camii, Zeyrek"}},{"type":"Feature","geometry":{"type":"Point","coordinates":[28.9587,41.022745]},"properties":{"osm_id":"way/526163285","kategori":"cami","ad":"Salih Paşa Cami"}},{"type":"Feature","geometry":{"type":"Point","coordinates":[28.960077,41.02271]},"properties":{"osm_id":"way/526163496","kategori":"cami","ad":"Şazeli Tekke Cami"}},{"type":"Feature","geometry":{"type":"Point","coordinates":[28.958757,41.024357]},"properties":{"osm_id":"way/526163616","kategori":"cami","ad":"Üsküplü Çakırağa Cami"}},{"type":"Feature","geometry":{"type":"Point","coordinates":[28.791016,41.004436]},"properties":{"osm_id":"way/526519964","kategori":"cami","ad":"Fevzi Çakmak Merkez Camii"}},{"type":"Feature","geometry":{"type":"Point","coordinates":[28.787647,41.003974]},"properties":{"osm_id":"way/526519965","kategori":"cami","ad":"Sefaköy Fevzi Çakmak Camii"}},{"type":"Feature","geometry":{"type":"Point","coordinates":[28.969484,41.00667]},"properties":{"osm_id":"way/526527048","kategori":"cami","ad":"Emin Sinan Camii"}},{"type":"Feature","geometry":{"type":"Point","coordinates":[28.764501,40.998346]},"properties":{"osm_id":"way/526549821","kategori":"cami","ad":"Şevki Korkmaz Camii"}},{"type":"Feature","geometry":{"type":"Point","coordinates":[28.769424,40.999092]},"properties":{"osm_id":"way/526549856","kategori":"cami","ad":"Evliya Barutçugil Camii"}},{"type":"Feature","geometry":{"type":"Point","coordinates":[28.977982,41.011925]},"properties":{"osm_id":"way/526728896","kategori":"cami","ad":"Şah Habun Camii"}},{"type":"Feature","geometry":{"type":"Point","coordinates":[28.97678,41.010641]},"properties":{"osm_id":"way/526728910","kategori":"cami","ad":"Hacı Beşir Ağa Tekkesi"}},{"type":"Feature","geometry":{"type":"Point","coordinates":[28.95285,41.023683]},"properties":{"osm_id":"way/526876022","kategori":"cami","ad":"Altıpoğaça Camii"}},{"type":"Feature","geometry":{"type":"Point","coordinates":[28.958338,41.025965]},"properties":{"osm_id":"way/526876347","kategori":"cami","ad":"Seferikoz Camii"}},{"type":"Feature","geometry":{"type":"Point","coordinates":[28.929388,41.001275]},"properties":{"osm_id":"way/527477842","kategori":"cami","ad":"Yakup Ağa Camii"}},{"type":"Feature","geometry":{"type":"Point","coordinates":[28.439593,41.288989]},"properties":{"osm_id":"way/527756709","kategori":"cami","ad":null}},{"type":"Feature","geometry":{"type":"Point","coordinates":[28.494206,41.234596]},"properties":{"osm_id":"way/527756726","kategori":"cami","ad":"Kestanelik Mahallesi Camii"}},{"type":"Feature","geometry":{"type":"Point","coordinates":[28.305563,41.376098]},"properties":{"osm_id":"way/527770592","kategori":"cami","ad":null}},{"type":"Feature","geometry":{"type":"Point","coordinates":[28.295399,41.476882]},"properties":{"osm_id":"way/527770600","kategori":"cami","ad":null}},{"type":"Feature","geometry":{"type":"Point","coordinates":[28.973146,41.016401]},"properties":{"osm_id":"way/528081267","kategori":"cami","ad":"Arpacılar Camii"}},{"type":"Feature","geometry":{"type":"Point","coordinates":[28.758247,41.131448]},"properties":{"osm_id":"way/528114102","kategori":"cami","ad":"Yeşil Çamlık Camii"}},{"type":"Feature","geometry":{"type":"Point","coordinates":[29.360458,41.012213]},"properties":{"osm_id":"way/528302639","kategori":"cami","ad":"Kurtdoğmuş Mahallesi Camii"}},{"type":"Feature","geometry":{"type":"Point","coordinates":[28.778209,40.996511]},"properties":{"osm_id":"way/528353023","kategori":"cami","ad":"Darüselam Cami"}},{"type":"Feature","geometry":{"type":"Point","coordinates":[28.927371,40.996522]},"properties":{"osm_id":"way/529174173","kategori":"cami","ad":"Uşşaki Camii"}},{"type":"Feature","geometry":{"type":"Point","coordinates":[29.664492,41.068892]},"properties":{"osm_id":"way/529679096","kategori":"cami","ad":"Teke Mahallesi Camii"}},{"type":"Feature","geometry":{"type":"Point","coordinates":[29.684436,41.068654]},"properties":{"osm_id":"way/529679097","kategori":"cami","ad":"Yazımanayır Camii"}},{"type":"Feature","geometry":{"type":"Point","coordinates":[29.775595,41.07881]},"properties":{"osm_id":"way/529679098","kategori":"cami","ad":"Göksu Mahallesi Camii"}},{"type":"Feature","geometry":{"type":"Point","coordinates":[29.798919,41.074882]},"properties":{"osm_id":"way/529679099","kategori":"cami","ad":"Çataklı Köyü Camii"}},{"type":"Feature","geometry":{"type":"Point","coordinates":[29.824479,41.107163]},"properties":{"osm_id":"way/529679100","kategori":"cami","ad":"İsaköy Camii"}},{"type":"Feature","geometry":{"type":"Point","coordinates":[28.768904,41.136529]},"properties":{"osm_id":"way/529915665","kategori":"cami","ad":"Hz. İsmail Camii"}},{"type":"Feature","geometry":{"type":"Point","coordinates":[28.926986,41.020522]},"properties":{"osm_id":"way/529971442","kategori":"cami","ad":"Harbi Mescidi"}},{"type":"Feature","geometry":{"type":"Point","coordinates":[28.949153,41.02723]},"properties":{"osm_id":"way/530149593","kategori":"cami","ad":"Cebeci Camii"}},{"type":"Feature","geometry":{"type":"Point","coordinates":[29.278402,40.96174]},"properties":{"osm_id":"way/530233726","kategori":"cami","ad":"Altınoluk Camii"}},{"type":"Feature","geometry":{"type":"Point","coordinates":[29.262187,40.96195]},"properties":{"osm_id":"way/530462793","kategori":"cami","ad":"Kumrular Camii"}},{"type":"Feature","geometry":{"type":"Point","coordinates":[29.263465,40.959013]},"properties":{"osm_id":"way/530462843","kategori":"cami","ad":"Kırklar Camii"}},{"type":"Feature","geometry":{"type":"Point","coordinates":[28.977935,41.013064]},"properties":{"osm_id":"way/530509386","kategori":"cami","ad":"Karaki Hüseyin Çelebi Camii"}},{"type":"Feature","geometry":{"type":"Point","coordinates":[29.273329,40.972796]},"properties":{"osm_id":"way/530513055","kategori":"cami","ad":"Ömer Nasuhi Bilmen Camii"}},{"type":"Feature","geometry":{"type":"Point","coordinates":[29.277494,40.970268]},"properties":{"osm_id":"way/530513062","kategori":"cami","ad":"Veysel Karani Camii"}},{"type":"Feature","geometry":{"type":"Point","coordinates":[29.246784,40.967839]},"properties":{"osm_id":"way/530523220","kategori":"cami","ad":"Müftülük Camii"}},{"type":"Feature","geometry":{"type":"Point","coordinates":[29.269655,40.983958]},"properties":{"osm_id":"way/530536078","kategori":"cami","ad":"Katipoğlu Camii"}},{"type":"Feature","geometry":{"type":"Point","coordinates":[29.262005,40.980961]},"properties":{"osm_id":"way/530536083","kategori":"cami","ad":"Emine Hatun Camii"}},{"type":"Feature","geometry":{"type":"Point","coordinates":[28.950282,41.026049]},"properties":{"osm_id":"way/530624272","kategori":"cami","ad":"Çukurbostan Camii"}},{"type":"Feature","geometry":{"type":"Point","coordinates":[29.273774,40.982008]},"properties":{"osm_id":"way/530792780","kategori":"cami","ad":"Hasan Hüseyin Camii"}},{"type":"Feature","geometry":{"type":"Point","coordinates":[29.281183,40.967697]},"properties":{"osm_id":"way/531034933","kategori":"cami","ad":"Favzi Çakmak Camii"}},{"type":"Feature","geometry":{"type":"Point","coordinates":[29.291061,40.946957]},"properties":{"osm_id":"way/531383783","kategori":"cami","ad":"Mehmet Rüştü Aşıkkutlu Camii"}},{"type":"Feature","geometry":{"type":"Point","coordinates":[28.928685,40.996128]},"properties":{"osm_id":"way/531426146","kategori":"cami","ad":"Ilyas bey camii"}},{"type":"Feature","geometry":{"type":"Point","coordinates":[29.283781,40.965013]},"properties":{"osm_id":"way/531904682","kategori":"cami","ad":"Turgut Reis Cami"}},{"type":"Feature","geometry":{"type":"Point","coordinates":[29.269951,40.959029]},"properties":{"osm_id":"way/531913461","kategori":"cami","ad":"Hafız İsmail Biçer Camii"}},{"type":"Feature","geometry":{"type":"Point","coordinates":[29.27723,41.000323]},"properties":{"osm_id":"way/532564518","kategori":"cami","ad":"Şehitler Cami"}},{"type":"Feature","geometry":{"type":"Point","coordinates":[29.272231,40.99385]},"properties":{"osm_id":"way/532891537","kategori":"cami","ad":"Kanuni Sultan Süleyman Camii"}},{"type":"Feature","geometry":{"type":"Point","coordinates":[29.250313,40.998744]},"properties":{"osm_id":"way/532892024","kategori":"cami","ad":"Abdurrahman Gazi Camii"}},{"type":"Feature","geometry":{"type":"Point","coordinates":[29.242704,40.967782]},"properties":{"osm_id":"way/532946531","kategori":"cami","ad":"Fatih Sultan Camii"}},{"type":"Feature","geometry":{"type":"Point","coordinates":[28.937638,41.041972]},"properties":{"osm_id":"way/533352553","kategori":"cami","ad":"Defterdar Camii"}},{"type":"Feature","geometry":{"type":"Point","coordinates":[29.256461,40.955778]},"properties":{"osm_id":"way/533810171","kategori":"cami","ad":"Allahu ekber Camii"}},{"type":"Feature","geometry":{"type":"Point","coordinates":[28.941613,41.038562]},"properties":{"osm_id":"way/534079986","kategori":"cami","ad":"Emir Buhari Tekkesi Camii"}},{"type":"Feature","geometry":{"type":"Point","coordinates":[29.298697,40.962195]},"properties":{"osm_id":"way/534268437","kategori":"cami","ad":"Buhara Camii"}},{"type":"Feature","geometry":{"type":"Point","coordinates":[29.278841,40.973873]},"properties":{"osm_id":"way/534285260","kategori":"cami","ad":"Ehlibeyt Camii"}},{"type":"Feature","geometry":{"type":"Point","coordinates":[29.25485,40.962123]},"properties":{"osm_id":"way/534820208","kategori":"cami","ad":"Muhammed Akif Camii"}},{"type":"Feature","geometry":{"type":"Point","coordinates":[29.207509,41.110535]},"properties":{"osm_id":"way/535578230","kategori":"cami","ad":"Polenezköy Cami"}},{"type":"Feature","geometry":{"type":"Point","coordinates":[29.253875,40.975667]},"properties":{"osm_id":"way/537055717","kategori":"cami","ad":"Ebubekir muslu camii"}},{"type":"Feature","geometry":{"type":"Point","coordinates":[29.012653,41.113555]},"properties":{"osm_id":"way/537235598","kategori":"cami","ad":"Miktat Ağaoğlu Camii"}},{"type":"Feature","geometry":{"type":"Point","coordinates":[29.055223,41.064098]},"properties":{"osm_id":"way/539314469","kategori":"cami","ad":"Vaniköy Camii"}},{"type":"Feature","geometry":{"type":"Point","coordinates":[28.839067,40.965905]},"properties":{"osm_id":"way/539727206","kategori":"cami","ad":"Yeşilyurt Camii"}},{"type":"Feature","geometry":{"type":"Point","coordinates":[28.773769,41.023133]},"properties":{"osm_id":"way/539869289","kategori":"cami","ad":"Yeni Camii Taştepe"}},{"type":"Feature","geometry":{"type":"Point","coordinates":[29.276623,40.893657]},"properties":{"osm_id":"way/541679484","kategori":"cami","ad":"Hacı Hüseyinağa Cami"}},{"type":"Feature","geometry":{"type":"Point","coordinates":[29.064516,40.989201]},"properties":{"osm_id":"way/543449422","kategori":"cami","ad":"Onikiler Camii"}},{"type":"Feature","geometry":{"type":"Point","coordinates":[29.066225,40.978902]},"properties":{"osm_id":"way/543479410","kategori":"cami","ad":"Tütüncü Mehmet Efendi Camii"}},{"type":"Feature","geometry":{"type":"Point","coordinates":[29.126759,40.930116]},"properties":{"osm_id":"way/543698797","kategori":"cami","ad":"KUBA CAMİİ"}},{"type":"Feature","geometry":{"type":"Point","coordinates":[29.133869,40.98576]},"properties":{"osm_id":"way/544119675","kategori":"cami","ad":"Fevzii Çakmak"}},{"type":"Feature","geometry":{"type":"Point","coordinates":[29.249141,40.876528]},"properties":{"osm_id":"way/544565109","kategori":"cami","ad":"Hacı Arif Kut Camii"}},{"type":"Feature","geometry":{"type":"Point","coordinates":[29.144187,40.983366]},"properties":{"osm_id":"way/544599907","kategori":"cami","ad":"Kayışdağı Merkez Camii"}},{"type":"Feature","geometry":{"type":"Point","coordinates":[29.214848,40.929137]},"properties":{"osm_id":"way/544607961","kategori":"cami","ad":"Yunus Emre Camii"}},{"type":"Feature","geometry":{"type":"Point","coordinates":[29.077159,40.980439]},"properties":{"osm_id":"way/545009172","kategori":"cami","ad":"Sahrayı Cedid Camii"}},{"type":"Feature","geometry":{"type":"Point","coordinates":[29.234325,40.881162]},"properties":{"osm_id":"way/546190146","kategori":"cami","ad":"Hilmi Abbas Camii"}},{"type":"Feature","geometry":{"type":"Point","coordinates":[29.130043,40.94138]},"properties":{"osm_id":"way/546586286","kategori":"cami","ad":"Hatime Ali Camii"}},{"type":"Feature","geometry":{"type":"Point","coordinates":[29.14041,40.937739]},"properties":{"osm_id":"way/546586293","kategori":"cami","ad":"Zümrütevler Camii"}},{"type":"Feature","geometry":{"type":"Point","coordinates":[29.075019,41.002383]},"properties":{"osm_id":"way/546739202","kategori":"cami","ad":"Tahralı Hacı Halil Bakır Câmii"}},{"type":"Feature","geometry":{"type":"Point","coordinates":[29.093615,41.012547]},"properties":{"osm_id":"way/546739205","kategori":"cami","ad":"Rıza Hatun Camii"}},{"type":"Feature","geometry":{"type":"Point","coordinates":[28.910025,41.022365]},"properties":{"osm_id":"way/546785616","kategori":"cami","ad":"Gümüşsuyu Camii"}},{"type":"Feature","geometry":{"type":"Point","coordinates":[29.17222,40.90388]},"properties":{"osm_id":"way/546837565","kategori":"cami","ad":"Atalar Merkez Camii"}},{"type":"Feature","geometry":{"type":"Point","coordinates":[29.176927,41.036845]},"properties":{"osm_id":"way/547305943","kategori":"cami","ad":"Çekmeköy Müftülüğü Çekmeköy Camii"}},{"type":"Feature","geometry":{"type":"Point","coordinates":[28.934726,41.0378]},"properties":{"osm_id":"way/547315062","kategori":"cami","ad":"Fethi Çelebi Camii"}},{"type":"Feature","geometry":{"type":"Point","coordinates":[29.180169,41.040435]},"properties":{"osm_id":"way/547383608","kategori":"cami","ad":"Hacı Hediye - Ali Rıza Elçiçek Camii"}},{"type":"Feature","geometry":{"type":"Point","coordinates":[29.192182,41.01014]},"properties":{"osm_id":"way/547522324","kategori":"cami","ad":"Madenler Mevlana Camii"}},{"type":"Feature","geometry":{"type":"Point","coordinates":[29.243798,40.89048]},"properties":{"osm_id":"way/547663579","kategori":"cami","ad":"Kubbeli Camii"}},{"type":"Feature","geometry":{"type":"Point","coordinates":[29.25846,40.887132]},"properties":{"osm_id":"way/547669679","kategori":"cami","ad":"Serpme Evler Camii"}},{"type":"Feature","geometry":{"type":"Point","coordinates":[29.194589,40.909405]},"properties":{"osm_id":"way/548080259","kategori":"cami","ad":"Kartal Oto Sanayi Sitesi Camii"}},{"type":"Feature","geometry":{"type":"Point","coordinates":[29.188324,40.919223]},"properties":{"osm_id":"way/548111256","kategori":"cami","ad":"Fatih Sultan Mehmet Camii"}},{"type":"Feature","geometry":{"type":"Point","coordinates":[29.212411,40.92276]},"properties":{"osm_id":"way/548203243","kategori":"cami","ad":"Soğanlık Yenievler Camii"}},{"type":"Feature","geometry":{"type":"Point","coordinates":[29.215289,40.940707]},"properties":{"osm_id":"way/548709006","kategori":"cami","ad":"Çamlık Şehitler Camii"}},{"type":"Feature","geometry":{"type":"Point","coordinates":[29.085721,40.969182]},"properties":{"osm_id":"way/548723193","kategori":"cami","ad":"Kazasker Camii"}},{"type":"Feature","geometry":{"type":"Point","coordinates":[29.096356,41.009569]},"properties":{"osm_id":"way/548991301","kategori":"cami","ad":"T.C.Ümraniye Müftülüğü Hz.Hasan Mescidi"}},{"type":"Feature","geometry":{"type":"Point","coordinates":[28.935487,41.040843]},"properties":{"osm_id":"way/548993386","kategori":"cami","ad":"Arakiyeci Cafer Ağa Camii"}},{"type":"Feature","geometry":{"type":"Point","coordinates":[29.079517,40.962391]},"properties":{"osm_id":"way/549595422","kategori":"cami","ad":"Suadiye Camii"}},{"type":"Feature","geometry":{"type":"Point","coordinates":[28.762553,41.053247]},"properties":{"osm_id":"way/549912413","kategori":"cami","ad":"Toki Merkez Camii"}},{"type":"Feature","geometry":{"type":"Point","coordinates":[29.09777,41.021939]},"properties":{"osm_id":"way/549966583","kategori":"cami","ad":"Gamame Camii"}},{"type":"Feature","geometry":{"type":"Point","coordinates":[29.610339,41.170013]},"properties":{"osm_id":"way/549993675","kategori":"cami","ad":"BİM"}},{"type":"Feature","geometry":{"type":"Point","coordinates":[29.304043,40.825948]},"properties":{"osm_id":"way/550089947","kategori":"cami","ad":"Yavuzhan Zeytinlik Camii"}},{"type":"Feature","geometry":{"type":"Point","coordinates":[29.23505,40.964248]},"properties":{"osm_id":"way/550152684","kategori":"cami","ad":"Erikli Pınar Cami"}},{"type":"Feature","geometry":{"type":"Point","coordinates":[29.190983,40.898591]},"properties":{"osm_id":"way/550384225","kategori":"cami","ad":"Erenler Camii"}},{"type":"Feature","geometry":{"type":"Point","coordinates":[28.962883,41.069988]},"properties":{"osm_id":"way/551917593","kategori":"cami","ad":"Sadabad Camii"}},{"type":"Feature","geometry":{"type":"Point","coordinates":[28.933519,41.047027]},"properties":{"osm_id":"way/552205507","kategori":"cami","ad":"Saçlı Abdülkadir Efendi Cami"}},{"type":"Feature","geometry":{"type":"Point","coordinates":[28.972329,41.070578]},"properties":{"osm_id":"way/552846553","kategori":"cami","ad":"Hz. Ali Camii"}},{"type":"Feature","geometry":{"type":"Point","coordinates":[28.983517,41.075301]},"properties":{"osm_id":"way/552846563","kategori":"cami","ad":"Yunus Emre Camii"}},{"type":"Feature","geometry":{"type":"Point","coordinates":[28.786549,40.999816]},"properties":{"osm_id":"way/553814049","kategori":"cami","ad":"Fethiye Hasan Gümüşdağ Cami"}},{"type":"Feature","geometry":{"type":"Point","coordinates":[29.390807,40.946056]},"properties":{"osm_id":"way/554839394","kategori":"cami","ad":"Türkan - Ömer Camii"}},{"type":"Feature","geometry":{"type":"Point","coordinates":[29.177181,40.988284]},"properties":{"osm_id":"way/555274203","kategori":"cami","ad":"Hacı Osman Bedi Camii"}},{"type":"Feature","geometry":{"type":"Point","coordinates":[28.785664,41.010647]},"properties":{"osm_id":"way/555721162","kategori":"cami","ad":"Gazze Camii"}},{"type":"Feature","geometry":{"type":"Point","coordinates":[29.054728,40.994698]},"properties":{"osm_id":"way/556337065","kategori":"cami","ad":"Tepe Camii"}},{"type":"Feature","geometry":{"type":"Point","coordinates":[29.057631,40.995109]},"properties":{"osm_id":"way/556337068","kategori":"cami","ad":"Aklar Camii"}},{"type":"Feature","geometry":{"type":"Point","coordinates":[28.78018,41.011088]},"properties":{"osm_id":"way/557318687","kategori":"cami","ad":"Kanarya Abdulhamit Han Camii"}},{"type":"Feature","geometry":{"type":"Point","coordinates":[28.892678,40.983547]},"properties":{"osm_id":"way/558835294","kategori":"cami","ad":"Sahil Camii"}},{"type":"Feature","geometry":{"type":"Point","coordinates":[28.987992,41.085239]},"properties":{"osm_id":"way/559113178","kategori":"cami","ad":"Yahya Kemal Camii"}},{"type":"Feature","geometry":{"type":"Point","coordinates":[28.983317,41.086197]},"properties":{"osm_id":"way/559113182","kategori":"cami","ad":"Tanriöver Camii"}},{"type":"Feature","geometry":{"type":"Point","coordinates":[28.893246,40.989429]},"properties":{"osm_id":"way/559449145","kategori":"cami","ad":"Bozkurt Camii"}},{"type":"Feature","geometry":{"type":"Point","coordinates":[28.914731,40.989442]},"properties":{"osm_id":"way/559460154","kategori":"cami","ad":"Merkezifonlu Karamustafapaşa camii"}},{"type":"Feature","geometry":{"type":"Point","coordinates":[28.962157,41.07371]},"properties":{"osm_id":"way/559694673","kategori":"cami","ad":"Yusuf Ömürlü Camii"}},{"type":"Feature","geometry":{"type":"Point","coordinates":[28.913265,41.019536]},"properties":{"osm_id":"way/560156090","kategori":"cami","ad":"Kale Süleyman Camii"}},{"type":"Feature","geometry":{"type":"Point","coordinates":[29.264803,40.87917]},"properties":{"osm_id":"way/560728756","kategori":"cami","ad":"Reşat Üçüncü Yeni Camii"}},{"type":"Feature","geometry":{"type":"Point","coordinates":[29.286907,40.960772]},"properties":{"osm_id":"way/560734017","kategori":"cami","ad":"Osmanağa Camii"}},{"type":"Feature","geometry":{"type":"Point","coordinates":[28.991862,41.179507]},"properties":{"osm_id":"way/561172382","kategori":"cami","ad":"Bahçeköy Yeni Camii"}},{"type":"Feature","geometry":{"type":"Point","coordinates":[28.989369,41.16826]},"properties":{"osm_id":"way/561174208","kategori":"cami","ad":null}},{"type":"Feature","geometry":{"type":"Point","coordinates":[29.250229,41.021742]},"properties":{"osm_id":"way/564343165","kategori":"cami","ad":"Hacı Hakkı Saruhan Camii"}},{"type":"Feature","geometry":{"type":"Point","coordinates":[28.91817,41.000401]},"properties":{"osm_id":"way/566346994","kategori":"cami","ad":"belgradkapı camii"}},{"type":"Feature","geometry":{"type":"Point","coordinates":[28.911176,41.010507]},"properties":{"osm_id":"way/566691173","kategori":"cami","ad":"Beşevler Sultan Murat Camii"}},{"type":"Feature","geometry":{"type":"Point","coordinates":[29.23812,40.997171]},"properties":{"osm_id":"way/568490378","kategori":"cami","ad":"Abdurrahman Gazi Hz.Ömer Camii"}},{"type":"Feature","geometry":{"type":"Point","coordinates":[29.093719,41.041142]},"properties":{"osm_id":"way/569195482","kategori":"cami","ad":"Asım Ülker Camii"}},{"type":"Feature","geometry":{"type":"Point","coordinates":[29.138513,41.029296]},"properties":{"osm_id":"way/569611981","kategori":"cami","ad":"Trabzonpark Camii"}},{"type":"Feature","geometry":{"type":"Point","coordinates":[29.089601,41.031464]},"properties":{"osm_id":"way/569678875","kategori":"cami","ad":"Rahmet Camii"}},{"type":"Feature","geometry":{"type":"Point","coordinates":[29.151209,41.008544]},"properties":{"osm_id":"way/569761882","kategori":"cami","ad":"Tuğlaharmanlar Camii"}},{"type":"Feature","geometry":{"type":"Point","coordinates":[28.845501,41.06392]},"properties":{"osm_id":"way/569768813","kategori":"cami","ad":"Batışehir Camii"}},{"type":"Feature","geometry":{"type":"Point","coordinates":[29.202598,41.011107]},"properties":{"osm_id":"way/569867253","kategori":"cami","ad":"Yunus Emre Camii"}},{"type":"Feature","geometry":{"type":"Point","coordinates":[29.132444,41.017363]},"properties":{"osm_id":"way/569892854","kategori":"cami","ad":"Tepeüstü Hüdayi Camii"}},{"type":"Feature","geometry":{"type":"Point","coordinates":[28.977312,41.027858]},"properties":{"osm_id":"way/569933345","kategori":"cami","ad":"Hacimimi Camii"}},{"type":"Feature","geometry":{"type":"Point","coordinates":[29.247234,40.992212]},"properties":{"osm_id":"way/570263594","kategori":"cami","ad":"Aziz Bayraktar Camii"}},{"type":"Feature","geometry":{"type":"Point","coordinates":[29.253322,40.988958]},"properties":{"osm_id":"way/570263598","kategori":"cami","ad":"Ali Duranoğlu Camii"}},{"type":"Feature","geometry":{"type":"Point","coordinates":[29.195072,41.01879]},"properties":{"osm_id":"way/570762530","kategori":"cami","ad":"Fatih Sultan Mehmet Cami"}},{"type":"Feature","geometry":{"type":"Point","coordinates":[29.206217,41.005037]},"properties":{"osm_id":"way/571001236","kategori":"cami","ad":"Abdullah Baba Camii"}},{"type":"Feature","geometry":{"type":"Point","coordinates":[29.193572,41.015709]},"properties":{"osm_id":"way/571076572","kategori":"cami","ad":"Çekmeköy Çamlık Cami"}},{"type":"Feature","geometry":{"type":"Point","coordinates":[28.969618,41.040574]},"properties":{"osm_id":"way/571208842","kategori":"cami","ad":"Hacı Hüsrev Camii"}},{"type":"Feature","geometry":{"type":"Point","coordinates":[28.830293,41.056308]},"properties":{"osm_id":"way/571213713","kategori":"cami","ad":"Hazreti Aişe Camı"}},{"type":"Feature","geometry":{"type":"Point","coordinates":[29.255028,41.014477]},"properties":{"osm_id":"way/571661734","kategori":"cami","ad":"Tepe Camii"}},{"type":"Feature","geometry":{"type":"Point","coordinates":[29.261455,41.007312]},"properties":{"osm_id":"way/571661736","kategori":"cami","ad":"Hz. Ebubekir Camii"}},{"type":"Feature","geometry":{"type":"Point","coordinates":[29.221942,40.902399]},"properties":{"osm_id":"way/571665572","kategori":"cami","ad":"Fatih Sultan Mehmet Camii"}},{"type":"Feature","geometry":{"type":"Point","coordinates":[28.965933,41.037311]},"properties":{"osm_id":"way/571681954","kategori":"cami","ad":"Gedik Abdi Camii"}},{"type":"Feature","geometry":{"type":"Point","coordinates":[28.971039,41.026336]},"properties":{"osm_id":"way/571683507","kategori":"cami","ad":"Emekyemez Camii"}},{"type":"Feature","geometry":{"type":"Point","coordinates":[28.972856,41.026609]},"properties":{"osm_id":"way/571683530","kategori":"cami","ad":"Şehsuvar Bey Camii"}},{"type":"Feature","geometry":{"type":"Point","coordinates":[28.945419,41.046072]},"properties":{"osm_id":"way/571684478","kategori":"cami","ad":"Abdüsselam Camii"}},{"type":"Feature","geometry":{"type":"Point","coordinates":[29.214936,40.977258]},"properties":{"osm_id":"way/571718012","kategori":"cami","ad":"Hacı Ahmet Kahraman Camii"}},{"type":"Feature","geometry":{"type":"Point","coordinates":[28.825272,41.036207]},"properties":{"osm_id":"way/571769283","kategori":"cami","ad":"Kazım Ömürlüoğlu Camii"}},{"type":"Feature","geometry":{"type":"Point","coordinates":[28.840617,41.032967]},"properties":{"osm_id":"way/572341549","kategori":"cami","ad":"Kirazlı Orta Cami"}},{"type":"Feature","geometry":{"type":"Point","coordinates":[28.963638,41.034846]},"properties":{"osm_id":"way/572353178","kategori":"cami","ad":"Kadı Mehmet Camii"}},{"type":"Feature","geometry":{"type":"Point","coordinates":[28.95108,41.038143]},"properties":{"osm_id":"way/572394524","kategori":"cami","ad":"Handan Ağa Kuşkonmaz Cami"}},{"type":"Feature","geometry":{"type":"Point","coordinates":[28.91364,41.021413]},"properties":{"osm_id":"way/573679224","kategori":"cami","ad":"Ülker Camii"}},{"type":"Feature","geometry":{"type":"Point","coordinates":[28.909994,40.996273]},"properties":{"osm_id":"way/573755356","kategori":"cami","ad":"Belediye Camii"}},{"type":"Feature","geometry":{"type":"Point","coordinates":[29.014903,41.094142]},"properties":{"osm_id":"way/580161818","kategori":"cami","ad":"Ahmet Akyıldız Camii"}},{"type":"Feature","geometry":{"type":"Point","coordinates":[28.933691,41.034866]},"properties":{"osm_id":"way/584424096","kategori":"cami","ad":"Maktül Mustafa Paşa Cami"}},{"type":"Feature","geometry":{"type":"Point","coordinates":[29.649994,41.12317]},"properties":{"osm_id":"way/584949749","kategori":"cami","ad":"Yeniköy Camii"}},{"type":"Feature","geometry":{"type":"Point","coordinates":[29.648432,41.14969]},"properties":{"osm_id":"way/584949757","kategori":"cami","ad":"Çayırbaşı Camii"}},{"type":"Feature","geometry":{"type":"Point","coordinates":[28.855519,41.030916]},"properties":{"osm_id":"way/585974110","kategori":"cami","ad":"Inönü Mahallesi Camii"}},{"type":"Feature","geometry":{"type":"Point","coordinates":[28.821067,41.047213]},"properties":{"osm_id":"way/587323560","kategori":"cami","ad":"Hicret Camii"}},{"type":"Feature","geometry":{"type":"Point","coordinates":[28.524181,41.223533]},"properties":{"osm_id":"way/587453632","kategori":"cami","ad":"Örcünlü Mahallesi Camii"}},{"type":"Feature","geometry":{"type":"Point","coordinates":[29.460956,41.070393]},"properties":{"osm_id":"way/587930303","kategori":"cami","ad":"Artvinler Camii"}},{"type":"Feature","geometry":{"type":"Point","coordinates":[28.605969,41.187624]},"properties":{"osm_id":"way/588885726","kategori":"cami","ad":null}},{"type":"Feature","geometry":{"type":"Point","coordinates":[28.449968,41.123828]},"properties":{"osm_id":"way/590330942","kategori":"cami","ad":null}},{"type":"Feature","geometry":{"type":"Point","coordinates":[29.306764,40.875342]},"properties":{"osm_id":"way/591738808","kategori":"cami","ad":"Şeyh Şaban-ı Veli Camii"}},{"type":"Feature","geometry":{"type":"Point","coordinates":[29.292273,40.871474]},"properties":{"osm_id":"way/591738817","kategori":"cami","ad":"Yakup Eyüboğlu Mescidi"}},{"type":"Feature","geometry":{"type":"Point","coordinates":[29.085117,41.085476]},"properties":{"osm_id":"way/595924763","kategori":"cami","ad":"Mevlana Halidi Bağdadi Camii"}},{"type":"Feature","geometry":{"type":"Point","coordinates":[29.095003,41.105224]},"properties":{"osm_id":"way/595926146","kategori":"cami","ad":"Kiremitdere Cami"}},{"type":"Feature","geometry":{"type":"Point","coordinates":[29.094363,41.111114]},"properties":{"osm_id":"way/595926147","kategori":"cami","ad":"Karagözsırtı Caferağa Camii"}},{"type":"Feature","geometry":{"type":"Point","coordinates":[29.111329,41.092534]},"properties":{"osm_id":"way/597167818","kategori":"cami","ad":"Göztepe Sadıkoğlu Camii"}},{"type":"Feature","geometry":{"type":"Point","coordinates":[28.709059,41.175044]},"properties":{"osm_id":"way/597204024","kategori":"cami","ad":"Halid Bin Velid Camii"}},{"type":"Feature","geometry":{"type":"Point","coordinates":[29.133653,41.000765]},"properties":{"osm_id":"way/599859286","kategori":"cami","ad":"Sümeyye Hatun Camii"}},{"type":"Feature","geometry":{"type":"Point","coordinates":[28.69933,41.037039]},"properties":{"osm_id":"way/600050442","kategori":"cami","ad":"Fatih Camii"}},{"type":"Feature","geometry":{"type":"Point","coordinates":[28.693328,41.045373]},"properties":{"osm_id":"way/600055366","kategori":"cami","ad":"15 Temmuz Şehitler Camii"}},{"type":"Feature","geometry":{"type":"Point","coordinates":[28.623415,41.068444]},"properties":{"osm_id":"way/600055378","kategori":"cami","ad":null}},{"type":"Feature","geometry":{"type":"Point","coordinates":[28.641957,41.019873]},"properties":{"osm_id":"way/600074298","kategori":"cami","ad":"Hazreti Ali Camii"}},{"type":"Feature","geometry":{"type":"Point","coordinates":[28.654538,41.085944]},"properties":{"osm_id":"way/600083357","kategori":"cami","ad":"Mehmet Rifat Börekçi Camii"}},{"type":"Feature","geometry":{"type":"Point","coordinates":[28.893038,41.017158]},"properties":{"osm_id":"way/600098838","kategori":"cami","ad":"Sosyal Meskenler Camii"}},{"type":"Feature","geometry":{"type":"Point","coordinates":[28.933024,41.042822]},"properties":{"osm_id":"way/600269975","kategori":"cami","ad":"Şeyhülislâm Mustafa Efendi Tekkesi"}},{"type":"Feature","geometry":{"type":"Point","coordinates":[28.661683,41.038269]},"properties":{"osm_id":"way/604919005","kategori":"cami","ad":"Molla Mahmut Cami"}},{"type":"Feature","geometry":{"type":"Point","coordinates":[29.287987,40.861059]},"properties":{"osm_id":"way/617610742","kategori":"cami","ad":"Güzelyalı Mimar Sinan Camii"}},{"type":"Feature","geometry":{"type":"Point","coordinates":[29.340774,40.8647]},"properties":{"osm_id":"way/623349545","kategori":"cami","ad":"Necip Fazıl Kısakürek Camii"}},{"type":"Feature","geometry":{"type":"Point","coordinates":[29.344353,40.863419]},"properties":{"osm_id":"way/623822817","kategori":"cami","ad":"Hacılar Camii"}},{"type":"Feature","geometry":{"type":"Point","coordinates":[29.340813,40.876549]},"properties":{"osm_id":"way/624378594","kategori":"cami","ad":"İstanbul Deri Sanayi Yan Sanayi Camii"}},{"type":"Feature","geometry":{"type":"Point","coordinates":[28.672785,41.004366]},"properties":{"osm_id":"way/626254716","kategori":"cami","ad":"Kuvayımilliye Cami"}},{"type":"Feature","geometry":{"type":"Point","coordinates":[29.385885,40.884655]},"properties":{"osm_id":"way/626329540","kategori":"cami","ad":"İAYOSB Merkez Camii"}},{"type":"Feature","geometry":{"type":"Point","coordinates":[29.302738,40.859258]},"properties":{"osm_id":"way/626634304","kategori":"cami","ad":"Nazmi Durbakayım Camii"}},{"type":"Feature","geometry":{"type":"Point","coordinates":[29.313128,40.87648]},"properties":{"osm_id":"way/626846976","kategori":"cami","ad":"Haci Bekir Yıldırım Camii"}},{"type":"Feature","geometry":{"type":"Point","coordinates":[29.066793,40.982685]},"properties":{"osm_id":"way/626873234","kategori":"cami","ad":"Çemenzar Camii"}},{"type":"Feature","geometry":{"type":"Point","coordinates":[29.218401,40.907754]},"properties":{"osm_id":"way/629801663","kategori":"cami","ad":"Şeyh Edebali Camii"}},{"type":"Feature","geometry":{"type":"Point","coordinates":[29.231576,40.906159]},"properties":{"osm_id":"way/629801669","kategori":"cami","ad":"Lalelik Camii"}},{"type":"Feature","geometry":{"type":"Point","coordinates":[29.227799,40.900882]},"properties":{"osm_id":"way/629801670","kategori":"cami","ad":"Kurfalı Merkez Camii"}},{"type":"Feature","geometry":{"type":"Point","coordinates":[29.250534,40.889378]},"properties":{"osm_id":"way/629816437","kategori":"cami","ad":"Dolayoba Gözdağı Camii"}},{"type":"Feature","geometry":{"type":"Point","coordinates":[29.260436,41.012957]},"properties":{"osm_id":"way/630311864","kategori":"cami","ad":"Şehit Emre Baysal Camii"}},{"type":"Feature","geometry":{"type":"Point","coordinates":[29.085271,41.049607]},"properties":{"osm_id":"way/630580395","kategori":"cami","ad":"Fatih Camii"}},{"type":"Feature","geometry":{"type":"Point","coordinates":[29.101029,41.110681]},"properties":{"osm_id":"way/630603000","kategori":"cami","ad":"Çiğdem Merkez Camii"}},{"type":"Feature","geometry":{"type":"Point","coordinates":[29.09506,41.145394]},"properties":{"osm_id":"way/630603006","kategori":"cami","ad":"Hünkartepe Camii"}},{"type":"Feature","geometry":{"type":"Point","coordinates":[29.688508,41.143309]},"properties":{"osm_id":"way/630935195","kategori":"cami","ad":"Kabakoz Mahallesi Camii"}},{"type":"Feature","geometry":{"type":"Point","coordinates":[29.031346,41.11377]},"properties":{"osm_id":"way/631109334","kategori":"cami","ad":"Osman Kabil Camii"}},{"type":"Feature","geometry":{"type":"Point","coordinates":[29.311528,40.836996]},"properties":{"osm_id":"way/632155145","kategori":"cami","ad":"Yeni Evler Camii"}},{"type":"Feature","geometry":{"type":"Point","coordinates":[29.363127,40.837303]},"properties":{"osm_id":"way/632191720","kategori":"cami","ad":"Hz. İmam Muhammed Mehdi A.S. Camii"}},{"type":"Feature","geometry":{"type":"Point","coordinates":[29.35782,40.838007]},"properties":{"osm_id":"way/632191728","kategori":"cami","ad":"Mevlana Camii"}},{"type":"Feature","geometry":{"type":"Point","coordinates":[29.35655,40.893904]},"properties":{"osm_id":"way/632251027","kategori":"cami","ad":"Orhanlı Merkez Camii"}},{"type":"Feature","geometry":{"type":"Point","coordinates":[28.696327,41.014011]},"properties":{"osm_id":"way/632841951","kategori":"cami","ad":"Mareşal Camii"}},{"type":"Feature","geometry":{"type":"Point","coordinates":[28.8899,41.178718]},"properties":{"osm_id":"way/635279457","kategori":"cami","ad":"Göktürk Merkez Camii"}},{"type":"Feature","geometry":{"type":"Point","coordinates":[28.873843,41.183018]},"properties":{"osm_id":"way/635279459","kategori":"cami","ad":"Ensar Camii"}},{"type":"Feature","geometry":{"type":"Point","coordinates":[29.164551,40.90734]},"properties":{"osm_id":"way/635395264","kategori":"cami","ad":"Zeytinlik Ulu Camii"}},{"type":"Feature","geometry":{"type":"Point","coordinates":[29.160942,40.90805]},"properties":{"osm_id":"way/635395267","kategori":"cami","ad":"Tamirhane Merkez Camii"}},{"type":"Feature","geometry":{"type":"Point","coordinates":[29.160024,40.912195]},"properties":{"osm_id":"way/635395270","kategori":"cami","ad":"30 Ağustos Camii"}},{"type":"Feature","geometry":{"type":"Point","coordinates":[28.641603,40.975791]},"properties":{"osm_id":"way/635500297","kategori":"cami","ad":"Mahmud Efendi Camii"}},{"type":"Feature","geometry":{"type":"Point","coordinates":[28.613827,41.000285]},"properties":{"osm_id":"way/635500370","kategori":"cami","ad":"Şehit Yahya Çavuş Camii"}},{"type":"Feature","geometry":{"type":"Point","coordinates":[28.608995,40.984425]},"properties":{"osm_id":"way/635524855","kategori":"cami","ad":"Osman Hasan Uzun Camii"}},{"type":"Feature","geometry":{"type":"Point","coordinates":[28.629606,41.000758]},"properties":{"osm_id":"way/635536269","kategori":"cami","ad":"Mustafa Efendi Camii"}},{"type":"Feature","geometry":{"type":"Point","coordinates":[28.612146,41.177957]},"properties":{"osm_id":"way/635602598","kategori":"cami","ad":"Mevlana Camii"}},{"type":"Feature","geometry":{"type":"Point","coordinates":[28.610576,41.18484]},"properties":{"osm_id":"way/635602600","kategori":"cami","ad":null}},{"type":"Feature","geometry":{"type":"Point","coordinates":[29.295149,40.853462]},"properties":{"osm_id":"way/637830566","kategori":"cami","ad":"Aydıntepe Merkez Camii"}},{"type":"Feature","geometry":{"type":"Point","coordinates":[29.301461,40.851197]},"properties":{"osm_id":"way/637830567","kategori":"cami","ad":"Yavuzevler Camii"}},{"type":"Feature","geometry":{"type":"Point","coordinates":[29.300722,40.853889]},"properties":{"osm_id":"way/637830568","kategori":"cami","ad":"Yeşildere Camii"}},{"type":"Feature","geometry":{"type":"Point","coordinates":[29.293935,40.859331]},"properties":{"osm_id":"way/637830569","kategori":"cami","ad":"Esenyalı Yeni Camii"}},{"type":"Feature","geometry":{"type":"Point","coordinates":[29.124063,40.973987]},"properties":{"osm_id":"way/638675592","kategori":"cami","ad":"Şafak Cami"}},{"type":"Feature","geometry":{"type":"Point","coordinates":[29.121177,40.971672]},"properties":{"osm_id":"way/638675593","kategori":"cami","ad":"Hacı Nuri Cerit Camii"}},{"type":"Feature","geometry":{"type":"Point","coordinates":[28.755329,41.183042]},"properties":{"osm_id":"way/639965702","kategori":"cami","ad":"Boğazköy Şirindere Camii"}},{"type":"Feature","geometry":{"type":"Point","coordinates":[28.747318,41.184129]},"properties":{"osm_id":"way/639965703","kategori":"cami","ad":"Arnavutköy 2. Camii"}},{"type":"Feature","geometry":{"type":"Point","coordinates":[28.720945,41.202185]},"properties":{"osm_id":"way/639965704","kategori":"cami","ad":"Taşoluk Akşemsettin Camii"}},{"type":"Feature","geometry":{"type":"Point","coordinates":[28.72158,41.208132]},"properties":{"osm_id":"way/639965708","kategori":"cami","ad":null}},{"type":"Feature","geometry":{"type":"Point","coordinates":[29.040275,41.027023]},"properties":{"osm_id":"way/640396757","kategori":"cami","ad":"Kazdal Camii"}},{"type":"Feature","geometry":{"type":"Point","coordinates":[29.880332,41.077073]},"properties":{"osm_id":"way/641347581","kategori":"cami","ad":"Yumuşak Köy Cami"}},{"type":"Feature","geometry":{"type":"Point","coordinates":[29.842311,41.13135]},"properties":{"osm_id":"way/642695433","kategori":"cami","ad":"Yakuplu Mahallesi Camii"}},{"type":"Feature","geometry":{"type":"Point","coordinates":[29.158486,40.941607]},"properties":{"osm_id":"way/644526398","kategori":"cami","ad":"Hz.Ali Camii"}},{"type":"Feature","geometry":{"type":"Point","coordinates":[28.875815,41.091759]},"properties":{"osm_id":"way/645707369","kategori":"cami","ad":"Ravza Camii"}},{"type":"Feature","geometry":{"type":"Point","coordinates":[29.081292,41.072924]},"properties":{"osm_id":"way/649268672","kategori":"cami","ad":"Arkboyu Camii"}},{"type":"Feature","geometry":{"type":"Point","coordinates":[29.149603,40.945732]},"properties":{"osm_id":"way/649864506","kategori":"cami","ad":"Halil İbrahim Camii"}},{"type":"Feature","geometry":{"type":"Point","coordinates":[29.310132,40.864774]},"properties":{"osm_id":"way/651232174","kategori":"cami","ad":"Hoca Ahmet Yesevi Camii"}},{"type":"Feature","geometry":{"type":"Point","coordinates":[29.278682,40.913412]},"properties":{"osm_id":"way/652034100","kategori":"cami","ad":"Sülüntepe Merkez Camii"}},{"type":"Feature","geometry":{"type":"Point","coordinates":[29.278047,40.916135]},"properties":{"osm_id":"way/652034101","kategori":"cami","ad":"Ahmet Tevetoğlu Camii"}},{"type":"Feature","geometry":{"type":"Point","coordinates":[29.287133,40.866763]},"properties":{"osm_id":"way/652335489","kategori":"cami","ad":"Esenyalı Fındıkpınar Medine Camii"}},{"type":"Feature","geometry":{"type":"Point","coordinates":[28.990322,41.098039]},"properties":{"osm_id":"way/653747699","kategori":"cami","ad":"Cumhuriyet Camii"}},{"type":"Feature","geometry":{"type":"Point","coordinates":[29.152825,41.014242]},"properties":{"osm_id":"way/653901671","kategori":"cami","ad":"Merkez Baba Cami"}},{"type":"Feature","geometry":{"type":"Point","coordinates":[28.855261,41.01565]},"properties":{"osm_id":"way/654770769","kategori":"cami","ad":"Yunus Emre Cami"}},{"type":"Feature","geometry":{"type":"Point","coordinates":[29.321832,40.831234]},"properties":{"osm_id":"way/654925428","kategori":"cami","ad":"İstasyon Yeni Camii"}},{"type":"Feature","geometry":{"type":"Point","coordinates":[29.007489,41.078019]},"properties":{"osm_id":"way/655449421","kategori":"cami","ad":"Gülez Camii"}},{"type":"Feature","geometry":{"type":"Point","coordinates":[29.324726,40.825985]},"properties":{"osm_id":"way/655694581","kategori":"cami","ad":"Tuzla Müftülüğü İstasyon Camii"}},{"type":"Feature","geometry":{"type":"Point","coordinates":[29.304889,40.816718]},"properties":{"osm_id":"way/656043066","kategori":"cami","ad":"Sultan I. Ahmet Camii"}},{"type":"Feature","geometry":{"type":"Point","coordinates":[28.635299,41.023366]},"properties":{"osm_id":"way/656605060","kategori":"cami","ad":"Kristalşehir Çarşı Mescidi"}},{"type":"Feature","geometry":{"type":"Point","coordinates":[28.632513,41.023772]},"properties":{"osm_id":"way/656605063","kategori":"cami","ad":"Kristalşehir Camisi"}},{"type":"Feature","geometry":{"type":"Point","coordinates":[28.685034,41.335886]},"properties":{"osm_id":"way/656735785","kategori":"cami","ad":"Hz. Hamza Camii"}},{"type":"Feature","geometry":{"type":"Point","coordinates":[28.759493,41.213687]},"properties":{"osm_id":"way/656933318","kategori":"cami","ad":"Şeyh Seyyid Hüseyin Camii"}},{"type":"Feature","geometry":{"type":"Point","coordinates":[28.772739,41.208342]},"properties":{"osm_id":"way/656940333","kategori":"cami","ad":"Mehmet Akif Ersoy Camii"}},{"type":"Feature","geometry":{"type":"Point","coordinates":[29.122638,41.089025]},"properties":{"osm_id":"way/656967171","kategori":"cami","ad":"Fatih Mahallesi Camii"}},{"type":"Feature","geometry":{"type":"Point","coordinates":[28.737368,41.209868]},"properties":{"osm_id":"way/656971490","kategori":"cami","ad":"Yavuz Selim Camii"}},{"type":"Feature","geometry":{"type":"Point","coordinates":[28.750277,41.197303]},"properties":{"osm_id":"way/656971504","kategori":"cami","ad":"İslambey Camii"}},{"type":"Feature","geometry":{"type":"Point","coordinates":[28.769727,41.199279]},"properties":{"osm_id":"way/656971518","kategori":"cami","ad":"Abdulhamidhan Camii"}},{"type":"Feature","geometry":{"type":"Point","coordinates":[29.207477,40.923228]},"properties":{"osm_id":"way/657211373","kategori":"cami","ad":"Meral Akşehirlioğlu Camii"}},{"type":"Feature","geometry":{"type":"Point","coordinates":[29.208828,40.924669]},"properties":{"osm_id":"way/657211753","kategori":"cami","ad":"Veysel Karani Camii"}},{"type":"Feature","geometry":{"type":"Point","coordinates":[29.210572,40.897458]},"properties":{"osm_id":"way/657222639","kategori":"cami","ad":"Kıbrıs Şehitler Camii"}},{"type":"Feature","geometry":{"type":"Point","coordinates":[29.204294,40.901492]},"properties":{"osm_id":"way/657222682","kategori":"cami","ad":"Yavuz Sultan Devlet Hastanesi Mescidi"}},{"type":"Feature","geometry":{"type":"Point","coordinates":[28.749091,41.174602]},"properties":{"osm_id":"way/658243080","kategori":"cami","ad":"Memba Mevlana Camii"}},{"type":"Feature","geometry":{"type":"Point","coordinates":[29.061334,41.013261]},"properties":{"osm_id":"way/658252826","kategori":"cami","ad":"Küçük Çamlıca Subaşı Camii"}},{"type":"Feature","geometry":{"type":"Point","coordinates":[29.313189,40.933375]},"properties":{"osm_id":"way/659848242","kategori":"cami","ad":"Hz. Yusuf Camii"}},{"type":"Feature","geometry":{"type":"Point","coordinates":[28.647664,41.026057]},"properties":{"osm_id":"way/661362190","kategori":"cami","ad":"Pirireis Mahallesi Camii"}},{"type":"Feature","geometry":{"type":"Point","coordinates":[28.659274,41.023659]},"properties":{"osm_id":"way/661362191","kategori":"cami","ad":"Yeşilkent Mahallesi Merkez Camii"}},{"type":"Feature","geometry":{"type":"Point","coordinates":[29.04278,41.178565]},"properties":{"osm_id":"way/662298317","kategori":"cami","ad":"Hz. Ebubekir Camii"}},{"type":"Feature","geometry":{"type":"Point","coordinates":[28.853984,41.046214]},"properties":{"osm_id":"way/662642176","kategori":"cami","ad":"İmam Ali Camii"}},{"type":"Feature","geometry":{"type":"Point","coordinates":[29.297006,40.93295]},"properties":{"osm_id":"way/666030119","kategori":"cami","ad":"Arslan Ayvacı Camii"}},{"type":"Feature","geometry":{"type":"Point","coordinates":[29.049926,41.013346]},"properties":{"osm_id":"way/666544825","kategori":"cami","ad":"Validebağ Koru Camii"}},{"type":"Feature","geometry":{"type":"Point","coordinates":[28.895525,41.183596]},"properties":{"osm_id":"way/668149115","kategori":"cami","ad":"Mahmud Es'ad Coşan Camii"}},{"type":"Feature","geometry":{"type":"Point","coordinates":[28.778482,41.020736]},"properties":{"osm_id":"way/670352661","kategori":"cami","ad":"Hacı İzet Taş Camii"}},{"type":"Feature","geometry":{"type":"Point","coordinates":[28.964031,41.075761]},"properties":{"osm_id":"way/671152161","kategori":"cami","ad":"KAĞITHANE HACI BEKTAŞ VELİ EĞİTİM VE KÜLTÜR DERNEĞİ KAĞITHANE CEMEVİ"}},{"type":"Feature","geometry":{"type":"Point","coordinates":[29.049854,41.089276]},"properties":{"osm_id":"way/672466911","kategori":"cami","ad":"Rumeli Hisar Üstü Merkez Camii"}},{"type":"Feature","geometry":{"type":"Point","coordinates":[29.305916,40.92065]},"properties":{"osm_id":"way/673588226","kategori":"cami","ad":"Hz.İsmail Camii"}},{"type":"Feature","geometry":{"type":"Point","coordinates":[28.926453,41.074739]},"properties":{"osm_id":"way/673959773","kategori":"cami","ad":"Ashabı Kiram Camii"}},{"type":"Feature","geometry":{"type":"Point","coordinates":[29.286305,40.9247]},"properties":{"osm_id":"way/673977600","kategori":"cami","ad":"İbrahim Hakkı Erzurumi Camii"}},{"type":"Feature","geometry":{"type":"Point","coordinates":[29.269224,40.924979]},"properties":{"osm_id":"way/674035770","kategori":"cami","ad":"Hz.Adem Camii"}},{"type":"Feature","geometry":{"type":"Point","coordinates":[29.21776,40.888881]},"properties":{"osm_id":"way/674355319","kategori":"cami","ad":"YeniMahalle Kubbeli Cami"}},{"type":"Feature","geometry":{"type":"Point","coordinates":[29.221493,40.892201]},"properties":{"osm_id":"way/674355320","kategori":"cami","ad":"Hacı Ahmet Camii"}},{"type":"Feature","geometry":{"type":"Point","coordinates":[29.221406,40.88944]},"properties":{"osm_id":"way/674355321","kategori":"cami","ad":"Turgut Paşa Camii"}},{"type":"Feature","geometry":{"type":"Point","coordinates":[29.283698,40.914586]},"properties":{"osm_id":"way/674526427","kategori":"cami","ad":"Molla Gürani Camii"}},{"type":"Feature","geometry":{"type":"Point","coordinates":[28.761684,41.180655]},"properties":{"osm_id":"way/675126052","kategori":"cami","ad":"Boğazköy Mevlana Camii"}},{"type":"Feature","geometry":{"type":"Point","coordinates":[29.300252,40.915575]},"properties":{"osm_id":"way/675697752","kategori":"cami","ad":"Yavuz Sultan Selim Merkez Camii"}},{"type":"Feature","geometry":{"type":"Point","coordinates":[29.07217,41.023568]},"properties":{"osm_id":"way/675882480","kategori":"cami","ad":"Asım Ülker Camii"}},{"type":"Feature","geometry":{"type":"Point","coordinates":[28.993086,41.094165]},"properties":{"osm_id":"way/675892453","kategori":"cami","ad":"Sultan Selim Mescidi"}},{"type":"Feature","geometry":{"type":"Point","coordinates":[29.293904,40.913404]},"properties":{"osm_id":"way/676058089","kategori":"cami","ad":"Ashabı Suffa Camii"}},{"type":"Feature","geometry":{"type":"Point","coordinates":[28.74896,41.105006]},"properties":{"osm_id":"way/676188664","kategori":"cami","ad":"Hacı Kasım Camii"}},{"type":"Feature","geometry":{"type":"Point","coordinates":[28.753865,41.091342]},"properties":{"osm_id":"way/676190510","kategori":"cami","ad":"Zeliha Hatun Cami"}},{"type":"Feature","geometry":{"type":"Point","coordinates":[28.419455,41.051676]},"properties":{"osm_id":"way/676201511","kategori":"cami","ad":"Celaliye Camii"}},{"type":"Feature","geometry":{"type":"Point","coordinates":[28.526914,41.019502]},"properties":{"osm_id":"way/676207192","kategori":"cami","ad":"Hünkartpepe Bilali Habeşi Camii"}},{"type":"Feature","geometry":{"type":"Point","coordinates":[29.890823,41.118059]},"properties":{"osm_id":"way/677149494","kategori":"cami","ad":"Büyük Bucaklı Köyü Camii"}},{"type":"Feature","geometry":{"type":"Point","coordinates":[29.880864,41.114439]},"properties":{"osm_id":"way/677151827","kategori":"cami","ad":"Büyükbucaklı Dikbucaklı Camii"}},{"type":"Feature","geometry":{"type":"Point","coordinates":[29.873691,41.118703]},"properties":{"osm_id":"way/677151836","kategori":"cami","ad":"Büyükbucaklı Mahallesi Camii"}},{"type":"Feature","geometry":{"type":"Point","coordinates":[29.293089,40.908694]},"properties":{"osm_id":"way/677456852","kategori":"cami","ad":"Şeyhli Akşemsettin Camii"}},{"type":"Feature","geometry":{"type":"Point","coordinates":[29.283997,40.906989]},"properties":{"osm_id":"way/677473722","kategori":"cami","ad":"Şeyhli Merkez Camii"}},{"type":"Feature","geometry":{"type":"Point","coordinates":[29.825859,41.133738]},"properties":{"osm_id":"way/677582976","kategori":"cami","ad":"Kurfallı Camii"}},{"type":"Feature","geometry":{"type":"Point","coordinates":[29.392312,41.053443]},"properties":{"osm_id":"way/677594446","kategori":"cami","ad":"Esenceli Köyü Camii"}},{"type":"Feature","geometry":{"type":"Point","coordinates":[29.905137,41.095042]},"properties":{"osm_id":"way/677649125","kategori":"cami","ad":"Çelebi Köyü Camii"}},{"type":"Feature","geometry":{"type":"Point","coordinates":[29.868386,41.126917]},"properties":{"osm_id":"way/677694442","kategori":"cami","ad":"Dikbucak Camii"}},{"type":"Feature","geometry":{"type":"Point","coordinates":[29.225581,40.90893]},"properties":{"osm_id":"way/678608544","kategori":"cami","ad":"Kurfalı Çınar Camii"}},{"type":"Feature","geometry":{"type":"Point","coordinates":[29.266693,40.874259]},"properties":{"osm_id":"way/678926060","kategori":"cami","ad":"Kaynarca Ulu Camii"}},{"type":"Feature","geometry":{"type":"Point","coordinates":[29.306389,40.915842]},"properties":{"osm_id":"way/680285088","kategori":"cami","ad":"Hz.Yahya Camii"}},{"type":"Feature","geometry":{"type":"Point","coordinates":[28.98591,41.09852]},"properties":{"osm_id":"way/680298800","kategori":"cami","ad":"Ulubatlı Hasan Camii"}},{"type":"Feature","geometry":{"type":"Point","coordinates":[29.287627,40.909784]},"properties":{"osm_id":"way/680312471","kategori":"cami","ad":"Fatih Camii"}},{"type":"Feature","geometry":{"type":"Point","coordinates":[28.647712,41.038647]},"properties":{"osm_id":"way/682155365","kategori":"cami","ad":"Kıraç Merkez Camii"}},{"type":"Feature","geometry":{"type":"Point","coordinates":[29.261955,40.885697]},"properties":{"osm_id":"way/682918607","kategori":"cami","ad":"Marmara Üniversitesi Pendik Eğitim ve Araştırma Hastanesi Mescidi"}},{"type":"Feature","geometry":{"type":"Point","coordinates":[28.716896,41.061421]},"properties":{"osm_id":"way/683331885","kategori":"cami","ad":"Mehmet Yoluç"}},{"type":"Feature","geometry":{"type":"Point","coordinates":[28.72738,41.054095]},"properties":{"osm_id":"way/683332136","kategori":"cami","ad":"Hüseyin Aldemir Camii"}},{"type":"Feature","geometry":{"type":"Point","coordinates":[29.083741,41.148291]},"properties":{"osm_id":"way/684381729","kategori":"cami","ad":"Çamlıbahçe Camii"}},{"type":"Feature","geometry":{"type":"Point","coordinates":[29.082726,41.143068]},"properties":{"osm_id":"way/684386156","kategori":"cami","ad":"İşçi Evleri Camii"}},{"type":"Feature","geometry":{"type":"Point","coordinates":[29.867282,41.079311]},"properties":{"osm_id":"way/684424189","kategori":"cami","ad":"Sungurlu Camii"}},{"type":"Feature","geometry":{"type":"Point","coordinates":[29.824856,41.085522]},"properties":{"osm_id":"way/684432535","kategori":"cami","ad":"Edeyli Camii"}},{"type":"Feature","geometry":{"type":"Point","coordinates":[29.788893,41.091684]},"properties":{"osm_id":"way/684437401","kategori":"cami","ad":"Göksu Denizli Mahallesi Camii"}},{"type":"Feature","geometry":{"type":"Point","coordinates":[29.792573,41.141266]},"properties":{"osm_id":"way/684443185","kategori":"cami","ad":"Şuayipli Camii"}},{"type":"Feature","geometry":{"type":"Point","coordinates":[29.769657,41.045312]},"properties":{"osm_id":"way/684505196","kategori":"cami","ad":"Eski Camii"}},{"type":"Feature","geometry":{"type":"Point","coordinates":[29.243621,40.894177]},"properties":{"osm_id":"way/684518970","kategori":"cami","ad":"Emir Sultan Camii"}},{"type":"Feature","geometry":{"type":"Point","coordinates":[29.246868,40.892272]},"properties":{"osm_id":"way/684757635","kategori":"cami","ad":"Dolayoba Ulu Camii"}},{"type":"Feature","geometry":{"type":"Point","coordinates":[29.250151,40.895133]},"properties":{"osm_id":"way/684825648","kategori":"cami","ad":"Dolayoba Süleymaniye Camii"}},{"type":"Feature","geometry":{"type":"Point","coordinates":[29.229525,41.022027]},"properties":{"osm_id":"way/687577072","kategori":"cami","ad":"Aksa Camii"}},{"type":"Feature","geometry":{"type":"Point","coordinates":[29.232841,41.024161]},"properties":{"osm_id":"way/687584814","kategori":"cami","ad":"Fatih Camii"}},{"type":"Feature","geometry":{"type":"Point","coordinates":[28.944199,41.068203]},"properties":{"osm_id":"way/688202328","kategori":"cami","ad":"Silahtarağa Camii"}},{"type":"Feature","geometry":{"type":"Point","coordinates":[29.34173,40.928176]},"properties":{"osm_id":"way/688464295","kategori":"cami","ad":"Şehit Mustafa Hasanoğlu Camii"}},{"type":"Feature","geometry":{"type":"Point","coordinates":[29.374985,40.907221]},"properties":{"osm_id":"way/688476030","kategori":"cami","ad":"Akşemsettin Camii"}},{"type":"Feature","geometry":{"type":"Point","coordinates":[29.575276,41.043202]},"properties":{"osm_id":"way/688903209","kategori":"cami","ad":"Darlık Köyü Camii"}},{"type":"Feature","geometry":{"type":"Point","coordinates":[29.458792,40.980086]},"properties":{"osm_id":"way/689056417","kategori":"cami","ad":"Göçbeyli Merkez Camii"}},{"type":"Feature","geometry":{"type":"Point","coordinates":[29.082151,41.106756]},"properties":{"osm_id":"way/689588138","kategori":"cami","ad":"Çubuklu Halil Ağa Camii"}},{"type":"Feature","geometry":{"type":"Point","coordinates":[29.094029,41.06958]},"properties":{"osm_id":"way/689878495","kategori":"cami","ad":"Mürüvvet Hatun Camii"}},{"type":"Feature","geometry":{"type":"Point","coordinates":[28.618529,40.987487]},"properties":{"osm_id":"way/689917127","kategori":"cami","ad":"Ramazan Kızılkaya Camii"}},{"type":"Feature","geometry":{"type":"Point","coordinates":[28.669118,40.984645]},"properties":{"osm_id":"way/690144461","kategori":"cami","ad":"Hacı Mehmet Peker Camii"}},{"type":"Feature","geometry":{"type":"Point","coordinates":[29.671944,41.09249]},"properties":{"osm_id":"way/690296791","kategori":"cami","ad":"Yaylalı Camii"}},{"type":"Feature","geometry":{"type":"Point","coordinates":[29.651812,41.058535]},"properties":{"osm_id":"way/690429293","kategori":"cami","ad":"Hacı Nail Özcan Camii"}},{"type":"Feature","geometry":{"type":"Point","coordinates":[29.476223,41.122603]},"properties":{"osm_id":"way/691291755","kategori":"cami","ad":"Yeşilvadi Camii"}},{"type":"Feature","geometry":{"type":"Point","coordinates":[29.800937,41.133344]},"properties":{"osm_id":"way/691635754","kategori":"cami","ad":"Şuayipli Camii"}},{"type":"Feature","geometry":{"type":"Point","coordinates":[29.039635,41.009346]},"properties":{"osm_id":"way/693667405","kategori":"cami","ad":"Koşuyolu Camii"}},{"type":"Feature","geometry":{"type":"Point","coordinates":[29.025226,40.99004]},"properties":{"osm_id":"way/694715128","kategori":"cami","ad":"Ket Hüda Çarşı Camii"}},{"type":"Feature","geometry":{"type":"Point","coordinates":[28.666107,41.078361]},"properties":{"osm_id":"way/695008395","kategori":"cami","ad":"Boğazköy Merkez Camii"}},{"type":"Feature","geometry":{"type":"Point","coordinates":[28.868792,41.058902]},"properties":{"osm_id":"way/695009514","kategori":"cami","ad":"Zübeyir İbni Avvam Camii"}},{"type":"Feature","geometry":{"type":"Point","coordinates":[28.87632,41.024044]},"properties":{"osm_id":"way/696010909","kategori":"cami","ad":"Osman Nuri Özbek Camii"}},{"type":"Feature","geometry":{"type":"Point","coordinates":[28.26517,41.082708]},"properties":{"osm_id":"way/697043899","kategori":"cami","ad":"Camii"}},{"type":"Feature","geometry":{"type":"Point","coordinates":[28.211003,41.088311]},"properties":{"osm_id":"way/697043977","kategori":"cami","ad":"Camii"}},{"type":"Feature","geometry":{"type":"Point","coordinates":[28.870431,41.102272]},"properties":{"osm_id":"way/697112787","kategori":"cami","ad":"Hasan Sadet Aygün Camii"}},{"type":"Feature","geometry":{"type":"Point","coordinates":[28.994303,41.049382]},"properties":{"osm_id":"way/697224044","kategori":"cami","ad":"Teşvikiye Camii"}},{"type":"Feature","geometry":{"type":"Point","coordinates":[28.729326,41.214354]},"properties":{"osm_id":"way/697661080","kategori":"cami","ad":"Camii"}},{"type":"Feature","geometry":{"type":"Point","coordinates":[28.682036,41.224577]},"properties":{"osm_id":"way/697661084","kategori":"cami","ad":"Camii"}},{"type":"Feature","geometry":{"type":"Point","coordinates":[28.363612,41.136606]},"properties":{"osm_id":"way/697661108","kategori":"cami","ad":"Camii"}},{"type":"Feature","geometry":{"type":"Point","coordinates":[28.997501,41.047023]},"properties":{"osm_id":"way/697708326","kategori":"cami","ad":"Hoca Mehmet Raif Ağa Camii"}},{"type":"Feature","geometry":{"type":"Point","coordinates":[28.99915,41.048806]},"properties":{"osm_id":"way/697781912","kategori":"cami","ad":"Muradiye Camii"}},{"type":"Feature","geometry":{"type":"Point","coordinates":[28.992938,41.054303]},"properties":{"osm_id":"way/698450705","kategori":"cami","ad":"Meşrutiyet Hamidiye Camii"}},{"type":"Feature","geometry":{"type":"Point","coordinates":[29.002863,41.042891]},"properties":{"osm_id":"way/699951399","kategori":"cami","ad":"Kaptan İbrahim Ağa Camii"}},{"type":"Feature","geometry":{"type":"Point","coordinates":[28.807698,41.279168]},"properties":{"osm_id":"way/699959023","kategori":"cami","ad":"Medcit"}},{"type":"Feature","geometry":{"type":"Point","coordinates":[28.079793,41.116861]},"properties":{"osm_id":"way/700436137","kategori":"cami","ad":"Eski Çanta Camii"}},{"type":"Feature","geometry":{"type":"Point","coordinates":[29.000118,41.043599]},"properties":{"osm_id":"way/701140337","kategori":"cami","ad":"Ekmekçibaşı Mescidi"}},{"type":"Feature","geometry":{"type":"Point","coordinates":[28.871464,41.089565]},"properties":{"osm_id":"way/702259106","kategori":"cami","ad":"Fevzi Çakmak Camii"}},{"type":"Feature","geometry":{"type":"Point","coordinates":[28.780159,41.068791]},"properties":{"osm_id":"way/702274225","kategori":"cami","ad":"Hasan Küçükoğlu Camii"}},{"type":"Feature","geometry":{"type":"Point","coordinates":[28.772512,41.094541]},"properties":{"osm_id":"way/702502837","kategori":"cami","ad":"Şehit Ömer Halisdemir Camii"}},{"type":"Feature","geometry":{"type":"Point","coordinates":[28.8047,41.10359]},"properties":{"osm_id":"way/705081197","kategori":"cami","ad":"Medine Münavi Fahrettin Paşa Camii"}},{"type":"Feature","geometry":{"type":"Point","coordinates":[29.029666,41.001404]},"properties":{"osm_id":"way/707608848","kategori":"cami","ad":"İbrahim Ağa Camii"}},{"type":"Feature","geometry":{"type":"Point","coordinates":[28.907243,41.061173]},"properties":{"osm_id":"way/708935908","kategori":"cami","ad":"Selim Hoca Camii"}},{"type":"Feature","geometry":{"type":"Point","coordinates":[29.0348,41.002253]},"properties":{"osm_id":"way/709608671","kategori":"cami","ad":"Anadolu Sitesi Camii"}},{"type":"Feature","geometry":{"type":"Point","coordinates":[29.030458,41.009818]},"properties":{"osm_id":"way/709615936","kategori":"cami","ad":"Seyid Ahmet Deresi İranlılar Camii"}},{"type":"Feature","geometry":{"type":"Point","coordinates":[29.01748,41.012881]},"properties":{"osm_id":"way/709908140","kategori":"cami","ad":"Çiçekçi Camii"}},{"type":"Feature","geometry":{"type":"Point","coordinates":[29.012907,41.009215]},"properties":{"osm_id":"way/709908145","kategori":"cami","ad":"Defterdar Tahir Efendi Camii"}},{"type":"Feature","geometry":{"type":"Point","coordinates":[29.013483,41.015685]},"properties":{"osm_id":"way/709908151","kategori":"cami","ad":"İhsaniye Camii"}},{"type":"Feature","geometry":{"type":"Point","coordinates":[29.021994,41.015897]},"properties":{"osm_id":"way/709929379","kategori":"cami","ad":"Arakiyeci Hacı Caferağa Camii"}},{"type":"Feature","geometry":{"type":"Point","coordinates":[29.039228,40.994873]},"properties":{"osm_id":"way/710990096","kategori":"cami","ad":"Hasanpaşa Camii"}},{"type":"Feature","geometry":{"type":"Point","coordinates":[29.046499,41.000162]},"properties":{"osm_id":"way/710990493","kategori":"cami","ad":"Ahmet Taci Büyükhanlı Camii"}},{"type":"Feature","geometry":{"type":"Point","coordinates":[29.123423,40.965611]},"properties":{"osm_id":"way/711671842","kategori":"cami","ad":"Fındıklı Merkez Camii"}},{"type":"Feature","geometry":{"type":"Point","coordinates":[29.071426,40.974592]},"properties":{"osm_id":"way/712199700","kategori":"cami","ad":"Şakir Berkan Camii"}},{"type":"Feature","geometry":{"type":"Point","coordinates":[29.109634,40.94359]},"properties":{"osm_id":"way/713406243","kategori":"cami","ad":"Maltepe Tacirler Mescidi"}},{"type":"Feature","geometry":{"type":"Point","coordinates":[29.052047,40.991391]},"properties":{"osm_id":"way/716623268","kategori":"cami","ad":"Sinoplu Pehlivan Halil Çiçekçi Camii"}},{"type":"Feature","geometry":{"type":"Point","coordinates":[29.084663,41.162404]},"properties":{"osm_id":"way/717554680","kategori":"cami","ad":"Hz. Yuşa Camii"}},{"type":"Feature","geometry":{"type":"Point","coordinates":[29.048366,40.990556]},"properties":{"osm_id":"way/717870295","kategori":"cami","ad":"Bayraktar Camii"}},{"type":"Feature","geometry":{"type":"Point","coordinates":[29.05645,40.990044]},"properties":{"osm_id":"way/717875851","kategori":"cami","ad":"Fuat Zilelioğlu Camii"}},{"type":"Feature","geometry":{"type":"Point","coordinates":[29.07073,40.986914]},"properties":{"osm_id":"way/717877495","kategori":"cami","ad":"Gözcübaba Camii"}},{"type":"Feature","geometry":{"type":"Point","coordinates":[29.069994,40.99243]},"properties":{"osm_id":"way/717880456","kategori":"cami","ad":"Bayraktar Yeni Camii"}},{"type":"Feature","geometry":{"type":"Point","coordinates":[29.063504,40.993681]},"properties":{"osm_id":"way/718260943","kategori":"cami","ad":"Hacı Nuri Camii"}},{"type":"Feature","geometry":{"type":"Point","coordinates":[29.022324,41.218903]},"properties":{"osm_id":"way/718360791","kategori":"cami","ad":"Camii"}},{"type":"Feature","geometry":{"type":"Point","coordinates":[29.116503,41.157]},"properties":{"osm_id":"way/718868411","kategori":"cami","ad":"Canfeda Hatun Camii"}},{"type":"Feature","geometry":{"type":"Point","coordinates":[29.101518,40.95512]},"properties":{"osm_id":"way/720174662","kategori":"cami","ad":"Veli Dede Mescidi"}},{"type":"Feature","geometry":{"type":"Point","coordinates":[29.113709,40.955125]},"properties":{"osm_id":"way/720174670","kategori":"cami","ad":"Huzur Mescidi"}},{"type":"Feature","geometry":{"type":"Point","coordinates":[29.129049,41.152276]},"properties":{"osm_id":"way/721160359","kategori":"cami","ad":"Molla Fenari Camii"}},{"type":"Feature","geometry":{"type":"Point","coordinates":[28.812628,41.047043]},"properties":{"osm_id":"way/721219445","kategori":"cami","ad":"Hoca Abdürrahim Çağırcı Camii"}},{"type":"Feature","geometry":{"type":"Point","coordinates":[29.115572,40.939354]},"properties":{"osm_id":"way/721571916","kategori":"cami","ad":"Kulluk Camii"}},{"type":"Feature","geometry":{"type":"Point","coordinates":[29.105313,41.116482]},"properties":{"osm_id":"way/722153221","kategori":"cami","ad":"Behzat Ecemiş Camii"}},{"type":"Feature","geometry":{"type":"Point","coordinates":[29.112086,41.13878]},"properties":{"osm_id":"way/722236663","kategori":"cami","ad":"Nun Camii"}},{"type":"Feature","geometry":{"type":"Point","coordinates":[29.136087,40.932338]},"properties":{"osm_id":"way/722324776","kategori":"cami","ad":"Hüsniye Arat Camii"}},{"type":"Feature","geometry":{"type":"Point","coordinates":[28.300021,41.226078]},"properties":{"osm_id":"way/722663542","kategori":"cami","ad":"Bekirli Köyü Camii"}},{"type":"Feature","geometry":{"type":"Point","coordinates":[29.064505,41.016264]},"properties":{"osm_id":"way/722961138","kategori":"cami","ad":null}},{"type":"Feature","geometry":{"type":"Point","coordinates":[29.248444,41.047855]},"properties":{"osm_id":"way/724128616","kategori":"cami","ad":"Hacı Necati Ağırman Camii"}},{"type":"Feature","geometry":{"type":"Point","coordinates":[29.262992,41.078251]},"properties":{"osm_id":"way/724128617","kategori":"cami","ad":"Hacı Erhallar Camiİ"}},{"type":"Feature","geometry":{"type":"Point","coordinates":[28.891347,41.012119]},"properties":{"osm_id":"way/724249473","kategori":"cami","ad":"Hz. İbrahim Camii"}},{"type":"Feature","geometry":{"type":"Point","coordinates":[29.168508,40.919154]},"properties":{"osm_id":"way/725091736","kategori":"cami","ad":"Ayşe Ilıcak Camii"}},{"type":"Feature","geometry":{"type":"Point","coordinates":[29.154404,40.923267]},"properties":{"osm_id":"way/725154733","kategori":"cami","ad":"Yıldız Evler Camii"}},{"type":"Feature","geometry":{"type":"Point","coordinates":[29.114724,40.978288]},"properties":{"osm_id":"way/725375994","kategori":"cami","ad":"İçerenköy Selçuklar Camii"}},{"type":"Feature","geometry":{"type":"Point","coordinates":[29.075773,41.050279]},"properties":{"osm_id":"way/725761215","kategori":"cami","ad":"Çamlıktepe Camii"}},{"type":"Feature","geometry":{"type":"Point","coordinates":[29.08069,41.030162]},"properties":{"osm_id":"way/725761263","kategori":"cami","ad":"Yavuz Selim Camii"}},{"type":"Feature","geometry":{"type":"Point","coordinates":[29.071463,41.018608]},"properties":{"osm_id":"way/725800965","kategori":"cami","ad":"Bulgurlu Bayrampaşa Camii"}},{"type":"Feature","geometry":{"type":"Point","coordinates":[29.068753,41.015131]},"properties":{"osm_id":"way/725801012","kategori":"cami","ad":"Çilehane Camii"}},{"type":"Feature","geometry":{"type":"Point","coordinates":[29.097319,41.119634]},"properties":{"osm_id":"way/725840412","kategori":"cami","ad":"İncirköy Sinanağa Camii"}},{"type":"Feature","geometry":{"type":"Point","coordinates":[29.239228,40.904148]},"properties":{"osm_id":"way/725886531","kategori":"cami","ad":"Fatih Camii"}},{"type":"Feature","geometry":{"type":"Point","coordinates":[29.12288,41.124097]},"properties":{"osm_id":"way/726784519","kategori":"cami","ad":"Beykoz Karlıtepe Merkez Camii"}},{"type":"Feature","geometry":{"type":"Point","coordinates":[29.190645,40.888328]},"properties":{"osm_id":"way/727029990","kategori":"cami","ad":"Maarifi Sultan Camii"}},{"type":"Feature","geometry":{"type":"Point","coordinates":[29.211286,40.892453]},"properties":{"osm_id":"way/727103652","kategori":"cami","ad":"Yeni Mahalle Nur Camii"}},{"type":"Feature","geometry":{"type":"Point","coordinates":[29.213949,40.893193]},"properties":{"osm_id":"way/727103654","kategori":"cami","ad":"Muhammet Ali Camii"}},{"type":"Feature","geometry":{"type":"Point","coordinates":[28.24306,41.307183]},"properties":{"osm_id":"way/727613240","kategori":"cami","ad":null}},{"type":"Feature","geometry":{"type":"Point","coordinates":[28.796695,41.094879]},"properties":{"osm_id":"way/727648182","kategori":"cami","ad":"Çevre Sanayi Sitesi Camii"}},{"type":"Feature","geometry":{"type":"Point","coordinates":[28.220259,41.11062]},"properties":{"osm_id":"way/728071287","kategori":"cami","ad":null}},{"type":"Feature","geometry":{"type":"Point","coordinates":[29.226545,40.918869]},"properties":{"osm_id":"way/729833062","kategori":"cami","ad":"Yakacık Merkez Camii"}},{"type":"Feature","geometry":{"type":"Point","coordinates":[29.156032,41.019959]},"properties":{"osm_id":"way/730194034","kategori":"cami","ad":"Hasan Hüseyin Camii"}},{"type":"Feature","geometry":{"type":"Point","coordinates":[29.099187,41.146989]},"properties":{"osm_id":"way/731408293","kategori":"cami","ad":"Cevizlibahçe Hz. Ali Cami"}},{"type":"Feature","geometry":{"type":"Point","coordinates":[29.094444,41.134973]},"properties":{"osm_id":"way/732640366","kategori":"cami","ad":"Meryemzade Mescidi"}},{"type":"Feature","geometry":{"type":"Point","coordinates":[29.048826,41.002908]},"properties":{"osm_id":"way/732722734","kategori":"cami","ad":"Şehit Fethi Camii"}},{"type":"Feature","geometry":{"type":"Point","coordinates":[29.172087,40.934137]},"properties":{"osm_id":"way/732957991","kategori":"cami","ad":"Esenkent Tatlı Su Camii"}},{"type":"Feature","geometry":{"type":"Point","coordinates":[29.087558,41.138867]},"properties":{"osm_id":"way/733595177","kategori":"cami","ad":"Hacı Alibey Camii"}},{"type":"Feature","geometry":{"type":"Point","coordinates":[29.035025,41.029186]},"properties":{"osm_id":"way/733801664","kategori":"cami","ad":"Hacı Osmanoğulları Yeraltı Camii"}},{"type":"Feature","geometry":{"type":"Point","coordinates":[29.016776,41.018646]},"properties":{"osm_id":"way/733805502","kategori":"cami","ad":"Malatyalı İsmail Ağa Camii"}},{"type":"Feature","geometry":{"type":"Point","coordinates":[29.017547,41.017936]},"properties":{"osm_id":"way/733805754","kategori":"cami","ad":"Tavaşi Hasanağa Camii"}},{"type":"Feature","geometry":{"type":"Point","coordinates":[29.019911,41.016489]},"properties":{"osm_id":"way/733806141","kategori":"cami","ad":"Nalçacı Halil Camii"}},{"type":"Feature","geometry":{"type":"Point","coordinates":[29.012077,41.019198]},"properties":{"osm_id":"way/733808416","kategori":"cami","ad":"Çakırcı Hasan Paşa Camii"}},{"type":"Feature","geometry":{"type":"Point","coordinates":[29.013492,41.02172]},"properties":{"osm_id":"way/733808427","kategori":"cami","ad":"Ahmet Çelebi Camii"}},{"type":"Feature","geometry":{"type":"Point","coordinates":[29.014266,41.022264]},"properties":{"osm_id":"way/733808431","kategori":"cami","ad":"Aziz Mahmut Hüdayi Camii"}},{"type":"Feature","geometry":{"type":"Point","coordinates":[29.014612,41.024318]},"properties":{"osm_id":"way/733809339","kategori":"cami","ad":"Geredeli Çelebi Camii"}},{"type":"Feature","geometry":{"type":"Point","coordinates":[29.012473,41.022819]},"properties":{"osm_id":"way/733809340","kategori":"cami","ad":"Kaptanpaşa Camii"}},{"type":"Feature","geometry":{"type":"Point","coordinates":[29.029055,41.017848]},"properties":{"osm_id":"way/733820205","kategori":"cami","ad":"Pazarbaşı Camii"}},{"type":"Feature","geometry":{"type":"Point","coordinates":[29.032505,41.022803]},"properties":{"osm_id":"way/733834716","kategori":"cami","ad":"Gonca Gül Camii"}},{"type":"Feature","geometry":{"type":"Point","coordinates":[29.018415,41.024065]},"properties":{"osm_id":"way/733841841","kategori":"cami","ad":"Karakadı Alaattin Camii"}},{"type":"Feature","geometry":{"type":"Point","coordinates":[29.020273,41.023735]},"properties":{"osm_id":"way/733841842","kategori":"cami","ad":"Toygar Hamza Çelebi Camii"}},{"type":"Feature","geometry":{"type":"Point","coordinates":[29.02221,41.023737]},"properties":{"osm_id":"way/733853896","kategori":"cami","ad":"Solak Sinan Camii"}},{"type":"Feature","geometry":{"type":"Point","coordinates":[29.022918,41.026335]},"properties":{"osm_id":"way/733853905","kategori":"cami","ad":"Fevziyehatun Camii"}},{"type":"Feature","geometry":{"type":"Point","coordinates":[28.790639,41.114374]},"properties":{"osm_id":"way/734022830","kategori":"cami","ad":"Akif İnan Camii"}},{"type":"Feature","geometry":{"type":"Point","coordinates":[28.790543,41.10016]},"properties":{"osm_id":"way/734289201","kategori":"cami","ad":"Mehmet Zahid Kotku Camii"}},{"type":"Feature","geometry":{"type":"Point","coordinates":[28.790365,41.10431]},"properties":{"osm_id":"way/734289206","kategori":"cami","ad":"Hacı Ahmet Camii"}},{"type":"Feature","geometry":{"type":"Point","coordinates":[29.089313,41.143367]},"properties":{"osm_id":"way/734410001","kategori":"cami","ad":"Bağüstü Camii"}},{"type":"Feature","geometry":{"type":"Point","coordinates":[29.08576,41.13778]},"properties":{"osm_id":"way/734447987","kategori":"cami","ad":"Yalıköy Serbostani Mustafa Ağa Camii"}},{"type":"Feature","geometry":{"type":"Point","coordinates":[29.019112,41.027873]},"properties":{"osm_id":"way/734552094","kategori":"cami","ad":"Hacı Hesna Hatun Camii"}},{"type":"Feature","geometry":{"type":"Point","coordinates":[29.017333,41.026028]},"properties":{"osm_id":"way/734552095","kategori":"cami","ad":"Muhasebeci Abdi Efendi Camii"}},{"type":"Feature","geometry":{"type":"Point","coordinates":[29.233589,41.01884]},"properties":{"osm_id":"way/735055617","kategori":"cami","ad":"Hz. Aişe Camii"}},{"type":"Feature","geometry":{"type":"Point","coordinates":[29.081007,40.996495]},"properties":{"osm_id":"way/736698260","kategori":"cami","ad":"Örnek Mescidi"}},{"type":"Feature","geometry":{"type":"Point","coordinates":[28.980974,41.075954]},"properties":{"osm_id":"way/737201218","kategori":"cami","ad":"Çağlayan Çarşı Camii"}},{"type":"Feature","geometry":{"type":"Point","coordinates":[28.983461,41.01566]},"properties":{"osm_id":"way/737202174","kategori":"cami","ad":"Tıbbiye Camii"}},{"type":"Feature","geometry":{"type":"Point","coordinates":[28.935908,41.053446]},"properties":{"osm_id":"way/738210620","kategori":"cami","ad":"Şah Sultan Camii"}},{"type":"Feature","geometry":{"type":"Point","coordinates":[28.909668,41.065959]},"properties":{"osm_id":"way/739656491","kategori":"cami","ad":"Gönenli Mehmet Efendi Cami"}},{"type":"Feature","geometry":{"type":"Point","coordinates":[28.772033,41.180715]},"properties":{"osm_id":"way/740107550","kategori":"cami","ad":"Boğazköy Camii"}},{"type":"Feature","geometry":{"type":"Point","coordinates":[28.760713,41.096184]},"properties":{"osm_id":"way/740980654","kategori":"cami","ad":"Gülendam Hatun Camii"}},{"type":"Feature","geometry":{"type":"Point","coordinates":[29.029068,41.016024]},"properties":{"osm_id":"way/741828049","kategori":"cami","ad":"Kartal Baba Camii"}},{"type":"Feature","geometry":{"type":"Point","coordinates":[29.027901,41.017619]},"properties":{"osm_id":"way/741851828","kategori":"cami","ad":"Fenai Ali Efendi Camii"}},{"type":"Feature","geometry":{"type":"Point","coordinates":[28.771259,41.13605]},"properties":{"osm_id":"way/744829118","kategori":"cami","ad":"Ertuğrul Gazi Cami"}},{"type":"Feature","geometry":{"type":"Point","coordinates":[28.788238,41.094972]},"properties":{"osm_id":"way/745252588","kategori":"cami","ad":"Hayrettin Atmaca Camii"}},{"type":"Feature","geometry":{"type":"Point","coordinates":[28.789913,41.097479]},"properties":{"osm_id":"way/745254549","kategori":"cami","ad":"Hacı Simavi Camii"}},{"type":"Feature","geometry":{"type":"Point","coordinates":[28.690352,41.227266]},"properties":{"osm_id":"way/752894665","kategori":"cami","ad":"Taşoluk Hz. Osman Camii"}},{"type":"Feature","geometry":{"type":"Point","coordinates":[28.677693,41.23369]},"properties":{"osm_id":"way/752894687","kategori":"cami","ad":"Tayakadın Sefa Camii"}},{"type":"Feature","geometry":{"type":"Point","coordinates":[28.76266,41.179908]},"properties":{"osm_id":"way/752894693","kategori":"cami","ad":"Lütfullah Sami Hoca Camii"}},{"type":"Feature","geometry":{"type":"Point","coordinates":[28.170905,41.156667]},"properties":{"osm_id":"way/753070852","kategori":"cami","ad":"Seymen Eski Camii"}},{"type":"Feature","geometry":{"type":"Point","coordinates":[29.197025,41.007358]},"properties":{"osm_id":"way/754232946","kategori":"cami","ad":"Ali Osman Aydın Camii"}},{"type":"Feature","geometry":{"type":"Point","coordinates":[28.874949,41.265686]},"properties":{"osm_id":"way/757250840","kategori":"cami","ad":null}},{"type":"Feature","geometry":{"type":"Point","coordinates":[29.120582,40.976968]},"properties":{"osm_id":"way/758942125","kategori":"cami","ad":"İçerenköy Sultan Alparslan Camii"}},{"type":"Feature","geometry":{"type":"Point","coordinates":[29.709968,41.092451]},"properties":{"osm_id":"way/759200111","kategori":"cami","ad":"Sevişil Camii"}},{"type":"Feature","geometry":{"type":"Point","coordinates":[29.11605,41.024043]},"properties":{"osm_id":"way/759437674","kategori":"cami","ad":"Deniz Sanayi Sitesi Camii"}},{"type":"Feature","geometry":{"type":"Point","coordinates":[28.976269,41.090721]},"properties":{"osm_id":"way/760601604","kategori":"cami","ad":"Serakent Camii"}},{"type":"Feature","geometry":{"type":"Point","coordinates":[29.109652,41.017845]},"properties":{"osm_id":"way/761324240","kategori":"cami","ad":"Halilurrahman Camii"}},{"type":"Feature","geometry":{"type":"Point","coordinates":[29.090034,41.022251]},"properties":{"osm_id":"way/765669484","kategori":"cami","ad":"Ümraniye Esnaf Odası Mescidi"}},{"type":"Feature","geometry":{"type":"Point","coordinates":[29.030621,41.106308]},"properties":{"osm_id":"way/766654075","kategori":"cami","ad":"Abdülhakim Sancak Camii"}},{"type":"Feature","geometry":{"type":"Point","coordinates":[29.224924,41.020302]},"properties":{"osm_id":"way/770586384","kategori":"cami","ad":"Ceray Camii"}},{"type":"Feature","geometry":{"type":"Point","coordinates":[28.83514,40.989932]},"properties":{"osm_id":"way/776253366","kategori":"cami","ad":"Bakırköy Cemevi"}},{"type":"Feature","geometry":{"type":"Point","coordinates":[28.777734,41.13238]},"properties":{"osm_id":"way/780197001","kategori":"cami","ad":"Hz. Osman Camii"}},{"type":"Feature","geometry":{"type":"Point","coordinates":[28.882379,41.003882]},"properties":{"osm_id":"way/788111354","kategori":"cami","ad":"Kemal Hasoğlu İmam Hatip Camii"}},{"type":"Feature","geometry":{"type":"Point","coordinates":[28.938356,41.035769]},"properties":{"osm_id":"way/791517468","kategori":"cami","ad":"Hirami Ahmet Paşa Cami"}},{"type":"Feature","geometry":{"type":"Point","coordinates":[28.76734,41.114318]},"properties":{"osm_id":"way/797509693","kategori":"cami","ad":"Emlak Konut Camii"}},{"type":"Feature","geometry":{"type":"Point","coordinates":[28.622352,40.996494]},"properties":{"osm_id":"way/800470445","kategori":"cami","ad":"Nazime Emriye Uzun"}},{"type":"Feature","geometry":{"type":"Point","coordinates":[28.660166,40.994531]},"properties":{"osm_id":"way/800844687","kategori":"cami","ad":"Mermerciler Sanayi Sitesi Camii"}},{"type":"Feature","geometry":{"type":"Point","coordinates":[28.627869,40.99793]},"properties":{"osm_id":"way/801680338","kategori":"cami","ad":"Özkan Acar Camii"}},{"type":"Feature","geometry":{"type":"Point","coordinates":[28.634606,40.998307]},"properties":{"osm_id":"way/801680352","kategori":"cami","ad":"Arslan şimşek camii"}},{"type":"Feature","geometry":{"type":"Point","coordinates":[28.625379,40.975204]},"properties":{"osm_id":"way/801698615","kategori":"cami","ad":"Hz. Osman Camii"}},{"type":"Feature","geometry":{"type":"Point","coordinates":[28.666018,41.003489]},"properties":{"osm_id":"way/801902190","kategori":"cami","ad":"Bakırcılar Sanayi Sitesi Camii"}},{"type":"Feature","geometry":{"type":"Point","coordinates":[28.624639,40.983126]},"properties":{"osm_id":"way/801915528","kategori":"cami","ad":"Selahaddin Eyyübi camii"}},{"type":"Feature","geometry":{"type":"Point","coordinates":[28.626481,41.059893]},"properties":{"osm_id":"way/801975233","kategori":"cami","ad":"Hz. Ebubekir Camii"}},{"type":"Feature","geometry":{"type":"Point","coordinates":[28.413028,41.057132]},"properties":{"osm_id":"way/802024324","kategori":"cami","ad":"Balsu Camiİ"}},{"type":"Feature","geometry":{"type":"Point","coordinates":[28.710683,41.009397]},"properties":{"osm_id":"way/803737314","kategori":"cami","ad":"Firüzköy Merkez Cami"}},{"type":"Feature","geometry":{"type":"Point","coordinates":[28.696378,41.025878]},"properties":{"osm_id":"way/803737319","kategori":"cami","ad":"Bedir Camii"}},{"type":"Feature","geometry":{"type":"Point","coordinates":[28.683152,41.020327]},"properties":{"osm_id":"way/803737340","kategori":"cami","ad":"Yıldız Camii"}},{"type":"Feature","geometry":{"type":"Point","coordinates":[28.67766,41.031046]},"properties":{"osm_id":"way/803744166","kategori":"cami","ad":"Enver Yeşilyurt Camii"}},{"type":"Feature","geometry":{"type":"Point","coordinates":[28.675544,41.021788]},"properties":{"osm_id":"way/803744167","kategori":"cami","ad":"İmam-ı Azam Camii"}},{"type":"Feature","geometry":{"type":"Point","coordinates":[28.695999,41.003299]},"properties":{"osm_id":"way/803744181","kategori":"cami","ad":"Mevlana Camii"}},{"type":"Feature","geometry":{"type":"Point","coordinates":[28.682185,41.004795]},"properties":{"osm_id":"way/804352943","kategori":"cami","ad":"Haramidere Sanayi Cami"}},{"type":"Feature","geometry":{"type":"Point","coordinates":[28.992968,40.864266]},"properties":{"osm_id":"way/808535269","kategori":"cami","ad":"Fatih Rüştü Zorlu Camii"}},{"type":"Feature","geometry":{"type":"Point","coordinates":[28.704921,41.191078]},"properties":{"osm_id":"way/809322997","kategori":"cami","ad":"Taşoluk Yıldırım Beyazıt Camii"}},{"type":"Feature","geometry":{"type":"Point","coordinates":[28.698652,41.187914]},"properties":{"osm_id":"way/809323482","kategori":"cami","ad":null}},{"type":"Feature","geometry":{"type":"Point","coordinates":[29.230502,40.922245]},"properties":{"osm_id":"way/810544593","kategori":"cami","ad":"Yakacık Akdamla Camii"}},{"type":"Feature","geometry":{"type":"Point","coordinates":[28.722131,40.994389]},"properties":{"osm_id":"way/814560998","kategori":"cami","ad":"Keziban saka camii"}},{"type":"Feature","geometry":{"type":"Point","coordinates":[28.856625,41.257722]},"properties":{"osm_id":"way/815306861","kategori":"cami","ad":"Ağaçlı Mahallesi Camii"}},{"type":"Feature","geometry":{"type":"Point","coordinates":[29.293851,40.841724]},"properties":{"osm_id":"way/815885651","kategori":"cami","ad":"Tuzla Tersane Mescidi"}},{"type":"Feature","geometry":{"type":"Point","coordinates":[29.056264,41.104549]},"properties":{"osm_id":"way/815893478","kategori":"cami","ad":"Emirgan Hamid-i Evvel Camii"}},{"type":"Feature","geometry":{"type":"Point","coordinates":[28.953631,41.074471]},"properties":{"osm_id":"way/816414555","kategori":"cami","ad":"Güzeltepe Camii"}},{"type":"Feature","geometry":{"type":"Point","coordinates":[29.040397,41.101588]},"properties":{"osm_id":"way/816463318","kategori":"cami","ad":"Ahmet Celalettin Paşa Camii"}},{"type":"Feature","geometry":{"type":"Point","coordinates":[29.039252,41.10359]},"properties":{"osm_id":"way/816463319","kategori":"cami","ad":"Kocatepe Camii"}},{"type":"Feature","geometry":{"type":"Point","coordinates":[28.663226,40.977575]},"properties":{"osm_id":"way/823380527","kategori":"cami","ad":null}},{"type":"Feature","geometry":{"type":"Point","coordinates":[28.549049,41.031117]},"properties":{"osm_id":"way/838728647","kategori":"cami","ad":"Tepecik Yeni Cami"}},{"type":"Feature","geometry":{"type":"Point","coordinates":[29.269396,40.905991]},"properties":{"osm_id":"way/855930923","kategori":"cami","ad":"Ehlibeyt Camii"}},{"type":"Feature","geometry":{"type":"Point","coordinates":[29.221449,40.923682]},"properties":{"osm_id":"way/855931866","kategori":"cami","ad":"Mehmet Akif Ersoy Camii"}},{"type":"Feature","geometry":{"type":"Point","coordinates":[28.977179,41.070031]},"properties":{"osm_id":"way/863020391","kategori":"cami","ad":"Gürsel Mahallesi Merkez Camii"}},{"type":"Feature","geometry":{"type":"Point","coordinates":[28.979916,41.071966]},"properties":{"osm_id":"way/863020392","kategori":"cami","ad":"Çağlayan Yeni Camii"}},{"type":"Feature","geometry":{"type":"Point","coordinates":[28.984006,41.036935]},"properties":{"osm_id":"way/865322627","kategori":"cami","ad":"Taksim Camii"}},{"type":"Feature","geometry":{"type":"Point","coordinates":[29.05607,41.084874]},"properties":{"osm_id":"way/866220488","kategori":"cami","ad":"Boğazkesen Cami"}},{"type":"Feature","geometry":{"type":"Point","coordinates":[29.079457,41.012154]},"properties":{"osm_id":"way/866755984","kategori":"cami","ad":"Abdullah Bey Camii"}},{"type":"Feature","geometry":{"type":"Point","coordinates":[28.905138,41.08668]},"properties":{"osm_id":"way/870841533","kategori":"cami","ad":"Süleyman Çetinsaya Camii"}},{"type":"Feature","geometry":{"type":"Point","coordinates":[29.040591,40.998258]},"properties":{"osm_id":"way/875085928","kategori":"cami","ad":"İkbaliye Camii"}},{"type":"Feature","geometry":{"type":"Point","coordinates":[29.033244,41.00552]},"properties":{"osm_id":"way/882196032","kategori":"cami","ad":"Feridun Paşa Camii"}},{"type":"Feature","geometry":{"type":"Point","coordinates":[29.075416,41.097452]},"properties":{"osm_id":"way/883843579","kategori":"cami","ad":"Ubeydullah Efendi Cami"}},{"type":"Feature","geometry":{"type":"Point","coordinates":[29.261149,41.02521]},"properties":{"osm_id":"way/884281351","kategori":"cami","ad":"Tevhid Camii"}},{"type":"Feature","geometry":{"type":"Point","coordinates":[29.127629,40.933655]},"properties":{"osm_id":"way/885285664","kategori":"cami","ad":"Altayçeşme Sarı Camii"}},{"type":"Feature","geometry":{"type":"Point","coordinates":[28.339139,41.197444]},"properties":{"osm_id":"way/886446242","kategori":"cami","ad":"Akören Köyü Camii"}},{"type":"Feature","geometry":{"type":"Point","coordinates":[28.403621,41.18577]},"properties":{"osm_id":"way/886446249","kategori":"cami","ad":"İnceğiz Köyü Camii"}},{"type":"Feature","geometry":{"type":"Point","coordinates":[29.072132,41.002068]},"properties":{"osm_id":"way/888362188","kategori":"cami","ad":"Soyak Camii"}},{"type":"Feature","geometry":{"type":"Point","coordinates":[28.810205,41.11906]},"properties":{"osm_id":"way/889396769","kategori":"cami","ad":"Yunus Emre Camii"}},{"type":"Feature","geometry":{"type":"Point","coordinates":[28.810599,41.100992]},"properties":{"osm_id":"way/894566524","kategori":"cami","ad":"Mevlana Camii"}},{"type":"Feature","geometry":{"type":"Point","coordinates":[29.065966,41.099954]},"properties":{"osm_id":"way/894905719","kategori":"cami","ad":"Kanlıca Camii"}},{"type":"Feature","geometry":{"type":"Point","coordinates":[28.695257,41.076489]},"properties":{"osm_id":"way/894956482","kategori":"cami","ad":"İskilipli Atıf Hoca Camii"}},{"type":"Feature","geometry":{"type":"Point","coordinates":[28.864036,41.032528]},"properties":{"osm_id":"way/896359656","kategori":"cami","ad":"Hiranur Camii"}},{"type":"Feature","geometry":{"type":"Point","coordinates":[29.065173,40.99899]},"properties":{"osm_id":"way/896571819","kategori":"cami","ad":"Ünalan Merkez Camii"}},{"type":"Feature","geometry":{"type":"Point","coordinates":[29.036692,41.248868]},"properties":{"osm_id":"way/896788949","kategori":"cami","ad":"Kumköy Camii"}},{"type":"Feature","geometry":{"type":"Point","coordinates":[28.661597,41.273841]},"properties":{"osm_id":"way/904847428","kategori":"cami","ad":"Germeçeşme Merkez Camii"}},{"type":"Feature","geometry":{"type":"Point","coordinates":[29.038577,41.096193]},"properties":{"osm_id":"way/909022508","kategori":"cami","ad":"Hacı Nadir Müyesser Altun Camii"}},{"type":"Feature","geometry":{"type":"Point","coordinates":[29.097268,41.031663]},"properties":{"osm_id":"way/913996260","kategori":"cami","ad":"Büyük Ümraniye Camii"}},{"type":"Feature","geometry":{"type":"Point","coordinates":[28.798419,41.073146]},"properties":{"osm_id":"way/914839842","kategori":"cami","ad":"Aykosan Camii"}},{"type":"Feature","geometry":{"type":"Point","coordinates":[28.87323,41.054291]},"properties":{"osm_id":"way/918168550","kategori":"cami","ad":"Atışalanı Merkez Cami"}},{"type":"Feature","geometry":{"type":"Point","coordinates":[29.01594,41.025623]},"properties":{"osm_id":"way/928019621","kategori":"cami","ad":"Selmanağa Camii"}},{"type":"Feature","geometry":{"type":"Point","coordinates":[28.729849,41.069454]},"properties":{"osm_id":"way/929062913","kategori":"cami","ad":"Veli Baba Cemevi"}},{"type":"Feature","geometry":{"type":"Point","coordinates":[28.806303,41.089256]},"properties":{"osm_id":"way/931792593","kategori":"cami","ad":"Güler Kadıoğlu Camii"}},{"type":"Feature","geometry":{"type":"Point","coordinates":[29.025483,41.010794]},"properties":{"osm_id":"way/936361269","kategori":"cami","ad":"Şehitlik Camii"}},{"type":"Feature","geometry":{"type":"Point","coordinates":[29.020657,41.013757]},"properties":{"osm_id":"way/936646276","kategori":"cami","ad":"Aşçıbaşı Camii"}},{"type":"Feature","geometry":{"type":"Point","coordinates":[28.882437,41.101596]},"properties":{"osm_id":"way/951993131","kategori":"cami","ad":"Hazreti Yunus Camii"}},{"type":"Feature","geometry":{"type":"Point","coordinates":[28.875313,41.097949]},"properties":{"osm_id":"way/951993132","kategori":"cami","ad":"Hacı Ayşe Özyurt Camii"}},{"type":"Feature","geometry":{"type":"Point","coordinates":[28.878384,41.105147]},"properties":{"osm_id":"way/951993138","kategori":"cami","ad":"Yavuz Sultan Selim Camii"}},{"type":"Feature","geometry":{"type":"Point","coordinates":[28.780437,41.120639]},"properties":{"osm_id":"way/956162462","kategori":"cami","ad":"Serra Cami"}},{"type":"Feature","geometry":{"type":"Point","coordinates":[29.123272,40.923884]},"properties":{"osm_id":"way/957567563","kategori":"cami","ad":"15 Temmuz Şehitleri Camii"}},{"type":"Feature","geometry":{"type":"Point","coordinates":[28.858627,41.112458]},"properties":{"osm_id":"way/966683432","kategori":"cami","ad":"Veli Ağa Camii"}},{"type":"Feature","geometry":{"type":"Point","coordinates":[28.963046,41.021671]},"properties":{"osm_id":"way/967925534","kategori":"cami","ad":"Süleyman Subaşı Camii"}},{"type":"Feature","geometry":{"type":"Point","coordinates":[28.783842,41.026575]},"properties":{"osm_id":"way/968035049","kategori":"cami","ad":"Halkalı Millet Bahçesi Camii"}},{"type":"Feature","geometry":{"type":"Point","coordinates":[28.232984,41.15009]},"properties":{"osm_id":"way/969813185","kategori":"cami","ad":null}},{"type":"Feature","geometry":{"type":"Point","coordinates":[28.966968,41.187872]},"properties":{"osm_id":"way/979576273","kategori":"cami","ad":"Mescit"}},{"type":"Feature","geometry":{"type":"Point","coordinates":[28.672489,41.067458]},"properties":{"osm_id":"way/987966119","kategori":"cami","ad":"Hacı Osman Işıklı Camii"}},{"type":"Feature","geometry":{"type":"Point","coordinates":[28.818754,41.012207]},"properties":{"osm_id":"way/987967262","kategori":"cami","ad":"15 Temmuz Şehitler Camii"}},{"type":"Feature","geometry":{"type":"Point","coordinates":[28.897444,41.026045]},"properties":{"osm_id":"way/988552688","kategori":"cami","ad":"Esenler Cemevi"}},{"type":"Feature","geometry":{"type":"Point","coordinates":[29.024888,41.135892]},"properties":{"osm_id":"way/989037093","kategori":"cami","ad":"Fatih Ormanı Camii"}},{"type":"Feature","geometry":{"type":"Point","coordinates":[29.018384,41.109236]},"properties":{"osm_id":"way/991111347","kategori":"cami","ad":"Maslak Üç Yol Camii"}},{"type":"Feature","geometry":{"type":"Point","coordinates":[29.037502,41.06141]},"properties":{"osm_id":"way/992457824","kategori":"cami","ad":"Tezkireci Osman Efendi Camii"}},{"type":"Feature","geometry":{"type":"Point","coordinates":[28.646753,41.013918]},"properties":{"osm_id":"way/993386737","kategori":"cami","ad":"İbrahim Mermer Camii"}},{"type":"Feature","geometry":{"type":"Point","coordinates":[29.189014,40.901419]},"properties":{"osm_id":"way/997569007","kategori":"cami","ad":"Kartal Cemevi"}},{"type":"Feature","geometry":{"type":"Point","coordinates":[28.663354,41.111992]},"properties":{"osm_id":"way/997806450","kategori":"cami","ad":"Emir Sultan Camii"}},{"type":"Feature","geometry":{"type":"Point","coordinates":[28.894603,41.062106]},"properties":{"osm_id":"way/998131332","kategori":"cami","ad":"Bekir Aşıcı Camii"}},{"type":"Feature","geometry":{"type":"Point","coordinates":[29.222577,41.03465]},"properties":{"osm_id":"way/998325568","kategori":"cami","ad":"Ali Ahmet Camii"}},{"type":"Feature","geometry":{"type":"Point","coordinates":[29.228457,41.03056]},"properties":{"osm_id":"way/998325570","kategori":"cami","ad":"Hacı Yusuf Cebir Taşdelen Merkez Camii"}},{"type":"Feature","geometry":{"type":"Point","coordinates":[29.444888,41.114292]},"properties":{"osm_id":"way/1006168401","kategori":"cami","ad":"Üvezli Mahallesi Camii"}},{"type":"Feature","geometry":{"type":"Point","coordinates":[29.538811,41.155816]},"properties":{"osm_id":"way/1007348886","kategori":"cami","ad":"Kızılca Mahallesi Camii"}},{"type":"Feature","geometry":{"type":"Point","coordinates":[29.004972,41.070211]},"properties":{"osm_id":"way/1007406522","kategori":"cami","ad":"Esentepe Camii"}},{"type":"Feature","geometry":{"type":"Point","coordinates":[29.127217,40.980171]},"properties":{"osm_id":"way/1008096536","kategori":"cami","ad":"Küçükbakkalköy Merkez Camii"}},{"type":"Feature","geometry":{"type":"Point","coordinates":[28.907626,41.069664]},"properties":{"osm_id":"way/1009147280","kategori":"cami","ad":"Küçükköy Meydan Camii"}},{"type":"Feature","geometry":{"type":"Point","coordinates":[28.651548,41.0423]},"properties":{"osm_id":"way/1009274071","kategori":"cami","ad":"Fazilet Camii"}},{"type":"Feature","geometry":{"type":"Point","coordinates":[28.655102,41.034021]},"properties":{"osm_id":"way/1009274072","kategori":"cami","ad":"Hz. Rabia Camii"}},{"type":"Feature","geometry":{"type":"Point","coordinates":[28.912383,41.066092]},"properties":{"osm_id":"way/1009350808","kategori":"cami","ad":"Akşemsettin Camii"}},{"type":"Feature","geometry":{"type":"Point","coordinates":[28.506938,41.0753]},"properties":{"osm_id":"way/1016085537","kategori":"cami","ad":"Gümrük Camisi"}},{"type":"Feature","geometry":{"type":"Point","coordinates":[28.909572,41.056071]},"properties":{"osm_id":"way/1019071748","kategori":"cami","ad":"Çifte Minare Camii"}},{"type":"Feature","geometry":{"type":"Point","coordinates":[28.929635,41.052746]},"properties":{"osm_id":"way/1019388807","kategori":"cami","ad":"Evlicebaba Camii"}},{"type":"Feature","geometry":{"type":"Point","coordinates":[28.947675,41.045402]},"properties":{"osm_id":"way/1021455812","kategori":"cami","ad":"Turşucu Hüseyin Cami"}},{"type":"Feature","geometry":{"type":"Point","coordinates":[28.918647,41.051732]},"properties":{"osm_id":"way/1022617185","kategori":"cami","ad":"Rami Tantavizade Camii"}},{"type":"Feature","geometry":{"type":"Point","coordinates":[29.117117,41.039695]},"properties":{"osm_id":"way/1023461865","kategori":"cami","ad":null}},{"type":"Feature","geometry":{"type":"Point","coordinates":[28.881184,41.044337]},"properties":{"osm_id":"way/1024178147","kategori":"cami","ad":"Hacı Cezmi İpkin Camii"}},{"type":"Feature","geometry":{"type":"Point","coordinates":[29.111309,40.969985]},"properties":{"osm_id":"way/1025779158","kategori":"cami","ad":"İçerenköy Merkez Camii"}},{"type":"Feature","geometry":{"type":"Point","coordinates":[28.515231,41.087997]},"properties":{"osm_id":"way/1029660973","kategori":"cami","ad":"Ahmediye Camii"}},{"type":"Feature","geometry":{"type":"Point","coordinates":[28.27686,41.075712]},"properties":{"osm_id":"way/1031098865","kategori":"cami","ad":"Şükrü Özdemir Hicret Camii"}},{"type":"Feature","geometry":{"type":"Point","coordinates":[28.683393,41.346277]},"properties":{"osm_id":"way/1035459802","kategori":"cami","ad":"Karaburun Cami"}},{"type":"Feature","geometry":{"type":"Point","coordinates":[28.922236,41.049804]},"properties":{"osm_id":"way/1035827073","kategori":"cami","ad":"Hacı Ali Rıza Paşa Camii"}},{"type":"Feature","geometry":{"type":"Point","coordinates":[28.872742,41.061729]},"properties":{"osm_id":"way/1036531890","kategori":"cami","ad":"Hz. Ebubekir Camii"}},{"type":"Feature","geometry":{"type":"Point","coordinates":[28.894511,41.03377]},"properties":{"osm_id":"way/1036708389","kategori":"cami","ad":"Yavuz Selim Camii"}},{"type":"Feature","geometry":{"type":"Point","coordinates":[28.932458,41.045759]},"properties":{"osm_id":"way/1036709079","kategori":"cami","ad":"Sofular Camii"}},{"type":"Feature","geometry":{"type":"Point","coordinates":[29.008545,41.04567]},"properties":{"osm_id":"way/1037217033","kategori":"cami","ad":"Ertuğrul Tekke Camii"}},{"type":"Feature","geometry":{"type":"Point","coordinates":[29.008447,41.045555]},"properties":{"osm_id":"way/1037217035","kategori":"cami","ad":"Ertuğrul Tekke Camii"}},{"type":"Feature","geometry":{"type":"Point","coordinates":[28.770389,41.056342]},"properties":{"osm_id":"way/1039570631","kategori":"cami","ad":"Tema İstanbul Cami"}},{"type":"Feature","geometry":{"type":"Point","coordinates":[28.870677,41.112042]},"properties":{"osm_id":"way/1040361767","kategori":"cami","ad":"Cebeci Sultan Camii"}},{"type":"Feature","geometry":{"type":"Point","coordinates":[29.307942,40.812999]},"properties":{"osm_id":"way/1044769600","kategori":"cami","ad":"Gisbir Camii"}},{"type":"Feature","geometry":{"type":"Point","coordinates":[29.217681,41.223723]},"properties":{"osm_id":"way/1046614513","kategori":"cami","ad":"Riva Camii"}},{"type":"Feature","geometry":{"type":"Point","coordinates":[28.773441,41.145921]},"properties":{"osm_id":"way/1047625782","kategori":"cami","ad":"Kayabaşı Şamlar Milli Parkı Mescidi"}},{"type":"Feature","geometry":{"type":"Point","coordinates":[28.921956,41.020089]},"properties":{"osm_id":"way/1050499623","kategori":"cami","ad":"İlyaszade Camii"}},{"type":"Feature","geometry":{"type":"Point","coordinates":[28.77193,41.139408]},"properties":{"osm_id":"way/1050900926","kategori":"cami","ad":"Kayabaşı Mezarlık Mescidi"}},{"type":"Feature","geometry":{"type":"Point","coordinates":[29.055359,40.908546]},"properties":{"osm_id":"way/1052168108","kategori":"cami","ad":"Kınalıada Camii"}},{"type":"Feature","geometry":{"type":"Point","coordinates":[29.068488,40.883009]},"properties":{"osm_id":"way/1052315152","kategori":"cami","ad":"Burgazada Camii"}},{"type":"Feature","geometry":{"type":"Point","coordinates":[28.882407,41.015143]},"properties":{"osm_id":"way/1052801341","kategori":"cami","ad":"Sultan Fatih Camii"}},{"type":"Feature","geometry":{"type":"Point","coordinates":[28.884032,41.033041]},"properties":{"osm_id":"way/1052802073","kategori":"cami","ad":"Güngören Yeşil Camii"}},{"type":"Feature","geometry":{"type":"Point","coordinates":[28.863438,41.027815]},"properties":{"osm_id":"way/1052803605","kategori":"cami","ad":"Kuba Camii"}},{"type":"Feature","geometry":{"type":"Point","coordinates":[28.873358,41.032916]},"properties":{"osm_id":"way/1052804276","kategori":"cami","ad":"Mehmet Akif Camii"}},{"type":"Feature","geometry":{"type":"Point","coordinates":[28.879991,41.017786]},"properties":{"osm_id":"way/1052805850","kategori":"cami","ad":"Söğütlüyayla Camii"}},{"type":"Feature","geometry":{"type":"Point","coordinates":[28.888492,41.013305]},"properties":{"osm_id":"way/1052807362","kategori":"cami","ad":"Siteler Camii"}},{"type":"Feature","geometry":{"type":"Point","coordinates":[28.87164,41.038198]},"properties":{"osm_id":"way/1052807511","kategori":"cami","ad":"Üçyüzlü Çeşme Cami"}},{"type":"Feature","geometry":{"type":"Point","coordinates":[28.874066,41.026788]},"properties":{"osm_id":"way/1052808654","kategori":"cami","ad":"Genç Osman Camii"}},{"type":"Feature","geometry":{"type":"Point","coordinates":[28.886473,41.020626]},"properties":{"osm_id":"way/1052808784","kategori":"cami","ad":"Sancaktepe Camii"}},{"type":"Feature","geometry":{"type":"Point","coordinates":[28.876092,41.021433]},"properties":{"osm_id":"way/1052811368","kategori":"cami","ad":"Köyaltı Camii"}},{"type":"Feature","geometry":{"type":"Point","coordinates":[28.872658,41.01606]},"properties":{"osm_id":"way/1052812337","kategori":"cami","ad":"Akıncılar Camii"}},{"type":"Feature","geometry":{"type":"Point","coordinates":[28.891202,41.094003]},"properties":{"osm_id":"way/1053161992","kategori":"cami","ad":"Ertuğrul Gazi Cami"}},{"type":"Feature","geometry":{"type":"Point","coordinates":[28.89891,41.103311]},"properties":{"osm_id":"way/1053162298","kategori":"cami","ad":"Selçuklu Camii"}},{"type":"Feature","geometry":{"type":"Point","coordinates":[28.960307,41.002873]},"properties":{"osm_id":"way/1060087277","kategori":"cami","ad":"Balıkhane Camii"}},{"type":"Feature","geometry":{"type":"Point","coordinates":[28.98395,41.10337]},"properties":{"osm_id":"way/1062272071","kategori":"cami","ad":"Vadistanbul Camii"}},{"type":"Feature","geometry":{"type":"Point","coordinates":[29.081459,41.009581]},"properties":{"osm_id":"way/1066995330","kategori":"cami","ad":"Hacı Mehmet Efendi Camii"}},{"type":"Feature","geometry":{"type":"Point","coordinates":[28.936621,41.047226]},"properties":{"osm_id":"way/1068175206","kategori":"cami","ad":"Kaptanpaşa Camii"}},{"type":"Feature","geometry":{"type":"Point","coordinates":[28.93348,41.047776]},"properties":{"osm_id":"way/1068175222","kategori":"cami","ad":"Eyüp Sultan Camii Kadınlar Mescidi"}},{"type":"Feature","geometry":{"type":"Point","coordinates":[28.952577,41.089899]},"properties":{"osm_id":"way/1069487594","kategori":"cami","ad":"Ali Kuşcu Camii"}},{"type":"Feature","geometry":{"type":"Point","coordinates":[29.356146,40.934944]},"properties":{"osm_id":"way/1072444980","kategori":"cami","ad":"Melek Çökmez Camii"}},{"type":"Feature","geometry":{"type":"Point","coordinates":[28.881825,41.096349]},"properties":{"osm_id":"way/1073536867","kategori":"cami","ad":"Avizeciler Cami"}},{"type":"Feature","geometry":{"type":"Point","coordinates":[29.26623,41.128606]},"properties":{"osm_id":"way/1074234962","kategori":"cami","ad":null}},{"type":"Feature","geometry":{"type":"Point","coordinates":[28.689477,41.054915]},"properties":{"osm_id":"way/1084572024","kategori":"cami","ad":"Kapadık Camii"}},{"type":"Feature","geometry":{"type":"Point","coordinates":[29.018937,41.019808]},"properties":{"osm_id":"way/1087468138","kategori":"cami","ad":"Haci Bedel Mustafa Efendi Camii"}},{"type":"Feature","geometry":{"type":"Point","coordinates":[28.972989,41.034189]},"properties":{"osm_id":"way/1089822791","kategori":"cami","ad":"Hacı Ferhat Ağa Camii"}},{"type":"Feature","geometry":{"type":"Point","coordinates":[29.047828,40.98465]},"properties":{"osm_id":"way/1090586094","kategori":"cami","ad":"Tuğlacıbaşı Camii"}},{"type":"Feature","geometry":{"type":"Point","coordinates":[29.139453,40.93001]},"properties":{"osm_id":"way/1091890439","kategori":"cami","ad":"Bağlarbaşı Camii"}},{"type":"Feature","geometry":{"type":"Point","coordinates":[29.047451,40.979812]},"properties":{"osm_id":"way/1093125525","kategori":"cami","ad":"Recai Yahya Camii"}},{"type":"Feature","geometry":{"type":"Point","coordinates":[28.82038,41.034782]},"properties":{"osm_id":"way/1093330198","kategori":"cami","ad":"Kayıkçıoğlu Hacı Salih Camii"}},{"type":"Feature","geometry":{"type":"Point","coordinates":[28.820393,41.034789]},"properties":{"osm_id":"way/1093330199","kategori":"cami","ad":"Kayıkçıoğlu Hacı Salih Camii"}},{"type":"Feature","geometry":{"type":"Point","coordinates":[29.067547,41.085051]},"properties":{"osm_id":"way/1096889354","kategori":"cami","ad":"Anadolu Hisarı Camii"}},{"type":"Feature","geometry":{"type":"Point","coordinates":[29.065681,41.078079]},"properties":{"osm_id":"way/1096889355","kategori":"cami","ad":"Mihrişah Valide Sultan Camii"}},{"type":"Feature","geometry":{"type":"Point","coordinates":[28.926365,41.025351]},"properties":{"osm_id":"way/1100806365","kategori":"cami","ad":"Anıt Mezar Camii"}},{"type":"Feature","geometry":{"type":"Point","coordinates":[29.106317,40.967368]},"properties":{"osm_id":"way/1106312451","kategori":"cami","ad":"Fatih Sultan Mehmet Han Camii"}},{"type":"Feature","geometry":{"type":"Point","coordinates":[29.131845,40.994255]},"properties":{"osm_id":"way/1106827797","kategori":"cami","ad":"Hz. Ömer Cami"}},{"type":"Feature","geometry":{"type":"Point","coordinates":[29.312414,40.907884]},"properties":{"osm_id":"way/1108957123","kategori":"cami","ad":"Sabiha Gökçen Havalimanı Camii"}},{"type":"Feature","geometry":{"type":"Point","coordinates":[29.255451,41.025433]},"properties":{"osm_id":"way/1110635372","kategori":"cami","ad":"Sancaktepe Fatih Sultan Mehmet Camii"}},{"type":"Feature","geometry":{"type":"Point","coordinates":[29.020494,41.01764]},"properties":{"osm_id":"way/1111166502","kategori":"cami","ad":"Tabaklar Camii"}},{"type":"Feature","geometry":{"type":"Point","coordinates":[28.483318,41.27193]},"properties":{"osm_id":"way/1112108153","kategori":"cami","ad":"Dağyenice Camii"}},{"type":"Feature","geometry":{"type":"Point","coordinates":[29.149567,40.991471]},"properties":{"osm_id":"way/1112386247","kategori":"cami","ad":"Kanuni Sultan Süleyman Camii"}},{"type":"Feature","geometry":{"type":"Point","coordinates":[28.926941,41.065047]},"properties":{"osm_id":"way/1116781703","kategori":"cami","ad":"Pınar Camii"}},{"type":"Feature","geometry":{"type":"Point","coordinates":[28.932928,41.066882]},"properties":{"osm_id":"way/1116781719","kategori":"cami","ad":"Kaynak Camii"}},{"type":"Feature","geometry":{"type":"Point","coordinates":[28.904861,40.99583]},"properties":{"osm_id":"way/1117972032","kategori":"cami","ad":"Zeytinburnu Millet Camii"}},{"type":"Feature","geometry":{"type":"Point","coordinates":[29.209404,40.884337]},"properties":{"osm_id":"way/1119523362","kategori":"cami","ad":"Ahmet Yılmaz Camii"}},{"type":"Feature","geometry":{"type":"Point","coordinates":[28.922811,41.053479]},"properties":{"osm_id":"way/1119535621","kategori":"cami","ad":"Üçşehitler Camii"}},{"type":"Feature","geometry":{"type":"Point","coordinates":[29.879938,41.085655]},"properties":{"osm_id":"way/1120084528","kategori":"cami","ad":"Hacıköy Camii"}},{"type":"Feature","geometry":{"type":"Point","coordinates":[28.965183,41.07423]},"properties":{"osm_id":"way/1122404896","kategori":"cami","ad":"Mescid"}},{"type":"Feature","geometry":{"type":"Point","coordinates":[29.008683,41.073056]},"properties":{"osm_id":"way/1122696045","kategori":"cami","ad":"Zincirlikuyu Cami"}},{"type":"Feature","geometry":{"type":"Point","coordinates":[29.125558,40.97642]},"properties":{"osm_id":"way/1125348024","kategori":"cami","ad":"Osmanlı Çatakbaşı Camii"}},{"type":"Feature","geometry":{"type":"Point","coordinates":[29.106401,40.974794]},"properties":{"osm_id":"way/1125680744","kategori":"cami","ad":"İçerenköy Ali Gazibaba Cami"}},{"type":"Feature","geometry":{"type":"Point","coordinates":[28.99906,41.044731]},"properties":{"osm_id":"way/1126931435","kategori":"cami","ad":"Şenlik Dede Mescidi"}},{"type":"Feature","geometry":{"type":"Point","coordinates":[29.058239,41.074115]},"properties":{"osm_id":"way/1128464951","kategori":"cami","ad":"Kandilli Camii"}},{"type":"Feature","geometry":{"type":"Point","coordinates":[28.91563,41.046932]},"properties":{"osm_id":"way/1131217516","kategori":"cami","ad":"Rami Açık Otopark Mescidi"}},{"type":"Feature","geometry":{"type":"Point","coordinates":[28.381442,41.402153]},"properties":{"osm_id":"way/1135627817","kategori":"cami","ad":null}},{"type":"Feature","geometry":{"type":"Point","coordinates":[28.673157,41.025938]},"properties":{"osm_id":"way/1137351931","kategori":"cami","ad":"Fatih Camii"}},{"type":"Feature","geometry":{"type":"Point","coordinates":[29.008471,41.043674]},"properties":{"osm_id":"way/1143925673","kategori":"cami","ad":"Ertuğrul Tekke Camii"}},{"type":"Feature","geometry":{"type":"Point","coordinates":[28.902021,41.024509]},"properties":{"osm_id":"way/1149456629","kategori":"cami","ad":"Konyalı Hacı Veyiszade Cami"}},{"type":"Feature","geometry":{"type":"Point","coordinates":[28.699191,41.032117]},"properties":{"osm_id":"way/1149516778","kategori":"cami","ad":"Aksa Camii"}},{"type":"Feature","geometry":{"type":"Point","coordinates":[28.946973,41.076828]},"properties":{"osm_id":"way/1149690261","kategori":"cami","ad":"Hatice Sultan Camii, Alibeyköy"}},{"type":"Feature","geometry":{"type":"Point","coordinates":[28.775358,41.009677]},"properties":{"osm_id":"way/1151214819","kategori":"cami","ad":"Hacı Osman Dereli Cami"}},{"type":"Feature","geometry":{"type":"Point","coordinates":[28.914676,41.063032]},"properties":{"osm_id":"way/1151229069","kategori":"cami","ad":"Bağlarbaşı Camii"}},{"type":"Feature","geometry":{"type":"Point","coordinates":[29.01228,41.024639]},"properties":{"osm_id":"way/1151345326","kategori":"cami","ad":"Hüsrev Aga Mosque"}},{"type":"Feature","geometry":{"type":"Point","coordinates":[28.95019,41.022407]},"properties":{"osm_id":"way/1153696843","kategori":"cami","ad":"Şeyhülislam Mehmed Cemaleddin Efendi Camii"}},{"type":"Feature","geometry":{"type":"Point","coordinates":[28.950191,41.024882]},"properties":{"osm_id":"way/1153697463","kategori":"cami","ad":"Sivasi Tekke Camii"}},{"type":"Feature","geometry":{"type":"Point","coordinates":[28.684275,41.032117]},"properties":{"osm_id":"way/1153873589","kategori":"cami","ad":"Sultaniye Hazreti Hüseyin Camii"}},{"type":"Feature","geometry":{"type":"Point","coordinates":[28.934097,41.039787]},"properties":{"osm_id":"way/1154204945","kategori":"cami","ad":"Aşçıbaşı Camii"}},{"type":"Feature","geometry":{"type":"Point","coordinates":[28.920517,41.040701]},"properties":{"osm_id":"way/1154212658","kategori":"cami","ad":"Topçubaşı Esat Ağa Camii"}},{"type":"Feature","geometry":{"type":"Point","coordinates":[28.957304,41.146457]},"properties":{"osm_id":"way/1154547351","kategori":"cami","ad":"Erkek Mescid"}},{"type":"Feature","geometry":{"type":"Point","coordinates":[28.957502,41.14649]},"properties":{"osm_id":"way/1154547352","kategori":"cami","ad":"Kadın Mescid"}},{"type":"Feature","geometry":{"type":"Point","coordinates":[29.062535,41.038895]},"properties":{"osm_id":"way/1154638189","kategori":"cami","ad":"Kirazlıtepe Hacı Tevfik Karademir Camii"}},{"type":"Feature","geometry":{"type":"Point","coordinates":[28.688416,41.04053]},"properties":{"osm_id":"way/1154708173","kategori":"cami","ad":"Bilal Habeşi Cami"}},{"type":"Feature","geometry":{"type":"Point","coordinates":[29.115434,41.037522]},"properties":{"osm_id":"way/1156899244","kategori":"cami","ad":"Hacı Nusret Yıldırım Camii"}},{"type":"Feature","geometry":{"type":"Point","coordinates":[29.063901,41.022222]},"properties":{"osm_id":"way/1157285007","kategori":"cami","ad":"Kısıklı Abdullahağa Camii"}},{"type":"Feature","geometry":{"type":"Point","coordinates":[28.975022,41.051295]},"properties":{"osm_id":"way/1158289685","kategori":"cami","ad":"Hacı Ayşe Sarıgül Camii"}},{"type":"Feature","geometry":{"type":"Point","coordinates":[29.147122,41.00019]},"properties":{"osm_id":"way/1158357628","kategori":"cami","ad":"Hacı İsmail ve Zehra Alkılıç Camii"}},{"type":"Feature","geometry":{"type":"Point","coordinates":[29.077116,41.013984]},"properties":{"osm_id":"way/1158993191","kategori":"cami","ad":"Hasan Uzun Camii"}},{"type":"Feature","geometry":{"type":"Point","coordinates":[29.073616,41.034527]},"properties":{"osm_id":"way/1159054861","kategori":"cami","ad":"Hattat Hasan Çelebi Mescidi"}},{"type":"Feature","geometry":{"type":"Point","coordinates":[28.139074,41.07611]},"properties":{"osm_id":"way/1159576742","kategori":"cami","ad":"Semizkumlar Mahallesi Mesciti"}},{"type":"Feature","geometry":{"type":"Point","coordinates":[29.020966,41.019589]},"properties":{"osm_id":"way/1159577145","kategori":"cami","ad":"Mustafa Kavsar Baba Camii"}},{"type":"Feature","geometry":{"type":"Point","coordinates":[29.165725,40.912776]},"properties":{"osm_id":"way/1159577484","kategori":"cami","ad":"Cevizli Çınar Camii"}},{"type":"Feature","geometry":{"type":"Point","coordinates":[29.298079,40.863468]},"properties":{"osm_id":"way/1162105837","kategori":"cami","ad":"Şehitler Camii"}},{"type":"Feature","geometry":{"type":"Point","coordinates":[28.678051,41.043361]},"properties":{"osm_id":"way/1162649073","kategori":"cami","ad":"Bulut Camii"}},{"type":"Feature","geometry":{"type":"Point","coordinates":[29.341893,40.927938]},"properties":{"osm_id":"way/1163311072","kategori":"cami","ad":"Fatih Mahallesi Merkez Camii"}},{"type":"Feature","geometry":{"type":"Point","coordinates":[29.045942,41.147902]},"properties":{"osm_id":"way/1165080906","kategori":"cami","ad":"Gümrükçü İshak Ağa Camii"}},{"type":"Feature","geometry":{"type":"Point","coordinates":[28.634902,41.025466]},"properties":{"osm_id":"way/1168259961","kategori":"cami","ad":"İhsan Murat Camisi"}},{"type":"Feature","geometry":{"type":"Point","coordinates":[28.259502,41.202963]},"properties":{"osm_id":"way/1169559444","kategori":"cami","ad":"Kurfallı Köyü Camii"}},{"type":"Feature","geometry":{"type":"Point","coordinates":[28.446781,41.331614]},"properties":{"osm_id":"way/1173067195","kategori":"cami","ad":"Başakköy Camii"}},{"type":"Feature","geometry":{"type":"Point","coordinates":[28.251008,41.075634]},"properties":{"osm_id":"way/1175531190","kategori":"cami","ad":"Alibey Camii"}},{"type":"Feature","geometry":{"type":"Point","coordinates":[29.060599,41.171593]},"properties":{"osm_id":"way/1175592576","kategori":"cami","ad":"Yenimahalle Camii"}},{"type":"Feature","geometry":{"type":"Point","coordinates":[29.016208,41.023129]},"properties":{"osm_id":"way/1179660573","kategori":"cami","ad":"Karadavud Paşa Camii"}},{"type":"Feature","geometry":{"type":"Point","coordinates":[28.830615,41.036492]},"properties":{"osm_id":"way/1179675094","kategori":"cami","ad":"Hacı Bayram Veli Camii"}},{"type":"Feature","geometry":{"type":"Point","coordinates":[28.952902,41.044011]},"properties":{"osm_id":"way/1180153144","kategori":"cami","ad":"Haci Şaban Camii"}},{"type":"Feature","geometry":{"type":"Point","coordinates":[28.845511,41.022357]},"properties":{"osm_id":"way/1180184551","kategori":"cami","ad":"Hulefa-i Raşidin Camii"}},{"type":"Feature","geometry":{"type":"Point","coordinates":[29.129918,40.874493]},"properties":{"osm_id":"way/1180974057","kategori":"cami","ad":"Hacı Havva Özen Camii"}},{"type":"Feature","geometry":{"type":"Point","coordinates":[29.026944,41.053857]},"properties":{"osm_id":"way/1185490231","kategori":"cami","ad":"Neşet Ağa Camii"}},{"type":"Feature","geometry":{"type":"Point","coordinates":[29.295477,40.84031]},"properties":{"osm_id":"way/1185935561","kategori":"cami","ad":"Hacı Zarife Örs Camii"}},{"type":"Feature","geometry":{"type":"Point","coordinates":[28.937466,41.021916]},"properties":{"osm_id":"way/1187635878","kategori":"cami","ad":"Muhammed Bedrettin Türbesi"}},{"type":"Feature","geometry":{"type":"Point","coordinates":[28.936658,41.02191]},"properties":{"osm_id":"way/1187699232","kategori":"cami","ad":"Hürrem Çavuş Cami"}},{"type":"Feature","geometry":{"type":"Point","coordinates":[28.435244,41.289932]},"properties":{"osm_id":"way/1190363540","kategori":"cami","ad":"Şeyh Sinan Camii"}},{"type":"Feature","geometry":{"type":"Point","coordinates":[28.72302,41.318389]},"properties":{"osm_id":"way/1190367052","kategori":"cami","ad":"Yeniköy Merkez Camii"}},{"type":"Feature","geometry":{"type":"Point","coordinates":[28.468284,41.098425]},"properties":{"osm_id":"way/1190371190","kategori":"cami","ad":null}},{"type":"Feature","geometry":{"type":"Point","coordinates":[29.289933,40.818655]},"properties":{"osm_id":"way/1190449504","kategori":"cami","ad":"Hacı Zarife Örs Camii"}},{"type":"Feature","geometry":{"type":"Point","coordinates":[28.955918,41.026378]},"properties":{"osm_id":"way/1198401614","kategori":"cami","ad":"Molla Hüsrev Camii"}},{"type":"Feature","geometry":{"type":"Point","coordinates":[29.223825,41.011407]},"properties":{"osm_id":"way/1199760111","kategori":"cami","ad":"Hacı İbrahim Efendi Camii"}},{"type":"Feature","geometry":{"type":"Point","coordinates":[29.069964,41.060549]},"properties":{"osm_id":"way/1202376551","kategori":"cami","ad":"Kandilli Fatma Cengiz Camii"}},{"type":"Feature","geometry":{"type":"Point","coordinates":[29.033209,41.175143]},"properties":{"osm_id":"way/1202702065","kategori":"cami","ad":"Çimacı Hacı Mehmet Cami"}},{"type":"Feature","geometry":{"type":"Point","coordinates":[28.905063,40.984377]},"properties":{"osm_id":"way/1204469161","kategori":"cami","ad":"Cemal Akbalık Camii"}},{"type":"Feature","geometry":{"type":"Point","coordinates":[29.575975,41.167149]},"properties":{"osm_id":"way/1206120871","kategori":"cami","ad":"Hacı Harun Ekşi Camii"}},{"type":"Feature","geometry":{"type":"Point","coordinates":[28.960353,41.192214]},"properties":{"osm_id":"way/1208377285","kategori":"cami","ad":"Belgrad Ormanı Cami"}},{"type":"Feature","geometry":{"type":"Point","coordinates":[28.9319,41.020446]},"properties":{"osm_id":"way/1209186061","kategori":"cami","ad":"Arpa Emini Mescidi"}},{"type":"Feature","geometry":{"type":"Point","coordinates":[29.118803,41.008424]},"properties":{"osm_id":"way/1211224470","kategori":"cami","ad":"Selman-i Farasi Camii"}},{"type":"Feature","geometry":{"type":"Point","coordinates":[28.880004,41.084582]},"properties":{"osm_id":"way/1212144968","kategori":"cami","ad":"Paşaçayırı Cami"}},{"type":"Feature","geometry":{"type":"Point","coordinates":[28.884423,41.080451]},"properties":{"osm_id":"way/1212144975","kategori":"cami","ad":"Karadeniz Mahallesi Merkez Camii"}},{"type":"Feature","geometry":{"type":"Point","coordinates":[28.864491,41.052651]},"properties":{"osm_id":"way/1213319511","kategori":"cami","ad":"Semazen Mescidi"}},{"type":"Feature","geometry":{"type":"Point","coordinates":[29.017919,41.045689]},"properties":{"osm_id":"way/1214231431","kategori":"cami","ad":"Yahya Efendi Camii"}},{"type":"Feature","geometry":{"type":"Point","coordinates":[28.919646,41.021476]},"properties":{"osm_id":"way/1217159413","kategori":"cami","ad":"Takkeci Ibrahim Ağa Camii"}},{"type":"Feature","geometry":{"type":"Point","coordinates":[28.921095,41.022538]},"properties":{"osm_id":"way/1217159414","kategori":"cami","ad":"Takkeci İbrahim Çavuş Camii"}},{"type":"Feature","geometry":{"type":"Point","coordinates":[29.044067,41.093885]},"properties":{"osm_id":"way/1218348300","kategori":"cami","ad":"Armutlu Boğaziçi Cemevi"}},{"type":"Feature","geometry":{"type":"Point","coordinates":[28.765384,41.189548]},"properties":{"osm_id":"way/1218348301","kategori":"cami","ad":"Arnavutköy Cemevi"}},{"type":"Feature","geometry":{"type":"Point","coordinates":[28.757024,41.090865]},"properties":{"osm_id":"way/1218348302","kategori":"cami","ad":"Hacı Bektaşı Veli Cemevi"}},{"type":"Feature","geometry":{"type":"Point","coordinates":[28.716542,41.095198]},"properties":{"osm_id":"way/1218348303","kategori":"cami","ad":"Ağu İçen Cemevi"}},{"type":"Feature","geometry":{"type":"Point","coordinates":[29.158252,41.081337]},"properties":{"osm_id":"way/1219672276","kategori":"cami","ad":"Karanlıkdere Camii"}},{"type":"Feature","geometry":{"type":"Point","coordinates":[28.338348,41.06071]},"properties":{"osm_id":"way/1221518666","kategori":"cami","ad":"Hacı Mehmet Camcıoğlu Camii"}},{"type":"Feature","geometry":{"type":"Point","coordinates":[28.879652,41.022799]},"properties":{"osm_id":"way/1221917958","kategori":"cami","ad":"Sultan Kılıçaslan Camii"}},{"type":"Feature","geometry":{"type":"Point","coordinates":[29.130591,40.874538]},"properties":{"osm_id":"way/1223164519","kategori":"cami","ad":"Çarşı Camii"}},{"type":"Feature","geometry":{"type":"Point","coordinates":[28.841322,40.997421]},"properties":{"osm_id":"way/1227880120","kategori":"cami","ad":"Hz. Ömer Camii"}},{"type":"Feature","geometry":{"type":"Point","coordinates":[28.84071,41.001571]},"properties":{"osm_id":"way/1227880579","kategori":"cami","ad":"Mehmet Ata Paçalı Camii"}},{"type":"Feature","geometry":{"type":"Point","coordinates":[28.944769,41.088754]},"properties":{"osm_id":"way/1228007497","kategori":"cami","ad":"Hacı Osman Torun Camii"}},{"type":"Feature","geometry":{"type":"Point","coordinates":[28.860126,41.002361]},"properties":{"osm_id":"way/1228100889","kategori":"cami","ad":"Yayla Camii"}},{"type":"Feature","geometry":{"type":"Point","coordinates":[28.868472,41.000574]},"properties":{"osm_id":"way/1228101394","kategori":"cami","ad":"Çinili Camii"}},{"type":"Feature","geometry":{"type":"Point","coordinates":[28.861618,41.00861]},"properties":{"osm_id":"way/1228101495","kategori":"cami","ad":"Basın Sitesi Miraç Camii"}},{"type":"Feature","geometry":{"type":"Point","coordinates":[28.86822,41.005276]},"properties":{"osm_id":"way/1228101953","kategori":"cami","ad":"Mehmet Ülker Camii"}},{"type":"Feature","geometry":{"type":"Point","coordinates":[28.867054,41.009428]},"properties":{"osm_id":"way/1228101977","kategori":"cami","ad":"Bahçelievler Mehdiye Cami"}},{"type":"Feature","geometry":{"type":"Point","coordinates":[28.855712,41.005235]},"properties":{"osm_id":"way/1228333909","kategori":"cami","ad":"ULUBATLI HASAN CAMİİ"}},{"type":"Feature","geometry":{"type":"Point","coordinates":[28.855681,41.005267]},"properties":{"osm_id":"way/1228334523","kategori":"cami","ad":"Ulubatlı Hasan Camii"}},{"type":"Feature","geometry":{"type":"Point","coordinates":[28.853321,41.000473]},"properties":{"osm_id":"way/1228334585","kategori":"cami","ad":"Siyavuşpaşa Merkez Camii"}},{"type":"Feature","geometry":{"type":"Point","coordinates":[29.129844,40.920192]},"properties":{"osm_id":"way/1233369815","kategori":"cami","ad":"Feyzullah Efendi Cami"}},{"type":"Feature","geometry":{"type":"Point","coordinates":[28.905771,41.034572]},"properties":{"osm_id":"way/1234700106","kategori":"cami","ad":"Yüce Camii"}},{"type":"Feature","geometry":{"type":"Point","coordinates":[28.907316,41.03711]},"properties":{"osm_id":"way/1234701190","kategori":"cami","ad":"Hayırseverler Camii"}},{"type":"Feature","geometry":{"type":"Point","coordinates":[28.897984,41.039591]},"properties":{"osm_id":"way/1234701238","kategori":"cami","ad":"Altıntepsi Yeni Camii"}},{"type":"Feature","geometry":{"type":"Point","coordinates":[28.899867,41.035662]},"properties":{"osm_id":"way/1234701271","kategori":"cami","ad":"Yunus Emre Camii"}},{"type":"Feature","geometry":{"type":"Point","coordinates":[28.902415,41.038933]},"properties":{"osm_id":"way/1234701665","kategori":"cami","ad":"Altıntepsi Merkez Camii"}},{"type":"Feature","geometry":{"type":"Point","coordinates":[28.896027,41.030049]},"properties":{"osm_id":"way/1234722541","kategori":"cami","ad":"Namık Kemal Camii"}},{"type":"Feature","geometry":{"type":"Point","coordinates":[28.692216,41.074584]},"properties":{"osm_id":"way/1236577207","kategori":"cami","ad":"Ebussuud Efendi Camii"}},{"type":"Feature","geometry":{"type":"Point","coordinates":[29.663256,40.978442]},"properties":{"osm_id":"way/1237261252","kategori":"cami","ad":"Değirmençayırı Mahallesi Camii"}},{"type":"Feature","geometry":{"type":"Point","coordinates":[28.666806,41.029774]},"properties":{"osm_id":"way/1237327867","kategori":"cami","ad":"İrşad Cami"}},{"type":"Feature","geometry":{"type":"Point","coordinates":[28.956611,41.171259]},"properties":{"osm_id":"way/1237504715","kategori":"cami","ad":null}},{"type":"Feature","geometry":{"type":"Point","coordinates":[28.797772,41.030722]},"properties":{"osm_id":"way/1237807519","kategori":"cami","ad":"Bilal-i Habeş Camii"}},{"type":"Feature","geometry":{"type":"Point","coordinates":[28.753679,41.062647]},"properties":{"osm_id":"way/1237885970","kategori":"cami","ad":"Tepe Merkez Cami"}},{"type":"Feature","geometry":{"type":"Point","coordinates":[28.754384,41.090463]},"properties":{"osm_id":"way/1237886501","kategori":"cami","ad":"Nurulayn Mescidi"}},{"type":"Feature","geometry":{"type":"Point","coordinates":[28.746952,41.063626]},"properties":{"osm_id":"way/1237886504","kategori":"cami","ad":"Altınşehir Merkez Cami"}},{"type":"Feature","geometry":{"type":"Point","coordinates":[28.75459,41.078601]},"properties":{"osm_id":"way/1237886864","kategori":"cami","ad":"Hz. Ebubekir Cami"}},{"type":"Feature","geometry":{"type":"Point","coordinates":[28.757261,41.073026]},"properties":{"osm_id":"way/1237888247","kategori":"cami","ad":"Bayramtepe Nur Mescidi"}},{"type":"Feature","geometry":{"type":"Point","coordinates":[28.748947,41.070659]},"properties":{"osm_id":"way/1237888716","kategori":"cami","ad":"Halilurahman Cami"}},{"type":"Feature","geometry":{"type":"Point","coordinates":[28.747742,41.080244]},"properties":{"osm_id":"way/1237890458","kategori":"cami","ad":"Bayramtepe Sultan Beyazıt Cami"}},{"type":"Feature","geometry":{"type":"Point","coordinates":[28.751248,41.079629]},"properties":{"osm_id":"way/1237892328","kategori":"cami","ad":"Kuba Cami"}},{"type":"Feature","geometry":{"type":"Point","coordinates":[28.679848,41.300439]},"properties":{"osm_id":"way/1238255876","kategori":"cami","ad":null}},{"type":"Feature","geometry":{"type":"Point","coordinates":[28.669796,41.037828]},"properties":{"osm_id":"way/1239583062","kategori":"cami","ad":"Hz. Ebuberkir Cami"}},{"type":"Feature","geometry":{"type":"Point","coordinates":[29.127025,40.951478]},"properties":{"osm_id":"way/1240784498","kategori":"cami","ad":"Aydınevler Camii"}},{"type":"Feature","geometry":{"type":"Point","coordinates":[28.66011,41.041553]},"properties":{"osm_id":"way/1241571212","kategori":"cami","ad":"Hz. İbrahim Camii"}},{"type":"Feature","geometry":{"type":"Point","coordinates":[28.660753,41.046361]},"properties":{"osm_id":"way/1241633882","kategori":"cami","ad":"Mahmut Bahadır Aksa Cami"}},{"type":"Feature","geometry":{"type":"Point","coordinates":[28.91673,41.065895]},"properties":{"osm_id":"way/1242312734","kategori":"cami","ad":"Ertuğrul Gazi Camii"}},{"type":"Feature","geometry":{"type":"Point","coordinates":[28.906433,41.064571]},"properties":{"osm_id":"way/1242324783","kategori":"cami","ad":"Kumluçiftlik Camii"}},{"type":"Feature","geometry":{"type":"Point","coordinates":[29.052363,41.115102]},"properties":{"osm_id":"way/1242362894","kategori":"cami","ad":"Kürkçübaşı Camii"}},{"type":"Feature","geometry":{"type":"Point","coordinates":[29.041908,41.117366]},"properties":{"osm_id":"way/1242363123","kategori":"cami","ad":"Poligon Merkez Camii"}},{"type":"Feature","geometry":{"type":"Point","coordinates":[29.051624,41.114002]},"properties":{"osm_id":"way/1242363921","kategori":"cami","ad":"Neslişah Sultan Camii"}},{"type":"Feature","geometry":{"type":"Point","coordinates":[29.054953,41.115058]},"properties":{"osm_id":"way/1242363993","kategori":"cami","ad":"İstinye İtfaiye Camii"}},{"type":"Feature","geometry":{"type":"Point","coordinates":[29.615061,41.17745]},"properties":{"osm_id":"way/1242819304","kategori":"cami","ad":"Hacı Osman Ağa Camii"}},{"type":"Feature","geometry":{"type":"Point","coordinates":[29.515794,41.087035]},"properties":{"osm_id":"way/1242826265","kategori":"cami","ad":"Ulupelit Mahallesi Camii"}},{"type":"Feature","geometry":{"type":"Point","coordinates":[29.348213,41.077129]},"properties":{"osm_id":"way/1242828020","kategori":"cami","ad":"Koçullu İmamı Yusuf Cami"}},{"type":"Feature","geometry":{"type":"Point","coordinates":[29.334627,41.077374]},"properties":{"osm_id":"way/1242828021","kategori":"cami","ad":"Ömerli Yeni Camii"}},{"type":"Feature","geometry":{"type":"Point","coordinates":[28.793801,40.969169]},"properties":{"osm_id":"way/1243538787","kategori":"cami","ad":"Florya Sahil Parkı Mescit"}},{"type":"Feature","geometry":{"type":"Point","coordinates":[28.875154,40.978741]},"properties":{"osm_id":"way/1243989069","kategori":"cami","ad":"Karaderviş Ağa Çarşı Cami"}},{"type":"Feature","geometry":{"type":"Point","coordinates":[29.154503,40.926275]},"properties":{"osm_id":"way/1246237347","kategori":"cami","ad":"Fatma Çelebi Camii"}},{"type":"Feature","geometry":{"type":"Point","coordinates":[29.161973,40.932638]},"properties":{"osm_id":"way/1246237348","kategori":"cami","ad":"Gül Camii"}},{"type":"Feature","geometry":{"type":"Point","coordinates":[29.12822,41.020048]},"properties":{"osm_id":"way/1246240403","kategori":"cami","ad":"Tepeüstü Merkez Camii"}},{"type":"Feature","geometry":{"type":"Point","coordinates":[28.911352,41.041787]},"properties":{"osm_id":"way/1246242584","kategori":"cami","ad":"Yeşil Camii"}},{"type":"Feature","geometry":{"type":"Point","coordinates":[28.612714,41.183179]},"properties":{"osm_id":"way/1246793378","kategori":"cami","ad":"Osmangazi Camii"}},{"type":"Feature","geometry":{"type":"Point","coordinates":[28.795554,41.109538]},"properties":{"osm_id":"way/1247512209","kategori":"cami","ad":"Şinasi Ünsal Camii"}},{"type":"Feature","geometry":{"type":"Point","coordinates":[29.462626,40.967919]},"properties":{"osm_id":"way/1249398749","kategori":"cami","ad":"Göçbeyli Köyü Camii"}},{"type":"Feature","geometry":{"type":"Point","coordinates":[29.804412,41.097748]},"properties":{"osm_id":"way/1249401993","kategori":"cami","ad":"Gökmaslı Mahallesi Camii"}},{"type":"Feature","geometry":{"type":"Point","coordinates":[29.769331,41.045048]},"properties":{"osm_id":"way/1249401994","kategori":"cami","ad":"Hacıllı Köyü Camii"}},{"type":"Feature","geometry":{"type":"Point","coordinates":[28.858549,41.109242]},"properties":{"osm_id":"way/1250016804","kategori":"cami","ad":"Hacı Kadir Kunduracı Cami"}},{"type":"Feature","geometry":{"type":"Point","coordinates":[28.984089,41.237185]},"properties":{"osm_id":"way/1250249563","kategori":"cami","ad":"Gümüşdere Köyü Camii"}},{"type":"Feature","geometry":{"type":"Point","coordinates":[29.028657,41.196906]},"properties":{"osm_id":"way/1250251972","kategori":"cami","ad":"Zekeriyaköy Camii"}},{"type":"Feature","geometry":{"type":"Point","coordinates":[28.875288,41.084048]},"properties":{"osm_id":"way/1252023750","kategori":"cami","ad":"Siteler Fatih Camii"}},{"type":"Feature","geometry":{"type":"Point","coordinates":[28.875267,41.093331]},"properties":{"osm_id":"way/1252029208","kategori":"cami","ad":"Bilal-i Habeşi Cami"}},{"type":"Feature","geometry":{"type":"Point","coordinates":[28.892606,41.081005]},"properties":{"osm_id":"way/1252030252","kategori":"cami","ad":"Hacı Salih Efendi Camii"}},{"type":"Feature","geometry":{"type":"Point","coordinates":[28.897162,41.090472]},"properties":{"osm_id":"way/1253667656","kategori":"cami","ad":"Mehmet Zahit Korku Camii"}},{"type":"Feature","geometry":{"type":"Point","coordinates":[29.146619,41.116567]},"properties":{"osm_id":"way/1253828967","kategori":"cami","ad":"Görele Merkez Camii"}},{"type":"Feature","geometry":{"type":"Point","coordinates":[28.916241,41.022345]},"properties":{"osm_id":"way/1254939305","kategori":"cami","ad":"TİM- 1 Camii"}},{"type":"Feature","geometry":{"type":"Point","coordinates":[28.612277,41.075314]},"properties":{"osm_id":"way/1257261904","kategori":"cami","ad":"Hacı Mehmet Uçar Camii"}},{"type":"Feature","geometry":{"type":"Point","coordinates":[29.216921,40.893797]},"properties":{"osm_id":"way/1263728207","kategori":"cami","ad":"Topselvi Merkez Camii"}},{"type":"Feature","geometry":{"type":"Point","coordinates":[29.184341,40.900715]},"properties":{"osm_id":"way/1263729992","kategori":"cami","ad":"Yukarı Rahmanlar Camii"}},{"type":"Feature","geometry":{"type":"Point","coordinates":[29.177266,40.907868]},"properties":{"osm_id":"way/1263729993","kategori":"cami","ad":"Mehmet Akif Camii"}},{"type":"Feature","geometry":{"type":"Point","coordinates":[29.186232,40.88889]},"properties":{"osm_id":"way/1263746655","kategori":"cami","ad":"Kartal Merkez Camii"}},{"type":"Feature","geometry":{"type":"Point","coordinates":[29.163516,40.9142]},"properties":{"osm_id":"way/1263747535","kategori":"cami","ad":"Balıklıdere Camii"}},{"type":"Feature","geometry":{"type":"Point","coordinates":[29.225864,40.924881]},"properties":{"osm_id":"way/1263750096","kategori":"cami","ad":"Eyüp Sultan Camii"}},{"type":"Feature","geometry":{"type":"Point","coordinates":[29.11306,40.935221]},"properties":{"osm_id":"way/1264030856","kategori":"cami","ad":"Hz. Ömer Camii"}},{"type":"Feature","geometry":{"type":"Point","coordinates":[29.147201,40.958782]},"properties":{"osm_id":"way/1264048698","kategori":"cami","ad":"Başıbüyük camii"}},{"type":"Feature","geometry":{"type":"Point","coordinates":[29.219842,41.024601]},"properties":{"osm_id":"way/1264055367","kategori":"cami","ad":"Hz. Hüseyin Camii"}},{"type":"Feature","geometry":{"type":"Point","coordinates":[29.15915,40.90133]},"properties":{"osm_id":"way/1264069579","kategori":"cami","ad":"Kahramanlar Camii"}},{"type":"Feature","geometry":{"type":"Point","coordinates":[29.264153,40.955618]},"properties":{"osm_id":"way/1264095275","kategori":"cami","ad":"Ebeveyn camii"}},{"type":"Feature","geometry":{"type":"Point","coordinates":[29.255979,40.955642]},"properties":{"osm_id":"way/1264095277","kategori":"cami","ad":"Barbaros Hayrettin Paşa Camiİ"}},{"type":"Feature","geometry":{"type":"Point","coordinates":[28.864421,41.14498]},"properties":{"osm_id":"way/1264573913","kategori":"cami","ad":"Çimen Camii"}},{"type":"Feature","geometry":{"type":"Point","coordinates":[28.858402,41.133975]},"properties":{"osm_id":"way/1264578798","kategori":"cami","ad":"Habibler Bilal-i Habeşi Camii"}},{"type":"Feature","geometry":{"type":"Point","coordinates":[29.169886,41.065275]},"properties":{"osm_id":"way/1265042665","kategori":"cami","ad":"Mahmud Efendi Camii"}},{"type":"Feature","geometry":{"type":"Point","coordinates":[28.956009,41.013128]},"properties":{"osm_id":"way/1268145851","kategori":"cami","ad":"18 Sekbanlar Cami"}},{"type":"Feature","geometry":{"type":"Point","coordinates":[28.367202,41.053727]},"properties":{"osm_id":"way/1277933485","kategori":"cami","ad":"Selimpaşa Tarihi Eski Camii"}},{"type":"Feature","geometry":{"type":"Point","coordinates":[29.260928,40.979679]},"properties":{"osm_id":"way/1278984975","kategori":"cami","ad":"Sezerler Camii"}},{"type":"Feature","geometry":{"type":"Point","coordinates":[28.80305,41.123514]},"properties":{"osm_id":"way/1279070753","kategori":"cami","ad":"Şüheda Camii"}},{"type":"Feature","geometry":{"type":"Point","coordinates":[28.736861,41.179959]},"properties":{"osm_id":"way/1279095757","kategori":"cami","ad":"Halilurahman Camii"}},{"type":"Feature","geometry":{"type":"Point","coordinates":[28.745184,41.178684]},"properties":{"osm_id":"way/1279095758","kategori":"cami","ad":"Hacı Necati Tütüncü Camii"}},{"type":"Feature","geometry":{"type":"Point","coordinates":[28.729633,41.20919]},"properties":{"osm_id":"way/1279095763","kategori":"cami","ad":"Berat Camii"}},{"type":"Feature","geometry":{"type":"Point","coordinates":[29.004839,41.051128]},"properties":{"osm_id":"way/1280103183","kategori":"cami","ad":"Ihlamur Camii"}},{"type":"Feature","geometry":{"type":"Point","coordinates":[29.012033,41.090666]},"properties":{"osm_id":"way/1280530891","kategori":"cami","ad":"Yenilevent Cami"}},{"type":"Feature","geometry":{"type":"Point","coordinates":[28.61738,40.963362]},"properties":{"osm_id":"way/1282378259","kategori":"cami","ad":"İstanbul Galibi Külliyesi"}},{"type":"Feature","geometry":{"type":"Point","coordinates":[29.062179,41.114552]},"properties":{"osm_id":"way/1282378824","kategori":"cami","ad":"Isman Reis Camii"}},{"type":"Feature","geometry":{"type":"Point","coordinates":[28.968251,41.014733]},"properties":{"osm_id":"way/1284378697","kategori":"cami","ad":"Çandarlızade Atik İbrahim Paşa Camii"}},{"type":"Feature","geometry":{"type":"Point","coordinates":[29.6257,41.169006]},"properties":{"osm_id":"way/1284813280","kategori":"cami","ad":"Hasan Özyenice Camii"}},{"type":"Feature","geometry":{"type":"Point","coordinates":[28.787685,41.15383]},"properties":{"osm_id":"way/1296066869","kategori":"cami","ad":"Hafız Ali Baltacı Cami"}},{"type":"Feature","geometry":{"type":"Point","coordinates":[28.660118,41.068324]},"properties":{"osm_id":"way/1296075270","kategori":"cami","ad":"Orhan Gazi Camii"}},{"type":"Feature","geometry":{"type":"Point","coordinates":[29.063906,41.033906]},"properties":{"osm_id":"way/1297291384","kategori":"cami","ad":"Esentepe Camii"}},{"type":"Feature","geometry":{"type":"Point","coordinates":[28.878388,41.065433]},"properties":{"osm_id":"way/1297453078","kategori":"cami","ad":"Ebusuud Cami"}},{"type":"Feature","geometry":{"type":"Point","coordinates":[29.191383,40.998457]},"properties":{"osm_id":"way/1299942079","kategori":"cami","ad":"Hasan Hüseyin Şentürk Camii"}},{"type":"Feature","geometry":{"type":"Point","coordinates":[29.202058,41.018373]},"properties":{"osm_id":"way/1301123657","kategori":"cami","ad":"Şehit Onbaşı Azim Özdemir Camii"}},{"type":"Feature","geometry":{"type":"Point","coordinates":[28.928808,41.038547]},"properties":{"osm_id":"way/1301657952","kategori":"cami","ad":"Süleyman Subaşı Mescidi"}},{"type":"Feature","geometry":{"type":"Point","coordinates":[28.931815,41.039479]},"properties":{"osm_id":"way/1301658115","kategori":"cami","ad":"Davut Ağa Mescidi"}},{"type":"Feature","geometry":{"type":"Point","coordinates":[28.93344,41.040658]},"properties":{"osm_id":"way/1301661168","kategori":"cami","ad":"Nazperver Camii"}},{"type":"Feature","geometry":{"type":"Point","coordinates":[28.930748,41.040705]},"properties":{"osm_id":"way/1301662159","kategori":"cami","ad":"Nişancı Mustafa Paşa Camii (Eyüpsultan)"}},{"type":"Feature","geometry":{"type":"Point","coordinates":[28.935842,41.042089]},"properties":{"osm_id":"way/1301847475","kategori":"cami","ad":"Arpacı Hayrettin Camii"}},{"type":"Feature","geometry":{"type":"Point","coordinates":[28.935447,41.044558]},"properties":{"osm_id":"way/1301847586","kategori":"cami","ad":"Selahi Mehmet Efendi Camii"}},{"type":"Feature","geometry":{"type":"Point","coordinates":[28.935503,41.046813]},"properties":{"osm_id":"way/1301852897","kategori":"cami","ad":"Çeribaşı Camii"}},{"type":"Feature","geometry":{"type":"Point","coordinates":[28.930643,41.045794]},"properties":{"osm_id":"way/1301852986","kategori":"cami","ad":"Cedid Ali Paşa Camii"}},{"type":"Feature","geometry":{"type":"Point","coordinates":[28.927113,41.047262]},"properties":{"osm_id":"way/1301854913","kategori":"cami","ad":"Düğmecibaşı Mescidi"}},{"type":"Feature","geometry":{"type":"Point","coordinates":[28.924953,41.049208]},"properties":{"osm_id":"way/1301859885","kategori":"cami","ad":"Hacı Hamdi Ballısoy Camii"}},{"type":"Feature","geometry":{"type":"Point","coordinates":[28.888323,41.034492]},"properties":{"osm_id":"way/1302191536","kategori":"cami","ad":"Mimar Sinan Cami"}},{"type":"Feature","geometry":{"type":"Point","coordinates":[28.884629,41.035623]},"properties":{"osm_id":"way/1302214884","kategori":"cami","ad":"Esenler Cami"}},{"type":"Feature","geometry":{"type":"Point","coordinates":[28.881755,41.039063]},"properties":{"osm_id":"way/1302229414","kategori":"cami","ad":"Esenler Merkez Cami"}},{"type":"Feature","geometry":{"type":"Point","coordinates":[28.869697,41.050114]},"properties":{"osm_id":"way/1302241938","kategori":"cami","ad":"Hacı Emsal Avcı Taş Camii"}},{"type":"Feature","geometry":{"type":"Point","coordinates":[28.926603,41.05146]},"properties":{"osm_id":"way/1302561838","kategori":"cami","ad":"İslambey Camii"}},{"type":"Feature","geometry":{"type":"Point","coordinates":[28.878307,41.049636]},"properties":{"osm_id":"way/1302691691","kategori":"cami","ad":"Fevzi Çakmak Turan Cami"}},{"type":"Feature","geometry":{"type":"Point","coordinates":[28.865357,41.059639]},"properties":{"osm_id":"way/1302913164","kategori":"cami","ad":"Hz Osman Camii"}},{"type":"Feature","geometry":{"type":"Point","coordinates":[28.863398,41.062838]},"properties":{"osm_id":"way/1302915692","kategori":"cami","ad":"Hacı Ahmet Akar Cami"}},{"type":"Feature","geometry":{"type":"Point","coordinates":[28.85996,41.062065]},"properties":{"osm_id":"way/1302923098","kategori":"cami","ad":"Hz. Ali Cami"}},{"type":"Feature","geometry":{"type":"Point","coordinates":[28.856487,41.062815]},"properties":{"osm_id":"way/1302931507","kategori":"cami","ad":"Ashabı Kiram Cami"}},{"type":"Feature","geometry":{"type":"Point","coordinates":[28.85235,41.059593]},"properties":{"osm_id":"way/1302945845","kategori":"cami","ad":"100 Yıl Merkez Cami"}},{"type":"Feature","geometry":{"type":"Point","coordinates":[28.85953,41.057045]},"properties":{"osm_id":"way/1303325848","kategori":"cami","ad":"Saad Bin Ebi Vakkas Camii"}},{"type":"Feature","geometry":{"type":"Point","coordinates":[29.113219,40.998676]},"properties":{"osm_id":"way/1303755060","kategori":"cami","ad":"Finans Merkezi Camii"}},{"type":"Feature","geometry":{"type":"Point","coordinates":[28.931484,41.053617]},"properties":{"osm_id":"way/1306651149","kategori":"cami","ad":"Ahmet Dede Mescidi, Eyüpsultan"}},{"type":"Feature","geometry":{"type":"Point","coordinates":[29.236609,41.012122]},"properties":{"osm_id":"way/1309159282","kategori":"cami","ad":"Eyüp Sultan Cami"}},{"type":"Feature","geometry":{"type":"Point","coordinates":[28.935636,41.035803]},"properties":{"osm_id":"way/1309441862","kategori":"cami","ad":"Otakçıbaşı Hüseyin Ağa Mescidi"}},{"type":"Feature","geometry":{"type":"Point","coordinates":[28.930691,41.049309]},"properties":{"osm_id":"way/1311909368","kategori":"cami","ad":"Bâli Hoca Camii"}},{"type":"Feature","geometry":{"type":"Point","coordinates":[28.981222,41.090142]},"properties":{"osm_id":"way/1313173787","kategori":"cami","ad":"Eşref Topkara Camii"}},{"type":"Feature","geometry":{"type":"Point","coordinates":[28.975799,41.097772]},"properties":{"osm_id":"way/1313415789","kategori":"cami","ad":"Hacı Kenan Camii"}},{"type":"Feature","geometry":{"type":"Point","coordinates":[28.970655,41.082287]},"properties":{"osm_id":"way/1313480253","kategori":"cami","ad":"Hz. Osman Camii"}},{"type":"Feature","geometry":{"type":"Point","coordinates":[28.972043,41.080728]},"properties":{"osm_id":"way/1313552608","kategori":"cami","ad":"Daye Hatun Camii"}},{"type":"Feature","geometry":{"type":"Point","coordinates":[28.865442,41.178417]},"properties":{"osm_id":"way/1314086200","kategori":"cami","ad":"Mehmet Aydoğan Camii"}},{"type":"Feature","geometry":{"type":"Point","coordinates":[29.093218,40.994879]},"properties":{"osm_id":"way/1314178846","kategori":"cami","ad":"Mimar Sinan Camii"}},{"type":"Feature","geometry":{"type":"Point","coordinates":[29.219759,41.012806]},"properties":{"osm_id":"way/1314628347","kategori":"cami","ad":"Hz. Ali Cami"}},{"type":"Feature","geometry":{"type":"Point","coordinates":[29.137595,40.958947]},"properties":{"osm_id":"way/1315495951","kategori":"cami","ad":"Mescit"}},{"type":"Feature","geometry":{"type":"Point","coordinates":[28.949209,41.088529]},"properties":{"osm_id":"way/1316644842","kategori":"cami","ad":null}},{"type":"Feature","geometry":{"type":"Point","coordinates":[28.809846,41.086011]},"properties":{"osm_id":"way/1317368182","kategori":"cami","ad":"Selman-ı Farisi Camii"}},{"type":"Feature","geometry":{"type":"Point","coordinates":[28.812286,41.092283]},"properties":{"osm_id":"way/1317368381","kategori":"cami","ad":"Akşemsettin Camii"}},{"type":"Feature","geometry":{"type":"Point","coordinates":[29.027617,41.018444]},"properties":{"osm_id":"way/1317515398","kategori":"cami","ad":"Murat Reis Camii"}},{"type":"Feature","geometry":{"type":"Point","coordinates":[29.015134,41.023667]},"properties":{"osm_id":"way/1317516483","kategori":"cami","ad":"Gülfem Hatun Camii"}},{"type":"Feature","geometry":{"type":"Point","coordinates":[29.023567,41.02316]},"properties":{"osm_id":"way/1317516484","kategori":"cami","ad":"Fatma Hatun Camii"}},{"type":"Feature","geometry":{"type":"Point","coordinates":[29.076775,40.988764]},"properties":{"osm_id":"way/1317518146","kategori":"cami","ad":"Merdivenköy Camii"}},{"type":"Feature","geometry":{"type":"Point","coordinates":[29.079565,41.025531]},"properties":{"osm_id":"way/1317524957","kategori":"cami","ad":"Gümüşsuyu Camii"}},{"type":"Feature","geometry":{"type":"Point","coordinates":[29.076122,41.027621]},"properties":{"osm_id":"way/1317524959","kategori":"cami","ad":"Şemsi Sivasi Camii"}},{"type":"Feature","geometry":{"type":"Point","coordinates":[29.112486,41.015546]},"properties":{"osm_id":"way/1317527147","kategori":"cami","ad":"Armağanevler Camii"}},{"type":"Feature","geometry":{"type":"Point","coordinates":[29.123178,41.022135]},"properties":{"osm_id":"way/1317527156","kategori":"cami","ad":"Yeni Camii"}},{"type":"Feature","geometry":{"type":"Point","coordinates":[29.135593,41.004453]},"properties":{"osm_id":"way/1317528818","kategori":"cami","ad":"Korkmaz Camii"}},{"type":"Feature","geometry":{"type":"Point","coordinates":[29.145845,41.012596]},"properties":{"osm_id":"way/1317530221","kategori":"cami","ad":"Hz. Yuşa Camii"}},{"type":"Feature","geometry":{"type":"Point","coordinates":[29.166387,41.023412]},"properties":{"osm_id":"way/1317558602","kategori":"cami","ad":"Bedir Camii"}},{"type":"Feature","geometry":{"type":"Point","coordinates":[28.976505,41.252121]},"properties":{"osm_id":"way/1317810955","kategori":"cami","ad":"Kısırkaya Mahallesi Camii"}},{"type":"Feature","geometry":{"type":"Point","coordinates":[28.874262,41.264321]},"properties":{"osm_id":"way/1317816368","kategori":"cami","ad":"Ağaçlı Ragıp Kutmangil Camiİ"}},{"type":"Feature","geometry":{"type":"Point","coordinates":[28.810505,41.095225]},"properties":{"osm_id":"way/1317847125","kategori":"cami","ad":"Sari Saltuk Camii"}},{"type":"Feature","geometry":{"type":"Point","coordinates":[28.963622,41.036708]},"properties":{"osm_id":"way/1317848963","kategori":"cami","ad":"Haşimi Emir Osman Camii"}},{"type":"Feature","geometry":{"type":"Point","coordinates":[29.030927,41.1654]},"properties":{"osm_id":"way/1317875098","kategori":"cami","ad":"Esentepe Camii"}},{"type":"Feature","geometry":{"type":"Point","coordinates":[29.010247,41.018239]},"properties":{"osm_id":"way/1318084944","kategori":"cami","ad":"Sinan Paşa Camii"}},{"type":"Feature","geometry":{"type":"Point","coordinates":[29.013379,41.017975]},"properties":{"osm_id":"way/1318084945","kategori":"cami","ad":"Nasuhi Mehmet Efendi Camii"}},{"type":"Feature","geometry":{"type":"Point","coordinates":[29.019504,41.025189]},"properties":{"osm_id":"way/1318085329","kategori":"cami","ad":"Serçe Hatun Mescidi"}},{"type":"Feature","geometry":{"type":"Point","coordinates":[29.023582,41.024405]},"properties":{"osm_id":"way/1318085331","kategori":"cami","ad":"Selami Ali Efendi Tekkesi Camii"}},{"type":"Feature","geometry":{"type":"Point","coordinates":[29.047807,41.030928]},"properties":{"osm_id":"way/1318086271","kategori":"cami","ad":"Burhaniye Camii"}},{"type":"Feature","geometry":{"type":"Point","coordinates":[29.048322,41.033728]},"properties":{"osm_id":"way/1318086273","kategori":"cami","ad":"Halis Shüeyla Dişçi Camii"}},{"type":"Feature","geometry":{"type":"Point","coordinates":[29.053626,41.04943]},"properties":{"osm_id":"way/1318110249","kategori":"cami","ad":"Hacı Ömer Efendi Camii"}},{"type":"Feature","geometry":{"type":"Point","coordinates":[29.066225,41.050542]},"properties":{"osm_id":"way/1318110258","kategori":"cami","ad":"Gazneli Mahmud Camii"}},{"type":"Feature","geometry":{"type":"Point","coordinates":[29.0859,41.064022]},"properties":{"osm_id":"way/1318111343","kategori":"cami","ad":"Errahman Camii"}},{"type":"Feature","geometry":{"type":"Point","coordinates":[29.108473,41.062752]},"properties":{"osm_id":"way/1318111344","kategori":"cami","ad":null}},{"type":"Feature","geometry":{"type":"Point","coordinates":[29.077928,41.053742]},"properties":{"osm_id":"way/1318111901","kategori":"cami","ad":"Bahçelievler Sever Camii"}},{"type":"Feature","geometry":{"type":"Point","coordinates":[28.78543,41.041066]},"properties":{"osm_id":"way/1318307382","kategori":"cami","ad":"Tekeoğulları Kavaklı Camii"}},{"type":"Feature","geometry":{"type":"Point","coordinates":[28.812862,41.042235]},"properties":{"osm_id":"way/1318316894","kategori":"cami","ad":"Cavat Yerlikaya Camii"}},{"type":"Feature","geometry":{"type":"Point","coordinates":[28.836221,41.066773]},"properties":{"osm_id":"way/1318317180","kategori":"cami","ad":"Istoç Ahi Ervan Cami"}},{"type":"Feature","geometry":{"type":"Point","coordinates":[28.84135,41.0541]},"properties":{"osm_id":"way/1318317181","kategori":"cami","ad":"Medine Camii"}},{"type":"Feature","geometry":{"type":"Point","coordinates":[28.860854,41.028369]},"properties":{"osm_id":"way/1318360521","kategori":"cami","ad":"Abdullah İbn Mesud Camii"}},{"type":"Feature","geometry":{"type":"Point","coordinates":[28.93374,41.074325]},"properties":{"osm_id":"way/1318361454","kategori":"cami","ad":"Nene Hatun Camii"}},{"type":"Feature","geometry":{"type":"Point","coordinates":[28.909879,41.071126]},"properties":{"osm_id":"way/1318362476","kategori":"cami","ad":"Küçükköy Hilal Camii"}},{"type":"Feature","geometry":{"type":"Point","coordinates":[28.907664,41.071109]},"properties":{"osm_id":"way/1318362477","kategori":"cami","ad":"Hacı Veyis Camii"}},{"type":"Feature","geometry":{"type":"Point","coordinates":[28.903442,41.00532]},"properties":{"osm_id":"way/1318368718","kategori":"cami","ad":"Hacı Osmanağa Camii"}},{"type":"Feature","geometry":{"type":"Point","coordinates":[28.916543,41.003118]},"properties":{"osm_id":"way/1318373515","kategori":"cami","ad":"Yedikule Göğüs Hastalıkları Hastanesi Camii"}},{"type":"Feature","geometry":{"type":"Point","coordinates":[28.648897,41.035456]},"properties":{"osm_id":"way/1318425451","kategori":"cami","ad":"Hacı Perişah Olcay Camii"}},{"type":"Feature","geometry":{"type":"Point","coordinates":[28.64689,41.017594]},"properties":{"osm_id":"way/1318428564","kategori":"cami","ad":"Esenbahçe Camii"}},{"type":"Feature","geometry":{"type":"Point","coordinates":[29.052277,41.080356]},"properties":{"osm_id":"way/1318604577","kategori":"cami","ad":"Kayalar Mescidi"}},{"type":"Feature","geometry":{"type":"Point","coordinates":[29.027685,41.064171]},"properties":{"osm_id":"way/1318608202","kategori":"cami","ad":"Ulus Ambarlıdere Camii"}},{"type":"Feature","geometry":{"type":"Point","coordinates":[28.99567,41.094108]},"properties":{"osm_id":"way/1318746788","kategori":"cami","ad":"Beşyol Camii"}},{"type":"Feature","geometry":{"type":"Point","coordinates":[28.992015,41.089382]},"properties":{"osm_id":"way/1318746792","kategori":"cami","ad":"Şirintepe Mevlana Camii"}},{"type":"Feature","geometry":{"type":"Point","coordinates":[28.992648,41.087939]},"properties":{"osm_id":"way/1318746793","kategori":"cami","ad":"Yunus Emre Camii"}},{"type":"Feature","geometry":{"type":"Point","coordinates":[28.988793,41.087409]},"properties":{"osm_id":"way/1318746794","kategori":"cami","ad":"Şirintepe Merkez Camii"}},{"type":"Feature","geometry":{"type":"Point","coordinates":[28.929822,41.050357]},"properties":{"osm_id":"way/1318769460","kategori":"cami","ad":"Kasım Çavuş Camii"}},{"type":"Feature","geometry":{"type":"Point","coordinates":[28.982788,41.08254]},"properties":{"osm_id":"way/1318770142","kategori":"cami","ad":"Ayazma Camii"}},{"type":"Feature","geometry":{"type":"Point","coordinates":[28.992059,41.084541]},"properties":{"osm_id":"way/1318770814","kategori":"cami","ad":"Cemre Camii"}},{"type":"Feature","geometry":{"type":"Point","coordinates":[28.987461,41.029402]},"properties":{"osm_id":"way/1318787665","kategori":"cami","ad":"Süheyl Bey Camii"}},{"type":"Feature","geometry":{"type":"Point","coordinates":[28.922127,41.060232]},"properties":{"osm_id":"way/1319560867","kategori":"cami","ad":"Yenidoğan Camii"}},{"type":"Feature","geometry":{"type":"Point","coordinates":[28.913123,41.052295]},"properties":{"osm_id":"way/1319565898","kategori":"cami","ad":"Havuzbaşı Yeşil Camii"}},{"type":"Feature","geometry":{"type":"Point","coordinates":[28.921084,41.055659]},"properties":{"osm_id":"way/1319567819","kategori":"cami","ad":"Çilekli Camii"}},{"type":"Feature","geometry":{"type":"Point","coordinates":[28.916057,41.043034]},"properties":{"osm_id":"way/1319578280","kategori":"cami","ad":"Hacı Nuri Örs Camii"}},{"type":"Feature","geometry":{"type":"Point","coordinates":[28.949417,41.048594]},"properties":{"osm_id":"way/1319580494","kategori":"cami","ad":"Çiksalin Yeni Camii"}},{"type":"Feature","geometry":{"type":"Point","coordinates":[28.93937,41.001564]},"properties":{"osm_id":"way/1319582878","kategori":"cami","ad":"Yenikapı Etkinlik Alanı Camii"}},{"type":"Feature","geometry":{"type":"Point","coordinates":[28.922715,41.012092]},"properties":{"osm_id":"way/1319621810","kategori":"cami","ad":"Tarsusi Mehmet Efendi Mescidi"}},{"type":"Feature","geometry":{"type":"Point","coordinates":[28.948787,41.028485]},"properties":{"osm_id":"way/1319840718","kategori":"cami","ad":"Tevkii Câfer Camii"}},{"type":"Feature","geometry":{"type":"Point","coordinates":[28.96359,41.116416]},"properties":{"osm_id":"way/1320023079","kategori":"cami","ad":"Çakırlar Camii"}},{"type":"Feature","geometry":{"type":"Point","coordinates":[28.92802,41.034549]},"properties":{"osm_id":"way/1320263478","kategori":"cami","ad":"Hacı Halit Keleş Camii"}},{"type":"Feature","geometry":{"type":"Point","coordinates":[28.906354,41.019295]},"properties":{"osm_id":"way/1320331256","kategori":"cami","ad":"Çinili Camii"}},{"type":"Feature","geometry":{"type":"Point","coordinates":[28.919734,41.015752]},"properties":{"osm_id":"way/1320333141","kategori":"cami","ad":"Merkezefendi Camii"}},{"type":"Feature","geometry":{"type":"Point","coordinates":[28.926158,41.009262]},"properties":{"osm_id":"way/1320347379","kategori":"cami","ad":"Karagöz Mehmet Paşa Camii"}},{"type":"Feature","geometry":{"type":"Point","coordinates":[28.928009,41.010548]},"properties":{"osm_id":"way/1320388064","kategori":"cami","ad":"Uzun Yusuf Camii"}},{"type":"Feature","geometry":{"type":"Point","coordinates":[29.062226,41.053808]},"properties":{"osm_id":"way/1321442882","kategori":"cami","ad":"Huzur Tepe Camii"}},{"type":"Feature","geometry":{"type":"Point","coordinates":[29.052921,41.050294]},"properties":{"osm_id":"way/1321443242","kategori":"cami","ad":"Hamdullah Paşa Camii"}},{"type":"Feature","geometry":{"type":"Point","coordinates":[29.054771,41.050916]},"properties":{"osm_id":"way/1321443564","kategori":"cami","ad":"Kerime Hatun Camii"}},{"type":"Feature","geometry":{"type":"Point","coordinates":[29.074665,41.07497]},"properties":{"osm_id":"way/1321857464","kategori":"cami","ad":"Nişangah Cami"}},{"type":"Feature","geometry":{"type":"Point","coordinates":[29.066692,41.07106]},"properties":{"osm_id":"way/1321857964","kategori":"cami","ad":"Nuri Cıngıllıoğlu Camii"}},{"type":"Feature","geometry":{"type":"Point","coordinates":[29.068975,41.083614]},"properties":{"osm_id":"way/1321858645","kategori":"cami","ad":"Muhaşşisinan Camii"}},{"type":"Feature","geometry":{"type":"Point","coordinates":[29.039412,41.092953]},"properties":{"osm_id":"way/1322119344","kategori":"cami","ad":"İmam-ı Azam Camii"}},{"type":"Feature","geometry":{"type":"Point","coordinates":[29.034914,41.095116]},"properties":{"osm_id":"way/1322120483","kategori":"cami","ad":"Küçükarmutlu Merkez Camii"}},{"type":"Feature","geometry":{"type":"Point","coordinates":[29.031845,41.093202]},"properties":{"osm_id":"way/1322120980","kategori":"cami","ad":"FSM Mahallesi Camii"}},{"type":"Feature","geometry":{"type":"Point","coordinates":[29.033911,41.073912]},"properties":{"osm_id":"way/1322131019","kategori":"cami","ad":"Hesna Gündeş Cami"}},{"type":"Feature","geometry":{"type":"Point","coordinates":[29.044054,41.076805]},"properties":{"osm_id":"way/1322131348","kategori":"cami","ad":"Bebek Cami"}},{"type":"Feature","geometry":{"type":"Point","coordinates":[29.043048,41.160382]},"properties":{"osm_id":"way/1322138208","kategori":"cami","ad":"Büyükdere Camii"}},{"type":"Feature","geometry":{"type":"Point","coordinates":[29.000874,41.076282]},"properties":{"osm_id":"way/1322448152","kategori":"cami","ad":"Mescid-İ Aksa Camii"}},{"type":"Feature","geometry":{"type":"Point","coordinates":[28.969767,41.026431]},"properties":{"osm_id":"way/1322456339","kategori":"cami","ad":"Yolcuzade camii"}},{"type":"Feature","geometry":{"type":"Point","coordinates":[28.960942,41.017792]},"properties":{"osm_id":"way/1322465537","kategori":"cami","ad":"Saribeyazit Camii"}},{"type":"Feature","geometry":{"type":"Point","coordinates":[28.950804,41.041959]},"properties":{"osm_id":"way/1322491041","kategori":"cami","ad":"Kırmızı Minare Camii"}},{"type":"Feature","geometry":{"type":"Point","coordinates":[28.931659,41.007047]},"properties":{"osm_id":"way/1322868872","kategori":"cami","ad":"Yolgeçen Camii"}},{"type":"Feature","geometry":{"type":"Point","coordinates":[28.934433,41.007031]},"properties":{"osm_id":"way/1322868873","kategori":"cami","ad":"Şüca Mehmet Çavuş Camii"}},{"type":"Feature","geometry":{"type":"Point","coordinates":[28.947778,41.008664]},"properties":{"osm_id":"way/1322881660","kategori":"cami","ad":"Aksaray Katip Müslihiddin Camii"}},{"type":"Feature","geometry":{"type":"Point","coordinates":[28.945665,41.007151]},"properties":{"osm_id":"way/1322881661","kategori":"cami","ad":"Kürkçübaşı Camii"}},{"type":"Feature","geometry":{"type":"Point","coordinates":[28.941585,41.029527]},"properties":{"osm_id":"way/1323107762","kategori":"cami","ad":"Kefeli Camii"}},{"type":"Feature","geometry":{"type":"Point","coordinates":[28.951796,41.013884]},"properties":{"osm_id":"way/1323145711","kategori":"cami","ad":"Haydarhane Camii"}},{"type":"Feature","geometry":{"type":"Point","coordinates":[28.971938,41.025883]},"properties":{"osm_id":"way/1323847009","kategori":"cami","ad":"Okçu Musa Camii"}},{"type":"Feature","geometry":{"type":"Point","coordinates":[28.943384,41.007348]},"properties":{"osm_id":"way/1324069038","kategori":"cami","ad":"Cambaziye Camii"}},{"type":"Feature","geometry":{"type":"Point","coordinates":[28.976806,41.026136]},"properties":{"osm_id":"way/1324298292","kategori":"cami","ad":"Hoca Ali Camii"}},{"type":"Feature","geometry":{"type":"Point","coordinates":[28.973101,41.013162]},"properties":{"osm_id":"way/1324359870","kategori":"cami","ad":"Hoca Kasım Günani Camii"}},{"type":"Feature","geometry":{"type":"Point","coordinates":[28.971432,41.013382]},"properties":{"osm_id":"way/1324359873","kategori":"cami","ad":"Sururi Daye Hatun Camii"}},{"type":"Feature","geometry":{"type":"Point","coordinates":[28.973857,41.010021]},"properties":{"osm_id":"way/1324621345","kategori":"cami","ad":"Mahmut Nedim Paşa Camii"}},{"type":"Feature","geometry":{"type":"Point","coordinates":[28.980998,41.029724]},"properties":{"osm_id":"way/1324660359","kategori":"cami","ad":"Hacı Piri Camii"}},{"type":"Feature","geometry":{"type":"Point","coordinates":[28.968941,41.013263]},"properties":{"osm_id":"way/1324981833","kategori":"cami","ad":"Sultan Mustafa Camii"}},{"type":"Feature","geometry":{"type":"Point","coordinates":[28.633196,41.012936]},"properties":{"osm_id":"way/1326094345","kategori":"cami","ad":"Hacı Naif Akkuş Camii"}},{"type":"Feature","geometry":{"type":"Point","coordinates":[28.823883,41.025918]},"properties":{"osm_id":"way/1331400490","kategori":"cami","ad":"Camii"}},{"type":"Feature","geometry":{"type":"Point","coordinates":[28.904505,41.024777]},"properties":{"osm_id":"way/1333222376","kategori":"cami","ad":"Hüseyin Efendi Mescidi"}},{"type":"Feature","geometry":{"type":"Point","coordinates":[28.979246,41.028995]},"properties":{"osm_id":"way/1334634117","kategori":"cami","ad":"Sefer Kethüda Mescidi"}},{"type":"Feature","geometry":{"type":"Point","coordinates":[29.391187,40.909496]},"properties":{"osm_id":"way/1338341250","kategori":"cami","ad":"Tepeören Merkez Camii"}},{"type":"Feature","geometry":{"type":"Point","coordinates":[28.674028,40.981497]},"properties":{"osm_id":"way/1339396752","kategori":"cami","ad":"Marmara Camii"}},{"type":"Feature","geometry":{"type":"Point","coordinates":[28.914249,41.04967]},"properties":{"osm_id":"way/1341105369","kategori":"cami","ad":"Rami Kışlası Camii"}},{"type":"Feature","geometry":{"type":"Point","coordinates":[28.837035,40.989924]},"properties":{"osm_id":"way/1343703080","kategori":"cami","ad":"Yenibosna Durak Mescidi"}},{"type":"Feature","geometry":{"type":"Point","coordinates":[28.617749,40.994049]},"properties":{"osm_id":"way/1346020917","kategori":"cami","ad":"Hacı İmam Muhammed Uygur Camii"}},{"type":"Feature","geometry":{"type":"Point","coordinates":[28.897366,40.995515]},"properties":{"osm_id":"way/1352378750","kategori":"cami","ad":"Veliefendi Mah. Bağ Camii"}},{"type":"Feature","geometry":{"type":"Point","coordinates":[28.89482,40.998656]},"properties":{"osm_id":"way/1352379060","kategori":"cami","ad":"Selvili Çınar Cami"}},{"type":"Feature","geometry":{"type":"Point","coordinates":[28.901025,41.001901]},"properties":{"osm_id":"way/1352379941","kategori":"cami","ad":"Köşeli Çalışkan Cami"}},{"type":"Feature","geometry":{"type":"Point","coordinates":[28.762851,41.138087]},"properties":{"osm_id":"way/1352409279","kategori":"cami","ad":null}},{"type":"Feature","geometry":{"type":"Point","coordinates":[28.909341,41.001582]},"properties":{"osm_id":"way/1352789332","kategori":"cami","ad":"Batı Trakya Vakfı Camii"}},{"type":"Feature","geometry":{"type":"Point","coordinates":[28.913122,40.999824]},"properties":{"osm_id":"way/1352789858","kategori":"cami","ad":"Telsiz Çarşı Camii"}},{"type":"Feature","geometry":{"type":"Point","coordinates":[28.900043,40.99337]},"properties":{"osm_id":"way/1352998527","kategori":"cami","ad":"Konyalı Camii"}},{"type":"Feature","geometry":{"type":"Point","coordinates":[28.899194,40.985147]},"properties":{"osm_id":"way/1352999184","kategori":"cami","ad":"Ulu Cami"}},{"type":"Feature","geometry":{"type":"Point","coordinates":[28.895671,40.98836]},"properties":{"osm_id":"way/1352999276","kategori":"cami","ad":"Sümer Camii"}},{"type":"Feature","geometry":{"type":"Point","coordinates":[28.896922,40.985666]},"properties":{"osm_id":"way/1352999328","kategori":"cami","ad":"İmam Cafer Sadık Camii"}},{"type":"Feature","geometry":{"type":"Point","coordinates":[28.89866,40.988727]},"properties":{"osm_id":"way/1352999815","kategori":"cami","ad":"Kubbeli Cami"}},{"type":"Feature","geometry":{"type":"Point","coordinates":[28.902505,40.990671]},"properties":{"osm_id":"way/1353000834","kategori":"cami","ad":"Taş Camii"}},{"type":"Feature","geometry":{"type":"Point","coordinates":[28.907603,40.991103]},"properties":{"osm_id":"way/1353151675","kategori":"cami","ad":"Yenidoğan Camii"}},{"type":"Feature","geometry":{"type":"Point","coordinates":[28.655964,40.969943]},"properties":{"osm_id":"way/1363626796","kategori":"cami","ad":"Denizistanbul Cami"}},{"type":"Feature","geometry":{"type":"Point","coordinates":[29.18075,41.00667]},"properties":{"osm_id":"way/1363889273","kategori":"cami","ad":"Sait Kaya"}},{"type":"Feature","geometry":{"type":"Point","coordinates":[29.09529,40.971507]},"properties":{"osm_id":"way/1364231680","kategori":"cami","ad":"Abdülhalim Camii"}},{"type":"Feature","geometry":{"type":"Point","coordinates":[28.946742,41.026865]},"properties":{"osm_id":"way/1364303429","kategori":"cami","ad":"Acemoğlu Camii"}},{"type":"Feature","geometry":{"type":"Point","coordinates":[28.939755,41.035449]},"properties":{"osm_id":"way/1364430386","kategori":"cami","ad":"Avcı Bey Camii"}},{"type":"Feature","geometry":{"type":"Point","coordinates":[28.555424,41.18814]},"properties":{"osm_id":"way/1364432023","kategori":"cami","ad":"Baba Nakkaş Camii"}},{"type":"Feature","geometry":{"type":"Point","coordinates":[29.271851,41.163681]},"properties":{"osm_id":"way/1364468236","kategori":"cami","ad":"Bozhane Köyü Camii"}},{"type":"Feature","geometry":{"type":"Point","coordinates":[28.934778,41.046518]},"properties":{"osm_id":"way/1364484065","kategori":"cami","ad":"Cafer Paşa Külliyesi Mescit ve Dershanesi"}},{"type":"Feature","geometry":{"type":"Point","coordinates":[28.95113,41.010081]},"properties":{"osm_id":"way/1364488579","kategori":"cami","ad":"Camcılar Camii"}},{"type":"Feature","geometry":{"type":"Point","coordinates":[29.036012,41.156924]},"properties":{"osm_id":"way/1364549439","kategori":"cami","ad":"Kaptan-ı Derya Cezayirli Gazi Hasan Paşa Camii"}},{"type":"Feature","geometry":{"type":"Point","coordinates":[28.678199,41.034654]},"properties":{"osm_id":"way/1364680479","kategori":"cami","ad":"Esenyurt Tarihi Merkez Camii"}},{"type":"Feature","geometry":{"type":"Point","coordinates":[28.976585,41.004525]},"properties":{"osm_id":"way/1364722191","kategori":"cami","ad":"Güngörmez Mescidi"}},{"type":"Feature","geometry":{"type":"Point","coordinates":[28.925601,40.993381]},"properties":{"osm_id":"way/1364777364","kategori":"cami","ad":"Hacı İlyas Camii"}},{"type":"Feature","geometry":{"type":"Point","coordinates":[29.056712,41.087078]},"properties":{"osm_id":"way/1364777728","kategori":"cami","ad":"Hacı Kemalettin Camii"}},{"type":"Feature","geometry":{"type":"Point","coordinates":[28.61801,41.157248]},"properties":{"osm_id":"way/1364792567","kategori":"cami","ad":"Hadım Baba Camii"}},{"type":"Feature","geometry":{"type":"Point","coordinates":[29.020382,41.027524]},"properties":{"osm_id":"way/1364794831","kategori":"cami","ad":"Halep Mollası ve Müderris Abdülbaki Efendi Camii"}},{"type":"Feature","geometry":{"type":"Point","coordinates":[28.967468,41.010956]},"properties":{"osm_id":"way/1364844517","kategori":"cami","ad":"Kapalıçarşı Çakır Ağa Camii"}},{"type":"Feature","geometry":{"type":"Point","coordinates":[28.95367,41.027996]},"properties":{"osm_id":"way/1364867653","kategori":"cami","ad":"Karabaş Mescidi"}},{"type":"Feature","geometry":{"type":"Point","coordinates":[29.053177,41.057211]},"properties":{"osm_id":"way/1364871647","kategori":"cami","ad":"Kaymak Mustafa Paşa Camii"}},{"type":"Feature","geometry":{"type":"Point","coordinates":[29.048415,41.039634]},"properties":{"osm_id":"way/1364924428","kategori":"cami","ad":"Küplüce Camii"}},{"type":"Feature","geometry":{"type":"Point","coordinates":[29.056827,41.115245]},"properties":{"osm_id":"way/1364924672","kategori":"cami","ad":"Mahmut Çavuş Camii, İstinye"}},{"type":"Feature","geometry":{"type":"Point","coordinates":[28.465808,41.138473]},"properties":{"osm_id":"way/1364940474","kategori":"cami","ad":"Mescit Camii"}},{"type":"Feature","geometry":{"type":"Point","coordinates":[29.080564,41.023167]},"properties":{"osm_id":"way/1364947196","kategori":"cami","ad":"Namazgah Camii"}},{"type":"Feature","geometry":{"type":"Point","coordinates":[29.111528,41.233109]},"properties":{"osm_id":"way/1365031160","kategori":"cami","ad":"Ramazan Ağa Cami"}},{"type":"Feature","geometry":{"type":"Point","coordinates":[28.861163,40.990974]},"properties":{"osm_id":"way/1365031533","kategori":"cami","ad":"Reşadiye Camii"}},{"type":"Feature","geometry":{"type":"Point","coordinates":[28.961744,41.037132]},"properties":{"osm_id":"way/1365037493","kategori":"cami","ad":"Seyid Ali Çelebi Camii"}},{"type":"Feature","geometry":{"type":"Point","coordinates":[29.328457,41.101355]},"properties":{"osm_id":"way/1365037793","kategori":"cami","ad":"Sırapınar Köyü Camii"}},{"type":"Feature","geometry":{"type":"Point","coordinates":[28.966622,41.035602]},"properties":{"osm_id":"way/1365039968","kategori":"cami","ad":"Sirkeci Muslihiddin Camii"}},{"type":"Feature","geometry":{"type":"Point","coordinates":[28.972219,41.028754]},"properties":{"osm_id":"way/1365042820","kategori":"cami","ad":"Şaban Kaptan Camii"}},{"type":"Feature","geometry":{"type":"Point","coordinates":[28.974381,41.027322]},"properties":{"osm_id":"way/1365047340","kategori":"cami","ad":"Şahkulu Camii"}},{"type":"Feature","geometry":{"type":"Point","coordinates":[28.735929,41.123979]},"properties":{"osm_id":"way/1365047639","kategori":"cami","ad":"Şamlar Köyü Camii"}},{"type":"Feature","geometry":{"type":"Point","coordinates":[29.053598,41.046379]},"properties":{"osm_id":"way/1365048185","kategori":"cami","ad":"Şeyh Nevruz Camii"}},{"type":"Feature","geometry":{"type":"Point","coordinates":[29.004089,41.046243]},"properties":{"osm_id":"way/1365050858","kategori":"cami","ad":"Tuz Baba Mescidi"}},{"type":"Feature","geometry":{"type":"Point","coordinates":[29.022412,41.219463]},"properties":{"osm_id":"way/1365056491","kategori":"cami","ad":"Uskumruköy Camii"}},{"type":"Feature","geometry":{"type":"Point","coordinates":[28.970993,41.033847]},"properties":{"osm_id":"way/1365059008","kategori":"cami","ad":"Yahya Kethüda Camii"}},{"type":"Feature","geometry":{"type":"Point","coordinates":[28.964136,41.033248]},"properties":{"osm_id":"way/1365072170","kategori":"cami","ad":"Yeldeğirmeni Mescidi"}},{"type":"Feature","geometry":{"type":"Point","coordinates":[28.917285,41.014263]},"properties":{"osm_id":"way/1365072556","kategori":"cami","ad":"Yenigen Katibi Malkoç Mehmet Efendi Cami"}},{"type":"Feature","geometry":{"type":"Point","coordinates":[29.072195,41.183671]},"properties":{"osm_id":"way/1365072781","kategori":"cami","ad":"Yusuf Ağa Camii"}},{"type":"Feature","geometry":{"type":"Point","coordinates":[29.281023,40.919216]},"properties":{"osm_id":"way/1370968667","kategori":"cami","ad":"Belma Beğen Camii"}},{"type":"Feature","geometry":{"type":"Point","coordinates":[28.623784,41.022371]},"properties":{"osm_id":"way/1371244935","kategori":"cami","ad":"Erkek Mescid"}},{"type":"Feature","geometry":{"type":"Point","coordinates":[28.623986,41.022305]},"properties":{"osm_id":"way/1371244944","kategori":"cami","ad":"Kadın Mescid"}},{"type":"Feature","geometry":{"type":"Point","coordinates":[28.22245,41.113789]},"properties":{"osm_id":"way/1373169947","kategori":"cami","ad":"Ali Paşa Camii"}},{"type":"Feature","geometry":{"type":"Point","coordinates":[28.7892,41.024013]},"properties":{"osm_id":"way/1373323052","kategori":"cami","ad":"Fatih Camii"}},{"type":"Feature","geometry":{"type":"Point","coordinates":[29.177529,41.02244]},"properties":{"osm_id":"way/1375863884","kategori":"cami","ad":"Hacı Nurten Camii"}},{"type":"Feature","geometry":{"type":"Point","coordinates":[28.529494,41.014395]},"properties":{"osm_id":"way/1376150036","kategori":"cami","ad":"Hz Ali Cami"}},{"type":"Feature","geometry":{"type":"Point","coordinates":[28.550142,41.036851]},"properties":{"osm_id":"way/1376416605","kategori":"cami","ad":"Hacı İbrahim Çavuş Cami"}},{"type":"Feature","geometry":{"type":"Point","coordinates":[28.550156,41.03065]},"properties":{"osm_id":"way/1376418458","kategori":"cami","ad":"Hürriyet Cami"}},{"type":"Feature","geometry":{"type":"Point","coordinates":[28.53855,41.021025]},"properties":{"osm_id":"way/1376420076","kategori":"cami","ad":"Sahibul Vefa Mescidi"}},{"type":"Feature","geometry":{"type":"Point","coordinates":[28.545411,41.014365]},"properties":{"osm_id":"way/1376420959","kategori":"cami","ad":"İhramcızade Cami"}},{"type":"Feature","geometry":{"type":"Point","coordinates":[28.523433,41.034189]},"properties":{"osm_id":"way/1376421905","kategori":"cami","ad":"Türkoba Mahallesi Cami"}},{"type":"Feature","geometry":{"type":"Point","coordinates":[28.541843,41.015715]},"properties":{"osm_id":"way/1376427135","kategori":"cami","ad":"Hacı Nedva-Kemaloğulları Cami"}},{"type":"Feature","geometry":{"type":"Point","coordinates":[28.520627,41.042222]},"properties":{"osm_id":"way/1376429308","kategori":"cami","ad":"Nene Hatun Cami"}},{"type":"Feature","geometry":{"type":"Point","coordinates":[28.770619,40.991541]},"properties":{"osm_id":"way/1377155301","kategori":"cami","ad":"Fatih Camii, Küçükçekmece"}},{"type":"Feature","geometry":{"type":"Point","coordinates":[28.029459,41.130638]},"properties":{"osm_id":"way/1377203430","kategori":"cami","ad":"Germiyan Camii"}},{"type":"Feature","geometry":{"type":"Point","coordinates":[28.980788,41.004915]},"properties":{"osm_id":"way/1377852887","kategori":"cami","ad":"Cankurtaran Mescidi"}},{"type":"Feature","geometry":{"type":"Point","coordinates":[28.987393,41.013506]},"properties":{"osm_id":"way/1377881422","kategori":"cami","ad":"Yedekçiler Mescidi"}},{"type":"Feature","geometry":{"type":"Point","coordinates":[28.974331,41.005526]},"properties":{"osm_id":"way/1377906859","kategori":"cami","ad":"Üçler Mescidi"}},{"type":"Feature","geometry":{"type":"Point","coordinates":[28.970777,41.005963]},"properties":{"osm_id":"way/1379168992","kategori":"cami","ad":"Katip Sinan Camii"}},{"type":"Feature","geometry":{"type":"Point","coordinates":[28.951146,41.002761]},"properties":{"osm_id":"way/1381863428","kategori":"cami","ad":"Beşerler Mescidi"}},{"type":"Feature","geometry":{"type":"Point","coordinates":[28.936668,41.004805]},"properties":{"osm_id":"way/1382271689","kategori":"cami","ad":"Ese Kapı Camii"}},{"type":"Feature","geometry":{"type":"Point","coordinates":[29.14451,40.992992]},"properties":{"osm_id":"way/1382639237","kategori":"cami","ad":null}},{"type":"Feature","geometry":{"type":"Point","coordinates":[28.650642,40.980806]},"properties":{"osm_id":"way/1383483182","kategori":"cami","ad":"Hacı Reşat Orakçı Camii"}},{"type":"Feature","geometry":{"type":"Point","coordinates":[29.332832,41.085201]},"properties":{"osm_id":"way/1383545744","kategori":"cami","ad":"Camii"}},{"type":"Feature","geometry":{"type":"Point","coordinates":[29.161608,41.010819]},"properties":{"osm_id":"way/1384135668","kategori":"cami","ad":null}},{"type":"Feature","geometry":{"type":"Point","coordinates":[29.218985,40.92637]},"properties":{"osm_id":"way/1385403995","kategori":"cami","ad":"Yakacık Balcıdere Cami"}},{"type":"Feature","geometry":{"type":"Point","coordinates":[28.758904,41.06992]},"properties":{"osm_id":"way/1389018410","kategori":"cami","ad":"Altınşehir Millet Bahçesi Mescit"}},{"type":"Feature","geometry":{"type":"Point","coordinates":[29.191909,41.031546]},"properties":{"osm_id":"way/1394480061","kategori":"cami","ad":null}},{"type":"Feature","geometry":{"type":"Point","coordinates":[29.227252,40.922755]},"properties":{"osm_id":"way/1408494916","kategori":"cami","ad":"Derya Camii"}},{"type":"Feature","geometry":{"type":"Point","coordinates":[29.198801,40.906912]},"properties":{"osm_id":"way/1412301598","kategori":"cami","ad":"Batıyakası Yıldızlar Camii"}},{"type":"Feature","geometry":{"type":"Point","coordinates":[28.452094,41.147841]},"properties":{"osm_id":"way/1415337782","kategori":"cami","ad":"Çatalca Cemevi"}},{"type":"Feature","geometry":{"type":"Point","coordinates":[29.060235,41.049088]},"properties":{"osm_id":"way/1418529665","kategori":"cami","ad":"Hz. Hamza Cami"}},{"type":"Feature","geometry":{"type":"Point","coordinates":[29.068058,41.057721]},"properties":{"osm_id":"way/1418530951","kategori":"cami","ad":"Talimhane Cami"}},{"type":"Feature","geometry":{"type":"Point","coordinates":[28.7886,41.122872]},"properties":{"osm_id":"way/1418767445","kategori":"cami","ad":"Üçüncü İstanbull Camii"}},{"type":"Feature","geometry":{"type":"Point","coordinates":[28.274875,41.06712]},"properties":{"osm_id":"way/1419056192","kategori":"cami","ad":"Bilali Habeşistan Camii"}},{"type":"Feature","geometry":{"type":"Point","coordinates":[28.900884,41.060381]},"properties":{"osm_id":"way/1420582943","kategori":"cami","ad":"Şehit Kamil Balkan Camii"}},{"type":"Feature","geometry":{"type":"Point","coordinates":[28.480583,41.022533]},"properties":{"osm_id":"way/1422570085","kategori":"cami","ad":"Camii"}},{"type":"Feature","geometry":{"type":"Point","coordinates":[29.149757,40.921717]},"properties":{"osm_id":"way/1422852421","kategori":"cami","ad":"Mimar Sinan Camii"}},{"type":"Feature","geometry":{"type":"Point","coordinates":[29.257029,40.965941]},"properties":{"osm_id":"way/1434156091","kategori":"cami","ad":null}},{"type":"Feature","geometry":{"type":"Point","coordinates":[28.370502,41.075117]},"properties":{"osm_id":"way/1436126322","kategori":"cami","ad":null}},{"type":"Feature","geometry":{"type":"Point","coordinates":[29.178732,41.012594]},"properties":{"osm_id":"way/1436988049","kategori":"cami","ad":"Şehit Selçuk Paker Camii"}},{"type":"Feature","geometry":{"type":"Point","coordinates":[29.233283,41.007911]},"properties":{"osm_id":"way/1442918957","kategori":"cami","ad":"Hz. Osman Camii"}},{"type":"Feature","geometry":{"type":"Point","coordinates":[29.185358,41.020913]},"properties":{"osm_id":"way/1443274442","kategori":"cami","ad":"Çekmeköy İmam Hatip Lisesi Camii"}},{"type":"Feature","geometry":{"type":"Point","coordinates":[29.180674,41.023932]},"properties":{"osm_id":"way/1443276066","kategori":"cami","ad":"Atıf Efendi Camii"}},{"type":"Feature","geometry":{"type":"Point","coordinates":[28.511021,41.093979]},"properties":{"osm_id":"way/1448161613","kategori":"cami","ad":"Hediye Hatun Cami"}},{"type":"Feature","geometry":{"type":"Point","coordinates":[29.313685,40.816475]},"properties":{"osm_id":"way/1451296953","kategori":"cami","ad":"Gisbir Sahil Camii"}},{"type":"Feature","geometry":{"type":"Point","coordinates":[28.982579,41.009736]},"properties":{"osm_id":"way/1456476427","kategori":"cami","ad":"Fırıncılar Mescidi"}},{"type":"Feature","geometry":{"type":"Point","coordinates":[29.199395,40.999021]},"properties":{"osm_id":"way/1458377330","kategori":"cami","ad":"Said Nuri Camii"}},{"type":"Feature","geometry":{"type":"Point","coordinates":[28.787368,41.098235]},"properties":{"osm_id":"way/1462098196","kategori":"cami","ad":"Mustafa & Cumali Alper Camii"}},{"type":"Feature","geometry":{"type":"Point","coordinates":[29.187188,41.002191]},"properties":{"osm_id":"way/1462367302","kategori":"cami","ad":"Ömer Faruk Darende Camii"}},{"type":"Feature","geometry":{"type":"Point","coordinates":[29.238292,40.966633]},"properties":{"osm_id":"way/1462649612","kategori":"cami","ad":"15 Temmuz Şehitler Camii"}},{"type":"Feature","geometry":{"type":"Point","coordinates":[29.067168,40.998836]},"properties":{"osm_id":"way/1463972852","kategori":"cami","ad":"Ünalan Camii"}},{"type":"Feature","geometry":{"type":"Point","coordinates":[28.716825,41.18357]},"properties":{"osm_id":"way/1464140761","kategori":"cami","ad":"Çınar Camii"}},{"type":"Feature","geometry":{"type":"Point","coordinates":[28.874828,41.066874]},"properties":{"osm_id":"way/1465383068","kategori":"cami","ad":null}},{"type":"Feature","geometry":{"type":"Point","coordinates":[29.339788,40.991096]},"properties":{"osm_id":"way/1467557470","kategori":"cami","ad":"Emirli Mahallesi Camii"}},{"type":"Feature","geometry":{"type":"Point","coordinates":[28.255149,41.111709]},"properties":{"osm_id":"way/1467982223","kategori":"cami","ad":"Ravza Cami"}},{"type":"Feature","geometry":{"type":"Point","coordinates":[28.179316,41.108656]},"properties":{"osm_id":"way/1472544871","kategori":"cami","ad":"Camii"}},{"type":"Feature","geometry":{"type":"Point","coordinates":[28.606536,41.184429]},"properties":{"osm_id":"way/1476871583","kategori":"cami","ad":"Hz. Ömer Camii"}},{"type":"Feature","geometry":{"type":"Point","coordinates":[28.968748,41.066833]},"properties":{"osm_id":"way/1481030038","kategori":"cami","ad":"Sultan Melik Camii"}},{"type":"Feature","geometry":{"type":"Point","coordinates":[28.675387,41.016766]},"properties":{"osm_id":"way/1481752921","kategori":"cami","ad":"Solarkent Camii"}},{"type":"Feature","geometry":{"type":"Point","coordinates":[29.251303,40.879474]},"properties":{"osm_id":"way/1486241535","kategori":"cami","ad":"İbrahim Azmi Beğen Camii - 3"}},{"type":"Feature","geometry":{"type":"Point","coordinates":[29.093587,41.024646]},"properties":{"osm_id":"way/1486245272","kategori":"cami","ad":"Medine Cami"}},{"type":"Feature","geometry":{"type":"Point","coordinates":[29.345089,40.890473]},"properties":{"osm_id":"way/1487253676","kategori":"cami","ad":null}},{"type":"Feature","geometry":{"type":"Point","coordinates":[29.246157,41.050873]},"properties":{"osm_id":"way/1488541342","kategori":"cami","ad":"Çatalmeşe Ubeydullah Camii"}},{"type":"Feature","geometry":{"type":"Point","coordinates":[28.840586,41.057378]},"properties":{"osm_id":"way/1488784330","kategori":"cami","ad":"G.T Allahuekber Camii"}},{"type":"Feature","geometry":{"type":"Point","coordinates":[28.678907,40.982644]},"properties":{"osm_id":"way/1493010371","kategori":"cami","ad":"Ada Hz. Ebubekir Camii"}},{"type":"Feature","geometry":{"type":"Point","coordinates":[28.589378,41.243525]},"properties":{"osm_id":"way/1493328528","kategori":"cami","ad":null}},{"type":"Feature","geometry":{"type":"Point","coordinates":[28.612131,40.980219]},"properties":{"osm_id":"way/1495830571","kategori":"cami","ad":"Halis Gebeş Camii"}},{"type":"Feature","geometry":{"type":"Point","coordinates":[29.218252,41.031562]},"properties":{"osm_id":"way/1496189384","kategori":"cami","ad":null}},{"type":"Feature","geometry":{"type":"Point","coordinates":[28.739443,41.093909]},"properties":{"osm_id":"way/1497875571","kategori":"cami","ad":"Kayabaşı Kiptaş Camii"}},{"type":"Feature","geometry":{"type":"Point","coordinates":[29.029186,41.019899]},"properties":{"osm_id":"way/1499904203","kategori":"cami","ad":"Çinili Camii"}},{"type":"Feature","geometry":{"type":"Point","coordinates":[29.351879,40.901622]},"properties":{"osm_id":"way/1502136695","kategori":"cami","ad":null}},{"type":"Feature","geometry":{"type":"Point","coordinates":[29.07629,41.06663]},"properties":{"osm_id":"way/1504026985","kategori":"cami","ad":null}},{"type":"Feature","geometry":{"type":"Point","coordinates":[28.70733,41.074338]},"properties":{"osm_id":"way/1505711559","kategori":"cami","ad":"Hz. Ebubekir Camii"}},{"type":"Feature","geometry":{"type":"Point","coordinates":[29.08742,41.052437]},"properties":{"osm_id":"way/1510843605","kategori":"cami","ad":null}},{"type":"Feature","geometry":{"type":"Point","coordinates":[28.247559,41.100125]},"properties":{"osm_id":"way/1511175431","kategori":"cami","ad":"Tevhid Camii"}},{"type":"Feature","geometry":{"type":"Point","coordinates":[28.953196,41.003901]},"properties":{"osm_id":"way/1517673691","kategori":"cami","ad":"Yenikapı Yalı Cami"}},{"type":"Feature","geometry":{"type":"Point","coordinates":[29.068413,41.075816]},"properties":{"osm_id":"way/1523413073","kategori":"cami","ad":"Hacı Zihni Gürler Cami Küçüksu"}},{"type":"Feature","geometry":{"type":"Point","coordinates":[29.068507,41.07587]},"properties":{"osm_id":"way/1523413076","kategori":"cami","ad":"Kadınlar Namaz Yeri"}},{"type":"Feature","geometry":{"type":"Point","coordinates":[29.010063,41.06827]},"properties":{"osm_id":"way/1550492190","kategori":"cami","ad":"Hacı Nimet Özden Camii"}},{"type":"Feature","geometry":{"type":"Point","coordinates":[28.66732,41.255107]},"properties":{"osm_id":"way/1556644121","kategori":"cami","ad":"Karatepe Camii"}}]}