{"type":"FeatureCollection","kaynak":"OpenStreetMap katkıcıları, ODbL 1.0, Overpass API ile çekildi","cekim_tarihi":"2026-09-18","features":[{"type":"Feature","geometry":{"type":"Point","coordinates":[29.139388,41.006975]},"properties":{"osm_id":"node/530603479","kategori":"spor_salonu","ad":"Okyanusfly"}},{"type":"Feature","geometry":{"type":"Point","coordinates":[29.105404,40.991036]},"properties":{"osm_id":"node/1692880760","kategori":"spor_salonu","ad":"MyClub World"}},{"type":"Feature","geometry":{"type":"Point","coordinates":[29.014962,41.070847]},"properties":{"osm_id":"node/2004754501","kategori":"spor_salonu","ad":"Avantgarde Fitness & Spa"}},{"type":"Feature","geometry":{"type":"Point","coordinates":[29.12871,40.940279]},"properties":{"osm_id":"node/2129726903","kategori":"spor_salonu","ad":"Altayçeşme Sports Center"}},{"type":"Feature","geometry":{"type":"Point","coordinates":[29.192492,41.021489]},"properties":{"osm_id":"node/2255925948","kategori":"spor_salonu","ad":"Çalışkan Sports Center"}},{"type":"Feature","geometry":{"type":"Point","coordinates":[29.19135,41.027932]},"properties":{"osm_id":"node/2258710175","kategori":"spor_salonu","ad":"Ağaoğlu Spor Salonu"}},{"type":"Feature","geometry":{"type":"Point","coordinates":[28.691046,41.015327]},"properties":{"osm_id":"node/2278243050","kategori":"spor_salonu","ad":null}},{"type":"Feature","geometry":{"type":"Point","coordinates":[29.137659,41.002337]},"properties":{"osm_id":"node/2514368510","kategori":"spor_salonu","ad":"Hidayet Türkoğlu Basketbol ve Spor Okulları"}},{"type":"Feature","geometry":{"type":"Point","coordinates":[28.895181,41.059317]},"properties":{"osm_id":"node/2585358357","kategori":"spor_salonu","ad":"Fitness World GYM"}},{"type":"Feature","geometry":{"type":"Point","coordinates":[28.921501,41.034795]},"properties":{"osm_id":"node/2888679695","kategori":"spor_salonu","ad":"MACFit"}},{"type":"Feature","geometry":{"type":"Point","coordinates":[28.870755,41.023354]},"properties":{"osm_id":"node/3129217294","kategori":"spor_salonu","ad":"Güngören Spor Kulübü"}},{"type":"Feature","geometry":{"type":"Point","coordinates":[29.039962,41.187578]},"properties":{"osm_id":"node/3688962011","kategori":"spor_salonu","ad":"Fit In Time"}},{"type":"Feature","geometry":{"type":"Point","coordinates":[29.023362,41.207982]},"properties":{"osm_id":"node/3773156154","kategori":"spor_salonu","ad":"bfit"}},{"type":"Feature","geometry":{"type":"Point","coordinates":[28.98824,41.040452]},"properties":{"osm_id":"node/3905957087","kategori":"spor_salonu","ad":"Gaia Spa & Fitness Center"}},{"type":"Feature","geometry":{"type":"Point","coordinates":[29.011609,41.075774]},"properties":{"osm_id":"node/4053791524","kategori":"spor_salonu","ad":"Gold‘s Gym"}},{"type":"Feature","geometry":{"type":"Point","coordinates":[28.982644,41.031537]},"properties":{"osm_id":"node/4228217798","kategori":"spor_salonu","ad":"CS-Club"}},{"type":"Feature","geometry":{"type":"Point","coordinates":[29.037859,40.982322]},"properties":{"osm_id":"node/4395618792","kategori":"spor_salonu","ad":"Hariom Yoga"}},{"type":"Feature","geometry":{"type":"Point","coordinates":[28.812281,40.962693]},"properties":{"osm_id":"node/4514322890","kategori":"spor_salonu","ad":"Çiroz Halı Saha"}},{"type":"Feature","geometry":{"type":"Point","coordinates":[29.024749,40.988631]},"properties":{"osm_id":"node/4539707390","kategori":"spor_salonu","ad":"Sport Universe Gym"}},{"type":"Feature","geometry":{"type":"Point","coordinates":[28.888806,41.07284]},"properties":{"osm_id":"node/4557740271","kategori":"spor_salonu","ad":"Dark Fitnes"}},{"type":"Feature","geometry":{"type":"Point","coordinates":[29.091931,40.959696]},"properties":{"osm_id":"node/4561223169","kategori":"spor_salonu","ad":"Champion Gym"}},{"type":"Feature","geometry":{"type":"Point","coordinates":[28.859038,40.998741]},"properties":{"osm_id":"node/4566879135","kategori":"spor_salonu","ad":"Fitnesspark Bahçelievler"}},{"type":"Feature","geometry":{"type":"Point","coordinates":[29.179847,40.889625]},"properties":{"osm_id":"node/4580466294","kategori":"spor_salonu","ad":"MACFit"}},{"type":"Feature","geometry":{"type":"Point","coordinates":[29.32051,40.930737]},"properties":{"osm_id":"node/4678706701","kategori":"spor_salonu","ad":"Pendik Kapalı Yüzme Havuzu"}},{"type":"Feature","geometry":{"type":"Point","coordinates":[29.320419,40.930914]},"properties":{"osm_id":"node/4678706702","kategori":"spor_salonu","ad":"İBB Pendik Kurtköy Spor Kompleksi"}},{"type":"Feature","geometry":{"type":"Point","coordinates":[29.068075,40.974473]},"properties":{"osm_id":"node/4831449959","kategori":"spor_salonu","ad":"Luff Functional Fitness"}},{"type":"Feature","geometry":{"type":"Point","coordinates":[29.263221,40.966678]},"properties":{"osm_id":"node/4832845691","kategori":"spor_salonu","ad":"Fitness"}},{"type":"Feature","geometry":{"type":"Point","coordinates":[28.644208,41.061266]},"properties":{"osm_id":"node/4887139228","kategori":"spor_salonu","ad":"Basi Systems Pilates"}},{"type":"Feature","geometry":{"type":"Point","coordinates":[28.939961,41.010976]},"properties":{"osm_id":"node/4949018798","kategori":"spor_salonu","ad":"Fit Slim"}},{"type":"Feature","geometry":{"type":"Point","coordinates":[29.024437,41.058875]},"properties":{"osm_id":"node/4961671723","kategori":"spor_salonu","ad":"MACFit"}},{"type":"Feature","geometry":{"type":"Point","coordinates":[28.647068,41.020713]},"properties":{"osm_id":"node/5014019601","kategori":"spor_salonu","ad":"Blue Pasific"}},{"type":"Feature","geometry":{"type":"Point","coordinates":[28.945262,41.012143]},"properties":{"osm_id":"node/5081264707","kategori":"spor_salonu","ad":"Xpower GYM"}},{"type":"Feature","geometry":{"type":"Point","coordinates":[28.922146,40.99935]},"properties":{"osm_id":"node/5081610964","kategori":"spor_salonu","ad":"Zigana spor tesisleri"}},{"type":"Feature","geometry":{"type":"Point","coordinates":[28.925983,40.995372]},"properties":{"osm_id":"node/5087168316","kategori":"spor_salonu","ad":"Asta la vista"}},{"type":"Feature","geometry":{"type":"Point","coordinates":[29.022862,40.980098]},"properties":{"osm_id":"node/5088148525","kategori":"spor_salonu","ad":"Nefess Yoga"}},{"type":"Feature","geometry":{"type":"Point","coordinates":[28.955293,41.016598]},"properties":{"osm_id":"node/5106122988","kategori":"spor_salonu","ad":"King Fitness Center"}},{"type":"Feature","geometry":{"type":"Point","coordinates":[28.934469,41.011131]},"properties":{"osm_id":"node/5106134528","kategori":"spor_salonu","ad":"Power Gym"}},{"type":"Feature","geometry":{"type":"Point","coordinates":[28.930627,41.003771]},"properties":{"osm_id":"node/5107247539","kategori":"spor_salonu","ad":"Paşa Sports"}},{"type":"Feature","geometry":{"type":"Point","coordinates":[28.929549,41.005402]},"properties":{"osm_id":"node/5107247576","kategori":"spor_salonu","ad":"Extreme Body Fitness"}},{"type":"Feature","geometry":{"type":"Point","coordinates":[28.930041,41.006729]},"properties":{"osm_id":"node/5107247592","kategori":"spor_salonu","ad":"R-Form"}},{"type":"Feature","geometry":{"type":"Point","coordinates":[28.934856,41.013165]},"properties":{"osm_id":"node/5109654664","kategori":"spor_salonu","ad":"Fit Life"}},{"type":"Feature","geometry":{"type":"Point","coordinates":[28.959518,41.015199]},"properties":{"osm_id":"node/5110342141","kategori":"spor_salonu","ad":"İÜ Coğrafya Stüdyo Kapalı Spor Salonu"}},{"type":"Feature","geometry":{"type":"Point","coordinates":[28.933986,41.004618]},"properties":{"osm_id":"node/5111215752","kategori":"spor_salonu","ad":"Champion"}},{"type":"Feature","geometry":{"type":"Point","coordinates":[28.930922,41.003655]},"properties":{"osm_id":"node/5113125307","kategori":"spor_salonu","ad":"Paşa Sports"}},{"type":"Feature","geometry":{"type":"Point","coordinates":[28.93143,41.005252]},"properties":{"osm_id":"node/5113127749","kategori":"spor_salonu","ad":"Club Sporıuum"}},{"type":"Feature","geometry":{"type":"Point","coordinates":[28.951071,41.017033]},"properties":{"osm_id":"node/5113462479","kategori":"spor_salonu","ad":"Olympic spor salonu"}},{"type":"Feature","geometry":{"type":"Point","coordinates":[28.924634,41.015498]},"properties":{"osm_id":"node/5113470965","kategori":"spor_salonu","ad":"Türktaş Sitesi"}},{"type":"Feature","geometry":{"type":"Point","coordinates":[28.94631,41.021879]},"properties":{"osm_id":"node/5113483675","kategori":"spor_salonu","ad":"B fit"}},{"type":"Feature","geometry":{"type":"Point","coordinates":[28.946116,41.022065]},"properties":{"osm_id":"node/5113483678","kategori":"spor_salonu","ad":"Troy Gym"}},{"type":"Feature","geometry":{"type":"Point","coordinates":[28.943245,41.010701]},"properties":{"osm_id":"node/5113557347","kategori":"spor_salonu","ad":"Flamingo"}},{"type":"Feature","geometry":{"type":"Point","coordinates":[28.941374,41.01079]},"properties":{"osm_id":"node/5113590260","kategori":"spor_salonu","ad":"Flamingo GYM"}},{"type":"Feature","geometry":{"type":"Point","coordinates":[28.942207,41.01047]},"properties":{"osm_id":"node/5113590265","kategori":"spor_salonu","ad":"Fitness World"}},{"type":"Feature","geometry":{"type":"Point","coordinates":[28.939729,41.011638]},"properties":{"osm_id":"node/5113592189","kategori":"spor_salonu","ad":"Hakkay Yağlı"}},{"type":"Feature","geometry":{"type":"Point","coordinates":[28.940002,41.0111]},"properties":{"osm_id":"node/5113598504","kategori":"spor_salonu","ad":"Fitslim"}},{"type":"Feature","geometry":{"type":"Point","coordinates":[28.927339,41.010407]},"properties":{"osm_id":"node/5115939293","kategori":"spor_salonu","ad":"Uzun Yusuf Spor Tesisleri"}},{"type":"Feature","geometry":{"type":"Point","coordinates":[28.943873,41.018514]},"properties":{"osm_id":"node/5243951991","kategori":"spor_salonu","ad":"Sportwani"}},{"type":"Feature","geometry":{"type":"Point","coordinates":[28.946254,41.016539]},"properties":{"osm_id":"node/5243952625","kategori":"spor_salonu","ad":"Atlas spor salonu"}},{"type":"Feature","geometry":{"type":"Point","coordinates":[28.941722,41.01925]},"properties":{"osm_id":"node/5243952745","kategori":"spor_salonu","ad":"Fatih Pilates gym"}},{"type":"Feature","geometry":{"type":"Point","coordinates":[29.031638,41.027271]},"properties":{"osm_id":"node/5260250359","kategori":"spor_salonu","ad":"City Sport Center"}},{"type":"Feature","geometry":{"type":"Point","coordinates":[29.007678,41.108729]},"properties":{"osm_id":"node/5263362933","kategori":"spor_salonu","ad":"Volkswagen Arena"}},{"type":"Feature","geometry":{"type":"Point","coordinates":[29.253331,40.875801]},"properties":{"osm_id":"node/5268553234","kategori":"spor_salonu","ad":"Mavi Club Fitness"}},{"type":"Feature","geometry":{"type":"Point","coordinates":[28.999409,41.070467]},"properties":{"osm_id":"node/5274379413","kategori":"spor_salonu","ad":null}},{"type":"Feature","geometry":{"type":"Point","coordinates":[29.183068,40.896791]},"properties":{"osm_id":"node/5278573801","kategori":"spor_salonu","ad":"Nuray Pilates"}},{"type":"Feature","geometry":{"type":"Point","coordinates":[29.169509,40.89765]},"properties":{"osm_id":"node/5282924068","kategori":"spor_salonu","ad":"Dragos FitnessCity"}},{"type":"Feature","geometry":{"type":"Point","coordinates":[29.167476,40.8974]},"properties":{"osm_id":"node/5283721183","kategori":"spor_salonu","ad":"Lifetime Fitness Center"}},{"type":"Feature","geometry":{"type":"Point","coordinates":[29.167901,40.897751]},"properties":{"osm_id":"node/5283725170","kategori":"spor_salonu","ad":"Salon Alican Öncel"}},{"type":"Feature","geometry":{"type":"Point","coordinates":[29.164493,40.89881]},"properties":{"osm_id":"node/5283742468","kategori":"spor_salonu","ad":"Karayemiş Tesisleri"}},{"type":"Feature","geometry":{"type":"Point","coordinates":[29.086632,40.957299]},"properties":{"osm_id":"node/5284690894","kategori":"spor_salonu","ad":"Lets Pilates"}},{"type":"Feature","geometry":{"type":"Point","coordinates":[29.183048,41.031281]},"properties":{"osm_id":"node/5289269961","kategori":"spor_salonu","ad":"Yoga Academy"}},{"type":"Feature","geometry":{"type":"Point","coordinates":[28.864435,41.104904]},"properties":{"osm_id":"node/5289936081","kategori":"spor_salonu","ad":"Free Life Fitness Spor Salonu"}},{"type":"Feature","geometry":{"type":"Point","coordinates":[29.185841,41.031847]},"properties":{"osm_id":"node/5291408274","kategori":"spor_salonu","ad":"Easy Fit"}},{"type":"Feature","geometry":{"type":"Point","coordinates":[28.862751,41.099851]},"properties":{"osm_id":"node/5291970772","kategori":"spor_salonu","ad":"Relax Fitness Spor"}},{"type":"Feature","geometry":{"type":"Point","coordinates":[29.086817,40.965306]},"properties":{"osm_id":"node/5296377569","kategori":"spor_salonu","ad":"Pilates Stüdio"}},{"type":"Feature","geometry":{"type":"Point","coordinates":[29.091034,40.96019]},"properties":{"osm_id":"node/5297414305","kategori":"spor_salonu","ad":"Ada Yıldız Spor Klübü"}},{"type":"Feature","geometry":{"type":"Point","coordinates":[29.103831,40.987969]},"properties":{"osm_id":"node/5312403879","kategori":"spor_salonu","ad":"Shape Club"}},{"type":"Feature","geometry":{"type":"Point","coordinates":[29.265261,40.978951]},"properties":{"osm_id":"node/5329319616","kategori":"spor_salonu","ad":"Ulusal Spor Klübü"}},{"type":"Feature","geometry":{"type":"Point","coordinates":[29.135034,40.938221]},"properties":{"osm_id":"node/5379225723","kategori":"spor_salonu","ad":"MACFit"}},{"type":"Feature","geometry":{"type":"Point","coordinates":[29.136158,40.936899]},"properties":{"osm_id":"node/5408893123","kategori":"spor_salonu","ad":"Burgu Arjaan By Rotana Bodylines Pool and Fitness Center"}},{"type":"Feature","geometry":{"type":"Point","coordinates":[29.268887,40.983883]},"properties":{"osm_id":"node/5542891434","kategori":"spor_salonu","ad":"Sultanbeyli belediyesi spor salonu"}},{"type":"Feature","geometry":{"type":"Point","coordinates":[29.138202,40.916741]},"properties":{"osm_id":"node/5592628627","kategori":"spor_salonu","ad":null}},{"type":"Feature","geometry":{"type":"Point","coordinates":[28.901981,41.015478]},"properties":{"osm_id":"node/5667618678","kategori":"spor_salonu","ad":"Stadyum"}},{"type":"Feature","geometry":{"type":"Point","coordinates":[28.901906,41.002538]},"properties":{"osm_id":"node/5667643002","kategori":"spor_salonu","ad":"Akyüz Spor Salonu"}},{"type":"Feature","geometry":{"type":"Point","coordinates":[28.895834,40.987443]},"properties":{"osm_id":"node/5667657810","kategori":"spor_salonu","ad":"Body Line"}},{"type":"Feature","geometry":{"type":"Point","coordinates":[28.894917,40.994625]},"properties":{"osm_id":"node/5667657811","kategori":"spor_salonu","ad":"Hasan doğan spor kompleksi"}},{"type":"Feature","geometry":{"type":"Point","coordinates":[28.91046,40.996278]},"properties":{"osm_id":"node/5667661798","kategori":"spor_salonu","ad":"Spor yaşam merkezi"}},{"type":"Feature","geometry":{"type":"Point","coordinates":[28.824117,41.037518]},"properties":{"osm_id":"node/5667706136","kategori":"spor_salonu","ad":"Eser Spor Kulübü"}},{"type":"Feature","geometry":{"type":"Point","coordinates":[29.106657,40.997539]},"properties":{"osm_id":"node/5795797453","kategori":"spor_salonu","ad":"Pleon"}},{"type":"Feature","geometry":{"type":"Point","coordinates":[28.805786,41.093145]},"properties":{"osm_id":"node/5808071353","kategori":"spor_salonu","ad":"Proness CLUB Fitness Center"}},{"type":"Feature","geometry":{"type":"Point","coordinates":[29.009313,41.046994]},"properties":{"osm_id":"node/5884051160","kategori":"spor_salonu","ad":"Health Club & Spa Soul"}},{"type":"Feature","geometry":{"type":"Point","coordinates":[29.335097,40.862504]},"properties":{"osm_id":"node/5900491177","kategori":"spor_salonu","ad":null}},{"type":"Feature","geometry":{"type":"Point","coordinates":[29.416261,40.927364]},"properties":{"osm_id":"node/5959828252","kategori":"spor_salonu","ad":"Fırat Spor Kompleksi"}},{"type":"Feature","geometry":{"type":"Point","coordinates":[29.097765,40.983827]},"properties":{"osm_id":"node/6002081177","kategori":"spor_salonu","ad":"Ebru Karaduman Beden Atölyesi"}},{"type":"Feature","geometry":{"type":"Point","coordinates":[29.209761,40.913338]},"properties":{"osm_id":"node/6080223360","kategori":"spor_salonu","ad":"UpLife"}},{"type":"Feature","geometry":{"type":"Point","coordinates":[29.104866,40.950162]},"properties":{"osm_id":"node/6153661913","kategori":"spor_salonu","ad":"Fit Life Sports"}},{"type":"Feature","geometry":{"type":"Point","coordinates":[29.095548,40.983084]},"properties":{"osm_id":"node/6165569853","kategori":"spor_salonu","ad":"Crross Fit Skylıght"}},{"type":"Feature","geometry":{"type":"Point","coordinates":[29.03042,41.020399]},"properties":{"osm_id":"node/6190252153","kategori":"spor_salonu","ad":"Atletik Fİtness"}},{"type":"Feature","geometry":{"type":"Point","coordinates":[29.038885,41.021816]},"properties":{"osm_id":"node/6190252154","kategori":"spor_salonu","ad":"MACFit"}},{"type":"Feature","geometry":{"type":"Point","coordinates":[29.027671,41.023405]},"properties":{"osm_id":"node/6190558853","kategori":"spor_salonu","ad":"Metin aydın spor salonu"}},{"type":"Feature","geometry":{"type":"Point","coordinates":[28.9959,41.052254]},"properties":{"osm_id":"node/6295633685","kategori":"spor_salonu","ad":"Yoga8"}},{"type":"Feature","geometry":{"type":"Point","coordinates":[29.279756,40.915115]},"properties":{"osm_id":"node/6317600216","kategori":"spor_salonu","ad":"Şehit Burhan Öner Spor Kompleksi"}},{"type":"Feature","geometry":{"type":"Point","coordinates":[29.285246,40.915326]},"properties":{"osm_id":"node/6317722288","kategori":"spor_salonu","ad":"Naim Fitness"}},{"type":"Feature","geometry":{"type":"Point","coordinates":[29.303639,40.91857]},"properties":{"osm_id":"node/6329060981","kategori":"spor_salonu","ad":"İK Baborry Life Club"}},{"type":"Feature","geometry":{"type":"Point","coordinates":[28.792766,40.993096]},"properties":{"osm_id":"node/6447304186","kategori":"spor_salonu","ad":"Fit Box Fitness"}},{"type":"Feature","geometry":{"type":"Point","coordinates":[29.305445,40.815127]},"properties":{"osm_id":"node/6477203296","kategori":"spor_salonu","ad":"Atılım Fitness"}},{"type":"Feature","geometry":{"type":"Point","coordinates":[29.121502,40.983287]},"properties":{"osm_id":"node/6495058927","kategori":"spor_salonu","ad":"Plus Pilates"}},{"type":"Feature","geometry":{"type":"Point","coordinates":[29.124653,40.983037]},"properties":{"osm_id":"node/6495058966","kategori":"spor_salonu","ad":"Let's Club"}},{"type":"Feature","geometry":{"type":"Point","coordinates":[29.028225,40.98706]},"properties":{"osm_id":"node/6525099032","kategori":"spor_salonu","ad":"Centro"}},{"type":"Feature","geometry":{"type":"Point","coordinates":[29.027352,40.983008]},"properties":{"osm_id":"node/6541829411","kategori":"spor_salonu","ad":"Just Fit"}},{"type":"Feature","geometry":{"type":"Point","coordinates":[29.030351,41.014129]},"properties":{"osm_id":"node/6669838399","kategori":"spor_salonu","ad":"Burhan Felek Spor Kompleksi"}},{"type":"Feature","geometry":{"type":"Point","coordinates":[29.019349,41.009631]},"properties":{"osm_id":"node/6673797132","kategori":"spor_salonu","ad":"Selimiye Stadı"}},{"type":"Feature","geometry":{"type":"Point","coordinates":[28.970018,41.058374]},"properties":{"osm_id":"node/6675941358","kategori":"spor_salonu","ad":"Hayat Pilateste"}},{"type":"Feature","geometry":{"type":"Point","coordinates":[28.812107,41.04018]},"properties":{"osm_id":"node/6751146155","kategori":"spor_salonu","ad":"Gymfit"}},{"type":"Feature","geometry":{"type":"Point","coordinates":[28.898113,41.018044]},"properties":{"osm_id":"node/6752791262","kategori":"spor_salonu","ad":"Altınova Halı Saha Tesisleri"}},{"type":"Feature","geometry":{"type":"Point","coordinates":[28.894995,41.012931]},"properties":{"osm_id":"node/6753096942","kategori":"spor_salonu","ad":"Tozkoparan Spor Salonu"}},{"type":"Feature","geometry":{"type":"Point","coordinates":[28.973467,41.006375]},"properties":{"osm_id":"node/6757978886","kategori":"spor_salonu","ad":"Sultan Osman Hamami"}},{"type":"Feature","geometry":{"type":"Point","coordinates":[28.804557,41.046207]},"properties":{"osm_id":"node/6759616786","kategori":"spor_salonu","ad":"Pro Gold Gym"}},{"type":"Feature","geometry":{"type":"Point","coordinates":[29.02835,40.983784]},"properties":{"osm_id":"node/6785139397","kategori":"spor_salonu","ad":"Pilates Demet Topa"}},{"type":"Feature","geometry":{"type":"Point","coordinates":[28.893444,40.992897]},"properties":{"osm_id":"node/6841359931","kategori":"spor_salonu","ad":"Ness Qwert"}},{"type":"Feature","geometry":{"type":"Point","coordinates":[28.97617,41.026134]},"properties":{"osm_id":"node/6848335485","kategori":"spor_salonu","ad":"NOA Gym"}},{"type":"Feature","geometry":{"type":"Point","coordinates":[28.853348,40.98692]},"properties":{"osm_id":"node/6887303185","kategori":"spor_salonu","ad":"Olimpiyatevi"}},{"type":"Feature","geometry":{"type":"Point","coordinates":[28.890479,41.013392]},"properties":{"osm_id":"node/6964045867","kategori":"spor_salonu","ad":"İSMEK Spor Eğitim Merkezi"}},{"type":"Feature","geometry":{"type":"Point","coordinates":[29.114656,40.984108]},"properties":{"osm_id":"node/7047093844","kategori":"spor_salonu","ad":"HB Fitness"}},{"type":"Feature","geometry":{"type":"Point","coordinates":[28.67512,41.031633]},"properties":{"osm_id":"node/7064021064","kategori":"spor_salonu","ad":"Ahmet Koç Gym & Fitness"}},{"type":"Feature","geometry":{"type":"Point","coordinates":[29.031829,41.079549]},"properties":{"osm_id":"node/7069537693","kategori":"spor_salonu","ad":"9Round"}},{"type":"Feature","geometry":{"type":"Point","coordinates":[29.002045,41.049886]},"properties":{"osm_id":"node/7069574885","kategori":"spor_salonu","ad":null}},{"type":"Feature","geometry":{"type":"Point","coordinates":[28.976685,41.033303]},"properties":{"osm_id":"node/7103717885","kategori":"spor_salonu","ad":"Flash Gym"}},{"type":"Feature","geometry":{"type":"Point","coordinates":[29.064818,40.967491]},"properties":{"osm_id":"node/7553932413","kategori":"spor_salonu","ad":"MACFit"}},{"type":"Feature","geometry":{"type":"Point","coordinates":[29.232857,40.876011]},"properties":{"osm_id":"node/7572150666","kategori":"spor_salonu","ad":"Pro Studio Pilates"}},{"type":"Feature","geometry":{"type":"Point","coordinates":[29.100779,40.953328]},"properties":{"osm_id":"node/7740550405","kategori":"spor_salonu","ad":"Bfit"}},{"type":"Feature","geometry":{"type":"Point","coordinates":[28.910131,41.053324]},"properties":{"osm_id":"node/7905341147","kategori":"spor_salonu","ad":"MACFit"}},{"type":"Feature","geometry":{"type":"Point","coordinates":[29.319141,40.826464]},"properties":{"osm_id":"node/7942378557","kategori":"spor_salonu","ad":null}},{"type":"Feature","geometry":{"type":"Point","coordinates":[29.324385,40.826392]},"properties":{"osm_id":"node/7942378558","kategori":"spor_salonu","ad":null}},{"type":"Feature","geometry":{"type":"Point","coordinates":[29.141282,40.999367]},"properties":{"osm_id":"node/7972924505","kategori":"spor_salonu","ad":"Oxygen Fitness"}},{"type":"Feature","geometry":{"type":"Point","coordinates":[29.026711,40.993737]},"properties":{"osm_id":"node/8071577211","kategori":"spor_salonu","ad":"Boulder İstanbul"}},{"type":"Feature","geometry":{"type":"Point","coordinates":[29.109308,40.979366]},"properties":{"osm_id":"node/8520699614","kategori":"spor_salonu","ad":"Fitamine"}},{"type":"Feature","geometry":{"type":"Point","coordinates":[29.114055,40.979444]},"properties":{"osm_id":"node/8521504160","kategori":"spor_salonu","ad":"Luna Pilates Studio"}},{"type":"Feature","geometry":{"type":"Point","coordinates":[29.04411,41.020714]},"properties":{"osm_id":"node/8700996997","kategori":"spor_salonu","ad":"Eureko Sigorta"}},{"type":"Feature","geometry":{"type":"Point","coordinates":[29.103694,40.988009]},"properties":{"osm_id":"node/8871425118","kategori":"spor_salonu","ad":null}},{"type":"Feature","geometry":{"type":"Point","coordinates":[29.118012,40.979075]},"properties":{"osm_id":"node/8871767962","kategori":"spor_salonu","ad":"Fit Club"}},{"type":"Feature","geometry":{"type":"Point","coordinates":[29.046628,40.973956]},"properties":{"osm_id":"node/8872586932","kategori":"spor_salonu","ad":"Cadde Fitness Club"}},{"type":"Feature","geometry":{"type":"Point","coordinates":[29.22693,40.902181]},"properties":{"osm_id":"node/8936737415","kategori":"spor_salonu","ad":"Eagle Fitness Center"}},{"type":"Feature","geometry":{"type":"Point","coordinates":[29.225134,40.9091]},"properties":{"osm_id":"node/8954144798","kategori":"spor_salonu","ad":"Golden Life Sports & Fitness"}},{"type":"Feature","geometry":{"type":"Point","coordinates":[28.887361,41.021199]},"properties":{"osm_id":"node/8976380424","kategori":"spor_salonu","ad":"FLAMINGO"}},{"type":"Feature","geometry":{"type":"Point","coordinates":[28.925835,41.078503]},"properties":{"osm_id":"node/8976813142","kategori":"spor_salonu","ad":"Yeşilpınar Kapalı Yüzme Havuzu"}},{"type":"Feature","geometry":{"type":"Point","coordinates":[29.104615,41.024922]},"properties":{"osm_id":"node/9143889778","kategori":"spor_salonu","ad":"Haldun Alagaş Spor Kompleksi"}},{"type":"Feature","geometry":{"type":"Point","coordinates":[29.141828,40.93423]},"properties":{"osm_id":"node/9231934817","kategori":"spor_salonu","ad":null}},{"type":"Feature","geometry":{"type":"Point","coordinates":[29.021303,40.985327]},"properties":{"osm_id":"node/9355520318","kategori":"spor_salonu","ad":null}},{"type":"Feature","geometry":{"type":"Point","coordinates":[29.110167,40.984077]},"properties":{"osm_id":"node/9393809479","kategori":"spor_salonu","ad":"Pilates in Paradise"}},{"type":"Feature","geometry":{"type":"Point","coordinates":[29.083716,40.972249]},"properties":{"osm_id":"node/9481263271","kategori":"spor_salonu","ad":"MACFit"}},{"type":"Feature","geometry":{"type":"Point","coordinates":[29.119809,40.982361]},"properties":{"osm_id":"node/9498343243","kategori":"spor_salonu","ad":"My Studio Pilates"}},{"type":"Feature","geometry":{"type":"Point","coordinates":[28.650998,40.998955]},"properties":{"osm_id":"node/9503617487","kategori":"spor_salonu","ad":"She Club"}},{"type":"Feature","geometry":{"type":"Point","coordinates":[29.02603,40.983541]},"properties":{"osm_id":"node/9691764017","kategori":"spor_salonu","ad":"Maestro"}},{"type":"Feature","geometry":{"type":"Point","coordinates":[29.031263,40.986639]},"properties":{"osm_id":"node/9813358720","kategori":"spor_salonu","ad":"The Moon"}},{"type":"Feature","geometry":{"type":"Point","coordinates":[28.862934,41.102007]},"properties":{"osm_id":"node/9823343136","kategori":"spor_salonu","ad":"Red&Black Fitness"}},{"type":"Feature","geometry":{"type":"Point","coordinates":[29.088498,40.879146]},"properties":{"osm_id":"node/9916270312","kategori":"spor_salonu","ad":"Asaf Bey Plajı"}},{"type":"Feature","geometry":{"type":"Point","coordinates":[29.091902,40.884191]},"properties":{"osm_id":"node/9922764592","kategori":"spor_salonu","ad":null}},{"type":"Feature","geometry":{"type":"Point","coordinates":[28.862043,41.103723]},"properties":{"osm_id":"node/9967761829","kategori":"spor_salonu","ad":null}},{"type":"Feature","geometry":{"type":"Point","coordinates":[29.083999,40.960236]},"properties":{"osm_id":"node/9980450081","kategori":"spor_salonu","ad":"En Fit Body"}},{"type":"Feature","geometry":{"type":"Point","coordinates":[28.902607,41.039064]},"properties":{"osm_id":"node/10029625560","kategori":"spor_salonu","ad":"Altıntepsi Spor Kulübü"}},{"type":"Feature","geometry":{"type":"Point","coordinates":[28.934317,41.074458]},"properties":{"osm_id":"node/10104719761","kategori":"spor_salonu","ad":"Akın Fit Club"}},{"type":"Feature","geometry":{"type":"Point","coordinates":[29.174181,41.033197]},"properties":{"osm_id":"node/10131182306","kategori":"spor_salonu","ad":"FitnessMax PT Studio"}},{"type":"Feature","geometry":{"type":"Point","coordinates":[29.062481,40.982984]},"properties":{"osm_id":"node/10143161627","kategori":"spor_salonu","ad":"Yoga Sutra"}},{"type":"Feature","geometry":{"type":"Point","coordinates":[29.024379,40.984522]},"properties":{"osm_id":"node/10178081550","kategori":"spor_salonu","ad":"Uzak Doğu Savaş Sanatları ve Kültür Derneği"}},{"type":"Feature","geometry":{"type":"Point","coordinates":[28.87264,40.976861]},"properties":{"osm_id":"node/10263495909","kategori":"spor_salonu","ad":null}},{"type":"Feature","geometry":{"type":"Point","coordinates":[29.055913,40.973131]},"properties":{"osm_id":"node/10304048977","kategori":"spor_salonu","ad":"MACFit"}},{"type":"Feature","geometry":{"type":"Point","coordinates":[28.969113,41.02968]},"properties":{"osm_id":"node/10772015843","kategori":"spor_salonu","ad":"İBB Beyoğlu Yüzme Havuzu"}},{"type":"Feature","geometry":{"type":"Point","coordinates":[29.124057,40.978532]},"properties":{"osm_id":"node/10776395381","kategori":"spor_salonu","ad":"90216 Gym"}},{"type":"Feature","geometry":{"type":"Point","coordinates":[29.115094,40.981634]},"properties":{"osm_id":"node/10796633125","kategori":"spor_salonu","ad":"Room"}},{"type":"Feature","geometry":{"type":"Point","coordinates":[28.86371,41.1012]},"properties":{"osm_id":"node/11012424195","kategori":"spor_salonu","ad":"Relax Gym"}},{"type":"Feature","geometry":{"type":"Point","coordinates":[29.122445,40.872474]},"properties":{"osm_id":"node/11108010316","kategori":"spor_salonu","ad":"Blue beach Büyükada"}},{"type":"Feature","geometry":{"type":"Point","coordinates":[29.026961,40.991784]},"properties":{"osm_id":"node/11251160037","kategori":"spor_salonu","ad":"USA Team Fitness & Fight Club"}},{"type":"Feature","geometry":{"type":"Point","coordinates":[29.058858,41.028985]},"properties":{"osm_id":"node/11331531293","kategori":"spor_salonu","ad":null}},{"type":"Feature","geometry":{"type":"Point","coordinates":[29.088559,40.971285]},"properties":{"osm_id":"node/11356993142","kategori":"spor_salonu","ad":"Sports Factory"}},{"type":"Feature","geometry":{"type":"Point","coordinates":[29.307862,40.829721]},"properties":{"osm_id":"node/11406398422","kategori":"spor_salonu","ad":"Non Stop Fitness"}},{"type":"Feature","geometry":{"type":"Point","coordinates":[29.31195,40.826181]},"properties":{"osm_id":"node/11406398437","kategori":"spor_salonu","ad":null}},{"type":"Feature","geometry":{"type":"Point","coordinates":[28.895427,41.03365]},"properties":{"osm_id":"node/11650999806","kategori":"spor_salonu","ad":"Kayalar Spor Tesisi"}},{"type":"Feature","geometry":{"type":"Point","coordinates":[29.086684,40.966134]},"properties":{"osm_id":"node/11937373975","kategori":"spor_salonu","ad":"Gym Beam"}},{"type":"Feature","geometry":{"type":"Point","coordinates":[29.306262,40.91236]},"properties":{"osm_id":"node/11958222148","kategori":"spor_salonu","ad":"Hercules Fitness Center"}},{"type":"Feature","geometry":{"type":"Point","coordinates":[28.825628,41.023838]},"properties":{"osm_id":"node/12014335133","kategori":"spor_salonu","ad":"Galanthus Pilates"}},{"type":"Feature","geometry":{"type":"Point","coordinates":[28.825437,41.023461]},"properties":{"osm_id":"node/12014335134","kategori":"spor_salonu","ad":"Galanthus Pilates"}},{"type":"Feature","geometry":{"type":"Point","coordinates":[29.065811,40.967893]},"properties":{"osm_id":"node/12037456872","kategori":"spor_salonu","ad":"City's Pilates"}},{"type":"Feature","geometry":{"type":"Point","coordinates":[29.090702,40.965461]},"properties":{"osm_id":"node/12083895646","kategori":"spor_salonu","ad":"Garduf"}},{"type":"Feature","geometry":{"type":"Point","coordinates":[29.095743,40.974728]},"properties":{"osm_id":"node/12129030622","kategori":"spor_salonu","ad":"Songül Kara Pilates Stüdyo"}},{"type":"Feature","geometry":{"type":"Point","coordinates":[29.367416,40.936273]},"properties":{"osm_id":"node/12137605769","kategori":"spor_salonu","ad":"Jump&Fly Studio"}},{"type":"Feature","geometry":{"type":"Point","coordinates":[29.310143,40.928123]},"properties":{"osm_id":"node/12141824301","kategori":"spor_salonu","ad":"Atlantis Sport Club"}},{"type":"Feature","geometry":{"type":"Point","coordinates":[28.870956,40.977493]},"properties":{"osm_id":"node/12188037894","kategori":"spor_salonu","ad":"Fitcity Capacity AVM"}},{"type":"Feature","geometry":{"type":"Point","coordinates":[29.000125,41.054267]},"properties":{"osm_id":"node/12198605401","kategori":"spor_salonu","ad":"Acıbadem Sports"}},{"type":"Feature","geometry":{"type":"Point","coordinates":[29.233486,41.047433]},"properties":{"osm_id":"node/12301204501","kategori":"spor_salonu","ad":"GSB - Alemdağ Stadı"}},{"type":"Feature","geometry":{"type":"Point","coordinates":[29.233345,41.048244]},"properties":{"osm_id":"node/12301210201","kategori":"spor_salonu","ad":"Üstü Kapalı Halı Saha"}},{"type":"Feature","geometry":{"type":"Point","coordinates":[29.235375,41.047562]},"properties":{"osm_id":"node/12301244701","kategori":"spor_salonu","ad":"Üstü Kapalı Halı Saha"}},{"type":"Feature","geometry":{"type":"Point","coordinates":[29.235509,41.047961]},"properties":{"osm_id":"node/12301261902","kategori":"spor_salonu","ad":"Dr. Mimar Kadir Topbaş Spor Kompleksi - Fitness Salonu"}},{"type":"Feature","geometry":{"type":"Point","coordinates":[29.235859,41.047979]},"properties":{"osm_id":"node/12301283101","kategori":"spor_salonu","ad":"Dr. Mimar Kadir Topbaş Spor Kompleksi - Kapalı Yüzme Havuzu"}},{"type":"Feature","geometry":{"type":"Point","coordinates":[29.245459,41.050788]},"properties":{"osm_id":"node/12302090001","kategori":"spor_salonu","ad":"Kapalı Spor Salonu"}},{"type":"Feature","geometry":{"type":"Point","coordinates":[28.954812,41.039607]},"properties":{"osm_id":"node/12317355502","kategori":"spor_salonu","ad":null}},{"type":"Feature","geometry":{"type":"Point","coordinates":[28.954848,41.039402]},"properties":{"osm_id":"node/12317355601","kategori":"spor_salonu","ad":null}},{"type":"Feature","geometry":{"type":"Point","coordinates":[29.125067,41.027119]},"properties":{"osm_id":"node/12409620171","kategori":"spor_salonu","ad":"MACFit"}},{"type":"Feature","geometry":{"type":"Point","coordinates":[29.30405,40.916423]},"properties":{"osm_id":"node/12492125756","kategori":"spor_salonu","ad":"Tevetoğlu Fitness"}},{"type":"Feature","geometry":{"type":"Point","coordinates":[28.720765,40.979029]},"properties":{"osm_id":"node/12556683321","kategori":"spor_salonu","ad":null}},{"type":"Feature","geometry":{"type":"Point","coordinates":[28.943632,41.044794]},"properties":{"osm_id":"node/12650644079","kategori":"spor_salonu","ad":null}},{"type":"Feature","geometry":{"type":"Point","coordinates":[29.004874,41.063582]},"properties":{"osm_id":"node/12674200755","kategori":"spor_salonu","ad":"Cure"}},{"type":"Feature","geometry":{"type":"Point","coordinates":[28.998855,41.067065]},"properties":{"osm_id":"node/12677413911","kategori":"spor_salonu","ad":"Goranga Yoga Merkezi"}},{"type":"Feature","geometry":{"type":"Point","coordinates":[28.719099,41.185981]},"properties":{"osm_id":"node/12684627911","kategori":"spor_salonu","ad":"Arnavutköy Sağlıklı Yaşam Merkezi"}},{"type":"Feature","geometry":{"type":"Point","coordinates":[29.233282,40.889025]},"properties":{"osm_id":"node/12759204649","kategori":"spor_salonu","ad":"MACFit"}},{"type":"Feature","geometry":{"type":"Point","coordinates":[29.086511,40.968773]},"properties":{"osm_id":"node/12770568487","kategori":"spor_salonu","ad":"Maximus Functional Training"}},{"type":"Feature","geometry":{"type":"Point","coordinates":[29.306922,40.917244]},"properties":{"osm_id":"node/12794800448","kategori":"spor_salonu","ad":"b-fit"}},{"type":"Feature","geometry":{"type":"Point","coordinates":[29.154234,40.903953]},"properties":{"osm_id":"node/12799698317","kategori":"spor_salonu","ad":null}},{"type":"Feature","geometry":{"type":"Point","coordinates":[29.231241,40.991429]},"properties":{"osm_id":"node/12801034586","kategori":"spor_salonu","ad":"MACFit"}},{"type":"Feature","geometry":{"type":"Point","coordinates":[29.072885,40.972582]},"properties":{"osm_id":"node/12811023649","kategori":"spor_salonu","ad":"Weekend Training Club"}},{"type":"Feature","geometry":{"type":"Point","coordinates":[29.076952,40.965026]},"properties":{"osm_id":"node/12811051601","kategori":"spor_salonu","ad":"Weekend Training Club"}},{"type":"Feature","geometry":{"type":"Point","coordinates":[29.069947,40.965735]},"properties":{"osm_id":"node/12817545763","kategori":"spor_salonu","ad":"Cats Pilates"}},{"type":"Feature","geometry":{"type":"Point","coordinates":[28.649527,41.016006]},"properties":{"osm_id":"node/12841755586","kategori":"spor_salonu","ad":"Fitcity Beylikdüzü Safir Residence"}},{"type":"Feature","geometry":{"type":"Point","coordinates":[28.886323,40.997932]},"properties":{"osm_id":"node/12841782892","kategori":"spor_salonu","ad":"Fitcity Marmara Forum AVM"}},{"type":"Feature","geometry":{"type":"Point","coordinates":[28.897808,41.046311]},"properties":{"osm_id":"node/12841974192","kategori":"spor_salonu","ad":"Fitcity Forum İstanbul AVM"}},{"type":"Feature","geometry":{"type":"Point","coordinates":[29.012539,41.198365]},"properties":{"osm_id":"node/12854852734","kategori":"spor_salonu","ad":"Aletya Yoga & Pilates Studio"}},{"type":"Feature","geometry":{"type":"Point","coordinates":[29.077415,40.978288]},"properties":{"osm_id":"node/12860813316","kategori":"spor_salonu","ad":"Fitness Form Center"}},{"type":"Feature","geometry":{"type":"Point","coordinates":[28.923814,41.083541]},"properties":{"osm_id":"node/12920133104","kategori":"spor_salonu","ad":"Esperanza Sport Club"}},{"type":"Feature","geometry":{"type":"Point","coordinates":[29.133749,40.927307]},"properties":{"osm_id":"node/13003982539","kategori":"spor_salonu","ad":"XOOM Traing Club"}},{"type":"Feature","geometry":{"type":"Point","coordinates":[29.140054,41.002552]},"properties":{"osm_id":"node/13020201957","kategori":"spor_salonu","ad":"MACFit"}},{"type":"Feature","geometry":{"type":"Point","coordinates":[29.03411,41.138745]},"properties":{"osm_id":"node/13030517540","kategori":"spor_salonu","ad":null}},{"type":"Feature","geometry":{"type":"Point","coordinates":[29.03416,41.138759]},"properties":{"osm_id":"node/13030517544","kategori":"spor_salonu","ad":null}},{"type":"Feature","geometry":{"type":"Point","coordinates":[29.034227,41.138731]},"properties":{"osm_id":"node/13030517545","kategori":"spor_salonu","ad":null}},{"type":"Feature","geometry":{"type":"Point","coordinates":[29.132841,40.994905]},"properties":{"osm_id":"node/13045885768","kategori":"spor_salonu","ad":null}},{"type":"Feature","geometry":{"type":"Point","coordinates":[29.135641,40.969456]},"properties":{"osm_id":"node/13060105074","kategori":"spor_salonu","ad":"Athletic Club"}},{"type":"Feature","geometry":{"type":"Point","coordinates":[29.067036,41.05971]},"properties":{"osm_id":"node/13103720352","kategori":"spor_salonu","ad":null}},{"type":"Feature","geometry":{"type":"Point","coordinates":[29.30523,40.824407]},"properties":{"osm_id":"node/13159777830","kategori":"spor_salonu","ad":"Nefis Hayat Yoga Stüdyosu"}},{"type":"Feature","geometry":{"type":"Point","coordinates":[29.13049,40.926552]},"properties":{"osm_id":"node/13253804313","kategori":"spor_salonu","ad":"Hercules"}},{"type":"Feature","geometry":{"type":"Point","coordinates":[29.135148,40.93181]},"properties":{"osm_id":"node/13306014851","kategori":"spor_salonu","ad":"Alisay Pilates Studio"}},{"type":"Feature","geometry":{"type":"Point","coordinates":[29.134006,40.933667]},"properties":{"osm_id":"node/13307739989","kategori":"spor_salonu","ad":"Cihangir Yoga"}},{"type":"Feature","geometry":{"type":"Point","coordinates":[29.134196,40.933917]},"properties":{"osm_id":"node/13321584715","kategori":"spor_salonu","ad":"No: 6:15 Studio"}},{"type":"Feature","geometry":{"type":"Point","coordinates":[29.074292,40.968265]},"properties":{"osm_id":"node/13351648288","kategori":"spor_salonu","ad":"U Training Club"}},{"type":"Feature","geometry":{"type":"Point","coordinates":[29.131112,40.932725]},"properties":{"osm_id":"node/13371713469","kategori":"spor_salonu","ad":"Yunus Emre Kul Fitness"}},{"type":"Feature","geometry":{"type":"Point","coordinates":[29.262715,40.889946]},"properties":{"osm_id":"node/13380626701","kategori":"spor_salonu","ad":"Poligon Asya"}},{"type":"Feature","geometry":{"type":"Point","coordinates":[29.088592,40.96818]},"properties":{"osm_id":"node/13388560801","kategori":"spor_salonu","ad":"Fit Round Fitness"}},{"type":"Feature","geometry":{"type":"Point","coordinates":[29.297653,40.909929]},"properties":{"osm_id":"node/13418198754","kategori":"spor_salonu","ad":"MACFit"}},{"type":"Feature","geometry":{"type":"Point","coordinates":[29.032088,40.990974]},"properties":{"osm_id":"node/13482897387","kategori":"spor_salonu","ad":"GYM NO.10"}},{"type":"Feature","geometry":{"type":"Point","coordinates":[29.189931,40.892305]},"properties":{"osm_id":"node/13484094958","kategori":"spor_salonu","ad":"Hasan Doğan Spor Kompleksi"}},{"type":"Feature","geometry":{"type":"Point","coordinates":[29.200283,40.897303]},"properties":{"osm_id":"node/13545285179","kategori":"spor_salonu","ad":"Polgym Pilates Studio"}},{"type":"Feature","geometry":{"type":"Point","coordinates":[29.231597,40.991742]},"properties":{"osm_id":"node/13586897724","kategori":"spor_salonu","ad":"New Pilates"}},{"type":"Feature","geometry":{"type":"Point","coordinates":[29.852197,41.137768]},"properties":{"osm_id":"node/13615350913","kategori":"spor_salonu","ad":"Ağva Fitness Merkezi"}},{"type":"Feature","geometry":{"type":"Point","coordinates":[29.094435,41.024976]},"properties":{"osm_id":"node/13641173286","kategori":"spor_salonu","ad":"Life Spor"}},{"type":"Feature","geometry":{"type":"Point","coordinates":[29.219802,40.888038]},"properties":{"osm_id":"node/13670965399","kategori":"spor_salonu","ad":"My Form City Fitness"}},{"type":"Feature","geometry":{"type":"Point","coordinates":[29.182372,40.892618]},"properties":{"osm_id":"node/13698675487","kategori":"spor_salonu","ad":"Best Studio Pilates"}},{"type":"Feature","geometry":{"type":"Point","coordinates":[29.191973,40.893976]},"properties":{"osm_id":"node/13700593997","kategori":"spor_salonu","ad":"Studio Pilates Bada"}},{"type":"Feature","geometry":{"type":"Point","coordinates":[28.887304,41.031163]},"properties":{"osm_id":"node/13701504401","kategori":"spor_salonu","ad":"Yurt Spor Salonu"}},{"type":"Feature","geometry":{"type":"Point","coordinates":[29.294527,40.912057]},"properties":{"osm_id":"node/13704084552","kategori":"spor_salonu","ad":"Fenerbahçe Cimnastik Okulu"}},{"type":"Feature","geometry":{"type":"Point","coordinates":[29.294162,40.911908]},"properties":{"osm_id":"node/13704084555","kategori":"spor_salonu","ad":"Slimshape Kilo Kontrol Merkezi"}},{"type":"Feature","geometry":{"type":"Point","coordinates":[29.166754,40.901774]},"properties":{"osm_id":"node/13704166426","kategori":"spor_salonu","ad":"Mb Han Spor Kulübü"}},{"type":"Feature","geometry":{"type":"Point","coordinates":[29.180945,40.889243]},"properties":{"osm_id":"node/13706451296","kategori":"spor_salonu","ad":"Bfit"}},{"type":"Feature","geometry":{"type":"Point","coordinates":[29.180486,40.889192]},"properties":{"osm_id":"node/13706451298","kategori":"spor_salonu","ad":"North Camp"}},{"type":"Feature","geometry":{"type":"Point","coordinates":[29.173054,40.910288]},"properties":{"osm_id":"node/13722548725","kategori":"spor_salonu","ad":"Alize Pilates Stüdyosu"}},{"type":"Feature","geometry":{"type":"Point","coordinates":[29.173104,40.901494]},"properties":{"osm_id":"node/13748563045","kategori":"spor_salonu","ad":"Pilates Story"}},{"type":"Feature","geometry":{"type":"Point","coordinates":[29.219118,40.931456]},"properties":{"osm_id":"node/13754667233","kategori":"spor_salonu","ad":"Fit Lady"}},{"type":"Feature","geometry":{"type":"Point","coordinates":[28.853791,41.042157]},"properties":{"osm_id":"node/13785122535","kategori":"spor_salonu","ad":"Olimpik Go Kart"}},{"type":"Feature","geometry":{"type":"Point","coordinates":[29.17678,41.040955]},"properties":{"osm_id":"node/13798914961","kategori":"spor_salonu","ad":"U Prime Training"}},{"type":"Feature","geometry":{"type":"Point","coordinates":[28.791869,41.021611]},"properties":{"osm_id":"node/13829772149","kategori":"spor_salonu","ad":"PUMP HOUSE FITNESS"}},{"type":"Feature","geometry":{"type":"Point","coordinates":[28.568508,41.018774]},"properties":{"osm_id":"node/13837787835","kategori":"spor_salonu","ad":"Büyükçekmece Belediyesi Su Sporları Merkezi"}},{"type":"Feature","geometry":{"type":"Point","coordinates":[29.260876,41.005033]},"properties":{"osm_id":"node/13844002420","kategori":"spor_salonu","ad":"Rıdvan Dilmen Halı Sahaları"}},{"type":"Feature","geometry":{"type":"Point","coordinates":[29.203531,40.914823]},"properties":{"osm_id":"node/13848986001","kategori":"spor_salonu","ad":"Esse Dreams Pilates"}},{"type":"Feature","geometry":{"type":"Point","coordinates":[29.204193,40.915561]},"properties":{"osm_id":"node/13849384940","kategori":"spor_salonu","ad":"Pilatesia Training House"}},{"type":"Feature","geometry":{"type":"Point","coordinates":[28.721826,40.976557]},"properties":{"osm_id":"node/13869258831","kategori":"spor_salonu","ad":"Fitness Pilates"}},{"type":"Feature","geometry":{"type":"Point","coordinates":[29.088861,41.094306]},"properties":{"osm_id":"node/13931535637","kategori":"spor_salonu","ad":"B Fitness Clup"}},{"type":"Feature","geometry":{"type":"Point","coordinates":[29.098773,40.961274]},"properties":{"osm_id":"node/13950008469","kategori":"spor_salonu","ad":"NORTH YOGA"}},{"type":"Feature","geometry":{"type":"Point","coordinates":[29.094159,40.960454]},"properties":{"osm_id":"node/13953662804","kategori":"spor_salonu","ad":"RETRO GYM"}},{"type":"Feature","geometry":{"type":"Point","coordinates":[28.849085,41.120405]},"properties":{"osm_id":"node/13954731885","kategori":"spor_salonu","ad":"Kaptan Spor Akademi"}},{"type":"Feature","geometry":{"type":"Point","coordinates":[29.09964,40.952941]},"properties":{"osm_id":"node/13976852919","kategori":"spor_salonu","ad":"Retro Gym"}},{"type":"Feature","geometry":{"type":"Point","coordinates":[29.265163,40.887987]},"properties":{"osm_id":"node/13982862334","kategori":"spor_salonu","ad":"Pilates Studio Rabia Yıldırım"}},{"type":"Feature","geometry":{"type":"Point","coordinates":[29.26456,40.888256]},"properties":{"osm_id":"node/13982918697","kategori":"spor_salonu","ad":"Mayfitness"}},{"type":"Feature","geometry":{"type":"Point","coordinates":[29.114128,41.005445]},"properties":{"osm_id":"node/14046014024","kategori":"spor_salonu","ad":null}},{"type":"Feature","geometry":{"type":"Point","coordinates":[28.770056,41.055376]},"properties":{"osm_id":"node/14061510441","kategori":"spor_salonu","ad":"MACFit"}},{"type":"Feature","geometry":{"type":"Point","coordinates":[28.766019,41.04753]},"properties":{"osm_id":"node/14065120816","kategori":"spor_salonu","ad":null}},{"type":"Feature","geometry":{"type":"Point","coordinates":[28.765734,41.047613]},"properties":{"osm_id":"node/14065120820","kategori":"spor_salonu","ad":null}},{"type":"Feature","geometry":{"type":"Point","coordinates":[29.03345,41.213099]},"properties":{"osm_id":"node/14066073983","kategori":"spor_salonu","ad":"Slimworld Zekeriyaköy"}},{"type":"Feature","geometry":{"type":"Point","coordinates":[29.087692,41.01772]},"properties":{"osm_id":"node/14091519803","kategori":"spor_salonu","ad":"Spor ve Sanat Kompleksi"}},{"type":"Feature","geometry":{"type":"Point","coordinates":[29.254258,40.906928]},"properties":{"osm_id":"node/14130700450","kategori":"spor_salonu","ad":"Ynr Fit Club"}},{"type":"Feature","geometry":{"type":"Point","coordinates":[29.127323,40.942229]},"properties":{"osm_id":"node/14152849301","kategori":"spor_salonu","ad":"Club Aydınoğlu"}},{"type":"Feature","geometry":{"type":"Point","coordinates":[29.072519,41.207411]},"properties":{"osm_id":"way/31616349","kategori":"spor_salonu","ad":"Semahat Arsel Spor Salonu"}},{"type":"Feature","geometry":{"type":"Point","coordinates":[28.888914,40.986783]},"properties":{"osm_id":"way/83097065","kategori":"spor_salonu","ad":"Veliefendi Hipodromu"}},{"type":"Feature","geometry":{"type":"Point","coordinates":[28.959937,41.041889]},"properties":{"osm_id":"way/106619664","kategori":"spor_salonu","ad":"Okçular Vakfı"}},{"type":"Feature","geometry":{"type":"Point","coordinates":[28.965082,41.013602]},"properties":{"osm_id":"way/110195526","kategori":"spor_salonu","ad":null}},{"type":"Feature","geometry":{"type":"Point","coordinates":[28.965585,41.012833]},"properties":{"osm_id":"way/110195528","kategori":"spor_salonu","ad":null}},{"type":"Feature","geometry":{"type":"Point","coordinates":[28.958212,41.014739]},"properties":{"osm_id":"way/110311525","kategori":"spor_salonu","ad":"Vefa Küçük Spor Salonu"}},{"type":"Feature","geometry":{"type":"Point","coordinates":[29.02654,41.101264]},"properties":{"osm_id":"way/145344548","kategori":"spor_salonu","ad":"Olimpik Yüzme Havuzu"}},{"type":"Feature","geometry":{"type":"Point","coordinates":[29.021335,41.102955]},"properties":{"osm_id":"way/145819342","kategori":"spor_salonu","ad":"Merkez Spor Salonu"}},{"type":"Feature","geometry":{"type":"Point","coordinates":[29.050572,41.08871]},"properties":{"osm_id":"way/162852662","kategori":"spor_salonu","ad":"Boğaziçi Üniversitesi Hisar Spor Tesisleri"}},{"type":"Feature","geometry":{"type":"Point","coordinates":[28.842075,40.962736]},"properties":{"osm_id":"way/201146721","kategori":"spor_salonu","ad":"Yeşilyurt Spor Kulübü"}},{"type":"Feature","geometry":{"type":"Point","coordinates":[29.185308,41.023454]},"properties":{"osm_id":"way/216493839","kategori":"spor_salonu","ad":"Çekmeköy Spor Kompleksi"}},{"type":"Feature","geometry":{"type":"Point","coordinates":[28.667085,41.023237]},"properties":{"osm_id":"way/218462100","kategori":"spor_salonu","ad":"Hakan Şükür Stadyumu"}},{"type":"Feature","geometry":{"type":"Point","coordinates":[28.625288,41.018281]},"properties":{"osm_id":"way/218490605","kategori":"spor_salonu","ad":"Beykent Üniversitesi Spor Kompleksi"}},{"type":"Feature","geometry":{"type":"Point","coordinates":[28.676724,41.01419]},"properties":{"osm_id":"way/218532597","kategori":"spor_salonu","ad":"Regnum Astrum Towers Sosyal Tesis"}},{"type":"Feature","geometry":{"type":"Point","coordinates":[28.677107,41.016148]},"properties":{"osm_id":"way/218532601","kategori":"spor_salonu","ad":"Solarkent Sosyal Tesis"}},{"type":"Feature","geometry":{"type":"Point","coordinates":[28.699529,41.013819]},"properties":{"osm_id":"way/218587173","kategori":"spor_salonu","ad":null}},{"type":"Feature","geometry":{"type":"Point","coordinates":[28.690749,41.015369]},"properties":{"osm_id":"way/218588885","kategori":"spor_salonu","ad":null}},{"type":"Feature","geometry":{"type":"Point","coordinates":[28.691251,41.015221]},"properties":{"osm_id":"way/218588886","kategori":"spor_salonu","ad":null}},{"type":"Feature","geometry":{"type":"Point","coordinates":[28.5983,40.996802]},"properties":{"osm_id":"way/218590719","kategori":"spor_salonu","ad":null}},{"type":"Feature","geometry":{"type":"Point","coordinates":[28.621724,41.011959]},"properties":{"osm_id":"way/218594440","kategori":"spor_salonu","ad":"World Point Spor Merkezi "}},{"type":"Feature","geometry":{"type":"Point","coordinates":[29.257874,41.034088]},"properties":{"osm_id":"way/226421064","kategori":"spor_salonu","ad":"Athletic Center"}},{"type":"Feature","geometry":{"type":"Point","coordinates":[28.876304,41.10736]},"properties":{"osm_id":"way/229476767","kategori":"spor_salonu","ad":"İBB Cebeci Spor Kompleksi"}},{"type":"Feature","geometry":{"type":"Point","coordinates":[29.115826,40.976308]},"properties":{"osm_id":"way/232512573","kategori":"spor_salonu","ad":null}},{"type":"Feature","geometry":{"type":"Point","coordinates":[29.089659,40.882168]},"properties":{"osm_id":"way/235498046","kategori":"spor_salonu","ad":"Heybeliada Su Sporları Kulübü"}},{"type":"Feature","geometry":{"type":"Point","coordinates":[29.03573,41.108057]},"properties":{"osm_id":"way/249589121","kategori":"spor_salonu","ad":"Vadi Yurtları Spor Salonu"}},{"type":"Feature","geometry":{"type":"Point","coordinates":[29.321707,40.937717]},"properties":{"osm_id":"way/275413427","kategori":"spor_salonu","ad":"Novartis Kurtköy - Spor salonu"}},{"type":"Feature","geometry":{"type":"Point","coordinates":[28.791039,40.97513]},"properties":{"osm_id":"way/276462595","kategori":"spor_salonu","ad":"İstanbul Büyükşehir Belediyesi Florya Spor Tesisi"}},{"type":"Feature","geometry":{"type":"Point","coordinates":[29.023362,41.218497]},"properties":{"osm_id":"way/279605163","kategori":"spor_salonu","ad":null}},{"type":"Feature","geometry":{"type":"Point","coordinates":[28.677262,41.068288]},"properties":{"osm_id":"way/292237532","kategori":"spor_salonu","ad":"Bahçeşehir Spor Merkezi"}},{"type":"Feature","geometry":{"type":"Point","coordinates":[29.236145,40.964113]},"properties":{"osm_id":"way/307900719","kategori":"spor_salonu","ad":"Mustafa Öncel Kültür ve Spor Kompleksi"}},{"type":"Feature","geometry":{"type":"Point","coordinates":[28.882066,40.998322]},"properties":{"osm_id":"way/307991395","kategori":"spor_salonu","ad":"Bakırköy Belediyesi Spor Tesisleri"}},{"type":"Feature","geometry":{"type":"Point","coordinates":[28.792801,40.997744]},"properties":{"osm_id":"way/321603134","kategori":"spor_salonu","ad":"Sefaköy Kapalı Yüzme Havuzu ve Kütüphanesi"}},{"type":"Feature","geometry":{"type":"Point","coordinates":[28.854006,40.988602]},"properties":{"osm_id":"way/325726729","kategori":"spor_salonu","ad":"Sinan Erdem Spor Salonu"}},{"type":"Feature","geometry":{"type":"Point","coordinates":[29.374099,40.895322]},"properties":{"osm_id":"way/339350105","kategori":"spor_salonu","ad":"Eski Spor Salonu"}},{"type":"Feature","geometry":{"type":"Point","coordinates":[28.772208,41.009944]},"properties":{"osm_id":"way/344306733","kategori":"spor_salonu","ad":"Galatasaray Spor Kulübü Kürek Şubesi"}},{"type":"Feature","geometry":{"type":"Point","coordinates":[28.771039,41.010958]},"properties":{"osm_id":"way/344318775","kategori":"spor_salonu","ad":"Kanarya Stadı"}},{"type":"Feature","geometry":{"type":"Point","coordinates":[29.078641,40.998657]},"properties":{"osm_id":"way/361214616","kategori":"spor_salonu","ad":"Libadiye Spor Kulübü - Şaban Çalımlı Tesisi"}},{"type":"Feature","geometry":{"type":"Point","coordinates":[29.295909,40.928453]},"properties":{"osm_id":"way/385985855","kategori":"spor_salonu","ad":null}},{"type":"Feature","geometry":{"type":"Point","coordinates":[29.110355,41.058897]},"properties":{"osm_id":"way/395918114","kategori":"spor_salonu","ad":"Ümraniye Spor Kompleksi"}},{"type":"Feature","geometry":{"type":"Point","coordinates":[28.765764,41.031335]},"properties":{"osm_id":"way/396516813","kategori":"spor_salonu","ad":"Halı Saha"}},{"type":"Feature","geometry":{"type":"Point","coordinates":[29.023548,41.087059]},"properties":{"osm_id":"way/403554074","kategori":"spor_salonu","ad":"BJK Akatlar Arena"}},{"type":"Feature","geometry":{"type":"Point","coordinates":[29.019137,41.088439]},"properties":{"osm_id":"way/403554075","kategori":"spor_salonu","ad":"BJK Çilekli Tesisleri"}},{"type":"Feature","geometry":{"type":"Point","coordinates":[29.280257,40.928593]},"properties":{"osm_id":"way/406058528","kategori":"spor_salonu","ad":"Pendik Çamlık Spor Tesisleri"}},{"type":"Feature","geometry":{"type":"Point","coordinates":[29.013683,41.094492]},"properties":{"osm_id":"way/441130291","kategori":"spor_salonu","ad":null}},{"type":"Feature","geometry":{"type":"Point","coordinates":[29.151565,40.989964]},"properties":{"osm_id":"way/442179525","kategori":"spor_salonu","ad":"İstanbul Site Spor Kulübü"}},{"type":"Feature","geometry":{"type":"Point","coordinates":[29.127753,40.938507]},"properties":{"osm_id":"way/461203618","kategori":"spor_salonu","ad":"MALTEPE FITNES CANTER (MFC)"}},{"type":"Feature","geometry":{"type":"Point","coordinates":[29.166615,40.952894]},"properties":{"osm_id":"way/461948513","kategori":"spor_salonu","ad":null}},{"type":"Feature","geometry":{"type":"Point","coordinates":[29.034649,41.025146]},"properties":{"osm_id":"way/462078400","kategori":"spor_salonu","ad":"Vakıfbank Spor Sarayı"}},{"type":"Feature","geometry":{"type":"Point","coordinates":[29.140329,40.942818]},"properties":{"osm_id":"way/462396233","kategori":"spor_salonu","ad":"Müzahir Sille Spor Kompleksi"}},{"type":"Feature","geometry":{"type":"Point","coordinates":[29.138606,40.870654]},"properties":{"osm_id":"way/462847581","kategori":"spor_salonu","ad":"Büyükada Su Sporları Klübü Kapalı Yüzme Havuzu"}},{"type":"Feature","geometry":{"type":"Point","coordinates":[28.828025,41.016614]},"properties":{"osm_id":"way/466920128","kategori":"spor_salonu","ad":"Bahçelievler Belediyesi Spor Kompleksi"}},{"type":"Feature","geometry":{"type":"Point","coordinates":[29.408432,40.957318]},"properties":{"osm_id":"way/468573613","kategori":"spor_salonu","ad":"İstanbul Park"}},{"type":"Feature","geometry":{"type":"Point","coordinates":[28.969985,41.007805]},"properties":{"osm_id":"way/487164958","kategori":"spor_salonu","ad":null}},{"type":"Feature","geometry":{"type":"Point","coordinates":[29.211767,40.901567]},"properties":{"osm_id":"way/491112846","kategori":"spor_salonu","ad":"Fatin Rüştü Zorlu Anadolu Lisesi Spor Salonu"}},{"type":"Feature","geometry":{"type":"Point","coordinates":[28.895023,41.077866]},"properties":{"osm_id":"way/498879462","kategori":"spor_salonu","ad":null}},{"type":"Feature","geometry":{"type":"Point","coordinates":[28.901811,40.980245]},"properties":{"osm_id":"way/499203741","kategori":"spor_salonu","ad":null}},{"type":"Feature","geometry":{"type":"Point","coordinates":[29.138058,41.035061]},"properties":{"osm_id":"way/499614507","kategori":"spor_salonu","ad":"Beşiktaş Nevzat Demir Tesisleri"}},{"type":"Feature","geometry":{"type":"Point","coordinates":[29.268281,40.983376]},"properties":{"osm_id":"way/536812349","kategori":"spor_salonu","ad":null}},{"type":"Feature","geometry":{"type":"Point","coordinates":[28.824351,41.016849]},"properties":{"osm_id":"way/539592144","kategori":"spor_salonu","ad":"Arel Koleji Ahmet Gözükara Spor ve Kültür Kompleksi"}},{"type":"Feature","geometry":{"type":"Point","coordinates":[28.771177,41.025042]},"properties":{"osm_id":"way/539643881","kategori":"spor_salonu","ad":null}},{"type":"Feature","geometry":{"type":"Point","coordinates":[28.762705,41.039572]},"properties":{"osm_id":"way/542506203","kategori":"spor_salonu","ad":null}},{"type":"Feature","geometry":{"type":"Point","coordinates":[28.710995,41.065459]},"properties":{"osm_id":"way/543204978","kategori":"spor_salonu","ad":null}},{"type":"Feature","geometry":{"type":"Point","coordinates":[28.71113,41.066151]},"properties":{"osm_id":"way/543204980","kategori":"spor_salonu","ad":null}},{"type":"Feature","geometry":{"type":"Point","coordinates":[28.711474,41.066586]},"properties":{"osm_id":"way/543204981","kategori":"spor_salonu","ad":null}},{"type":"Feature","geometry":{"type":"Point","coordinates":[29.089274,40.982434]},"properties":{"osm_id":"way/544071043","kategori":"spor_salonu","ad":"Spora"}},{"type":"Feature","geometry":{"type":"Point","coordinates":[29.060323,40.98307]},"properties":{"osm_id":"way/544529618","kategori":"spor_salonu","ad":null}},{"type":"Feature","geometry":{"type":"Point","coordinates":[29.175701,41.038168]},"properties":{"osm_id":"way/547305910","kategori":"spor_salonu","ad":"Çekmeköy Belediyesi Spor Tesisleri"}},{"type":"Feature","geometry":{"type":"Point","coordinates":[29.17382,41.040816]},"properties":{"osm_id":"way/547383639","kategori":"spor_salonu","ad":null}},{"type":"Feature","geometry":{"type":"Point","coordinates":[29.190205,41.005182]},"properties":{"osm_id":"way/547522322","kategori":"spor_salonu","ad":"Milli güreş merkezi"}},{"type":"Feature","geometry":{"type":"Point","coordinates":[29.051022,41.014953]},"properties":{"osm_id":"way/547916986","kategori":"spor_salonu","ad":null}},{"type":"Feature","geometry":{"type":"Point","coordinates":[29.246093,40.899114]},"properties":{"osm_id":"way/547921292","kategori":"spor_salonu","ad":"Pendik Spor"}},{"type":"Feature","geometry":{"type":"Point","coordinates":[29.219116,40.907247]},"properties":{"osm_id":"way/548728975","kategori":"spor_salonu","ad":"Öncü Halı Saha"}},{"type":"Feature","geometry":{"type":"Point","coordinates":[28.685103,41.062791]},"properties":{"osm_id":"way/551910632","kategori":"spor_salonu","ad":"Bahçeşehir Süleyman Demirel İlkokulu Spor Salonu"}},{"type":"Feature","geometry":{"type":"Point","coordinates":[28.68371,41.074732]},"properties":{"osm_id":"way/551947277","kategori":"spor_salonu","ad":"Bahçeşehir Atatürk A.L. Spor Salonu"}},{"type":"Feature","geometry":{"type":"Point","coordinates":[28.683396,41.073545]},"properties":{"osm_id":"way/551947280","kategori":"spor_salonu","ad":null}},{"type":"Feature","geometry":{"type":"Point","coordinates":[28.687576,41.06455]},"properties":{"osm_id":"way/551963709","kategori":"spor_salonu","ad":"Bahçeşehir Koleji Spor Salonu"}},{"type":"Feature","geometry":{"type":"Point","coordinates":[28.687372,41.064661]},"properties":{"osm_id":"way/551963710","kategori":"spor_salonu","ad":null}},{"type":"Feature","geometry":{"type":"Point","coordinates":[28.788623,41.029931]},"properties":{"osm_id":"way/563051655","kategori":"spor_salonu","ad":"İZÜ Spor Salonu"}},{"type":"Feature","geometry":{"type":"Point","coordinates":[29.132727,41.004322]},"properties":{"osm_id":"way/569226060","kategori":"spor_salonu","ad":"Fitkafa"}},{"type":"Feature","geometry":{"type":"Point","coordinates":[29.139529,41.007163]},"properties":{"osm_id":"way/569539170","kategori":"spor_salonu","ad":"Okyanus"}},{"type":"Feature","geometry":{"type":"Point","coordinates":[29.12783,41.028655]},"properties":{"osm_id":"way/569608173","kategori":"spor_salonu","ad":null}},{"type":"Feature","geometry":{"type":"Point","coordinates":[29.189169,41.035593]},"properties":{"osm_id":"way/570203196","kategori":"spor_salonu","ad":null}},{"type":"Feature","geometry":{"type":"Point","coordinates":[28.850555,41.046599]},"properties":{"osm_id":"way/571021194","kategori":"spor_salonu","ad":null}},{"type":"Feature","geometry":{"type":"Point","coordinates":[28.812015,41.039975]},"properties":{"osm_id":"way/571795162","kategori":"spor_salonu","ad":null}},{"type":"Feature","geometry":{"type":"Point","coordinates":[28.837815,41.029798]},"properties":{"osm_id":"way/571845707","kategori":"spor_salonu","ad":"Bağcılar Belediyesi Yüzme Havuzu"}},{"type":"Feature","geometry":{"type":"Point","coordinates":[28.847988,41.018904]},"properties":{"osm_id":"way/571846426","kategori":"spor_salonu","ad":"Hasan Doğan Spor Kompleksi"}},{"type":"Feature","geometry":{"type":"Point","coordinates":[28.837675,41.030055]},"properties":{"osm_id":"way/572325104","kategori":"spor_salonu","ad":null}},{"type":"Feature","geometry":{"type":"Point","coordinates":[29.013195,41.24293]},"properties":{"osm_id":"way/582224059","kategori":"spor_salonu","ad":"Kapalı Spor Salonu"}},{"type":"Feature","geometry":{"type":"Point","coordinates":[28.855431,40.987219]},"properties":{"osm_id":"way/587289863","kategori":"spor_salonu","ad":"Türkiye Atletizm Federasyonu"}},{"type":"Feature","geometry":{"type":"Point","coordinates":[29.337395,40.860129]},"properties":{"osm_id":"way/624643877","kategori":"spor_salonu","ad":null}},{"type":"Feature","geometry":{"type":"Point","coordinates":[29.337665,40.860093]},"properties":{"osm_id":"way/624643878","kategori":"spor_salonu","ad":null}},{"type":"Feature","geometry":{"type":"Point","coordinates":[29.27482,40.950328]},"properties":{"osm_id":"way/625263690","kategori":"spor_salonu","ad":"Gölet Spor Tesisleri"}},{"type":"Feature","geometry":{"type":"Point","coordinates":[29.31993,40.873867]},"properties":{"osm_id":"way/626943313","kategori":"spor_salonu","ad":null}},{"type":"Feature","geometry":{"type":"Point","coordinates":[29.186471,40.900299]},"properties":{"osm_id":"way/633484132","kategori":"spor_salonu","ad":"Bulvar Spor Tesisleri"}},{"type":"Feature","geometry":{"type":"Point","coordinates":[29.051769,41.119186]},"properties":{"osm_id":"way/645716429","kategori":"spor_salonu","ad":null}},{"type":"Feature","geometry":{"type":"Point","coordinates":[29.03183,41.124551]},"properties":{"osm_id":"way/651087861","kategori":"spor_salonu","ad":null}},{"type":"Feature","geometry":{"type":"Point","coordinates":[29.042322,41.010155]},"properties":{"osm_id":"way/655601505","kategori":"spor_salonu","ad":"Fashion Sport Center"}},{"type":"Feature","geometry":{"type":"Point","coordinates":[29.039985,41.134009]},"properties":{"osm_id":"way/659109307","kategori":"spor_salonu","ad":null}},{"type":"Feature","geometry":{"type":"Point","coordinates":[29.029081,41.028753]},"properties":{"osm_id":"way/659499245","kategori":"spor_salonu","ad":"İstanbul Üsküdar Lisesi Spor Salonu"}},{"type":"Feature","geometry":{"type":"Point","coordinates":[29.029176,41.015248]},"properties":{"osm_id":"way/662230563","kategori":"spor_salonu","ad":"Burhan Felek Yüzme Havuzu"}},{"type":"Feature","geometry":{"type":"Point","coordinates":[29.049766,41.014001]},"properties":{"osm_id":"way/666203197","kategori":"spor_salonu","ad":"Çamlıca Universe Sports and Health Club"}},{"type":"Feature","geometry":{"type":"Point","coordinates":[28.888609,41.175494]},"properties":{"osm_id":"way/667876884","kategori":"spor_salonu","ad":null}},{"type":"Feature","geometry":{"type":"Point","coordinates":[29.351125,40.893318]},"properties":{"osm_id":"way/668184816","kategori":"spor_salonu","ad":null}},{"type":"Feature","geometry":{"type":"Point","coordinates":[28.902033,41.095439]},"properties":{"osm_id":"way/672484186","kategori":"spor_salonu","ad":"75. Yıl Yüzme Havuzu"}},{"type":"Feature","geometry":{"type":"Point","coordinates":[29.279813,40.915125]},"properties":{"osm_id":"way/674595620","kategori":"spor_salonu","ad":null}},{"type":"Feature","geometry":{"type":"Point","coordinates":[29.288843,40.920731]},"properties":{"osm_id":"way/675161213","kategori":"spor_salonu","ad":null}},{"type":"Feature","geometry":{"type":"Point","coordinates":[29.294826,40.913807]},"properties":{"osm_id":"way/676320101","kategori":"spor_salonu","ad":null}},{"type":"Feature","geometry":{"type":"Point","coordinates":[29.270058,40.921432]},"properties":{"osm_id":"way/677994811","kategori":"spor_salonu","ad":"Pendik Belediyesi Aydos Spor Merkezi"}},{"type":"Feature","geometry":{"type":"Point","coordinates":[29.224411,40.910974]},"properties":{"osm_id":"way/678438558","kategori":"spor_salonu","ad":"Halı Saha"}},{"type":"Feature","geometry":{"type":"Point","coordinates":[28.870647,41.086844]},"properties":{"osm_id":"way/680591896","kategori":"spor_salonu","ad":"Hamza Yerlikaya Spor Kompleksi"}},{"type":"Feature","geometry":{"type":"Point","coordinates":[29.256173,40.908648]},"properties":{"osm_id":"way/682258059","kategori":"spor_salonu","ad":"Çelik Spor Tesisleri"}},{"type":"Feature","geometry":{"type":"Point","coordinates":[29.264131,40.905306]},"properties":{"osm_id":"way/682258061","kategori":"spor_salonu","ad":"Busenaz Sürmeneli Spor Kompleksi"}},{"type":"Feature","geometry":{"type":"Point","coordinates":[29.242711,40.875575]},"properties":{"osm_id":"way/684401547","kategori":"spor_salonu","ad":"Pendik Sahil Spor Tesisi"}},{"type":"Feature","geometry":{"type":"Point","coordinates":[29.260315,40.893172]},"properties":{"osm_id":"way/686678846","kategori":"spor_salonu","ad":"Dolayoba Spor Kompleksi"}},{"type":"Feature","geometry":{"type":"Point","coordinates":[29.316142,40.920142]},"properties":{"osm_id":"way/687397605","kategori":"spor_salonu","ad":"teknopark spor salonu"}},{"type":"Feature","geometry":{"type":"Point","coordinates":[29.09471,41.073069]},"properties":{"osm_id":"way/689297763","kategori":"spor_salonu","ad":"Optimum Tenis Akademisi"}},{"type":"Feature","geometry":{"type":"Point","coordinates":[29.565399,41.170497]},"properties":{"osm_id":"way/691358244","kategori":"spor_salonu","ad":null}},{"type":"Feature","geometry":{"type":"Point","coordinates":[29.121271,40.983908]},"properties":{"osm_id":"way/691957223","kategori":"spor_salonu","ad":"İstanbul Büyükşehir Belediyesi Spor Salonu"}},{"type":"Feature","geometry":{"type":"Point","coordinates":[29.570062,41.152334]},"properties":{"osm_id":"way/692214812","kategori":"spor_salonu","ad":null}},{"type":"Feature","geometry":{"type":"Point","coordinates":[29.319512,40.931549]},"properties":{"osm_id":"way/692721354","kategori":"spor_salonu","ad":null}},{"type":"Feature","geometry":{"type":"Point","coordinates":[28.538145,40.999567]},"properties":{"osm_id":"way/708288292","kategori":"spor_salonu","ad":null}},{"type":"Feature","geometry":{"type":"Point","coordinates":[29.306263,40.845384]},"properties":{"osm_id":"way/721295511","kategori":"spor_salonu","ad":"Tuzla Belediyesi Spor Kulübü"}},{"type":"Feature","geometry":{"type":"Point","coordinates":[29.127483,40.942297]},"properties":{"osm_id":"way/721568848","kategori":"spor_salonu","ad":"Club Aydınoğlu"}},{"type":"Feature","geometry":{"type":"Point","coordinates":[29.04037,41.213455]},"properties":{"osm_id":"way/727195536","kategori":"spor_salonu","ad":"MACFit"}},{"type":"Feature","geometry":{"type":"Point","coordinates":[29.213326,40.888605]},"properties":{"osm_id":"way/727714142","kategori":"spor_salonu","ad":"Eczacıbaşı Spor Kulübü"}},{"type":"Feature","geometry":{"type":"Point","coordinates":[29.232618,40.978583]},"properties":{"osm_id":"way/733254439","kategori":"spor_salonu","ad":"İBB Taha Akgül Spor Kompleksi"}},{"type":"Feature","geometry":{"type":"Point","coordinates":[29.218803,40.951014]},"properties":{"osm_id":"way/733819907","kategori":"spor_salonu","ad":"Fenerbahçe Can Bartu Spor Tesisleri"}},{"type":"Feature","geometry":{"type":"Point","coordinates":[29.033798,41.025407]},"properties":{"osm_id":"way/734094689","kategori":"spor_salonu","ad":null}},{"type":"Feature","geometry":{"type":"Point","coordinates":[29.034802,41.02516]},"properties":{"osm_id":"way/734095130","kategori":"spor_salonu","ad":"Vakıfbank Bağlarbaşı Spor Sarayı"}},{"type":"Feature","geometry":{"type":"Point","coordinates":[29.100389,41.124988]},"properties":{"osm_id":"way/734738446","kategori":"spor_salonu","ad":"İstanbul Büyükşehir Belediyesi Beykoz Spor Kompleksi"}},{"type":"Feature","geometry":{"type":"Point","coordinates":[28.782356,41.100117]},"properties":{"osm_id":"way/734863911","kategori":"spor_salonu","ad":null}},{"type":"Feature","geometry":{"type":"Point","coordinates":[28.938419,41.081558]},"properties":{"osm_id":"way/736868016","kategori":"spor_salonu","ad":"İbb Tevfik Aydeniz Spor Tesisi"}},{"type":"Feature","geometry":{"type":"Point","coordinates":[28.946477,41.072043]},"properties":{"osm_id":"way/738229382","kategori":"spor_salonu","ad":"Alibeyköy Spor Kompleksi"}},{"type":"Feature","geometry":{"type":"Point","coordinates":[29.10407,40.986236]},"properties":{"osm_id":"way/740623739","kategori":"spor_salonu","ad":null}},{"type":"Feature","geometry":{"type":"Point","coordinates":[29.111411,40.991765]},"properties":{"osm_id":"way/740801911","kategori":"spor_salonu","ad":"Ataşehir Belediye Spor Kulübü"}},{"type":"Feature","geometry":{"type":"Point","coordinates":[29.111322,40.992437]},"properties":{"osm_id":"way/740801913","kategori":"spor_salonu","ad":null}},{"type":"Feature","geometry":{"type":"Point","coordinates":[29.104832,40.993183]},"properties":{"osm_id":"way/740805310","kategori":"spor_salonu","ad":"Ülker Spor ve Etkinlik Salonu"}},{"type":"Feature","geometry":{"type":"Point","coordinates":[29.109922,40.990755]},"properties":{"osm_id":"way/740815384","kategori":"spor_salonu","ad":null}},{"type":"Feature","geometry":{"type":"Point","coordinates":[29.109586,40.989864]},"properties":{"osm_id":"way/740815397","kategori":"spor_salonu","ad":"Çamolukspor Kulübü Tesisleri"}},{"type":"Feature","geometry":{"type":"Point","coordinates":[28.748764,41.12302]},"properties":{"osm_id":"way/746324363","kategori":"spor_salonu","ad":"Şehit Erdem Özçelik Stadyumu"}},{"type":"Feature","geometry":{"type":"Point","coordinates":[28.673825,41.057306]},"properties":{"osm_id":"way/747247842","kategori":"spor_salonu","ad":"Gürbüz Süleymanoğlu Spor Merkezi"}},{"type":"Feature","geometry":{"type":"Point","coordinates":[28.832428,40.98967]},"properties":{"osm_id":"way/781376290","kategori":"spor_salonu","ad":"Gençlik ve Spor Bakanlığı Bakırköy İlçe Müdürlüğü"}},{"type":"Feature","geometry":{"type":"Point","coordinates":[28.937148,41.037432]},"properties":{"osm_id":"way/793455138","kategori":"spor_salonu","ad":"Şafak Spor Sosyal Tesisleri"}},{"type":"Feature","geometry":{"type":"Point","coordinates":[29.214819,41.004647]},"properties":{"osm_id":"way/808088570","kategori":"spor_salonu","ad":"Kemal Ayyıldız Yarı Olimpik Yüzme Havuzu"}},{"type":"Feature","geometry":{"type":"Point","coordinates":[29.108661,40.960266]},"properties":{"osm_id":"way/810050793","kategori":"spor_salonu","ad":"Club Sporium"}},{"type":"Feature","geometry":{"type":"Point","coordinates":[29.180914,41.016476]},"properties":{"osm_id":"way/818068947","kategori":"spor_salonu","ad":"Ümraniye Yüzme Havuzu ve Spor Merkezi"}},{"type":"Feature","geometry":{"type":"Point","coordinates":[29.180895,41.016543]},"properties":{"osm_id":"way/818068948","kategori":"spor_salonu","ad":null}},{"type":"Feature","geometry":{"type":"Point","coordinates":[28.914306,41.072837]},"properties":{"osm_id":"way/818512567","kategori":"spor_salonu","ad":"Gaziosmanpaşa Belediyesi Yüzme Havuzu ve Spor Kompleksi"}},{"type":"Feature","geometry":{"type":"Point","coordinates":[29.08497,40.985408]},"properties":{"osm_id":"way/842485882","kategori":"spor_salonu","ad":null}},{"type":"Feature","geometry":{"type":"Point","coordinates":[29.299761,40.833144]},"properties":{"osm_id":"way/845754527","kategori":"spor_salonu","ad":null}},{"type":"Feature","geometry":{"type":"Point","coordinates":[28.942613,41.133438]},"properties":{"osm_id":"way/847301082","kategori":"spor_salonu","ad":"Kemerburgaz Metin Oktay Tesisleri"}},{"type":"Feature","geometry":{"type":"Point","coordinates":[28.922774,41.156738]},"properties":{"osm_id":"way/847301088","kategori":"spor_salonu","ad":"Kemerburgaz Spor Kulübü Spor Kompleksi"}},{"type":"Feature","geometry":{"type":"Point","coordinates":[28.596568,41.08378]},"properties":{"osm_id":"way/851998483","kategori":"spor_salonu","ad":"Bella Vita Club"}},{"type":"Feature","geometry":{"type":"Point","coordinates":[28.596878,41.083467]},"properties":{"osm_id":"way/852001293","kategori":"spor_salonu","ad":null}},{"type":"Feature","geometry":{"type":"Point","coordinates":[28.590514,41.075075]},"properties":{"osm_id":"way/852351102","kategori":"spor_salonu","ad":null}},{"type":"Feature","geometry":{"type":"Point","coordinates":[28.455604,41.150719]},"properties":{"osm_id":"way/855008622","kategori":"spor_salonu","ad":null}},{"type":"Feature","geometry":{"type":"Point","coordinates":[28.463731,41.145884]},"properties":{"osm_id":"way/855008640","kategori":"spor_salonu","ad":null}},{"type":"Feature","geometry":{"type":"Point","coordinates":[29.128393,40.985517]},"properties":{"osm_id":"way/866661190","kategori":"spor_salonu","ad":"Galatasaray SK Taç Spor Tesisleri"}},{"type":"Feature","geometry":{"type":"Point","coordinates":[29.129227,40.98472]},"properties":{"osm_id":"way/866661191","kategori":"spor_salonu","ad":"Galatasaray SK Taç Spor Tesisleri"}},{"type":"Feature","geometry":{"type":"Point","coordinates":[29.058778,40.995684]},"properties":{"osm_id":"way/884239710","kategori":"spor_salonu","ad":null}},{"type":"Feature","geometry":{"type":"Point","coordinates":[29.061882,40.995683]},"properties":{"osm_id":"way/884239716","kategori":"spor_salonu","ad":null}},{"type":"Feature","geometry":{"type":"Point","coordinates":[28.80407,41.092007]},"properties":{"osm_id":"way/893033318","kategori":"spor_salonu","ad":"MİSSTANBUL SPOR SALONU"}},{"type":"Feature","geometry":{"type":"Point","coordinates":[28.802713,41.106448]},"properties":{"osm_id":"way/893763358","kategori":"spor_salonu","ad":null}},{"type":"Feature","geometry":{"type":"Point","coordinates":[28.644563,41.002723]},"properties":{"osm_id":"way/897332579","kategori":"spor_salonu","ad":"Beylikdüzü Spor Kompleksi"}},{"type":"Feature","geometry":{"type":"Point","coordinates":[28.788575,41.030588]},"properties":{"osm_id":"way/917872716","kategori":"spor_salonu","ad":"İZÜ Spor Salonu"}},{"type":"Feature","geometry":{"type":"Point","coordinates":[28.938306,41.081521]},"properties":{"osm_id":"way/922872784","kategori":"spor_salonu","ad":"Tevfik Aydeniz Spor Tesisi"}},{"type":"Feature","geometry":{"type":"Point","coordinates":[28.727202,40.98474]},"properties":{"osm_id":"way/926982108","kategori":"spor_salonu","ad":"Prof. Dr. Turgay Atasü Spor Salonu"}},{"type":"Feature","geometry":{"type":"Point","coordinates":[28.721053,40.997054]},"properties":{"osm_id":"way/926991456","kategori":"spor_salonu","ad":"Spor Bilimleri Fakültesi Avcılar Spor Kompleksi"}},{"type":"Feature","geometry":{"type":"Point","coordinates":[28.990848,41.174774]},"properties":{"osm_id":"way/931811433","kategori":"spor_salonu","ad":null}},{"type":"Feature","geometry":{"type":"Point","coordinates":[28.878029,41.106824]},"properties":{"osm_id":"way/972358300","kategori":"spor_salonu","ad":"Zara Ekinli Spor Kulübü Derneği Sosyal Tesisleri"}},{"type":"Feature","geometry":{"type":"Point","coordinates":[28.721447,40.997009]},"properties":{"osm_id":"way/979531457","kategori":"spor_salonu","ad":"İBB İstanbul Üniversitesi Avcılar Spor Kompleksi"}},{"type":"Feature","geometry":{"type":"Point","coordinates":[29.159342,40.990959]},"properties":{"osm_id":"way/1022716161","kategori":"spor_salonu","ad":null}},{"type":"Feature","geometry":{"type":"Point","coordinates":[29.152696,41.017052]},"properties":{"osm_id":"way/1023915840","kategori":"spor_salonu","ad":null}},{"type":"Feature","geometry":{"type":"Point","coordinates":[29.107093,40.97014]},"properties":{"osm_id":"way/1024266368","kategori":"spor_salonu","ad":null}},{"type":"Feature","geometry":{"type":"Point","coordinates":[28.780352,41.10643]},"properties":{"osm_id":"way/1031378772","kategori":"spor_salonu","ad":"Başakşehir Spor Parkı"}},{"type":"Feature","geometry":{"type":"Point","coordinates":[29.310282,40.812777]},"properties":{"osm_id":"way/1046518466","kategori":"spor_salonu","ad":null}},{"type":"Feature","geometry":{"type":"Point","coordinates":[28.782955,41.035122]},"properties":{"osm_id":"way/1046878900","kategori":"spor_salonu","ad":null}},{"type":"Feature","geometry":{"type":"Point","coordinates":[28.895433,41.012586]},"properties":{"osm_id":"way/1052810502","kategori":"spor_salonu","ad":null}},{"type":"Feature","geometry":{"type":"Point","coordinates":[29.090488,40.88044]},"properties":{"osm_id":"way/1081991968","kategori":"spor_salonu","ad":"Cevahir Aqua Heybeliada"}},{"type":"Feature","geometry":{"type":"Point","coordinates":[29.135516,40.927046]},"properties":{"osm_id":"way/1091917739","kategori":"spor_salonu","ad":"E.C.A Elginkan Anadolu Lisesi Spor Merkezi"}},{"type":"Feature","geometry":{"type":"Point","coordinates":[29.359254,40.917176]},"properties":{"osm_id":"way/1099345022","kategori":"spor_salonu","ad":null}},{"type":"Feature","geometry":{"type":"Point","coordinates":[29.10376,41.01145]},"properties":{"osm_id":"way/1116930810","kategori":"spor_salonu","ad":"Akedemi Ümraniye Birol Hayal Yüzme Havuzu"}},{"type":"Feature","geometry":{"type":"Point","coordinates":[28.78099,41.026627]},"properties":{"osm_id":"way/1123523152","kategori":"spor_salonu","ad":null}},{"type":"Feature","geometry":{"type":"Point","coordinates":[28.781367,41.02595]},"properties":{"osm_id":"way/1123523153","kategori":"spor_salonu","ad":null}},{"type":"Feature","geometry":{"type":"Point","coordinates":[29.04832,40.982578]},"properties":{"osm_id":"way/1131296320","kategori":"spor_salonu","ad":null}},{"type":"Feature","geometry":{"type":"Point","coordinates":[29.085491,41.001453]},"properties":{"osm_id":"way/1133984291","kategori":"spor_salonu","ad":"Esatpaşa Spor Tesisi"}},{"type":"Feature","geometry":{"type":"Point","coordinates":[28.946843,41.072052]},"properties":{"osm_id":"way/1151562526","kategori":"spor_salonu","ad":null}},{"type":"Feature","geometry":{"type":"Point","coordinates":[28.681855,41.042352]},"properties":{"osm_id":"way/1160648158","kategori":"spor_salonu","ad":"Yenikent Mustafa Akboğa Kapalı Yüzme Havuzu"}},{"type":"Feature","geometry":{"type":"Point","coordinates":[28.672914,41.03684]},"properties":{"osm_id":"way/1165233076","kategori":"spor_salonu","ad":"Esenyurt Belediyesi Yarı Olimpik Yüzme ve Spor Kompleksi"}},{"type":"Feature","geometry":{"type":"Point","coordinates":[28.662762,40.96333]},"properties":{"osm_id":"way/1167133080","kategori":"spor_salonu","ad":null}},{"type":"Feature","geometry":{"type":"Point","coordinates":[29.094309,41.073182]},"properties":{"osm_id":"way/1167918460","kategori":"spor_salonu","ad":null}},{"type":"Feature","geometry":{"type":"Point","coordinates":[28.84018,40.985183]},"properties":{"osm_id":"way/1171288169","kategori":"spor_salonu","ad":null}},{"type":"Feature","geometry":{"type":"Point","coordinates":[29.299335,40.833253]},"properties":{"osm_id":"way/1190464966","kategori":"spor_salonu","ad":null}},{"type":"Feature","geometry":{"type":"Point","coordinates":[28.910937,41.044502]},"properties":{"osm_id":"way/1213727772","kategori":"spor_salonu","ad":"Bayrampaşa Spor Kompleksi"}},{"type":"Feature","geometry":{"type":"Point","coordinates":[28.259448,41.08516]},"properties":{"osm_id":"way/1220438926","kategori":"spor_salonu","ad":null}},{"type":"Feature","geometry":{"type":"Point","coordinates":[28.877974,41.025006]},"properties":{"osm_id":"way/1221917982","kategori":"spor_salonu","ad":null}},{"type":"Feature","geometry":{"type":"Point","coordinates":[28.929308,41.081808]},"properties":{"osm_id":"way/1224762966","kategori":"spor_salonu","ad":"Eyüpsultan Belediyesi Yüzme Havuzu"}},{"type":"Feature","geometry":{"type":"Point","coordinates":[29.236567,40.964829]},"properties":{"osm_id":"way/1225639552","kategori":"spor_salonu","ad":null}},{"type":"Feature","geometry":{"type":"Point","coordinates":[29.236648,40.964982]},"properties":{"osm_id":"way/1225640321","kategori":"spor_salonu","ad":"Bizimtepe Aydos Spor Kompleksi"}},{"type":"Feature","geometry":{"type":"Point","coordinates":[29.099474,41.051374]},"properties":{"osm_id":"way/1228019490","kategori":"spor_salonu","ad":"Ümraniye Belediyesi Beytullah Eroğlu Yüzme Havuzu"}},{"type":"Feature","geometry":{"type":"Point","coordinates":[29.099451,41.051525]},"properties":{"osm_id":"way/1228019491","kategori":"spor_salonu","ad":"Ümraniye Belediyesi Beytullah Eroğlu Yüzme Havuzu"}},{"type":"Feature","geometry":{"type":"Point","coordinates":[28.897457,41.037995]},"properties":{"osm_id":"way/1234700471","kategori":"spor_salonu","ad":"Mobil İmam Hatip Ortaokulu Kapalı Spor Salonu"}},{"type":"Feature","geometry":{"type":"Point","coordinates":[28.745174,41.088687]},"properties":{"osm_id":"way/1237886580","kategori":"spor_salonu","ad":"Güvercintepe Spor Parkı"}},{"type":"Feature","geometry":{"type":"Point","coordinates":[29.140177,40.942775]},"properties":{"osm_id":"way/1239880133","kategori":"spor_salonu","ad":null}},{"type":"Feature","geometry":{"type":"Point","coordinates":[29.020418,41.080623]},"properties":{"osm_id":"way/1244844962","kategori":"spor_salonu","ad":"TSYD Spor Tesisleri"}},{"type":"Feature","geometry":{"type":"Point","coordinates":[28.881,41.096487]},"properties":{"osm_id":"way/1246168855","kategori":"spor_salonu","ad":"Sezai Karakoç Gençlik, Spor ve Engelliler Merkezi"}},{"type":"Feature","geometry":{"type":"Point","coordinates":[28.923203,41.071695]},"properties":{"osm_id":"way/1292677882","kategori":"spor_salonu","ad":"Tırmanma Duvarı"}},{"type":"Feature","geometry":{"type":"Point","coordinates":[29.069758,41.054114]},"properties":{"osm_id":"way/1293008651","kategori":"spor_salonu","ad":"Mehmet Çakır Kültür ve Spor Merkezi"}},{"type":"Feature","geometry":{"type":"Point","coordinates":[28.740728,40.970878]},"properties":{"osm_id":"way/1297338822","kategori":"spor_salonu","ad":null}},{"type":"Feature","geometry":{"type":"Point","coordinates":[28.858622,41.066072]},"properties":{"osm_id":"way/1302933692","kategori":"spor_salonu","ad":"Esenler Mehmet Öcalan Spor Kompleksi"}},{"type":"Feature","geometry":{"type":"Point","coordinates":[29.245358,41.015745]},"properties":{"osm_id":"way/1313926945","kategori":"spor_salonu","ad":"Sancaktepe Yenidoğan Kapalı Yüzme Havuzu"}},{"type":"Feature","geometry":{"type":"Point","coordinates":[29.227985,40.978558]},"properties":{"osm_id":"way/1314690087","kategori":"spor_salonu","ad":null}},{"type":"Feature","geometry":{"type":"Point","coordinates":[28.971165,41.095112]},"properties":{"osm_id":"way/1315073695","kategori":"spor_salonu","ad":"Hamidiye Spor Merkezi"}},{"type":"Feature","geometry":{"type":"Point","coordinates":[29.087751,40.959199]},"properties":{"osm_id":"way/1316797688","kategori":"spor_salonu","ad":"Miltaş Sport Tesisleri"}},{"type":"Feature","geometry":{"type":"Point","coordinates":[28.758516,41.066147]},"properties":{"osm_id":"way/1317437776","kategori":"spor_salonu","ad":null}},{"type":"Feature","geometry":{"type":"Point","coordinates":[28.880504,41.002211]},"properties":{"osm_id":"way/1327038535","kategori":"spor_salonu","ad":"Bahçelievler Spor Kompleksi"}},{"type":"Feature","geometry":{"type":"Point","coordinates":[29.214969,41.004638]},"properties":{"osm_id":"way/1328597038","kategori":"spor_salonu","ad":"Kemal Ayyıldız Yarı Olimpik Yüzme Havuzu"}},{"type":"Feature","geometry":{"type":"Point","coordinates":[28.799716,40.97502]},"properties":{"osm_id":"way/1350086289","kategori":"spor_salonu","ad":"Metin Oktay Spor Tesisleri"}},{"type":"Feature","geometry":{"type":"Point","coordinates":[28.905975,40.994046]},"properties":{"osm_id":"way/1353152271","kategori":"spor_salonu","ad":"Zeytinburnu Belediyesi Spor Salonu"}},{"type":"Feature","geometry":{"type":"Point","coordinates":[29.219791,40.906748]},"properties":{"osm_id":"way/1377709293","kategori":"spor_salonu","ad":"Yakacık Kapalı Yüzme Havuzu"}},{"type":"Feature","geometry":{"type":"Point","coordinates":[29.105818,40.957601]},"properties":{"osm_id":"way/1380596402","kategori":"spor_salonu","ad":"Kılıç Spor Tesisi"}},{"type":"Feature","geometry":{"type":"Point","coordinates":[29.002141,41.093983]},"properties":{"osm_id":"way/1381488160","kategori":"spor_salonu","ad":null}},{"type":"Feature","geometry":{"type":"Point","coordinates":[28.832451,40.989699]},"properties":{"osm_id":"way/1381649031","kategori":"spor_salonu","ad":null}},{"type":"Feature","geometry":{"type":"Point","coordinates":[28.833092,41.05818]},"properties":{"osm_id":"way/1381652928","kategori":"spor_salonu","ad":"Ay Yıldız Halı Saha"}},{"type":"Feature","geometry":{"type":"Point","coordinates":[28.822427,41.041652]},"properties":{"osm_id":"way/1381652961","kategori":"spor_salonu","ad":null}},{"type":"Feature","geometry":{"type":"Point","coordinates":[29.269856,40.924769]},"properties":{"osm_id":"way/1383340116","kategori":"spor_salonu","ad":null}},{"type":"Feature","geometry":{"type":"Point","coordinates":[29.122812,40.984688]},"properties":{"osm_id":"way/1383522813","kategori":"spor_salonu","ad":null}},{"type":"Feature","geometry":{"type":"Point","coordinates":[29.10371,41.011463]},"properties":{"osm_id":"way/1383565223","kategori":"spor_salonu","ad":null}},{"type":"Feature","geometry":{"type":"Point","coordinates":[29.235918,41.00145]},"properties":{"osm_id":"way/1384653775","kategori":"spor_salonu","ad":null}},{"type":"Feature","geometry":{"type":"Point","coordinates":[28.931945,41.025657]},"properties":{"osm_id":"way/1385365308","kategori":"spor_salonu","ad":null}},{"type":"Feature","geometry":{"type":"Point","coordinates":[29.217961,40.89607]},"properties":{"osm_id":"way/1389550778","kategori":"spor_salonu","ad":null}},{"type":"Feature","geometry":{"type":"Point","coordinates":[29.186149,40.959054]},"properties":{"osm_id":"way/1396061328","kategori":"spor_salonu","ad":"Marmara Eğitim Kurumları Spor Tesisleri"}},{"type":"Feature","geometry":{"type":"Point","coordinates":[29.193327,40.894889]},"properties":{"osm_id":"way/1413016503","kategori":"spor_salonu","ad":"Kartal Spor Klübü Gençlik Geliştirme Merkezi"}},{"type":"Feature","geometry":{"type":"Point","coordinates":[28.900301,41.07611]},"properties":{"osm_id":"way/1414258552","kategori":"spor_salonu","ad":"Küçükköy Yüzme Havuzu ve Fitness Merkezi"}},{"type":"Feature","geometry":{"type":"Point","coordinates":[28.80016,41.134134]},"properties":{"osm_id":"way/1421324731","kategori":"spor_salonu","ad":"İbn Haldun Üniversitesi Spor Merkezi"}},{"type":"Feature","geometry":{"type":"Point","coordinates":[28.823712,40.998343]},"properties":{"osm_id":"way/1422136475","kategori":"spor_salonu","ad":null}},{"type":"Feature","geometry":{"type":"Point","coordinates":[28.830419,40.997044]},"properties":{"osm_id":"way/1422136484","kategori":"spor_salonu","ad":null}},{"type":"Feature","geometry":{"type":"Point","coordinates":[28.832399,40.996657]},"properties":{"osm_id":"way/1422136488","kategori":"spor_salonu","ad":null}},{"type":"Feature","geometry":{"type":"Point","coordinates":[28.823358,41.014173]},"properties":{"osm_id":"way/1422141136","kategori":"spor_salonu","ad":null}},{"type":"Feature","geometry":{"type":"Point","coordinates":[28.827493,41.016747]},"properties":{"osm_id":"way/1422141142","kategori":"spor_salonu","ad":null}},{"type":"Feature","geometry":{"type":"Point","coordinates":[28.837243,41.018968]},"properties":{"osm_id":"way/1422141148","kategori":"spor_salonu","ad":null}},{"type":"Feature","geometry":{"type":"Point","coordinates":[29.05222,41.020346]},"properties":{"osm_id":"way/1423940134","kategori":"spor_salonu","ad":null}},{"type":"Feature","geometry":{"type":"Point","coordinates":[29.053364,41.019578]},"properties":{"osm_id":"way/1423940135","kategori":"spor_salonu","ad":null}},{"type":"Feature","geometry":{"type":"Point","coordinates":[29.130167,40.963525]},"properties":{"osm_id":"way/1433511873","kategori":"spor_salonu","ad":"Marmara Üniversitesi Spor Sahaları"}},{"type":"Feature","geometry":{"type":"Point","coordinates":[29.124099,41.110193]},"properties":{"osm_id":"way/1436219392","kategori":"spor_salonu","ad":null}},{"type":"Feature","geometry":{"type":"Point","coordinates":[29.223809,40.98751]},"properties":{"osm_id":"way/1446859272","kategori":"spor_salonu","ad":"19 Mayıs Spor Parkı"}},{"type":"Feature","geometry":{"type":"Point","coordinates":[28.713538,41.071089]},"properties":{"osm_id":"way/1453369093","kategori":"spor_salonu","ad":null}},{"type":"Feature","geometry":{"type":"Point","coordinates":[29.042957,41.040402]},"properties":{"osm_id":"way/1453510328","kategori":"spor_salonu","ad":null}},{"type":"Feature","geometry":{"type":"Point","coordinates":[29.071993,41.001459]},"properties":{"osm_id":"way/1456719655","kategori":"spor_salonu","ad":"Muhsin Yazıcıoğlu Kapalı Spor Salonu"}},{"type":"Feature","geometry":{"type":"Point","coordinates":[29.124867,41.021355]},"properties":{"osm_id":"way/1457603212","kategori":"spor_salonu","ad":null}},{"type":"Feature","geometry":{"type":"Point","coordinates":[28.646854,41.0964]},"properties":{"osm_id":"way/1458144433","kategori":"spor_salonu","ad":null}},{"type":"Feature","geometry":{"type":"Point","coordinates":[29.05986,40.995059]},"properties":{"osm_id":"way/1463745834","kategori":"spor_salonu","ad":null}},{"type":"Feature","geometry":{"type":"Point","coordinates":[29.161564,41.014339]},"properties":{"osm_id":"way/1466829128","kategori":"spor_salonu","ad":null}},{"type":"Feature","geometry":{"type":"Point","coordinates":[29.225593,41.033207]},"properties":{"osm_id":"way/1467877777","kategori":"spor_salonu","ad":null}},{"type":"Feature","geometry":{"type":"Point","coordinates":[29.228961,40.973478]},"properties":{"osm_id":"way/1468074298","kategori":"spor_salonu","ad":null}},{"type":"Feature","geometry":{"type":"Point","coordinates":[29.146877,40.902295]},"properties":{"osm_id":"way/1470781682","kategori":"spor_salonu","ad":null}},{"type":"Feature","geometry":{"type":"Point","coordinates":[29.225856,41.002461]},"properties":{"osm_id":"way/1472821385","kategori":"spor_salonu","ad":"Beşiktaş JK Futbol Akademisi 15 Temmuz Tesisleri"}},{"type":"Feature","geometry":{"type":"Point","coordinates":[29.104909,41.025603]},"properties":{"osm_id":"way/1472906659","kategori":"spor_salonu","ad":null}},{"type":"Feature","geometry":{"type":"Point","coordinates":[29.068247,41.020273]},"properties":{"osm_id":"way/1472906670","kategori":"spor_salonu","ad":null}},{"type":"Feature","geometry":{"type":"Point","coordinates":[28.870781,41.022836]},"properties":{"osm_id":"way/1473340378","kategori":"spor_salonu","ad":null}},{"type":"Feature","geometry":{"type":"Point","coordinates":[29.110244,41.053643]},"properties":{"osm_id":"way/1478655329","kategori":"spor_salonu","ad":null}},{"type":"Feature","geometry":{"type":"Point","coordinates":[28.823241,41.035435]},"properties":{"osm_id":"way/1484337074","kategori":"spor_salonu","ad":null}},{"type":"Feature","geometry":{"type":"Point","coordinates":[29.260448,41.042083]},"properties":{"osm_id":"way/1486539276","kategori":"spor_salonu","ad":null}},{"type":"Feature","geometry":{"type":"Point","coordinates":[29.234096,41.047668]},"properties":{"osm_id":"way/1486931569","kategori":"spor_salonu","ad":null}},{"type":"Feature","geometry":{"type":"Point","coordinates":[29.236116,41.047593]},"properties":{"osm_id":"way/1487764126","kategori":"spor_salonu","ad":null}},{"type":"Feature","geometry":{"type":"Point","coordinates":[28.744911,41.088721]},"properties":{"osm_id":"way/1487920936","kategori":"spor_salonu","ad":null}},{"type":"Feature","geometry":{"type":"Point","coordinates":[28.773762,41.067593]},"properties":{"osm_id":"way/1487920940","kategori":"spor_salonu","ad":"Ayazma Spor Parkı"}},{"type":"Feature","geometry":{"type":"Point","coordinates":[28.773887,41.067732]},"properties":{"osm_id":"way/1487920941","kategori":"spor_salonu","ad":null}},{"type":"Feature","geometry":{"type":"Point","coordinates":[28.758515,41.06611]},"properties":{"osm_id":"way/1487920947","kategori":"spor_salonu","ad":"Altınşehir Millet Bahçesi Spor Parkı"}},{"type":"Feature","geometry":{"type":"Point","coordinates":[29.249615,41.081067]},"properties":{"osm_id":"way/1488807446","kategori":"spor_salonu","ad":null}},{"type":"Feature","geometry":{"type":"Point","coordinates":[28.842743,41.063687]},"properties":{"osm_id":"way/1490288489","kategori":"spor_salonu","ad":null}},{"type":"Feature","geometry":{"type":"Point","coordinates":[28.839426,41.064087]},"properties":{"osm_id":"way/1490383848","kategori":"spor_salonu","ad":null}},{"type":"Feature","geometry":{"type":"Point","coordinates":[29.351076,41.075072]},"properties":{"osm_id":"way/1490619432","kategori":"spor_salonu","ad":null}},{"type":"Feature","geometry":{"type":"Point","coordinates":[28.83592,41.05815]},"properties":{"osm_id":"way/1491401465","kategori":"spor_salonu","ad":"Göztepe Spor Kompleksi"}},{"type":"Feature","geometry":{"type":"Point","coordinates":[28.885129,41.064878]},"properties":{"osm_id":"way/1496290461","kategori":"spor_salonu","ad":null}},{"type":"Feature","geometry":{"type":"Point","coordinates":[29.101534,41.034481]},"properties":{"osm_id":"way/1502802788","kategori":"spor_salonu","ad":null}},{"type":"Feature","geometry":{"type":"Point","coordinates":[29.117204,41.037163]},"properties":{"osm_id":"way/1502823979","kategori":"spor_salonu","ad":null}},{"type":"Feature","geometry":{"type":"Point","coordinates":[29.077347,41.044586]},"properties":{"osm_id":"way/1503345355","kategori":"spor_salonu","ad":null}},{"type":"Feature","geometry":{"type":"Point","coordinates":[29.051576,41.023955]},"properties":{"osm_id":"way/1503413109","kategori":"spor_salonu","ad":null}},{"type":"Feature","geometry":{"type":"Point","coordinates":[29.04751,41.036358]},"properties":{"osm_id":"way/1503595062","kategori":"spor_salonu","ad":null}},{"type":"Feature","geometry":{"type":"Point","coordinates":[29.047496,41.039749]},"properties":{"osm_id":"way/1503595070","kategori":"spor_salonu","ad":null}},{"type":"Feature","geometry":{"type":"Point","coordinates":[28.241033,41.092935]},"properties":{"osm_id":"way/1511175446","kategori":"spor_salonu","ad":"Agena Spor Kompleksi"}},{"type":"Feature","geometry":{"type":"Point","coordinates":[29.225359,40.96292]},"properties":{"osm_id":"way/1515577432","kategori":"spor_salonu","ad":"Akpınar San-Fit"}},{"type":"Feature","geometry":{"type":"Point","coordinates":[29.25476,41.023323]},"properties":{"osm_id":"way/1515688200","kategori":"spor_salonu","ad":"Hilal Mahallesi San-Fit"}},{"type":"Feature","geometry":{"type":"Point","coordinates":[29.251165,41.010319]},"properties":{"osm_id":"way/1515688203","kategori":"spor_salonu","ad":"Safa Mahallesi San-Fit"}},{"type":"Feature","geometry":{"type":"Point","coordinates":[29.24781,40.991382]},"properties":{"osm_id":"way/1516078448","kategori":"spor_salonu","ad":null}},{"type":"Feature","geometry":{"type":"Point","coordinates":[29.247506,40.99257]},"properties":{"osm_id":"way/1517797526","kategori":"spor_salonu","ad":null}},{"type":"Feature","geometry":{"type":"Point","coordinates":[29.170479,41.01746]},"properties":{"osm_id":"way/1517814191","kategori":"spor_salonu","ad":null}},{"type":"Feature","geometry":{"type":"Point","coordinates":[29.236213,40.986959]},"properties":{"osm_id":"way/1518487978","kategori":"spor_salonu","ad":null}},{"type":"Feature","geometry":{"type":"Point","coordinates":[29.261143,40.973081]},"properties":{"osm_id":"way/1521308310","kategori":"spor_salonu","ad":null}},{"type":"Feature","geometry":{"type":"Point","coordinates":[29.259915,40.97324]},"properties":{"osm_id":"way/1521308311","kategori":"spor_salonu","ad":null}},{"type":"Feature","geometry":{"type":"Point","coordinates":[29.223836,40.977173]},"properties":{"osm_id":"way/1521864412","kategori":"spor_salonu","ad":null}},{"type":"Feature","geometry":{"type":"Point","coordinates":[28.787881,41.139743]},"properties":{"osm_id":"way/1526881580","kategori":"spor_salonu","ad":"Fenertepe Spor Parkı"}},{"type":"Feature","geometry":{"type":"Point","coordinates":[28.762386,41.107053]},"properties":{"osm_id":"way/1526881581","kategori":"spor_salonu","ad":"Kayaşehir Spor Parkı"}},{"type":"Feature","geometry":{"type":"Point","coordinates":[29.34875,40.893908]},"properties":{"osm_id":"way/1528050467","kategori":"spor_salonu","ad":null}},{"type":"Feature","geometry":{"type":"Point","coordinates":[28.771158,41.022019]},"properties":{"osm_id":"way/1531235520","kategori":"spor_salonu","ad":null}},{"type":"Feature","geometry":{"type":"Point","coordinates":[29.038671,41.117456]},"properties":{"osm_id":"way/1540236530","kategori":"spor_salonu","ad":"Türkiye Tenis Federasyonu İstanbul Merkezi"}},{"type":"Feature","geometry":{"type":"Point","coordinates":[29.036329,41.112232]},"properties":{"osm_id":"way/1540340148","kategori":"spor_salonu","ad":"ENKA Sadi Gülçelik Spor Sitesi"}},{"type":"Feature","geometry":{"type":"Point","coordinates":[29.038847,41.114959]},"properties":{"osm_id":"way/1540757314","kategori":"spor_salonu","ad":"İstinye Avcılık ve Atıcılık Spor Kulübü"}},{"type":"Feature","geometry":{"type":"Point","coordinates":[28.764524,41.058852]},"properties":{"osm_id":"way/1546423410","kategori":"spor_salonu","ad":null}},{"type":"Feature","geometry":{"type":"Point","coordinates":[28.764352,41.052565]},"properties":{"osm_id":"way/1546423512","kategori":"spor_salonu","ad":null}},{"type":"Feature","geometry":{"type":"Point","coordinates":[28.765649,41.054303]},"properties":{"osm_id":"way/1546423549","kategori":"spor_salonu","ad":null}},{"type":"Feature","geometry":{"type":"Point","coordinates":[28.764379,41.054035]},"properties":{"osm_id":"way/1546423553","kategori":"spor_salonu","ad":null}},{"type":"Feature","geometry":{"type":"Point","coordinates":[28.764288,41.050277]},"properties":{"osm_id":"way/1546423587","kategori":"spor_salonu","ad":null}},{"type":"Feature","geometry":{"type":"Point","coordinates":[28.765653,41.048626]},"properties":{"osm_id":"way/1546423621","kategori":"spor_salonu","ad":null}},{"type":"Feature","geometry":{"type":"Point","coordinates":[28.767208,41.04874]},"properties":{"osm_id":"way/1546423631","kategori":"spor_salonu","ad":null}},{"type":"Feature","geometry":{"type":"Point","coordinates":[28.766294,41.047858]},"properties":{"osm_id":"way/1546423663","kategori":"spor_salonu","ad":null}},{"type":"Feature","geometry":{"type":"Point","coordinates":[28.76556,41.047466]},"properties":{"osm_id":"way/1546423664","kategori":"spor_salonu","ad":null}},{"type":"Feature","geometry":{"type":"Point","coordinates":[28.767655,41.056461]},"properties":{"osm_id":"way/1546516217","kategori":"spor_salonu","ad":null}},{"type":"Feature","geometry":{"type":"Point","coordinates":[28.769801,41.058857]},"properties":{"osm_id":"way/1546516264","kategori":"spor_salonu","ad":null}},{"type":"Feature","geometry":{"type":"Point","coordinates":[28.769582,41.058951]},"properties":{"osm_id":"way/1546516267","kategori":"spor_salonu","ad":null}},{"type":"Feature","geometry":{"type":"Point","coordinates":[29.271203,40.897411]},"properties":{"osm_id":"way/1550765132","kategori":"spor_salonu","ad":"Mete Gazoz Spor Kompleksi"}},{"type":"Feature","geometry":{"type":"Point","coordinates":[29.23481,40.996291]},"properties":{"osm_id":"way/1551997187","kategori":"spor_salonu","ad":null}},{"type":"Feature","geometry":{"type":"Point","coordinates":[29.203645,41.004985]},"properties":{"osm_id":"way/1557929329","kategori":"spor_salonu","ad":null}}]}