{"type":"FeatureCollection","kaynak":"OpenStreetMap katkıcıları, ODbL 1.0, Overpass API ile çekildi","cekim_tarihi":"2026-09-18","features":[{"type":"Feature","geometry":{"type":"Point","coordinates":[28.9560174,41.0126599]},"properties":{"osm_id":"node/277139039","kategori":"eczane","ad":null}},{"type":"Feature","geometry":{"type":"Point","coordinates":[29.0139259,41.01175]},"properties":{"osm_id":"node/672727479","kategori":"eczane","ad":"Çiçekçi Eczanesi"}},{"type":"Feature","geometry":{"type":"Point","coordinates":[29.0361989,41.0084096]},"properties":{"osm_id":"node/769897072","kategori":"eczane","ad":null}},{"type":"Feature","geometry":{"type":"Point","coordinates":[29.1522217,40.9459641]},"properties":{"osm_id":"node/806437321","kategori":"eczane","ad":"Zümrütevler Eczanesi"}},{"type":"Feature","geometry":{"type":"Point","coordinates":[29.1519588,40.9449632]},"properties":{"osm_id":"node/806437324","kategori":"eczane","ad":"Şifa Eczanesi"}},{"type":"Feature","geometry":{"type":"Point","coordinates":[29.1530746,40.9470419]},"properties":{"osm_id":"node/806437325","kategori":"eczane","ad":"Bilim Eczanesi"}},{"type":"Feature","geometry":{"type":"Point","coordinates":[29.1497943,40.9426495]},"properties":{"osm_id":"node/806437326","kategori":"eczane","ad":"Zümrütevler Eczanesi"}},{"type":"Feature","geometry":{"type":"Point","coordinates":[28.9300811,41.0155146]},"properties":{"osm_id":"node/809761479","kategori":"eczane","ad":"Nural Eczanesi"}},{"type":"Feature","geometry":{"type":"Point","coordinates":[28.9310323,41.0155388]},"properties":{"osm_id":"node/881897876","kategori":"eczane","ad":"Çapa Şifa Eczanesi"}},{"type":"Feature","geometry":{"type":"Point","coordinates":[28.9321518,41.013341]},"properties":{"osm_id":"node/899144651","kategori":"eczane","ad":"Olgun Eczanesi"}},{"type":"Feature","geometry":{"type":"Point","coordinates":[28.9287239,41.0145574]},"properties":{"osm_id":"node/912231445","kategori":"eczane","ad":"Kanaat Eczanesi"}},{"type":"Feature","geometry":{"type":"Point","coordinates":[28.9335451,41.0126251]},"properties":{"osm_id":"node/913569400","kategori":"eczane","ad":"Aytu Eczanesi"}},{"type":"Feature","geometry":{"type":"Point","coordinates":[28.9921763,41.0593241]},"properties":{"osm_id":"node/932238565","kategori":"eczane","ad":"Sisli Baran"}},{"type":"Feature","geometry":{"type":"Point","coordinates":[28.9286334,41.0150958]},"properties":{"osm_id":"node/963265489","kategori":"eczane","ad":"Bizim Eczane"}},{"type":"Feature","geometry":{"type":"Point","coordinates":[28.9327124,41.0149419]},"properties":{"osm_id":"node/1054695288","kategori":"eczane","ad":"تكين ميديكال"}},{"type":"Feature","geometry":{"type":"Point","coordinates":[28.9820042,41.0288731]},"properties":{"osm_id":"node/1072713876","kategori":"eczane","ad":null}},{"type":"Feature","geometry":{"type":"Point","coordinates":[28.9798078,41.0284635]},"properties":{"osm_id":"node/1072713880","kategori":"eczane","ad":"Sıhhat Eczanesi"}},{"type":"Feature","geometry":{"type":"Point","coordinates":[28.9828067,41.031284]},"properties":{"osm_id":"node/1072713882","kategori":"eczane","ad":null}},{"type":"Feature","geometry":{"type":"Point","coordinates":[29.1383075,41.0059012]},"properties":{"osm_id":"node/1313818239","kategori":"eczane","ad":"Kuzey"}},{"type":"Feature","geometry":{"type":"Point","coordinates":[29.1405468,41.0047827]},"properties":{"osm_id":"node/1315366029","kategori":"eczane","ad":null}},{"type":"Feature","geometry":{"type":"Point","coordinates":[28.9832455,41.0325225]},"properties":{"osm_id":"node/1613977081","kategori":"eczane","ad":null}},{"type":"Feature","geometry":{"type":"Point","coordinates":[29.0734674,40.9969992]},"properties":{"osm_id":"node/1690847747","kategori":"eczane","ad":null}},{"type":"Feature","geometry":{"type":"Point","coordinates":[29.0703877,41.1218778]},"properties":{"osm_id":"node/1746350064","kategori":"eczane","ad":"Gönül Eczanesi"}},{"type":"Feature","geometry":{"type":"Point","coordinates":[29.0267865,41.0813139]},"properties":{"osm_id":"node/1863221196","kategori":"eczane","ad":"Çınar Eczanesi"}},{"type":"Feature","geometry":{"type":"Point","coordinates":[28.7816,40.992457]},"properties":{"osm_id":"node/1867535369","kategori":"eczane","ad":"DUYGU ECZANESİ"}},{"type":"Feature","geometry":{"type":"Point","coordinates":[28.781688,40.99271]},"properties":{"osm_id":"node/1867536786","kategori":"eczane","ad":"UMUT ECZANESİ"}},{"type":"Feature","geometry":{"type":"Point","coordinates":[28.781507,40.992598]},"properties":{"osm_id":"node/1867698217","kategori":"eczane","ad":"AYŞEM ECZANESİ"}},{"type":"Feature","geometry":{"type":"Point","coordinates":[28.781832,40.992346]},"properties":{"osm_id":"node/1867699588","kategori":"eczane","ad":"Eczane Yüce"}},{"type":"Feature","geometry":{"type":"Point","coordinates":[29.0843732,41.0242528]},"properties":{"osm_id":"node/1903806371","kategori":"eczane","ad":"Santral Eczane Optik"}},{"type":"Feature","geometry":{"type":"Point","coordinates":[29.0379158,41.0147933]},"properties":{"osm_id":"node/1906968105","kategori":"eczane","ad":"Cevher Eczanesi"}},{"type":"Feature","geometry":{"type":"Point","coordinates":[28.9852643,41.0400782]},"properties":{"osm_id":"node/1912881347","kategori":"eczane","ad":"Yıldız Eczane"}},{"type":"Feature","geometry":{"type":"Point","coordinates":[29.0760386,41.0505077]},"properties":{"osm_id":"node/1920258408","kategori":"eczane","ad":null}},{"type":"Feature","geometry":{"type":"Point","coordinates":[29.0760654,41.0462922]},"properties":{"osm_id":"node/1920284173","kategori":"eczane","ad":"Aynur Eczanesi"}},{"type":"Feature","geometry":{"type":"Point","coordinates":[29.075875,41.0463427]},"properties":{"osm_id":"node/1920284187","kategori":"eczane","ad":"Ünlü Eczanesi"}},{"type":"Feature","geometry":{"type":"Point","coordinates":[29.0769291,41.0496601]},"properties":{"osm_id":"node/1920284194","kategori":"eczane","ad":"Çengelköy Pozitif Eczanesi"}},{"type":"Feature","geometry":{"type":"Point","coordinates":[29.0326452,41.0165332]},"properties":{"osm_id":"node/1921501429","kategori":"eczane","ad":null}},{"type":"Feature","geometry":{"type":"Point","coordinates":[28.6266188,41.0049927]},"properties":{"osm_id":"node/1932221992","kategori":"eczane","ad":"Park Eczanesi"}},{"type":"Feature","geometry":{"type":"Point","coordinates":[29.0440061,41.0436129]},"properties":{"osm_id":"node/1964721546","kategori":"eczane","ad":"Büyük Eczane"}},{"type":"Feature","geometry":{"type":"Point","coordinates":[29.0439174,41.0435198]},"properties":{"osm_id":"node/1964721551","kategori":"eczane","ad":"Eczane Hülya"}},{"type":"Feature","geometry":{"type":"Point","coordinates":[29.1911374,40.9018714]},"properties":{"osm_id":"node/2126645724","kategori":"eczane","ad":"Ertürk Eczanesi"}},{"type":"Feature","geometry":{"type":"Point","coordinates":[29.192015,41.0217113]},"properties":{"osm_id":"node/2260659379","kategori":"eczane","ad":null}},{"type":"Feature","geometry":{"type":"Point","coordinates":[29.0005374,41.0672731]},"properties":{"osm_id":"node/2261241221","kategori":"eczane","ad":null}},{"type":"Feature","geometry":{"type":"Point","coordinates":[29.1922136,41.0183176]},"properties":{"osm_id":"node/2268511654","kategori":"eczane","ad":"Çekmeköy Eczanesi"}},{"type":"Feature","geometry":{"type":"Point","coordinates":[28.6468343,41.018257]},"properties":{"osm_id":"node/2277549281","kategori":"eczane","ad":"Story Eczanesi"}},{"type":"Feature","geometry":{"type":"Point","coordinates":[29.0719645,40.9837571]},"properties":{"osm_id":"node/2277775980","kategori":"eczane","ad":"Öndersev Eczanesi"}},{"type":"Feature","geometry":{"type":"Point","coordinates":[29.1793009,41.0113233]},"properties":{"osm_id":"node/2340479894","kategori":"eczane","ad":"Eltes Eczanesi"}},{"type":"Feature","geometry":{"type":"Point","coordinates":[29.0140955,41.0878639]},"properties":{"osm_id":"node/2353952286","kategori":"eczane","ad":"Ömür Eczanesi"}},{"type":"Feature","geometry":{"type":"Point","coordinates":[28.9067801,41.0987875]},"properties":{"osm_id":"node/2363429155","kategori":"eczane","ad":null}},{"type":"Feature","geometry":{"type":"Point","coordinates":[28.9140331,41.0565471]},"properties":{"osm_id":"node/2363452821","kategori":"eczane","ad":"Havuzbaşı Eczanesi"}},{"type":"Feature","geometry":{"type":"Point","coordinates":[28.8498168,40.9851425]},"properties":{"osm_id":"node/2382971262","kategori":"eczane","ad":"Barış Eczanesi"}},{"type":"Feature","geometry":{"type":"Point","coordinates":[29.1414146,40.9991424]},"properties":{"osm_id":"node/2514353749","kategori":"eczane","ad":"Sarissa"}},{"type":"Feature","geometry":{"type":"Point","coordinates":[28.6554807,41.0201321]},"properties":{"osm_id":"node/2661346539","kategori":"eczane","ad":null}},{"type":"Feature","geometry":{"type":"Point","coordinates":[29.0495964,40.9810291]},"properties":{"osm_id":"node/2701626282","kategori":"eczane","ad":"Feneryolu Eczanesi"}},{"type":"Feature","geometry":{"type":"Point","coordinates":[29.0476473,40.9778051]},"properties":{"osm_id":"node/2701647360","kategori":"eczane","ad":"Gümüş Eczanesi"}},{"type":"Feature","geometry":{"type":"Point","coordinates":[29.0288781,41.1970123]},"properties":{"osm_id":"node/2797387126","kategori":"eczane","ad":"İkizler Eczanesi"}},{"type":"Feature","geometry":{"type":"Point","coordinates":[29.1185032,40.9391652]},"properties":{"osm_id":"node/2828693890","kategori":"eczane","ad":"Arda"}},{"type":"Feature","geometry":{"type":"Point","coordinates":[29.1194125,40.9400142]},"properties":{"osm_id":"node/2828738803","kategori":"eczane","ad":"Figen"}},{"type":"Feature","geometry":{"type":"Point","coordinates":[29.1255017,40.9453161]},"properties":{"osm_id":"node/2829216934","kategori":"eczane","ad":"Gaye"}},{"type":"Feature","geometry":{"type":"Point","coordinates":[29.1254628,40.9461042]},"properties":{"osm_id":"node/2829258534","kategori":"eczane","ad":"Gülen"}},{"type":"Feature","geometry":{"type":"Point","coordinates":[29.0366947,41.2453134]},"properties":{"osm_id":"node/2831998998","kategori":"eczane","ad":"Kumköy Eczanesi"}},{"type":"Feature","geometry":{"type":"Point","coordinates":[29.1674593,40.9012002]},"properties":{"osm_id":"node/2843137884","kategori":"eczane","ad":"Demircioğlu Eczanesi"}},{"type":"Feature","geometry":{"type":"Point","coordinates":[29.1671306,40.9011073]},"properties":{"osm_id":"node/2843137889","kategori":"eczane","ad":"Neslihan Eczanesi"}},{"type":"Feature","geometry":{"type":"Point","coordinates":[28.6972441,41.0084673]},"properties":{"osm_id":"node/2928527539","kategori":"eczane","ad":null}},{"type":"Feature","geometry":{"type":"Point","coordinates":[29.0558461,40.9738646]},"properties":{"osm_id":"node/3053121034","kategori":"eczane","ad":"Eczane Tanyer"}},{"type":"Feature","geometry":{"type":"Point","coordinates":[29.0545397,40.9724712]},"properties":{"osm_id":"node/3053122266","kategori":"eczane","ad":"Eczane Tuğçe"}},{"type":"Feature","geometry":{"type":"Point","coordinates":[29.0923384,41.0255713]},"properties":{"osm_id":"node/3105263318","kategori":"eczane","ad":"Seda Eczanesi"}},{"type":"Feature","geometry":{"type":"Point","coordinates":[28.8721548,41.0165245]},"properties":{"osm_id":"node/3127704553","kategori":"eczane","ad":"Çağrı Eczanesi"}},{"type":"Feature","geometry":{"type":"Point","coordinates":[28.975549,41.0221053]},"properties":{"osm_id":"node/3132607806","kategori":"eczane","ad":"Bülent Eczanesi"}},{"type":"Feature","geometry":{"type":"Point","coordinates":[29.0908661,40.9790321]},"properties":{"osm_id":"node/3132755382","kategori":"eczane","ad":"Yeni Burak Eczanesi"}},{"type":"Feature","geometry":{"type":"Point","coordinates":[29.0921923,40.9762231]},"properties":{"osm_id":"node/3132755384","kategori":"eczane","ad":"Seyhan Eczanesi"}},{"type":"Feature","geometry":{"type":"Point","coordinates":[29.0915674,40.9754587]},"properties":{"osm_id":"node/3132755385","kategori":"eczane","ad":"Müge Eczanesi"}},{"type":"Feature","geometry":{"type":"Point","coordinates":[29.0959634,40.9766666]},"properties":{"osm_id":"node/3132755386","kategori":"eczane","ad":"Özgüneş Eczanesi"}},{"type":"Feature","geometry":{"type":"Point","coordinates":[28.9840098,41.0377775]},"properties":{"osm_id":"node/3143473544","kategori":"eczane","ad":"Taksim Meydan Eczanesi"}},{"type":"Feature","geometry":{"type":"Point","coordinates":[28.9413345,41.0213189]},"properties":{"osm_id":"node/3143613894","kategori":"eczane","ad":"Sezer Eczanesi"}},{"type":"Feature","geometry":{"type":"Point","coordinates":[28.9751964,41.0239491]},"properties":{"osm_id":"node/3188739872","kategori":"eczane","ad":null}},{"type":"Feature","geometry":{"type":"Point","coordinates":[28.8574152,40.9996814]},"properties":{"osm_id":"node/3191146857","kategori":"eczane","ad":"Bahadır Eczanesi"}},{"type":"Feature","geometry":{"type":"Point","coordinates":[28.8596408,41.0032713]},"properties":{"osm_id":"node/3192757890","kategori":"eczane","ad":"Armağan Eczanesi"}},{"type":"Feature","geometry":{"type":"Point","coordinates":[28.9551489,41.0572384]},"properties":{"osm_id":"node/3192798200","kategori":"eczane","ad":null}},{"type":"Feature","geometry":{"type":"Point","coordinates":[29.1033051,41.0324637]},"properties":{"osm_id":"node/3202869355","kategori":"eczane","ad":null}},{"type":"Feature","geometry":{"type":"Point","coordinates":[29.1032488,41.0326499]},"properties":{"osm_id":"node/3202869356","kategori":"eczane","ad":null}},{"type":"Feature","geometry":{"type":"Point","coordinates":[29.103053,41.0334572]},"properties":{"osm_id":"node/3202869357","kategori":"eczane","ad":"Güven Eczanesi"}},{"type":"Feature","geometry":{"type":"Point","coordinates":[29.1030878,41.0333439]},"properties":{"osm_id":"node/3202869358","kategori":"eczane","ad":null}},{"type":"Feature","geometry":{"type":"Point","coordinates":[29.1031147,41.0332508]},"properties":{"osm_id":"node/3202869359","kategori":"eczane","ad":null}},{"type":"Feature","geometry":{"type":"Point","coordinates":[29.1031549,41.033178]},"properties":{"osm_id":"node/3202869360","kategori":"eczane","ad":null}},{"type":"Feature","geometry":{"type":"Point","coordinates":[29.1031495,41.0330889]},"properties":{"osm_id":"node/3202869461","kategori":"eczane","ad":null}},{"type":"Feature","geometry":{"type":"Point","coordinates":[29.1031656,41.0330019]},"properties":{"osm_id":"node/3202869462","kategori":"eczane","ad":null}},{"type":"Feature","geometry":{"type":"Point","coordinates":[29.1031817,41.0329109]},"properties":{"osm_id":"node/3202869463","kategori":"eczane","ad":null}},{"type":"Feature","geometry":{"type":"Point","coordinates":[29.1031978,41.0328016]},"properties":{"osm_id":"node/3202869464","kategori":"eczane","ad":null}},{"type":"Feature","geometry":{"type":"Point","coordinates":[28.8549148,41.0684021]},"properties":{"osm_id":"node/3219844230","kategori":"eczane","ad":"Tan Eczanesi"}},{"type":"Feature","geometry":{"type":"Point","coordinates":[28.8547761,41.0682326]},"properties":{"osm_id":"node/3219844231","kategori":"eczane","ad":"İstanbul Eczanesi"}},{"type":"Feature","geometry":{"type":"Point","coordinates":[28.6903563,41.0680676]},"properties":{"osm_id":"node/3226140385","kategori":"eczane","ad":"Armağan Eczanesi"}},{"type":"Feature","geometry":{"type":"Point","coordinates":[28.7883307,41.0356783]},"properties":{"osm_id":"node/3227742183","kategori":"eczane","ad":"Meydan Eczanesi"}},{"type":"Feature","geometry":{"type":"Point","coordinates":[28.9424985,41.0089372]},"properties":{"osm_id":"node/3230974384","kategori":"eczane","ad":"Murat Eczanesi"}},{"type":"Feature","geometry":{"type":"Point","coordinates":[28.9396083,41.0064959]},"properties":{"osm_id":"node/3230974385","kategori":"eczane","ad":"Özaydın Eczanesi"}},{"type":"Feature","geometry":{"type":"Point","coordinates":[28.9394974,41.0064981]},"properties":{"osm_id":"node/3230974386","kategori":"eczane","ad":"Sibel Eczanesi"}},{"type":"Feature","geometry":{"type":"Point","coordinates":[29.1066199,40.9916232]},"properties":{"osm_id":"node/3236118762","kategori":"eczane","ad":"Andromeda Eczanesi"}},{"type":"Feature","geometry":{"type":"Point","coordinates":[28.8641872,41.0025711]},"properties":{"osm_id":"node/3251617375","kategori":"eczane","ad":"HUZUR ECZANESİ"}},{"type":"Feature","geometry":{"type":"Point","coordinates":[28.866623,41.0211336]},"properties":{"osm_id":"node/3266682723","kategori":"eczane","ad":"İnci Eczanesi"}},{"type":"Feature","geometry":{"type":"Point","coordinates":[29.0047081,41.0634608]},"properties":{"osm_id":"node/3266709683","kategori":"eczane","ad":"Manolya Eczanesi"}},{"type":"Feature","geometry":{"type":"Point","coordinates":[29.0050316,41.0635725]},"properties":{"osm_id":"node/3266709684","kategori":"eczane","ad":"Aylin Eczanesi"}},{"type":"Feature","geometry":{"type":"Point","coordinates":[29.0039747,41.0635988]},"properties":{"osm_id":"node/3266709690","kategori":"eczane","ad":"Yeni Beşiktaş Eczanesi"}},{"type":"Feature","geometry":{"type":"Point","coordinates":[29.0016249,41.0642377]},"properties":{"osm_id":"node/3266716492","kategori":"eczane","ad":"Oğuzhan Eczanesi"}},{"type":"Feature","geometry":{"type":"Point","coordinates":[28.9987093,41.055258]},"properties":{"osm_id":"node/3266716493","kategori":"eczane","ad":"Aqua Eczanesi"}},{"type":"Feature","geometry":{"type":"Point","coordinates":[28.9980145,41.055339]},"properties":{"osm_id":"node/3266716494","kategori":"eczane","ad":"Nispet Eczanesi"}},{"type":"Feature","geometry":{"type":"Point","coordinates":[28.9998942,41.0544136]},"properties":{"osm_id":"node/3266716495","kategori":"eczane","ad":"Selen Eczanesi"}},{"type":"Feature","geometry":{"type":"Point","coordinates":[28.9890948,41.0583563]},"properties":{"osm_id":"node/3266716929","kategori":"eczane","ad":"Şişli Çocuk Eczanesi"}},{"type":"Feature","geometry":{"type":"Point","coordinates":[28.9891225,41.0587791]},"properties":{"osm_id":"node/3266716954","kategori":"eczane","ad":"Şişli Bora Eczanesi"}},{"type":"Feature","geometry":{"type":"Point","coordinates":[28.9882832,41.0579707]},"properties":{"osm_id":"node/3266716955","kategori":"eczane","ad":"Etfal Eczanesi"}},{"type":"Feature","geometry":{"type":"Point","coordinates":[28.9882321,41.0580357]},"properties":{"osm_id":"node/3266716956","kategori":"eczane","ad":"Ufuk Eczanesi"}},{"type":"Feature","geometry":{"type":"Point","coordinates":[28.9877237,41.0580659]},"properties":{"osm_id":"node/3266723161","kategori":"eczane","ad":"Göker Eczanesi"}},{"type":"Feature","geometry":{"type":"Point","coordinates":[29.004522,41.0649788]},"properties":{"osm_id":"node/3266741386","kategori":"eczane","ad":"Dorben Eczanesi"}},{"type":"Feature","geometry":{"type":"Point","coordinates":[28.774486,41.0335683]},"properties":{"osm_id":"node/3289966430","kategori":"eczane","ad":"Saadet Eczanesi"}},{"type":"Feature","geometry":{"type":"Point","coordinates":[28.7794367,41.0392009]},"properties":{"osm_id":"node/3289966431","kategori":"eczane","ad":"Eczane NATUREL"}},{"type":"Feature","geometry":{"type":"Point","coordinates":[28.8065115,41.0329377]},"properties":{"osm_id":"node/3289966436","kategori":"eczane","ad":"Vitamin Eczanesi"}},{"type":"Feature","geometry":{"type":"Point","coordinates":[28.7964997,41.0336173]},"properties":{"osm_id":"node/3289966441","kategori":"eczane","ad":"Şevval Eczanesi"}},{"type":"Feature","geometry":{"type":"Point","coordinates":[28.7988495,41.0327709]},"properties":{"osm_id":"node/3289966443","kategori":"eczane","ad":"Selen Eczanesi"}},{"type":"Feature","geometry":{"type":"Point","coordinates":[29.022754,41.2200591]},"properties":{"osm_id":"node/3291990659","kategori":"eczane","ad":"Uskumruköy Eczanesi"}},{"type":"Feature","geometry":{"type":"Point","coordinates":[28.798709,41.1019435]},"properties":{"osm_id":"node/3291990660","kategori":"eczane","ad":"Gamze Eczanesi"}},{"type":"Feature","geometry":{"type":"Point","coordinates":[29.1829099,40.8922353]},"properties":{"osm_id":"node/3291993461","kategori":"eczane","ad":null}},{"type":"Feature","geometry":{"type":"Point","coordinates":[28.6672973,41.0286598]},"properties":{"osm_id":"node/3291993471","kategori":"eczane","ad":null}},{"type":"Feature","geometry":{"type":"Point","coordinates":[28.6293794,41.0059029]},"properties":{"osm_id":"node/3295009798","kategori":"eczane","ad":"Vitamin Eczanesi"}},{"type":"Feature","geometry":{"type":"Point","coordinates":[28.6293672,41.0061115]},"properties":{"osm_id":"node/3295009799","kategori":"eczane","ad":"Küçükev Eczanesi"}},{"type":"Feature","geometry":{"type":"Point","coordinates":[28.6424737,41.0070274]},"properties":{"osm_id":"node/3295009800","kategori":"eczane","ad":"Emek Eczanesi"}},{"type":"Feature","geometry":{"type":"Point","coordinates":[28.788256,41.0365154]},"properties":{"osm_id":"node/3299434761","kategori":"eczane","ad":"Meydan Eczanesi"}},{"type":"Feature","geometry":{"type":"Point","coordinates":[28.9579555,41.0126671]},"properties":{"osm_id":"node/3498778648","kategori":"eczane","ad":null}},{"type":"Feature","geometry":{"type":"Point","coordinates":[28.9326292,41.0153183]},"properties":{"osm_id":"node/3499102206","kategori":"eczane","ad":"Şerin Eczanesi"}},{"type":"Feature","geometry":{"type":"Point","coordinates":[28.9320606,41.0155025]},"properties":{"osm_id":"node/3499120760","kategori":"eczane","ad":"Geçit Eczanesi"}},{"type":"Feature","geometry":{"type":"Point","coordinates":[29.1457202,41.0059867]},"properties":{"osm_id":"node/3522190262","kategori":"eczane","ad":"Yelit Eczanesi"}},{"type":"Feature","geometry":{"type":"Point","coordinates":[29.0397209,41.1876981]},"properties":{"osm_id":"node/3688953270","kategori":"eczane","ad":"Irmak Eczanesi"}},{"type":"Feature","geometry":{"type":"Point","coordinates":[28.4654414,41.1362309]},"properties":{"osm_id":"node/3745333156","kategori":"eczane","ad":"Hayat Eczanesi"}},{"type":"Feature","geometry":{"type":"Point","coordinates":[28.4654054,41.1363424]},"properties":{"osm_id":"node/3745333157","kategori":"eczane","ad":"Ege Eczanesi"}},{"type":"Feature","geometry":{"type":"Point","coordinates":[28.4653143,41.1364602]},"properties":{"osm_id":"node/3745333164","kategori":"eczane","ad":"Çatalca Eczanesi"}},{"type":"Feature","geometry":{"type":"Point","coordinates":[28.4640749,41.140696]},"properties":{"osm_id":"node/3745341184","kategori":"eczane","ad":"Emel Eczanesi"}},{"type":"Feature","geometry":{"type":"Point","coordinates":[28.6284623,41.0033736]},"properties":{"osm_id":"node/3745428103","kategori":"eczane","ad":"Tuba Eczanesi"}},{"type":"Feature","geometry":{"type":"Point","coordinates":[28.628608,41.004705]},"properties":{"osm_id":"node/3745428113","kategori":"eczane","ad":"Dünya Eczanesi"}},{"type":"Feature","geometry":{"type":"Point","coordinates":[28.6284578,41.0046605]},"properties":{"osm_id":"node/3745428114","kategori":"eczane","ad":"Çınar Eczanesi"}},{"type":"Feature","geometry":{"type":"Point","coordinates":[28.6309263,41.0083185]},"properties":{"osm_id":"node/3745450696","kategori":"eczane","ad":"Özge Eczanesi"}},{"type":"Feature","geometry":{"type":"Point","coordinates":[28.9759936,41.0081387]},"properties":{"osm_id":"node/3749601843","kategori":"eczane","ad":"Ayasofya Eczanesi"}},{"type":"Feature","geometry":{"type":"Point","coordinates":[29.260144,40.8861899]},"properties":{"osm_id":"node/3793106814","kategori":"eczane","ad":null}},{"type":"Feature","geometry":{"type":"Point","coordinates":[29.2601511,40.8862863]},"properties":{"osm_id":"node/3793106815","kategori":"eczane","ad":null}},{"type":"Feature","geometry":{"type":"Point","coordinates":[29.2602473,40.8864796]},"properties":{"osm_id":"node/3793106821","kategori":"eczane","ad":"Büyük Eczane"}},{"type":"Feature","geometry":{"type":"Point","coordinates":[29.2602795,40.8865627]},"properties":{"osm_id":"node/3793106822","kategori":"eczane","ad":null}},{"type":"Feature","geometry":{"type":"Point","coordinates":[29.260301,40.886656]},"properties":{"osm_id":"node/3793106823","kategori":"eczane","ad":null}},{"type":"Feature","geometry":{"type":"Point","coordinates":[29.0928612,40.9770575]},"properties":{"osm_id":"node/3793734584","kategori":"eczane","ad":"Koru Eczanesi"}},{"type":"Feature","geometry":{"type":"Point","coordinates":[29.0923664,40.9764287]},"properties":{"osm_id":"node/3793744964","kategori":"eczane","ad":"Alp Eczanesi"}},{"type":"Feature","geometry":{"type":"Point","coordinates":[29.0923315,40.9763943]},"properties":{"osm_id":"node/3793744969","kategori":"eczane","ad":"Rüya Eczanesi"}},{"type":"Feature","geometry":{"type":"Point","coordinates":[29.0967622,40.9741752]},"properties":{"osm_id":"node/3793841318","kategori":"eczane","ad":"Doğa Eczanesi"}},{"type":"Feature","geometry":{"type":"Point","coordinates":[29.0462147,41.085455]},"properties":{"osm_id":"node/4005932136","kategori":"eczane","ad":"Boğaziçi Eczanesi"}},{"type":"Feature","geometry":{"type":"Point","coordinates":[28.9768901,41.0125697]},"properties":{"osm_id":"node/4033313443","kategori":"eczane","ad":null}},{"type":"Feature","geometry":{"type":"Point","coordinates":[29.0291376,41.0735698]},"properties":{"osm_id":"node/4044315491","kategori":"eczane","ad":null}},{"type":"Feature","geometry":{"type":"Point","coordinates":[29.0282762,41.0715034]},"properties":{"osm_id":"node/4044315492","kategori":"eczane","ad":"Şifa"}},{"type":"Feature","geometry":{"type":"Point","coordinates":[28.7771469,41.0349995]},"properties":{"osm_id":"node/4084829394","kategori":"eczane","ad":"Vitamin Eczanesi"}},{"type":"Feature","geometry":{"type":"Point","coordinates":[28.8730205,40.9970598]},"properties":{"osm_id":"node/4104479478","kategori":"eczane","ad":"Perran Eczanesi"}},{"type":"Feature","geometry":{"type":"Point","coordinates":[28.8730542,40.9968421]},"properties":{"osm_id":"node/4104479479","kategori":"eczane","ad":"Dilan Eczanesi"}},{"type":"Feature","geometry":{"type":"Point","coordinates":[28.8731503,40.9949147]},"properties":{"osm_id":"node/4104799222","kategori":"eczane","ad":"Dörtkardeş Eczanesi"}},{"type":"Feature","geometry":{"type":"Point","coordinates":[28.8702279,40.9941086]},"properties":{"osm_id":"node/4104860752","kategori":"eczane","ad":"Çağatay Eczanesi"}},{"type":"Feature","geometry":{"type":"Point","coordinates":[29.0254797,41.0498375]},"properties":{"osm_id":"node/4165094912","kategori":"eczane","ad":"Dereboyu Eczanesi"}},{"type":"Feature","geometry":{"type":"Point","coordinates":[29.0252634,41.0501907]},"properties":{"osm_id":"node/4165094919","kategori":"eczane","ad":"Besiktas Belediyesi"}},{"type":"Feature","geometry":{"type":"Point","coordinates":[29.0250951,41.0504786]},"properties":{"osm_id":"node/4165094926","kategori":"eczane","ad":"Eczane Yasemin"}},{"type":"Feature","geometry":{"type":"Point","coordinates":[29.0390598,41.011616]},"properties":{"osm_id":"node/4192965606","kategori":"eczane","ad":"Hazar Eczanesi"}},{"type":"Feature","geometry":{"type":"Point","coordinates":[29.0392138,41.0115506]},"properties":{"osm_id":"node/4192965607","kategori":"eczane","ad":"Validebağ Eczanesi"}},{"type":"Feature","geometry":{"type":"Point","coordinates":[29.0398296,41.0112461]},"properties":{"osm_id":"node/4192965608","kategori":"eczane","ad":"Aşık Eczanesi"}},{"type":"Feature","geometry":{"type":"Point","coordinates":[29.0399906,41.0111233]},"properties":{"osm_id":"node/4192965610","kategori":"eczane","ad":"Doruk Eczanesi"}},{"type":"Feature","geometry":{"type":"Point","coordinates":[29.0377667,41.0146708]},"properties":{"osm_id":"node/4192965632","kategori":"eczane","ad":"Yekta Eczanesi"}},{"type":"Feature","geometry":{"type":"Point","coordinates":[29.0911642,41.0498816]},"properties":{"osm_id":"node/4193038559","kategori":"eczane","ad":"Nihal Eczanesi"}},{"type":"Feature","geometry":{"type":"Point","coordinates":[29.0947156,41.0442777]},"properties":{"osm_id":"node/4193038582","kategori":"eczane","ad":"Anadolu Eczanesi"}},{"type":"Feature","geometry":{"type":"Point","coordinates":[29.095073,41.0443538]},"properties":{"osm_id":"node/4193038583","kategori":"eczane","ad":"Yeşim Eczanesi"}},{"type":"Feature","geometry":{"type":"Point","coordinates":[29.0953597,41.0443524]},"properties":{"osm_id":"node/4193038584","kategori":"eczane","ad":"Eczane."}},{"type":"Feature","geometry":{"type":"Point","coordinates":[29.0476574,40.9768818]},"properties":{"osm_id":"node/4209056026","kategori":"eczane","ad":"İlçim Eczanesi"}},{"type":"Feature","geometry":{"type":"Point","coordinates":[29.0661194,40.9847988]},"properties":{"osm_id":"node/4209063409","kategori":"eczane","ad":"Bahar Eczanesi"}},{"type":"Feature","geometry":{"type":"Point","coordinates":[29.0659636,40.9847828]},"properties":{"osm_id":"node/4209063410","kategori":"eczane","ad":"Lale Eczanesi"}},{"type":"Feature","geometry":{"type":"Point","coordinates":[29.066419,40.9847569]},"properties":{"osm_id":"node/4209063420","kategori":"eczane","ad":"Fatih Eczanesi"}},{"type":"Feature","geometry":{"type":"Point","coordinates":[29.0666661,40.9848918]},"properties":{"osm_id":"node/4209063422","kategori":"eczane","ad":"Beyaz Eczanesi"}},{"type":"Feature","geometry":{"type":"Point","coordinates":[28.952714,41.0089279]},"properties":{"osm_id":"node/4286601011","kategori":"eczane","ad":"Merkez Eczanesi"}},{"type":"Feature","geometry":{"type":"Point","coordinates":[29.0440035,41.1055891]},"properties":{"osm_id":"node/4291284089","kategori":"eczane","ad":null}},{"type":"Feature","geometry":{"type":"Point","coordinates":[28.8647119,41.0033336]},"properties":{"osm_id":"node/4296201803","kategori":"eczane","ad":"Esra Eczanesi"}},{"type":"Feature","geometry":{"type":"Point","coordinates":[28.8700459,41.0061553]},"properties":{"osm_id":"node/4296250029","kategori":"eczane","ad":"Alp Eczanesi"}},{"type":"Feature","geometry":{"type":"Point","coordinates":[28.8695475,41.0069614]},"properties":{"osm_id":"node/4296250036","kategori":"eczane","ad":"Arda Eczanesi"}},{"type":"Feature","geometry":{"type":"Point","coordinates":[28.8695191,41.0066279]},"properties":{"osm_id":"node/4296250056","kategori":"eczane","ad":"Ebru Eczanesi"}},{"type":"Feature","geometry":{"type":"Point","coordinates":[28.8693456,41.0065317]},"properties":{"osm_id":"node/4296250057","kategori":"eczane","ad":"Haznedar Eczanesi"}},{"type":"Feature","geometry":{"type":"Point","coordinates":[28.8921225,41.0341089]},"properties":{"osm_id":"node/4303107092","kategori":"eczane","ad":null}},{"type":"Feature","geometry":{"type":"Point","coordinates":[28.8474202,40.994034]},"properties":{"osm_id":"node/4330820790","kategori":"eczane","ad":"Haji selam"}},{"type":"Feature","geometry":{"type":"Point","coordinates":[28.8546467,41.0414515]},"properties":{"osm_id":"node/4359933994","kategori":"eczane","ad":"üstün eczanesi"}},{"type":"Feature","geometry":{"type":"Point","coordinates":[29.1069843,41.0509227]},"properties":{"osm_id":"node/4373233510","kategori":"eczane","ad":"Topağacı Eczanesi"}},{"type":"Feature","geometry":{"type":"Point","coordinates":[28.8708378,41.0035443]},"properties":{"osm_id":"node/4391333592","kategori":"eczane","ad":"Melisa Eczanesi"}},{"type":"Feature","geometry":{"type":"Point","coordinates":[29.0418832,40.9737318]},"properties":{"osm_id":"node/4395626889","kategori":"eczane","ad":null}},{"type":"Feature","geometry":{"type":"Point","coordinates":[29.6096377,41.1751285]},"properties":{"osm_id":"node/4397170190","kategori":"eczane","ad":"Sengül"}},{"type":"Feature","geometry":{"type":"Point","coordinates":[29.6090177,41.1742317]},"properties":{"osm_id":"node/4397196089","kategori":"eczane","ad":null}},{"type":"Feature","geometry":{"type":"Point","coordinates":[29.6087926,41.1741085]},"properties":{"osm_id":"node/4397225389","kategori":"eczane","ad":null}},{"type":"Feature","geometry":{"type":"Point","coordinates":[28.9069106,41.0034856]},"properties":{"osm_id":"node/4406696193","kategori":"eczane","ad":"Park Eczanesi"}},{"type":"Feature","geometry":{"type":"Point","coordinates":[28.9023256,41.0031324]},"properties":{"osm_id":"node/4406768189","kategori":"eczane","ad":"Mithatpaşa Eczanesi"}},{"type":"Feature","geometry":{"type":"Point","coordinates":[28.384083,41.4037832]},"properties":{"osm_id":"node/4407680811","kategori":"eczane","ad":"Karacaköy Eczanesi"}},{"type":"Feature","geometry":{"type":"Point","coordinates":[29.0783302,40.9904311]},"properties":{"osm_id":"node/4426255097","kategori":"eczane","ad":null}},{"type":"Feature","geometry":{"type":"Point","coordinates":[28.859618,41.0051131]},"properties":{"osm_id":"node/4430462499","kategori":"eczane","ad":"Site Eczanesi"}},{"type":"Feature","geometry":{"type":"Point","coordinates":[28.8644473,41.0079231]},"properties":{"osm_id":"node/4430464793","kategori":"eczane","ad":"Didem Eczanesi"}},{"type":"Feature","geometry":{"type":"Point","coordinates":[28.8611069,41.0072365]},"properties":{"osm_id":"node/4430465194","kategori":"eczane","ad":"Ersoy Eczanesi"}},{"type":"Feature","geometry":{"type":"Point","coordinates":[29.1226374,40.9926285]},"properties":{"osm_id":"node/4439279491","kategori":"eczane","ad":"Mina Eczanesi"}},{"type":"Feature","geometry":{"type":"Point","coordinates":[29.0163485,41.0745219]},"properties":{"osm_id":"node/4439288891","kategori":"eczane","ad":"Öke Eczanesi"}},{"type":"Feature","geometry":{"type":"Point","coordinates":[28.7270108,40.9788216]},"properties":{"osm_id":"node/4439297695","kategori":"eczane","ad":"Ayşe Eczanesi"}},{"type":"Feature","geometry":{"type":"Point","coordinates":[28.8028098,41.1090188]},"properties":{"osm_id":"node/4439300890","kategori":"eczane","ad":"Metro Eczanesi"}},{"type":"Feature","geometry":{"type":"Point","coordinates":[28.7947297,40.9798712]},"properties":{"osm_id":"node/4439308591","kategori":"eczane","ad":"İpek Eczanesi"}},{"type":"Feature","geometry":{"type":"Point","coordinates":[29.0261336,41.0491942]},"properties":{"osm_id":"node/4439325892","kategori":"eczane","ad":"Ayfer Eczanesi"}},{"type":"Feature","geometry":{"type":"Point","coordinates":[29.0033264,41.0638387]},"properties":{"osm_id":"node/4439325893","kategori":"eczane","ad":"Ceren Eczanesi"}},{"type":"Feature","geometry":{"type":"Point","coordinates":[29.0420084,41.0687279]},"properties":{"osm_id":"node/4439332889","kategori":"eczane","ad":"Zuhal Eczanesi"}},{"type":"Feature","geometry":{"type":"Point","coordinates":[28.9803946,41.0342343]},"properties":{"osm_id":"node/4439348491","kategori":"eczane","ad":"Yeşilçam Eczanesi"}},{"type":"Feature","geometry":{"type":"Point","coordinates":[28.4584762,41.1429131]},"properties":{"osm_id":"node/4439348492","kategori":"eczane","ad":"Yücel Eczanesi"}},{"type":"Feature","geometry":{"type":"Point","coordinates":[28.7116615,40.9975978]},"properties":{"osm_id":"node/4439362089","kategori":"eczane","ad":"Ünlüm Eczanesi"}},{"type":"Feature","geometry":{"type":"Point","coordinates":[28.9379492,41.0668649]},"properties":{"osm_id":"node/4439999091","kategori":"eczane","ad":"Esentepe Eczanesi"}},{"type":"Feature","geometry":{"type":"Point","coordinates":[28.9316772,41.0487411]},"properties":{"osm_id":"node/4440014690","kategori":"eczane","ad":"Başar Eczanesi"}},{"type":"Feature","geometry":{"type":"Point","coordinates":[28.9330211,41.0655587]},"properties":{"osm_id":"node/4440036459","kategori":"eczane","ad":"Yıldıztabya Eczanesi"}},{"type":"Feature","geometry":{"type":"Point","coordinates":[28.9271073,41.0849787]},"properties":{"osm_id":"node/4440468092","kategori":"eczane","ad":"İstikamet Eczanesi"}},{"type":"Feature","geometry":{"type":"Point","coordinates":[29.1251082,40.9806215]},"properties":{"osm_id":"node/4440474991","kategori":"eczane","ad":"Akın Eczanesi"}},{"type":"Feature","geometry":{"type":"Point","coordinates":[29.1754845,40.9860378]},"properties":{"osm_id":"node/4440474992","kategori":"eczane","ad":"Efsane Eczanesi"}},{"type":"Feature","geometry":{"type":"Point","coordinates":[29.1715792,40.9870444]},"properties":{"osm_id":"node/4440474993","kategori":"eczane","ad":"Nisan Eczanesi"}},{"type":"Feature","geometry":{"type":"Point","coordinates":[29.1693763,40.987388]},"properties":{"osm_id":"node/4440490090","kategori":"eczane","ad":"Bal Eczanesi"}},{"type":"Feature","geometry":{"type":"Point","coordinates":[29.1715363,40.9867231]},"properties":{"osm_id":"node/4440490591","kategori":"eczane","ad":"Edip Eczanesi"}},{"type":"Feature","geometry":{"type":"Point","coordinates":[28.8822527,40.9789146]},"properties":{"osm_id":"node/4440562491","kategori":"eczane","ad":"Huzur Eczanesi"}},{"type":"Feature","geometry":{"type":"Point","coordinates":[28.8389478,40.9634729]},"properties":{"osm_id":"node/4440584890","kategori":"eczane","ad":"Yeşilyurt Eczanesi"}},{"type":"Feature","geometry":{"type":"Point","coordinates":[28.8790967,40.9801409]},"properties":{"osm_id":"node/4440666191","kategori":"eczane","ad":"Balkan Eczanesi"}},{"type":"Feature","geometry":{"type":"Point","coordinates":[29.120267,40.973295]},"properties":{"osm_id":"node/4441107190","kategori":"eczane","ad":"Defne Eczanesi"}},{"type":"Feature","geometry":{"type":"Point","coordinates":[28.7063507,41.0334643]},"properties":{"osm_id":"node/4441111790","kategori":"eczane","ad":"Birdal Eczanesi"}},{"type":"Feature","geometry":{"type":"Point","coordinates":[28.8698436,41.0129022]},"properties":{"osm_id":"node/4441129402","kategori":"eczane","ad":"Selçuk Eczanesi"}},{"type":"Feature","geometry":{"type":"Point","coordinates":[29.107356,40.9768299]},"properties":{"osm_id":"node/4441142790","kategori":"eczane","ad":"Deniz Eczanesi"}},{"type":"Feature","geometry":{"type":"Point","coordinates":[28.8821403,40.9921728]},"properties":{"osm_id":"node/4441163700","kategori":"eczane","ad":"Yeni Eczanesi"}},{"type":"Feature","geometry":{"type":"Point","coordinates":[28.8810059,40.9917232]},"properties":{"osm_id":"node/4441164494","kategori":"eczane","ad":"Ataman Eczanesi"}},{"type":"Feature","geometry":{"type":"Point","coordinates":[28.8551841,40.9790016]},"properties":{"osm_id":"node/4441164495","kategori":"eczane","ad":"Pınar Eczanesi"}},{"type":"Feature","geometry":{"type":"Point","coordinates":[29.105562,41.118596]},"properties":{"osm_id":"node/4441164600","kategori":"eczane","ad":"Buhara Eczanesi"}},{"type":"Feature","geometry":{"type":"Point","coordinates":[28.7229104,40.9816625]},"properties":{"osm_id":"node/4441166290","kategori":"eczane","ad":"Ersan Eczanesi"}},{"type":"Feature","geometry":{"type":"Point","coordinates":[28.9021149,41.0361304]},"properties":{"osm_id":"node/4441171490","kategori":"eczane","ad":"Nilgün Eczanesi"}},{"type":"Feature","geometry":{"type":"Point","coordinates":[28.882224,40.9918945]},"properties":{"osm_id":"node/4441177190","kategori":"eczane","ad":"Akay Eczanesi"}},{"type":"Feature","geometry":{"type":"Point","coordinates":[28.8548574,41.0009334]},"properties":{"osm_id":"node/4441177394","kategori":"eczane","ad":"Nurdoğan Eczanesi"}},{"type":"Feature","geometry":{"type":"Point","coordinates":[28.8525153,41.0004238]},"properties":{"osm_id":"node/4441177496","kategori":"eczane","ad":"Bizim Burcu Eczanesi"}},{"type":"Feature","geometry":{"type":"Point","coordinates":[28.8467372,40.9848111]},"properties":{"osm_id":"node/4441188291","kategori":"eczane","ad":"Altın Eczanesi"}},{"type":"Feature","geometry":{"type":"Point","coordinates":[28.8889552,41.0048303]},"properties":{"osm_id":"node/4441188498","kategori":"eczane","ad":"Ömer Eczanesi"}},{"type":"Feature","geometry":{"type":"Point","coordinates":[28.8949456,41.0013566]},"properties":{"osm_id":"node/4441188499","kategori":"eczane","ad":"Beyaz Eczanesi"}},{"type":"Feature","geometry":{"type":"Point","coordinates":[28.8515788,41.0029407]},"properties":{"osm_id":"node/4441189693","kategori":"eczane","ad":"Meva Eczanesi"}},{"type":"Feature","geometry":{"type":"Point","coordinates":[28.858816,41.0071354]},"properties":{"osm_id":"node/4441189694","kategori":"eczane","ad":"Doku Eczanesi"}},{"type":"Feature","geometry":{"type":"Point","coordinates":[28.8831833,41.0156362]},"properties":{"osm_id":"node/4441191198","kategori":"eczane","ad":"Nur Eczanesi"}},{"type":"Feature","geometry":{"type":"Point","coordinates":[28.8911047,41.011244]},"properties":{"osm_id":"node/4441191297","kategori":"eczane","ad":"Zeynep Eczanesi"}},{"type":"Feature","geometry":{"type":"Point","coordinates":[28.8589367,41.0127578]},"properties":{"osm_id":"node/4441191791","kategori":"eczane","ad":"Enes Eczanesi"}},{"type":"Feature","geometry":{"type":"Point","coordinates":[28.9020738,40.9996818]},"properties":{"osm_id":"node/4441192697","kategori":"eczane","ad":"Üsküp Eczanesi"}},{"type":"Feature","geometry":{"type":"Point","coordinates":[28.8897246,41.0052145]},"properties":{"osm_id":"node/4441214790","kategori":"eczane","ad":"Sevim Eczanesi"}},{"type":"Feature","geometry":{"type":"Point","coordinates":[28.9034609,40.9979463]},"properties":{"osm_id":"node/4441214791","kategori":"eczane","ad":"Damla Eczanesi"}},{"type":"Feature","geometry":{"type":"Point","coordinates":[28.9147019,40.9959328]},"properties":{"osm_id":"node/4441215000","kategori":"eczane","ad":"Şeyma Eczanesi"}},{"type":"Feature","geometry":{"type":"Point","coordinates":[29.1142565,40.9702104]},"properties":{"osm_id":"node/4442368992","kategori":"eczane","ad":"Çağatay Eczanesi"}},{"type":"Feature","geometry":{"type":"Point","coordinates":[29.11239,40.9715216]},"properties":{"osm_id":"node/4442382490","kategori":"eczane","ad":"Yaşar Eczanesi"}},{"type":"Feature","geometry":{"type":"Point","coordinates":[29.1120218,40.9725161]},"properties":{"osm_id":"node/4442405290","kategori":"eczane","ad":"Sevgiperest Eczanesi"}},{"type":"Feature","geometry":{"type":"Point","coordinates":[29.1029376,40.9692751]},"properties":{"osm_id":"node/4442406290","kategori":"eczane","ad":"Vural Eczanesi"}},{"type":"Feature","geometry":{"type":"Point","coordinates":[29.1011163,40.9700478]},"properties":{"osm_id":"node/4442410789","kategori":"eczane","ad":"Geçit Eczanesi"}},{"type":"Feature","geometry":{"type":"Point","coordinates":[29.0983185,40.9714611]},"properties":{"osm_id":"node/4442411789","kategori":"eczane","ad":"Kalyoncu Eczanesi"}},{"type":"Feature","geometry":{"type":"Point","coordinates":[28.8636181,41.0330229]},"properties":{"osm_id":"node/4442426490","kategori":"eczane","ad":"Gülüm Eczanesi"}},{"type":"Feature","geometry":{"type":"Point","coordinates":[28.9314176,41.0091778]},"properties":{"osm_id":"node/4442671709","kategori":"eczane","ad":"Doruk Eczanesi"}},{"type":"Feature","geometry":{"type":"Point","coordinates":[28.9315081,41.0125962]},"properties":{"osm_id":"node/4442673392","kategori":"eczane","ad":"Billur Eczanesi"}},{"type":"Feature","geometry":{"type":"Point","coordinates":[28.9323235,41.0135677]},"properties":{"osm_id":"node/4442687995","kategori":"eczane","ad":"Esin Eczanesi"}},{"type":"Feature","geometry":{"type":"Point","coordinates":[28.9300153,41.0140759]},"properties":{"osm_id":"node/4442713491","kategori":"eczane","ad":"Okyanus Eczanesi"}},{"type":"Feature","geometry":{"type":"Point","coordinates":[28.933413,41.0096021]},"properties":{"osm_id":"node/4442750189","kategori":"eczane","ad":"Kevser Eczanesi"}},{"type":"Feature","geometry":{"type":"Point","coordinates":[28.9301739,41.0194717]},"properties":{"osm_id":"node/4442754990","kategori":"eczane","ad":"Seçil Eczanesi"}},{"type":"Feature","geometry":{"type":"Point","coordinates":[28.9292696,41.0205257]},"properties":{"osm_id":"node/4442755590","kategori":"eczane","ad":"Kale Eczanesi"}},{"type":"Feature","geometry":{"type":"Point","coordinates":[28.9364209,41.0159051]},"properties":{"osm_id":"node/4442755592","kategori":"eczane","ad":"Deren Eczanesi"}},{"type":"Feature","geometry":{"type":"Point","coordinates":[28.8096982,41.0708248]},"properties":{"osm_id":"node/4444065196","kategori":"eczane","ad":"Işık Eczanesi"}},{"type":"Feature","geometry":{"type":"Point","coordinates":[28.8083763,41.0773065]},"properties":{"osm_id":"node/4444174790","kategori":"eczane","ad":"Yasemin Eczanesi"}},{"type":"Feature","geometry":{"type":"Point","coordinates":[28.7276765,40.9801634]},"properties":{"osm_id":"node/4444212189","kategori":"eczane","ad":"Kamer Eczanesi"}},{"type":"Feature","geometry":{"type":"Point","coordinates":[28.7095346,40.9870516]},"properties":{"osm_id":"node/4444213889","kategori":"eczane","ad":"Özer Eczanesi"}},{"type":"Feature","geometry":{"type":"Point","coordinates":[29.1143728,40.9688418]},"properties":{"osm_id":"node/4444222089","kategori":"eczane","ad":"Sakarya Eczanesi"}},{"type":"Feature","geometry":{"type":"Point","coordinates":[28.7930907,40.9806466]},"properties":{"osm_id":"node/4444310890","kategori":"eczane","ad":"İnan Eczanesi"}},{"type":"Feature","geometry":{"type":"Point","coordinates":[28.9088025,41.0362901]},"properties":{"osm_id":"node/4444369689","kategori":"eczane","ad":"Ömür Eczanesi"}},{"type":"Feature","geometry":{"type":"Point","coordinates":[29.0241908,41.0505393]},"properties":{"osm_id":"node/4444373589","kategori":"eczane","ad":"Okan Eczanesi"}},{"type":"Feature","geometry":{"type":"Point","coordinates":[28.9597865,41.0520743]},"properties":{"osm_id":"node/4444383089","kategori":"eczane","ad":"Güneş Eczanesi"}},{"type":"Feature","geometry":{"type":"Point","coordinates":[28.7463518,41.1789194]},"properties":{"osm_id":"node/4444407789","kategori":"eczane","ad":"Deva Eczanesi"}},{"type":"Feature","geometry":{"type":"Point","coordinates":[29.1254606,41.0904352]},"properties":{"osm_id":"node/4444409189","kategori":"eczane","ad":"Kerem Eczanesi"}},{"type":"Feature","geometry":{"type":"Point","coordinates":[29.0547609,40.9103829]},"properties":{"osm_id":"node/4444438092","kategori":"eczane","ad":"Deniz Eczanesi"}},{"type":"Feature","geometry":{"type":"Point","coordinates":[28.9656905,41.0337613]},"properties":{"osm_id":"node/4444439391","kategori":"eczane","ad":"Arzu Eczanesi"}},{"type":"Feature","geometry":{"type":"Point","coordinates":[28.7464869,41.0632091]},"properties":{"osm_id":"node/4444450389","kategori":"eczane","ad":"Derman Eczanesi"}},{"type":"Feature","geometry":{"type":"Point","coordinates":[29.1555455,40.981173]},"properties":{"osm_id":"node/4444450390","kategori":"eczane","ad":"Hülyam Eczanesi"}},{"type":"Feature","geometry":{"type":"Point","coordinates":[28.8503639,41.0433104]},"properties":{"osm_id":"node/4444499994","kategori":"eczane","ad":"Karakaş Eczanesi"}},{"type":"Feature","geometry":{"type":"Point","coordinates":[28.6856403,41.0634485]},"properties":{"osm_id":"node/4444500592","kategori":"eczane","ad":null}},{"type":"Feature","geometry":{"type":"Point","coordinates":[28.8262584,41.0295092]},"properties":{"osm_id":"node/4444532294","kategori":"eczane","ad":"Yusuf Eczanesi"}},{"type":"Feature","geometry":{"type":"Point","coordinates":[28.8504724,41.0447458]},"properties":{"osm_id":"node/4444532295","kategori":"eczane","ad":"Sağlık Eczanesi"}},{"type":"Feature","geometry":{"type":"Point","coordinates":[28.859624,41.032233]},"properties":{"osm_id":"node/4444577694","kategori":"eczane","ad":"Serpil Eczanesi"}},{"type":"Feature","geometry":{"type":"Point","coordinates":[28.8439553,41.0405548]},"properties":{"osm_id":"node/4444587889","kategori":"eczane","ad":"Aktaş Eczanesi"}},{"type":"Feature","geometry":{"type":"Point","coordinates":[28.860419,41.031683]},"properties":{"osm_id":"node/4445039192","kategori":"eczane","ad":"Melek Eczanesi"}},{"type":"Feature","geometry":{"type":"Point","coordinates":[28.7959707,40.9885884]},"properties":{"osm_id":"node/4446393007","kategori":"eczane","ad":"Florya Şifa Eczanesi"}},{"type":"Feature","geometry":{"type":"Point","coordinates":[28.7803134,40.988101]},"properties":{"osm_id":"node/4446393294","kategori":"eczane","ad":"Altay Eczanesi"}},{"type":"Feature","geometry":{"type":"Point","coordinates":[28.786301,40.989852]},"properties":{"osm_id":"node/4446394699","kategori":"eczane","ad":"Turgut Eczanesi"}},{"type":"Feature","geometry":{"type":"Point","coordinates":[28.7962638,40.9698833]},"properties":{"osm_id":"node/4446394700","kategori":"eczane","ad":"Florya Eczanesi"}},{"type":"Feature","geometry":{"type":"Point","coordinates":[28.7768353,40.9954267]},"properties":{"osm_id":"node/4446466810","kategori":"eczane","ad":"Kosova Eczanesi"}},{"type":"Feature","geometry":{"type":"Point","coordinates":[28.7855022,40.9926844]},"properties":{"osm_id":"node/4446468195","kategori":"eczane","ad":"Sibel Yeşilova Eczanesi"}},{"type":"Feature","geometry":{"type":"Point","coordinates":[28.7818745,40.988193]},"properties":{"osm_id":"node/4446490693","kategori":"eczane","ad":"Hayat Eczanesi"}},{"type":"Feature","geometry":{"type":"Point","coordinates":[28.7909028,40.9934299]},"properties":{"osm_id":"node/4446490694","kategori":"eczane","ad":"Onur Eczanesi"}},{"type":"Feature","geometry":{"type":"Point","coordinates":[28.7945673,40.9811478]},"properties":{"osm_id":"node/4446492590","kategori":"eczane","ad":"Yıldız Eczanesi"}},{"type":"Feature","geometry":{"type":"Point","coordinates":[28.7793373,40.9834829]},"properties":{"osm_id":"node/4446502889","kategori":"eczane","ad":"Oral Eczanesi"}},{"type":"Feature","geometry":{"type":"Point","coordinates":[28.5407055,41.0009192]},"properties":{"osm_id":"node/4447505890","kategori":"eczane","ad":"Kent Eczanesi"}},{"type":"Feature","geometry":{"type":"Point","coordinates":[29.10641,40.972746]},"properties":{"osm_id":"node/4448091892","kategori":"eczane","ad":"Akar Eczanesi"}},{"type":"Feature","geometry":{"type":"Point","coordinates":[28.8503385,41.0313556]},"properties":{"osm_id":"node/4448093991","kategori":"eczane","ad":"Samur Eczanesi"}},{"type":"Feature","geometry":{"type":"Point","coordinates":[28.8529305,41.0641685]},"properties":{"osm_id":"node/4448129990","kategori":"eczane","ad":"İrem Eczanesi"}},{"type":"Feature","geometry":{"type":"Point","coordinates":[29.1201857,40.9735831]},"properties":{"osm_id":"node/4448141989","kategori":"eczane","ad":"Ada Eczanesi"}},{"type":"Feature","geometry":{"type":"Point","coordinates":[28.8484719,41.0543988]},"properties":{"osm_id":"node/4448143390","kategori":"eczane","ad":"Barış Eczanesi"}},{"type":"Feature","geometry":{"type":"Point","coordinates":[28.829155,41.02766]},"properties":{"osm_id":"node/4448167889","kategori":"eczane","ad":"Balkan Eczanesi"}},{"type":"Feature","geometry":{"type":"Point","coordinates":[28.7919118,41.1037202]},"properties":{"osm_id":"node/4448167890","kategori":"eczane","ad":"Başakşehir Eczanesi"}},{"type":"Feature","geometry":{"type":"Point","coordinates":[28.9763592,41.0345481]},"properties":{"osm_id":"node/4448249690","kategori":"eczane","ad":"Belma Eczanesi"}},{"type":"Feature","geometry":{"type":"Point","coordinates":[29.0430724,41.0773802]},"properties":{"osm_id":"node/4448280589","kategori":"eczane","ad":"Bebek Eczanesi"}},{"type":"Feature","geometry":{"type":"Point","coordinates":[29.0273479,41.0725244]},"properties":{"osm_id":"node/4448280590","kategori":"eczane","ad":"Nursel Eczanesi"}},{"type":"Feature","geometry":{"type":"Point","coordinates":[29.0229016,41.0538118]},"properties":{"osm_id":"node/4448284489","kategori":"eczane","ad":"Yeni Eczanesi"}},{"type":"Feature","geometry":{"type":"Point","coordinates":[29.0079187,41.0510086]},"properties":{"osm_id":"node/4448296689","kategori":"eczane","ad":"İstanbul Eczanesi"}},{"type":"Feature","geometry":{"type":"Point","coordinates":[28.9661779,41.0341579]},"properties":{"osm_id":"node/4448304489","kategori":"eczane","ad":"Işık Eczanesi"}},{"type":"Feature","geometry":{"type":"Point","coordinates":[28.9567409,41.0780694]},"properties":{"osm_id":"node/4449097191","kategori":"eczane","ad":"Yasemin Eczanesi"}},{"type":"Feature","geometry":{"type":"Point","coordinates":[28.6960727,41.0106165]},"properties":{"osm_id":"node/4449122191","kategori":"eczane","ad":"Avşar Eczanesi"}},{"type":"Feature","geometry":{"type":"Point","coordinates":[29.0430108,41.0771203]},"properties":{"osm_id":"node/4449156690","kategori":"eczane","ad":"Fırat Eczanesi"}},{"type":"Feature","geometry":{"type":"Point","coordinates":[28.8109351,41.0903098]},"properties":{"osm_id":"node/4449157589","kategori":"eczane","ad":"Salkım Eczanesi"}},{"type":"Feature","geometry":{"type":"Point","coordinates":[29.0429473,41.0759758]},"properties":{"osm_id":"node/4449166789","kategori":"eczane","ad":"Cem Eczanesi"}},{"type":"Feature","geometry":{"type":"Point","coordinates":[28.6975245,41.003064]},"properties":{"osm_id":"node/4449169489","kategori":"eczane","ad":"Aran Eczanesi"}},{"type":"Feature","geometry":{"type":"Point","coordinates":[28.9723146,41.0068795]},"properties":{"osm_id":"node/4449504298","kategori":"eczane","ad":"Sultanahmet Eczanesi"}},{"type":"Feature","geometry":{"type":"Point","coordinates":[28.9752611,41.0122547]},"properties":{"osm_id":"node/4449532997","kategori":"eczane","ad":"Cağaloğlu Eczanesi"}},{"type":"Feature","geometry":{"type":"Point","coordinates":[28.9674921,41.0049082]},"properties":{"osm_id":"node/4449532998","kategori":"eczane","ad":"Kadırga Eczanesi"}},{"type":"Feature","geometry":{"type":"Point","coordinates":[28.9570319,41.0027138]},"properties":{"osm_id":"node/4449576300","kategori":"eczane","ad":"Yenikapı İskele Eczanesi"}},{"type":"Feature","geometry":{"type":"Point","coordinates":[28.9760035,41.0144697]},"properties":{"osm_id":"node/4449598093","kategori":"eczane","ad":"Neslihan Eczanesi"}},{"type":"Feature","geometry":{"type":"Point","coordinates":[28.9613178,41.0059899]},"properties":{"osm_id":"node/4449598094","kategori":"eczane","ad":"Nişancı Eczanesi"}},{"type":"Feature","geometry":{"type":"Point","coordinates":[28.9687596,41.0057612]},"properties":{"osm_id":"node/4449599394","kategori":"eczane","ad":"Pierloti Eczanesi"}},{"type":"Feature","geometry":{"type":"Point","coordinates":[28.9596919,41.0064901]},"properties":{"osm_id":"node/4449599395","kategori":"eczane","ad":"Işık Eczanesi"}},{"type":"Feature","geometry":{"type":"Point","coordinates":[28.9748319,41.0142744]},"properties":{"osm_id":"node/4449600093","kategori":"eczane","ad":"Büyük Eczanesi"}},{"type":"Feature","geometry":{"type":"Point","coordinates":[28.9671124,41.0047194]},"properties":{"osm_id":"node/4449619594","kategori":"eczane","ad":"Karabiber Eczanesi"}},{"type":"Feature","geometry":{"type":"Point","coordinates":[28.9770432,41.0124997]},"properties":{"osm_id":"node/4449648989","kategori":"eczane","ad":"Ataman Eczanesi"}},{"type":"Feature","geometry":{"type":"Point","coordinates":[28.9751921,41.0139679]},"properties":{"osm_id":"node/4449653089","kategori":"eczane","ad":"Pınar Ünsoy Eczanesi"}},{"type":"Feature","geometry":{"type":"Point","coordinates":[28.9647083,41.0049969]},"properties":{"osm_id":"node/4449662989","kategori":"eczane","ad":"Reyhan Eczanesi"}},{"type":"Feature","geometry":{"type":"Point","coordinates":[28.9592251,41.0105344]},"properties":{"osm_id":"node/4449662990","kategori":"eczane","ad":"İnan Eczanesi"}},{"type":"Feature","geometry":{"type":"Point","coordinates":[28.903601,41.0324933]},"properties":{"osm_id":"node/4450054890","kategori":"eczane","ad":"Dilek Sağlık Eczanesi"}},{"type":"Feature","geometry":{"type":"Point","coordinates":[28.906634,41.0501284]},"properties":{"osm_id":"node/4450059489","kategori":"eczane","ad":"Sevda Eczanesi"}},{"type":"Feature","geometry":{"type":"Point","coordinates":[28.9062557,41.0468928]},"properties":{"osm_id":"node/4450060889","kategori":"eczane","ad":"Yeni Hayat Eczanesi"}},{"type":"Feature","geometry":{"type":"Point","coordinates":[28.9114775,41.0428345]},"properties":{"osm_id":"node/4450063389","kategori":"eczane","ad":"Yeşil Eczanesi"}},{"type":"Feature","geometry":{"type":"Point","coordinates":[28.8654005,41.0284964]},"properties":{"osm_id":"node/4450091491","kategori":"eczane","ad":"Sezer Eczanesi"}},{"type":"Feature","geometry":{"type":"Point","coordinates":[28.8984451,41.0314878]},"properties":{"osm_id":"node/4450105389","kategori":"eczane","ad":"Fetih Eczanesi"}},{"type":"Feature","geometry":{"type":"Point","coordinates":[28.8614993,41.025216]},"properties":{"osm_id":"node/4450108891","kategori":"eczane","ad":"Sonay Eczanesi"}},{"type":"Feature","geometry":{"type":"Point","coordinates":[28.8570612,41.0275299]},"properties":{"osm_id":"node/4450108892","kategori":"eczane","ad":"Dilek Eczanesi"}},{"type":"Feature","geometry":{"type":"Point","coordinates":[28.8656381,41.0384664]},"properties":{"osm_id":"node/4450109091","kategori":"eczane","ad":"Burhan Eczanesi"}},{"type":"Feature","geometry":{"type":"Point","coordinates":[28.86521,41.0343311]},"properties":{"osm_id":"node/4450119391","kategori":"eczane","ad":"Göker Eczanesi"}},{"type":"Feature","geometry":{"type":"Point","coordinates":[28.8666877,41.034768]},"properties":{"osm_id":"node/4450131889","kategori":"eczane","ad":"Güler Eczanesi"}},{"type":"Feature","geometry":{"type":"Point","coordinates":[28.865056,41.027118]},"properties":{"osm_id":"node/4450138989","kategori":"eczane","ad":"Tülü Eczanesi"}},{"type":"Feature","geometry":{"type":"Point","coordinates":[28.8502523,41.0314885]},"properties":{"osm_id":"node/4450142189","kategori":"eczane","ad":"Miran Eczanesi"}},{"type":"Feature","geometry":{"type":"Point","coordinates":[28.9950882,41.0545294]},"properties":{"osm_id":"node/4450611193","kategori":"eczane","ad":"Durusüt Eczanesi"}},{"type":"Feature","geometry":{"type":"Point","coordinates":[28.9879985,41.0580183]},"properties":{"osm_id":"node/4450611291","kategori":"eczane","ad":"Tarhan Eczanesi"}},{"type":"Feature","geometry":{"type":"Point","coordinates":[28.4644594,41.1352989]},"properties":{"osm_id":"node/4450635089","kategori":"eczane","ad":"Doruk Mert Eczanesi"}},{"type":"Feature","geometry":{"type":"Point","coordinates":[28.9973017,41.0513127]},"properties":{"osm_id":"node/4450641389","kategori":"eczane","ad":"İnal Eczanesi"}},{"type":"Feature","geometry":{"type":"Point","coordinates":[28.9957945,41.0480503]},"properties":{"osm_id":"node/4450646689","kategori":"eczane","ad":"Emel Eczanesi"}},{"type":"Feature","geometry":{"type":"Point","coordinates":[28.9036257,41.0038761]},"properties":{"osm_id":"node/4450815291","kategori":"eczane","ad":"Zaloğlu Eczanesi"}},{"type":"Feature","geometry":{"type":"Point","coordinates":[29.3561436,40.8276934]},"properties":{"osm_id":"node/4450815292","kategori":"eczane","ad":"Sağlık Eczanesi"}},{"type":"Feature","geometry":{"type":"Point","coordinates":[29.0627085,41.0370056]},"properties":{"osm_id":"node/4450815390","kategori":"eczane","ad":"Esra Eczanesi"}},{"type":"Feature","geometry":{"type":"Point","coordinates":[29.8553157,41.138169]},"properties":{"osm_id":"node/4450882091","kategori":"eczane","ad":"Yeşilçay Eczanesi"}},{"type":"Feature","geometry":{"type":"Point","coordinates":[29.0464301,41.1031545]},"properties":{"osm_id":"node/4450891414","kategori":"eczane","ad":"Diyar Eczanesi"}},{"type":"Feature","geometry":{"type":"Point","coordinates":[28.6608624,41.018352]},"properties":{"osm_id":"node/4450891503","kategori":"eczane","ad":"Nurlu Eczanesi"}},{"type":"Feature","geometry":{"type":"Point","coordinates":[29.0517825,41.0109021]},"properties":{"osm_id":"node/4450902089","kategori":"eczane","ad":"Oya Eczanesi"}},{"type":"Feature","geometry":{"type":"Point","coordinates":[29.1508205,41.0157164]},"properties":{"osm_id":"node/4450902090","kategori":"eczane","ad":"Mehmet Cemal Eczanesi"}},{"type":"Feature","geometry":{"type":"Point","coordinates":[29.0144486,41.0199719]},"properties":{"osm_id":"node/4450903189","kategori":"eczane","ad":"Paşakapısı Eczanesi"}},{"type":"Feature","geometry":{"type":"Point","coordinates":[28.9197544,41.0807142]},"properties":{"osm_id":"node/4452430892","kategori":"eczane","ad":"Nar Eczanesi"}},{"type":"Feature","geometry":{"type":"Point","coordinates":[28.9237975,41.0801435]},"properties":{"osm_id":"node/4452431294","kategori":"eczane","ad":"Öğretmenler Eczanesi"}},{"type":"Feature","geometry":{"type":"Point","coordinates":[28.9385428,41.0762039]},"properties":{"osm_id":"node/4452434490","kategori":"eczane","ad":"Ocak Eczanesi"}},{"type":"Feature","geometry":{"type":"Point","coordinates":[28.9462941,41.0701273]},"properties":{"osm_id":"node/4452434592","kategori":"eczane","ad":"Çare Eczanesi"}},{"type":"Feature","geometry":{"type":"Point","coordinates":[28.9503736,41.0728156]},"properties":{"osm_id":"node/4452434593","kategori":"eczane","ad":"Sibel Eczanesi"}},{"type":"Feature","geometry":{"type":"Point","coordinates":[28.9604692,41.0772183]},"properties":{"osm_id":"node/4452435991","kategori":"eczane","ad":"Halk Eczanesi"}},{"type":"Feature","geometry":{"type":"Point","coordinates":[28.9224162,41.0847392]},"properties":{"osm_id":"node/4452437890","kategori":"eczane","ad":"Anıl Eczanesi"}},{"type":"Feature","geometry":{"type":"Point","coordinates":[28.9254508,41.0855865]},"properties":{"osm_id":"node/4452437891","kategori":"eczane","ad":"Nergis Eczanesi"}},{"type":"Feature","geometry":{"type":"Point","coordinates":[28.967248,41.063839]},"properties":{"osm_id":"node/4452458389","kategori":"eczane","ad":"Nur Eczanesi"}},{"type":"Feature","geometry":{"type":"Point","coordinates":[28.8726889,40.9783056]},"properties":{"osm_id":"node/4455129493","kategori":"eczane","ad":"Melek Eczanesi"}},{"type":"Feature","geometry":{"type":"Point","coordinates":[28.8813541,40.9806161]},"properties":{"osm_id":"node/4455158592","kategori":"eczane","ad":"As Eczanesi"}},{"type":"Feature","geometry":{"type":"Point","coordinates":[28.8731354,40.9769999]},"properties":{"osm_id":"node/4455159091","kategori":"eczane","ad":"Arzum Eczanesi"}},{"type":"Feature","geometry":{"type":"Point","coordinates":[28.8696123,40.9882175]},"properties":{"osm_id":"node/4455161795","kategori":"eczane","ad":"Nurcan Eczanesi"}},{"type":"Feature","geometry":{"type":"Point","coordinates":[28.8726511,40.9886759]},"properties":{"osm_id":"node/4455186994","kategori":"eczane","ad":"İnci Eczanesi"}},{"type":"Feature","geometry":{"type":"Point","coordinates":[28.8781825,40.9785141]},"properties":{"osm_id":"node/4455187590","kategori":"eczane","ad":"Bakırköy Eczanesi"}},{"type":"Feature","geometry":{"type":"Point","coordinates":[28.8723881,40.9837895]},"properties":{"osm_id":"node/4455202390","kategori":"eczane","ad":"Büyük Eczanesi"}},{"type":"Feature","geometry":{"type":"Point","coordinates":[28.875396,40.975411]},"properties":{"osm_id":"node/4455204390","kategori":"eczane","ad":"Şevki Eczanesi"}},{"type":"Feature","geometry":{"type":"Point","coordinates":[28.872043,40.9783377]},"properties":{"osm_id":"node/4455216390","kategori":"eczane","ad":"Lokman Hekim Eczanesi"}},{"type":"Feature","geometry":{"type":"Point","coordinates":[28.8738037,40.9785058]},"properties":{"osm_id":"node/4455216391","kategori":"eczane","ad":"Portakal Eczanesi"}},{"type":"Feature","geometry":{"type":"Point","coordinates":[28.8708518,40.9796507]},"properties":{"osm_id":"node/4455217089","kategori":"eczane","ad":"Mercan Eczanesi"}},{"type":"Feature","geometry":{"type":"Point","coordinates":[28.8717777,40.9787775]},"properties":{"osm_id":"node/4455217091","kategori":"eczane","ad":"Ece Eczanesi"}},{"type":"Feature","geometry":{"type":"Point","coordinates":[28.8718339,40.9782979]},"properties":{"osm_id":"node/4455217092","kategori":"eczane","ad":"Sevgör Eczanesi"}},{"type":"Feature","geometry":{"type":"Point","coordinates":[28.8745709,40.9888407]},"properties":{"osm_id":"node/4455224789","kategori":"eczane","ad":"Humay Eczanesi"}},{"type":"Feature","geometry":{"type":"Point","coordinates":[28.8969119,40.9936168]},"properties":{"osm_id":"node/4456317695","kategori":"eczane","ad":"Ömür Eczanesi"}},{"type":"Feature","geometry":{"type":"Point","coordinates":[28.903392,40.9882187]},"properties":{"osm_id":"node/4456367793","kategori":"eczane","ad":"Hülya Eczanesi"}},{"type":"Feature","geometry":{"type":"Point","coordinates":[28.9015566,40.9945507]},"properties":{"osm_id":"node/4456367794","kategori":"eczane","ad":"Çıtak Eczanesi"}},{"type":"Feature","geometry":{"type":"Point","coordinates":[28.8956726,40.9971451]},"properties":{"osm_id":"node/4456385091","kategori":"eczane","ad":"Doğuş Eczanesi"}},{"type":"Feature","geometry":{"type":"Point","coordinates":[28.997697,41.0557485]},"properties":{"osm_id":"node/4456385895","kategori":"eczane","ad":"Gülbin Eczanesi"}},{"type":"Feature","geometry":{"type":"Point","coordinates":[28.8954008,40.9845754]},"properties":{"osm_id":"node/4456399590","kategori":"eczane","ad":"Sezer Eczanesi"}},{"type":"Feature","geometry":{"type":"Point","coordinates":[28.903638,40.9914985]},"properties":{"osm_id":"node/4456399591","kategori":"eczane","ad":"Yaşam Eczanesi"}},{"type":"Feature","geometry":{"type":"Point","coordinates":[28.8985097,40.995713]},"properties":{"osm_id":"node/4456399592","kategori":"eczane","ad":"Zafer Eczanesi"}},{"type":"Feature","geometry":{"type":"Point","coordinates":[28.8963796,40.9998874]},"properties":{"osm_id":"node/4456416090","kategori":"eczane","ad":"Mısırlı Eczanesi"}},{"type":"Feature","geometry":{"type":"Point","coordinates":[28.994253,41.0538576]},"properties":{"osm_id":"node/4456458092","kategori":"eczane","ad":"Can Eczanesi"}},{"type":"Feature","geometry":{"type":"Point","coordinates":[28.9928141,41.0527177]},"properties":{"osm_id":"node/4456458992","kategori":"eczane","ad":"Altın Eczanesi"}},{"type":"Feature","geometry":{"type":"Point","coordinates":[28.9877817,41.0498716]},"properties":{"osm_id":"node/4456459090","kategori":"eczane","ad":"Kaynak Eczanesi"}},{"type":"Feature","geometry":{"type":"Point","coordinates":[28.8766539,40.9899167]},"properties":{"osm_id":"node/4458842097","kategori":"eczane","ad":"Cem Eczanesi"}},{"type":"Feature","geometry":{"type":"Point","coordinates":[28.8649883,40.99784]},"properties":{"osm_id":"node/4458843593","kategori":"eczane","ad":"İffet Eczanesi"}},{"type":"Feature","geometry":{"type":"Point","coordinates":[28.8571198,41.0010662]},"properties":{"osm_id":"node/4458847690","kategori":"eczane","ad":"Pınar Eczanesi"}},{"type":"Feature","geometry":{"type":"Point","coordinates":[28.9009177,40.9857329]},"properties":{"osm_id":"node/4458847797","kategori":"eczane","ad":"Selim Eczanesi"}},{"type":"Feature","geometry":{"type":"Point","coordinates":[28.8981076,40.9913397]},"properties":{"osm_id":"node/4458850096","kategori":"eczane","ad":"Ihlamur Eczanesi"}},{"type":"Feature","geometry":{"type":"Point","coordinates":[28.8648375,40.9959236]},"properties":{"osm_id":"node/4458860590","kategori":"eczane","ad":"Anıl Eczanesi"}},{"type":"Feature","geometry":{"type":"Point","coordinates":[28.8600431,41.0020128]},"properties":{"osm_id":"node/4458860991","kategori":"eczane","ad":"Evin Eczanesi"}},{"type":"Feature","geometry":{"type":"Point","coordinates":[28.8573551,41.0014479]},"properties":{"osm_id":"node/4458863790","kategori":"eczane","ad":"Saray Eczanesi"}},{"type":"Feature","geometry":{"type":"Point","coordinates":[28.832588,41.04434]},"properties":{"osm_id":"node/4458863891","kategori":"eczane","ad":"Yaşar Eczanesi"}},{"type":"Feature","geometry":{"type":"Point","coordinates":[28.8283766,41.0423903]},"properties":{"osm_id":"node/4458863892","kategori":"eczane","ad":"Buğday Eczanesi"}},{"type":"Feature","geometry":{"type":"Point","coordinates":[28.9006786,40.9855858]},"properties":{"osm_id":"node/4458876194","kategori":"eczane","ad":"Tuğba Eczanesi"}},{"type":"Feature","geometry":{"type":"Point","coordinates":[28.8655588,40.9981883]},"properties":{"osm_id":"node/4458885290","kategori":"eczane","ad":"Ege Eczanesi"}},{"type":"Feature","geometry":{"type":"Point","coordinates":[28.8280211,41.0409832]},"properties":{"osm_id":"node/4458885291","kategori":"eczane","ad":"Güneşli Eczanesi"}},{"type":"Feature","geometry":{"type":"Point","coordinates":[28.8248092,41.0403496]},"properties":{"osm_id":"node/4458885292","kategori":"eczane","ad":"Erzurum Eczanesi"}},{"type":"Feature","geometry":{"type":"Point","coordinates":[28.8295131,41.0296617]},"properties":{"osm_id":"node/4458885293","kategori":"eczane","ad":"Rumeli Eczanesi"}},{"type":"Feature","geometry":{"type":"Point","coordinates":[28.9126781,40.9975635]},"properties":{"osm_id":"node/4458891290","kategori":"eczane","ad":"Bozkır Eczanesi"}},{"type":"Feature","geometry":{"type":"Point","coordinates":[28.8989738,40.987716]},"properties":{"osm_id":"node/4458905089","kategori":"eczane","ad":"Zeren Eczanesi"}},{"type":"Feature","geometry":{"type":"Point","coordinates":[28.8306569,41.0255748]},"properties":{"osm_id":"node/4458922191","kategori":"eczane","ad":"Filiz Eczanesi"}},{"type":"Feature","geometry":{"type":"Point","coordinates":[28.8370782,41.0250461]},"properties":{"osm_id":"node/4458925190","kategori":"eczane","ad":"Nuhoğlu Eczanesi"}},{"type":"Feature","geometry":{"type":"Point","coordinates":[28.8360688,41.0268247]},"properties":{"osm_id":"node/4458927990","kategori":"eczane","ad":"Akalın Eczanesi"}},{"type":"Feature","geometry":{"type":"Point","coordinates":[28.826804,41.0362473]},"properties":{"osm_id":"node/4458933489","kategori":"eczane","ad":"Işık Eczanesi"}},{"type":"Feature","geometry":{"type":"Point","coordinates":[28.8695455,41.030184]},"properties":{"osm_id":"node/4459187801","kategori":"eczane","ad":"Senanur Eczanesi"}},{"type":"Feature","geometry":{"type":"Point","coordinates":[28.8696287,41.03081]},"properties":{"osm_id":"node/4459193403","kategori":"eczane","ad":"Esma Eczanesi"}},{"type":"Feature","geometry":{"type":"Point","coordinates":[28.8671513,41.023836]},"properties":{"osm_id":"node/4459271089","kategori":"eczane","ad":"Berrak Eczanesi"}},{"type":"Feature","geometry":{"type":"Point","coordinates":[28.7061767,41.0051979]},"properties":{"osm_id":"node/4460865088","kategori":"eczane","ad":"Say Eczanesi"}},{"type":"Feature","geometry":{"type":"Point","coordinates":[28.7067863,41.0035016]},"properties":{"osm_id":"node/4460865687","kategori":"eczane","ad":"Deniz Avcılar Eczanesi"}},{"type":"Feature","geometry":{"type":"Point","coordinates":[28.7015094,41.0382677]},"properties":{"osm_id":"node/4460865688","kategori":"eczane","ad":"Avcılar Eczanesi"}},{"type":"Feature","geometry":{"type":"Point","coordinates":[28.7063247,41.0053332]},"properties":{"osm_id":"node/4460865868","kategori":"eczane","ad":"Seren Eczanesi"}},{"type":"Feature","geometry":{"type":"Point","coordinates":[28.7033539,41.0056979]},"properties":{"osm_id":"node/4460865869","kategori":"eczane","ad":"Mertin Eczanesi"}},{"type":"Feature","geometry":{"type":"Point","coordinates":[28.7074598,41.0033717]},"properties":{"osm_id":"node/4460866514","kategori":"eczane","ad":"Füsun Eczanesi"}},{"type":"Feature","geometry":{"type":"Point","coordinates":[28.7104463,41.0090854]},"properties":{"osm_id":"node/4460866515","kategori":"eczane","ad":"Büyük Eczanesi"}},{"type":"Feature","geometry":{"type":"Point","coordinates":[28.7064977,41.0329981]},"properties":{"osm_id":"node/4460866516","kategori":"eczane","ad":"Uğur Eczanesi"}},{"type":"Feature","geometry":{"type":"Point","coordinates":[28.694883,41.0315801]},"properties":{"osm_id":"node/4460866517","kategori":"eczane","ad":"Güneş Eczanesi"}},{"type":"Feature","geometry":{"type":"Point","coordinates":[28.7064152,41.0054111]},"properties":{"osm_id":"node/4460866617","kategori":"eczane","ad":"Kardelen Eczanesi"}},{"type":"Feature","geometry":{"type":"Point","coordinates":[28.7070086,41.0025737]},"properties":{"osm_id":"node/4460868220","kategori":"eczane","ad":"Kemalpaşa Eczanesi"}},{"type":"Feature","geometry":{"type":"Point","coordinates":[28.7107141,41.0091513]},"properties":{"osm_id":"node/4460868221","kategori":"eczane","ad":"Gül Eczanesi"}},{"type":"Feature","geometry":{"type":"Point","coordinates":[28.701349,41.0386148]},"properties":{"osm_id":"node/4460868222","kategori":"eczane","ad":"Aynur Eczanesi"}},{"type":"Feature","geometry":{"type":"Point","coordinates":[28.7071449,41.003512]},"properties":{"osm_id":"node/4460872914","kategori":"eczane","ad":"Sema Eczanesi"}},{"type":"Feature","geometry":{"type":"Point","coordinates":[28.7096733,41.0107412]},"properties":{"osm_id":"node/4460872915","kategori":"eczane","ad":"İstanbul Eczanesi"}},{"type":"Feature","geometry":{"type":"Point","coordinates":[28.7102755,41.0097593]},"properties":{"osm_id":"node/4460872916","kategori":"eczane","ad":"Temmuz Eczanesi"}},{"type":"Feature","geometry":{"type":"Point","coordinates":[28.675982,41.0186919]},"properties":{"osm_id":"node/4460872919","kategori":"eczane","ad":"Akevler Eczanesi"}},{"type":"Feature","geometry":{"type":"Point","coordinates":[28.6911897,41.0326075]},"properties":{"osm_id":"node/4460903695","kategori":"eczane","ad":"Avcılar Derya Eczanesi"}},{"type":"Feature","geometry":{"type":"Point","coordinates":[28.7035272,41.0019199]},"properties":{"osm_id":"node/4460912189","kategori":"eczane","ad":"Tepeüstü Eczanesi"}},{"type":"Feature","geometry":{"type":"Point","coordinates":[28.7063017,41.0336025]},"properties":{"osm_id":"node/4460924989","kategori":"eczane","ad":"Anadolu Eczanesi"}},{"type":"Feature","geometry":{"type":"Point","coordinates":[28.8634342,40.9961376]},"properties":{"osm_id":"node/4462362189","kategori":"eczane","ad":"Nil Eczanesi"}},{"type":"Feature","geometry":{"type":"Point","coordinates":[28.5345486,41.0136942]},"properties":{"osm_id":"node/4466850491","kategori":"eczane","ad":"Tuğba Eczanesi"}},{"type":"Feature","geometry":{"type":"Point","coordinates":[28.4181902,41.050976]},"properties":{"osm_id":"node/4466856390","kategori":"eczane","ad":"Lokman Eczanesi"}},{"type":"Feature","geometry":{"type":"Point","coordinates":[28.4530452,41.0312687]},"properties":{"osm_id":"node/4466879789","kategori":"eczane","ad":"Kumburgaz Eczanesi"}},{"type":"Feature","geometry":{"type":"Point","coordinates":[28.4526917,41.0305033]},"properties":{"osm_id":"node/4466879790","kategori":"eczane","ad":"Ezgi Eczanesi"}},{"type":"Feature","geometry":{"type":"Point","coordinates":[28.5317773,41.0159181]},"properties":{"osm_id":"node/4466883889","kategori":"eczane","ad":"Aylin Eczanesi"}},{"type":"Feature","geometry":{"type":"Point","coordinates":[28.5786061,41.0201567]},"properties":{"osm_id":"node/4466902691","kategori":"eczane","ad":"Sağlık Eczanesi"}},{"type":"Feature","geometry":{"type":"Point","coordinates":[28.557061,41.0143246]},"properties":{"osm_id":"node/4466903090","kategori":"eczane","ad":"Mavim Eczanesi"}},{"type":"Feature","geometry":{"type":"Point","coordinates":[28.5821175,41.0238681]},"properties":{"osm_id":"node/4466903091","kategori":"eczane","ad":"Sema Eczanesi"}},{"type":"Feature","geometry":{"type":"Point","coordinates":[28.5857916,41.0219354]},"properties":{"osm_id":"node/4466904291","kategori":"eczane","ad":"Şengül Eczanesi"}},{"type":"Feature","geometry":{"type":"Point","coordinates":[28.5821726,41.0247034]},"properties":{"osm_id":"node/4466904292","kategori":"eczane","ad":"Sahil Eczanesi"}},{"type":"Feature","geometry":{"type":"Point","coordinates":[28.5792194,41.0212884]},"properties":{"osm_id":"node/4466923490","kategori":"eczane","ad":"Melike Eczanesi"}},{"type":"Feature","geometry":{"type":"Point","coordinates":[28.5569012,41.0143321]},"properties":{"osm_id":"node/4466926089","kategori":"eczane","ad":"Latif Eczanesi"}},{"type":"Feature","geometry":{"type":"Point","coordinates":[28.5815881,41.0210582]},"properties":{"osm_id":"node/4466926090","kategori":"eczane","ad":"Ceylan Eczanesi"}},{"type":"Feature","geometry":{"type":"Point","coordinates":[28.5942653,41.0193895]},"properties":{"osm_id":"node/4466943489","kategori":"eczane","ad":"Yaşam Eczanesi"}},{"type":"Feature","geometry":{"type":"Point","coordinates":[28.603787,41.016919]},"properties":{"osm_id":"node/4466945589","kategori":"eczane","ad":"Özge Eczanesi"}},{"type":"Feature","geometry":{"type":"Point","coordinates":[28.6053579,41.0128125]},"properties":{"osm_id":"node/4466950089","kategori":"eczane","ad":"Gülneşe Eczanesi"}},{"type":"Feature","geometry":{"type":"Point","coordinates":[28.604489,41.0168139]},"properties":{"osm_id":"node/4467367389","kategori":"eczane","ad":"Yağmur Eczanesi"}},{"type":"Feature","geometry":{"type":"Point","coordinates":[29.0134176,41.0705604]},"properties":{"osm_id":"node/4477443290","kategori":"eczane","ad":"Begüm Eczanesi"}},{"type":"Feature","geometry":{"type":"Point","coordinates":[29.1063347,40.9680857]},"properties":{"osm_id":"node/4477458895","kategori":"eczane","ad":"Sedef Eczanesi"}},{"type":"Feature","geometry":{"type":"Point","coordinates":[29.0946225,40.9610594]},"properties":{"osm_id":"node/4477458897","kategori":"eczane","ad":"Erim Eczanesi"}},{"type":"Feature","geometry":{"type":"Point","coordinates":[29.1145001,40.9672304]},"properties":{"osm_id":"node/4477462792","kategori":"eczane","ad":"Nisa Eczanesi"}},{"type":"Feature","geometry":{"type":"Point","coordinates":[29.1043513,40.9502675]},"properties":{"osm_id":"node/4477468390","kategori":"eczane","ad":"Fisun Eczanesi"}},{"type":"Feature","geometry":{"type":"Point","coordinates":[29.1153333,40.9411936]},"properties":{"osm_id":"node/4477469292","kategori":"eczane","ad":"Özcan Eczanesi"}},{"type":"Feature","geometry":{"type":"Point","coordinates":[29.0430515,41.0676696]},"properties":{"osm_id":"node/4477469293","kategori":"eczane","ad":"Arnavutköy Eczanesi"}},{"type":"Feature","geometry":{"type":"Point","coordinates":[29.0994167,40.9525058]},"properties":{"osm_id":"node/4477469395","kategori":"eczane","ad":"Candan Eczanesi"}},{"type":"Feature","geometry":{"type":"Point","coordinates":[29.1035687,40.9504906]},"properties":{"osm_id":"node/4477469396","kategori":"eczane","ad":"Meray Eczanesi"}},{"type":"Feature","geometry":{"type":"Point","coordinates":[29.1001921,40.9641354]},"properties":{"osm_id":"node/4477482990","kategori":"eczane","ad":"Pınar Eczanesi"}},{"type":"Feature","geometry":{"type":"Point","coordinates":[29.0997023,40.9650665]},"properties":{"osm_id":"node/4477484891","kategori":"eczane","ad":"Emre Eczanesi"}},{"type":"Feature","geometry":{"type":"Point","coordinates":[29.113597,40.965387]},"properties":{"osm_id":"node/4477485889","kategori":"eczane","ad":"Selin Eczanesi"}},{"type":"Feature","geometry":{"type":"Point","coordinates":[29.1122615,40.9668367]},"properties":{"osm_id":"node/4477485891","kategori":"eczane","ad":"Karaca Eczanesi"}},{"type":"Feature","geometry":{"type":"Point","coordinates":[29.0944677,40.9585487]},"properties":{"osm_id":"node/4477485894","kategori":"eczane","ad":"Kaya Eczanesi"}},{"type":"Feature","geometry":{"type":"Point","coordinates":[29.0964022,40.9628907]},"properties":{"osm_id":"node/4477486893","kategori":"eczane","ad":"Doğru Eczanesi"}},{"type":"Feature","geometry":{"type":"Point","coordinates":[29.1210618,40.9342201]},"properties":{"osm_id":"node/4477488090","kategori":"eczane","ad":"Tanyol Eczanesi"}},{"type":"Feature","geometry":{"type":"Point","coordinates":[29.1163913,40.940942]},"properties":{"osm_id":"node/4477488190","kategori":"eczane","ad":"Nihal Eczanesi"}},{"type":"Feature","geometry":{"type":"Point","coordinates":[29.0252868,41.0766686]},"properties":{"osm_id":"node/4477488192","kategori":"eczane","ad":"Eliz Dora Eczanesi"}},{"type":"Feature","geometry":{"type":"Point","coordinates":[29.0058455,41.0562953]},"properties":{"osm_id":"node/4477488203","kategori":"eczane","ad":"Alev Eczanesi"}},{"type":"Feature","geometry":{"type":"Point","coordinates":[29.1063375,40.9476233]},"properties":{"osm_id":"node/4477488391","kategori":"eczane","ad":"Budak Eczanesi"}},{"type":"Feature","geometry":{"type":"Point","coordinates":[29.0270512,41.0770999]},"properties":{"osm_id":"node/4477488393","kategori":"eczane","ad":"Akmerkez Eczanesi"}},{"type":"Feature","geometry":{"type":"Point","coordinates":[29.0339937,41.0740125]},"properties":{"osm_id":"node/4477488690","kategori":"eczane","ad":"Etki Eczanesi"}},{"type":"Feature","geometry":{"type":"Point","coordinates":[29.0968883,40.9540628]},"properties":{"osm_id":"node/4477491493","kategori":"eczane","ad":"Eczane Jülide"}},{"type":"Feature","geometry":{"type":"Point","coordinates":[29.1066521,40.9466334]},"properties":{"osm_id":"node/4477502590","kategori":"eczane","ad":"Dilek Eczanesi"}},{"type":"Feature","geometry":{"type":"Point","coordinates":[29.112173,40.945768]},"properties":{"osm_id":"node/4477502591","kategori":"eczane","ad":"Pervin Eczanesi"}},{"type":"Feature","geometry":{"type":"Point","coordinates":[29.0044733,41.0427168]},"properties":{"osm_id":"node/4477589192","kategori":"eczane","ad":"Sağlık Eczanesi"}},{"type":"Feature","geometry":{"type":"Point","coordinates":[29.0174767,41.074001]},"properties":{"osm_id":"node/4477589390","kategori":"eczane","ad":"Kerem Eczanesi"}},{"type":"Feature","geometry":{"type":"Point","coordinates":[29.0104974,41.0634598]},"properties":{"osm_id":"node/4477589391","kategori":"eczane","ad":"Melis Eczanesi"}},{"type":"Feature","geometry":{"type":"Point","coordinates":[29.018874,41.074466]},"properties":{"osm_id":"node/4477590191","kategori":"eczane","ad":"Meltem Eczanesi"}},{"type":"Feature","geometry":{"type":"Point","coordinates":[29.0180848,41.0725922]},"properties":{"osm_id":"node/4477590192","kategori":"eczane","ad":"Mina Eczanesi"}},{"type":"Feature","geometry":{"type":"Point","coordinates":[29.002831,41.0559409]},"properties":{"osm_id":"node/4477615290","kategori":"eczane","ad":"Kemertaş Eczanesi"}},{"type":"Feature","geometry":{"type":"Point","coordinates":[29.0108036,41.0589478]},"properties":{"osm_id":"node/4477650689","kategori":"eczane","ad":"Aslan Eczanesi"}},{"type":"Feature","geometry":{"type":"Point","coordinates":[29.0074616,41.0564037]},"properties":{"osm_id":"node/4477653089","kategori":"eczane","ad":"Soley Eczanesi"}},{"type":"Feature","geometry":{"type":"Point","coordinates":[29.0022394,41.0444618]},"properties":{"osm_id":"node/4477667190","kategori":"eczane","ad":"Saba Eczanesi"}},{"type":"Feature","geometry":{"type":"Point","coordinates":[29.0042404,41.0438732]},"properties":{"osm_id":"node/4477667191","kategori":"eczane","ad":"Çarşı Eczanesi"}},{"type":"Feature","geometry":{"type":"Point","coordinates":[28.9939752,41.0453011]},"properties":{"osm_id":"node/4477685690","kategori":"eczane","ad":"Maçka"}},{"type":"Feature","geometry":{"type":"Point","coordinates":[28.9923062,41.0507974]},"properties":{"osm_id":"node/4477707290","kategori":"eczane","ad":"Fulya Eczanesi"}},{"type":"Feature","geometry":{"type":"Point","coordinates":[29.0001074,41.0467734]},"properties":{"osm_id":"node/4477707291","kategori":"eczane","ad":"Rüzgar Eczanesi"}},{"type":"Feature","geometry":{"type":"Point","coordinates":[28.9980878,41.0469265]},"properties":{"osm_id":"node/4477735890","kategori":"eczane","ad":"Uğur Eczanesi"}},{"type":"Feature","geometry":{"type":"Point","coordinates":[29.0046781,41.0421561]},"properties":{"osm_id":"node/4477735891","kategori":"eczane","ad":"Demet Eczanesi"}},{"type":"Feature","geometry":{"type":"Point","coordinates":[29.0002393,41.0425827]},"properties":{"osm_id":"node/4477763689","kategori":"eczane","ad":"Berin Eczanesi"}},{"type":"Feature","geometry":{"type":"Point","coordinates":[29.0099743,41.0428539]},"properties":{"osm_id":"node/4477765489","kategori":"eczane","ad":"Bihter Anaç Eczanesi"}},{"type":"Feature","geometry":{"type":"Point","coordinates":[29.009088,41.0426035]},"properties":{"osm_id":"node/4477771489","kategori":"eczane","ad":"Çırağan Eczanesi"}},{"type":"Feature","geometry":{"type":"Point","coordinates":[29.0243653,41.0170948]},"properties":{"osm_id":"node/4486289893","kategori":"eczane","ad":"Sezgin Eczanesi"}},{"type":"Feature","geometry":{"type":"Point","coordinates":[29.117374,40.975322]},"properties":{"osm_id":"node/4489208192","kategori":"eczane","ad":"Tamay Eczanesi"}},{"type":"Feature","geometry":{"type":"Point","coordinates":[29.1362305,40.9761192]},"properties":{"osm_id":"node/4489208194","kategori":"eczane","ad":"Meltem Eczanesi"}},{"type":"Feature","geometry":{"type":"Point","coordinates":[29.108931,40.978975]},"properties":{"osm_id":"node/4489229492","kategori":"eczane","ad":"Mert Eczanesi"}},{"type":"Feature","geometry":{"type":"Point","coordinates":[29.11356,40.9753781]},"properties":{"osm_id":"node/4489229494","kategori":"eczane","ad":"Umut Eczanesi"}},{"type":"Feature","geometry":{"type":"Point","coordinates":[29.101877,40.97665]},"properties":{"osm_id":"node/4489243895","kategori":"eczane","ad":"Bizim Eczanesi"}},{"type":"Feature","geometry":{"type":"Point","coordinates":[29.13203,40.9866958]},"properties":{"osm_id":"node/4489244892","kategori":"eczane","ad":"Butik Eczanesi"}},{"type":"Feature","geometry":{"type":"Point","coordinates":[29.1121145,40.9749837]},"properties":{"osm_id":"node/4489247094","kategori":"eczane","ad":"Görkem Eczanesi"}},{"type":"Feature","geometry":{"type":"Point","coordinates":[29.1071693,40.9770165]},"properties":{"osm_id":"node/4489255790","kategori":"eczane","ad":"Şükrü Bey Eczanesi"}},{"type":"Feature","geometry":{"type":"Point","coordinates":[29.1193396,40.9737632]},"properties":{"osm_id":"node/4489260695","kategori":"eczane","ad":"İdil Eczanesi"}},{"type":"Feature","geometry":{"type":"Point","coordinates":[29.1304606,40.9715125]},"properties":{"osm_id":"node/4489260696","kategori":"eczane","ad":"Özsoy Eczanesi"}},{"type":"Feature","geometry":{"type":"Point","coordinates":[29.1448203,40.9775579]},"properties":{"osm_id":"node/4489265091","kategori":"eczane","ad":"Arık Eczanesi"}},{"type":"Feature","geometry":{"type":"Point","coordinates":[29.1148043,40.9771433]},"properties":{"osm_id":"node/4489266889","kategori":"eczane","ad":"Işıl Eczanesi"}},{"type":"Feature","geometry":{"type":"Point","coordinates":[29.1231465,40.9684391]},"properties":{"osm_id":"node/4489293389","kategori":"eczane","ad":null}},{"type":"Feature","geometry":{"type":"Point","coordinates":[29.1292358,40.9702316]},"properties":{"osm_id":"node/4489294589","kategori":"eczane","ad":"Özge Eczanesi"}},{"type":"Feature","geometry":{"type":"Point","coordinates":[29.1441168,40.9813644]},"properties":{"osm_id":"node/4489294590","kategori":"eczane","ad":"Adım Eczanesi"}},{"type":"Feature","geometry":{"type":"Point","coordinates":[29.1439528,40.9753677]},"properties":{"osm_id":"node/4489298289","kategori":"eczane","ad":"Ahu Eczanesi"}},{"type":"Feature","geometry":{"type":"Point","coordinates":[29.1631593,40.9889972]},"properties":{"osm_id":"node/4496331393","kategori":"eczane","ad":"Ayla Canan Eczanesi"}},{"type":"Feature","geometry":{"type":"Point","coordinates":[29.1795013,40.978331]},"properties":{"osm_id":"node/4496334594","kategori":"eczane","ad":"Barış Akşit Eczanesi"}},{"type":"Feature","geometry":{"type":"Point","coordinates":[29.1083272,40.9792559]},"properties":{"osm_id":"node/4496340889","kategori":"eczane","ad":"Nar Eczanesi"}},{"type":"Feature","geometry":{"type":"Point","coordinates":[29.1543532,40.9428522]},"properties":{"osm_id":"node/4507764589","kategori":"eczane","ad":"Onur Eczanesi"}},{"type":"Feature","geometry":{"type":"Point","coordinates":[29.1488566,40.9362628]},"properties":{"osm_id":"node/4507856823","kategori":"eczane","ad":"Anadolu Eczanesi"}},{"type":"Feature","geometry":{"type":"Point","coordinates":[29.1501513,40.9346119]},"properties":{"osm_id":"node/4507856873","kategori":"eczane","ad":"Örnek Eczanesi"}},{"type":"Feature","geometry":{"type":"Point","coordinates":[29.1507891,40.934982]},"properties":{"osm_id":"node/4507856875","kategori":"eczane","ad":"Safa Eczanesi"}},{"type":"Feature","geometry":{"type":"Point","coordinates":[29.1538853,40.9408668]},"properties":{"osm_id":"node/4507882648","kategori":"eczane","ad":"Paşaoğlu Eczanesi"}},{"type":"Feature","geometry":{"type":"Point","coordinates":[28.6612719,41.0177225]},"properties":{"osm_id":"node/4511371081","kategori":"eczane","ad":"Seher Eczanesi"}},{"type":"Feature","geometry":{"type":"Point","coordinates":[28.8452483,41.0389845]},"properties":{"osm_id":"node/4514710693","kategori":"eczane","ad":"Doluca Eczanesi"}},{"type":"Feature","geometry":{"type":"Point","coordinates":[28.8433094,41.0521]},"properties":{"osm_id":"node/4514772890","kategori":"eczane","ad":"Gülten Eczanesi"}},{"type":"Feature","geometry":{"type":"Point","coordinates":[28.8485787,41.0542333]},"properties":{"osm_id":"node/4514776089","kategori":"eczane","ad":"Lokman Eczanesi"}},{"type":"Feature","geometry":{"type":"Point","coordinates":[28.8466067,41.0542587]},"properties":{"osm_id":"node/4514776289","kategori":"eczane","ad":"Uğur Eczanesi"}},{"type":"Feature","geometry":{"type":"Point","coordinates":[28.8460747,41.0479222]},"properties":{"osm_id":"node/4514777289","kategori":"eczane","ad":"Ezgi Eczanesi"}},{"type":"Feature","geometry":{"type":"Point","coordinates":[28.846955,41.0435296]},"properties":{"osm_id":"node/4514780589","kategori":"eczane","ad":"Abdullah Eczanesi"}},{"type":"Feature","geometry":{"type":"Point","coordinates":[28.848413,41.0419699]},"properties":{"osm_id":"node/4514783889","kategori":"eczane","ad":"Yavuz Selim Eczanesi"}},{"type":"Feature","geometry":{"type":"Point","coordinates":[28.5414718,41.0025766]},"properties":{"osm_id":"node/4527998192","kategori":"eczane","ad":"Sezen Eczanesi"}},{"type":"Feature","geometry":{"type":"Point","coordinates":[28.5392446,41.007119]},"properties":{"osm_id":"node/4528051958","kategori":"eczane","ad":"Corner Eczanesi"}},{"type":"Feature","geometry":{"type":"Point","coordinates":[29.1469392,41.0054279]},"properties":{"osm_id":"node/4533916262","kategori":"eczane","ad":null}},{"type":"Feature","geometry":{"type":"Point","coordinates":[28.8881918,41.0736935]},"properties":{"osm_id":"node/4538375074","kategori":"eczane","ad":"Tezcan Eczanesi"}},{"type":"Feature","geometry":{"type":"Point","coordinates":[29.1773009,41.0327621]},"properties":{"osm_id":"node/4540866436","kategori":"eczane","ad":"Çekmeköy Park Eczanesi"}},{"type":"Feature","geometry":{"type":"Point","coordinates":[29.1751775,41.0328951]},"properties":{"osm_id":"node/4540955110","kategori":"eczane","ad":"Eczane İpekcan"}},{"type":"Feature","geometry":{"type":"Point","coordinates":[29.101715,41.0943185]},"properties":{"osm_id":"node/4542442314","kategori":"eczane","ad":"Poyraz Eczanesi"}},{"type":"Feature","geometry":{"type":"Point","coordinates":[29.1013965,41.0944881]},"properties":{"osm_id":"node/4542463203","kategori":"eczane","ad":"Eczane İksir"}},{"type":"Feature","geometry":{"type":"Point","coordinates":[29.0904778,40.9606358]},"properties":{"osm_id":"node/4544864892","kategori":"eczane","ad":"Polen Eczanesi"}},{"type":"Feature","geometry":{"type":"Point","coordinates":[28.8884827,41.0738527]},"properties":{"osm_id":"node/4545351867","kategori":"eczane","ad":"İlkay Eczanesi"}},{"type":"Feature","geometry":{"type":"Point","coordinates":[28.5376072,41.0074603]},"properties":{"osm_id":"node/4545614308","kategori":"eczane","ad":"Harika Eczanesi"}},{"type":"Feature","geometry":{"type":"Point","coordinates":[28.5377925,41.0073845]},"properties":{"osm_id":"node/4545615507","kategori":"eczane","ad":"Evren Eczanesi"}},{"type":"Feature","geometry":{"type":"Point","coordinates":[29.1295867,41.0162284]},"properties":{"osm_id":"node/4547990431","kategori":"eczane","ad":"Nuray Ezcanesi"}},{"type":"Feature","geometry":{"type":"Point","coordinates":[29.1755658,40.9090944]},"properties":{"osm_id":"node/4549674699","kategori":"eczane","ad":"Eczane Yazıcı 1988"}},{"type":"Feature","geometry":{"type":"Point","coordinates":[29.1597939,40.901642]},"properties":{"osm_id":"node/4550677289","kategori":"eczane","ad":"Filiz Eczanesi"}},{"type":"Feature","geometry":{"type":"Point","coordinates":[29.1281797,40.9311901]},"properties":{"osm_id":"node/4552358749","kategori":"eczane","ad":"Müjgan Eczanesi"}},{"type":"Feature","geometry":{"type":"Point","coordinates":[29.0931402,40.9591451]},"properties":{"osm_id":"node/4553039322","kategori":"eczane","ad":"Yeşim Eczanesi"}},{"type":"Feature","geometry":{"type":"Point","coordinates":[28.5365494,41.00603]},"properties":{"osm_id":"node/4558663628","kategori":"eczane","ad":"Erdem Eczanesi"}},{"type":"Feature","geometry":{"type":"Point","coordinates":[28.5369597,41.0062304]},"properties":{"osm_id":"node/4558663629","kategori":"eczane","ad":"Emin Eczanesi"}},{"type":"Feature","geometry":{"type":"Point","coordinates":[28.533322,41.0038809]},"properties":{"osm_id":"node/4558707679","kategori":"eczane","ad":"Pınar Eczanesi"}},{"type":"Feature","geometry":{"type":"Point","coordinates":[29.1422841,40.9400389]},"properties":{"osm_id":"node/4559959226","kategori":"eczane","ad":"Kul Eczanesi"}},{"type":"Feature","geometry":{"type":"Point","coordinates":[28.8879609,41.0720004]},"properties":{"osm_id":"node/4565639233","kategori":"eczane","ad":"Nazan"}},{"type":"Feature","geometry":{"type":"Point","coordinates":[29.1397177,40.9244872]},"properties":{"osm_id":"node/4565646114","kategori":"eczane","ad":"Ayşem Eczanesi"}},{"type":"Feature","geometry":{"type":"Point","coordinates":[28.8546259,40.9967885]},"properties":{"osm_id":"node/4566879132","kategori":"eczane","ad":"Nuray Eczanesi"}},{"type":"Feature","geometry":{"type":"Point","coordinates":[29.2052087,40.9155821]},"properties":{"osm_id":"node/4567145945","kategori":"eczane","ad":"Derman Eczanesi"}},{"type":"Feature","geometry":{"type":"Point","coordinates":[28.8683623,41.0080114]},"properties":{"osm_id":"node/4567267092","kategori":"eczane","ad":"Gülsen Eczanesi"}},{"type":"Feature","geometry":{"type":"Point","coordinates":[28.8702465,41.0071074]},"properties":{"osm_id":"node/4567274092","kategori":"eczane","ad":"Banu Eczanesi"}},{"type":"Feature","geometry":{"type":"Point","coordinates":[28.8702275,41.0065936]},"properties":{"osm_id":"node/4567274093","kategori":"eczane","ad":"Şule Eczanesi"}},{"type":"Feature","geometry":{"type":"Point","coordinates":[28.8691487,41.0076202]},"properties":{"osm_id":"node/4567345889","kategori":"eczane","ad":"Elif Eczanesi"}},{"type":"Feature","geometry":{"type":"Point","coordinates":[28.8708926,41.0060447]},"properties":{"osm_id":"node/4567345890","kategori":"eczane","ad":"Işık Eczanesi"}},{"type":"Feature","geometry":{"type":"Point","coordinates":[29.1844818,40.8956625]},"properties":{"osm_id":"node/4570509555","kategori":"eczane","ad":"Seçil Eczanesi"}},{"type":"Feature","geometry":{"type":"Point","coordinates":[28.8897108,41.0716748]},"properties":{"osm_id":"node/4570895491","kategori":"eczane","ad":"Şirin Eczanesi"}},{"type":"Feature","geometry":{"type":"Point","coordinates":[28.9265247,41.0394279]},"properties":{"osm_id":"node/4571967998","kategori":"eczane","ad":"Deniz Eczanesi"}},{"type":"Feature","geometry":{"type":"Point","coordinates":[28.9320452,41.0474431]},"properties":{"osm_id":"node/4571980999","kategori":"eczane","ad":"Hatipaşa Eczanesi"}},{"type":"Feature","geometry":{"type":"Point","coordinates":[28.9329662,41.0382945]},"properties":{"osm_id":"node/4571989400","kategori":"eczane","ad":"Nur Eczanesi"}},{"type":"Feature","geometry":{"type":"Point","coordinates":[28.9281068,41.0477528]},"properties":{"osm_id":"node/4571997099","kategori":"eczane","ad":"Eyüp Merkez Eczanesi"}},{"type":"Feature","geometry":{"type":"Point","coordinates":[28.9263424,41.0390896]},"properties":{"osm_id":"node/4572010493","kategori":"eczane","ad":"Gökhan Eczanesi"}},{"type":"Feature","geometry":{"type":"Point","coordinates":[28.9326599,41.0378649]},"properties":{"osm_id":"node/4572010590","kategori":"eczane","ad":"Begüm Eczanesi"}},{"type":"Feature","geometry":{"type":"Point","coordinates":[28.9307527,41.0487786]},"properties":{"osm_id":"node/4572010592","kategori":"eczane","ad":"Ufuk Eczanesi"}},{"type":"Feature","geometry":{"type":"Point","coordinates":[28.9316949,41.0471876]},"properties":{"osm_id":"node/4572011289","kategori":"eczane","ad":"Eyüp Nilgün Eczanesi"}},{"type":"Feature","geometry":{"type":"Point","coordinates":[29.1187915,40.9446587]},"properties":{"osm_id":"node/4575518109","kategori":"eczane","ad":"Yalı Eczanesi"}},{"type":"Feature","geometry":{"type":"Point","coordinates":[29.1190051,40.9445371]},"properties":{"osm_id":"node/4575518110","kategori":"eczane","ad":"Türküner Eczanesi"}},{"type":"Feature","geometry":{"type":"Point","coordinates":[29.1186055,40.9448078]},"properties":{"osm_id":"node/4575701606","kategori":"eczane","ad":"Beril Eczanesi"}},{"type":"Feature","geometry":{"type":"Point","coordinates":[29.1444092,40.9387442]},"properties":{"osm_id":"node/4576007296","kategori":"eczane","ad":null}},{"type":"Feature","geometry":{"type":"Point","coordinates":[29.1437421,40.9383619]},"properties":{"osm_id":"node/4576007298","kategori":"eczane","ad":null}},{"type":"Feature","geometry":{"type":"Point","coordinates":[29.143225,40.9380831]},"properties":{"osm_id":"node/4576007303","kategori":"eczane","ad":null}},{"type":"Feature","geometry":{"type":"Point","coordinates":[28.8649762,41.094228]},"properties":{"osm_id":"node/4576829832","kategori":"eczane","ad":"Deva Eczanesi"}},{"type":"Feature","geometry":{"type":"Point","coordinates":[29.0381276,41.0112064]},"properties":{"osm_id":"node/4576992526","kategori":"eczane","ad":"Esin Eczanesi"}},{"type":"Feature","geometry":{"type":"Point","coordinates":[29.0106262,41.0783405]},"properties":{"osm_id":"node/4580089771","kategori":"eczane","ad":"kanyon eczane"}},{"type":"Feature","geometry":{"type":"Point","coordinates":[28.8556954,41.0113661]},"properties":{"osm_id":"node/4580148993","kategori":"eczane","ad":"Yasemin Eczanesi"}},{"type":"Feature","geometry":{"type":"Point","coordinates":[28.8571647,41.0139483]},"properties":{"osm_id":"node/4580148994","kategori":"eczane","ad":"Arya Eczanesi"}},{"type":"Feature","geometry":{"type":"Point","coordinates":[28.8522402,40.9991762]},"properties":{"osm_id":"node/4580149091","kategori":"eczane","ad":"Kent Eczanesi"}},{"type":"Feature","geometry":{"type":"Point","coordinates":[28.850948,40.9994476]},"properties":{"osm_id":"node/4580149092","kategori":"eczane","ad":"Elif Eczanesi"}},{"type":"Feature","geometry":{"type":"Point","coordinates":[28.8508181,40.9996304]},"properties":{"osm_id":"node/4580149093","kategori":"eczane","ad":"Barışcan Eczanesi"}},{"type":"Feature","geometry":{"type":"Point","coordinates":[28.8523426,41.0034936]},"properties":{"osm_id":"node/4580149094","kategori":"eczane","ad":"Bahar Eczanesi"}},{"type":"Feature","geometry":{"type":"Point","coordinates":[28.8519652,41.0034743]},"properties":{"osm_id":"node/4580149095","kategori":"eczane","ad":"Zeytin Eczanesi"}},{"type":"Feature","geometry":{"type":"Point","coordinates":[28.8531597,41.0070196]},"properties":{"osm_id":"node/4580149097","kategori":"eczane","ad":"Şahin Eczanesi"}},{"type":"Feature","geometry":{"type":"Point","coordinates":[28.8555884,41.0111304]},"properties":{"osm_id":"node/4580149098","kategori":"eczane","ad":"Serap Eczanesi"}},{"type":"Feature","geometry":{"type":"Point","coordinates":[29.2399806,41.0475509]},"properties":{"osm_id":"node/4580151100","kategori":"eczane","ad":"Merkez Eczanesi"}},{"type":"Feature","geometry":{"type":"Point","coordinates":[29.2400331,41.0476833]},"properties":{"osm_id":"node/4580152144","kategori":"eczane","ad":"Alemdağ Eczanesi"}},{"type":"Feature","geometry":{"type":"Point","coordinates":[29.2402623,41.0483131]},"properties":{"osm_id":"node/4580166832","kategori":"eczane","ad":"Elif Nur Eczanesi"}},{"type":"Feature","geometry":{"type":"Point","coordinates":[28.8524524,41.0042946]},"properties":{"osm_id":"node/4580168289","kategori":"eczane","ad":"Safa Eczanesi"}},{"type":"Feature","geometry":{"type":"Point","coordinates":[28.8546189,41.0094052]},"properties":{"osm_id":"node/4580168789","kategori":"eczane","ad":"Alper Eczanesi"}},{"type":"Feature","geometry":{"type":"Point","coordinates":[28.8550284,41.010125]},"properties":{"osm_id":"node/4580168790","kategori":"eczane","ad":"Biryan Eczanesi"}},{"type":"Feature","geometry":{"type":"Point","coordinates":[29.1373652,40.921369]},"properties":{"osm_id":"node/4580351513","kategori":"eczane","ad":"Maltepe Eczanesi"}},{"type":"Feature","geometry":{"type":"Point","coordinates":[29.1371587,40.9212353]},"properties":{"osm_id":"node/4580351517","kategori":"eczane","ad":"Eczane Çağrı"}},{"type":"Feature","geometry":{"type":"Point","coordinates":[29.1817827,40.8884596]},"properties":{"osm_id":"node/4580466296","kategori":"eczane","ad":"Tezcan"}},{"type":"Feature","geometry":{"type":"Point","coordinates":[29.0933947,41.0946073]},"properties":{"osm_id":"node/4581480536","kategori":"eczane","ad":"Asena Eczanesi"}},{"type":"Feature","geometry":{"type":"Point","coordinates":[29.063088,40.9700415]},"properties":{"osm_id":"node/4581788615","kategori":"eczane","ad":"Lal Eczanesi"}},{"type":"Feature","geometry":{"type":"Point","coordinates":[29.0916145,41.093711]},"properties":{"osm_id":"node/4581964742","kategori":"eczane","ad":"çağla eczane"}},{"type":"Feature","geometry":{"type":"Point","coordinates":[29.074857,40.9637435]},"properties":{"osm_id":"node/4582289768","kategori":"eczane","ad":"Eczane Bağdat"}},{"type":"Feature","geometry":{"type":"Point","coordinates":[29.0910114,41.0936429]},"properties":{"osm_id":"node/4582847458","kategori":"eczane","ad":"Eczane Umut"}},{"type":"Feature","geometry":{"type":"Point","coordinates":[29.0875592,41.0950522]},"properties":{"osm_id":"node/4583084733","kategori":"eczane","ad":"eczane germilligil"}},{"type":"Feature","geometry":{"type":"Point","coordinates":[29.0990404,41.0948305]},"properties":{"osm_id":"node/4583816410","kategori":"eczane","ad":"Eczane Alphan"}},{"type":"Feature","geometry":{"type":"Point","coordinates":[28.5411632,41.0027397]},"properties":{"osm_id":"node/4583840757","kategori":"eczane","ad":"Işılay Eczanesi"}},{"type":"Feature","geometry":{"type":"Point","coordinates":[28.9115056,41.057016]},"properties":{"osm_id":"node/4584319447","kategori":"eczane","ad":"Konak Eczanesi"}},{"type":"Feature","geometry":{"type":"Point","coordinates":[28.9114517,41.056907]},"properties":{"osm_id":"node/4584319448","kategori":"eczane","ad":"ŞAHİN"}},{"type":"Feature","geometry":{"type":"Point","coordinates":[28.5400818,40.9957928]},"properties":{"osm_id":"node/4586325509","kategori":"eczane","ad":"Sözmen Eczanesi"}},{"type":"Feature","geometry":{"type":"Point","coordinates":[28.8738717,41.0015865]},"properties":{"osm_id":"node/4586673300","kategori":"eczane","ad":"Yılmaz Eczanesi"}},{"type":"Feature","geometry":{"type":"Point","coordinates":[28.8742038,41.0015511]},"properties":{"osm_id":"node/4586673301","kategori":"eczane","ad":"Doğan Eczanesi"}},{"type":"Feature","geometry":{"type":"Point","coordinates":[28.8740521,41.0025909]},"properties":{"osm_id":"node/4586674708","kategori":"eczane","ad":"Gonca Eczanesi"}},{"type":"Feature","geometry":{"type":"Point","coordinates":[28.8708725,41.0010843]},"properties":{"osm_id":"node/4586676694","kategori":"eczane","ad":"Çalışlar Eczanesi"}},{"type":"Feature","geometry":{"type":"Point","coordinates":[28.8608621,41.0000609]},"properties":{"osm_id":"node/4586993080","kategori":"eczane","ad":"Yayla Eczanesi"}},{"type":"Feature","geometry":{"type":"Point","coordinates":[28.8715157,40.9888223]},"properties":{"osm_id":"node/4599386749","kategori":"eczane","ad":"Ayşem Eczanesi"}},{"type":"Feature","geometry":{"type":"Point","coordinates":[28.8764375,40.9819302]},"properties":{"osm_id":"node/4603473227","kategori":"eczane","ad":"Volkan Eczanesi"}},{"type":"Feature","geometry":{"type":"Point","coordinates":[28.8765005,40.9821023]},"properties":{"osm_id":"node/4603473234","kategori":"eczane","ad":"Özdemir Eczanesi"}},{"type":"Feature","geometry":{"type":"Point","coordinates":[28.8684862,40.985907]},"properties":{"osm_id":"node/4605322569","kategori":"eczane","ad":"Nur Eczanesi"}},{"type":"Feature","geometry":{"type":"Point","coordinates":[28.8722815,40.9838114]},"properties":{"osm_id":"node/4605540424","kategori":"eczane","ad":"Selin Eczanesi"}},{"type":"Feature","geometry":{"type":"Point","coordinates":[28.8712683,40.9899445]},"properties":{"osm_id":"node/4605636605","kategori":"eczane","ad":"Duru Eczanesi"}},{"type":"Feature","geometry":{"type":"Point","coordinates":[28.8709695,40.990535]},"properties":{"osm_id":"node/4605636606","kategori":"eczane","ad":"Güngör Eczanesi"}},{"type":"Feature","geometry":{"type":"Point","coordinates":[28.8796646,40.9859305]},"properties":{"osm_id":"node/4605721764","kategori":"eczane","ad":"Enes Eczanesi"}},{"type":"Feature","geometry":{"type":"Point","coordinates":[28.8784152,40.9856329]},"properties":{"osm_id":"node/4605721785","kategori":"eczane","ad":"Özgür Eczanesi"}},{"type":"Feature","geometry":{"type":"Point","coordinates":[28.8815543,40.992311]},"properties":{"osm_id":"node/4613728042","kategori":"eczane","ad":"Meltem Eczanesi"}},{"type":"Feature","geometry":{"type":"Point","coordinates":[28.879679,41.0008356]},"properties":{"osm_id":"node/4614023224","kategori":"eczane","ad":"İmren Eczanesi"}},{"type":"Feature","geometry":{"type":"Point","coordinates":[28.558937,41.0154421]},"properties":{"osm_id":"node/4621981646","kategori":"eczane","ad":"Yonca Eczanesi"}},{"type":"Feature","geometry":{"type":"Point","coordinates":[29.1337126,40.978217]},"properties":{"osm_id":"node/4623904590","kategori":"eczane","ad":"Ayça Eczanesi"}},{"type":"Feature","geometry":{"type":"Point","coordinates":[29.133942,40.9760835]},"properties":{"osm_id":"node/4623912589","kategori":"eczane","ad":"Ulusu Eczanesi"}},{"type":"Feature","geometry":{"type":"Point","coordinates":[29.1397675,40.9718948]},"properties":{"osm_id":"node/4623912789","kategori":"eczane","ad":"Meltem Eczanesi"}},{"type":"Feature","geometry":{"type":"Point","coordinates":[29.1554135,40.9814674]},"properties":{"osm_id":"node/4623912790","kategori":"eczane","ad":"Uluçay Eczanesi"}},{"type":"Feature","geometry":{"type":"Point","coordinates":[28.855081,41.0122628]},"properties":{"osm_id":"node/4631487194","kategori":"eczane","ad":"Ece Eczanesi"}},{"type":"Feature","geometry":{"type":"Point","coordinates":[28.8733264,41.0465154]},"properties":{"osm_id":"node/4631580290","kategori":"eczane","ad":"Karadeniz Eczanesi"}},{"type":"Feature","geometry":{"type":"Point","coordinates":[28.8727698,41.0543248]},"properties":{"osm_id":"node/4631580292","kategori":"eczane","ad":"Eslem Eczanesi"}},{"type":"Feature","geometry":{"type":"Point","coordinates":[28.8714391,41.0470005]},"properties":{"osm_id":"node/4631581392","kategori":"eczane","ad":"Şanlı Eczanesi"}},{"type":"Feature","geometry":{"type":"Point","coordinates":[28.878045,41.0527986]},"properties":{"osm_id":"node/4631616289","kategori":"eczane","ad":"Irmak Eczanesi"}},{"type":"Feature","geometry":{"type":"Point","coordinates":[28.99798,41.0789115]},"properties":{"osm_id":"node/4678457092","kategori":"eczane","ad":"Parlak Eczanesi"}},{"type":"Feature","geometry":{"type":"Point","coordinates":[28.9963733,41.0762147]},"properties":{"osm_id":"node/4678487392","kategori":"eczane","ad":"Altaç Eczanesi"}},{"type":"Feature","geometry":{"type":"Point","coordinates":[28.9972475,41.0784513]},"properties":{"osm_id":"node/4678517389","kategori":"eczane","ad":"Ayaz Eczanesi"}},{"type":"Feature","geometry":{"type":"Point","coordinates":[29.0892653,41.0938701]},"properties":{"osm_id":"node/4691931859","kategori":"eczane","ad":"Esin Eczanesi"}},{"type":"Feature","geometry":{"type":"Point","coordinates":[28.8214038,40.958216]},"properties":{"osm_id":"node/4706150891","kategori":"eczane","ad":"Ufuk Eczanesi"}},{"type":"Feature","geometry":{"type":"Point","coordinates":[28.8246024,40.9616598]},"properties":{"osm_id":"node/4706193390","kategori":"eczane","ad":"Onur Eczanesi"}},{"type":"Feature","geometry":{"type":"Point","coordinates":[28.5403785,41.0085445]},"properties":{"osm_id":"node/4706922916","kategori":"eczane","ad":"Sentez Eczanesi"}},{"type":"Feature","geometry":{"type":"Point","coordinates":[29.236505,41.0501607]},"properties":{"osm_id":"node/4724575289","kategori":"eczane","ad":"Kardelen Eczanesi"}},{"type":"Feature","geometry":{"type":"Point","coordinates":[29.0277368,40.9844445]},"properties":{"osm_id":"node/4735042948","kategori":"eczane","ad":"Moda Cevizlik"}},{"type":"Feature","geometry":{"type":"Point","coordinates":[29.0291351,40.9840113]},"properties":{"osm_id":"node/4742874523","kategori":"eczane","ad":"Deva"}},{"type":"Feature","geometry":{"type":"Point","coordinates":[28.9848863,41.0383344]},"properties":{"osm_id":"node/4773214330","kategori":"eczane","ad":"Esra Eczanesi"}},{"type":"Feature","geometry":{"type":"Point","coordinates":[28.9819241,41.0357118]},"properties":{"osm_id":"node/4773245722","kategori":"eczane","ad":"Mis Eczanesi"}},{"type":"Feature","geometry":{"type":"Point","coordinates":[28.9730216,41.0289661]},"properties":{"osm_id":"node/4773245723","kategori":"eczane","ad":"Tünel Eczanesi"}},{"type":"Feature","geometry":{"type":"Point","coordinates":[28.970408,41.033728]},"properties":{"osm_id":"node/4773245724","kategori":"eczane","ad":"Kasımpaşa Eczanesi"}},{"type":"Feature","geometry":{"type":"Point","coordinates":[28.9664819,41.0341665]},"properties":{"osm_id":"node/4773245725","kategori":"eczane","ad":"Mert Eczanesi"}},{"type":"Feature","geometry":{"type":"Point","coordinates":[29.1429938,40.9382341]},"properties":{"osm_id":"node/4773474979","kategori":"eczane","ad":"Akgül Eczanesi"}},{"type":"Feature","geometry":{"type":"Point","coordinates":[29.1673526,40.9546955]},"properties":{"osm_id":"node/4773478415","kategori":"eczane","ad":null}},{"type":"Feature","geometry":{"type":"Point","coordinates":[29.1253927,40.9413196]},"properties":{"osm_id":"node/4773478416","kategori":"eczane","ad":"Esin Eczanesi"}},{"type":"Feature","geometry":{"type":"Point","coordinates":[28.8944289,40.9983071]},"properties":{"osm_id":"node/4804473122","kategori":"eczane","ad":"Lokman Eczanesi"}},{"type":"Feature","geometry":{"type":"Point","coordinates":[28.9013476,40.9939758]},"properties":{"osm_id":"node/4804473123","kategori":"eczane","ad":"Ünal Eczanesi"}},{"type":"Feature","geometry":{"type":"Point","coordinates":[28.9257467,41.0056205]},"properties":{"osm_id":"node/4804473124","kategori":"eczane","ad":"Yalçın Eczanesi"}},{"type":"Feature","geometry":{"type":"Point","coordinates":[28.9293237,41.0006516]},"properties":{"osm_id":"node/4804473125","kategori":"eczane","ad":"Özsoy Eczanesi"}},{"type":"Feature","geometry":{"type":"Point","coordinates":[28.9292268,41.0149419]},"properties":{"osm_id":"node/4804473126","kategori":"eczane","ad":"Yasemin Eczanesi"}},{"type":"Feature","geometry":{"type":"Point","coordinates":[28.9071834,41.0060512]},"properties":{"osm_id":"node/4804473221","kategori":"eczane","ad":"Murat Eczanesi"}},{"type":"Feature","geometry":{"type":"Point","coordinates":[28.9001111,40.9966567]},"properties":{"osm_id":"node/4804473222","kategori":"eczane","ad":"Yavuz Eczanesi"}},{"type":"Feature","geometry":{"type":"Point","coordinates":[28.902633,41.0004266]},"properties":{"osm_id":"node/4804473421","kategori":"eczane","ad":"Emre Eczanesi"}},{"type":"Feature","geometry":{"type":"Point","coordinates":[28.8959908,40.9996445]},"properties":{"osm_id":"node/4804473422","kategori":"eczane","ad":"Hayat Eczanesi"}},{"type":"Feature","geometry":{"type":"Point","coordinates":[28.9015301,40.995843]},"properties":{"osm_id":"node/4804473423","kategori":"eczane","ad":"Özdeniz Eczanesi"}},{"type":"Feature","geometry":{"type":"Point","coordinates":[28.9129071,40.9972708]},"properties":{"osm_id":"node/4804473424","kategori":"eczane","ad":"Altın Eczanesi"}},{"type":"Feature","geometry":{"type":"Point","coordinates":[28.905244,40.993925]},"properties":{"osm_id":"node/4804473621","kategori":"eczane","ad":"Emniyet Eczanesi"}},{"type":"Feature","geometry":{"type":"Point","coordinates":[28.909446,40.9945169]},"properties":{"osm_id":"node/4804473622","kategori":"eczane","ad":"Başak Eczanesi"}},{"type":"Feature","geometry":{"type":"Point","coordinates":[29.1395045,40.938957]},"properties":{"osm_id":"node/4804473626","kategori":"eczane","ad":"Doğuşkent Eczanesi"}},{"type":"Feature","geometry":{"type":"Point","coordinates":[28.9092956,40.9935787]},"properties":{"osm_id":"node/4804473721","kategori":"eczane","ad":"Çağ Eczanesi"}},{"type":"Feature","geometry":{"type":"Point","coordinates":[28.9063145,40.9896601]},"properties":{"osm_id":"node/4804473722","kategori":"eczane","ad":"Kadıoğlu Eczanesi"}},{"type":"Feature","geometry":{"type":"Point","coordinates":[28.9283823,41.0040202]},"properties":{"osm_id":"node/4804473921","kategori":"eczane","ad":"Uğurcan Eczanesi"}},{"type":"Feature","geometry":{"type":"Point","coordinates":[29.1324093,40.9222892]},"properties":{"osm_id":"node/4804473923","kategori":"eczane","ad":"Gülay Özlem Eczanesi"}},{"type":"Feature","geometry":{"type":"Point","coordinates":[29.1304103,40.9234317]},"properties":{"osm_id":"node/4804473924","kategori":"eczane","ad":"Yargı Eczanesi"}},{"type":"Feature","geometry":{"type":"Point","coordinates":[29.1308285,40.9279227]},"properties":{"osm_id":"node/4804473925","kategori":"eczane","ad":"Kiraz Eczanesi"}},{"type":"Feature","geometry":{"type":"Point","coordinates":[29.159686,40.937159]},"properties":{"osm_id":"node/4804507421","kategori":"eczane","ad":"Çağdaş Eczanesi"}},{"type":"Feature","geometry":{"type":"Point","coordinates":[29.1571253,40.9213919]},"properties":{"osm_id":"node/4804507422","kategori":"eczane","ad":"Yeni Esen Eczanesi"}},{"type":"Feature","geometry":{"type":"Point","coordinates":[29.1555667,40.9185736]},"properties":{"osm_id":"node/4804507423","kategori":"eczane","ad":"Nokta Eczanesi"}},{"type":"Feature","geometry":{"type":"Point","coordinates":[29.1291452,40.9288474]},"properties":{"osm_id":"node/4804507425","kategori":"eczane","ad":"Akasya eczanesi"}},{"type":"Feature","geometry":{"type":"Point","coordinates":[29.1362984,40.9172324]},"properties":{"osm_id":"node/4804507521","kategori":"eczane","ad":"Pozitif Eczanesi"}},{"type":"Feature","geometry":{"type":"Point","coordinates":[29.1332499,40.9185845]},"properties":{"osm_id":"node/4804507621","kategori":"eczane","ad":"İhsan Eczanesi"}},{"type":"Feature","geometry":{"type":"Point","coordinates":[29.1308902,40.9239707]},"properties":{"osm_id":"node/4804507721","kategori":"eczane","ad":"Armağan Eczanesi"}},{"type":"Feature","geometry":{"type":"Point","coordinates":[28.9730818,41.0930612]},"properties":{"osm_id":"node/4807005521","kategori":"eczane","ad":"Neşe Eczanesi"}},{"type":"Feature","geometry":{"type":"Point","coordinates":[28.9699424,41.0932195]},"properties":{"osm_id":"node/4807005621","kategori":"eczane","ad":"Gönül Eczanesi"}},{"type":"Feature","geometry":{"type":"Point","coordinates":[29.1585517,41.0221767]},"properties":{"osm_id":"node/4811139724","kategori":"eczane","ad":"Kurşunlu Eczanesi"}},{"type":"Feature","geometry":{"type":"Point","coordinates":[29.1590478,41.0264396]},"properties":{"osm_id":"node/4811141423","kategori":"eczane","ad":"Işık Eczanesi"}},{"type":"Feature","geometry":{"type":"Point","coordinates":[29.1558246,41.0185079]},"properties":{"osm_id":"node/4811146022","kategori":"eczane","ad":"Murat Eczanesi"}},{"type":"Feature","geometry":{"type":"Point","coordinates":[29.1631579,41.0285084]},"properties":{"osm_id":"node/4811146025","kategori":"eczane","ad":"Aygül Eczanesi"}},{"type":"Feature","geometry":{"type":"Point","coordinates":[29.1627144,41.0288378]},"properties":{"osm_id":"node/4811164521","kategori":"eczane","ad":"Pınar Eczanesi"}},{"type":"Feature","geometry":{"type":"Point","coordinates":[29.1759197,41.0176984]},"properties":{"osm_id":"node/4811206322","kategori":"eczane","ad":"Kalender Eczanesi"}},{"type":"Feature","geometry":{"type":"Point","coordinates":[29.1774647,41.0170578]},"properties":{"osm_id":"node/4811206323","kategori":"eczane","ad":"Neslihan Eczanesi"}},{"type":"Feature","geometry":{"type":"Point","coordinates":[29.1739503,41.0199537]},"properties":{"osm_id":"node/4811206621","kategori":"eczane","ad":"Kemerdere Eczanesi"}},{"type":"Feature","geometry":{"type":"Point","coordinates":[29.1927907,41.0142224]},"properties":{"osm_id":"node/4811206622","kategori":"eczane","ad":"Çamlık Eczanesi"}},{"type":"Feature","geometry":{"type":"Point","coordinates":[29.1961164,41.0142878]},"properties":{"osm_id":"node/4811206623","kategori":"eczane","ad":"Can Şifa Eczanesi"}},{"type":"Feature","geometry":{"type":"Point","coordinates":[29.1966798,41.0135354]},"properties":{"osm_id":"node/4811206624","kategori":"eczane","ad":"Dağhan Eczanesi"}},{"type":"Feature","geometry":{"type":"Point","coordinates":[29.1738337,41.0175793]},"properties":{"osm_id":"node/4811206721","kategori":"eczane","ad":"Ecem Eczanesi"}},{"type":"Feature","geometry":{"type":"Point","coordinates":[29.1841992,41.0275088]},"properties":{"osm_id":"node/4811206722","kategori":"eczane","ad":"Zehra Eczanesi"}},{"type":"Feature","geometry":{"type":"Point","coordinates":[29.1924045,41.0196973]},"properties":{"osm_id":"node/4811206723","kategori":"eczane","ad":"Bilen Eczanesi"}},{"type":"Feature","geometry":{"type":"Point","coordinates":[29.1906901,41.0162425]},"properties":{"osm_id":"node/4811206724","kategori":"eczane","ad":"Nehir Eczanesi"}},{"type":"Feature","geometry":{"type":"Point","coordinates":[29.1910258,41.0105821]},"properties":{"osm_id":"node/4811206725","kategori":"eczane","ad":"Berat Eczanesi"}},{"type":"Feature","geometry":{"type":"Point","coordinates":[29.1855889,41.0262438]},"properties":{"osm_id":"node/4811206821","kategori":"eczane","ad":"Güneş Eczanesi"}},{"type":"Feature","geometry":{"type":"Point","coordinates":[28.7511357,41.0867318]},"properties":{"osm_id":"node/4813778223","kategori":"eczane","ad":"Bayramtepe Eczanesi"}},{"type":"Feature","geometry":{"type":"Point","coordinates":[28.7494145,41.0745969]},"properties":{"osm_id":"node/4813778224","kategori":"eczane","ad":"Ayşegül Eczanesi"}},{"type":"Feature","geometry":{"type":"Point","coordinates":[28.7527144,41.0868563]},"properties":{"osm_id":"node/4813779021","kategori":"eczane","ad":"Çıra Eczanesi"}},{"type":"Feature","geometry":{"type":"Point","coordinates":[28.7519826,41.0801734]},"properties":{"osm_id":"node/4813779321","kategori":"eczane","ad":"Anıl Eczanesi"}},{"type":"Feature","geometry":{"type":"Point","coordinates":[28.7518858,41.0743446]},"properties":{"osm_id":"node/4813779322","kategori":"eczane","ad":"Leyla Eczanesi"}},{"type":"Feature","geometry":{"type":"Point","coordinates":[28.5823294,41.0243572]},"properties":{"osm_id":"node/4815992421","kategori":"eczane","ad":"İnci Eczanesi"}},{"type":"Feature","geometry":{"type":"Point","coordinates":[28.647854,40.9928171]},"properties":{"osm_id":"node/4815993321","kategori":"eczane","ad":"Yıldız Eczanesi"}},{"type":"Feature","geometry":{"type":"Point","coordinates":[28.6133265,40.9916643]},"properties":{"osm_id":"node/4815993322","kategori":"eczane","ad":"Aslı Eczanesi"}},{"type":"Feature","geometry":{"type":"Point","coordinates":[28.6142494,40.9930172]},"properties":{"osm_id":"node/4815993323","kategori":"eczane","ad":"Gürpınar Eczanesi"}},{"type":"Feature","geometry":{"type":"Point","coordinates":[28.6260346,40.9960471]},"properties":{"osm_id":"node/4815993421","kategori":"eczane","ad":"Bilge Eczanesi"}},{"type":"Feature","geometry":{"type":"Point","coordinates":[28.6116418,40.9917393]},"properties":{"osm_id":"node/4815993422","kategori":"eczane","ad":"Pınar Eczanesi"}},{"type":"Feature","geometry":{"type":"Point","coordinates":[28.6256003,41.0128986]},"properties":{"osm_id":"node/4815993423","kategori":"eczane","ad":"Deniz Eczanesi"}},{"type":"Feature","geometry":{"type":"Point","coordinates":[28.6058582,41.0132014]},"properties":{"osm_id":"node/4815993424","kategori":"eczane","ad":"Sancaklı Eczanesi"}},{"type":"Feature","geometry":{"type":"Point","coordinates":[28.6241317,40.9957105]},"properties":{"osm_id":"node/4815993521","kategori":"eczane","ad":"Burçe Eczanesi"}},{"type":"Feature","geometry":{"type":"Point","coordinates":[28.6222944,41.006702]},"properties":{"osm_id":"node/4815993522","kategori":"eczane","ad":"Merve Eczanesi"}},{"type":"Feature","geometry":{"type":"Point","coordinates":[28.6164376,40.9901]},"properties":{"osm_id":"node/4815993821","kategori":"eczane","ad":"Hatice Eczanesi"}},{"type":"Feature","geometry":{"type":"Point","coordinates":[28.6053685,40.992358]},"properties":{"osm_id":"node/4815993822","kategori":"eczane","ad":"Seda Eczanesi"}},{"type":"Feature","geometry":{"type":"Point","coordinates":[29.3294208,40.8707746]},"properties":{"osm_id":"node/4816109822","kategori":"eczane","ad":"Hazal Eczanesi"}},{"type":"Feature","geometry":{"type":"Point","coordinates":[29.303041,40.8673475]},"properties":{"osm_id":"node/4816109823","kategori":"eczane","ad":"Güven Eczanesi"}},{"type":"Feature","geometry":{"type":"Point","coordinates":[29.2952381,40.8674168]},"properties":{"osm_id":"node/4816109824","kategori":"eczane","ad":"Deva Eczanesi"}},{"type":"Feature","geometry":{"type":"Point","coordinates":[29.2987988,40.8514499]},"properties":{"osm_id":"node/4816109825","kategori":"eczane","ad":"Doğuş Eczanesi"}},{"type":"Feature","geometry":{"type":"Point","coordinates":[29.3008272,40.8492407]},"properties":{"osm_id":"node/4816109826","kategori":"eczane","ad":"Saka Eczanesi"}},{"type":"Feature","geometry":{"type":"Point","coordinates":[29.3016391,40.8485739]},"properties":{"osm_id":"node/4816109827","kategori":"eczane","ad":"Büyük Eczanesi"}},{"type":"Feature","geometry":{"type":"Point","coordinates":[29.282383,40.8604419]},"properties":{"osm_id":"node/4816109828","kategori":"eczane","ad":"Güzelyalı Eczanesi"}},{"type":"Feature","geometry":{"type":"Point","coordinates":[29.2801675,40.8594635]},"properties":{"osm_id":"node/4816109829","kategori":"eczane","ad":"Martı Eczanesi"}},{"type":"Feature","geometry":{"type":"Point","coordinates":[29.2923946,40.8664066]},"properties":{"osm_id":"node/4816146922","kategori":"eczane","ad":"Saba Eczanesi"}},{"type":"Feature","geometry":{"type":"Point","coordinates":[29.2954412,40.8629577]},"properties":{"osm_id":"node/4816146923","kategori":"eczane","ad":"Özlem Eczanesi"}},{"type":"Feature","geometry":{"type":"Point","coordinates":[29.2993938,40.8554028]},"properties":{"osm_id":"node/4816146924","kategori":"eczane","ad":"Çelik Eczanesi"}},{"type":"Feature","geometry":{"type":"Point","coordinates":[29.2959678,40.8533975]},"properties":{"osm_id":"node/4816146925","kategori":"eczane","ad":"Zuhal Eczanesi"}},{"type":"Feature","geometry":{"type":"Point","coordinates":[29.3059701,40.8478158]},"properties":{"osm_id":"node/4816146926","kategori":"eczane","ad":"Gül Eczanesi"}},{"type":"Feature","geometry":{"type":"Point","coordinates":[29.3049603,40.8477373]},"properties":{"osm_id":"node/4816146927","kategori":"eczane","ad":"İçmeler Eczanesi"}},{"type":"Feature","geometry":{"type":"Point","coordinates":[29.3065319,40.8390115]},"properties":{"osm_id":"node/4816146928","kategori":"eczane","ad":"Barbaros Eczanesi"}},{"type":"Feature","geometry":{"type":"Point","coordinates":[29.2952596,40.8485358]},"properties":{"osm_id":"node/4816146929","kategori":"eczane","ad":"Domaç Eczanesi"}},{"type":"Feature","geometry":{"type":"Point","coordinates":[29.280544,40.8594604]},"properties":{"osm_id":"node/4816146930","kategori":"eczane","ad":"Zeynep Eczanesi"}},{"type":"Feature","geometry":{"type":"Point","coordinates":[29.2741208,40.8642895]},"properties":{"osm_id":"node/4816146931","kategori":"eczane","ad":"Neomarin Eczanesi"}},{"type":"Feature","geometry":{"type":"Point","coordinates":[29.3282297,40.8681442]},"properties":{"osm_id":"node/4816147322","kategori":"eczane","ad":"Cemre Eczanesi"}},{"type":"Feature","geometry":{"type":"Point","coordinates":[29.3090856,40.8641718]},"properties":{"osm_id":"node/4816147323","kategori":"eczane","ad":"Burcu Eczanesi"}},{"type":"Feature","geometry":{"type":"Point","coordinates":[29.2990888,40.8678696]},"properties":{"osm_id":"node/4816147324","kategori":"eczane","ad":"Özdemir Eczanesi"}},{"type":"Feature","geometry":{"type":"Point","coordinates":[29.2937917,40.8642006]},"properties":{"osm_id":"node/4816147325","kategori":"eczane","ad":"Ergüney Eczanesi"}},{"type":"Feature","geometry":{"type":"Point","coordinates":[29.2984423,40.8593846]},"properties":{"osm_id":"node/4816147326","kategori":"eczane","ad":"Arden Eczanesi"}},{"type":"Feature","geometry":{"type":"Point","coordinates":[29.3000772,40.8546988]},"properties":{"osm_id":"node/4816147327","kategori":"eczane","ad":"Berçem Eczanesi"}},{"type":"Feature","geometry":{"type":"Point","coordinates":[29.2979455,40.8531977]},"properties":{"osm_id":"node/4816147328","kategori":"eczane","ad":"Aydıntepe Eczanesi"}},{"type":"Feature","geometry":{"type":"Point","coordinates":[29.3003929,40.8513968]},"properties":{"osm_id":"node/4816147329","kategori":"eczane","ad":"Yaşar Eczanesi"}},{"type":"Feature","geometry":{"type":"Point","coordinates":[29.3038345,40.8487912]},"properties":{"osm_id":"node/4816147330","kategori":"eczane","ad":"Sağlık Eczanesi"}},{"type":"Feature","geometry":{"type":"Point","coordinates":[29.3052028,40.8488465]},"properties":{"osm_id":"node/4816147331","kategori":"eczane","ad":"Ege Eczanesi"}},{"type":"Feature","geometry":{"type":"Point","coordinates":[29.3050283,40.8493477]},"properties":{"osm_id":"node/4816147332","kategori":"eczane","ad":"Aydınlı Eczanesi"}},{"type":"Feature","geometry":{"type":"Point","coordinates":[29.3046851,40.8478211]},"properties":{"osm_id":"node/4816147333","kategori":"eczane","ad":"Neva Eczanesi"}},{"type":"Feature","geometry":{"type":"Point","coordinates":[29.3043672,40.8413745]},"properties":{"osm_id":"node/4816147334","kategori":"eczane","ad":"Bigem Eczanesi"}},{"type":"Feature","geometry":{"type":"Point","coordinates":[29.3001134,40.8407613]},"properties":{"osm_id":"node/4816147335","kategori":"eczane","ad":"Arşipel Eczanesi"}},{"type":"Feature","geometry":{"type":"Point","coordinates":[29.299433,40.8439262]},"properties":{"osm_id":"node/4816147336","kategori":"eczane","ad":"Metro Eczanesi"}},{"type":"Feature","geometry":{"type":"Point","coordinates":[29.2982583,40.8444833]},"properties":{"osm_id":"node/4816147337","kategori":"eczane","ad":"Sevgim Eczanesi"}},{"type":"Feature","geometry":{"type":"Point","coordinates":[29.272617,40.8754298]},"properties":{"osm_id":"node/4816147338","kategori":"eczane","ad":"Çamçeşme Eczanesi"}},{"type":"Feature","geometry":{"type":"Point","coordinates":[29.2692499,40.8746588]},"properties":{"osm_id":"node/4816147339","kategori":"eczane","ad":"Oral Eczanesi"}},{"type":"Feature","geometry":{"type":"Point","coordinates":[29.3371572,40.8844165]},"properties":{"osm_id":"node/4816153221","kategori":"eczane","ad":"Konaşlı Eczanesi"}},{"type":"Feature","geometry":{"type":"Point","coordinates":[29.3077878,40.8646026]},"properties":{"osm_id":"node/4816153222","kategori":"eczane","ad":"Kent Eczanesi"}},{"type":"Feature","geometry":{"type":"Point","coordinates":[29.2947397,40.862026]},"properties":{"osm_id":"node/4816153223","kategori":"eczane","ad":"Merve Eczanesi"}},{"type":"Feature","geometry":{"type":"Point","coordinates":[29.3183169,40.865822]},"properties":{"osm_id":"node/4816153321","kategori":"eczane","ad":"Lalezar Eczanesi"}},{"type":"Feature","geometry":{"type":"Point","coordinates":[29.3183041,40.8693754]},"properties":{"osm_id":"node/4816153322","kategori":"eczane","ad":"Ünver Eczanesi"}},{"type":"Feature","geometry":{"type":"Point","coordinates":[29.2988666,40.8593929]},"properties":{"osm_id":"node/4816153323","kategori":"eczane","ad":"Cadde Özlem Eczanesi"}},{"type":"Feature","geometry":{"type":"Point","coordinates":[29.0799906,40.9602418]},"properties":{"osm_id":"node/4818367922","kategori":"eczane","ad":"Cadde Eczanesi"}},{"type":"Feature","geometry":{"type":"Point","coordinates":[29.075597,40.9616745]},"properties":{"osm_id":"node/4818367923","kategori":"eczane","ad":"Selçuk Eczanesi"}},{"type":"Feature","geometry":{"type":"Point","coordinates":[29.0973202,40.9550774]},"properties":{"osm_id":"node/4818367924","kategori":"eczane","ad":"Reyhan Eczanesi"}},{"type":"Feature","geometry":{"type":"Point","coordinates":[29.1106278,40.9511034]},"properties":{"osm_id":"node/4818367925","kategori":"eczane","ad":"Kılavuzçayırı Eczanesi"}},{"type":"Feature","geometry":{"type":"Point","coordinates":[29.0786058,40.9609746]},"properties":{"osm_id":"node/4818374222","kategori":"eczane","ad":"Kalyon Eczanesi"}},{"type":"Feature","geometry":{"type":"Point","coordinates":[29.0783941,40.9582271]},"properties":{"osm_id":"node/4818374223","kategori":"eczane","ad":"Özge Eczanesi"}},{"type":"Feature","geometry":{"type":"Point","coordinates":[29.0820101,40.963701]},"properties":{"osm_id":"node/4818374225","kategori":"eczane","ad":"Vital Eczanesi"}},{"type":"Feature","geometry":{"type":"Point","coordinates":[29.0842256,40.9634455]},"properties":{"osm_id":"node/4818374226","kategori":"eczane","ad":"Defne Eczanesi"}},{"type":"Feature","geometry":{"type":"Point","coordinates":[29.0848311,40.9624196]},"properties":{"osm_id":"node/4818374227","kategori":"eczane","ad":"Eczane Altanlar"}},{"type":"Feature","geometry":{"type":"Point","coordinates":[29.094822,40.956566]},"properties":{"osm_id":"node/4818374228","kategori":"eczane","ad":"Elif Eczanesi"}},{"type":"Feature","geometry":{"type":"Point","coordinates":[29.1029653,40.9507686]},"properties":{"osm_id":"node/4818374229","kategori":"eczane","ad":"Simla Eczanesi"}},{"type":"Feature","geometry":{"type":"Point","coordinates":[29.0662941,40.9648437]},"properties":{"osm_id":"node/4818383621","kategori":"eczane","ad":"Pelin Eczanesi"}},{"type":"Feature","geometry":{"type":"Point","coordinates":[29.0768353,40.963197]},"properties":{"osm_id":"node/4818383625","kategori":"eczane","ad":"Şaşkın Bakkal Coşkun Eczanesi"}},{"type":"Feature","geometry":{"type":"Point","coordinates":[29.0755257,40.9596421]},"properties":{"osm_id":"node/4818383626","kategori":"eczane","ad":"Suadiye İskele Eczanesi"}},{"type":"Feature","geometry":{"type":"Point","coordinates":[29.075481,40.9615167]},"properties":{"osm_id":"node/4818383627","kategori":"eczane","ad":"Erol Eczanesi"}},{"type":"Feature","geometry":{"type":"Point","coordinates":[29.0956413,40.9547376]},"properties":{"osm_id":"node/4818383629","kategori":"eczane","ad":"Çiğdem Eczanesi"}},{"type":"Feature","geometry":{"type":"Point","coordinates":[29.1068655,40.9563969]},"properties":{"osm_id":"node/4818383630","kategori":"eczane","ad":"Altıntepe Gökhan Eczanesi"}},{"type":"Feature","geometry":{"type":"Point","coordinates":[29.0959785,40.9745993]},"properties":{"osm_id":"node/4819123425","kategori":"eczane","ad":"Yeni Güven Eczanesi"}},{"type":"Feature","geometry":{"type":"Point","coordinates":[29.094366,40.9738618]},"properties":{"osm_id":"node/4819129121","kategori":"eczane","ad":"Kozyatağı Deniz Eczanesi"}},{"type":"Feature","geometry":{"type":"Point","coordinates":[29.0950781,40.9721553]},"properties":{"osm_id":"node/4819129122","kategori":"eczane","ad":"Çuhadar Eczanesi"}},{"type":"Feature","geometry":{"type":"Point","coordinates":[29.0946054,40.9715948]},"properties":{"osm_id":"node/4819129123","kategori":"eczane","ad":"Özgüneş Eczanesi"}},{"type":"Feature","geometry":{"type":"Point","coordinates":[29.3344043,40.863113]},"properties":{"osm_id":"node/4821010022","kategori":"eczane","ad":"Battal"}},{"type":"Feature","geometry":{"type":"Point","coordinates":[29.2801861,40.8805837]},"properties":{"osm_id":"node/4821010023","kategori":"eczane","ad":"Erol Eczanesi"}},{"type":"Feature","geometry":{"type":"Point","coordinates":[29.265274,40.9930758]},"properties":{"osm_id":"node/4821010024","kategori":"eczane","ad":"İlhan Eczanesi"}},{"type":"Feature","geometry":{"type":"Point","coordinates":[29.2620696,40.9819576]},"properties":{"osm_id":"node/4821010025","kategori":"eczane","ad":"Aykın Eczanesi"}},{"type":"Feature","geometry":{"type":"Point","coordinates":[29.2664633,40.965455]},"properties":{"osm_id":"node/4821010026","kategori":"eczane","ad":"Vitamin Eczanesi"}},{"type":"Feature","geometry":{"type":"Point","coordinates":[29.2720522,40.9557482]},"properties":{"osm_id":"node/4821010027","kategori":"eczane","ad":"Yeşim Eczanesi"}},{"type":"Feature","geometry":{"type":"Point","coordinates":[29.2981559,40.9485625]},"properties":{"osm_id":"node/4821010028","kategori":"eczane","ad":"Furkan Eczanesi"}},{"type":"Feature","geometry":{"type":"Point","coordinates":[29.3374506,40.8640757]},"properties":{"osm_id":"node/4821011121","kategori":"eczane","ad":"Yeni Kiraz Eczanesi"}},{"type":"Feature","geometry":{"type":"Point","coordinates":[29.2862751,40.8792443]},"properties":{"osm_id":"node/4821011123","kategori":"eczane","ad":"Kavakpınar Eczanesi"}},{"type":"Feature","geometry":{"type":"Point","coordinates":[29.2789888,40.880882]},"properties":{"osm_id":"node/4821011124","kategori":"eczane","ad":"Sevil Eczanesi"}},{"type":"Feature","geometry":{"type":"Point","coordinates":[29.2575624,40.9697143]},"properties":{"osm_id":"node/4821011125","kategori":"eczane","ad":"Nur Eczanesi"}},{"type":"Feature","geometry":{"type":"Point","coordinates":[29.2665577,40.9655857]},"properties":{"osm_id":"node/4821011126","kategori":"eczane","ad":"Burçak Eczanesi"}},{"type":"Feature","geometry":{"type":"Point","coordinates":[29.2664081,40.9653406]},"properties":{"osm_id":"node/4821011127","kategori":"eczane","ad":"Ahmet Yesevi Eczanesi"}},{"type":"Feature","geometry":{"type":"Point","coordinates":[29.281519,40.9517373]},"properties":{"osm_id":"node/4821011128","kategori":"eczane","ad":"Aysu Eczanesi"}},{"type":"Feature","geometry":{"type":"Point","coordinates":[29.2958893,40.9599847]},"properties":{"osm_id":"node/4821011129","kategori":"eczane","ad":"Uzundere Eczanesi"}},{"type":"Feature","geometry":{"type":"Point","coordinates":[29.3546301,40.8944601]},"properties":{"osm_id":"node/4821011321","kategori":"eczane","ad":"Orhanlı Eczanesi"}},{"type":"Feature","geometry":{"type":"Point","coordinates":[29.2653524,40.9935253]},"properties":{"osm_id":"node/4821011322","kategori":"eczane","ad":"Kevser Eczanesi"}},{"type":"Feature","geometry":{"type":"Point","coordinates":[29.2661428,40.9671713]},"properties":{"osm_id":"node/4821011323","kategori":"eczane","ad":"Ayşe Senem Eczanesi"}},{"type":"Feature","geometry":{"type":"Point","coordinates":[29.2659479,40.964335]},"properties":{"osm_id":"node/4821011324","kategori":"eczane","ad":"Ümit Eczanesi"}},{"type":"Feature","geometry":{"type":"Point","coordinates":[29.2657576,40.9639065]},"properties":{"osm_id":"node/4821011325","kategori":"eczane","ad":"Günah Eczanesi"}},{"type":"Feature","geometry":{"type":"Point","coordinates":[29.295309,40.9599961]},"properties":{"osm_id":"node/4821011326","kategori":"eczane","ad":"Çınar Eczanesi"}},{"type":"Feature","geometry":{"type":"Point","coordinates":[29.2858933,40.8772601]},"properties":{"osm_id":"node/4821011421","kategori":"eczane","ad":"Gökşen Eczanesi"}},{"type":"Feature","geometry":{"type":"Point","coordinates":[29.2843923,40.8748068]},"properties":{"osm_id":"node/4821011422","kategori":"eczane","ad":"Barkam Eczanesi"}},{"type":"Feature","geometry":{"type":"Point","coordinates":[29.2620519,40.9818036]},"properties":{"osm_id":"node/4821011423","kategori":"eczane","ad":"Zeynep Eczanesi"}},{"type":"Feature","geometry":{"type":"Point","coordinates":[29.265895,40.965894]},"properties":{"osm_id":"node/4821011424","kategori":"eczane","ad":"Çanakçı Eczanesi"}},{"type":"Feature","geometry":{"type":"Point","coordinates":[29.2654692,40.9633369]},"properties":{"osm_id":"node/4821011425","kategori":"eczane","ad":"Sağlık Eczanesi"}},{"type":"Feature","geometry":{"type":"Point","coordinates":[29.2636122,40.9625549]},"properties":{"osm_id":"node/4821011426","kategori":"eczane","ad":"Petrol Yolu Eczanesi"}},{"type":"Feature","geometry":{"type":"Point","coordinates":[29.2661445,40.9581301]},"properties":{"osm_id":"node/4821011429","kategori":"eczane","ad":"Doğa Eczanesi"}},{"type":"Feature","geometry":{"type":"Point","coordinates":[29.2804579,40.9544637]},"properties":{"osm_id":"node/4821011430","kategori":"eczane","ad":"Gölet Eczanesi"}},{"type":"Feature","geometry":{"type":"Point","coordinates":[29.2956802,40.959511]},"properties":{"osm_id":"node/4821011431","kategori":"eczane","ad":"Özge Eczanesi"}},{"type":"Feature","geometry":{"type":"Point","coordinates":[29.2585294,40.9694268]},"properties":{"osm_id":"node/4821012421","kategori":"eczane","ad":"Büyük Eczane"}},{"type":"Feature","geometry":{"type":"Point","coordinates":[29.2582416,41.0175151]},"properties":{"osm_id":"node/4821012422","kategori":"eczane","ad":"İnanç Eczanesi"}},{"type":"Feature","geometry":{"type":"Point","coordinates":[29.2581939,41.0180431]},"properties":{"osm_id":"node/4821012423","kategori":"eczane","ad":"Yunus Emre Eczanesi"}},{"type":"Feature","geometry":{"type":"Point","coordinates":[29.248492,41.008694]},"properties":{"osm_id":"node/4821012424","kategori":"eczane","ad":"Ayça Eczanesi"}},{"type":"Feature","geometry":{"type":"Point","coordinates":[29.2474471,40.998069]},"properties":{"osm_id":"node/4821012425","kategori":"eczane","ad":"Sancaktepe İrem Eczanesi"}},{"type":"Feature","geometry":{"type":"Point","coordinates":[29.2510488,40.9889118]},"properties":{"osm_id":"node/4821012426","kategori":"eczane","ad":"Celal Eczanesi"}},{"type":"Feature","geometry":{"type":"Point","coordinates":[29.2611474,40.9670964]},"properties":{"osm_id":"node/4821012521","kategori":"eczane","ad":"Büşra Eczanesi"}},{"type":"Feature","geometry":{"type":"Point","coordinates":[29.2655042,40.966113]},"properties":{"osm_id":"node/4821012721","kategori":"eczane","ad":"Sabır Eczanesi"}},{"type":"Feature","geometry":{"type":"Point","coordinates":[29.2827101,40.9498987]},"properties":{"osm_id":"node/4821012722","kategori":"eczane","ad":"Damla Eczanesi"}},{"type":"Feature","geometry":{"type":"Point","coordinates":[29.2663614,40.9651981]},"properties":{"osm_id":"node/4821012921","kategori":"eczane","ad":"Lokman Hekim Eczanesi"}},{"type":"Feature","geometry":{"type":"Point","coordinates":[29.246152,41.0140313]},"properties":{"osm_id":"node/4821012922","kategori":"eczane","ad":"Süleymanbey Eczanesi"}},{"type":"Feature","geometry":{"type":"Point","coordinates":[29.2393828,41.0084388]},"properties":{"osm_id":"node/4821012923","kategori":"eczane","ad":"Büyük Eczanesi"}},{"type":"Feature","geometry":{"type":"Point","coordinates":[29.2470255,40.9988412]},"properties":{"osm_id":"node/4821012924","kategori":"eczane","ad":"Bereket Eczanesi"}},{"type":"Feature","geometry":{"type":"Point","coordinates":[29.2470724,40.9833814]},"properties":{"osm_id":"node/4821012925","kategori":"eczane","ad":"Aydın Eczanesi"}},{"type":"Feature","geometry":{"type":"Point","coordinates":[29.2150586,40.9355145]},"properties":{"osm_id":"node/4821012926","kategori":"eczane","ad":"Namoğlu Eczanesi"}},{"type":"Feature","geometry":{"type":"Point","coordinates":[29.2583523,41.0181993]},"properties":{"osm_id":"node/4821080721","kategori":"eczane","ad":"Şifa Eczanesi"}},{"type":"Feature","geometry":{"type":"Point","coordinates":[29.2406714,41.0083119]},"properties":{"osm_id":"node/4821080722","kategori":"eczane","ad":"Yenidoğan Eczanesi"}},{"type":"Feature","geometry":{"type":"Point","coordinates":[29.2497204,41.0164415]},"properties":{"osm_id":"node/4821081121","kategori":"eczane","ad":"Dicle Eczanesi"}},{"type":"Feature","geometry":{"type":"Point","coordinates":[29.2488824,41.0161526]},"properties":{"osm_id":"node/4821081122","kategori":"eczane","ad":"Yunus Eczanesi"}},{"type":"Feature","geometry":{"type":"Point","coordinates":[29.2357114,41.0073675]},"properties":{"osm_id":"node/4821081123","kategori":"eczane","ad":"Uğrak Eczanesi"}},{"type":"Feature","geometry":{"type":"Point","coordinates":[29.2492522,40.9862593]},"properties":{"osm_id":"node/4821081124","kategori":"eczane","ad":"Hayat Eczanesi"}},{"type":"Feature","geometry":{"type":"Point","coordinates":[29.212943,40.9575623]},"properties":{"osm_id":"node/4821081125","kategori":"eczane","ad":"Alaca Eczanesi"}},{"type":"Feature","geometry":{"type":"Point","coordinates":[29.2155818,40.9615495]},"properties":{"osm_id":"node/4821081421","kategori":"eczane","ad":"Esen Eczanesi"}},{"type":"Feature","geometry":{"type":"Point","coordinates":[29.0047089,41.085551]},"properties":{"osm_id":"node/4823518326","kategori":"eczane","ad":"Muradhan Eczanesi"}},{"type":"Feature","geometry":{"type":"Point","coordinates":[29.0027012,41.0831336]},"properties":{"osm_id":"node/4823518327","kategori":"eczane","ad":"İstanbul Eczanesi"}},{"type":"Feature","geometry":{"type":"Point","coordinates":[29.0006194,41.0828606]},"properties":{"osm_id":"node/4823518328","kategori":"eczane","ad":"Mehmetçik Eczanesi"}},{"type":"Feature","geometry":{"type":"Point","coordinates":[28.9978352,41.0827052]},"properties":{"osm_id":"node/4823518329","kategori":"eczane","ad":"Durak Eczanesi"}},{"type":"Feature","geometry":{"type":"Point","coordinates":[29.0005432,41.0786502]},"properties":{"osm_id":"node/4823518330","kategori":"eczane","ad":"Hayat Eczanesi"}},{"type":"Feature","geometry":{"type":"Point","coordinates":[29.0034748,41.0778102]},"properties":{"osm_id":"node/4823518331","kategori":"eczane","ad":"Ortabayır Eczanesi"}},{"type":"Feature","geometry":{"type":"Point","coordinates":[29.0053792,41.0785631]},"properties":{"osm_id":"node/4823518332","kategori":"eczane","ad":"İrem Eczanesi"}},{"type":"Feature","geometry":{"type":"Point","coordinates":[29.0044515,41.0874632]},"properties":{"osm_id":"node/4823536122","kategori":"eczane","ad":"Park Eczanesi"}},{"type":"Feature","geometry":{"type":"Point","coordinates":[29.0040959,41.0838613]},"properties":{"osm_id":"node/4823536222","kategori":"eczane","ad":"Alp Eczanesi"}},{"type":"Feature","geometry":{"type":"Point","coordinates":[28.9923292,41.0815229]},"properties":{"osm_id":"node/4823539921","kategori":"eczane","ad":"Nilgün Eczanesi"}},{"type":"Feature","geometry":{"type":"Point","coordinates":[28.9917538,41.080379]},"properties":{"osm_id":"node/4823539922","kategori":"eczane","ad":"Mutlu Eczanesi"}},{"type":"Feature","geometry":{"type":"Point","coordinates":[28.9925571,41.0765539]},"properties":{"osm_id":"node/4823539923","kategori":"eczane","ad":"Mutlu Eczanesi"}},{"type":"Feature","geometry":{"type":"Point","coordinates":[28.9962722,41.0765015]},"properties":{"osm_id":"node/4823539924","kategori":"eczane","ad":"Galata Eczanesi"}},{"type":"Feature","geometry":{"type":"Point","coordinates":[28.9924232,41.0810869]},"properties":{"osm_id":"node/4823540021","kategori":"eczane","ad":"Özge Eczanesi"}},{"type":"Feature","geometry":{"type":"Point","coordinates":[29.0086222,41.0860183]},"properties":{"osm_id":"node/4823540421","kategori":"eczane","ad":"Levent Eczanesi"}},{"type":"Feature","geometry":{"type":"Point","coordinates":[28.9074905,41.0369735]},"properties":{"osm_id":"node/4824749222","kategori":"eczane","ad":"Efemir Eczanesi"}},{"type":"Feature","geometry":{"type":"Point","coordinates":[28.9003272,41.0772041]},"properties":{"osm_id":"node/4824749224","kategori":"eczane","ad":"Saygın Eczanesi"}},{"type":"Feature","geometry":{"type":"Point","coordinates":[28.9017698,41.0759147]},"properties":{"osm_id":"node/4824749225","kategori":"eczane","ad":"Gül Eczanesi"}},{"type":"Feature","geometry":{"type":"Point","coordinates":[28.9145599,41.0642341]},"properties":{"osm_id":"node/4824749226","kategori":"eczane","ad":"Efe Eczanesi"}},{"type":"Feature","geometry":{"type":"Point","coordinates":[28.9139219,41.0621741]},"properties":{"osm_id":"node/4824749227","kategori":"eczane","ad":"Bağlarbaşı Eczanesi"}},{"type":"Feature","geometry":{"type":"Point","coordinates":[28.9142736,41.0589847]},"properties":{"osm_id":"node/4824749228","kategori":"eczane","ad":"Tülin Eczanesi"}},{"type":"Feature","geometry":{"type":"Point","coordinates":[28.9146033,41.0590274]},"properties":{"osm_id":"node/4824749229","kategori":"eczane","ad":"Güneş Eczanesi"}},{"type":"Feature","geometry":{"type":"Point","coordinates":[28.9162378,41.0589717]},"properties":{"osm_id":"node/4824749230","kategori":"eczane","ad":"Bizim Eczane"}},{"type":"Feature","geometry":{"type":"Point","coordinates":[28.9197597,41.0561941]},"properties":{"osm_id":"node/4824749231","kategori":"eczane","ad":"Başak Eczanesi"}},{"type":"Feature","geometry":{"type":"Point","coordinates":[28.9085019,41.0590048]},"properties":{"osm_id":"node/4824749232","kategori":"eczane","ad":"Raim Eczanesi"}},{"type":"Feature","geometry":{"type":"Point","coordinates":[28.9071971,41.0596831]},"properties":{"osm_id":"node/4824749233","kategori":"eczane","ad":"Vitamin Eczanesi"}},{"type":"Feature","geometry":{"type":"Point","coordinates":[28.904126,41.0568788]},"properties":{"osm_id":"node/4824749234","kategori":"eczane","ad":"Yıldız Eczanesi"}},{"type":"Feature","geometry":{"type":"Point","coordinates":[28.9030198,41.0531801]},"properties":{"osm_id":"node/4824749235","kategori":"eczane","ad":"Aksu Eczanesi"}},{"type":"Feature","geometry":{"type":"Point","coordinates":[28.9054073,41.0516949]},"properties":{"osm_id":"node/4824749236","kategori":"eczane","ad":"Öztürk Eczanesi"}},{"type":"Feature","geometry":{"type":"Point","coordinates":[28.9088096,41.0425702]},"properties":{"osm_id":"node/4824749237","kategori":"eczane","ad":"Gün Eczanesi"}},{"type":"Feature","geometry":{"type":"Point","coordinates":[28.9091386,41.0423745]},"properties":{"osm_id":"node/4824749238","kategori":"eczane","ad":"Aktar Eczanesi"}},{"type":"Feature","geometry":{"type":"Point","coordinates":[28.9077077,41.0371563]},"properties":{"osm_id":"node/4824749240","kategori":"eczane","ad":"Yaprak Eczanesi"}},{"type":"Feature","geometry":{"type":"Point","coordinates":[28.9026474,41.0341393]},"properties":{"osm_id":"node/4824754721","kategori":"eczane","ad":"Yeni Rumeli Eczanesi"}},{"type":"Feature","geometry":{"type":"Point","coordinates":[28.9145236,41.0638086]},"properties":{"osm_id":"node/4824754724","kategori":"eczane","ad":"Özgün Eczanesi"}},{"type":"Feature","geometry":{"type":"Point","coordinates":[28.91175,41.0611651]},"properties":{"osm_id":"node/4824754725","kategori":"eczane","ad":"Ayfer Eczanesi"}},{"type":"Feature","geometry":{"type":"Point","coordinates":[28.918033,41.0578911]},"properties":{"osm_id":"node/4824754726","kategori":"eczane","ad":"Mine Eczanesi"}},{"type":"Feature","geometry":{"type":"Point","coordinates":[28.9080588,41.0583194]},"properties":{"osm_id":"node/4824754727","kategori":"eczane","ad":"İkbal Eczanesi"}},{"type":"Feature","geometry":{"type":"Point","coordinates":[28.9076263,41.0595644]},"properties":{"osm_id":"node/4824754728","kategori":"eczane","ad":"Eren Şen Eczanesi"}},{"type":"Feature","geometry":{"type":"Point","coordinates":[28.9056957,41.0768962]},"properties":{"osm_id":"node/4824759321","kategori":"eczane","ad":"Boğaziçi Eczanesi"}},{"type":"Feature","geometry":{"type":"Point","coordinates":[28.9152074,41.0638952]},"properties":{"osm_id":"node/4824759322","kategori":"eczane","ad":"Akdeniz Eczanesi"}},{"type":"Feature","geometry":{"type":"Point","coordinates":[28.91858,41.0565366]},"properties":{"osm_id":"node/4824759323","kategori":"eczane","ad":"Huzur Eczanesi"}},{"type":"Feature","geometry":{"type":"Point","coordinates":[28.9093478,41.0590442]},"properties":{"osm_id":"node/4824759324","kategori":"eczane","ad":"Tülay Eczanesi"}},{"type":"Feature","geometry":{"type":"Point","coordinates":[28.9079594,41.0594558]},"properties":{"osm_id":"node/4824759325","kategori":"eczane","ad":"Gürcüoğlu Eczanesi"}},{"type":"Feature","geometry":{"type":"Point","coordinates":[28.9047433,41.0499368]},"properties":{"osm_id":"node/4824759326","kategori":"eczane","ad":"Cemiyet Eczanesi"}},{"type":"Feature","geometry":{"type":"Point","coordinates":[28.9052114,41.0455992]},"properties":{"osm_id":"node/4824759327","kategori":"eczane","ad":"Betül Karpuz Eczanesi"}},{"type":"Feature","geometry":{"type":"Point","coordinates":[28.9075055,41.0385028]},"properties":{"osm_id":"node/4824759328","kategori":"eczane","ad":"Malta Eczanesi"}},{"type":"Feature","geometry":{"type":"Point","coordinates":[28.9076288,41.0371086]},"properties":{"osm_id":"node/4824759329","kategori":"eczane","ad":"Yeni Ümit Eczanesi"}},{"type":"Feature","geometry":{"type":"Point","coordinates":[28.9077816,41.0770743]},"properties":{"osm_id":"node/4824759421","kategori":"eczane","ad":"Büşra Eczanesi"}},{"type":"Feature","geometry":{"type":"Point","coordinates":[28.9055157,41.0756389]},"properties":{"osm_id":"node/4824759422","kategori":"eczane","ad":"İbn-i Sina Eczanesi"}},{"type":"Feature","geometry":{"type":"Point","coordinates":[28.9130424,41.059638]},"properties":{"osm_id":"node/4824759423","kategori":"eczane","ad":"Balkan Eczanesi"}},{"type":"Feature","geometry":{"type":"Point","coordinates":[28.9131676,41.0591419]},"properties":{"osm_id":"node/4824759424","kategori":"eczane","ad":"Melike Eczanesi"}},{"type":"Feature","geometry":{"type":"Point","coordinates":[28.9081524,41.0593875]},"properties":{"osm_id":"node/4824759425","kategori":"eczane","ad":"Güleryüz Eczanesi"}},{"type":"Feature","geometry":{"type":"Point","coordinates":[28.9037299,41.0549061]},"properties":{"osm_id":"node/4824759426","kategori":"eczane","ad":"Şevval Eczanesi"}},{"type":"Feature","geometry":{"type":"Point","coordinates":[28.9027576,41.0496733]},"properties":{"osm_id":"node/4824759427","kategori":"eczane","ad":"Burç Eczanesi"}},{"type":"Feature","geometry":{"type":"Point","coordinates":[28.9068272,41.0501051]},"properties":{"osm_id":"node/4824759428","kategori":"eczane","ad":"Nusret Eczanesi"}},{"type":"Feature","geometry":{"type":"Point","coordinates":[28.9066073,41.0499707]},"properties":{"osm_id":"node/4824759429","kategori":"eczane","ad":"Sayın Eczanesi"}},{"type":"Feature","geometry":{"type":"Point","coordinates":[28.9060795,41.0454208]},"properties":{"osm_id":"node/4824759430","kategori":"eczane","ad":"Halk Eczanesi"}},{"type":"Feature","geometry":{"type":"Point","coordinates":[28.9070092,41.045179]},"properties":{"osm_id":"node/4824759431","kategori":"eczane","ad":"Bayrampaşa Eczanesi"}},{"type":"Feature","geometry":{"type":"Point","coordinates":[28.9075974,41.0447921]},"properties":{"osm_id":"node/4824759432","kategori":"eczane","ad":"Aydınlar Eczanesi"}},{"type":"Feature","geometry":{"type":"Point","coordinates":[28.8976684,41.0609591]},"properties":{"osm_id":"node/4825088122","kategori":"eczane","ad":"Liçina Eczanesi"}},{"type":"Feature","geometry":{"type":"Point","coordinates":[28.8921226,41.060613]},"properties":{"osm_id":"node/4825088123","kategori":"eczane","ad":"Başak Eczanesi"}},{"type":"Feature","geometry":{"type":"Point","coordinates":[28.8986279,41.0521839]},"properties":{"osm_id":"node/4825088322","kategori":"eczane","ad":"Pamuk Eczanesi"}},{"type":"Feature","geometry":{"type":"Point","coordinates":[28.8915297,41.0630895]},"properties":{"osm_id":"node/4825088324","kategori":"eczane","ad":"Tülay Eczanesi"}},{"type":"Feature","geometry":{"type":"Point","coordinates":[28.9011677,41.0660861]},"properties":{"osm_id":"node/4825088325","kategori":"eczane","ad":"Nilüfer Eczanesi"}},{"type":"Feature","geometry":{"type":"Point","coordinates":[28.9004637,41.0659548]},"properties":{"osm_id":"node/4825088326","kategori":"eczane","ad":"Nar Eczanesi"}},{"type":"Feature","geometry":{"type":"Point","coordinates":[28.9002885,41.0655858]},"properties":{"osm_id":"node/4825088327","kategori":"eczane","ad":"Aydoğdu Eczanesi"}},{"type":"Feature","geometry":{"type":"Point","coordinates":[28.9001653,41.0657509]},"properties":{"osm_id":"node/4825088328","kategori":"eczane","ad":"Can Eczanesi"}},{"type":"Feature","geometry":{"type":"Point","coordinates":[28.8996388,41.0535034]},"properties":{"osm_id":"node/4825110722","kategori":"eczane","ad":"Damla Eczanesi"}},{"type":"Feature","geometry":{"type":"Point","coordinates":[28.8957532,41.0571363]},"properties":{"osm_id":"node/4825110723","kategori":"eczane","ad":"Özlem Eczanesi"}},{"type":"Feature","geometry":{"type":"Point","coordinates":[28.899444,41.0582051]},"properties":{"osm_id":"node/4825110724","kategori":"eczane","ad":"Güven Eczanesi"}},{"type":"Feature","geometry":{"type":"Point","coordinates":[28.9004535,41.0646171]},"properties":{"osm_id":"node/4825110725","kategori":"eczane","ad":"Saadet Eczanesi"}},{"type":"Feature","geometry":{"type":"Point","coordinates":[28.8918065,41.0507503]},"properties":{"osm_id":"node/4825113921","kategori":"eczane","ad":"Megacenter Eczanesi"}},{"type":"Feature","geometry":{"type":"Point","coordinates":[28.897955,41.0518146]},"properties":{"osm_id":"node/4825114121","kategori":"eczane","ad":"Kocatepe Eczanesi"}},{"type":"Feature","geometry":{"type":"Point","coordinates":[28.8950005,41.0540167]},"properties":{"osm_id":"node/4825114122","kategori":"eczane","ad":"Kelebek Eczanesi"}},{"type":"Feature","geometry":{"type":"Point","coordinates":[28.8994281,41.061]},"properties":{"osm_id":"node/4825114123","kategori":"eczane","ad":"Foça Eczanesi"}},{"type":"Feature","geometry":{"type":"Point","coordinates":[28.9025951,41.05864]},"properties":{"osm_id":"node/4825114322","kategori":"eczane","ad":"Ergin Eczanesi"}},{"type":"Feature","geometry":{"type":"Point","coordinates":[28.8910226,41.063229]},"properties":{"osm_id":"node/4825114324","kategori":"eczane","ad":"Ellinci Yıl Eczanesi"}},{"type":"Feature","geometry":{"type":"Point","coordinates":[28.8911554,41.0627168]},"properties":{"osm_id":"node/4825114325","kategori":"eczane","ad":"Eczane Şifapark"}},{"type":"Feature","geometry":{"type":"Point","coordinates":[28.8938925,41.0639581]},"properties":{"osm_id":"node/4825114326","kategori":"eczane","ad":"Yasemin Eczanesi"}},{"type":"Feature","geometry":{"type":"Point","coordinates":[28.8934924,41.0636722]},"properties":{"osm_id":"node/4825114327","kategori":"eczane","ad":"Yener Eczanesi"}},{"type":"Feature","geometry":{"type":"Point","coordinates":[28.8953992,41.0633994]},"properties":{"osm_id":"node/4825114328","kategori":"eczane","ad":"Uğur Eczanesi"}},{"type":"Feature","geometry":{"type":"Point","coordinates":[28.8946133,41.0403445]},"properties":{"osm_id":"node/4825114329","kategori":"eczane","ad":"Otogar Eczanesi"}},{"type":"Feature","geometry":{"type":"Point","coordinates":[28.8926006,41.0604181]},"properties":{"osm_id":"node/4825114921","kategori":"eczane","ad":"Bosna Sancak Eczanesi"}},{"type":"Feature","geometry":{"type":"Point","coordinates":[28.8491273,41.1144923]},"properties":{"osm_id":"node/4825837426","kategori":"eczane","ad":"Yeni Huzur Eczanesi"}},{"type":"Feature","geometry":{"type":"Point","coordinates":[28.8482114,41.1137235]},"properties":{"osm_id":"node/4825837427","kategori":"eczane","ad":"Selam Eczanesi"}},{"type":"Feature","geometry":{"type":"Point","coordinates":[28.8561,41.1113772]},"properties":{"osm_id":"node/4825837428","kategori":"eczane","ad":"Buket Eczanesi"}},{"type":"Feature","geometry":{"type":"Point","coordinates":[28.8536636,41.1102134]},"properties":{"osm_id":"node/4825837429","kategori":"eczane","ad":"Esen Eczanesi"}},{"type":"Feature","geometry":{"type":"Point","coordinates":[28.85462,41.1122394]},"properties":{"osm_id":"node/4825860022","kategori":"eczane","ad":"Yaşar Eczanesi"}},{"type":"Feature","geometry":{"type":"Point","coordinates":[28.8600974,41.1068222]},"properties":{"osm_id":"node/4825860023","kategori":"eczane","ad":"Sevinç Eczanesi"}},{"type":"Feature","geometry":{"type":"Point","coordinates":[28.8603736,41.106287]},"properties":{"osm_id":"node/4825860024","kategori":"eczane","ad":"Merkez Eczanesi"}},{"type":"Feature","geometry":{"type":"Point","coordinates":[28.8604947,41.1059155]},"properties":{"osm_id":"node/4825860025","kategori":"eczane","ad":"İstanbul Eczanesi"}},{"type":"Feature","geometry":{"type":"Point","coordinates":[28.8642401,41.0984217]},"properties":{"osm_id":"node/4825860026","kategori":"eczane","ad":"Öztürk Eczanesi"}},{"type":"Feature","geometry":{"type":"Point","coordinates":[28.8637584,41.1042822]},"properties":{"osm_id":"node/4825860028","kategori":"eczane","ad":"Arif Eczanesi"}},{"type":"Feature","geometry":{"type":"Point","coordinates":[28.8638827,41.1040709]},"properties":{"osm_id":"node/4825860029","kategori":"eczane","ad":"Halise Eczanesi"}},{"type":"Feature","geometry":{"type":"Point","coordinates":[28.8632228,41.1076955]},"properties":{"osm_id":"node/4825860030","kategori":"eczane","ad":"Akay Eczanesi"}},{"type":"Feature","geometry":{"type":"Point","coordinates":[28.8659214,41.1086431]},"properties":{"osm_id":"node/4825860032","kategori":"eczane","ad":"Esin Eczanesi"}},{"type":"Feature","geometry":{"type":"Point","coordinates":[28.8665719,41.1088217]},"properties":{"osm_id":"node/4825860033","kategori":"eczane","ad":"Murat Eczanesi"}},{"type":"Feature","geometry":{"type":"Point","coordinates":[28.8685944,41.1096519]},"properties":{"osm_id":"node/4825860034","kategori":"eczane","ad":"Dilek Eczanesi"}},{"type":"Feature","geometry":{"type":"Point","coordinates":[28.8608865,41.1103371]},"properties":{"osm_id":"node/4825860035","kategori":"eczane","ad":"Altuğ Eczanesi"}},{"type":"Feature","geometry":{"type":"Point","coordinates":[28.8702271,41.0924668]},"properties":{"osm_id":"node/4825860036","kategori":"eczane","ad":"Aile Eczanesi"}},{"type":"Feature","geometry":{"type":"Point","coordinates":[28.873218,41.0935117]},"properties":{"osm_id":"node/4825860037","kategori":"eczane","ad":"Pınar Eczanesi"}},{"type":"Feature","geometry":{"type":"Point","coordinates":[28.8703495,41.090926]},"properties":{"osm_id":"node/4825860038","kategori":"eczane","ad":"Çağatay Eczanesi"}},{"type":"Feature","geometry":{"type":"Point","coordinates":[28.8704084,41.0902083]},"properties":{"osm_id":"node/4825860039","kategori":"eczane","ad":"İpekay Eczanesi"}},{"type":"Feature","geometry":{"type":"Point","coordinates":[28.8690632,41.0917624]},"properties":{"osm_id":"node/4825860040","kategori":"eczane","ad":"Ceyna Eczanesi"}},{"type":"Feature","geometry":{"type":"Point","coordinates":[28.8765188,41.0868334]},"properties":{"osm_id":"node/4825860041","kategori":"eczane","ad":"Yasemin Eczanesi"}},{"type":"Feature","geometry":{"type":"Point","coordinates":[28.8822771,41.0819642]},"properties":{"osm_id":"node/4825860042","kategori":"eczane","ad":"Avrupa Eczanesi"}},{"type":"Feature","geometry":{"type":"Point","coordinates":[28.8822153,41.0829747]},"properties":{"osm_id":"node/4825860043","kategori":"eczane","ad":"Çakır Eczanesi"}},{"type":"Feature","geometry":{"type":"Point","coordinates":[28.8821874,41.0834841]},"properties":{"osm_id":"node/4825860044","kategori":"eczane","ad":"Bosna Eczanesi"}},{"type":"Feature","geometry":{"type":"Point","coordinates":[28.8846374,41.0812195]},"properties":{"osm_id":"node/4825860045","kategori":"eczane","ad":"Pamukkale Eczanesi"}},{"type":"Feature","geometry":{"type":"Point","coordinates":[28.8578085,41.1096719]},"properties":{"osm_id":"node/4825866621","kategori":"eczane","ad":"İsmetpaşa Eczanesi"}},{"type":"Feature","geometry":{"type":"Point","coordinates":[28.8573687,41.1086644]},"properties":{"osm_id":"node/4825866622","kategori":"eczane","ad":"Nilgün Eczanesi"}},{"type":"Feature","geometry":{"type":"Point","coordinates":[28.8618453,41.1031217]},"properties":{"osm_id":"node/4825866623","kategori":"eczane","ad":"Ömür Eczanesi"}},{"type":"Feature","geometry":{"type":"Point","coordinates":[28.8608956,41.0996232]},"properties":{"osm_id":"node/4825866624","kategori":"eczane","ad":"Kristal Eczanesi"}},{"type":"Feature","geometry":{"type":"Point","coordinates":[28.8636365,41.1042189]},"properties":{"osm_id":"node/4825866625","kategori":"eczane","ad":"Özdemir Eczanesi"}},{"type":"Feature","geometry":{"type":"Point","coordinates":[28.870531,41.109935]},"properties":{"osm_id":"node/4825866626","kategori":"eczane","ad":"Cebeci Eczanesi"}},{"type":"Feature","geometry":{"type":"Point","coordinates":[28.8608118,41.1100767]},"properties":{"osm_id":"node/4825866627","kategori":"eczane","ad":"Yonca Eczanesi"}},{"type":"Feature","geometry":{"type":"Point","coordinates":[28.8671415,41.0958933]},"properties":{"osm_id":"node/4825866628","kategori":"eczane","ad":"Aysun Eczanesi"}},{"type":"Feature","geometry":{"type":"Point","coordinates":[28.8633284,41.0929042]},"properties":{"osm_id":"node/4825866629","kategori":"eczane","ad":"Ada Eczanesi"}},{"type":"Feature","geometry":{"type":"Point","coordinates":[28.8646518,41.0937234]},"properties":{"osm_id":"node/4825866630","kategori":"eczane","ad":"Baran Eczanesi"}},{"type":"Feature","geometry":{"type":"Point","coordinates":[28.8689128,41.0920802]},"properties":{"osm_id":"node/4825866631","kategori":"eczane","ad":"Dede Eczanesi"}},{"type":"Feature","geometry":{"type":"Point","coordinates":[28.8727072,41.0920573]},"properties":{"osm_id":"node/4825866632","kategori":"eczane","ad":"Şafak Eczanesi"}},{"type":"Feature","geometry":{"type":"Point","coordinates":[28.8736683,41.0909474]},"properties":{"osm_id":"node/4825866633","kategori":"eczane","ad":"Deniz Eczanesi"}},{"type":"Feature","geometry":{"type":"Point","coordinates":[28.870214,41.0897327]},"properties":{"osm_id":"node/4825866634","kategori":"eczane","ad":"Bizim Eczanesi"}},{"type":"Feature","geometry":{"type":"Point","coordinates":[28.886301,41.0786891]},"properties":{"osm_id":"node/4825866636","kategori":"eczane","ad":"Serap Eczanesi"}},{"type":"Feature","geometry":{"type":"Point","coordinates":[28.884753,41.0795706]},"properties":{"osm_id":"node/4825866637","kategori":"eczane","ad":"Bedirhan Eczanesi"}},{"type":"Feature","geometry":{"type":"Point","coordinates":[28.8820512,41.0757184]},"properties":{"osm_id":"node/4825866638","kategori":"eczane","ad":"Yeni Deniz Eczanesi"}},{"type":"Feature","geometry":{"type":"Point","coordinates":[28.8534703,41.1060948]},"properties":{"osm_id":"node/4825866821","kategori":"eczane","ad":"Başak Eczanesi"}},{"type":"Feature","geometry":{"type":"Point","coordinates":[28.8607516,41.101736]},"properties":{"osm_id":"node/4825866822","kategori":"eczane","ad":"Yeni Bostancı Eczanesi"}},{"type":"Feature","geometry":{"type":"Point","coordinates":[28.8632595,41.099293]},"properties":{"osm_id":"node/4825866823","kategori":"eczane","ad":"Lokman Eczanesi"}},{"type":"Feature","geometry":{"type":"Point","coordinates":[28.8658267,41.1109378]},"properties":{"osm_id":"node/4825866824","kategori":"eczane","ad":"Derman Eczanesi"}},{"type":"Feature","geometry":{"type":"Point","coordinates":[28.8756001,41.087434]},"properties":{"osm_id":"node/4825866825","kategori":"eczane","ad":"Gökşen Şifa Eczanesi"}},{"type":"Feature","geometry":{"type":"Point","coordinates":[28.8868476,41.0752836]},"properties":{"osm_id":"node/4825866826","kategori":"eczane","ad":"Mimar Sinan Eczanesi"}},{"type":"Feature","geometry":{"type":"Point","coordinates":[28.860768,41.1101444]},"properties":{"osm_id":"node/4825869121","kategori":"eczane","ad":"Ender Eczanesi"}},{"type":"Feature","geometry":{"type":"Point","coordinates":[28.882611,41.0766564]},"properties":{"osm_id":"node/4825869122","kategori":"eczane","ad":"Hale Eczanesi"}},{"type":"Feature","geometry":{"type":"Point","coordinates":[28.8681845,41.0975022]},"properties":{"osm_id":"node/4825869321","kategori":"eczane","ad":"Seyda Eczanesi"}},{"type":"Feature","geometry":{"type":"Point","coordinates":[28.8839849,41.0788043]},"properties":{"osm_id":"node/4825869322","kategori":"eczane","ad":"Hira Eczanesi"}},{"type":"Feature","geometry":{"type":"Point","coordinates":[28.9239682,41.0746448]},"properties":{"osm_id":"node/4827740536","kategori":"eczane","ad":"Kırmızı Eczanesi"}},{"type":"Feature","geometry":{"type":"Point","coordinates":[28.9270091,41.0785602]},"properties":{"osm_id":"node/4827740537","kategori":"eczane","ad":"Binevler Eczanesi"}},{"type":"Feature","geometry":{"type":"Point","coordinates":[28.9255021,41.0784042]},"properties":{"osm_id":"node/4827740538","kategori":"eczane","ad":"Yeni Derman Eczanesi"}},{"type":"Feature","geometry":{"type":"Point","coordinates":[28.9406042,41.0746531]},"properties":{"osm_id":"node/4827740539","kategori":"eczane","ad":"Saray Eczanesi"}},{"type":"Feature","geometry":{"type":"Point","coordinates":[28.945456,41.076985]},"properties":{"osm_id":"node/4827740540","kategori":"eczane","ad":"Su Eczanesi"}},{"type":"Feature","geometry":{"type":"Point","coordinates":[28.9456793,41.0763358]},"properties":{"osm_id":"node/4827740541","kategori":"eczane","ad":"Haliç Eczanesi"}},{"type":"Feature","geometry":{"type":"Point","coordinates":[28.9469667,41.0766861]},"properties":{"osm_id":"node/4827740542","kategori":"eczane","ad":"Birgül Eczanesi"}},{"type":"Feature","geometry":{"type":"Point","coordinates":[28.9468615,41.077779]},"properties":{"osm_id":"node/4827740543","kategori":"eczane","ad":"Büyük Eczanesi"}},{"type":"Feature","geometry":{"type":"Point","coordinates":[28.9070441,41.0597309]},"properties":{"osm_id":"node/4827740544","kategori":"eczane","ad":"Hüseyin Eczanesi"}},{"type":"Feature","geometry":{"type":"Point","coordinates":[28.903671,41.0419161]},"properties":{"osm_id":"node/4827740545","kategori":"eczane","ad":"Şaroğlu Eczanesi"}},{"type":"Feature","geometry":{"type":"Point","coordinates":[28.9036306,41.0418657]},"properties":{"osm_id":"node/4827740546","kategori":"eczane","ad":"Elçioğlu Eczanesi"}},{"type":"Feature","geometry":{"type":"Point","coordinates":[28.9321533,41.0651924]},"properties":{"osm_id":"node/4827740729","kategori":"eczane","ad":"Lokman Eczanesi"}},{"type":"Feature","geometry":{"type":"Point","coordinates":[28.9037384,41.04207]},"properties":{"osm_id":"node/4827740730","kategori":"eczane","ad":"Tuna Eczanesi"}},{"type":"Feature","geometry":{"type":"Point","coordinates":[28.9035615,41.0416996]},"properties":{"osm_id":"node/4827740731","kategori":"eczane","ad":"Furkan Eczanesi"}},{"type":"Feature","geometry":{"type":"Point","coordinates":[28.7694081,41.0333529]},"properties":{"osm_id":"node/4827740732","kategori":"eczane","ad":"Gürel Eczanesi"}},{"type":"Feature","geometry":{"type":"Point","coordinates":[28.7682558,41.0301049]},"properties":{"osm_id":"node/4827740733","kategori":"eczane","ad":"Halkalı Güler Eczanesi"}},{"type":"Feature","geometry":{"type":"Point","coordinates":[28.774539,41.033692]},"properties":{"osm_id":"node/4827740734","kategori":"eczane","ad":"Akalın Eczanesi"}},{"type":"Feature","geometry":{"type":"Point","coordinates":[28.794039,41.035454]},"properties":{"osm_id":"node/4827740735","kategori":"eczane","ad":"Tanrıverdi Eczanesi"}},{"type":"Feature","geometry":{"type":"Point","coordinates":[28.8013005,41.048149]},"properties":{"osm_id":"node/4827740736","kategori":"eczane","ad":"Sena Eczanesi"}},{"type":"Feature","geometry":{"type":"Point","coordinates":[28.7969679,41.0507091]},"properties":{"osm_id":"node/4827740737","kategori":"eczane","ad":"Pamuk Eczanesi"}},{"type":"Feature","geometry":{"type":"Point","coordinates":[28.7961296,41.0511257]},"properties":{"osm_id":"node/4827740738","kategori":"eczane","ad":"Batı Eczanesi"}},{"type":"Feature","geometry":{"type":"Point","coordinates":[28.7942,41.048106]},"properties":{"osm_id":"node/4827740739","kategori":"eczane","ad":"Erbil Eczanesi"}},{"type":"Feature","geometry":{"type":"Point","coordinates":[28.7839748,41.0514118]},"properties":{"osm_id":"node/4827740740","kategori":"eczane","ad":"Atakent Eczanesi"}},{"type":"Feature","geometry":{"type":"Point","coordinates":[28.7487022,41.0598966]},"properties":{"osm_id":"node/4827740741","kategori":"eczane","ad":"Yeni Sağlık Eczanesi"}},{"type":"Feature","geometry":{"type":"Point","coordinates":[28.8260383,41.0152483]},"properties":{"osm_id":"node/4827740743","kategori":"eczane","ad":"Yeni Handan Eczanesi"}},{"type":"Feature","geometry":{"type":"Point","coordinates":[28.8249526,41.0160474]},"properties":{"osm_id":"node/4827740744","kategori":"eczane","ad":"Altın Eczanesi"}},{"type":"Feature","geometry":{"type":"Point","coordinates":[28.8242312,41.0198619]},"properties":{"osm_id":"node/4827740745","kategori":"eczane","ad":"Cemre Eczanesi"}},{"type":"Feature","geometry":{"type":"Point","coordinates":[28.8023544,41.0245884]},"properties":{"osm_id":"node/4827740746","kategori":"eczane","ad":"Deva Sefaköy Eczanesi"}},{"type":"Feature","geometry":{"type":"Point","coordinates":[28.8005055,41.0246329]},"properties":{"osm_id":"node/4827740747","kategori":"eczane","ad":"Derman Eczanesi"}},{"type":"Feature","geometry":{"type":"Point","coordinates":[28.6696285,40.9947872]},"properties":{"osm_id":"node/4827740748","kategori":"eczane","ad":"Itır Eczanesi"}},{"type":"Feature","geometry":{"type":"Point","coordinates":[28.6695994,40.9936463]},"properties":{"osm_id":"node/4827740749","kategori":"eczane","ad":"Özkan Eczanesi"}},{"type":"Feature","geometry":{"type":"Point","coordinates":[28.6680653,40.9888676]},"properties":{"osm_id":"node/4827740750","kategori":"eczane","ad":"Saruhan Eczanesi"}},{"type":"Feature","geometry":{"type":"Point","coordinates":[28.6715279,40.9842355]},"properties":{"osm_id":"node/4827740751","kategori":"eczane","ad":"Elifim Eczanesi"}},{"type":"Feature","geometry":{"type":"Point","coordinates":[28.6721567,40.9834407]},"properties":{"osm_id":"node/4827740752","kategori":"eczane","ad":"Limon Eczanesi"}},{"type":"Feature","geometry":{"type":"Point","coordinates":[28.9240572,40.997139]},"properties":{"osm_id":"node/4827740753","kategori":"eczane","ad":"Suriçi Eczanesi"}},{"type":"Feature","geometry":{"type":"Point","coordinates":[28.9297865,41.003623]},"properties":{"osm_id":"node/4827740754","kategori":"eczane","ad":"Kırıştıoğlu Eczanesi"}},{"type":"Feature","geometry":{"type":"Point","coordinates":[28.9252629,41.006821]},"properties":{"osm_id":"node/4827740755","kategori":"eczane","ad":"Silivrikapı Eczanesi"}},{"type":"Feature","geometry":{"type":"Point","coordinates":[28.9300124,41.0634595]},"properties":{"osm_id":"node/4827740925","kategori":"eczane","ad":"Derman Eczanesi"}},{"type":"Feature","geometry":{"type":"Point","coordinates":[28.9307892,41.0646183]},"properties":{"osm_id":"node/4827740926","kategori":"eczane","ad":"Akarsu Eczanesi"}},{"type":"Feature","geometry":{"type":"Point","coordinates":[28.9038399,41.042288]},"properties":{"osm_id":"node/4827740927","kategori":"eczane","ad":"Yeni Sevgi Eczanesi"}},{"type":"Feature","geometry":{"type":"Point","coordinates":[28.906294,41.0412456]},"properties":{"osm_id":"node/4827740928","kategori":"eczane","ad":"Levent Eczanesi"}},{"type":"Feature","geometry":{"type":"Point","coordinates":[28.7863514,41.0413377]},"properties":{"osm_id":"node/4827740929","kategori":"eczane","ad":"Kardelen Eczanesi"}},{"type":"Feature","geometry":{"type":"Point","coordinates":[28.790646,41.0358716]},"properties":{"osm_id":"node/4827740930","kategori":"eczane","ad":"Deva Eczanesi"}},{"type":"Feature","geometry":{"type":"Point","coordinates":[28.8032372,41.0504729]},"properties":{"osm_id":"node/4827740931","kategori":"eczane","ad":"Süheyla Eczanesi"}},{"type":"Feature","geometry":{"type":"Point","coordinates":[28.8030334,41.0504451]},"properties":{"osm_id":"node/4827740932","kategori":"eczane","ad":"Bahar Eczanesi"}},{"type":"Feature","geometry":{"type":"Point","coordinates":[28.7981234,41.0529957]},"properties":{"osm_id":"node/4827740933","kategori":"eczane","ad":"Hatice Eren Eczanesi"}},{"type":"Feature","geometry":{"type":"Point","coordinates":[28.7987139,41.0516943]},"properties":{"osm_id":"node/4827740934","kategori":"eczane","ad":"Öznur Eczanesi"}},{"type":"Feature","geometry":{"type":"Point","coordinates":[28.7614101,41.0555087]},"properties":{"osm_id":"node/4827740936","kategori":"eczane","ad":"İnaye Eczanesi"}},{"type":"Feature","geometry":{"type":"Point","coordinates":[28.748646,41.060206]},"properties":{"osm_id":"node/4827740937","kategori":"eczane","ad":"Kubilay Eczanesi"}},{"type":"Feature","geometry":{"type":"Point","coordinates":[28.8152971,41.0253015]},"properties":{"osm_id":"node/4827740938","kategori":"eczane","ad":"G-Plus Eczanesi"}},{"type":"Feature","geometry":{"type":"Point","coordinates":[28.7964358,41.0246751]},"properties":{"osm_id":"node/4827740939","kategori":"eczane","ad":"Karakaş Eczanesi"}},{"type":"Feature","geometry":{"type":"Point","coordinates":[28.7964877,41.0230001]},"properties":{"osm_id":"node/4827740940","kategori":"eczane","ad":"Gökçe Eczanesi"}},{"type":"Feature","geometry":{"type":"Point","coordinates":[28.6384813,41.1156378]},"properties":{"osm_id":"node/4827740941","kategori":"eczane","ad":"Deniz Eczanesi"}},{"type":"Feature","geometry":{"type":"Point","coordinates":[28.6391073,41.1110538]},"properties":{"osm_id":"node/4827740942","kategori":"eczane","ad":"Yıldırım Eczanesi"}},{"type":"Feature","geometry":{"type":"Point","coordinates":[28.6696648,40.9934319]},"properties":{"osm_id":"node/4827740943","kategori":"eczane","ad":"Görkem Eczanesi"}},{"type":"Feature","geometry":{"type":"Point","coordinates":[28.9240478,40.9983733]},"properties":{"osm_id":"node/4827740944","kategori":"eczane","ad":"İsmet Eczanesi"}},{"type":"Feature","geometry":{"type":"Point","coordinates":[28.9299674,41.0016437]},"properties":{"osm_id":"node/4827740946","kategori":"eczane","ad":"Atasever Eczanesi"}},{"type":"Feature","geometry":{"type":"Point","coordinates":[28.9356387,41.0066376]},"properties":{"osm_id":"node/4827740947","kategori":"eczane","ad":"Yeni Eda Eczanesi"}},{"type":"Feature","geometry":{"type":"Point","coordinates":[28.9375719,41.0086907]},"properties":{"osm_id":"node/4827740948","kategori":"eczane","ad":"Yürekli Eczanesi"}},{"type":"Feature","geometry":{"type":"Point","coordinates":[28.9375789,41.0092871]},"properties":{"osm_id":"node/4827740949","kategori":"eczane","ad":"Bahar Eczanesi"}},{"type":"Feature","geometry":{"type":"Point","coordinates":[28.798526,41.0412077]},"properties":{"osm_id":"node/4827741122","kategori":"eczane","ad":"Avrupa Eczanesi"}},{"type":"Feature","geometry":{"type":"Point","coordinates":[28.9041414,41.0424696]},"properties":{"osm_id":"node/4827742722","kategori":"eczane","ad":"Birsen Eczanesi"}},{"type":"Feature","geometry":{"type":"Point","coordinates":[28.7878825,41.0355216]},"properties":{"osm_id":"node/4827742723","kategori":"eczane","ad":"Halkalı Eczanesi"}},{"type":"Feature","geometry":{"type":"Point","coordinates":[28.799887,41.047398]},"properties":{"osm_id":"node/4827742724","kategori":"eczane","ad":"İpek Eczanesi"}},{"type":"Feature","geometry":{"type":"Point","coordinates":[28.8038752,41.0540597]},"properties":{"osm_id":"node/4827742725","kategori":"eczane","ad":"İkitelli Sağlık Eczanesi"}},{"type":"Feature","geometry":{"type":"Point","coordinates":[28.9170319,41.0520518]},"properties":{"osm_id":"node/4827747423","kategori":"eczane","ad":"Ressam Eczanesi"}},{"type":"Feature","geometry":{"type":"Point","coordinates":[28.9174875,41.05164]},"properties":{"osm_id":"node/4827747424","kategori":"eczane","ad":"Ergün Eczanesi"}},{"type":"Feature","geometry":{"type":"Point","coordinates":[28.9205017,41.0489173]},"properties":{"osm_id":"node/4827747425","kategori":"eczane","ad":"Yunus Emre Eczanesi"}},{"type":"Feature","geometry":{"type":"Point","coordinates":[28.921127,41.0486138]},"properties":{"osm_id":"node/4827747426","kategori":"eczane","ad":"Özcan Eczanesi"}},{"type":"Feature","geometry":{"type":"Point","coordinates":[28.929194,41.0505913]},"properties":{"osm_id":"node/4827747427","kategori":"eczane","ad":"İslambey Eczanesi"}},{"type":"Feature","geometry":{"type":"Point","coordinates":[28.9313559,41.0489918]},"properties":{"osm_id":"node/4827747428","kategori":"eczane","ad":"Nurdan Eczanesi"}},{"type":"Feature","geometry":{"type":"Point","coordinates":[28.9234591,41.0578777]},"properties":{"osm_id":"node/4827747429","kategori":"eczane","ad":"Yenidoğan Eczanesi"}},{"type":"Feature","geometry":{"type":"Point","coordinates":[28.925476,41.0582602]},"properties":{"osm_id":"node/4827747430","kategori":"eczane","ad":"Tepebaşı Eczanesi"}},{"type":"Feature","geometry":{"type":"Point","coordinates":[28.9254689,41.0580409]},"properties":{"osm_id":"node/4827747431","kategori":"eczane","ad":"Yurdakul Eczanesi"}},{"type":"Feature","geometry":{"type":"Point","coordinates":[28.9274065,41.0593242]},"properties":{"osm_id":"node/4827747432","kategori":"eczane","ad":"Sıla Eczanesi"}},{"type":"Feature","geometry":{"type":"Point","coordinates":[28.928113,41.0599197]},"properties":{"osm_id":"node/4827747433","kategori":"eczane","ad":"Cemre Eczanesi"}},{"type":"Feature","geometry":{"type":"Point","coordinates":[28.9277905,41.0597879]},"properties":{"osm_id":"node/4827747434","kategori":"eczane","ad":"Bilge Eczanesi"}},{"type":"Feature","geometry":{"type":"Point","coordinates":[28.9292956,41.0624421]},"properties":{"osm_id":"node/4827747435","kategori":"eczane","ad":"Müge Eczanesi"}},{"type":"Feature","geometry":{"type":"Point","coordinates":[28.9290584,41.0621941]},"properties":{"osm_id":"node/4827747436","kategori":"eczane","ad":"Umut Eczanesi"}},{"type":"Feature","geometry":{"type":"Point","coordinates":[28.903745,41.0421299]},"properties":{"osm_id":"node/4827750225","kategori":"eczane","ad":"Sami Eczanesi"}},{"type":"Feature","geometry":{"type":"Point","coordinates":[28.7902718,41.0405862]},"properties":{"osm_id":"node/4827750226","kategori":"eczane","ad":"Ihlamur Eczanesi"}},{"type":"Feature","geometry":{"type":"Point","coordinates":[28.7985441,41.0377731]},"properties":{"osm_id":"node/4827750227","kategori":"eczane","ad":"Şifa Eczanesi"}},{"type":"Feature","geometry":{"type":"Point","coordinates":[28.8011842,41.0484865]},"properties":{"osm_id":"node/4827750228","kategori":"eczane","ad":"Çağlar Eczanesi"}},{"type":"Feature","geometry":{"type":"Point","coordinates":[28.7985648,41.0529696]},"properties":{"osm_id":"node/4827750229","kategori":"eczane","ad":"İnan Eczanesi"}},{"type":"Feature","geometry":{"type":"Point","coordinates":[28.7788185,41.0502865]},"properties":{"osm_id":"node/4827750230","kategori":"eczane","ad":"Funda Eczanesi"}},{"type":"Feature","geometry":{"type":"Point","coordinates":[28.9300916,41.0026127]},"properties":{"osm_id":"node/4827750231","kategori":"eczane","ad":"Melis Eczanesi"}},{"type":"Feature","geometry":{"type":"Point","coordinates":[28.931762,41.0034443]},"properties":{"osm_id":"node/4827750232","kategori":"eczane","ad":"Polin Eczanesi"}},{"type":"Feature","geometry":{"type":"Point","coordinates":[28.9312553,41.0039053]},"properties":{"osm_id":"node/4827750233","kategori":"eczane","ad":"Özgün Eczanesi"}},{"type":"Feature","geometry":{"type":"Point","coordinates":[28.9397838,41.0101255]},"properties":{"osm_id":"node/4827750234","kategori":"eczane","ad":"Alp Eczanesi"}},{"type":"Feature","geometry":{"type":"Point","coordinates":[28.9037655,41.0416414]},"properties":{"osm_id":"node/4827750323","kategori":"eczane","ad":"Füsun Eczanesi"}},{"type":"Feature","geometry":{"type":"Point","coordinates":[28.7716504,41.0256925]},"properties":{"osm_id":"node/4827750324","kategori":"eczane","ad":"Demir Eczanesi"}},{"type":"Feature","geometry":{"type":"Point","coordinates":[28.7829463,41.0453477]},"properties":{"osm_id":"node/4827750325","kategori":"eczane","ad":"Esin Eczanesi"}},{"type":"Feature","geometry":{"type":"Point","coordinates":[28.792305,41.0355567]},"properties":{"osm_id":"node/4827750326","kategori":"eczane","ad":"Lale Eczanesi"}},{"type":"Feature","geometry":{"type":"Point","coordinates":[28.7980609,41.0374771]},"properties":{"osm_id":"node/4827750327","kategori":"eczane","ad":"Papatya Eczanesi"}},{"type":"Feature","geometry":{"type":"Point","coordinates":[28.802878,41.050425]},"properties":{"osm_id":"node/4827750328","kategori":"eczane","ad":"Bedia Eczanesi"}},{"type":"Feature","geometry":{"type":"Point","coordinates":[28.8065953,41.0531087]},"properties":{"osm_id":"node/4827750329","kategori":"eczane","ad":"Alp Eczanesi"}},{"type":"Feature","geometry":{"type":"Point","coordinates":[28.7991643,41.0546297]},"properties":{"osm_id":"node/4827750330","kategori":"eczane","ad":"Aylin Eczanesi"}},{"type":"Feature","geometry":{"type":"Point","coordinates":[28.7613594,41.0556514]},"properties":{"osm_id":"node/4827750331","kategori":"eczane","ad":"Nas Eczanesi"}},{"type":"Feature","geometry":{"type":"Point","coordinates":[28.82681,41.0190614]},"properties":{"osm_id":"node/4827750332","kategori":"eczane","ad":"Bahar Eczanesi"}},{"type":"Feature","geometry":{"type":"Point","coordinates":[28.8004335,41.0242784]},"properties":{"osm_id":"node/4827750333","kategori":"eczane","ad":"Yeditepe Eczanesi"}},{"type":"Feature","geometry":{"type":"Point","coordinates":[28.6696035,40.9866531]},"properties":{"osm_id":"node/4827750334","kategori":"eczane","ad":"Yakuplu Eczanesi"}},{"type":"Feature","geometry":{"type":"Point","coordinates":[28.6710026,40.9845875]},"properties":{"osm_id":"node/4827750335","kategori":"eczane","ad":"Asu Eczanesi"}},{"type":"Feature","geometry":{"type":"Point","coordinates":[28.9311117,41.0002683]},"properties":{"osm_id":"node/4827750336","kategori":"eczane","ad":"Mehmet Emin Eczanesi"}},{"type":"Feature","geometry":{"type":"Point","coordinates":[28.929871,40.9978958]},"properties":{"osm_id":"node/4827750337","kategori":"eczane","ad":"Çağla Eczanesi"}},{"type":"Feature","geometry":{"type":"Point","coordinates":[28.9272075,40.9963264]},"properties":{"osm_id":"node/4827750338","kategori":"eczane","ad":"İmrahor Işık Eczanesi"}},{"type":"Feature","geometry":{"type":"Point","coordinates":[28.9320912,41.0023851]},"properties":{"osm_id":"node/4827750339","kategori":"eczane","ad":"Murat Bıçakçı Eczanesi"}},{"type":"Feature","geometry":{"type":"Point","coordinates":[28.9275676,41.0036569]},"properties":{"osm_id":"node/4827750341","kategori":"eczane","ad":"Arslan Eczanesi"}},{"type":"Feature","geometry":{"type":"Point","coordinates":[28.9364673,41.0065131]},"properties":{"osm_id":"node/4827750342","kategori":"eczane","ad":"Esekapı Petek Eczanesi"}},{"type":"Feature","geometry":{"type":"Point","coordinates":[28.9366094,41.0075257]},"properties":{"osm_id":"node/4827750343","kategori":"eczane","ad":"Kızılelma Eczanesi"}},{"type":"Feature","geometry":{"type":"Point","coordinates":[28.939665,41.0116758]},"properties":{"osm_id":"node/4827750344","kategori":"eczane","ad":"Fındıkzade Eczanesi"}},{"type":"Feature","geometry":{"type":"Point","coordinates":[28.9468236,41.0776026]},"properties":{"osm_id":"node/4827761721","kategori":"eczane","ad":"Deva Eczanesi"}},{"type":"Feature","geometry":{"type":"Point","coordinates":[28.9320146,41.0018117]},"properties":{"osm_id":"node/4827761723","kategori":"eczane","ad":"Yeni Eczane"}},{"type":"Feature","geometry":{"type":"Point","coordinates":[28.9332716,41.0069747]},"properties":{"osm_id":"node/4827761724","kategori":"eczane","ad":"Kevser Eczanesi"}},{"type":"Feature","geometry":{"type":"Point","coordinates":[28.9205761,41.0493051]},"properties":{"osm_id":"node/4827774121","kategori":"eczane","ad":"Güner Eczanesi"}},{"type":"Feature","geometry":{"type":"Point","coordinates":[28.9215276,41.0488657]},"properties":{"osm_id":"node/4827774122","kategori":"eczane","ad":"Çuhadaroğlu Eczanesi"}},{"type":"Feature","geometry":{"type":"Point","coordinates":[28.9262401,41.0518892]},"properties":{"osm_id":"node/4827774123","kategori":"eczane","ad":"Gaye Eczanesi"}},{"type":"Feature","geometry":{"type":"Point","coordinates":[28.9306788,41.0495454]},"properties":{"osm_id":"node/4827774124","kategori":"eczane","ad":"Deva Eczanesi"}},{"type":"Feature","geometry":{"type":"Point","coordinates":[28.9329164,41.0469369]},"properties":{"osm_id":"node/4827774125","kategori":"eczane","ad":"Eyüp Sultan Eczanesi"}},{"type":"Feature","geometry":{"type":"Point","coordinates":[28.9238285,41.0579285]},"properties":{"osm_id":"node/4827774126","kategori":"eczane","ad":"Şebnem Eczanesi"}},{"type":"Feature","geometry":{"type":"Point","coordinates":[28.9266501,41.0584815]},"properties":{"osm_id":"node/4827774127","kategori":"eczane","ad":"Sinan Eczanesi"}},{"type":"Feature","geometry":{"type":"Point","coordinates":[28.9278771,41.060083]},"properties":{"osm_id":"node/4827774128","kategori":"eczane","ad":"Uslu Eczanesi"}},{"type":"Feature","geometry":{"type":"Point","coordinates":[28.9300758,41.0636617]},"properties":{"osm_id":"node/4827774129","kategori":"eczane","ad":"Değer Eczanesi"}},{"type":"Feature","geometry":{"type":"Point","coordinates":[28.9321944,41.0591477]},"properties":{"osm_id":"node/4827775621","kategori":"eczane","ad":"Nuray Eczanesi"}},{"type":"Feature","geometry":{"type":"Point","coordinates":[28.9287937,41.0622239]},"properties":{"osm_id":"node/4827775821","kategori":"eczane","ad":"Ali Galip Eczanesi"}},{"type":"Feature","geometry":{"type":"Point","coordinates":[28.8020071,41.0503053]},"properties":{"osm_id":"node/4827775822","kategori":"eczane","ad":"Seda Eczanesi"}},{"type":"Feature","geometry":{"type":"Point","coordinates":[28.6466199,41.0422151]},"properties":{"osm_id":"node/4828496823","kategori":"eczane","ad":"Yusuf eczanesi"}},{"type":"Feature","geometry":{"type":"Point","coordinates":[28.6471657,41.0432487]},"properties":{"osm_id":"node/4828534221","kategori":"eczane","ad":"Aktar"}},{"type":"Feature","geometry":{"type":"Point","coordinates":[28.9454705,41.005251]},"properties":{"osm_id":"node/4828932323","kategori":"eczane","ad":"Davutpaşa Eczanesi"}},{"type":"Feature","geometry":{"type":"Point","coordinates":[28.928536,41.061459]},"properties":{"osm_id":"node/4828993021","kategori":"eczane","ad":"Tuba Eczanesi"}},{"type":"Feature","geometry":{"type":"Point","coordinates":[28.9440927,41.0038854]},"properties":{"osm_id":"node/4828993421","kategori":"eczane","ad":"Mert Eczanesi"}},{"type":"Feature","geometry":{"type":"Point","coordinates":[28.9434968,41.0048587]},"properties":{"osm_id":"node/4828993422","kategori":"eczane","ad":"Sönmez Eczanesi"}},{"type":"Feature","geometry":{"type":"Point","coordinates":[28.9420803,41.0066826]},"properties":{"osm_id":"node/4828993424","kategori":"eczane","ad":"Cerrahpaşa Fatih Eczanesi"}},{"type":"Feature","geometry":{"type":"Point","coordinates":[28.9415371,41.0068625]},"properties":{"osm_id":"node/4828993425","kategori":"eczane","ad":"Samatya Eczanesi"}},{"type":"Feature","geometry":{"type":"Point","coordinates":[28.9421195,41.0071079]},"properties":{"osm_id":"node/4828993426","kategori":"eczane","ad":"Cerrahpaşa Özlem Eczanesi"}},{"type":"Feature","geometry":{"type":"Point","coordinates":[28.9419859,41.0069012]},"properties":{"osm_id":"node/4828993427","kategori":"eczane","ad":"Cerrahpaşa Furkan Eczanesi"}},{"type":"Feature","geometry":{"type":"Point","coordinates":[28.943427,41.0075399]},"properties":{"osm_id":"node/4828993428","kategori":"eczane","ad":"Batur Eczanesi"}},{"type":"Feature","geometry":{"type":"Point","coordinates":[28.9438194,41.0090584]},"properties":{"osm_id":"node/4828993429","kategori":"eczane","ad":"Haseki Çağrı Eczanesi"}},{"type":"Feature","geometry":{"type":"Point","coordinates":[28.9431476,41.0089472]},"properties":{"osm_id":"node/4828993430","kategori":"eczane","ad":"Sefa Eczanesi"}},{"type":"Feature","geometry":{"type":"Point","coordinates":[28.9453713,41.0094277]},"properties":{"osm_id":"node/4828993431","kategori":"eczane","ad":"Numune Eczanesi"}},{"type":"Feature","geometry":{"type":"Point","coordinates":[28.9424372,41.0109177]},"properties":{"osm_id":"node/4828993434","kategori":"eczane","ad":"Yonca Eczanesi"}},{"type":"Feature","geometry":{"type":"Point","coordinates":[28.9425927,41.0102316]},"properties":{"osm_id":"node/4828993435","kategori":"eczane","ad":"Haseki Yıldız Eczanesi"}},{"type":"Feature","geometry":{"type":"Point","coordinates":[28.9455853,41.0124949]},"properties":{"osm_id":"node/4828993436","kategori":"eczane","ad":"Akgün Eczanesi"}},{"type":"Feature","geometry":{"type":"Point","coordinates":[28.9506129,41.0109999]},"properties":{"osm_id":"node/4828993438","kategori":"eczane","ad":"Miray Eczanesi"}},{"type":"Feature","geometry":{"type":"Point","coordinates":[28.9548919,41.0093568]},"properties":{"osm_id":"node/4828993439","kategori":"eczane","ad":"Yağmur Eczanesi"}},{"type":"Feature","geometry":{"type":"Point","coordinates":[28.9548053,41.0089594]},"properties":{"osm_id":"node/4828993440","kategori":"eczane","ad":"Metro Eczanesi"}},{"type":"Feature","geometry":{"type":"Point","coordinates":[28.9539118,41.0089016]},"properties":{"osm_id":"node/4828993441","kategori":"eczane","ad":"Engin Dilek Eczanesi"}},{"type":"Feature","geometry":{"type":"Point","coordinates":[28.951992,41.008148]},"properties":{"osm_id":"node/4828993442","kategori":"eczane","ad":"Güler Eczanesi"}},{"type":"Feature","geometry":{"type":"Point","coordinates":[28.9525795,41.0081692]},"properties":{"osm_id":"node/4828993443","kategori":"eczane","ad":"Nurtane Eczanesi"}},{"type":"Feature","geometry":{"type":"Point","coordinates":[28.9529817,41.006975]},"properties":{"osm_id":"node/4828993444","kategori":"eczane","ad":"Yenikapı Sarim Eczanesi"}},{"type":"Feature","geometry":{"type":"Point","coordinates":[28.9516343,41.0066581]},"properties":{"osm_id":"node/4828993445","kategori":"eczane","ad":"Marmaray Eczanesi"}},{"type":"Feature","geometry":{"type":"Point","coordinates":[28.9519813,41.0145549]},"properties":{"osm_id":"node/4828993446","kategori":"eczane","ad":"Saray Eczanesi"}},{"type":"Feature","geometry":{"type":"Point","coordinates":[28.9444095,41.0178188]},"properties":{"osm_id":"node/4828993447","kategori":"eczane","ad":"Yükseliş Eczanesi"}},{"type":"Feature","geometry":{"type":"Point","coordinates":[28.9441966,41.0176931]},"properties":{"osm_id":"node/4828993448","kategori":"eczane","ad":"Yeni Akdeniz Eczanesi"}},{"type":"Feature","geometry":{"type":"Point","coordinates":[28.9671474,41.016558]},"properties":{"osm_id":"node/4828993451","kategori":"eczane","ad":"Sema Eczanesi"}},{"type":"Feature","geometry":{"type":"Point","coordinates":[28.9688615,41.0172143]},"properties":{"osm_id":"node/4828993453","kategori":"eczane","ad":"Tahtakale Eczanesi"}},{"type":"Feature","geometry":{"type":"Point","coordinates":[28.9627066,41.0146823]},"properties":{"osm_id":"node/4828993454","kategori":"eczane","ad":"Üniversite Eczanesi"}},{"type":"Feature","geometry":{"type":"Point","coordinates":[28.9555807,41.0168614]},"properties":{"osm_id":"node/4828993455","kategori":"eczane","ad":"Gülden Eczanesi"}},{"type":"Feature","geometry":{"type":"Point","coordinates":[28.9469413,41.02096]},"properties":{"osm_id":"node/4828993458","kategori":"eczane","ad":"Nihal Eczanesi"}},{"type":"Feature","geometry":{"type":"Point","coordinates":[28.947743,41.021583]},"properties":{"osm_id":"node/4828993459","kategori":"eczane","ad":"Çağrı Eczanesi"}},{"type":"Feature","geometry":{"type":"Point","coordinates":[28.93734,41.0354328]},"properties":{"osm_id":"node/4828993461","kategori":"eczane","ad":"Organik Eczanesi"}},{"type":"Feature","geometry":{"type":"Point","coordinates":[28.9444129,41.0327591]},"properties":{"osm_id":"node/4828993462","kategori":"eczane","ad":"Balat Eczanesi"}},{"type":"Feature","geometry":{"type":"Point","coordinates":[28.9463415,41.0335687]},"properties":{"osm_id":"node/4828993463","kategori":"eczane","ad":"Balat Merkez Eczanesi"}},{"type":"Feature","geometry":{"type":"Point","coordinates":[28.9477924,41.0322757]},"properties":{"osm_id":"node/4828993464","kategori":"eczane","ad":"Fazilet Eczanesi"}},{"type":"Feature","geometry":{"type":"Point","coordinates":[28.9463439,41.0280427]},"properties":{"osm_id":"node/4828993465","kategori":"eczane","ad":"Gülgün Eczanesi"}},{"type":"Feature","geometry":{"type":"Point","coordinates":[28.9358488,41.0247158]},"properties":{"osm_id":"node/4828993468","kategori":"eczane","ad":"Doğan Aras Eczanesi"}},{"type":"Feature","geometry":{"type":"Point","coordinates":[28.9367548,41.0220237]},"properties":{"osm_id":"node/4828993471","kategori":"eczane","ad":"Gümüş Eczanesi"}},{"type":"Feature","geometry":{"type":"Point","coordinates":[28.9291698,41.0197055]},"properties":{"osm_id":"node/4828993472","kategori":"eczane","ad":"Solmaz Eczanesi"}},{"type":"Feature","geometry":{"type":"Point","coordinates":[28.9246796,41.0135762]},"properties":{"osm_id":"node/4828993473","kategori":"eczane","ad":"İlkay Eczanesi"}},{"type":"Feature","geometry":{"type":"Point","coordinates":[28.9264119,41.0084309]},"properties":{"osm_id":"node/4828993475","kategori":"eczane","ad":"Aksa Eczanesi"}},{"type":"Feature","geometry":{"type":"Point","coordinates":[28.9306049,41.0092787]},"properties":{"osm_id":"node/4828993476","kategori":"eczane","ad":"Zafer Eczanesi"}},{"type":"Feature","geometry":{"type":"Point","coordinates":[28.9436234,41.0046682]},"properties":{"osm_id":"node/4828994521","kategori":"eczane","ad":"Paşa Eczanesi"}},{"type":"Feature","geometry":{"type":"Point","coordinates":[28.9432148,41.0052004]},"properties":{"osm_id":"node/4828994522","kategori":"eczane","ad":"Cerrahpaşa Eczanesi"}},{"type":"Feature","geometry":{"type":"Point","coordinates":[28.9411012,41.0067469]},"properties":{"osm_id":"node/4828994523","kategori":"eczane","ad":"Kartal Eczanesi"}},{"type":"Feature","geometry":{"type":"Point","coordinates":[28.9417407,41.0069374]},"properties":{"osm_id":"node/4828994524","kategori":"eczane","ad":"Göksun Eczanesi"}},{"type":"Feature","geometry":{"type":"Point","coordinates":[28.9456722,41.0094604]},"properties":{"osm_id":"node/4828994525","kategori":"eczane","ad":"Azak Eczanesi"}},{"type":"Feature","geometry":{"type":"Point","coordinates":[28.9447444,41.0109331]},"properties":{"osm_id":"node/4828994526","kategori":"eczane","ad":"Mutlu Eczanesi"}},{"type":"Feature","geometry":{"type":"Point","coordinates":[28.9449593,41.0108742]},"properties":{"osm_id":"node/4828994527","kategori":"eczane","ad":"Duyar Eczanesi"}},{"type":"Feature","geometry":{"type":"Point","coordinates":[28.9424535,41.0114125]},"properties":{"osm_id":"node/4828994528","kategori":"eczane","ad":"Sevgi Eczanesi"}},{"type":"Feature","geometry":{"type":"Point","coordinates":[28.9498864,41.011981]},"properties":{"osm_id":"node/4828994529","kategori":"eczane","ad":"Horhor Eczanesi"}},{"type":"Feature","geometry":{"type":"Point","coordinates":[28.9518224,41.0186799]},"properties":{"osm_id":"node/4828994531","kategori":"eczane","ad":"Pelin Eczanesi"}},{"type":"Feature","geometry":{"type":"Point","coordinates":[28.950997,41.0163626]},"properties":{"osm_id":"node/4828994532","kategori":"eczane","ad":"Fatih Eczanesi"}},{"type":"Feature","geometry":{"type":"Point","coordinates":[28.9508437,41.0161772]},"properties":{"osm_id":"node/4828994533","kategori":"eczane","ad":"Taha Can Eczanesi"}},{"type":"Feature","geometry":{"type":"Point","coordinates":[28.9523245,41.0161526]},"properties":{"osm_id":"node/4828994535","kategori":"eczane","ad":"Zeytindalı Eczanesi"}},{"type":"Feature","geometry":{"type":"Point","coordinates":[28.9512057,41.0135575]},"properties":{"osm_id":"node/4828994536","kategori":"eczane","ad":"Sezen Eczanesi"}},{"type":"Feature","geometry":{"type":"Point","coordinates":[28.9509803,41.0133869]},"properties":{"osm_id":"node/4828994537","kategori":"eczane","ad":"Zaman Eczanesi"}},{"type":"Feature","geometry":{"type":"Point","coordinates":[28.944177,41.0179554]},"properties":{"osm_id":"node/4828994538","kategori":"eczane","ad":"Çolpan Eczanesi"}},{"type":"Feature","geometry":{"type":"Point","coordinates":[28.9420955,41.0146445]},"properties":{"osm_id":"node/4828994539","kategori":"eczane","ad":"Atlas Eczanesi"}},{"type":"Feature","geometry":{"type":"Point","coordinates":[28.9422252,41.0136915]},"properties":{"osm_id":"node/4828994540","kategori":"eczane","ad":"Molla Gürani Eczanesi"}},{"type":"Feature","geometry":{"type":"Point","coordinates":[28.9551477,41.0196598]},"properties":{"osm_id":"node/4828994543","kategori":"eczane","ad":"Çırçır Eczanesi"}},{"type":"Feature","geometry":{"type":"Point","coordinates":[28.9416468,41.0204424]},"properties":{"osm_id":"node/4828994545","kategori":"eczane","ad":"Cem Eczanesi"}},{"type":"Feature","geometry":{"type":"Point","coordinates":[28.9486362,41.0242934]},"properties":{"osm_id":"node/4828994546","kategori":"eczane","ad":"Semra Eczanesi"}},{"type":"Feature","geometry":{"type":"Point","coordinates":[28.9572013,41.025451]},"properties":{"osm_id":"node/4828994548","kategori":"eczane","ad":"Özlem Ece Eczanesi"}},{"type":"Feature","geometry":{"type":"Point","coordinates":[28.946623,41.0238941]},"properties":{"osm_id":"node/4828994550","kategori":"eczane","ad":"Kumrulu Eczanesi"}},{"type":"Feature","geometry":{"type":"Point","coordinates":[28.9359895,41.0257615]},"properties":{"osm_id":"node/4828994551","kategori":"eczane","ad":"Özgür Eczanesi"}},{"type":"Feature","geometry":{"type":"Point","coordinates":[28.935713,41.0225204]},"properties":{"osm_id":"node/4828994552","kategori":"eczane","ad":"Mercan Eczanesi"}},{"type":"Feature","geometry":{"type":"Point","coordinates":[28.9356836,41.0213708]},"properties":{"osm_id":"node/4828994553","kategori":"eczane","ad":"Petek Eczanesi"}},{"type":"Feature","geometry":{"type":"Point","coordinates":[28.9381502,41.0206593]},"properties":{"osm_id":"node/4828994554","kategori":"eczane","ad":"Vatan Eczanesi"}},{"type":"Feature","geometry":{"type":"Point","coordinates":[28.9418976,41.0069955]},"properties":{"osm_id":"node/4828995321","kategori":"eczane","ad":"Hüseyin Avni Eczanesi"}},{"type":"Feature","geometry":{"type":"Point","coordinates":[28.9453438,41.0096422]},"properties":{"osm_id":"node/4828995322","kategori":"eczane","ad":"Türker Eczanesi"}},{"type":"Feature","geometry":{"type":"Point","coordinates":[28.9465168,41.0097799]},"properties":{"osm_id":"node/4828995323","kategori":"eczane","ad":"Erciyes Eczanesi"}},{"type":"Feature","geometry":{"type":"Point","coordinates":[28.9518376,41.0185011]},"properties":{"osm_id":"node/4828995324","kategori":"eczane","ad":"Yeni Hayat Eczanesi"}},{"type":"Feature","geometry":{"type":"Point","coordinates":[28.9507511,41.0170826]},"properties":{"osm_id":"node/4828995325","kategori":"eczane","ad":"Güven Eczanesi"}},{"type":"Feature","geometry":{"type":"Point","coordinates":[28.9440051,41.0175828]},"properties":{"osm_id":"node/4828995326","kategori":"eczane","ad":"Ege Eczanesi"}},{"type":"Feature","geometry":{"type":"Point","coordinates":[28.9398303,41.0131836]},"properties":{"osm_id":"node/4828995327","kategori":"eczane","ad":"Duru Eczanesi"}},{"type":"Feature","geometry":{"type":"Point","coordinates":[28.9589402,41.0157774]},"properties":{"osm_id":"node/4828995329","kategori":"eczane","ad":"Vefa Eczanesi"}},{"type":"Feature","geometry":{"type":"Point","coordinates":[28.9484394,41.0208454]},"properties":{"osm_id":"node/4828995330","kategori":"eczane","ad":"Sarıbaşlar Eczanesi"}},{"type":"Feature","geometry":{"type":"Point","coordinates":[28.9450237,41.0212016]},"properties":{"osm_id":"node/4828995331","kategori":"eczane","ad":"Deva Eczanesi"}},{"type":"Feature","geometry":{"type":"Point","coordinates":[28.9438089,41.0202392]},"properties":{"osm_id":"node/4828995332","kategori":"eczane","ad":"Mehmet Eczanesi"}},{"type":"Feature","geometry":{"type":"Point","coordinates":[28.9432049,41.019417]},"properties":{"osm_id":"node/4828995333","kategori":"eczane","ad":"Şenay Eczanesi"}},{"type":"Feature","geometry":{"type":"Point","coordinates":[28.9488553,41.0228634]},"properties":{"osm_id":"node/4828995336","kategori":"eczane","ad":"Hüma Eczanesi"}},{"type":"Feature","geometry":{"type":"Point","coordinates":[28.9462202,41.0276039]},"properties":{"osm_id":"node/4828995337","kategori":"eczane","ad":"Hilal Eczanesi"}},{"type":"Feature","geometry":{"type":"Point","coordinates":[28.9463116,41.0268591]},"properties":{"osm_id":"node/4828995338","kategori":"eczane","ad":"Atikali Eczanesi"}},{"type":"Feature","geometry":{"type":"Point","coordinates":[28.9473987,41.0265509]},"properties":{"osm_id":"node/4828995339","kategori":"eczane","ad":"Çarşamba Eczanesi"}},{"type":"Feature","geometry":{"type":"Point","coordinates":[28.9408155,41.0261676]},"properties":{"osm_id":"node/4828995340","kategori":"eczane","ad":"Hülya Eczanesi"}},{"type":"Feature","geometry":{"type":"Point","coordinates":[28.9323945,41.0205037]},"properties":{"osm_id":"node/4828995341","kategori":"eczane","ad":"Kurdoğlu Eczanesi"}},{"type":"Feature","geometry":{"type":"Point","coordinates":[28.9411482,41.0085858]},"properties":{"osm_id":"node/4828995621","kategori":"eczane","ad":"Gülçin Eczanesi"}},{"type":"Feature","geometry":{"type":"Point","coordinates":[28.9478586,41.0101721]},"properties":{"osm_id":"node/4828995622","kategori":"eczane","ad":"Ata Taç Eczanesi"}},{"type":"Feature","geometry":{"type":"Point","coordinates":[28.95082,41.0128229]},"properties":{"osm_id":"node/4828995624","kategori":"eczane","ad":"Ferit Eczanesi"}},{"type":"Feature","geometry":{"type":"Point","coordinates":[28.9405575,41.0255766]},"properties":{"osm_id":"node/4828995625","kategori":"eczane","ad":"Stad Eczanesi"}},{"type":"Feature","geometry":{"type":"Point","coordinates":[28.9462104,41.0095563]},"properties":{"osm_id":"node/4828996221","kategori":"eczane","ad":"Kayra Eczanesi"}},{"type":"Feature","geometry":{"type":"Point","coordinates":[28.9524371,41.0155914]},"properties":{"osm_id":"node/4828996222","kategori":"eczane","ad":"Öztürk Eczanesi"}},{"type":"Feature","geometry":{"type":"Point","coordinates":[28.9760701,41.0219169]},"properties":{"osm_id":"node/4829207022","kategori":"eczane","ad":"Nil Eczanesi"}},{"type":"Feature","geometry":{"type":"Point","coordinates":[28.9769724,41.0337765]},"properties":{"osm_id":"node/4829207024","kategori":"eczane","ad":"Pera Parma Hotel"}},{"type":"Feature","geometry":{"type":"Point","coordinates":[28.984327,41.039255]},"properties":{"osm_id":"node/4829207025","kategori":"eczane","ad":"Özgecan Eczanesi"}},{"type":"Feature","geometry":{"type":"Point","coordinates":[28.9683115,41.0342203]},"properties":{"osm_id":"node/4829207026","kategori":"eczane","ad":"Yeni Dereboyu Eczanesi"}},{"type":"Feature","geometry":{"type":"Point","coordinates":[28.9738904,41.0241055]},"properties":{"osm_id":"node/4829213623","kategori":"eczane","ad":"Ege Eczanesi"}},{"type":"Feature","geometry":{"type":"Point","coordinates":[28.9739446,41.0250719]},"properties":{"osm_id":"node/4829213624","kategori":"eczane","ad":"Damla Eczanesi"}},{"type":"Feature","geometry":{"type":"Point","coordinates":[28.9838664,41.0329784]},"properties":{"osm_id":"node/4829213625","kategori":"eczane","ad":"Aykut Eczanesi"}},{"type":"Feature","geometry":{"type":"Point","coordinates":[28.9839908,41.0333663]},"properties":{"osm_id":"node/4829213626","kategori":"eczane","ad":"Taksim Can Eczanesi"}},{"type":"Feature","geometry":{"type":"Point","coordinates":[28.9885715,41.0308487]},"properties":{"osm_id":"node/4829213627","kategori":"eczane","ad":"İrem Eczanesi"}},{"type":"Feature","geometry":{"type":"Point","coordinates":[28.9885182,41.03212]},"properties":{"osm_id":"node/4829213628","kategori":"eczane","ad":"Kabataş Eczanesi"}},{"type":"Feature","geometry":{"type":"Point","coordinates":[28.9887615,41.0357395]},"properties":{"osm_id":"node/4829213629","kategori":"eczane","ad":"Gümüşsuyu Eczanesi"}},{"type":"Feature","geometry":{"type":"Point","coordinates":[28.9834717,41.035808]},"properties":{"osm_id":"node/4829213630","kategori":"eczane","ad":"Rebul 1895 Eczanesi"}},{"type":"Feature","geometry":{"type":"Point","coordinates":[28.9770238,41.0251487]},"properties":{"osm_id":"node/4829213722","kategori":"eczane","ad":"Elit Eczanesi"}},{"type":"Feature","geometry":{"type":"Point","coordinates":[28.9781521,41.0268081]},"properties":{"osm_id":"node/4829213723","kategori":"eczane","ad":"Ece Eczanesi"}},{"type":"Feature","geometry":{"type":"Point","coordinates":[28.9836326,41.0325704]},"properties":{"osm_id":"node/4829213725","kategori":"eczane","ad":"Taksim Şule Eczanesi"}},{"type":"Feature","geometry":{"type":"Point","coordinates":[28.9851031,41.0363034]},"properties":{"osm_id":"node/4829213726","kategori":"eczane","ad":"Itır Eczanesi"}},{"type":"Feature","geometry":{"type":"Point","coordinates":[28.9763139,41.0359197]},"properties":{"osm_id":"node/4829213727","kategori":"eczane","ad":"Hülya Eczanesi"}},{"type":"Feature","geometry":{"type":"Point","coordinates":[28.9795219,41.0401214]},"properties":{"osm_id":"node/4829213728","kategori":"eczane","ad":"Murat Eczanesi"}},{"type":"Feature","geometry":{"type":"Point","coordinates":[28.9912844,41.0366938]},"properties":{"osm_id":"node/4829213729","kategori":"eczane","ad":"Günay Eczanesi"}},{"type":"Feature","geometry":{"type":"Point","coordinates":[28.9620027,41.0345002]},"properties":{"osm_id":"node/4829213730","kategori":"eczane","ad":"Barbaros Eczanesi"}},{"type":"Feature","geometry":{"type":"Point","coordinates":[28.9737556,41.0260233]},"properties":{"osm_id":"node/4829218821","kategori":"eczane","ad":"Uğur Eczanesi"}},{"type":"Feature","geometry":{"type":"Point","coordinates":[28.9858787,41.0397883]},"properties":{"osm_id":"node/4829218822","kategori":"eczane","ad":"Yıldız Eczanesi"}},{"type":"Feature","geometry":{"type":"Point","coordinates":[28.991017,41.0369041]},"properties":{"osm_id":"node/4829218823","kategori":"eczane","ad":"İstanbul City Eczanesi"}},{"type":"Feature","geometry":{"type":"Point","coordinates":[28.9682043,41.0346971]},"properties":{"osm_id":"node/4829218824","kategori":"eczane","ad":"Gözde Eczanesi"}},{"type":"Feature","geometry":{"type":"Point","coordinates":[28.9669607,41.0344119]},"properties":{"osm_id":"node/4829218825","kategori":"eczane","ad":"Hilal Eczanesi"}},{"type":"Feature","geometry":{"type":"Point","coordinates":[28.9733534,41.0264137]},"properties":{"osm_id":"node/4829218921","kategori":"eczane","ad":"Kamer Eczanesi"}},{"type":"Feature","geometry":{"type":"Point","coordinates":[28.9854241,41.0329326]},"properties":{"osm_id":"node/4829218923","kategori":"eczane","ad":"Serpil Eczanesi"}},{"type":"Feature","geometry":{"type":"Point","coordinates":[28.9782392,41.0392635]},"properties":{"osm_id":"node/4829218924","kategori":"eczane","ad":"Yenişehir Eczanesi"}},{"type":"Feature","geometry":{"type":"Point","coordinates":[28.9789142,41.0400273]},"properties":{"osm_id":"node/4829218925","kategori":"eczane","ad":"Kutlay Eczanesi"}},{"type":"Feature","geometry":{"type":"Point","coordinates":[28.9817487,41.0411238]},"properties":{"osm_id":"node/4829218926","kategori":"eczane","ad":"Taksim Plus. Eczanesi"}},{"type":"Feature","geometry":{"type":"Point","coordinates":[28.989629,41.037164]},"properties":{"osm_id":"node/4829218927","kategori":"eczane","ad":"Miralay Eczanesi"}},{"type":"Feature","geometry":{"type":"Point","coordinates":[28.9642965,41.0340984]},"properties":{"osm_id":"node/4829218928","kategori":"eczane","ad":"Kasımpaşa İrem Eczanesi"}},{"type":"Feature","geometry":{"type":"Point","coordinates":[28.9657425,41.0341394]},"properties":{"osm_id":"node/4829218929","kategori":"eczane","ad":"Oguz Eczanesi"}},{"type":"Feature","geometry":{"type":"Point","coordinates":[28.9830235,41.030761]},"properties":{"osm_id":"node/4829219221","kategori":"eczane","ad":"Cihangir Nur Eczanesi"}},{"type":"Feature","geometry":{"type":"Point","coordinates":[28.990615,41.0366572]},"properties":{"osm_id":"node/4829219222","kategori":"eczane","ad":"Derman Eczanesi"}},{"type":"Feature","geometry":{"type":"Point","coordinates":[28.9806099,41.0347273]},"properties":{"osm_id":"node/4829219721","kategori":"eczane","ad":"Beyoğlu Eczanesi"}},{"type":"Feature","geometry":{"type":"Point","coordinates":[28.9772583,41.0362067]},"properties":{"osm_id":"node/4829219921","kategori":"eczane","ad":"Nuran Eczanesi"}},{"type":"Feature","geometry":{"type":"Point","coordinates":[29.1379253,40.9884178]},"properties":{"osm_id":"node/4831447322","kategori":"eczane","ad":"Botanik Eczanesi"}},{"type":"Feature","geometry":{"type":"Point","coordinates":[29.1354342,40.989433]},"properties":{"osm_id":"node/4831447323","kategori":"eczane","ad":"Olcay Eczanesi"}},{"type":"Feature","geometry":{"type":"Point","coordinates":[29.1626078,40.9070187]},"properties":{"osm_id":"node/4831447324","kategori":"eczane","ad":"Yaşam Eczanesi"}},{"type":"Feature","geometry":{"type":"Point","coordinates":[29.1780688,40.8980391]},"properties":{"osm_id":"node/4831447325","kategori":"eczane","ad":"Alaçayır Eczanesi"}},{"type":"Feature","geometry":{"type":"Point","coordinates":[29.1350965,40.9246687]},"properties":{"osm_id":"node/4831447326","kategori":"eczane","ad":"Can Şifa Eczanesi"}},{"type":"Feature","geometry":{"type":"Point","coordinates":[29.131599,40.9242471]},"properties":{"osm_id":"node/4831447327","kategori":"eczane","ad":"Sinan Eczanesi"}},{"type":"Feature","geometry":{"type":"Point","coordinates":[29.0282788,41.0030218]},"properties":{"osm_id":"node/4831447330","kategori":"eczane","ad":"Haydarpaşa Anadolu Eczanesi"}},{"type":"Feature","geometry":{"type":"Point","coordinates":[29.0386302,40.9946784]},"properties":{"osm_id":"node/4831447331","kategori":"eczane","ad":"Yeni Sağlık Eczanesi"}},{"type":"Feature","geometry":{"type":"Point","coordinates":[29.0308503,40.9933943]},"properties":{"osm_id":"node/4831447332","kategori":"eczane","ad":"Reva Eczanesi"}},{"type":"Feature","geometry":{"type":"Point","coordinates":[29.0293011,40.9950604]},"properties":{"osm_id":"node/4831447333","kategori":"eczane","ad":"Sokak Eczanesi"}},{"type":"Feature","geometry":{"type":"Point","coordinates":[29.0246962,40.9916974]},"properties":{"osm_id":"node/4831447334","kategori":"eczane","ad":"İskele Eczanesi"}},{"type":"Feature","geometry":{"type":"Point","coordinates":[29.029302,40.9908011]},"properties":{"osm_id":"node/4831447335","kategori":"eczane","ad":"Merkez Nur Eczanesi"}},{"type":"Feature","geometry":{"type":"Point","coordinates":[29.0290958,40.9891529]},"properties":{"osm_id":"node/4831447336","kategori":"eczane","ad":"Azim Eczanesi"}},{"type":"Feature","geometry":{"type":"Point","coordinates":[29.0588187,40.9693391]},"properties":{"osm_id":"node/4831447338","kategori":"eczane","ad":"Park Eczanesi"}},{"type":"Feature","geometry":{"type":"Point","coordinates":[29.064315,40.972486]},"properties":{"osm_id":"node/4831447339","kategori":"eczane","ad":"Gürsel Gülşen Eczanesi"}},{"type":"Feature","geometry":{"type":"Point","coordinates":[29.1775678,40.8988413]},"properties":{"osm_id":"node/4831447522","kategori":"eczane","ad":"Özlem Koçak Eczanesi"}},{"type":"Feature","geometry":{"type":"Point","coordinates":[29.1766675,40.9112505]},"properties":{"osm_id":"node/4831447523","kategori":"eczane","ad":"Su Eczanesi"}},{"type":"Feature","geometry":{"type":"Point","coordinates":[29.1731303,40.9123164]},"properties":{"osm_id":"node/4831447524","kategori":"eczane","ad":"Yekta Eczanesi"}},{"type":"Feature","geometry":{"type":"Point","coordinates":[29.0281658,41.0031702]},"properties":{"osm_id":"node/4831447525","kategori":"eczane","ad":"Yurt Eczanesi"}},{"type":"Feature","geometry":{"type":"Point","coordinates":[29.0404408,40.9947885]},"properties":{"osm_id":"node/4831447526","kategori":"eczane","ad":"Nurseli Eczanesi"}},{"type":"Feature","geometry":{"type":"Point","coordinates":[29.0644561,40.9711898]},"properties":{"osm_id":"node/4831447527","kategori":"eczane","ad":"Arcan Eczanesi"}},{"type":"Feature","geometry":{"type":"Point","coordinates":[29.0615724,40.972526]},"properties":{"osm_id":"node/4831447528","kategori":"eczane","ad":"Yenişehir Eczanesi"}},{"type":"Feature","geometry":{"type":"Point","coordinates":[29.0771069,40.9713108]},"properties":{"osm_id":"node/4831449922","kategori":"eczane","ad":"Aynur Eczanesi"}},{"type":"Feature","geometry":{"type":"Point","coordinates":[29.0780026,40.9716473]},"properties":{"osm_id":"node/4831449923","kategori":"eczane","ad":"Begonvil Eczanesi"}},{"type":"Feature","geometry":{"type":"Point","coordinates":[29.090449,40.9631667]},"properties":{"osm_id":"node/4831449926","kategori":"eczane","ad":"Çiğdem Gürsoy Eczanesi"}},{"type":"Feature","geometry":{"type":"Point","coordinates":[29.111206,40.9793091]},"properties":{"osm_id":"node/4831449927","kategori":"eczane","ad":"Gazi Eczanesi"}},{"type":"Feature","geometry":{"type":"Point","coordinates":[29.1318041,40.987295]},"properties":{"osm_id":"node/4831449929","kategori":"eczane","ad":"Ece Eczanesi"}},{"type":"Feature","geometry":{"type":"Point","coordinates":[29.1321802,40.9869079]},"properties":{"osm_id":"node/4831449930","kategori":"eczane","ad":"Yusuf Reyyhan Eczanesi"}},{"type":"Feature","geometry":{"type":"Point","coordinates":[29.1321241,40.9818393]},"properties":{"osm_id":"node/4831449931","kategori":"eczane","ad":"Brandium Eczanesi"}},{"type":"Feature","geometry":{"type":"Point","coordinates":[29.0996519,40.9860749]},"properties":{"osm_id":"node/4831449932","kategori":"eczane","ad":"Ataşehir Canan Eczanesi"}},{"type":"Feature","geometry":{"type":"Point","coordinates":[29.1537596,40.9108478]},"properties":{"osm_id":"node/4831449933","kategori":"eczane","ad":"Lütfiye Eczanesi"}},{"type":"Feature","geometry":{"type":"Point","coordinates":[29.1541938,40.9098463]},"properties":{"osm_id":"node/4831449934","kategori":"eczane","ad":"Eylül Eczanesi"}},{"type":"Feature","geometry":{"type":"Point","coordinates":[29.1730019,40.8964864]},"properties":{"osm_id":"node/4831449935","kategori":"eczane","ad":"Bahar Eczanesi"}},{"type":"Feature","geometry":{"type":"Point","coordinates":[29.1755979,40.9000832]},"properties":{"osm_id":"node/4831449936","kategori":"eczane","ad":"Yeni Atalar Eczanesi"}},{"type":"Feature","geometry":{"type":"Point","coordinates":[29.1864059,40.9038992]},"properties":{"osm_id":"node/4831449937","kategori":"eczane","ad":"Emre Eczanesi"}},{"type":"Feature","geometry":{"type":"Point","coordinates":[29.1627466,40.9095312]},"properties":{"osm_id":"node/4831449938","kategori":"eczane","ad":"Orhantepe Eczanesi"}},{"type":"Feature","geometry":{"type":"Point","coordinates":[29.1615629,40.909524]},"properties":{"osm_id":"node/4831449939","kategori":"eczane","ad":"Şen Eczanesi"}},{"type":"Feature","geometry":{"type":"Point","coordinates":[29.0310467,41.0029351]},"properties":{"osm_id":"node/4831449940","kategori":"eczane","ad":"Yeni Lilyum Eczanesi"}},{"type":"Feature","geometry":{"type":"Point","coordinates":[29.0350651,40.9983436]},"properties":{"osm_id":"node/4831449941","kategori":"eczane","ad":"Anadolu Eczanesi"}},{"type":"Feature","geometry":{"type":"Point","coordinates":[29.0412971,41.00104]},"properties":{"osm_id":"node/4831449942","kategori":"eczane","ad":"Hilal Eczanesi"}},{"type":"Feature","geometry":{"type":"Point","coordinates":[29.0437175,40.9953597]},"properties":{"osm_id":"node/4831449943","kategori":"eczane","ad":"Esra Eczanesi"}},{"type":"Feature","geometry":{"type":"Point","coordinates":[29.04491,40.9959624]},"properties":{"osm_id":"node/4831449944","kategori":"eczane","ad":"Köşk Eczanesi"}},{"type":"Feature","geometry":{"type":"Point","coordinates":[29.0486547,40.9959452]},"properties":{"osm_id":"node/4831449945","kategori":"eczane","ad":"Alpan Eczanesi"}},{"type":"Feature","geometry":{"type":"Point","coordinates":[29.0410136,40.9948089]},"properties":{"osm_id":"node/4831449946","kategori":"eczane","ad":"Hasanpaşa Eczanesi"}},{"type":"Feature","geometry":{"type":"Point","coordinates":[29.0337608,40.9951462]},"properties":{"osm_id":"node/4831449947","kategori":"eczane","ad":"Fazlıoğlu Eczanesi"}},{"type":"Feature","geometry":{"type":"Point","coordinates":[29.0355423,40.996464]},"properties":{"osm_id":"node/4831449948","kategori":"eczane","ad":"Nazif Çetin Eczanesi"}},{"type":"Feature","geometry":{"type":"Point","coordinates":[29.0254271,40.9926759]},"properties":{"osm_id":"node/4831449949","kategori":"eczane","ad":"Taner Eczanesi"}},{"type":"Feature","geometry":{"type":"Point","coordinates":[29.0248578,40.9952919]},"properties":{"osm_id":"node/4831449950","kategori":"eczane","ad":"Haydarpaşa Büyük Eczanesi"}},{"type":"Feature","geometry":{"type":"Point","coordinates":[29.0450931,40.9727364]},"properties":{"osm_id":"node/4831449951","kategori":"eczane","ad":"Melis Altınkaya Eczanesi"}},{"type":"Feature","geometry":{"type":"Point","coordinates":[29.0539393,40.9696115]},"properties":{"osm_id":"node/4831449952","kategori":"eczane","ad":"Şebnem Eczanesi"}},{"type":"Feature","geometry":{"type":"Point","coordinates":[29.06293,40.9706084]},"properties":{"osm_id":"node/4831449953","kategori":"eczane","ad":"Caddebostan Nar Eczanesi"}},{"type":"Feature","geometry":{"type":"Point","coordinates":[29.0639146,40.9696615]},"properties":{"osm_id":"node/4831449954","kategori":"eczane","ad":"Nilgün Eczanesi"}},{"type":"Feature","geometry":{"type":"Point","coordinates":[29.065421,40.9690357]},"properties":{"osm_id":"node/4831449956","kategori":"eczane","ad":"Eczane Caddebostan Plus"}},{"type":"Feature","geometry":{"type":"Point","coordinates":[29.0681565,40.9714861]},"properties":{"osm_id":"node/4831449957","kategori":"eczane","ad":"Ömerpaşa Eczanesi"}},{"type":"Feature","geometry":{"type":"Point","coordinates":[29.0740563,40.9726669]},"properties":{"osm_id":"node/4831449960","kategori":"eczane","ad":"Miray Eczanesi"}},{"type":"Feature","geometry":{"type":"Point","coordinates":[29.1336944,40.9260167]},"properties":{"osm_id":"node/4831449961","kategori":"eczane","ad":"Kübra Eczanesi"}},{"type":"Feature","geometry":{"type":"Point","coordinates":[29.0832877,40.9695081]},"properties":{"osm_id":"node/4831451824","kategori":"eczane","ad":"Atalay Eczanesi"}},{"type":"Feature","geometry":{"type":"Point","coordinates":[29.0913814,40.9638343]},"properties":{"osm_id":"node/4831451827","kategori":"eczane","ad":"Ferhan Eczanesi"}},{"type":"Feature","geometry":{"type":"Point","coordinates":[29.0967147,40.9675967]},"properties":{"osm_id":"node/4831451828","kategori":"eczane","ad":"Eczane Arzu"}},{"type":"Feature","geometry":{"type":"Point","coordinates":[29.1006095,40.9661885]},"properties":{"osm_id":"node/4831451829","kategori":"eczane","ad":"Bilge Eczanesi"}},{"type":"Feature","geometry":{"type":"Point","coordinates":[29.1001801,40.9664307]},"properties":{"osm_id":"node/4831451830","kategori":"eczane","ad":"Kristal Eczanesi"}},{"type":"Feature","geometry":{"type":"Point","coordinates":[29.1074562,40.9848427]},"properties":{"osm_id":"node/4831451831","kategori":"eczane","ad":"Ataşehir Plus Eczanesi"}},{"type":"Feature","geometry":{"type":"Point","coordinates":[29.1231286,40.9926717]},"properties":{"osm_id":"node/4831451832","kategori":"eczane","ad":"Ataşehir Bulvar Eczanesi"}},{"type":"Feature","geometry":{"type":"Point","coordinates":[29.1261531,40.9925292]},"properties":{"osm_id":"node/4831451833","kategori":"eczane","ad":"Ata Eczanesi"}},{"type":"Feature","geometry":{"type":"Point","coordinates":[29.1296783,40.9902058]},"properties":{"osm_id":"node/4831451834","kategori":"eczane","ad":"Polen Eczanesi"}},{"type":"Feature","geometry":{"type":"Point","coordinates":[29.1426199,40.983654]},"properties":{"osm_id":"node/4831451835","kategori":"eczane","ad":"İstanbul Eczanesi"}},{"type":"Feature","geometry":{"type":"Point","coordinates":[29.1427755,40.9813412]},"properties":{"osm_id":"node/4831451836","kategori":"eczane","ad":"Eren Eczanesi"}},{"type":"Feature","geometry":{"type":"Point","coordinates":[29.1467107,40.9771041]},"properties":{"osm_id":"node/4831451837","kategori":"eczane","ad":"Yeditepe Eczanesi"}},{"type":"Feature","geometry":{"type":"Point","coordinates":[29.135627,40.9899572]},"properties":{"osm_id":"node/4831451838","kategori":"eczane","ad":"Gurur Eczanesi"}},{"type":"Feature","geometry":{"type":"Point","coordinates":[29.1022389,40.9890744]},"properties":{"osm_id":"node/4831451839","kategori":"eczane","ad":"Boncuk Eczanesi"}},{"type":"Feature","geometry":{"type":"Point","coordinates":[29.1019633,40.9893782]},"properties":{"osm_id":"node/4831451840","kategori":"eczane","ad":"Hakan Eczanesi"}},{"type":"Feature","geometry":{"type":"Point","coordinates":[29.0995191,40.9855571]},"properties":{"osm_id":"node/4831451841","kategori":"eczane","ad":"Palladium Eczanesi"}},{"type":"Feature","geometry":{"type":"Point","coordinates":[29.1628634,40.9336213]},"properties":{"osm_id":"node/4831451842","kategori":"eczane","ad":"Reha Eczanesi"}},{"type":"Feature","geometry":{"type":"Point","coordinates":[29.1565136,40.9285449]},"properties":{"osm_id":"node/4831451843","kategori":"eczane","ad":"Aysel Eczanesi"}},{"type":"Feature","geometry":{"type":"Point","coordinates":[29.1578319,40.9278746]},"properties":{"osm_id":"node/4831451844","kategori":"eczane","ad":"Gülsuyu Eczanesi"}},{"type":"Feature","geometry":{"type":"Point","coordinates":[29.1574061,40.9279858]},"properties":{"osm_id":"node/4831451845","kategori":"eczane","ad":"Seda Eczanesi"}},{"type":"Feature","geometry":{"type":"Point","coordinates":[29.1532007,40.9226818]},"properties":{"osm_id":"node/4831451846","kategori":"eczane","ad":"Maltepe Çevre Eczanesi"}},{"type":"Feature","geometry":{"type":"Point","coordinates":[29.1540025,40.9199459]},"properties":{"osm_id":"node/4831451847","kategori":"eczane","ad":"Ayberk Eczanesi"}},{"type":"Feature","geometry":{"type":"Point","coordinates":[29.1712927,40.8979082]},"properties":{"osm_id":"node/4831451848","kategori":"eczane","ad":"Beyazköşk Eczanesi"}},{"type":"Feature","geometry":{"type":"Point","coordinates":[29.1726424,40.9124016]},"properties":{"osm_id":"node/4831451850","kategori":"eczane","ad":"Gündoğdu Eczanesi"}},{"type":"Feature","geometry":{"type":"Point","coordinates":[29.16861,40.9107964]},"properties":{"osm_id":"node/4831451851","kategori":"eczane","ad":"İncir Eczanesi"}},{"type":"Feature","geometry":{"type":"Point","coordinates":[29.1645624,40.9094168]},"properties":{"osm_id":"node/4831451852","kategori":"eczane","ad":"Onur Eczanesi"}},{"type":"Feature","geometry":{"type":"Point","coordinates":[29.1603944,40.9080674]},"properties":{"osm_id":"node/4831451853","kategori":"eczane","ad":"Merkez Eczanesi"}},{"type":"Feature","geometry":{"type":"Point","coordinates":[29.1331335,40.9245011]},"properties":{"osm_id":"node/4831451854","kategori":"eczane","ad":"Öykü Eczanesi"}},{"type":"Feature","geometry":{"type":"Point","coordinates":[29.1009585,40.9664286]},"properties":{"osm_id":"node/4831459023","kategori":"eczane","ad":"Simin Eczanesi"}},{"type":"Feature","geometry":{"type":"Point","coordinates":[29.0997745,40.9666301]},"properties":{"osm_id":"node/4831459024","kategori":"eczane","ad":"Canan Odabaşı Eczanesi"}},{"type":"Feature","geometry":{"type":"Point","coordinates":[29.1123031,40.9807499]},"properties":{"osm_id":"node/4831459025","kategori":"eczane","ad":"Lokman Eczanesi"}},{"type":"Feature","geometry":{"type":"Point","coordinates":[29.1042316,40.9805547]},"properties":{"osm_id":"node/4831459026","kategori":"eczane","ad":"Flora Eczanesi"}},{"type":"Feature","geometry":{"type":"Point","coordinates":[29.1186931,40.9919993]},"properties":{"osm_id":"node/4831459027","kategori":"eczane","ad":"Zehra Eczanesi"}},{"type":"Feature","geometry":{"type":"Point","coordinates":[29.1216862,40.992498]},"properties":{"osm_id":"node/4831459028","kategori":"eczane","ad":"Melissa Eczanesi"}},{"type":"Feature","geometry":{"type":"Point","coordinates":[29.1104269,40.9947008]},"properties":{"osm_id":"node/4831459029","kategori":"eczane","ad":"Bulvar 216 Eczanesi"}},{"type":"Feature","geometry":{"type":"Point","coordinates":[29.154037,40.9227054]},"properties":{"osm_id":"node/4831459030","kategori":"eczane","ad":"Su Pulus Eczanesi"}},{"type":"Feature","geometry":{"type":"Point","coordinates":[29.1544017,40.9196859]},"properties":{"osm_id":"node/4831459031","kategori":"eczane","ad":"Yavuzcan Eczanesi"}},{"type":"Feature","geometry":{"type":"Point","coordinates":[29.1630635,40.9040039]},"properties":{"osm_id":"node/4831459032","kategori":"eczane","ad":"Ekim Eczanesi"}},{"type":"Feature","geometry":{"type":"Point","coordinates":[29.1605956,40.9041695]},"properties":{"osm_id":"node/4831459033","kategori":"eczane","ad":"Turhan Eczanesi"}},{"type":"Feature","geometry":{"type":"Point","coordinates":[29.1667315,40.8983581]},"properties":{"osm_id":"node/4831459034","kategori":"eczane","ad":"Cansu Eczanesi"}},{"type":"Feature","geometry":{"type":"Point","coordinates":[29.1703719,40.8987112]},"properties":{"osm_id":"node/4831459035","kategori":"eczane","ad":"Rahmanlar Şifa Eczanesi"}},{"type":"Feature","geometry":{"type":"Point","coordinates":[29.1856918,40.903193]},"properties":{"osm_id":"node/4831459037","kategori":"eczane","ad":"Adıgüzel Eczanesi"}},{"type":"Feature","geometry":{"type":"Point","coordinates":[29.1735897,40.9124105]},"properties":{"osm_id":"node/4831459039","kategori":"eczane","ad":"Cevizli Eczanesi"}},{"type":"Feature","geometry":{"type":"Point","coordinates":[29.1682739,40.9110751]},"properties":{"osm_id":"node/4831459040","kategori":"eczane","ad":"Aydın Eczanesi"}},{"type":"Feature","geometry":{"type":"Point","coordinates":[29.0375158,41.0010337]},"properties":{"osm_id":"node/4831459044","kategori":"eczane","ad":"Çiçek Acıbadem Eczanesi"}},{"type":"Feature","geometry":{"type":"Point","coordinates":[29.0433702,40.9983739]},"properties":{"osm_id":"node/4831459045","kategori":"eczane","ad":"Şermin Eczanesi"}},{"type":"Feature","geometry":{"type":"Point","coordinates":[29.0426814,40.9971378]},"properties":{"osm_id":"node/4831459046","kategori":"eczane","ad":"Şebnem Eczanesi"}},{"type":"Feature","geometry":{"type":"Point","coordinates":[29.0365229,40.9939566]},"properties":{"osm_id":"node/4831459047","kategori":"eczane","ad":"Güneysu Eczanesi"}},{"type":"Feature","geometry":{"type":"Point","coordinates":[29.0344309,40.9953903]},"properties":{"osm_id":"node/4831459048","kategori":"eczane","ad":"Sina Eczanesi"}},{"type":"Feature","geometry":{"type":"Point","coordinates":[29.0388157,40.9985271]},"properties":{"osm_id":"node/4831459049","kategori":"eczane","ad":"Yeni Umut Eczanesi"}},{"type":"Feature","geometry":{"type":"Point","coordinates":[29.025021,40.99476]},"properties":{"osm_id":"node/4831459051","kategori":"eczane","ad":"Ocak Eczanesi"}},{"type":"Feature","geometry":{"type":"Point","coordinates":[29.0248411,40.9955047]},"properties":{"osm_id":"node/4831459052","kategori":"eczane","ad":"Gülhane Eczanesi"}},{"type":"Feature","geometry":{"type":"Point","coordinates":[29.0251595,40.996225]},"properties":{"osm_id":"node/4831459053","kategori":"eczane","ad":"Akademi Eczanesi"}},{"type":"Feature","geometry":{"type":"Point","coordinates":[29.0269347,40.9908282]},"properties":{"osm_id":"node/4831459054","kategori":"eczane","ad":"Çarşı Zırhlıoğlu Eczanesi"}},{"type":"Feature","geometry":{"type":"Point","coordinates":[29.0281696,40.9905136]},"properties":{"osm_id":"node/4831459056","kategori":"eczane","ad":"Eczane Zeplin"}},{"type":"Feature","geometry":{"type":"Point","coordinates":[29.0281494,40.9881954]},"properties":{"osm_id":"node/4831459057","kategori":"eczane","ad":"Senur Eczanesi"}},{"type":"Feature","geometry":{"type":"Point","coordinates":[29.0280183,40.9873149]},"properties":{"osm_id":"node/4831459058","kategori":"eczane","ad":"Eczane Bahariye"}},{"type":"Feature","geometry":{"type":"Point","coordinates":[29.0455604,40.9733768]},"properties":{"osm_id":"node/4831459060","kategori":"eczane","ad":"Çağlar Eczanesi"}},{"type":"Feature","geometry":{"type":"Point","coordinates":[29.0467782,40.9739228]},"properties":{"osm_id":"node/4831459061","kategori":"eczane","ad":"Dalyan Eczanesi"}},{"type":"Feature","geometry":{"type":"Point","coordinates":[29.0650084,40.9684286]},"properties":{"osm_id":"node/4831459063","kategori":"eczane","ad":"Su Eczanesi"}},{"type":"Feature","geometry":{"type":"Point","coordinates":[29.066455,40.969676]},"properties":{"osm_id":"node/4831459064","kategori":"eczane","ad":"Gaye Eczanesi"}},{"type":"Feature","geometry":{"type":"Point","coordinates":[29.0689069,40.9727903]},"properties":{"osm_id":"node/4831459065","kategori":"eczane","ad":"Onur 83 Eczanesi"}},{"type":"Feature","geometry":{"type":"Point","coordinates":[29.0619843,40.9724835]},"properties":{"osm_id":"node/4831459066","kategori":"eczane","ad":"Cumhuriyet Eczanesi"}},{"type":"Feature","geometry":{"type":"Point","coordinates":[29.0748143,40.9728139]},"properties":{"osm_id":"node/4831459067","kategori":"eczane","ad":"Gelincik Eczanesi"}},{"type":"Feature","geometry":{"type":"Point","coordinates":[29.0755142,40.9711245]},"properties":{"osm_id":"node/4831459068","kategori":"eczane","ad":"Yalvaç Eczanesi"}},{"type":"Feature","geometry":{"type":"Point","coordinates":[29.1536856,40.9170902]},"properties":{"osm_id":"node/4831470921","kategori":"eczane","ad":"Zuhal Eczanesi"}},{"type":"Feature","geometry":{"type":"Point","coordinates":[29.1817533,40.9075602]},"properties":{"osm_id":"node/4831470922","kategori":"eczane","ad":"Lavanta Eczanesi"}},{"type":"Feature","geometry":{"type":"Point","coordinates":[29.0422512,40.996956]},"properties":{"osm_id":"node/4831470923","kategori":"eczane","ad":"Filiz Duman Eczanesi"}},{"type":"Feature","geometry":{"type":"Point","coordinates":[29.0299693,40.99392]},"properties":{"osm_id":"node/4831470925","kategori":"eczane","ad":"Halk Eczanesi"}},{"type":"Feature","geometry":{"type":"Point","coordinates":[29.0250809,40.9933972]},"properties":{"osm_id":"node/4831470926","kategori":"eczane","ad":"Emek Eczanesi"}},{"type":"Feature","geometry":{"type":"Point","coordinates":[29.0442227,40.970812]},"properties":{"osm_id":"node/4831470927","kategori":"eczane","ad":"Yelken Eczanesi"}},{"type":"Feature","geometry":{"type":"Point","coordinates":[29.160378,40.9072736]},"properties":{"osm_id":"node/4831471021","kategori":"eczane","ad":"Tamirhane Eczanesi"}},{"type":"Feature","geometry":{"type":"Point","coordinates":[29.3567251,40.8276729]},"properties":{"osm_id":"node/4833139937","kategori":"eczane","ad":"Yeni Şifa Eczanesi"}},{"type":"Feature","geometry":{"type":"Point","coordinates":[29.3568608,40.8271407]},"properties":{"osm_id":"node/4833139938","kategori":"eczane","ad":"Burcu Eczanesi"}},{"type":"Feature","geometry":{"type":"Point","coordinates":[29.3173464,40.8279538]},"properties":{"osm_id":"node/4833139939","kategori":"eczane","ad":"Çiçekçiler Eczanesi"}},{"type":"Feature","geometry":{"type":"Point","coordinates":[29.3022048,40.8178567]},"properties":{"osm_id":"node/4833139940","kategori":"eczane","ad":"Hilal Eczanesi"}},{"type":"Feature","geometry":{"type":"Point","coordinates":[29.3031671,40.8159104]},"properties":{"osm_id":"node/4833139941","kategori":"eczane","ad":"Tuzla Eczanesi"}},{"type":"Feature","geometry":{"type":"Point","coordinates":[29.3010479,40.9143172]},"properties":{"osm_id":"node/4833139942","kategori":"eczane","ad":"Dilek Eczanesi"}},{"type":"Feature","geometry":{"type":"Point","coordinates":[29.3014168,40.9144332]},"properties":{"osm_id":"node/4833139943","kategori":"eczane","ad":"Kurtköy Eczanesi"}},{"type":"Feature","geometry":{"type":"Point","coordinates":[29.2854416,40.9059516]},"properties":{"osm_id":"node/4833139944","kategori":"eczane","ad":"Engin Şeyhli Eczanesi"}},{"type":"Feature","geometry":{"type":"Point","coordinates":[29.2837855,40.9121257]},"properties":{"osm_id":"node/4833139945","kategori":"eczane","ad":"Gül Eczanesi"}},{"type":"Feature","geometry":{"type":"Point","coordinates":[29.2797037,40.9157423]},"properties":{"osm_id":"node/4833139946","kategori":"eczane","ad":"Koluman Eczanesi"}},{"type":"Feature","geometry":{"type":"Point","coordinates":[29.2779958,40.9137444]},"properties":{"osm_id":"node/4833139947","kategori":"eczane","ad":"Şirin Eczanesi"}},{"type":"Feature","geometry":{"type":"Point","coordinates":[29.3022401,40.9415016]},"properties":{"osm_id":"node/4833139949","kategori":"eczane","ad":"Neslihan Erol Eczanesi"}},{"type":"Feature","geometry":{"type":"Point","coordinates":[29.2937607,40.9379367]},"properties":{"osm_id":"node/4833139950","kategori":"eczane","ad":"Yağmur Eczanesi"}},{"type":"Feature","geometry":{"type":"Point","coordinates":[29.2772252,40.9455045]},"properties":{"osm_id":"node/4833139951","kategori":"eczane","ad":"Yavuz Selim Eczanesi"}},{"type":"Feature","geometry":{"type":"Point","coordinates":[29.2773545,40.9448112]},"properties":{"osm_id":"node/4833139952","kategori":"eczane","ad":"Gökmen Eczanesi"}},{"type":"Feature","geometry":{"type":"Point","coordinates":[29.1667286,41.0089092]},"properties":{"osm_id":"node/4833139953","kategori":"eczane","ad":"Gönen Eczanesi"}},{"type":"Feature","geometry":{"type":"Point","coordinates":[29.1675479,41.0093651]},"properties":{"osm_id":"node/4833139955","kategori":"eczane","ad":"Esenşehir Eczanesi"}},{"type":"Feature","geometry":{"type":"Point","coordinates":[29.1624759,41.0166017]},"properties":{"osm_id":"node/4833139956","kategori":"eczane","ad":"Pazarbaşı Eczanesi"}},{"type":"Feature","geometry":{"type":"Point","coordinates":[29.1681754,41.0218075]},"properties":{"osm_id":"node/4833139957","kategori":"eczane","ad":"Çiğdem Eczanesi"}},{"type":"Feature","geometry":{"type":"Point","coordinates":[29.1760912,41.028525]},"properties":{"osm_id":"node/4833139958","kategori":"eczane","ad":"Doğa Eczanesi"}},{"type":"Feature","geometry":{"type":"Point","coordinates":[29.321378,40.8294073]},"properties":{"osm_id":"node/4833141424","kategori":"eczane","ad":"Yeni Şifam Eczanesi"}},{"type":"Feature","geometry":{"type":"Point","coordinates":[29.3087802,40.8211133]},"properties":{"osm_id":"node/4833141425","kategori":"eczane","ad":"Halk Eczanesi"}},{"type":"Feature","geometry":{"type":"Point","coordinates":[29.3064036,40.8191327]},"properties":{"osm_id":"node/4833141426","kategori":"eczane","ad":"Handan Eczanesi"}},{"type":"Feature","geometry":{"type":"Point","coordinates":[29.3045022,40.8175993]},"properties":{"osm_id":"node/4833141427","kategori":"eczane","ad":"Mercan Eczanesi"}},{"type":"Feature","geometry":{"type":"Point","coordinates":[29.303434,40.8176828]},"properties":{"osm_id":"node/4833141428","kategori":"eczane","ad":"Damla Eczanesi"}},{"type":"Feature","geometry":{"type":"Point","coordinates":[29.3032779,40.8160799]},"properties":{"osm_id":"node/4833141429","kategori":"eczane","ad":"Sevgi Eczanesi"}},{"type":"Feature","geometry":{"type":"Point","coordinates":[29.2250062,40.883798]},"properties":{"osm_id":"node/4833141430","kategori":"eczane","ad":"Sapanbağları Eczanesi"}},{"type":"Feature","geometry":{"type":"Point","coordinates":[29.2262083,40.8851139]},"properties":{"osm_id":"node/4833141431","kategori":"eczane","ad":"Süreyyapaşa Eczanesi"}},{"type":"Feature","geometry":{"type":"Point","coordinates":[29.2238157,40.8850131]},"properties":{"osm_id":"node/4833141432","kategori":"eczane","ad":"Gülek Eczanesi"}},{"type":"Feature","geometry":{"type":"Point","coordinates":[29.3006582,40.9138469]},"properties":{"osm_id":"node/4833141434","kategori":"eczane","ad":"Avşarer Eczanesi"}},{"type":"Feature","geometry":{"type":"Point","coordinates":[29.3006816,40.9141486]},"properties":{"osm_id":"node/4833141435","kategori":"eczane","ad":"Fulya Eczanesi"}},{"type":"Feature","geometry":{"type":"Point","coordinates":[29.3001674,40.9108137]},"properties":{"osm_id":"node/4833141436","kategori":"eczane","ad":"Yeni Kerem Eczanesi"}},{"type":"Feature","geometry":{"type":"Point","coordinates":[29.2845169,40.9067841]},"properties":{"osm_id":"node/4833141437","kategori":"eczane","ad":"Gölebeyi Eczanesi"}},{"type":"Feature","geometry":{"type":"Point","coordinates":[29.2830352,40.9142961]},"properties":{"osm_id":"node/4833141438","kategori":"eczane","ad":"Özkan Eczanesi"}},{"type":"Feature","geometry":{"type":"Point","coordinates":[29.3079383,40.9273423]},"properties":{"osm_id":"node/4833141439","kategori":"eczane","ad":"Merkez Çarşı Eczanesi"}},{"type":"Feature","geometry":{"type":"Point","coordinates":[29.2745567,40.8967453]},"properties":{"osm_id":"node/4833141440","kategori":"eczane","ad":"Pınar Eczanesi"}},{"type":"Feature","geometry":{"type":"Point","coordinates":[29.2463214,40.9903466]},"properties":{"osm_id":"node/4833141441","kategori":"eczane","ad":"Osmangazi Eczanesi"}},{"type":"Feature","geometry":{"type":"Point","coordinates":[29.1878595,41.0157311]},"properties":{"osm_id":"node/4833141442","kategori":"eczane","ad":"Eser Eczanesi"}},{"type":"Feature","geometry":{"type":"Point","coordinates":[29.1877989,41.0161247]},"properties":{"osm_id":"node/4833141443","kategori":"eczane","ad":"Uğurlu Eczanesi"}},{"type":"Feature","geometry":{"type":"Point","coordinates":[29.1761089,41.0369378]},"properties":{"osm_id":"node/4833141444","kategori":"eczane","ad":"Kaya Eczanesi"}},{"type":"Feature","geometry":{"type":"Point","coordinates":[29.1771302,41.0327533]},"properties":{"osm_id":"node/4833141445","kategori":"eczane","ad":"Komşum Eczanesi"}},{"type":"Feature","geometry":{"type":"Point","coordinates":[29.3613532,40.8339037]},"properties":{"osm_id":"node/4833166321","kategori":"eczane","ad":"Nur Eda Eczanesi"}},{"type":"Feature","geometry":{"type":"Point","coordinates":[29.3025117,40.9076344]},"properties":{"osm_id":"node/4833166324","kategori":"eczane","ad":"Sedat Eczanesi"}},{"type":"Feature","geometry":{"type":"Point","coordinates":[29.2857842,40.9057754]},"properties":{"osm_id":"node/4833166325","kategori":"eczane","ad":"Zafer Eczanesi"}},{"type":"Feature","geometry":{"type":"Point","coordinates":[29.2830774,40.9141341]},"properties":{"osm_id":"node/4833166326","kategori":"eczane","ad":"Kardelen Eczanesi"}},{"type":"Feature","geometry":{"type":"Point","coordinates":[29.30771,40.9276244]},"properties":{"osm_id":"node/4833166327","kategori":"eczane","ad":"Önem Eczanesi"}},{"type":"Feature","geometry":{"type":"Point","coordinates":[29.1913153,41.0275445]},"properties":{"osm_id":"node/4833166329","kategori":"eczane","ad":"Ataman Eczanesi"}},{"type":"Feature","geometry":{"type":"Point","coordinates":[29.1623106,41.0162465]},"properties":{"osm_id":"node/4833166330","kategori":"eczane","ad":"Yağmur Eczanesi"}},{"type":"Feature","geometry":{"type":"Point","coordinates":[29.1616646,41.0164522]},"properties":{"osm_id":"node/4833166331","kategori":"eczane","ad":"Dudullu Eczanesi"}},{"type":"Feature","geometry":{"type":"Point","coordinates":[29.1738708,41.0304851]},"properties":{"osm_id":"node/4833166332","kategori":"eczane","ad":"İlksin Eczanesi"}},{"type":"Feature","geometry":{"type":"Point","coordinates":[29.1812756,41.032886]},"properties":{"osm_id":"node/4833166333","kategori":"eczane","ad":"Ada Eczanesi"}},{"type":"Feature","geometry":{"type":"Point","coordinates":[29.3550656,40.828759]},"properties":{"osm_id":"node/4833166421","kategori":"eczane","ad":"Şifa Eczanesi"}},{"type":"Feature","geometry":{"type":"Point","coordinates":[29.3203778,40.8297514]},"properties":{"osm_id":"node/4833166422","kategori":"eczane","ad":"Tuzla İstasyon Eczanesi"}},{"type":"Feature","geometry":{"type":"Point","coordinates":[29.3085949,40.8209802]},"properties":{"osm_id":"node/4833166424","kategori":"eczane","ad":"Acar Eczanesi"}},{"type":"Feature","geometry":{"type":"Point","coordinates":[29.2945898,40.9230697]},"properties":{"osm_id":"node/4833166425","kategori":"eczane","ad":"Duru Eczanesi"}},{"type":"Feature","geometry":{"type":"Point","coordinates":[29.2972203,40.9109289]},"properties":{"osm_id":"node/4833166426","kategori":"eczane","ad":"Günebakan Eczanesi"}},{"type":"Feature","geometry":{"type":"Point","coordinates":[29.2309929,40.9710022]},"properties":{"osm_id":"node/4833166427","kategori":"eczane","ad":"Malkoçoğlu Eczanesi"}},{"type":"Feature","geometry":{"type":"Point","coordinates":[29.2314824,40.9715471]},"properties":{"osm_id":"node/4833166428","kategori":"eczane","ad":"Doğan Eczanesi"}},{"type":"Feature","geometry":{"type":"Point","coordinates":[29.1644394,41.009981]},"properties":{"osm_id":"node/4833166429","kategori":"eczane","ad":"Özge Eczanesi"}},{"type":"Feature","geometry":{"type":"Point","coordinates":[29.3106734,40.8255245]},"properties":{"osm_id":"node/4833166921","kategori":"eczane","ad":"Vural Eczanesi"}},{"type":"Feature","geometry":{"type":"Point","coordinates":[29.3097074,40.9284013]},"properties":{"osm_id":"node/4833166922","kategori":"eczane","ad":"Atlantis Eczanesi"}},{"type":"Feature","geometry":{"type":"Point","coordinates":[29.2990648,40.9136491]},"properties":{"osm_id":"node/4833167121","kategori":"eczane","ad":"Bilgin Eczanesi"}},{"type":"Feature","geometry":{"type":"Point","coordinates":[29.1611709,41.0022067]},"properties":{"osm_id":"node/4833168521","kategori":"eczane","ad":"İmes Eczanesi"}},{"type":"Feature","geometry":{"type":"Point","coordinates":[29.1699714,40.9157912]},"properties":{"osm_id":"node/4833923722","kategori":"eczane","ad":"Vatan Eczanesi"}},{"type":"Feature","geometry":{"type":"Point","coordinates":[29.1699511,40.915653]},"properties":{"osm_id":"node/4833923723","kategori":"eczane","ad":"Denizar Eczanesi"}},{"type":"Feature","geometry":{"type":"Point","coordinates":[29.1371126,40.9992984]},"properties":{"osm_id":"node/4833923724","kategori":"eczane","ad":"Aslı Eczanesi"}},{"type":"Feature","geometry":{"type":"Point","coordinates":[29.1173102,41.0076755]},"properties":{"osm_id":"node/4833923725","kategori":"eczane","ad":"Soyak Yenişehir Eczanesi"}},{"type":"Feature","geometry":{"type":"Point","coordinates":[29.1155255,41.0178374]},"properties":{"osm_id":"node/4833923726","kategori":"eczane","ad":"Şifa Eczanesi"}},{"type":"Feature","geometry":{"type":"Point","coordinates":[29.1202211,41.0219703]},"properties":{"osm_id":"node/4833923727","kategori":"eczane","ad":"Behice Eczanesi"}},{"type":"Feature","geometry":{"type":"Point","coordinates":[29.125935,41.0191657]},"properties":{"osm_id":"node/4833923728","kategori":"eczane","ad":"Okyanus Eczanesi"}},{"type":"Feature","geometry":{"type":"Point","coordinates":[29.1335635,41.017845]},"properties":{"osm_id":"node/4833923730","kategori":"eczane","ad":"Nihal Eczanesi"}},{"type":"Feature","geometry":{"type":"Point","coordinates":[29.1355293,41.016792]},"properties":{"osm_id":"node/4833923731","kategori":"eczane","ad":"Yeşilmen Eczanesi"}},{"type":"Feature","geometry":{"type":"Point","coordinates":[29.1365373,41.0175256]},"properties":{"osm_id":"node/4833923732","kategori":"eczane","ad":"Yeni Ihlamur Eczanesi"}},{"type":"Feature","geometry":{"type":"Point","coordinates":[29.137411,41.0184151]},"properties":{"osm_id":"node/4833923733","kategori":"eczane","ad":"Ihlamur Eczanesi"}},{"type":"Feature","geometry":{"type":"Point","coordinates":[29.1382578,41.0175899]},"properties":{"osm_id":"node/4833923734","kategori":"eczane","ad":"Elif Eczanesi"}},{"type":"Feature","geometry":{"type":"Point","coordinates":[29.1629982,40.9193769]},"properties":{"osm_id":"node/4833930322","kategori":"eczane","ad":"Tijen Eczanesi"}},{"type":"Feature","geometry":{"type":"Point","coordinates":[29.1698614,40.9158307]},"properties":{"osm_id":"node/4833930323","kategori":"eczane","ad":"Gökberk Eczanesi"}},{"type":"Feature","geometry":{"type":"Point","coordinates":[29.1674735,40.9138052]},"properties":{"osm_id":"node/4833930324","kategori":"eczane","ad":"Şahin Eczanesi"}},{"type":"Feature","geometry":{"type":"Point","coordinates":[29.167541,40.913893]},"properties":{"osm_id":"node/4833930325","kategori":"eczane","ad":"Arzum Eczanesi"}},{"type":"Feature","geometry":{"type":"Point","coordinates":[29.1402871,40.9940236]},"properties":{"osm_id":"node/4833930326","kategori":"eczane","ad":"Arı Eczanesi"}},{"type":"Feature","geometry":{"type":"Point","coordinates":[29.1377895,40.9987629]},"properties":{"osm_id":"node/4833930327","kategori":"eczane","ad":"Tatlısu Eczanesi"}},{"type":"Feature","geometry":{"type":"Point","coordinates":[29.1274701,41.0044897]},"properties":{"osm_id":"node/4833930328","kategori":"eczane","ad":"Boncuk Eczanesi"}},{"type":"Feature","geometry":{"type":"Point","coordinates":[29.167926,40.9221865]},"properties":{"osm_id":"node/4833936421","kategori":"eczane","ad":"Uğur Eczanesi"}},{"type":"Feature","geometry":{"type":"Point","coordinates":[29.1699424,40.9157148]},"properties":{"osm_id":"node/4833936422","kategori":"eczane","ad":"Erzincan Tiryaki Eczanesi"}},{"type":"Feature","geometry":{"type":"Point","coordinates":[29.1375918,40.9939755]},"properties":{"osm_id":"node/4833936423","kategori":"eczane","ad":"Umut Eczanesi"}},{"type":"Feature","geometry":{"type":"Point","coordinates":[29.1296748,41.0027253]},"properties":{"osm_id":"node/4833936424","kategori":"eczane","ad":"Segah Eczanesi"}},{"type":"Feature","geometry":{"type":"Point","coordinates":[29.1265453,41.008796]},"properties":{"osm_id":"node/4833936425","kategori":"eczane","ad":"Melisa Eczanesi"}},{"type":"Feature","geometry":{"type":"Point","coordinates":[29.1260864,41.0077164]},"properties":{"osm_id":"node/4833936426","kategori":"eczane","ad":"Erdem Eczanesi"}},{"type":"Feature","geometry":{"type":"Point","coordinates":[29.1262026,41.007841]},"properties":{"osm_id":"node/4833936427","kategori":"eczane","ad":"Doğuş Eczanesi"}},{"type":"Feature","geometry":{"type":"Point","coordinates":[29.1240135,41.0004522]},"properties":{"osm_id":"node/4833936428","kategori":"eczane","ad":"İpek Eczanesi"}},{"type":"Feature","geometry":{"type":"Point","coordinates":[29.114471,41.0141013]},"properties":{"osm_id":"node/4833936429","kategori":"eczane","ad":"Aydın Tonak Eczanesi"}},{"type":"Feature","geometry":{"type":"Point","coordinates":[29.1152939,41.0189304]},"properties":{"osm_id":"node/4833936430","kategori":"eczane","ad":"Volkan Eczanesi"}},{"type":"Feature","geometry":{"type":"Point","coordinates":[29.1176136,41.0209944]},"properties":{"osm_id":"node/4833936431","kategori":"eczane","ad":"Derya Eczanesi"}},{"type":"Feature","geometry":{"type":"Point","coordinates":[29.1194921,41.0204176]},"properties":{"osm_id":"node/4833936432","kategori":"eczane","ad":"Ümraniye Ada Eczanesi"}},{"type":"Feature","geometry":{"type":"Point","coordinates":[29.1201356,41.0215245]},"properties":{"osm_id":"node/4833936433","kategori":"eczane","ad":"Yıldız Eczanesi"}},{"type":"Feature","geometry":{"type":"Point","coordinates":[29.1269278,41.0168345]},"properties":{"osm_id":"node/4833936434","kategori":"eczane","ad":"Rengin Eczanesi"}},{"type":"Feature","geometry":{"type":"Point","coordinates":[29.124423,41.0146148]},"properties":{"osm_id":"node/4833936436","kategori":"eczane","ad":"Edibe Eczanesi"}},{"type":"Feature","geometry":{"type":"Point","coordinates":[29.1380775,41.0175725]},"properties":{"osm_id":"node/4833936437","kategori":"eczane","ad":"Mavera Eczanesi"}},{"type":"Feature","geometry":{"type":"Point","coordinates":[29.1676161,40.9219602]},"properties":{"osm_id":"node/4833936721","kategori":"eczane","ad":"Emin Eczanesi"}},{"type":"Feature","geometry":{"type":"Point","coordinates":[29.1673391,40.9136049]},"properties":{"osm_id":"node/4833936722","kategori":"eczane","ad":"Yıldız Eczanesi"}},{"type":"Feature","geometry":{"type":"Point","coordinates":[29.1164791,41.0179024]},"properties":{"osm_id":"node/4833936723","kategori":"eczane","ad":"Tümer Eczanesi"}},{"type":"Feature","geometry":{"type":"Point","coordinates":[29.1156339,41.0184214]},"properties":{"osm_id":"node/4833936724","kategori":"eczane","ad":"Cansu Eczanesi"}},{"type":"Feature","geometry":{"type":"Point","coordinates":[29.1168797,41.0210245]},"properties":{"osm_id":"node/4833936725","kategori":"eczane","ad":"Kısmet Eczanesi"}},{"type":"Feature","geometry":{"type":"Point","coordinates":[29.1237857,41.0204738]},"properties":{"osm_id":"node/4833936726","kategori":"eczane","ad":"Yaşam Eczanesi"}},{"type":"Feature","geometry":{"type":"Point","coordinates":[29.1349855,41.0177123]},"properties":{"osm_id":"node/4833936727","kategori":"eczane","ad":"Sivas Eczanesi"}},{"type":"Feature","geometry":{"type":"Point","coordinates":[29.1422634,40.9977667]},"properties":{"osm_id":"node/4833938121","kategori":"eczane","ad":"Pelin Eczanesi"}},{"type":"Feature","geometry":{"type":"Point","coordinates":[29.1263124,41.0079795]},"properties":{"osm_id":"node/4833938122","kategori":"eczane","ad":"İkbal Eczanesi"}},{"type":"Feature","geometry":{"type":"Point","coordinates":[29.1200668,41.0212117]},"properties":{"osm_id":"node/4833938123","kategori":"eczane","ad":"Edanur Eczanesi"}},{"type":"Feature","geometry":{"type":"Point","coordinates":[29.0761521,40.9934418]},"properties":{"osm_id":"node/4834769922","kategori":"eczane","ad":"Paşayiğit Eczanesi"}},{"type":"Feature","geometry":{"type":"Point","coordinates":[29.0780503,40.9895664]},"properties":{"osm_id":"node/4834769923","kategori":"eczane","ad":"Palmiye Eczanesi"}},{"type":"Feature","geometry":{"type":"Point","coordinates":[29.0754693,40.9871625]},"properties":{"osm_id":"node/4834769924","kategori":"eczane","ad":"Merdivenköy Eczanesi"}},{"type":"Feature","geometry":{"type":"Point","coordinates":[29.0763312,40.9859337]},"properties":{"osm_id":"node/4834769925","kategori":"eczane","ad":"Seval Eczanesi"}},{"type":"Feature","geometry":{"type":"Point","coordinates":[29.0706139,40.9862985]},"properties":{"osm_id":"node/4834769926","kategori":"eczane","ad":"Şeniz Eczanesi"}},{"type":"Feature","geometry":{"type":"Point","coordinates":[29.0696187,40.9857312]},"properties":{"osm_id":"node/4834769927","kategori":"eczane","ad":"Derman Eczanesi"}},{"type":"Feature","geometry":{"type":"Point","coordinates":[29.0715031,40.9826003]},"properties":{"osm_id":"node/4834769928","kategori":"eczane","ad":"İstanbul Park Eczanesi"}},{"type":"Feature","geometry":{"type":"Point","coordinates":[29.0703535,40.9815985]},"properties":{"osm_id":"node/4834769929","kategori":"eczane","ad":"Zerrin Eczanesi"}},{"type":"Feature","geometry":{"type":"Point","coordinates":[29.072968,40.9792415]},"properties":{"osm_id":"node/4834769930","kategori":"eczane","ad":"Karanfil Eczanesi"}},{"type":"Feature","geometry":{"type":"Point","coordinates":[29.0799905,40.9728053]},"properties":{"osm_id":"node/4834769933","kategori":"eczane","ad":"Emine Eczanesi"}},{"type":"Feature","geometry":{"type":"Point","coordinates":[29.0855692,40.9715785]},"properties":{"osm_id":"node/4834769935","kategori":"eczane","ad":"Hayat Eczanesi"}},{"type":"Feature","geometry":{"type":"Point","coordinates":[29.076574,40.9938056]},"properties":{"osm_id":"node/4834795521","kategori":"eczane","ad":"Ahu Eczanesi"}},{"type":"Feature","geometry":{"type":"Point","coordinates":[29.0766217,40.9907286]},"properties":{"osm_id":"node/4834795522","kategori":"eczane","ad":"Ecrin Eczanesi"}},{"type":"Feature","geometry":{"type":"Point","coordinates":[29.0769324,40.9876716]},"properties":{"osm_id":"node/4834795523","kategori":"eczane","ad":"Ayşegül Eczanesi"}},{"type":"Feature","geometry":{"type":"Point","coordinates":[29.0767041,40.9878055]},"properties":{"osm_id":"node/4834795524","kategori":"eczane","ad":"Buket Eczanesi"}},{"type":"Feature","geometry":{"type":"Point","coordinates":[29.0734257,40.9803468]},"properties":{"osm_id":"node/4834795525","kategori":"eczane","ad":"Şeker Eczanesi"}},{"type":"Feature","geometry":{"type":"Point","coordinates":[29.0762609,40.9759337]},"properties":{"osm_id":"node/4834795526","kategori":"eczane","ad":"Suna Eczanesi"}},{"type":"Feature","geometry":{"type":"Point","coordinates":[29.0703641,40.9836415]},"properties":{"osm_id":"node/4834795721","kategori":"eczane","ad":"Özden Eczanesi"}},{"type":"Feature","geometry":{"type":"Point","coordinates":[29.0768392,40.9723722]},"properties":{"osm_id":"node/4834795722","kategori":"eczane","ad":"Şelale Eczanesi"}},{"type":"Feature","geometry":{"type":"Point","coordinates":[29.0775629,40.972551]},"properties":{"osm_id":"node/4834795723","kategori":"eczane","ad":"Gülerman Eczanesi"}},{"type":"Feature","geometry":{"type":"Point","coordinates":[29.0771778,40.9791151]},"properties":{"osm_id":"node/4834795921","kategori":"eczane","ad":"Simya Eczanesi"}},{"type":"Feature","geometry":{"type":"Point","coordinates":[29.0061395,41.0436134]},"properties":{"osm_id":"node/4836199425","kategori":"eczane","ad":"Büyük Beşiktaş Eczanesi"}},{"type":"Feature","geometry":{"type":"Point","coordinates":[29.0044052,41.0432936]},"properties":{"osm_id":"node/4836199426","kategori":"eczane","ad":"Karasu Eczanesi"}},{"type":"Feature","geometry":{"type":"Point","coordinates":[29.0038928,41.0431625]},"properties":{"osm_id":"node/4836199427","kategori":"eczane","ad":"Mutlu Eczanesi"}},{"type":"Feature","geometry":{"type":"Point","coordinates":[29.001679,41.0440653]},"properties":{"osm_id":"node/4836199428","kategori":"eczane","ad":"Kalyoncu Eczanesi"}},{"type":"Feature","geometry":{"type":"Point","coordinates":[29.0005232,41.0447342]},"properties":{"osm_id":"node/4836199429","kategori":"eczane","ad":"Beşiktaş Orkide Eczanesi"}},{"type":"Feature","geometry":{"type":"Point","coordinates":[29.0029647,41.0443901]},"properties":{"osm_id":"node/4836199430","kategori":"eczane","ad":"Naturel Eczanesi"}},{"type":"Feature","geometry":{"type":"Point","coordinates":[29.0072491,41.0460494]},"properties":{"osm_id":"node/4836199431","kategori":"eczane","ad":"Barbaros Bulvar Eczanesi"}},{"type":"Feature","geometry":{"type":"Point","coordinates":[28.9910082,41.0559752]},"properties":{"osm_id":"node/4836199432","kategori":"eczane","ad":"Erki Eczanesi"}},{"type":"Feature","geometry":{"type":"Point","coordinates":[28.9905005,41.0518305]},"properties":{"osm_id":"node/4836199433","kategori":"eczane","ad":"Füsun Eczanesi"}},{"type":"Feature","geometry":{"type":"Point","coordinates":[28.9908593,41.0514504]},"properties":{"osm_id":"node/4836199434","kategori":"eczane","ad":"Selay Eczanesi"}},{"type":"Feature","geometry":{"type":"Point","coordinates":[28.9915277,41.0519942]},"properties":{"osm_id":"node/4836199436","kategori":"eczane","ad":"Zihni Eczanesi"}},{"type":"Feature","geometry":{"type":"Point","coordinates":[28.9928939,41.0530818]},"properties":{"osm_id":"node/4836199437","kategori":"eczane","ad":"Butik Nişantaşı Eczanesi"}},{"type":"Feature","geometry":{"type":"Point","coordinates":[28.9952311,41.0520163]},"properties":{"osm_id":"node/4836199438","kategori":"eczane","ad":"Peri Eczanesi"}},{"type":"Feature","geometry":{"type":"Point","coordinates":[28.9946184,41.0534073]},"properties":{"osm_id":"node/4836199439","kategori":"eczane","ad":"Sütsever Eczanesi"}},{"type":"Feature","geometry":{"type":"Point","coordinates":[28.9961485,41.0515258]},"properties":{"osm_id":"node/4836199440","kategori":"eczane","ad":"Topağacı Ülkü Eczanesi"}},{"type":"Feature","geometry":{"type":"Point","coordinates":[28.9883006,41.0534673]},"properties":{"osm_id":"node/4836199441","kategori":"eczane","ad":"Rumeli 70 Eczanesi"}},{"type":"Feature","geometry":{"type":"Point","coordinates":[28.9871864,41.052676]},"properties":{"osm_id":"node/4836199442","kategori":"eczane","ad":"Rahmi Eczanesi"}},{"type":"Feature","geometry":{"type":"Point","coordinates":[28.9861997,41.051695]},"properties":{"osm_id":"node/4836199443","kategori":"eczane","ad":"Halk Eczanesi"}},{"type":"Feature","geometry":{"type":"Point","coordinates":[28.9848539,41.0523249]},"properties":{"osm_id":"node/4836199444","kategori":"eczane","ad":"Arı Eczanesi"}},{"type":"Feature","geometry":{"type":"Point","coordinates":[28.9835772,41.052852]},"properties":{"osm_id":"node/4836199445","kategori":"eczane","ad":"Selen Eczanesi"}},{"type":"Feature","geometry":{"type":"Point","coordinates":[28.9837349,41.0516406]},"properties":{"osm_id":"node/4836199446","kategori":"eczane","ad":"Ada Eczanesi"}},{"type":"Feature","geometry":{"type":"Point","coordinates":[28.9805625,41.052532]},"properties":{"osm_id":"node/4836199447","kategori":"eczane","ad":"Emek Eczanesi"}},{"type":"Feature","geometry":{"type":"Point","coordinates":[28.9849558,41.0548704]},"properties":{"osm_id":"node/4836199448","kategori":"eczane","ad":"Şişli Derman Eczanesi"}},{"type":"Feature","geometry":{"type":"Point","coordinates":[28.9853722,41.0581517]},"properties":{"osm_id":"node/4836199449","kategori":"eczane","ad":"Şişli Merkez Eczanesi"}},{"type":"Feature","geometry":{"type":"Point","coordinates":[28.9852638,41.0584743]},"properties":{"osm_id":"node/4836199450","kategori":"eczane","ad":"Hülya Hatun Eczanesi"}},{"type":"Feature","geometry":{"type":"Point","coordinates":[29.0022136,41.0430093]},"properties":{"osm_id":"node/4836215623","kategori":"eczane","ad":"Bengi Eczanesi"}},{"type":"Feature","geometry":{"type":"Point","coordinates":[29.0071785,41.0463422]},"properties":{"osm_id":"node/4836215624","kategori":"eczane","ad":"Sena Cansever Eczanesi"}},{"type":"Feature","geometry":{"type":"Point","coordinates":[28.9919126,41.0522511]},"properties":{"osm_id":"node/4836215625","kategori":"eczane","ad":"Acar Eczanesi"}},{"type":"Feature","geometry":{"type":"Point","coordinates":[28.9920846,41.0524008]},"properties":{"osm_id":"node/4836215626","kategori":"eczane","ad":"Ankara Eczanesi"}},{"type":"Feature","geometry":{"type":"Point","coordinates":[28.9942646,41.0529086]},"properties":{"osm_id":"node/4836215627","kategori":"eczane","ad":"Erguvan Eczanesi"}},{"type":"Feature","geometry":{"type":"Point","coordinates":[28.9839039,41.0520738]},"properties":{"osm_id":"node/4836215628","kategori":"eczane","ad":"Ser Eczanesi"}},{"type":"Feature","geometry":{"type":"Point","coordinates":[28.9822121,41.051745]},"properties":{"osm_id":"node/4836215629","kategori":"eczane","ad":"Doğa Eczanesi"}},{"type":"Feature","geometry":{"type":"Point","coordinates":[28.981951,41.0518418]},"properties":{"osm_id":"node/4836215630","kategori":"eczane","ad":"Gül Eczanesi"}},{"type":"Feature","geometry":{"type":"Point","coordinates":[29.0023557,41.0446458]},"properties":{"osm_id":"node/4836231221","kategori":"eczane","ad":"Ihlamur Eczanesi"}},{"type":"Feature","geometry":{"type":"Point","coordinates":[28.9825802,41.0513251]},"properties":{"osm_id":"node/4836231223","kategori":"eczane","ad":"Petek Eczanesi"}},{"type":"Feature","geometry":{"type":"Point","coordinates":[28.9856677,41.0566481]},"properties":{"osm_id":"node/4836231224","kategori":"eczane","ad":"Neşe Eczanesi"}},{"type":"Feature","geometry":{"type":"Point","coordinates":[28.9944291,41.0532265]},"properties":{"osm_id":"node/4836231721","kategori":"eczane","ad":"Nişantaşı Feyza Eczanesi"}},{"type":"Feature","geometry":{"type":"Point","coordinates":[28.9952588,41.053866]},"properties":{"osm_id":"node/4836232021","kategori":"eczane","ad":"Ece Eczanesi"}},{"type":"Feature","geometry":{"type":"Point","coordinates":[28.9860586,41.0519703]},"properties":{"osm_id":"node/4836232022","kategori":"eczane","ad":"Seyhan Eczanesi"}},{"type":"Feature","geometry":{"type":"Point","coordinates":[28.9872366,41.0560215]},"properties":{"osm_id":"node/4836232023","kategori":"eczane","ad":"Sinan Eczanesi"}},{"type":"Feature","geometry":{"type":"Point","coordinates":[28.9852307,41.0566474]},"properties":{"osm_id":"node/4836232024","kategori":"eczane","ad":"Uğur Eczanesi"}},{"type":"Feature","geometry":{"type":"Point","coordinates":[28.9960405,41.0525957]},"properties":{"osm_id":"node/4836232321","kategori":"eczane","ad":"Koca Eczanesi"}},{"type":"Feature","geometry":{"type":"Point","coordinates":[28.9812011,41.0520747]},"properties":{"osm_id":"node/4836233121","kategori":"eczane","ad":"Alper Eczanesi"}},{"type":"Feature","geometry":{"type":"Point","coordinates":[28.9819073,41.0550164]},"properties":{"osm_id":"node/4836233122","kategori":"eczane","ad":"Elysıum Eczanesi"}},{"type":"Feature","geometry":{"type":"Point","coordinates":[28.982765,41.0537648]},"properties":{"osm_id":"node/4836233221","kategori":"eczane","ad":"Emin Eczanesi"}},{"type":"Feature","geometry":{"type":"Point","coordinates":[28.97146,41.0623224]},"properties":{"osm_id":"node/4837021727","kategori":"eczane","ad":"İdil Eczanesi"}},{"type":"Feature","geometry":{"type":"Point","coordinates":[28.9719233,41.0647915]},"properties":{"osm_id":"node/4837021728","kategori":"eczane","ad":"Elif Nazlı Eczanesi"}},{"type":"Feature","geometry":{"type":"Point","coordinates":[28.972598,41.0647659]},"properties":{"osm_id":"node/4837021729","kategori":"eczane","ad":"Soral Eczanesi"}},{"type":"Feature","geometry":{"type":"Point","coordinates":[28.9724187,41.064983]},"properties":{"osm_id":"node/4837021730","kategori":"eczane","ad":"Feyiz Eczanesi"}},{"type":"Feature","geometry":{"type":"Point","coordinates":[28.9736103,41.0664971]},"properties":{"osm_id":"node/4837021731","kategori":"eczane","ad":"Okmeydanı Kozan Eczanesi"}},{"type":"Feature","geometry":{"type":"Point","coordinates":[28.9740664,41.0683451]},"properties":{"osm_id":"node/4837021732","kategori":"eczane","ad":"Seren Eczanesi"}},{"type":"Feature","geometry":{"type":"Point","coordinates":[28.9723627,41.070651]},"properties":{"osm_id":"node/4837021733","kategori":"eczane","ad":"Huzur Eczanesi"}},{"type":"Feature","geometry":{"type":"Point","coordinates":[28.9798088,41.0734002]},"properties":{"osm_id":"node/4837021734","kategori":"eczane","ad":"Cem Eczanesi"}},{"type":"Feature","geometry":{"type":"Point","coordinates":[28.980851,41.0735933]},"properties":{"osm_id":"node/4837021735","kategori":"eczane","ad":"Doğu Eczanesi"}},{"type":"Feature","geometry":{"type":"Point","coordinates":[28.9812569,41.0756327]},"properties":{"osm_id":"node/4837021736","kategori":"eczane","ad":"Emre Eczanesi"}},{"type":"Feature","geometry":{"type":"Point","coordinates":[28.9802811,41.0759946]},"properties":{"osm_id":"node/4837021737","kategori":"eczane","ad":"Çağlayan Eczanesi"}},{"type":"Feature","geometry":{"type":"Point","coordinates":[28.9871396,41.0780494]},"properties":{"osm_id":"node/4837021738","kategori":"eczane","ad":"Arı Eczanesi"}},{"type":"Feature","geometry":{"type":"Point","coordinates":[28.9925499,41.0675441]},"properties":{"osm_id":"node/4837021739","kategori":"eczane","ad":"Towers Eczanesi"}},{"type":"Feature","geometry":{"type":"Point","coordinates":[28.9954677,41.06536]},"properties":{"osm_id":"node/4837021740","kategori":"eczane","ad":"Burak Eczanesi"}},{"type":"Feature","geometry":{"type":"Point","coordinates":[28.9961272,41.0654119]},"properties":{"osm_id":"node/4837021741","kategori":"eczane","ad":"İnci Eczanesi"}},{"type":"Feature","geometry":{"type":"Point","coordinates":[28.9966986,41.0638414]},"properties":{"osm_id":"node/4837021742","kategori":"eczane","ad":"Kerem Eczanesi"}},{"type":"Feature","geometry":{"type":"Point","coordinates":[28.9987257,41.0626164]},"properties":{"osm_id":"node/4837021743","kategori":"eczane","ad":"Sevgi Eczanesi"}},{"type":"Feature","geometry":{"type":"Point","coordinates":[28.9995795,41.089311]},"properties":{"osm_id":"node/4837021744","kategori":"eczane","ad":"Özgü Eczanesi"}},{"type":"Feature","geometry":{"type":"Point","coordinates":[28.9996355,41.0895468]},"properties":{"osm_id":"node/4837021745","kategori":"eczane","ad":"Meydan Eczanesi"}},{"type":"Feature","geometry":{"type":"Point","coordinates":[28.9989718,41.090914]},"properties":{"osm_id":"node/4837021746","kategori":"eczane","ad":"Emel Eczanesi"}},{"type":"Feature","geometry":{"type":"Point","coordinates":[28.9970684,41.0910465]},"properties":{"osm_id":"node/4837021747","kategori":"eczane","ad":"Murat Eczanesi"}},{"type":"Feature","geometry":{"type":"Point","coordinates":[28.9713086,41.0623592]},"properties":{"osm_id":"node/4837059323","kategori":"eczane","ad":"Ateş Eczanesi"}},{"type":"Feature","geometry":{"type":"Point","coordinates":[28.9679306,41.0635624]},"properties":{"osm_id":"node/4837059324","kategori":"eczane","ad":"Çelebi Eczanesi"}},{"type":"Feature","geometry":{"type":"Point","coordinates":[28.9729809,41.0662766]},"properties":{"osm_id":"node/4837059325","kategori":"eczane","ad":"Kodan Eczanesi"}},{"type":"Feature","geometry":{"type":"Point","coordinates":[28.9830288,41.0753055]},"properties":{"osm_id":"node/4837059326","kategori":"eczane","ad":"Asuman Turgut Eczanesi"}},{"type":"Feature","geometry":{"type":"Point","coordinates":[28.9818156,41.0765367]},"properties":{"osm_id":"node/4837059327","kategori":"eczane","ad":"Vatan Eczanesi"}},{"type":"Feature","geometry":{"type":"Point","coordinates":[28.9939876,41.0725355]},"properties":{"osm_id":"node/4837059328","kategori":"eczane","ad":"Barış Eczanesi"}},{"type":"Feature","geometry":{"type":"Point","coordinates":[28.9946741,41.0674173]},"properties":{"osm_id":"node/4837059329","kategori":"eczane","ad":"Gülden Eczanesi"}},{"type":"Feature","geometry":{"type":"Point","coordinates":[29.000348,41.0908594]},"properties":{"osm_id":"node/4837059330","kategori":"eczane","ad":"Işık Eczanesi"}},{"type":"Feature","geometry":{"type":"Point","coordinates":[28.9951122,41.0915119]},"properties":{"osm_id":"node/4837059331","kategori":"eczane","ad":"Hande Eczanesi"}},{"type":"Feature","geometry":{"type":"Point","coordinates":[28.9979408,41.0962287]},"properties":{"osm_id":"node/4837059332","kategori":"eczane","ad":"Yeşilce Sağlık Eczanesi"}},{"type":"Feature","geometry":{"type":"Point","coordinates":[28.9938229,41.0993282]},"properties":{"osm_id":"node/4837059333","kategori":"eczane","ad":"Emre Eczanesi"}},{"type":"Feature","geometry":{"type":"Point","coordinates":[28.9810501,41.0745391]},"properties":{"osm_id":"node/4837060323","kategori":"eczane","ad":"Ortaç Eczanesi"}},{"type":"Feature","geometry":{"type":"Point","coordinates":[28.9717472,41.065197]},"properties":{"osm_id":"node/4837068922","kategori":"eczane","ad":"Kardelen Eczanesi"}},{"type":"Feature","geometry":{"type":"Point","coordinates":[28.977692,41.0689452]},"properties":{"osm_id":"node/4837069121","kategori":"eczane","ad":"Peykhane Eczanesi"}},{"type":"Feature","geometry":{"type":"Point","coordinates":[28.9722776,41.0715302]},"properties":{"osm_id":"node/4837069122","kategori":"eczane","ad":"Elifin Eczanesi"}},{"type":"Feature","geometry":{"type":"Point","coordinates":[28.9713004,41.0730416]},"properties":{"osm_id":"node/4837069123","kategori":"eczane","ad":"İpek Eczanesi"}},{"type":"Feature","geometry":{"type":"Point","coordinates":[28.9713106,41.0733852]},"properties":{"osm_id":"node/4837069124","kategori":"eczane","ad":"Arda Eczanesi"}},{"type":"Feature","geometry":{"type":"Point","coordinates":[28.9772351,41.0730224]},"properties":{"osm_id":"node/4837069125","kategori":"eczane","ad":"Lokman Eczanesi"}},{"type":"Feature","geometry":{"type":"Point","coordinates":[28.9948202,41.0689435]},"properties":{"osm_id":"node/4837069126","kategori":"eczane","ad":"Şükran Eczanesi"}},{"type":"Feature","geometry":{"type":"Point","coordinates":[28.9953474,41.0679034]},"properties":{"osm_id":"node/4837069127","kategori":"eczane","ad":"Aksoy Eczanesi"}},{"type":"Feature","geometry":{"type":"Point","coordinates":[28.9934974,41.0932324]},"properties":{"osm_id":"node/4837069128","kategori":"eczane","ad":"Ufuk Eczanesi"}},{"type":"Feature","geometry":{"type":"Point","coordinates":[28.9809601,41.073836]},"properties":{"osm_id":"node/4837069721","kategori":"eczane","ad":"Eğitim Eczanesi"}},{"type":"Feature","geometry":{"type":"Point","coordinates":[28.9958169,41.0691147]},"properties":{"osm_id":"node/4837071021","kategori":"eczane","ad":"Paşa Gönlüm Eczanesi"}},{"type":"Feature","geometry":{"type":"Point","coordinates":[28.9999637,41.0940459]},"properties":{"osm_id":"node/4837071421","kategori":"eczane","ad":"Engin Eczanesi"}},{"type":"Feature","geometry":{"type":"Point","coordinates":[29.031205,41.1555654]},"properties":{"osm_id":"node/4838509325","kategori":"eczane","ad":"Sevinç Cansu Eczanesi"}},{"type":"Feature","geometry":{"type":"Point","coordinates":[29.0413769,41.1599591]},"properties":{"osm_id":"node/4838509326","kategori":"eczane","ad":"Baltalimanı Eczanesi"}},{"type":"Feature","geometry":{"type":"Point","coordinates":[29.0569296,41.1687673]},"properties":{"osm_id":"node/4838509327","kategori":"eczane","ad":"Sema Eczanesi"}},{"type":"Feature","geometry":{"type":"Point","coordinates":[29.0570075,41.1689592]},"properties":{"osm_id":"node/4838509328","kategori":"eczane","ad":"Mete Eczanesi"}},{"type":"Feature","geometry":{"type":"Point","coordinates":[29.0567052,41.1689543]},"properties":{"osm_id":"node/4838509329","kategori":"eczane","ad":"Sinem Eczanesi"}},{"type":"Feature","geometry":{"type":"Point","coordinates":[29.056375,41.1690303]},"properties":{"osm_id":"node/4838509330","kategori":"eczane","ad":"Atalay Eczanesi"}},{"type":"Feature","geometry":{"type":"Point","coordinates":[29.0059821,41.0478061]},"properties":{"osm_id":"node/4838509331","kategori":"eczane","ad":"Abbasağa Park Eczanesi"}},{"type":"Feature","geometry":{"type":"Point","coordinates":[29.0047744,41.049758]},"properties":{"osm_id":"node/4838509332","kategori":"eczane","ad":"Nesli Eczanesi"}},{"type":"Feature","geometry":{"type":"Point","coordinates":[29.031613,41.1557501]},"properties":{"osm_id":"node/4838535923","kategori":"eczane","ad":"Nur Eczanesi"}},{"type":"Feature","geometry":{"type":"Point","coordinates":[29.0380972,41.1589971]},"properties":{"osm_id":"node/4838535924","kategori":"eczane","ad":"Büyükdere Su Eczanesi"}},{"type":"Feature","geometry":{"type":"Point","coordinates":[29.0035199,41.04506]},"properties":{"osm_id":"node/4838535925","kategori":"eczane","ad":"Nermin Eczanesi"}},{"type":"Feature","geometry":{"type":"Point","coordinates":[29.0402479,41.159752]},"properties":{"osm_id":"node/4838547821","kategori":"eczane","ad":"Uğur Eczanesi"}},{"type":"Feature","geometry":{"type":"Point","coordinates":[29.0573015,41.168251]},"properties":{"osm_id":"node/4838547822","kategori":"eczane","ad":"Çağlar Eczanesi"}},{"type":"Feature","geometry":{"type":"Point","coordinates":[29.0451309,41.1612345]},"properties":{"osm_id":"node/4838548021","kategori":"eczane","ad":"Elif Eczanesi"}},{"type":"Feature","geometry":{"type":"Point","coordinates":[29.0023921,41.0489541]},"properties":{"osm_id":"node/4838548022","kategori":"eczane","ad":"Ihlamurdere Eczanesi"}},{"type":"Feature","geometry":{"type":"Point","coordinates":[29.0072488,41.0502695]},"properties":{"osm_id":"node/4838548023","kategori":"eczane","ad":"İlgi Eczanesi"}},{"type":"Feature","geometry":{"type":"Point","coordinates":[29.0333502,41.155657]},"properties":{"osm_id":"node/4838548024","kategori":"eczane","ad":"Çayırbaşı Eczanesi"}},{"type":"Feature","geometry":{"type":"Point","coordinates":[29.0512687,41.1161715]},"properties":{"osm_id":"node/4838997923","kategori":"eczane","ad":"İrem Eczanesi"}},{"type":"Feature","geometry":{"type":"Point","coordinates":[29.05018,41.1161782]},"properties":{"osm_id":"node/4838997924","kategori":"eczane","ad":"Mavi Eczanesi"}},{"type":"Feature","geometry":{"type":"Point","coordinates":[28.9019038,41.0331238]},"properties":{"osm_id":"node/4838997925","kategori":"eczane","ad":"Gözde Yaşam Eczanesi"}},{"type":"Feature","geometry":{"type":"Point","coordinates":[28.9017079,41.0389506]},"properties":{"osm_id":"node/4838997926","kategori":"eczane","ad":"Yüksel Eczanesi"}},{"type":"Feature","geometry":{"type":"Point","coordinates":[28.8966382,41.0299477]},"properties":{"osm_id":"node/4839023822","kategori":"eczane","ad":"Sefa Eczanesi"}},{"type":"Feature","geometry":{"type":"Point","coordinates":[28.9007607,41.032702]},"properties":{"osm_id":"node/4839023823","kategori":"eczane","ad":"Seda Selçuk Eczanesi"}},{"type":"Feature","geometry":{"type":"Point","coordinates":[28.8983237,41.0403538]},"properties":{"osm_id":"node/4839034122","kategori":"eczane","ad":"Çare Eczanesi"}},{"type":"Feature","geometry":{"type":"Point","coordinates":[29.0505457,41.1181071]},"properties":{"osm_id":"node/4839034123","kategori":"eczane","ad":"Ozay Eczanesi"}},{"type":"Feature","geometry":{"type":"Point","coordinates":[28.8962793,41.0257657]},"properties":{"osm_id":"node/4839034124","kategori":"eczane","ad":"Fatoş Eczanesi"}},{"type":"Feature","geometry":{"type":"Point","coordinates":[28.8967322,41.029614]},"properties":{"osm_id":"node/4839034125","kategori":"eczane","ad":"Birlik Eczanesi"}},{"type":"Feature","geometry":{"type":"Point","coordinates":[28.9028347,41.0340209]},"properties":{"osm_id":"node/4839034126","kategori":"eczane","ad":"Işık Eczanesi"}},{"type":"Feature","geometry":{"type":"Point","coordinates":[28.9005304,41.041501]},"properties":{"osm_id":"node/4839035021","kategori":"eczane","ad":"Vadar Eczanesi"}},{"type":"Feature","geometry":{"type":"Point","coordinates":[28.896713,41.0261996]},"properties":{"osm_id":"node/4839035022","kategori":"eczane","ad":"Nilgün Eczanesi"}},{"type":"Feature","geometry":{"type":"Point","coordinates":[28.9819156,41.0830316]},"properties":{"osm_id":"node/4839813170","kategori":"eczane","ad":"Onur Şifa Eczanesi"}},{"type":"Feature","geometry":{"type":"Point","coordinates":[28.9922281,41.0633301]},"properties":{"osm_id":"node/4839813171","kategori":"eczane","ad":"Cevahir Eczanesi"}},{"type":"Feature","geometry":{"type":"Point","coordinates":[29.006288,41.0563373]},"properties":{"osm_id":"node/4839813172","kategori":"eczane","ad":"Limon Eczanesi"}},{"type":"Feature","geometry":{"type":"Point","coordinates":[29.0073503,41.0660966]},"properties":{"osm_id":"node/4839813173","kategori":"eczane","ad":"Gürdağ Eczanesi"}},{"type":"Feature","geometry":{"type":"Point","coordinates":[29.003321,41.0679022]},"properties":{"osm_id":"node/4839813174","kategori":"eczane","ad":"Onur Eczanesi"}},{"type":"Feature","geometry":{"type":"Point","coordinates":[29.0008503,41.0685948]},"properties":{"osm_id":"node/4839813175","kategori":"eczane","ad":"Aslan Eczanesi"}},{"type":"Feature","geometry":{"type":"Point","coordinates":[28.9988696,41.0668901]},"properties":{"osm_id":"node/4839813177","kategori":"eczane","ad":"Buse Eczanesi"}},{"type":"Feature","geometry":{"type":"Point","coordinates":[28.998871,41.0708767]},"properties":{"osm_id":"node/4839813178","kategori":"eczane","ad":"Özge Eczanesi"}},{"type":"Feature","geometry":{"type":"Point","coordinates":[28.9986162,41.0714034]},"properties":{"osm_id":"node/4839813179","kategori":"eczane","ad":"Servet Eczanesi"}},{"type":"Feature","geometry":{"type":"Point","coordinates":[28.9987696,41.072565]},"properties":{"osm_id":"node/4839813180","kategori":"eczane","ad":"Özlem Eczanesi"}},{"type":"Feature","geometry":{"type":"Point","coordinates":[29.0159227,41.0761512]},"properties":{"osm_id":"node/4839813181","kategori":"eczane","ad":"Yeni Eczanesi"}},{"type":"Feature","geometry":{"type":"Point","coordinates":[29.0167154,41.0757805]},"properties":{"osm_id":"node/4839813182","kategori":"eczane","ad":"Dirim Eczanesi"}},{"type":"Feature","geometry":{"type":"Point","coordinates":[29.0257465,41.0895769]},"properties":{"osm_id":"node/4839813183","kategori":"eczane","ad":"Erkan Eczanesi"}},{"type":"Feature","geometry":{"type":"Point","coordinates":[29.0335489,41.0883221]},"properties":{"osm_id":"node/4839813184","kategori":"eczane","ad":"Nektar Eczanesi"}},{"type":"Feature","geometry":{"type":"Point","coordinates":[29.0384482,41.0827765]},"properties":{"osm_id":"node/4839813185","kategori":"eczane","ad":"Berrak Eczanesi"}},{"type":"Feature","geometry":{"type":"Point","coordinates":[29.0422065,41.0883395]},"properties":{"osm_id":"node/4839813186","kategori":"eczane","ad":"Alemdar Eczanesi"}},{"type":"Feature","geometry":{"type":"Point","coordinates":[29.0482794,41.0859967]},"properties":{"osm_id":"node/4839813187","kategori":"eczane","ad":"Elif Eczanesi"}},{"type":"Feature","geometry":{"type":"Point","coordinates":[28.9795812,41.0442986]},"properties":{"osm_id":"node/4839813190","kategori":"eczane","ad":"Tuna Eczanesi"}},{"type":"Feature","geometry":{"type":"Point","coordinates":[28.9776282,41.0442361]},"properties":{"osm_id":"node/4839813191","kategori":"eczane","ad":"İnci Eczanesi"}},{"type":"Feature","geometry":{"type":"Point","coordinates":[28.9367984,41.0584322]},"properties":{"osm_id":"node/4839813192","kategori":"eczane","ad":"Vefa Eczanesi"}},{"type":"Feature","geometry":{"type":"Point","coordinates":[28.9403652,41.0609466]},"properties":{"osm_id":"node/4839813193","kategori":"eczane","ad":"Bertan Eczanesi"}},{"type":"Feature","geometry":{"type":"Point","coordinates":[28.9413042,41.0652113]},"properties":{"osm_id":"node/4839813195","kategori":"eczane","ad":"Can Eczanesi"}},{"type":"Feature","geometry":{"type":"Point","coordinates":[28.9412083,41.0651563]},"properties":{"osm_id":"node/4839813196","kategori":"eczane","ad":"Arzu Eczanesi"}},{"type":"Feature","geometry":{"type":"Point","coordinates":[28.9405252,41.0685015]},"properties":{"osm_id":"node/4839813197","kategori":"eczane","ad":"Gelincik Eczanesi"}},{"type":"Feature","geometry":{"type":"Point","coordinates":[28.9422018,41.0698112]},"properties":{"osm_id":"node/4839813198","kategori":"eczane","ad":"Biricik Eczanesi"}},{"type":"Feature","geometry":{"type":"Point","coordinates":[28.9633057,41.0838511]},"properties":{"osm_id":"node/4839813199","kategori":"eczane","ad":"Yeni Işık Eczanesi"}},{"type":"Feature","geometry":{"type":"Point","coordinates":[28.9711311,41.0817747]},"properties":{"osm_id":"node/4839813200","kategori":"eczane","ad":"Kâğıthane Merkez Eczanesi"}},{"type":"Feature","geometry":{"type":"Point","coordinates":[28.9714548,41.0814299]},"properties":{"osm_id":"node/4839813201","kategori":"eczane","ad":"Ergül Eczanesi"}},{"type":"Feature","geometry":{"type":"Point","coordinates":[28.9735851,41.0814606]},"properties":{"osm_id":"node/4839813202","kategori":"eczane","ad":"Sadabat Eczanesi"}},{"type":"Feature","geometry":{"type":"Point","coordinates":[28.9814368,41.0862319]},"properties":{"osm_id":"node/4839814951","kategori":"eczane","ad":"Axis Eczanesi"}},{"type":"Feature","geometry":{"type":"Point","coordinates":[28.9837193,41.0855301]},"properties":{"osm_id":"node/4839814952","kategori":"eczane","ad":"Ayla Eczanesi"}},{"type":"Feature","geometry":{"type":"Point","coordinates":[29.007994,41.0656553]},"properties":{"osm_id":"node/4839814953","kategori":"eczane","ad":"Neşe Eczanesi"}},{"type":"Feature","geometry":{"type":"Point","coordinates":[29.0002244,41.069523]},"properties":{"osm_id":"node/4839814954","kategori":"eczane","ad":"Özcan Eczanesi"}},{"type":"Feature","geometry":{"type":"Point","coordinates":[28.9981793,41.0725326]},"properties":{"osm_id":"node/4839814955","kategori":"eczane","ad":"Yaşarken Eczanesi"}},{"type":"Feature","geometry":{"type":"Point","coordinates":[29.0325727,41.088328]},"properties":{"osm_id":"node/4839814956","kategori":"eczane","ad":"Nilgün Eczanesi"}},{"type":"Feature","geometry":{"type":"Point","coordinates":[29.0353373,41.0834753]},"properties":{"osm_id":"node/4839814957","kategori":"eczane","ad":"Arzu Eczanesi"}},{"type":"Feature","geometry":{"type":"Point","coordinates":[29.0449476,41.0788714]},"properties":{"osm_id":"node/4839814958","kategori":"eczane","ad":"Dermako Eczanesi"}},{"type":"Feature","geometry":{"type":"Point","coordinates":[29.0435994,41.0776499]},"properties":{"osm_id":"node/4839814959","kategori":"eczane","ad":"Sütsever Bebek Eczanesi"}},{"type":"Feature","geometry":{"type":"Point","coordinates":[28.9760561,41.0431765]},"properties":{"osm_id":"node/4839814961","kategori":"eczane","ad":"Zafer Eczanesi"}},{"type":"Feature","geometry":{"type":"Point","coordinates":[28.974298,41.043126]},"properties":{"osm_id":"node/4839814962","kategori":"eczane","ad":"Fatih Eczanesi"}},{"type":"Feature","geometry":{"type":"Point","coordinates":[28.9373638,41.0592392]},"properties":{"osm_id":"node/4839814963","kategori":"eczane","ad":"Gül Eczanesi"}},{"type":"Feature","geometry":{"type":"Point","coordinates":[28.9355368,41.059126]},"properties":{"osm_id":"node/4839814964","kategori":"eczane","ad":"Sesli Eczanesi"}},{"type":"Feature","geometry":{"type":"Point","coordinates":[28.9415281,41.0575115]},"properties":{"osm_id":"node/4839814965","kategori":"eczane","ad":"İstanbul Eczanesi"}},{"type":"Feature","geometry":{"type":"Point","coordinates":[28.9711674,41.0815017]},"properties":{"osm_id":"node/4839814966","kategori":"eczane","ad":"Kağıthane Sağlık Eczanesi"}},{"type":"Feature","geometry":{"type":"Point","coordinates":[28.9625595,41.0762215]},"properties":{"osm_id":"node/4839816224","kategori":"eczane","ad":"Arzu Eczanesi"}},{"type":"Feature","geometry":{"type":"Point","coordinates":[28.9725764,41.0811429]},"properties":{"osm_id":"node/4839816225","kategori":"eczane","ad":"Pınar Eczanesi"}},{"type":"Feature","geometry":{"type":"Point","coordinates":[28.979095,41.0463744]},"properties":{"osm_id":"node/4839819430","kategori":"eczane","ad":"Kurtuluş Eczanesi"}},{"type":"Feature","geometry":{"type":"Point","coordinates":[28.9353325,41.0591405]},"properties":{"osm_id":"node/4839819431","kategori":"eczane","ad":"Deva Eczanesi"}},{"type":"Feature","geometry":{"type":"Point","coordinates":[28.9957408,41.0624502]},"properties":{"osm_id":"node/4839823830","kategori":"eczane","ad":"Kahvecioğlu Eczanesi"}},{"type":"Feature","geometry":{"type":"Point","coordinates":[29.0130138,41.0719593]},"properties":{"osm_id":"node/4839823831","kategori":"eczane","ad":"Okuyan Eczanesi"}},{"type":"Feature","geometry":{"type":"Point","coordinates":[29.0266586,41.0780814]},"properties":{"osm_id":"node/4839823832","kategori":"eczane","ad":"Deniz Eczanesi"}},{"type":"Feature","geometry":{"type":"Point","coordinates":[28.9627439,41.0760924]},"properties":{"osm_id":"node/4839823833","kategori":"eczane","ad":"Simge Eczanesi"}},{"type":"Feature","geometry":{"type":"Point","coordinates":[28.964496,41.0805807]},"properties":{"osm_id":"node/4839823834","kategori":"eczane","ad":"Nurtepe Eczanesi"}},{"type":"Feature","geometry":{"type":"Point","coordinates":[28.9938959,41.063624]},"properties":{"osm_id":"node/4839831765","kategori":"eczane","ad":"Nur Fulya Eczanesi"}},{"type":"Feature","geometry":{"type":"Point","coordinates":[28.9956892,41.0632225]},"properties":{"osm_id":"node/4839831766","kategori":"eczane","ad":"Sibel Eczanesi"}},{"type":"Feature","geometry":{"type":"Point","coordinates":[28.9961203,41.0605152]},"properties":{"osm_id":"node/4839831767","kategori":"eczane","ad":"Fulya Semt Eczanesi"}},{"type":"Feature","geometry":{"type":"Point","coordinates":[28.998273,41.0612887]},"properties":{"osm_id":"node/4839831768","kategori":"eczane","ad":"Sakızağacı Eczanesi"}},{"type":"Feature","geometry":{"type":"Point","coordinates":[29.0013474,41.0591781]},"properties":{"osm_id":"node/4839831769","kategori":"eczane","ad":"Efe Fulya Eczanesi"}},{"type":"Feature","geometry":{"type":"Point","coordinates":[29.0025486,41.0557732]},"properties":{"osm_id":"node/4839831770","kategori":"eczane","ad":"Tümay Eczanesi"}},{"type":"Feature","geometry":{"type":"Point","coordinates":[29.005789,41.057093]},"properties":{"osm_id":"node/4839831771","kategori":"eczane","ad":"Dikilitaş Eczanesi"}},{"type":"Feature","geometry":{"type":"Point","coordinates":[29.0077443,41.0533524]},"properties":{"osm_id":"node/4839831772","kategori":"eczane","ad":"Aktif Eczanesi"}},{"type":"Feature","geometry":{"type":"Point","coordinates":[29.007909,41.0516222]},"properties":{"osm_id":"node/4839831773","kategori":"eczane","ad":"Kahvecioğlu Yıldız Eczanesi"}},{"type":"Feature","geometry":{"type":"Point","coordinates":[29.0111602,41.0601325]},"properties":{"osm_id":"node/4839831774","kategori":"eczane","ad":"As Eczanesi"}},{"type":"Feature","geometry":{"type":"Point","coordinates":[29.0092532,41.0655066]},"properties":{"osm_id":"node/4839831775","kategori":"eczane","ad":"Koçalp Eczanesi"}},{"type":"Feature","geometry":{"type":"Point","coordinates":[29.0071787,41.0661718]},"properties":{"osm_id":"node/4839831776","kategori":"eczane","ad":"İlyada Eczanesi"}},{"type":"Feature","geometry":{"type":"Point","coordinates":[28.9978266,41.0671791]},"properties":{"osm_id":"node/4839831777","kategori":"eczane","ad":"Şirin Eczanesi"}},{"type":"Feature","geometry":{"type":"Point","coordinates":[28.997547,41.0676021]},"properties":{"osm_id":"node/4839831778","kategori":"eczane","ad":"Oğuz Kağan Eczanesi"}},{"type":"Feature","geometry":{"type":"Point","coordinates":[28.998855,41.0677258]},"properties":{"osm_id":"node/4839831779","kategori":"eczane","ad":"Mecidiyeköy Eczanesi"}},{"type":"Feature","geometry":{"type":"Point","coordinates":[29.0028991,41.0707338]},"properties":{"osm_id":"node/4839831781","kategori":"eczane","ad":"Koray Eczanesi"}},{"type":"Feature","geometry":{"type":"Point","coordinates":[29.0030453,41.0712221]},"properties":{"osm_id":"node/4839831782","kategori":"eczane","ad":"Öznur Eczanesi"}},{"type":"Feature","geometry":{"type":"Point","coordinates":[28.9987052,41.0711854]},"properties":{"osm_id":"node/4839831783","kategori":"eczane","ad":"Gülbağ Hayat Eczanesi"}},{"type":"Feature","geometry":{"type":"Point","coordinates":[29.0192624,41.0750006]},"properties":{"osm_id":"node/4839831784","kategori":"eczane","ad":"Zeynep Levent Eczanesi"}},{"type":"Feature","geometry":{"type":"Point","coordinates":[29.0210627,41.0762495]},"properties":{"osm_id":"node/4839831785","kategori":"eczane","ad":"Levent Fenil Eczanesi"}},{"type":"Feature","geometry":{"type":"Point","coordinates":[29.0271044,41.0780939]},"properties":{"osm_id":"node/4839831786","kategori":"eczane","ad":"Aran Eczanesi"}},{"type":"Feature","geometry":{"type":"Point","coordinates":[29.027213,41.0787508]},"properties":{"osm_id":"node/4839831787","kategori":"eczane","ad":"Derman Eczanesi"}},{"type":"Feature","geometry":{"type":"Point","coordinates":[29.025424,41.0812555]},"properties":{"osm_id":"node/4839831788","kategori":"eczane","ad":"Özalp Eczanesi"}},{"type":"Feature","geometry":{"type":"Point","coordinates":[29.0267589,41.0836701]},"properties":{"osm_id":"node/4839831789","kategori":"eczane","ad":"Akadlar Eczanesi"}},{"type":"Feature","geometry":{"type":"Point","coordinates":[29.0267778,41.0870573]},"properties":{"osm_id":"node/4839831790","kategori":"eczane","ad":"Erdoğan Eczanesi"}},{"type":"Feature","geometry":{"type":"Point","coordinates":[29.0349739,41.084996]},"properties":{"osm_id":"node/4839831791","kategori":"eczane","ad":"Müge Eczanesi"}},{"type":"Feature","geometry":{"type":"Point","coordinates":[29.0363486,41.0821526]},"properties":{"osm_id":"node/4839831792","kategori":"eczane","ad":"Etiler Gün Eczanesi"}},{"type":"Feature","geometry":{"type":"Point","coordinates":[29.0382814,41.0853857]},"properties":{"osm_id":"node/4839831793","kategori":"eczane","ad":"Sema Eczanesi"}},{"type":"Feature","geometry":{"type":"Point","coordinates":[29.0459401,41.0877324]},"properties":{"osm_id":"node/4839831794","kategori":"eczane","ad":"Şeyma Eczanesi"}},{"type":"Feature","geometry":{"type":"Point","coordinates":[29.0450193,41.0796567]},"properties":{"osm_id":"node/4839831795","kategori":"eczane","ad":"Arel Eczanesi"}},{"type":"Feature","geometry":{"type":"Point","coordinates":[28.9744548,41.0542113]},"properties":{"osm_id":"node/4839831796","kategori":"eczane","ad":"Erçin Eczanesi"}},{"type":"Feature","geometry":{"type":"Point","coordinates":[28.9745743,41.0538806]},"properties":{"osm_id":"node/4839831797","kategori":"eczane","ad":"Feriköy Deva Eczanesi"}},{"type":"Feature","geometry":{"type":"Point","coordinates":[28.9756962,41.0512608]},"properties":{"osm_id":"node/4839831798","kategori":"eczane","ad":"Feriköy Hayat Eczanesi"}},{"type":"Feature","geometry":{"type":"Point","coordinates":[28.9804839,41.0478233]},"properties":{"osm_id":"node/4839831800","kategori":"eczane","ad":"Limon Eczanesi"}},{"type":"Feature","geometry":{"type":"Point","coordinates":[28.9815087,41.0463012]},"properties":{"osm_id":"node/4839831801","kategori":"eczane","ad":"Buket Eczanesi"}},{"type":"Feature","geometry":{"type":"Point","coordinates":[28.9787815,41.0456091]},"properties":{"osm_id":"node/4839831802","kategori":"eczane","ad":"Altay Eczanesi"}},{"type":"Feature","geometry":{"type":"Point","coordinates":[28.9786926,41.0454986]},"properties":{"osm_id":"node/4839831803","kategori":"eczane","ad":"Kurtuluş Aslı Eczanesi"}},{"type":"Feature","geometry":{"type":"Point","coordinates":[28.9704305,41.0819352]},"properties":{"osm_id":"node/4839834921","kategori":"eczane","ad":"Şelale Eczanesi"}},{"type":"Feature","geometry":{"type":"Point","coordinates":[28.6747448,41.0450447]},"properties":{"osm_id":"node/4840413032","kategori":"eczane","ad":"Esenyurt İbni Sina Eczanesi"}},{"type":"Feature","geometry":{"type":"Point","coordinates":[28.6774877,41.0430017]},"properties":{"osm_id":"node/4840413033","kategori":"eczane","ad":"Yurt Eczanesi"}},{"type":"Feature","geometry":{"type":"Point","coordinates":[28.6685207,41.04362]},"properties":{"osm_id":"node/4840413034","kategori":"eczane","ad":"Ataklı Eczanesi"}},{"type":"Feature","geometry":{"type":"Point","coordinates":[28.665866,41.0421437]},"properties":{"osm_id":"node/4840413035","kategori":"eczane","ad":"Güven Eczanesi"}},{"type":"Feature","geometry":{"type":"Point","coordinates":[28.6631992,41.0434394]},"properties":{"osm_id":"node/4840413036","kategori":"eczane","ad":"Kuzuyolu Eczanesi"}},{"type":"Feature","geometry":{"type":"Point","coordinates":[28.6517481,41.0394189]},"properties":{"osm_id":"node/4840413037","kategori":"eczane","ad":"Halk Eczanesi"}},{"type":"Feature","geometry":{"type":"Point","coordinates":[28.6443447,41.0241345]},"properties":{"osm_id":"node/4840413038","kategori":"eczane","ad":"Akyürek Eczanesi"}},{"type":"Feature","geometry":{"type":"Point","coordinates":[28.6396157,41.0208343]},"properties":{"osm_id":"node/4840413039","kategori":"eczane","ad":"Ayışığı Eczanesi"}},{"type":"Feature","geometry":{"type":"Point","coordinates":[28.6466367,41.0165033]},"properties":{"osm_id":"node/4840413040","kategori":"eczane","ad":"Ecemre Eczanesi"}},{"type":"Feature","geometry":{"type":"Point","coordinates":[28.6480436,41.018512]},"properties":{"osm_id":"node/4840413041","kategori":"eczane","ad":"Doğa Eczanesi"}},{"type":"Feature","geometry":{"type":"Point","coordinates":[28.6522215,41.0162972]},"properties":{"osm_id":"node/4840413042","kategori":"eczane","ad":"Ülker Eczanesi"}},{"type":"Feature","geometry":{"type":"Point","coordinates":[28.8682037,41.0123788]},"properties":{"osm_id":"node/4840413043","kategori":"eczane","ad":"İlkyuva Eczanesi"}},{"type":"Feature","geometry":{"type":"Point","coordinates":[28.6770778,41.0411261]},"properties":{"osm_id":"node/4840415923","kategori":"eczane","ad":"En Merkez Eczanesi"}},{"type":"Feature","geometry":{"type":"Point","coordinates":[28.6521482,41.0393808]},"properties":{"osm_id":"node/4840415924","kategori":"eczane","ad":"Zengin Eczanesi"}},{"type":"Feature","geometry":{"type":"Point","coordinates":[28.6365428,41.0208466]},"properties":{"osm_id":"node/4840415925","kategori":"eczane","ad":"Serpil Eczanesi"}},{"type":"Feature","geometry":{"type":"Point","coordinates":[28.6537727,41.0160375]},"properties":{"osm_id":"node/4840415927","kategori":"eczane","ad":"Neşem Eczanesi"}},{"type":"Feature","geometry":{"type":"Point","coordinates":[28.6545805,41.0160303]},"properties":{"osm_id":"node/4840415928","kategori":"eczane","ad":"Gözde Eczanesi"}},{"type":"Feature","geometry":{"type":"Point","coordinates":[28.6542477,41.0144635]},"properties":{"osm_id":"node/4840415929","kategori":"eczane","ad":"Yavuz Eczanesi"}},{"type":"Feature","geometry":{"type":"Point","coordinates":[28.8695419,41.0098663]},"properties":{"osm_id":"node/4840415930","kategori":"eczane","ad":"Yahya Eczanesi"}},{"type":"Feature","geometry":{"type":"Point","coordinates":[28.873472,41.011254]},"properties":{"osm_id":"node/4840415931","kategori":"eczane","ad":"Şifa Eczanesi"}},{"type":"Feature","geometry":{"type":"Point","coordinates":[28.8674381,41.0107757]},"properties":{"osm_id":"node/4840415932","kategori":"eczane","ad":"Aydın Yılmaz Eczanesi"}},{"type":"Feature","geometry":{"type":"Point","coordinates":[28.8670969,41.0108679]},"properties":{"osm_id":"node/4840415933","kategori":"eczane","ad":"Park Eczanesi"}},{"type":"Feature","geometry":{"type":"Point","coordinates":[28.871896,41.0258616]},"properties":{"osm_id":"node/4840415934","kategori":"eczane","ad":"Gün Burak Eczanesi"}},{"type":"Feature","geometry":{"type":"Point","coordinates":[28.8720281,41.0241137]},"properties":{"osm_id":"node/4840415935","kategori":"eczane","ad":"Pervin Eczanesi"}},{"type":"Feature","geometry":{"type":"Point","coordinates":[28.8728658,41.0216252]},"properties":{"osm_id":"node/4840415936","kategori":"eczane","ad":"Eser Eczanesi"}},{"type":"Feature","geometry":{"type":"Point","coordinates":[28.8745939,41.0197037]},"properties":{"osm_id":"node/4840415937","kategori":"eczane","ad":"Güzel Eczanesi"}},{"type":"Feature","geometry":{"type":"Point","coordinates":[28.6756917,41.0415735]},"properties":{"osm_id":"node/4840427523","kategori":"eczane","ad":"Hocaoğlu Eczanesi"}},{"type":"Feature","geometry":{"type":"Point","coordinates":[28.666995,41.0426136]},"properties":{"osm_id":"node/4840427524","kategori":"eczane","ad":"Bilican Eczanesi"}},{"type":"Feature","geometry":{"type":"Point","coordinates":[28.6625697,41.0450486]},"properties":{"osm_id":"node/4840427525","kategori":"eczane","ad":"Örnek Eczanesi"}},{"type":"Feature","geometry":{"type":"Point","coordinates":[28.6518692,41.0402802]},"properties":{"osm_id":"node/4840427526","kategori":"eczane","ad":"Evin Eczanesi"}},{"type":"Feature","geometry":{"type":"Point","coordinates":[28.6420487,41.0176323]},"properties":{"osm_id":"node/4840427527","kategori":"eczane","ad":"İksir Eczanesi"}},{"type":"Feature","geometry":{"type":"Point","coordinates":[28.6495435,41.0188579]},"properties":{"osm_id":"node/4840427528","kategori":"eczane","ad":"İyi Yaşam Eczanesi"}},{"type":"Feature","geometry":{"type":"Point","coordinates":[28.8698873,41.0117209]},"properties":{"osm_id":"node/4840427529","kategori":"eczane","ad":"Efendiler Eczanesi"}},{"type":"Feature","geometry":{"type":"Point","coordinates":[28.8703363,41.0108424]},"properties":{"osm_id":"node/4840427530","kategori":"eczane","ad":"İnan Eczanesi"}},{"type":"Feature","geometry":{"type":"Point","coordinates":[28.8716014,41.0259445]},"properties":{"osm_id":"node/4840427531","kategori":"eczane","ad":"Canser Eczanesi"}},{"type":"Feature","geometry":{"type":"Point","coordinates":[28.872829,41.0256207]},"properties":{"osm_id":"node/4840427532","kategori":"eczane","ad":"Cenk Eczanesi"}},{"type":"Feature","geometry":{"type":"Point","coordinates":[28.873625,41.0206066]},"properties":{"osm_id":"node/4840427533","kategori":"eczane","ad":"Serdar Eczanesi"}},{"type":"Feature","geometry":{"type":"Point","coordinates":[28.876004,41.0182038]},"properties":{"osm_id":"node/4840427534","kategori":"eczane","ad":"Yazıcı Eczanesi"}},{"type":"Feature","geometry":{"type":"Point","coordinates":[28.8781623,41.0204441]},"properties":{"osm_id":"node/4840427535","kategori":"eczane","ad":"Özge Eczanesi"}},{"type":"Feature","geometry":{"type":"Point","coordinates":[28.8781381,41.0202239]},"properties":{"osm_id":"node/4840427536","kategori":"eczane","ad":"Şimşek Eczanesi"}},{"type":"Feature","geometry":{"type":"Point","coordinates":[28.8794909,41.0210615]},"properties":{"osm_id":"node/4840427537","kategori":"eczane","ad":"Ümit Eczanesi"}},{"type":"Feature","geometry":{"type":"Point","coordinates":[28.6457334,41.0169662]},"properties":{"osm_id":"node/4840427623","kategori":"eczane","ad":"Newista Eczanesi"}},{"type":"Feature","geometry":{"type":"Point","coordinates":[28.872553,41.0273558]},"properties":{"osm_id":"node/4840427624","kategori":"eczane","ad":"Dünya Eczanesi"}},{"type":"Feature","geometry":{"type":"Point","coordinates":[28.876243,41.0180147]},"properties":{"osm_id":"node/4840427625","kategori":"eczane","ad":"Yücel Eczanesi"}},{"type":"Feature","geometry":{"type":"Point","coordinates":[28.6733236,41.0452641]},"properties":{"osm_id":"node/4840427723","kategori":"eczane","ad":"Lotus Eczanesi"}},{"type":"Feature","geometry":{"type":"Point","coordinates":[28.8731871,41.0251901]},"properties":{"osm_id":"node/4840427724","kategori":"eczane","ad":"Serpil Eczanesi"}},{"type":"Feature","geometry":{"type":"Point","coordinates":[28.8695109,41.0096372]},"properties":{"osm_id":"node/4840433521","kategori":"eczane","ad":"Çelikel Eczanesi"}},{"type":"Feature","geometry":{"type":"Point","coordinates":[29.2656152,40.9758815]},"properties":{"osm_id":"node/4840464224","kategori":"eczane","ad":"Çiğdem Eczanesi"}},{"type":"Feature","geometry":{"type":"Point","coordinates":[28.8816801,41.027167]},"properties":{"osm_id":"node/4840470621","kategori":"eczane","ad":"Çiftçiler Eczanesi"}},{"type":"Feature","geometry":{"type":"Point","coordinates":[29.3337866,41.078893]},"properties":{"osm_id":"node/4840470721","kategori":"eczane","ad":"Ömerli Eczanesi"}},{"type":"Feature","geometry":{"type":"Point","coordinates":[29.2650743,40.9758449]},"properties":{"osm_id":"node/4840470723","kategori":"eczane","ad":"Güneş Eczanesi"}},{"type":"Feature","geometry":{"type":"Point","coordinates":[29.2656774,40.9757392]},"properties":{"osm_id":"node/4840471221","kategori":"eczane","ad":"Deva Eczanesi"}},{"type":"Feature","geometry":{"type":"Point","coordinates":[28.7933868,40.9812205]},"properties":{"osm_id":"node/4841880624","kategori":"eczane","ad":"Biblos Eczanesi"}},{"type":"Feature","geometry":{"type":"Point","coordinates":[28.793055,40.9812244]},"properties":{"osm_id":"node/4841880824","kategori":"eczane","ad":"Nimet Eczanesi"}},{"type":"Feature","geometry":{"type":"Point","coordinates":[28.8252516,41.0395984]},"properties":{"osm_id":"node/4841880825","kategori":"eczane","ad":"Erguvan Eczanesi"}},{"type":"Feature","geometry":{"type":"Point","coordinates":[28.8281322,41.0315637]},"properties":{"osm_id":"node/4841880826","kategori":"eczane","ad":"Güneşli Hürriyet Eczanesi"}},{"type":"Feature","geometry":{"type":"Point","coordinates":[28.8279856,41.0312532]},"properties":{"osm_id":"node/4841880827","kategori":"eczane","ad":"Emel Eczanesi"}},{"type":"Feature","geometry":{"type":"Point","coordinates":[28.6722553,41.056861]},"properties":{"osm_id":"node/4841880828","kategori":"eczane","ad":"Güngör Eczanesi"}},{"type":"Feature","geometry":{"type":"Point","coordinates":[28.6722973,41.0571059]},"properties":{"osm_id":"node/4841880829","kategori":"eczane","ad":"Pharmaliz Eczanesi"}},{"type":"Feature","geometry":{"type":"Point","coordinates":[28.7818568,40.9857458]},"properties":{"osm_id":"node/4841880923","kategori":"eczane","ad":"Derya Eczanesi"}},{"type":"Feature","geometry":{"type":"Point","coordinates":[28.784464,40.9867824]},"properties":{"osm_id":"node/4841880924","kategori":"eczane","ad":"Gülden Eczanesi"}},{"type":"Feature","geometry":{"type":"Point","coordinates":[28.8265954,41.0361051]},"properties":{"osm_id":"node/4841880925","kategori":"eczane","ad":"Çiğdem Eczanesi"}},{"type":"Feature","geometry":{"type":"Point","coordinates":[28.6680209,41.0591553]},"properties":{"osm_id":"node/4841880926","kategori":"eczane","ad":"İrem Güçlü Eczanesi"}},{"type":"Feature","geometry":{"type":"Point","coordinates":[28.6668566,41.0561073]},"properties":{"osm_id":"node/4841880927","kategori":"eczane","ad":"Akbatı Eczanesi"}},{"type":"Feature","geometry":{"type":"Point","coordinates":[28.6756648,41.0600801]},"properties":{"osm_id":"node/4841880928","kategori":"eczane","ad":"İstanbul Eczanesi"}},{"type":"Feature","geometry":{"type":"Point","coordinates":[28.6751279,41.0597109]},"properties":{"osm_id":"node/4841880929","kategori":"eczane","ad":"Derman Eczanesi"}},{"type":"Feature","geometry":{"type":"Point","coordinates":[28.6675075,41.0638423]},"properties":{"osm_id":"node/4841880930","kategori":"eczane","ad":"Can Eczanesi"}},{"type":"Feature","geometry":{"type":"Point","coordinates":[28.7983159,40.9656294]},"properties":{"osm_id":"node/4841881122","kategori":"eczane","ad":"Akvaryum Eczanesi"}},{"type":"Feature","geometry":{"type":"Point","coordinates":[28.7825569,40.9865218]},"properties":{"osm_id":"node/4841881124","kategori":"eczane","ad":"Sağlık Eczanesi"}},{"type":"Feature","geometry":{"type":"Point","coordinates":[28.8247665,41.0657911]},"properties":{"osm_id":"node/4841881125","kategori":"eczane","ad":"İstoç Eczanesi"}},{"type":"Feature","geometry":{"type":"Point","coordinates":[28.824343,41.037817]},"properties":{"osm_id":"node/4841881126","kategori":"eczane","ad":"Sueda Eczanesi"}},{"type":"Feature","geometry":{"type":"Point","coordinates":[28.8264018,41.0341154]},"properties":{"osm_id":"node/4841881127","kategori":"eczane","ad":"Kırımlı Eczanesi"}},{"type":"Feature","geometry":{"type":"Point","coordinates":[28.8269801,41.0325704]},"properties":{"osm_id":"node/4841881128","kategori":"eczane","ad":"İstanbul Deniz Eczanesi"}},{"type":"Feature","geometry":{"type":"Point","coordinates":[28.8284285,41.0314392]},"properties":{"osm_id":"node/4841881129","kategori":"eczane","ad":"Bellis Eczanesi"}},{"type":"Feature","geometry":{"type":"Point","coordinates":[28.826474,41.0313293]},"properties":{"osm_id":"node/4841881130","kategori":"eczane","ad":"Güneşli Alpan Eczanesi"}},{"type":"Feature","geometry":{"type":"Point","coordinates":[28.8252889,41.0397751]},"properties":{"osm_id":"node/4841900921","kategori":"eczane","ad":"Ninova Eczanesi"}},{"type":"Feature","geometry":{"type":"Point","coordinates":[28.8273113,41.0381679]},"properties":{"osm_id":"node/4841900922","kategori":"eczane","ad":"Günaydın Eczanesi"}},{"type":"Feature","geometry":{"type":"Point","coordinates":[28.8296646,41.0326187]},"properties":{"osm_id":"node/4841900923","kategori":"eczane","ad":"Huzur Eczanesi"}},{"type":"Feature","geometry":{"type":"Point","coordinates":[28.8275549,41.0313867]},"properties":{"osm_id":"node/4841900924","kategori":"eczane","ad":"Deva Eczanesi"}},{"type":"Feature","geometry":{"type":"Point","coordinates":[28.6723943,41.0592905]},"properties":{"osm_id":"node/4841900925","kategori":"eczane","ad":"Deniz Eczanesi"}},{"type":"Feature","geometry":{"type":"Point","coordinates":[28.6765422,41.0575707]},"properties":{"osm_id":"node/4841900926","kategori":"eczane","ad":"Elit Eczanesi"}},{"type":"Feature","geometry":{"type":"Point","coordinates":[28.6721847,41.0569895]},"properties":{"osm_id":"node/4841902721","kategori":"eczane","ad":"Sevinç Şenel Özdemir Eczanesi"}},{"type":"Feature","geometry":{"type":"Point","coordinates":[28.7145174,41.0600154]},"properties":{"osm_id":"node/4842130033","kategori":"eczane","ad":"Esra Ilıca Eczanesi"}},{"type":"Feature","geometry":{"type":"Point","coordinates":[28.8705769,41.0214384]},"properties":{"osm_id":"node/4842130035","kategori":"eczane","ad":"Ezgi Eczanesi"}},{"type":"Feature","geometry":{"type":"Point","coordinates":[28.7335013,41.0671485]},"properties":{"osm_id":"node/4842130122","kategori":"eczane","ad":"Beyza Eczanesi"}},{"type":"Feature","geometry":{"type":"Point","coordinates":[28.870415,41.0214681]},"properties":{"osm_id":"node/4842130224","kategori":"eczane","ad":"Su Eczanesi"}},{"type":"Feature","geometry":{"type":"Point","coordinates":[28.7143165,41.0647135]},"properties":{"osm_id":"node/4842130325","kategori":"eczane","ad":"Ispartakule Eczanesi"}},{"type":"Feature","geometry":{"type":"Point","coordinates":[28.712598,41.0634111]},"properties":{"osm_id":"node/4842130326","kategori":"eczane","ad":"İjlal öner Eczanesi"}},{"type":"Feature","geometry":{"type":"Point","coordinates":[28.71479,41.0578374]},"properties":{"osm_id":"node/4842130327","kategori":"eczane","ad":"Elif Karpuz Eczanesi"}},{"type":"Feature","geometry":{"type":"Point","coordinates":[28.8707632,41.0213785]},"properties":{"osm_id":"node/4842130328","kategori":"eczane","ad":"Gönderen Bahar Eczanesi"}},{"type":"Feature","geometry":{"type":"Point","coordinates":[28.8679431,41.020548]},"properties":{"osm_id":"node/4842130329","kategori":"eczane","ad":"Ufuk Eczanesi"}},{"type":"Feature","geometry":{"type":"Point","coordinates":[28.8668624,41.020558]},"properties":{"osm_id":"node/4842130330","kategori":"eczane","ad":"Furkan Eczanesi"}},{"type":"Feature","geometry":{"type":"Point","coordinates":[28.866467,41.0206371]},"properties":{"osm_id":"node/4842130331","kategori":"eczane","ad":"Güler Eczanesi"}},{"type":"Feature","geometry":{"type":"Point","coordinates":[28.7268589,41.0618647]},"properties":{"osm_id":"node/4842130533","kategori":"eczane","ad":"Tahtakale Eczanesi"}},{"type":"Feature","geometry":{"type":"Point","coordinates":[28.7277836,41.0601696]},"properties":{"osm_id":"node/4842130534","kategori":"eczane","ad":"Bizim Eczane"}},{"type":"Feature","geometry":{"type":"Point","coordinates":[28.7075919,41.0623899]},"properties":{"osm_id":"node/4842130535","kategori":"eczane","ad":"Zencefil Eczanesi"}},{"type":"Feature","geometry":{"type":"Point","coordinates":[28.8698643,41.0216599]},"properties":{"osm_id":"node/4842130536","kategori":"eczane","ad":"Yeni İrem Eczanesi"}},{"type":"Feature","geometry":{"type":"Point","coordinates":[28.9345436,41.0021324]},"properties":{"osm_id":"node/4842615189","kategori":"eczane","ad":"Hayat eczanesi"}},{"type":"Feature","geometry":{"type":"Point","coordinates":[29.030248,41.0354691]},"properties":{"osm_id":"node/4843888622","kategori":"eczane","ad":"Kuzguncuk Eczanesi"}},{"type":"Feature","geometry":{"type":"Point","coordinates":[29.0444284,41.0438277]},"properties":{"osm_id":"node/4843888623","kategori":"eczane","ad":"Sezi Eczanesi"}},{"type":"Feature","geometry":{"type":"Point","coordinates":[29.0457325,41.0442804]},"properties":{"osm_id":"node/4843888624","kategori":"eczane","ad":"Beylerbeyi Eczanesi"}},{"type":"Feature","geometry":{"type":"Point","coordinates":[29.0626901,41.0372776]},"properties":{"osm_id":"node/4843888625","kategori":"eczane","ad":"İncir Eczanesi"}},{"type":"Feature","geometry":{"type":"Point","coordinates":[29.062359,41.0354243]},"properties":{"osm_id":"node/4843888626","kategori":"eczane","ad":"Büşra Eczanesi"}},{"type":"Feature","geometry":{"type":"Point","coordinates":[29.0581309,41.0281995]},"properties":{"osm_id":"node/4843888627","kategori":"eczane","ad":"Tuğba Eczanesi"}},{"type":"Feature","geometry":{"type":"Point","coordinates":[29.0535025,41.0277241]},"properties":{"osm_id":"node/4843888628","kategori":"eczane","ad":"Omay Eczanesi"}},{"type":"Feature","geometry":{"type":"Point","coordinates":[29.0621572,41.0218224]},"properties":{"osm_id":"node/4843888629","kategori":"eczane","ad":"Çamlıca Meydan Eczanesi"}},{"type":"Feature","geometry":{"type":"Point","coordinates":[29.042204,41.0248407]},"properties":{"osm_id":"node/4843888631","kategori":"eczane","ad":"Murat Eczanesi"}},{"type":"Feature","geometry":{"type":"Point","coordinates":[29.0413655,41.024447]},"properties":{"osm_id":"node/4843888632","kategori":"eczane","ad":"Gültekin Eczanesi"}},{"type":"Feature","geometry":{"type":"Point","coordinates":[29.0853443,40.9862123]},"properties":{"osm_id":"node/4843888633","kategori":"eczane","ad":"Zeytindalı Eczanesi"}},{"type":"Feature","geometry":{"type":"Point","coordinates":[29.0859893,40.9848908]},"properties":{"osm_id":"node/4843888634","kategori":"eczane","ad":"Mavi Sahrayıcedit Eczanesi"}},{"type":"Feature","geometry":{"type":"Point","coordinates":[29.0297695,41.0358144]},"properties":{"osm_id":"node/4843891823","kategori":"eczane","ad":"Deniz Eczanesi"}},{"type":"Feature","geometry":{"type":"Point","coordinates":[29.0304491,41.0349529]},"properties":{"osm_id":"node/4843894121","kategori":"eczane","ad":"Nur Eczanesi"}},{"type":"Feature","geometry":{"type":"Point","coordinates":[29.051764,41.0394901]},"properties":{"osm_id":"node/4843894122","kategori":"eczane","ad":"Ilgar Eczanesi"}},{"type":"Feature","geometry":{"type":"Point","coordinates":[29.0616445,41.0365109]},"properties":{"osm_id":"node/4843894123","kategori":"eczane","ad":"Kiraz Eczanesi"}},{"type":"Feature","geometry":{"type":"Point","coordinates":[29.058068,41.0276337]},"properties":{"osm_id":"node/4843894124","kategori":"eczane","ad":"Dila Eczanesi"}},{"type":"Feature","geometry":{"type":"Point","coordinates":[29.0563885,41.0247338]},"properties":{"osm_id":"node/4843894125","kategori":"eczane","ad":"Sinem Eczanesi"}},{"type":"Feature","geometry":{"type":"Point","coordinates":[29.0571694,41.0248344]},"properties":{"osm_id":"node/4843894126","kategori":"eczane","ad":"Çamlıca Aslıhan Eczanesi"}},{"type":"Feature","geometry":{"type":"Point","coordinates":[29.060032,41.0257486]},"properties":{"osm_id":"node/4843894127","kategori":"eczane","ad":"Yeni Sümer Eczanesi"}},{"type":"Feature","geometry":{"type":"Point","coordinates":[29.0818603,40.9868307]},"properties":{"osm_id":"node/4843894128","kategori":"eczane","ad":"Aylin Eczanesi"}},{"type":"Feature","geometry":{"type":"Point","coordinates":[29.0879161,40.9845829]},"properties":{"osm_id":"node/4843894129","kategori":"eczane","ad":"Ahmet Ferit Eczanesi"}},{"type":"Feature","geometry":{"type":"Point","coordinates":[29.0877452,40.9841466]},"properties":{"osm_id":"node/4843894130","kategori":"eczane","ad":"Güleşce Eczanesi"}},{"type":"Feature","geometry":{"type":"Point","coordinates":[29.0861427,40.9842784]},"properties":{"osm_id":"node/4843894131","kategori":"eczane","ad":"Barış Eczanesi"}},{"type":"Feature","geometry":{"type":"Point","coordinates":[29.0841457,40.9838039]},"properties":{"osm_id":"node/4843894133","kategori":"eczane","ad":"Çiçek Eczanesi"}},{"type":"Feature","geometry":{"type":"Point","coordinates":[29.0845021,40.9815687]},"properties":{"osm_id":"node/4843894134","kategori":"eczane","ad":"Kekik Eczanesi"}},{"type":"Feature","geometry":{"type":"Point","coordinates":[29.0819799,40.9814456]},"properties":{"osm_id":"node/4843894135","kategori":"eczane","ad":"Kamile Eczanesi"}},{"type":"Feature","geometry":{"type":"Point","coordinates":[29.0834624,40.9784406]},"properties":{"osm_id":"node/4843894136","kategori":"eczane","ad":"Esin Eczanesi"}},{"type":"Feature","geometry":{"type":"Point","coordinates":[29.085279,40.9778236]},"properties":{"osm_id":"node/4843894137","kategori":"eczane","ad":"Anık Eczanesi"}},{"type":"Feature","geometry":{"type":"Point","coordinates":[29.0835338,40.9757085]},"properties":{"osm_id":"node/4843894138","kategori":"eczane","ad":"Alioğlu Eczanesi"}},{"type":"Feature","geometry":{"type":"Point","coordinates":[29.0582967,41.0382481]},"properties":{"osm_id":"node/4843894221","kategori":"eczane","ad":"Temel Eczanesi"}},{"type":"Feature","geometry":{"type":"Point","coordinates":[29.0611303,41.0323417]},"properties":{"osm_id":"node/4843894222","kategori":"eczane","ad":"Küplüce Eczanesi"}},{"type":"Feature","geometry":{"type":"Point","coordinates":[29.0862475,40.9850283]},"properties":{"osm_id":"node/4843894223","kategori":"eczane","ad":"Seden Eczanesi"}},{"type":"Feature","geometry":{"type":"Point","coordinates":[29.0854835,40.984445]},"properties":{"osm_id":"node/4843894224","kategori":"eczane","ad":"Denizoğlu Eczanesi"}},{"type":"Feature","geometry":{"type":"Point","coordinates":[29.0844995,40.9758671]},"properties":{"osm_id":"node/4843894225","kategori":"eczane","ad":"Taniş Eczanesi"}},{"type":"Feature","geometry":{"type":"Point","coordinates":[29.0835598,40.9806513]},"properties":{"osm_id":"node/4843894621","kategori":"eczane","ad":"Sepkin Eczanesi"}},{"type":"Feature","geometry":{"type":"Point","coordinates":[29.0941684,41.0234495]},"properties":{"osm_id":"node/4844328328","kategori":"eczane","ad":"Burcu Eczanesi"}},{"type":"Feature","geometry":{"type":"Point","coordinates":[29.0962004,41.0232953]},"properties":{"osm_id":"node/4844328329","kategori":"eczane","ad":"Bilge Eczanesi"}},{"type":"Feature","geometry":{"type":"Point","coordinates":[29.0980298,41.0240328]},"properties":{"osm_id":"node/4844328330","kategori":"eczane","ad":"Esra Eczanesi"}},{"type":"Feature","geometry":{"type":"Point","coordinates":[29.1016697,41.0249257]},"properties":{"osm_id":"node/4844328331","kategori":"eczane","ad":"Tuna Eczanesi"}},{"type":"Feature","geometry":{"type":"Point","coordinates":[29.100605,41.025143]},"properties":{"osm_id":"node/4844328332","kategori":"eczane","ad":"Ünal Eczanesi"}},{"type":"Feature","geometry":{"type":"Point","coordinates":[29.1018459,41.0231011]},"properties":{"osm_id":"node/4844328333","kategori":"eczane","ad":"İstiklal Eczanesi"}},{"type":"Feature","geometry":{"type":"Point","coordinates":[29.0921557,41.0206347]},"properties":{"osm_id":"node/4844328334","kategori":"eczane","ad":"Ceren Eczanesi"}},{"type":"Feature","geometry":{"type":"Point","coordinates":[29.1004581,41.013366]},"properties":{"osm_id":"node/4844328335","kategori":"eczane","ad":"Candan Eczanesi"}},{"type":"Feature","geometry":{"type":"Point","coordinates":[29.0955213,41.0108991]},"properties":{"osm_id":"node/4844328336","kategori":"eczane","ad":"Nazlı Eczanesi"}},{"type":"Feature","geometry":{"type":"Point","coordinates":[29.091932,41.0135266]},"properties":{"osm_id":"node/4844328337","kategori":"eczane","ad":"Gözde Eczanesi"}},{"type":"Feature","geometry":{"type":"Point","coordinates":[29.0947837,41.0050157]},"properties":{"osm_id":"node/4844328339","kategori":"eczane","ad":"Mustafa Kemal Eczanesi"}},{"type":"Feature","geometry":{"type":"Point","coordinates":[29.0813496,41.0036132]},"properties":{"osm_id":"node/4844328340","kategori":"eczane","ad":"Figen Eczanesi"}},{"type":"Feature","geometry":{"type":"Point","coordinates":[29.0819055,41.0057741]},"properties":{"osm_id":"node/4844328341","kategori":"eczane","ad":"Yılmaz Eczanesi"}},{"type":"Feature","geometry":{"type":"Point","coordinates":[29.0783729,41.003039]},"properties":{"osm_id":"node/4844328342","kategori":"eczane","ad":"Sinem Eczanesi"}},{"type":"Feature","geometry":{"type":"Point","coordinates":[29.0796576,41.0025148]},"properties":{"osm_id":"node/4844328343","kategori":"eczane","ad":"Kaplan Eczanesi"}},{"type":"Feature","geometry":{"type":"Point","coordinates":[29.0805752,40.9986232]},"properties":{"osm_id":"node/4844328345","kategori":"eczane","ad":"Efsun Eczanesi"}},{"type":"Feature","geometry":{"type":"Point","coordinates":[29.1014445,41.0235679]},"properties":{"osm_id":"node/4844328528","kategori":"eczane","ad":"Mithatpaşa Eczanesi"}},{"type":"Feature","geometry":{"type":"Point","coordinates":[29.0967011,41.021641]},"properties":{"osm_id":"node/4844328529","kategori":"eczane","ad":"Gürsu Eczanesi"}},{"type":"Feature","geometry":{"type":"Point","coordinates":[29.0910775,41.0173321]},"properties":{"osm_id":"node/4844328530","kategori":"eczane","ad":"Eser Eczanesi"}},{"type":"Feature","geometry":{"type":"Point","coordinates":[29.0938167,41.0173104]},"properties":{"osm_id":"node/4844328531","kategori":"eczane","ad":"Ümraniye Eczanesi"}},{"type":"Feature","geometry":{"type":"Point","coordinates":[29.100126,41.015209]},"properties":{"osm_id":"node/4844328532","kategori":"eczane","ad":"Yeni Büyük Eczanesi"}},{"type":"Feature","geometry":{"type":"Point","coordinates":[29.1036571,41.0149714]},"properties":{"osm_id":"node/4844328533","kategori":"eczane","ad":"Gonca Eczanesi"}},{"type":"Feature","geometry":{"type":"Point","coordinates":[29.1007926,41.0166331]},"properties":{"osm_id":"node/4844328534","kategori":"eczane","ad":"Aylin Eczanesi"}},{"type":"Feature","geometry":{"type":"Point","coordinates":[29.0939097,41.0121175]},"properties":{"osm_id":"node/4844328535","kategori":"eczane","ad":"Alp Eczanesi"}},{"type":"Feature","geometry":{"type":"Point","coordinates":[29.0934787,41.003976]},"properties":{"osm_id":"node/4844328536","kategori":"eczane","ad":"Üstündağ Eczanesi"}},{"type":"Feature","geometry":{"type":"Point","coordinates":[29.093227,41.0039941]},"properties":{"osm_id":"node/4844328537","kategori":"eczane","ad":"Gönül Eczanesi"}},{"type":"Feature","geometry":{"type":"Point","coordinates":[29.0860009,41.0031029]},"properties":{"osm_id":"node/4844328538","kategori":"eczane","ad":"Esatpaşa Bizim Eczanesi"}},{"type":"Feature","geometry":{"type":"Point","coordinates":[29.0849508,41.0031138]},"properties":{"osm_id":"node/4844328539","kategori":"eczane","ad":"Fikret Aygün Eczanesi"}},{"type":"Feature","geometry":{"type":"Point","coordinates":[29.048868,40.990671]},"properties":{"osm_id":"node/4844328540","kategori":"eczane","ad":"Serap Eczanesi"}},{"type":"Feature","geometry":{"type":"Point","coordinates":[29.0487865,40.9905099]},"properties":{"osm_id":"node/4844328541","kategori":"eczane","ad":"Aslı Eczanesi"}},{"type":"Feature","geometry":{"type":"Point","coordinates":[29.0490689,40.9902908]},"properties":{"osm_id":"node/4844328542","kategori":"eczane","ad":"Tülay Eczanesi"}},{"type":"Feature","geometry":{"type":"Point","coordinates":[29.0459564,40.9867251]},"properties":{"osm_id":"node/4844328543","kategori":"eczane","ad":"Karadeniz Eczanesi"}},{"type":"Feature","geometry":{"type":"Point","coordinates":[29.0908964,40.9918313]},"properties":{"osm_id":"node/4844328544","kategori":"eczane","ad":"Eylül Eczanesi"}},{"type":"Feature","geometry":{"type":"Point","coordinates":[29.0977937,40.9982781]},"properties":{"osm_id":"node/4844328545","kategori":"eczane","ad":"Eczane Duru"}},{"type":"Feature","geometry":{"type":"Point","coordinates":[29.100823,41.0000245]},"properties":{"osm_id":"node/4844328546","kategori":"eczane","ad":"Maya Eczanesi"}},{"type":"Feature","geometry":{"type":"Point","coordinates":[29.0756837,41.0525308]},"properties":{"osm_id":"node/4844328547","kategori":"eczane","ad":"Çengelköy Güçlü Eczanesi"}},{"type":"Feature","geometry":{"type":"Point","coordinates":[29.0672587,41.0578216]},"properties":{"osm_id":"node/4844328548","kategori":"eczane","ad":"Bedia Eczanesi"}},{"type":"Feature","geometry":{"type":"Point","coordinates":[29.0726199,41.0419625]},"properties":{"osm_id":"node/4844328549","kategori":"eczane","ad":"Fatih Selim Eczanesi"}},{"type":"Feature","geometry":{"type":"Point","coordinates":[29.0706781,41.0392881]},"properties":{"osm_id":"node/4844328550","kategori":"eczane","ad":"Hasippaşa Eczanesi"}},{"type":"Feature","geometry":{"type":"Point","coordinates":[29.0753802,41.0316093]},"properties":{"osm_id":"node/4844328551","kategori":"eczane","ad":"Fulya Eczanesi"}},{"type":"Feature","geometry":{"type":"Point","coordinates":[29.0749571,41.0274549]},"properties":{"osm_id":"node/4844328552","kategori":"eczane","ad":"Eczane Büyük Çamlıca"}},{"type":"Feature","geometry":{"type":"Point","coordinates":[29.0747584,41.0272438]},"properties":{"osm_id":"node/4844328553","kategori":"eczane","ad":"Büyük Çamlıca Eczanesi"}},{"type":"Feature","geometry":{"type":"Point","coordinates":[29.0787064,41.0270808]},"properties":{"osm_id":"node/4844328554","kategori":"eczane","ad":"Bizim Eczanesi"}},{"type":"Feature","geometry":{"type":"Point","coordinates":[29.0796866,41.0272179]},"properties":{"osm_id":"node/4844328555","kategori":"eczane","ad":"Çevik Eczanesi"}},{"type":"Feature","geometry":{"type":"Point","coordinates":[29.0820115,41.0251641]},"properties":{"osm_id":"node/4844328556","kategori":"eczane","ad":"Sayge Filiz Eczanesi"}},{"type":"Feature","geometry":{"type":"Point","coordinates":[29.0842809,41.0240677]},"properties":{"osm_id":"node/4844328557","kategori":"eczane","ad":"Başak Eczanesi"}},{"type":"Feature","geometry":{"type":"Point","coordinates":[29.0882907,41.0240418]},"properties":{"osm_id":"node/4844328558","kategori":"eczane","ad":"Bayram Eczanesi"}},{"type":"Feature","geometry":{"type":"Point","coordinates":[29.0907588,41.0239976]},"properties":{"osm_id":"node/4844328559","kategori":"eczane","ad":"Sağlık Eczanesi"}},{"type":"Feature","geometry":{"type":"Point","coordinates":[29.093192,41.023622]},"properties":{"osm_id":"node/4844328560","kategori":"eczane","ad":"Yeni Sevgi Eczanesi"}},{"type":"Feature","geometry":{"type":"Point","coordinates":[29.0984547,41.0217684]},"properties":{"osm_id":"node/4844358422","kategori":"eczane","ad":"Ege Eczanesi"}},{"type":"Feature","geometry":{"type":"Point","coordinates":[29.0903951,41.0148362]},"properties":{"osm_id":"node/4844358423","kategori":"eczane","ad":"Eda Eczanesi"}},{"type":"Feature","geometry":{"type":"Point","coordinates":[29.0909128,40.991117]},"properties":{"osm_id":"node/4844358424","kategori":"eczane","ad":"Yeni Sahra Eczanesi"}},{"type":"Feature","geometry":{"type":"Point","coordinates":[29.1055873,40.9981971]},"properties":{"osm_id":"node/4844358425","kategori":"eczane","ad":"Vitamin Eczanesi"}},{"type":"Feature","geometry":{"type":"Point","coordinates":[29.0674311,41.0579136]},"properties":{"osm_id":"node/4844358426","kategori":"eczane","ad":"Talimhane Eczanesi"}},{"type":"Feature","geometry":{"type":"Point","coordinates":[29.0688896,41.0528019]},"properties":{"osm_id":"node/4844358427","kategori":"eczane","ad":"Atlas Eczanesi"}},{"type":"Feature","geometry":{"type":"Point","coordinates":[29.0684277,41.0526927]},"properties":{"osm_id":"node/4844358428","kategori":"eczane","ad":"Filiz Eczanesi"}},{"type":"Feature","geometry":{"type":"Point","coordinates":[29.07364,41.0420805]},"properties":{"osm_id":"node/4844358429","kategori":"eczane","ad":"Meral Eczanesi"}},{"type":"Feature","geometry":{"type":"Point","coordinates":[29.0811266,41.0245244]},"properties":{"osm_id":"node/4844358430","kategori":"eczane","ad":"Safir Eczanesi"}},{"type":"Feature","geometry":{"type":"Point","coordinates":[29.0901794,41.0240147]},"properties":{"osm_id":"node/4844358431","kategori":"eczane","ad":"Aydın Eczanesi"}},{"type":"Feature","geometry":{"type":"Point","coordinates":[29.1012385,41.023606]},"properties":{"osm_id":"node/4844369021","kategori":"eczane","ad":"Merve Eczanesi"}},{"type":"Feature","geometry":{"type":"Point","coordinates":[29.1007148,41.0153645]},"properties":{"osm_id":"node/4844369022","kategori":"eczane","ad":"Erguvan Eczanesi"}},{"type":"Feature","geometry":{"type":"Point","coordinates":[29.0931676,41.0039141]},"properties":{"osm_id":"node/4844369023","kategori":"eczane","ad":"Emre Eczanesi"}},{"type":"Feature","geometry":{"type":"Point","coordinates":[29.0801845,41.0032684]},"properties":{"osm_id":"node/4844369024","kategori":"eczane","ad":"Derin Eczanesi"}},{"type":"Feature","geometry":{"type":"Point","coordinates":[29.0555779,40.9917286]},"properties":{"osm_id":"node/4844369025","kategori":"eczane","ad":"Bulut Eczanesi"}},{"type":"Feature","geometry":{"type":"Point","coordinates":[29.0502518,40.993885]},"properties":{"osm_id":"node/4844369026","kategori":"eczane","ad":"Gülçe Eczanesi"}},{"type":"Feature","geometry":{"type":"Point","coordinates":[29.0684998,41.0527016]},"properties":{"osm_id":"node/4844369027","kategori":"eczane","ad":"Emre Eczanesi"}},{"type":"Feature","geometry":{"type":"Point","coordinates":[29.0946366,41.0165767]},"properties":{"osm_id":"node/4844369121","kategori":"eczane","ad":"Dörtyol Deva Eczanesi"}},{"type":"Feature","geometry":{"type":"Point","coordinates":[29.093596,41.0036239]},"properties":{"osm_id":"node/4844369122","kategori":"eczane","ad":"Evrim Eczanesi"}},{"type":"Feature","geometry":{"type":"Point","coordinates":[29.0483672,40.9854493]},"properties":{"osm_id":"node/4844369123","kategori":"eczane","ad":"Şafak Eczanesi"}},{"type":"Feature","geometry":{"type":"Point","coordinates":[29.0954448,41.0162521]},"properties":{"osm_id":"node/4844369221","kategori":"eczane","ad":"Sakarya Eczanesi"}},{"type":"Feature","geometry":{"type":"Point","coordinates":[29.092598,41.0136526]},"properties":{"osm_id":"node/4844369222","kategori":"eczane","ad":"Şifa Eczanesi"}},{"type":"Feature","geometry":{"type":"Point","coordinates":[29.0924578,41.0135231]},"properties":{"osm_id":"node/4844369223","kategori":"eczane","ad":"Oğuz Eczanesi"}},{"type":"Feature","geometry":{"type":"Point","coordinates":[29.0930886,41.0037599]},"properties":{"osm_id":"node/4844369224","kategori":"eczane","ad":"Sürmelioğlu Eczanesi"}},{"type":"Feature","geometry":{"type":"Point","coordinates":[29.0481948,40.988261]},"properties":{"osm_id":"node/4844369225","kategori":"eczane","ad":"Kuyubaşı Yaşam Eczanesi"}},{"type":"Feature","geometry":{"type":"Point","coordinates":[29.0463891,40.9885805]},"properties":{"osm_id":"node/4844369226","kategori":"eczane","ad":"Özel Eczanesi"}},{"type":"Feature","geometry":{"type":"Point","coordinates":[29.09106,40.9916194]},"properties":{"osm_id":"node/4844369227","kategori":"eczane","ad":"Deva Eczanesi"}},{"type":"Feature","geometry":{"type":"Point","coordinates":[29.0723093,41.0574357]},"properties":{"osm_id":"node/4844369228","kategori":"eczane","ad":"Bahçelievler Eczanesi"}},{"type":"Feature","geometry":{"type":"Point","coordinates":[29.0751419,41.031718]},"properties":{"osm_id":"node/4844369229","kategori":"eczane","ad":"Yeşim Eczanesi"}},{"type":"Feature","geometry":{"type":"Point","coordinates":[29.0745522,41.0279065]},"properties":{"osm_id":"node/4844369230","kategori":"eczane","ad":"Saygın Eczanesi"}},{"type":"Feature","geometry":{"type":"Point","coordinates":[29.0749025,41.0276136]},"properties":{"osm_id":"node/4844369231","kategori":"eczane","ad":"Nurdan Eczanesi"}},{"type":"Feature","geometry":{"type":"Point","coordinates":[29.0747095,41.0271626]},"properties":{"osm_id":"node/4844369232","kategori":"eczane","ad":"Sürmelioğlu Eczanesi"}},{"type":"Feature","geometry":{"type":"Point","coordinates":[29.0847428,41.0244132]},"properties":{"osm_id":"node/4844369233","kategori":"eczane","ad":"Büyük Eczanesi"}},{"type":"Feature","geometry":{"type":"Point","coordinates":[29.0841603,41.0246485]},"properties":{"osm_id":"node/4844369234","kategori":"eczane","ad":"Mineralim Eczanesi"}},{"type":"Feature","geometry":{"type":"Point","coordinates":[29.0839177,41.0250652]},"properties":{"osm_id":"node/4844369236","kategori":"eczane","ad":"Karanfil Eczanesi"}},{"type":"Feature","geometry":{"type":"Point","coordinates":[29.0863233,41.0248461]},"properties":{"osm_id":"node/4844369237","kategori":"eczane","ad":"Çınar Eczanesi"}},{"type":"Feature","geometry":{"type":"Point","coordinates":[29.0939167,41.0034643]},"properties":{"osm_id":"node/4844369238","kategori":"eczane","ad":"Doğa Eczanesi"}},{"type":"Feature","geometry":{"type":"Point","coordinates":[29.0765191,41.0527479]},"properties":{"osm_id":"node/4844371921","kategori":"eczane","ad":"Duygu Eczanesi"}},{"type":"Feature","geometry":{"type":"Point","coordinates":[29.0822704,41.0237309]},"properties":{"osm_id":"node/4844371922","kategori":"eczane","ad":"Ömer Eczanesi"}},{"type":"Feature","geometry":{"type":"Point","coordinates":[29.1172668,41.0101117]},"properties":{"osm_id":"node/4845218138","kategori":"eczane","ad":null}},{"type":"Feature","geometry":{"type":"Point","coordinates":[29.0302361,41.026988]},"properties":{"osm_id":"node/4845873722","kategori":"eczane","ad":"Hayat Eczanesi"}},{"type":"Feature","geometry":{"type":"Point","coordinates":[28.86074,41.0320169]},"properties":{"osm_id":"node/4845873723","kategori":"eczane","ad":"Safa Eczanesi"}},{"type":"Feature","geometry":{"type":"Point","coordinates":[28.8795685,41.0353942]},"properties":{"osm_id":"node/4845873724","kategori":"eczane","ad":"Özge Eczanesi"}},{"type":"Feature","geometry":{"type":"Point","coordinates":[29.0349938,41.0276723]},"properties":{"osm_id":"node/4845886121","kategori":"eczane","ad":"Burak Eczanesi"}},{"type":"Feature","geometry":{"type":"Point","coordinates":[29.0329281,41.0274126]},"properties":{"osm_id":"node/4845886122","kategori":"eczane","ad":"Kuruçeşme Eczanesi"}},{"type":"Feature","geometry":{"type":"Point","coordinates":[29.0300712,41.0279781]},"properties":{"osm_id":"node/4845886123","kategori":"eczane","ad":"Uğurlu Eczanesi"}},{"type":"Feature","geometry":{"type":"Point","coordinates":[29.0292395,41.0260071]},"properties":{"osm_id":"node/4845886124","kategori":"eczane","ad":"Çiğdem Eczanesi"}},{"type":"Feature","geometry":{"type":"Point","coordinates":[29.0252746,41.0272321]},"properties":{"osm_id":"node/4845886125","kategori":"eczane","ad":"Demirkale Eczanesi"}},{"type":"Feature","geometry":{"type":"Point","coordinates":[28.8849655,41.0341039]},"properties":{"osm_id":"node/4845886126","kategori":"eczane","ad":"Eser Eczanesi"}},{"type":"Feature","geometry":{"type":"Point","coordinates":[29.0352025,41.0270055]},"properties":{"osm_id":"node/4845886221","kategori":"eczane","ad":"İcadiye Eczanesi"}},{"type":"Feature","geometry":{"type":"Point","coordinates":[29.0311605,41.0281021]},"properties":{"osm_id":"node/4845886222","kategori":"eczane","ad":"Yeni Fıstıkağacı Eczanesi"}},{"type":"Feature","geometry":{"type":"Point","coordinates":[29.0307373,41.027574]},"properties":{"osm_id":"node/4845886223","kategori":"eczane","ad":"Taşhan Eczanesi"}},{"type":"Feature","geometry":{"type":"Point","coordinates":[28.8695221,41.02986]},"properties":{"osm_id":"node/4845886224","kategori":"eczane","ad":"May Eczanesi"}},{"type":"Feature","geometry":{"type":"Point","coordinates":[28.8840903,41.0358481]},"properties":{"osm_id":"node/4845886225","kategori":"eczane","ad":"Şazo Eczanesi"}},{"type":"Feature","geometry":{"type":"Point","coordinates":[28.8857346,41.0353527]},"properties":{"osm_id":"node/4845886226","kategori":"eczane","ad":"Sevinç Eczanesi"}},{"type":"Feature","geometry":{"type":"Point","coordinates":[29.0336009,41.0272853]},"properties":{"osm_id":"node/4845886321","kategori":"eczane","ad":"Ulutan Eczanesi"}},{"type":"Feature","geometry":{"type":"Point","coordinates":[29.0253706,41.0271082]},"properties":{"osm_id":"node/4845886322","kategori":"eczane","ad":"İrem Eczanesi"}},{"type":"Feature","geometry":{"type":"Point","coordinates":[28.8856329,41.0357695]},"properties":{"osm_id":"node/4845886721","kategori":"eczane","ad":"Merkez Şifa Eczanesi"}},{"type":"Feature","geometry":{"type":"Point","coordinates":[28.8629023,41.0636448]},"properties":{"osm_id":"node/4846507922","kategori":"eczane","ad":"Duygu Eczanesi"}},{"type":"Feature","geometry":{"type":"Point","coordinates":[28.8647512,41.0597416]},"properties":{"osm_id":"node/4846507923","kategori":"eczane","ad":"Ferda Eczanesi"}},{"type":"Feature","geometry":{"type":"Point","coordinates":[28.8670563,41.0684388]},"properties":{"osm_id":"node/4846508121","kategori":"eczane","ad":"Kent Eczanesi"}},{"type":"Feature","geometry":{"type":"Point","coordinates":[28.860178,41.0547819]},"properties":{"osm_id":"node/4846508122","kategori":"eczane","ad":"Zafer Eczanesi"}},{"type":"Feature","geometry":{"type":"Point","coordinates":[28.8598976,41.0547947]},"properties":{"osm_id":"node/4846508123","kategori":"eczane","ad":"Polat Eczanesi"}},{"type":"Feature","geometry":{"type":"Point","coordinates":[28.8640956,41.0611431]},"properties":{"osm_id":"node/4846508321","kategori":"eczane","ad":"Ulu Eczanesi"}},{"type":"Feature","geometry":{"type":"Point","coordinates":[28.8645943,41.0603908]},"properties":{"osm_id":"node/4846508322","kategori":"eczane","ad":"Emek Eczanesi"}},{"type":"Feature","geometry":{"type":"Point","coordinates":[28.8648332,41.0557353]},"properties":{"osm_id":"node/4846508323","kategori":"eczane","ad":"Beydağı Eczanesi"}},{"type":"Feature","geometry":{"type":"Point","coordinates":[28.8609648,41.0564493]},"properties":{"osm_id":"node/4846508324","kategori":"eczane","ad":"Simay Eczanesi"}},{"type":"Feature","geometry":{"type":"Point","coordinates":[28.8604306,41.0568083]},"properties":{"osm_id":"node/4846508325","kategori":"eczane","ad":"Günay Eczanesi"}},{"type":"Feature","geometry":{"type":"Point","coordinates":[28.8646692,41.0590879]},"properties":{"osm_id":"node/4846508421","kategori":"eczane","ad":"Özlem Eczanesi"}},{"type":"Feature","geometry":{"type":"Point","coordinates":[29.0347356,41.1463042]},"properties":{"osm_id":"node/4847710823","kategori":"eczane","ad":"Tülin Eczanesi"}},{"type":"Feature","geometry":{"type":"Point","coordinates":[29.034148,41.146181]},"properties":{"osm_id":"node/4847710824","kategori":"eczane","ad":"Güneş Eczanesi"}},{"type":"Feature","geometry":{"type":"Point","coordinates":[29.048588,41.1416707]},"properties":{"osm_id":"node/4847710825","kategori":"eczane","ad":"Şen Eczanesi"}},{"type":"Feature","geometry":{"type":"Point","coordinates":[29.0481928,41.1416951]},"properties":{"osm_id":"node/4847710826","kategori":"eczane","ad":"Büyük Eczanesi"}},{"type":"Feature","geometry":{"type":"Point","coordinates":[29.0479111,41.1417014]},"properties":{"osm_id":"node/4847710827","kategori":"eczane","ad":"Orçun Eczanesi"}},{"type":"Feature","geometry":{"type":"Point","coordinates":[28.8964136,40.9861428]},"properties":{"osm_id":"node/4847710828","kategori":"eczane","ad":"Efe Eczanesi"}},{"type":"Feature","geometry":{"type":"Point","coordinates":[28.8955302,40.987437]},"properties":{"osm_id":"node/4847710829","kategori":"eczane","ad":"Sümer Sıhhat Eczanesi"}},{"type":"Feature","geometry":{"type":"Point","coordinates":[29.0329317,41.1454932]},"properties":{"osm_id":"node/4847761321","kategori":"eczane","ad":"Özgür Eczanesi"}},{"type":"Feature","geometry":{"type":"Point","coordinates":[29.0327844,41.1457004]},"properties":{"osm_id":"node/4847761322","kategori":"eczane","ad":"Koray Eczanesi"}},{"type":"Feature","geometry":{"type":"Point","coordinates":[28.8965884,40.9860778]},"properties":{"osm_id":"node/4847761323","kategori":"eczane","ad":"Zeytinburnu Doğa Eczanesi"}},{"type":"Feature","geometry":{"type":"Point","coordinates":[28.8956781,40.9860712]},"properties":{"osm_id":"node/4847761324","kategori":"eczane","ad":"Sevcan Eczanesi"}},{"type":"Feature","geometry":{"type":"Point","coordinates":[28.897836,40.9915725]},"properties":{"osm_id":"node/4847761325","kategori":"eczane","ad":"Yeşiltepe Sina Eczanesi"}},{"type":"Feature","geometry":{"type":"Point","coordinates":[29.137601,41.0071942]},"properties":{"osm_id":"node/4847761326","kategori":"eczane","ad":"Kafkaslı Eczanesi"}},{"type":"Feature","geometry":{"type":"Point","coordinates":[29.1359984,41.00674]},"properties":{"osm_id":"node/4847761327","kategori":"eczane","ad":"Gülin Eczanesi"}},{"type":"Feature","geometry":{"type":"Point","coordinates":[29.0305788,41.1424747]},"properties":{"osm_id":"node/4847761421","kategori":"eczane","ad":"Çağan Eczanesi"}},{"type":"Feature","geometry":{"type":"Point","coordinates":[29.0362052,41.1385801]},"properties":{"osm_id":"node/4847761422","kategori":"eczane","ad":"Mis Eczanesi"}},{"type":"Feature","geometry":{"type":"Point","coordinates":[28.8998389,40.9876456]},"properties":{"osm_id":"node/4847761423","kategori":"eczane","ad":"Bizim Eczane"}},{"type":"Feature","geometry":{"type":"Point","coordinates":[28.9010209,40.9876647]},"properties":{"osm_id":"node/4847761424","kategori":"eczane","ad":"Karadeniz Eczanesi"}},{"type":"Feature","geometry":{"type":"Point","coordinates":[28.9002439,40.9876872]},"properties":{"osm_id":"node/4847761425","kategori":"eczane","ad":"Saadet Eczanesi"}},{"type":"Feature","geometry":{"type":"Point","coordinates":[29.0309521,41.1415418]},"properties":{"osm_id":"node/4847761521","kategori":"eczane","ad":"Gökkuşağı Eczanesi"}},{"type":"Feature","geometry":{"type":"Point","coordinates":[29.0447857,41.1439033]},"properties":{"osm_id":"node/4847761522","kategori":"eczane","ad":"Derman Eczanesi"}},{"type":"Feature","geometry":{"type":"Point","coordinates":[28.9000426,40.9876588]},"properties":{"osm_id":"node/4847761523","kategori":"eczane","ad":"Seyhun Eczanesi"}},{"type":"Feature","geometry":{"type":"Point","coordinates":[28.8955304,40.9861975]},"properties":{"osm_id":"node/4847761721","kategori":"eczane","ad":"Gözde Eczanesi"}},{"type":"Feature","geometry":{"type":"Point","coordinates":[28.8983845,40.9911355]},"properties":{"osm_id":"node/4847761722","kategori":"eczane","ad":"Zeytin Eczanesi"}},{"type":"Feature","geometry":{"type":"Point","coordinates":[29.1411973,41.00724]},"properties":{"osm_id":"node/4847761723","kategori":"eczane","ad":"Turkuaz Eczanesi"}},{"type":"Feature","geometry":{"type":"Point","coordinates":[29.1382016,41.0081504]},"properties":{"osm_id":"node/4847762121","kategori":"eczane","ad":"Aziz Bulvarı Eczanesi"}},{"type":"Feature","geometry":{"type":"Point","coordinates":[28.3675377,41.0557239]},"properties":{"osm_id":"node/4848266922","kategori":"eczane","ad":"Selimpaşa Eczanesi"}},{"type":"Feature","geometry":{"type":"Point","coordinates":[28.6437365,41.0069243]},"properties":{"osm_id":"node/4848266923","kategori":"eczane","ad":"Sena Eczanesi"}},{"type":"Feature","geometry":{"type":"Point","coordinates":[28.6435339,41.0032776]},"properties":{"osm_id":"node/4848266924","kategori":"eczane","ad":"Seçkin Eczane"}},{"type":"Feature","geometry":{"type":"Point","coordinates":[28.3677122,41.0555665]},"properties":{"osm_id":"node/4848270522","kategori":"eczane","ad":"Yaşam Eczanesi"}},{"type":"Feature","geometry":{"type":"Point","coordinates":[28.3711785,41.0536403]},"properties":{"osm_id":"node/4848270523","kategori":"eczane","ad":"Deniz Erdem Eczanesi"}},{"type":"Feature","geometry":{"type":"Point","coordinates":[28.6428801,41.0031796]},"properties":{"osm_id":"node/4848270525","kategori":"eczane","ad":"Aysun Eczanesi"}},{"type":"Feature","geometry":{"type":"Point","coordinates":[28.6442041,41.0073626]},"properties":{"osm_id":"node/4848295121","kategori":"eczane","ad":"Bizim Eczane"}},{"type":"Feature","geometry":{"type":"Point","coordinates":[28.903545,41.0679355]},"properties":{"osm_id":"node/4848817423","kategori":"eczane","ad":"Çalışkan Eczanesi"}},{"type":"Feature","geometry":{"type":"Point","coordinates":[28.9054401,41.0668811]},"properties":{"osm_id":"node/4848817424","kategori":"eczane","ad":"Tuna Eczanesi"}},{"type":"Feature","geometry":{"type":"Point","coordinates":[28.9064416,41.0641088]},"properties":{"osm_id":"node/4848817425","kategori":"eczane","ad":"Tınar Eczanesi"}},{"type":"Feature","geometry":{"type":"Point","coordinates":[28.9060495,41.0635036]},"properties":{"osm_id":"node/4848817426","kategori":"eczane","ad":"Çağatay Eczanesi"}},{"type":"Feature","geometry":{"type":"Point","coordinates":[28.9056509,41.0628308]},"properties":{"osm_id":"node/4848817427","kategori":"eczane","ad":"Sema Eczanesi"}},{"type":"Feature","geometry":{"type":"Point","coordinates":[28.9098519,41.0641876]},"properties":{"osm_id":"node/4848817428","kategori":"eczane","ad":"Erdi Eczanesi"}},{"type":"Feature","geometry":{"type":"Point","coordinates":[28.9114901,41.061451]},"properties":{"osm_id":"node/4848817429","kategori":"eczane","ad":"Volkan Eczanesi"}},{"type":"Feature","geometry":{"type":"Point","coordinates":[28.9045809,41.0735274]},"properties":{"osm_id":"node/4848817430","kategori":"eczane","ad":"Şerefoğlu Eczanesi"}},{"type":"Feature","geometry":{"type":"Point","coordinates":[28.9037219,41.0736491]},"properties":{"osm_id":"node/4848817431","kategori":"eczane","ad":"Meydan Eczanesi"}},{"type":"Feature","geometry":{"type":"Point","coordinates":[28.901405,41.0716418]},"properties":{"osm_id":"node/4848817432","kategori":"eczane","ad":"Dila Eczanesi"}},{"type":"Feature","geometry":{"type":"Point","coordinates":[28.9052668,41.0673903]},"properties":{"osm_id":"node/4848845023","kategori":"eczane","ad":"Hürriyet Eczanesi"}},{"type":"Feature","geometry":{"type":"Point","coordinates":[28.9014586,41.0713532]},"properties":{"osm_id":"node/4848845024","kategori":"eczane","ad":"Yeşil Rize Eczanesi"}},{"type":"Feature","geometry":{"type":"Point","coordinates":[28.9047949,41.0646672]},"properties":{"osm_id":"node/4848852621","kategori":"eczane","ad":"Esat Eczanesi"}},{"type":"Feature","geometry":{"type":"Point","coordinates":[28.902753,41.0629021]},"properties":{"osm_id":"node/4848852622","kategori":"eczane","ad":"Sibel Eczanesi"}},{"type":"Feature","geometry":{"type":"Point","coordinates":[28.9021015,41.0735432]},"properties":{"osm_id":"node/4848852623","kategori":"eczane","ad":"Sağlık Eczanesi"}},{"type":"Feature","geometry":{"type":"Point","coordinates":[28.9011785,41.0730911]},"properties":{"osm_id":"node/4848852624","kategori":"eczane","ad":"Öztürk Eczanesi"}},{"type":"Feature","geometry":{"type":"Point","coordinates":[28.9013774,41.0718448]},"properties":{"osm_id":"node/4848852625","kategori":"eczane","ad":"Kent Eczanesi"}},{"type":"Feature","geometry":{"type":"Point","coordinates":[29.2545184,40.8741052]},"properties":{"osm_id":"node/4850519323","kategori":"eczane","ad":"Kök Eczanesi"}},{"type":"Feature","geometry":{"type":"Point","coordinates":[29.2544675,40.8736428]},"properties":{"osm_id":"node/4850519324","kategori":"eczane","ad":"Yeni Elvan Eczanesi"}},{"type":"Feature","geometry":{"type":"Point","coordinates":[29.2557569,40.8752306]},"properties":{"osm_id":"node/4850519325","kategori":"eczane","ad":"Tuna Eczanesi"}},{"type":"Feature","geometry":{"type":"Point","coordinates":[29.2560468,40.8759915]},"properties":{"osm_id":"node/4850519326","kategori":"eczane","ad":"Can Eczanesi"}},{"type":"Feature","geometry":{"type":"Point","coordinates":[29.2590917,40.8765879]},"properties":{"osm_id":"node/4850519327","kategori":"eczane","ad":"Sezer Eczanesi"}},{"type":"Feature","geometry":{"type":"Point","coordinates":[29.2601858,40.8738928]},"properties":{"osm_id":"node/4850519328","kategori":"eczane","ad":"Ayan Eczanesi"}},{"type":"Feature","geometry":{"type":"Point","coordinates":[29.2601229,40.8735673]},"properties":{"osm_id":"node/4850519329","kategori":"eczane","ad":"Ada Eczanesi"}},{"type":"Feature","geometry":{"type":"Point","coordinates":[29.2669322,40.874749]},"properties":{"osm_id":"node/4850519330","kategori":"eczane","ad":"Saydele Eczanesi"}},{"type":"Feature","geometry":{"type":"Point","coordinates":[29.266882,40.8782576]},"properties":{"osm_id":"node/4850519331","kategori":"eczane","ad":"Anadolu Eczanesi"}},{"type":"Feature","geometry":{"type":"Point","coordinates":[29.2615902,40.8797452]},"properties":{"osm_id":"node/4850519332","kategori":"eczane","ad":"Betül Eczanesi"}},{"type":"Feature","geometry":{"type":"Point","coordinates":[29.255387,40.8743342]},"properties":{"osm_id":"node/4850553121","kategori":"eczane","ad":"Yeni Lokman Eczanesi"}},{"type":"Feature","geometry":{"type":"Point","coordinates":[29.255302,40.8755973]},"properties":{"osm_id":"node/4850553122","kategori":"eczane","ad":"Deva Eczanesi"}},{"type":"Feature","geometry":{"type":"Point","coordinates":[29.2617309,40.8767944]},"properties":{"osm_id":"node/4850553123","kategori":"eczane","ad":"Şifa Eczanesi"}},{"type":"Feature","geometry":{"type":"Point","coordinates":[29.2603039,40.8738348]},"properties":{"osm_id":"node/4850553124","kategori":"eczane","ad":"Murat Eczanesi"}},{"type":"Feature","geometry":{"type":"Point","coordinates":[29.2641408,40.8721077]},"properties":{"osm_id":"node/4850553125","kategori":"eczane","ad":"Toprak Eczanesi"}},{"type":"Feature","geometry":{"type":"Point","coordinates":[29.2710578,40.8720877]},"properties":{"osm_id":"node/4850553126","kategori":"eczane","ad":"Karadeniz Eczanesi"}},{"type":"Feature","geometry":{"type":"Point","coordinates":[29.2663623,40.8745517]},"properties":{"osm_id":"node/4850553127","kategori":"eczane","ad":"Göksu İrem Eczanesi"}},{"type":"Feature","geometry":{"type":"Point","coordinates":[29.2618268,40.8790349]},"properties":{"osm_id":"node/4850553128","kategori":"eczane","ad":"Aysun Eczanesi"}},{"type":"Feature","geometry":{"type":"Point","coordinates":[29.2610857,40.879875]},"properties":{"osm_id":"node/4850553129","kategori":"eczane","ad":"Gülden Eczanesi"}},{"type":"Feature","geometry":{"type":"Point","coordinates":[29.2707891,40.8787424]},"properties":{"osm_id":"node/4850553130","kategori":"eczane","ad":"Kaynarca Eczanesi"}},{"type":"Feature","geometry":{"type":"Point","coordinates":[29.2715651,40.8786315]},"properties":{"osm_id":"node/4850553131","kategori":"eczane","ad":"Elif Eczanesi"}},{"type":"Feature","geometry":{"type":"Point","coordinates":[29.2713007,40.8788407]},"properties":{"osm_id":"node/4850553132","kategori":"eczane","ad":"Erkut Eczanesi"}},{"type":"Feature","geometry":{"type":"Point","coordinates":[29.2711278,40.8787994]},"properties":{"osm_id":"node/4850553133","kategori":"eczane","ad":"Korkmaz Eczanesi"}},{"type":"Feature","geometry":{"type":"Point","coordinates":[29.2547343,40.8745365]},"properties":{"osm_id":"node/4850553621","kategori":"eczane","ad":"Naile Eczanesi"}},{"type":"Feature","geometry":{"type":"Point","coordinates":[29.2548272,40.8746552]},"properties":{"osm_id":"node/4850553622","kategori":"eczane","ad":"Nadir Eczanesi"}},{"type":"Feature","geometry":{"type":"Point","coordinates":[29.2688029,40.8732068]},"properties":{"osm_id":"node/4850554621","kategori":"eczane","ad":"Ay Eczanesi"}},{"type":"Feature","geometry":{"type":"Point","coordinates":[29.2702778,40.872143]},"properties":{"osm_id":"node/4850554622","kategori":"eczane","ad":"Papatya Eczanesi"}},{"type":"Feature","geometry":{"type":"Point","coordinates":[29.2664937,40.8790413]},"properties":{"osm_id":"node/4850554623","kategori":"eczane","ad":"Hacettepe Eczanesi"}},{"type":"Feature","geometry":{"type":"Point","coordinates":[29.2640733,40.877328]},"properties":{"osm_id":"node/4850554624","kategori":"eczane","ad":"Halk Eczanesi"}},{"type":"Feature","geometry":{"type":"Point","coordinates":[29.2617524,40.8788374]},"properties":{"osm_id":"node/4850554625","kategori":"eczane","ad":"Yaşam Eczanesi"}},{"type":"Feature","geometry":{"type":"Point","coordinates":[29.1362376,40.9173285]},"properties":{"osm_id":"node/4858342833","kategori":"eczane","ad":null}},{"type":"Feature","geometry":{"type":"Point","coordinates":[29.1334768,40.9185533]},"properties":{"osm_id":"node/4858343233","kategori":"eczane","ad":null}},{"type":"Feature","geometry":{"type":"Point","coordinates":[29.133331,40.9186332]},"properties":{"osm_id":"node/4858343234","kategori":"eczane","ad":null}},{"type":"Feature","geometry":{"type":"Point","coordinates":[28.7859059,41.0557308]},"properties":{"osm_id":"node/4890150632","kategori":"eczane","ad":"Ertem Eczanesi"}},{"type":"Feature","geometry":{"type":"Point","coordinates":[29.2706986,40.8906411]},"properties":{"osm_id":"node/4927040821","kategori":"eczane","ad":"Melik Eczanesi"}},{"type":"Feature","geometry":{"type":"Point","coordinates":[28.8692903,41.0589618]},"properties":{"osm_id":"node/4929299723","kategori":"eczane","ad":"Nur Eczanesi"}},{"type":"Feature","geometry":{"type":"Point","coordinates":[28.872253,41.038606]},"properties":{"osm_id":"node/4929299724","kategori":"eczane","ad":"Berk Eczanesi"}},{"type":"Feature","geometry":{"type":"Point","coordinates":[28.8681396,41.0488652]},"properties":{"osm_id":"node/4929303021","kategori":"eczane","ad":"Bahadır Eczanesi"}},{"type":"Feature","geometry":{"type":"Point","coordinates":[28.8673945,41.0493039]},"properties":{"osm_id":"node/4929303022","kategori":"eczane","ad":"Gökçin Eczanesi"}},{"type":"Feature","geometry":{"type":"Point","coordinates":[28.8661526,41.0508646]},"properties":{"osm_id":"node/4929303023","kategori":"eczane","ad":"Deva Eczanesi"}},{"type":"Feature","geometry":{"type":"Point","coordinates":[28.8668133,41.0515831]},"properties":{"osm_id":"node/4929303024","kategori":"eczane","ad":"Park Eczanesi"}},{"type":"Feature","geometry":{"type":"Point","coordinates":[28.8721917,41.0546284]},"properties":{"osm_id":"node/4929303025","kategori":"eczane","ad":"Betül Geçer Eczanesi"}},{"type":"Feature","geometry":{"type":"Point","coordinates":[28.8696117,41.0558016]},"properties":{"osm_id":"node/4929303026","kategori":"eczane","ad":"Atışalanı Meydan Eczanesi"}},{"type":"Feature","geometry":{"type":"Point","coordinates":[28.8699023,41.0578448]},"properties":{"osm_id":"node/4929303027","kategori":"eczane","ad":"Havaalanı Eczanesi"}},{"type":"Feature","geometry":{"type":"Point","coordinates":[28.8705494,41.0582167]},"properties":{"osm_id":"node/4929303028","kategori":"eczane","ad":"Ülkü Eczanesi"}},{"type":"Feature","geometry":{"type":"Point","coordinates":[28.8716063,41.0544715]},"properties":{"osm_id":"node/4929303221","kategori":"eczane","ad":"Bahar Eczanesi"}},{"type":"Feature","geometry":{"type":"Point","coordinates":[28.8695772,41.0568264]},"properties":{"osm_id":"node/4929303222","kategori":"eczane","ad":"Feyza Eczanesi"}},{"type":"Feature","geometry":{"type":"Point","coordinates":[28.8695406,41.0560934]},"properties":{"osm_id":"node/4929303321","kategori":"eczane","ad":"Bakar Eczanesi"}},{"type":"Feature","geometry":{"type":"Point","coordinates":[28.7928651,41.0024001]},"properties":{"osm_id":"node/4931789322","kategori":"eczane","ad":"Yeni Su Eczanesi"}},{"type":"Feature","geometry":{"type":"Point","coordinates":[28.7948988,41.0048563]},"properties":{"osm_id":"node/4931789323","kategori":"eczane","ad":"Aysel Eczanesi"}},{"type":"Feature","geometry":{"type":"Point","coordinates":[28.7918386,41.0044581]},"properties":{"osm_id":"node/4931789324","kategori":"eczane","ad":"Şentürk Eczanesi"}},{"type":"Feature","geometry":{"type":"Point","coordinates":[28.7905154,41.0052475]},"properties":{"osm_id":"node/4931789325","kategori":"eczane","ad":"Balkan Eczanesi"}},{"type":"Feature","geometry":{"type":"Point","coordinates":[28.7933738,41.0007052]},"properties":{"osm_id":"node/4931791521","kategori":"eczane","ad":"Ayşegül Eczanesi"}},{"type":"Feature","geometry":{"type":"Point","coordinates":[28.7940851,41.0038888]},"properties":{"osm_id":"node/4931791522","kategori":"eczane","ad":"Hakan Eczanesi"}},{"type":"Feature","geometry":{"type":"Point","coordinates":[28.7927041,41.0034341]},"properties":{"osm_id":"node/4931791621","kategori":"eczane","ad":"Eren Eczanesi"}},{"type":"Feature","geometry":{"type":"Point","coordinates":[29.12011,40.973357]},"properties":{"osm_id":"node/4932625224","kategori":"eczane","ad":"Eda Eczanesi"}},{"type":"Feature","geometry":{"type":"Point","coordinates":[29.1192691,40.9738173]},"properties":{"osm_id":"node/4932648122","kategori":"eczane","ad":"Sevgi Eczanesi"}},{"type":"Feature","geometry":{"type":"Point","coordinates":[29.1178304,40.9708278]},"properties":{"osm_id":"node/4932651521","kategori":"eczane","ad":"Lale Eczanesi"}},{"type":"Feature","geometry":{"type":"Point","coordinates":[29.0278915,41.0923518]},"properties":{"osm_id":"node/4934970822","kategori":"eczane","ad":"Etiler Eczanesi"}},{"type":"Feature","geometry":{"type":"Point","coordinates":[28.8716573,41.1030915]},"properties":{"osm_id":"node/4936563222","kategori":"eczane","ad":"Sultangazi Eczanesi"}},{"type":"Feature","geometry":{"type":"Point","coordinates":[28.9013887,41.0717151]},"properties":{"osm_id":"node/4936563223","kategori":"eczane","ad":"Umut Eczanesi"}},{"type":"Feature","geometry":{"type":"Point","coordinates":[28.897667,41.0699503]},"properties":{"osm_id":"node/4936563224","kategori":"eczane","ad":"Egeem Eczanesi"}},{"type":"Feature","geometry":{"type":"Point","coordinates":[28.8995332,41.0688175]},"properties":{"osm_id":"node/4936563225","kategori":"eczane","ad":"Bal Eczanesi"}},{"type":"Feature","geometry":{"type":"Point","coordinates":[28.9454783,41.0511959]},"properties":{"osm_id":"node/4936563226","kategori":"eczane","ad":"Nihal Eczanesi"}},{"type":"Feature","geometry":{"type":"Point","coordinates":[28.9507167,41.0433742]},"properties":{"osm_id":"node/4936563227","kategori":"eczane","ad":"Güleryüz Eczanesi"}},{"type":"Feature","geometry":{"type":"Point","coordinates":[28.9584107,41.0438775]},"properties":{"osm_id":"node/4936563228","kategori":"eczane","ad":"Ömür Eczanesi"}},{"type":"Feature","geometry":{"type":"Point","coordinates":[28.8784487,41.0811828]},"properties":{"osm_id":"node/4936574522","kategori":"eczane","ad":"Venezia Eczanesi"}},{"type":"Feature","geometry":{"type":"Point","coordinates":[28.8770268,41.0987368]},"properties":{"osm_id":"node/4936574523","kategori":"eczane","ad":"Alper Taşkın Eczanesi"}},{"type":"Feature","geometry":{"type":"Point","coordinates":[28.8768102,41.0983345]},"properties":{"osm_id":"node/4936574524","kategori":"eczane","ad":"Zümrüt Eczanesi"}},{"type":"Feature","geometry":{"type":"Point","coordinates":[28.8794275,41.09815]},"properties":{"osm_id":"node/4936574525","kategori":"eczane","ad":"Seval Eczanesi"}},{"type":"Feature","geometry":{"type":"Point","coordinates":[28.8792857,41.0978589]},"properties":{"osm_id":"node/4936574526","kategori":"eczane","ad":"Nane Limon Eczanesi"}},{"type":"Feature","geometry":{"type":"Point","coordinates":[28.8714957,41.103581]},"properties":{"osm_id":"node/4936574527","kategori":"eczane","ad":"Odak Eczanesi"}},{"type":"Feature","geometry":{"type":"Point","coordinates":[28.8988368,41.0690888]},"properties":{"osm_id":"node/4936574528","kategori":"eczane","ad":"Meleknur Eczanesi"}},{"type":"Feature","geometry":{"type":"Point","coordinates":[28.9451489,41.0513811]},"properties":{"osm_id":"node/4936574529","kategori":"eczane","ad":"Bademlik Sağlık Eczanesi"}},{"type":"Feature","geometry":{"type":"Point","coordinates":[28.9496744,41.0499675]},"properties":{"osm_id":"node/4936574530","kategori":"eczane","ad":"Halıcıoğlu Eczanesi"}},{"type":"Feature","geometry":{"type":"Point","coordinates":[28.9510326,41.048734]},"properties":{"osm_id":"node/4936574531","kategori":"eczane","ad":"Gönül Eczanesi"}},{"type":"Feature","geometry":{"type":"Point","coordinates":[28.9506398,41.0436694]},"properties":{"osm_id":"node/4936574532","kategori":"eczane","ad":"Burç Eczanesi"}},{"type":"Feature","geometry":{"type":"Point","coordinates":[28.9562623,41.0434905]},"properties":{"osm_id":"node/4936574533","kategori":"eczane","ad":"Ruhan Eczanesi"}},{"type":"Feature","geometry":{"type":"Point","coordinates":[28.9577585,41.0438212]},"properties":{"osm_id":"node/4936574534","kategori":"eczane","ad":"Selin Eczanesi"}},{"type":"Feature","geometry":{"type":"Point","coordinates":[28.9447767,41.0454066]},"properties":{"osm_id":"node/4936586423","kategori":"eczane","ad":"Çevre Eczanesi"}},{"type":"Feature","geometry":{"type":"Point","coordinates":[28.8794272,41.1003464]},"properties":{"osm_id":"node/4936587523","kategori":"eczane","ad":"Zeynep Eczanesi"}},{"type":"Feature","geometry":{"type":"Point","coordinates":[28.8975356,41.0697623]},"properties":{"osm_id":"node/4936587524","kategori":"eczane","ad":"Arda Eczanesi"}},{"type":"Feature","geometry":{"type":"Point","coordinates":[28.8973875,41.0699315]},"properties":{"osm_id":"node/4936587525","kategori":"eczane","ad":"Pelin Eczanesi"}},{"type":"Feature","geometry":{"type":"Point","coordinates":[28.8974706,41.070064]},"properties":{"osm_id":"node/4936587526","kategori":"eczane","ad":"Aytan Eczanesi"}},{"type":"Feature","geometry":{"type":"Point","coordinates":[28.8976118,41.0688299]},"properties":{"osm_id":"node/4936587527","kategori":"eczane","ad":"Olcay Eczanesi"}},{"type":"Feature","geometry":{"type":"Point","coordinates":[28.9498448,41.049917]},"properties":{"osm_id":"node/4936587528","kategori":"eczane","ad":"Aydın Eczanesi"}},{"type":"Feature","geometry":{"type":"Point","coordinates":[28.8823059,41.1020751]},"properties":{"osm_id":"node/4936588221","kategori":"eczane","ad":"Efe Eczanesi"}},{"type":"Feature","geometry":{"type":"Point","coordinates":[28.8815038,41.1023781]},"properties":{"osm_id":"node/4936588222","kategori":"eczane","ad":"Selçuk Eczanesi"}},{"type":"Feature","geometry":{"type":"Point","coordinates":[28.873128,41.1085147]},"properties":{"osm_id":"node/4936588223","kategori":"eczane","ad":"Esra Eczanesi"}},{"type":"Feature","geometry":{"type":"Point","coordinates":[28.9862668,41.042952]},"properties":{"osm_id":"node/4938110023","kategori":"eczane","ad":"Cumhuriyet Eczanesi"}},{"type":"Feature","geometry":{"type":"Point","coordinates":[29.0030382,41.0785865]},"properties":{"osm_id":"node/4938110024","kategori":"eczane","ad":"Binnur Eczanesi"}},{"type":"Feature","geometry":{"type":"Point","coordinates":[29.0080655,41.0782603]},"properties":{"osm_id":"node/4938121222","kategori":"eczane","ad":"Esentepe Hülya Eczanesi"}},{"type":"Feature","geometry":{"type":"Point","coordinates":[28.9862962,41.0426796]},"properties":{"osm_id":"node/4938123521","kategori":"eczane","ad":"Konak Eczanesi"}},{"type":"Feature","geometry":{"type":"Point","coordinates":[28.9862576,41.0420027]},"properties":{"osm_id":"node/4938123522","kategori":"eczane","ad":"Elmadağ Eczanesi"}},{"type":"Feature","geometry":{"type":"Point","coordinates":[29.0019516,41.0797596]},"properties":{"osm_id":"node/4938123523","kategori":"eczane","ad":"Baran Eczanesi"}},{"type":"Feature","geometry":{"type":"Point","coordinates":[28.998345,41.0788724]},"properties":{"osm_id":"node/4938123524","kategori":"eczane","ad":"Berktuğ Eczanesi"}},{"type":"Feature","geometry":{"type":"Point","coordinates":[28.9949468,41.0796188]},"properties":{"osm_id":"node/4938123525","kategori":"eczane","ad":"Mukadder Eczanesi"}},{"type":"Feature","geometry":{"type":"Point","coordinates":[28.9823886,41.0378314]},"properties":{"osm_id":"node/4938123721","kategori":"eczane","ad":"Şifa Eczanesi"}},{"type":"Feature","geometry":{"type":"Point","coordinates":[28.9821048,41.0370094]},"properties":{"osm_id":"node/4938123722","kategori":"eczane","ad":"Karaköy Eczanesi"}},{"type":"Feature","geometry":{"type":"Point","coordinates":[29.0047168,41.078832]},"properties":{"osm_id":"node/4938123723","kategori":"eczane","ad":"Derman Eczanesi"}},{"type":"Feature","geometry":{"type":"Point","coordinates":[28.9987928,41.0789015]},"properties":{"osm_id":"node/4938123724","kategori":"eczane","ad":"Arzuman Eczanesi"}},{"type":"Feature","geometry":{"type":"Point","coordinates":[28.9957826,41.0790705]},"properties":{"osm_id":"node/4938123725","kategori":"eczane","ad":"Gültepe Eczanesi"}},{"type":"Feature","geometry":{"type":"Point","coordinates":[28.9960986,41.0766506]},"properties":{"osm_id":"node/4938123726","kategori":"eczane","ad":"Feyza Özcan Eczanesi"}},{"type":"Feature","geometry":{"type":"Point","coordinates":[29.1619541,40.9850679]},"properties":{"osm_id":"node/4939559922","kategori":"eczane","ad":"Çanakkale Eczanesi"}},{"type":"Feature","geometry":{"type":"Point","coordinates":[29.1518651,40.9889613]},"properties":{"osm_id":"node/4939559923","kategori":"eczane","ad":"Yaşam Eczanesi"}},{"type":"Feature","geometry":{"type":"Point","coordinates":[29.1487778,40.9885771]},"properties":{"osm_id":"node/4939559924","kategori":"eczane","ad":"Ülker Eczanesi"}},{"type":"Feature","geometry":{"type":"Point","coordinates":[29.1295149,40.971235]},"properties":{"osm_id":"node/4939559925","kategori":"eczane","ad":"Görke Eczanesi"}},{"type":"Feature","geometry":{"type":"Point","coordinates":[29.1624299,40.9856243]},"properties":{"osm_id":"node/4939578021","kategori":"eczane","ad":"Berna Eczanesi"}},{"type":"Feature","geometry":{"type":"Point","coordinates":[29.156792,40.983567]},"properties":{"osm_id":"node/4939578022","kategori":"eczane","ad":"Atınç Eczanesi"}},{"type":"Feature","geometry":{"type":"Point","coordinates":[29.1619608,40.9893275]},"properties":{"osm_id":"node/4939578023","kategori":"eczane","ad":"Hikmet Eczanesi"}},{"type":"Feature","geometry":{"type":"Point","coordinates":[29.148086,40.988864]},"properties":{"osm_id":"node/4939578024","kategori":"eczane","ad":"Yenişehir Eczanesi"}},{"type":"Feature","geometry":{"type":"Point","coordinates":[29.1425927,40.983498]},"properties":{"osm_id":"node/4939578025","kategori":"eczane","ad":"Saygın Eczanesi"}},{"type":"Feature","geometry":{"type":"Point","coordinates":[29.1298592,40.9708006]},"properties":{"osm_id":"node/4939578026","kategori":"eczane","ad":"Kırmzı Beyaz Eczanesi"}},{"type":"Feature","geometry":{"type":"Point","coordinates":[29.1615757,40.9894009]},"properties":{"osm_id":"node/4939578321","kategori":"eczane","ad":"Gün Eczanesi"}},{"type":"Feature","geometry":{"type":"Point","coordinates":[29.1538027,40.9893484]},"properties":{"osm_id":"node/4939578621","kategori":"eczane","ad":"Siteler Eczanesi"}},{"type":"Feature","geometry":{"type":"Point","coordinates":[28.9324952,41.0154035]},"properties":{"osm_id":"node/4945713428","kategori":"eczane","ad":"Müge Eczanesi"}},{"type":"Feature","geometry":{"type":"Point","coordinates":[28.915117,40.9962629]},"properties":{"osm_id":"node/4945713429","kategori":"eczane","ad":"Yeni Süleymaniye Eczanesi"}},{"type":"Feature","geometry":{"type":"Point","coordinates":[28.9338662,41.014719]},"properties":{"osm_id":"node/4945720022","kategori":"eczane","ad":"Gülsün Eczanesi"}},{"type":"Feature","geometry":{"type":"Point","coordinates":[28.933722,41.0147912]},"properties":{"osm_id":"node/4945720023","kategori":"eczane","ad":"Kübra Eczanesi"}},{"type":"Feature","geometry":{"type":"Point","coordinates":[28.9326967,41.0152828]},"properties":{"osm_id":"node/4945720024","kategori":"eczane","ad":"Emek Eczanesi"}},{"type":"Feature","geometry":{"type":"Point","coordinates":[28.9342255,41.013767]},"properties":{"osm_id":"node/4945720423","kategori":"eczane","ad":"Gönül Eczanesi"}},{"type":"Feature","geometry":{"type":"Point","coordinates":[28.9334378,41.0148949]},"properties":{"osm_id":"node/4945720424","kategori":"eczane","ad":"Çelen Eczanesi"}},{"type":"Feature","geometry":{"type":"Point","coordinates":[28.9324715,41.0149178]},"properties":{"osm_id":"node/4945720425","kategori":"eczane","ad":"Kardelen Eczanesi"}},{"type":"Feature","geometry":{"type":"Point","coordinates":[28.9247765,41.003653]},"properties":{"osm_id":"node/4945720426","kategori":"eczane","ad":"Belgradkapı Eczanesi"}},{"type":"Feature","geometry":{"type":"Point","coordinates":[28.9326292,41.0153439]},"properties":{"osm_id":"node/4945720925","kategori":"eczane","ad":"Millet Eczanesi"}},{"type":"Feature","geometry":{"type":"Point","coordinates":[28.9324007,41.015431]},"properties":{"osm_id":"node/4945720926","kategori":"eczane","ad":"Sebat Eczanesi"}},{"type":"Feature","geometry":{"type":"Point","coordinates":[28.9322629,41.0154603]},"properties":{"osm_id":"node/4945720927","kategori":"eczane","ad":"Çapa Derman Eczanesi"}},{"type":"Feature","geometry":{"type":"Point","coordinates":[28.9276311,41.0146635]},"properties":{"osm_id":"node/4945720928","kategori":"eczane","ad":"Sema Eczanesi"}},{"type":"Feature","geometry":{"type":"Point","coordinates":[28.933104,41.0150714]},"properties":{"osm_id":"node/4945725223","kategori":"eczane","ad":"Efeoğlu Eczanesi"}},{"type":"Feature","geometry":{"type":"Point","coordinates":[28.9328228,41.0152236]},"properties":{"osm_id":"node/4945726921","kategori":"eczane","ad":"Altuğ Eczanesi"}},{"type":"Feature","geometry":{"type":"Point","coordinates":[29.0226736,40.9808486]},"properties":{"osm_id":"node/4952004622","kategori":"eczane","ad":"Nedim Erdinç Eczanesi"}},{"type":"Feature","geometry":{"type":"Point","coordinates":[29.0283894,40.9884635]},"properties":{"osm_id":"node/4952004623","kategori":"eczane","ad":"Bahariye Yavuz Eczanesi"}},{"type":"Feature","geometry":{"type":"Point","coordinates":[29.0227305,40.9812845]},"properties":{"osm_id":"node/4952006422","kategori":"eczane","ad":"Selen Eczanesi"}},{"type":"Feature","geometry":{"type":"Point","coordinates":[29.0242733,40.9844105]},"properties":{"osm_id":"node/4952006423","kategori":"eczane","ad":"Burcu Eczanesi"}},{"type":"Feature","geometry":{"type":"Point","coordinates":[29.0277909,40.9849522]},"properties":{"osm_id":"node/4952006424","kategori":"eczane","ad":"Nükhet Eczanesi"}},{"type":"Feature","geometry":{"type":"Point","coordinates":[29.027541,40.984938]},"properties":{"osm_id":"node/4952006425","kategori":"eczane","ad":"Murat Eczanesi"}},{"type":"Feature","geometry":{"type":"Point","coordinates":[29.0244344,40.9842744]},"properties":{"osm_id":"node/4952006522","kategori":"eczane","ad":"Birol"}},{"type":"Feature","geometry":{"type":"Point","coordinates":[29.0249375,40.9856849]},"properties":{"osm_id":"node/4952006523","kategori":"eczane","ad":"Mine Eczanesi"}},{"type":"Feature","geometry":{"type":"Point","coordinates":[29.0254579,40.9856672]},"properties":{"osm_id":"node/4952006524","kategori":"eczane","ad":"Kaptan Eczanesi"}},{"type":"Feature","geometry":{"type":"Point","coordinates":[29.0243449,40.9841182]},"properties":{"osm_id":"node/4952006621","kategori":"eczane","ad":"Zırhlıoğlu"}},{"type":"Feature","geometry":{"type":"Point","coordinates":[29.0245885,40.9848484]},"properties":{"osm_id":"node/4952006721","kategori":"eczane","ad":"Ertem Eczanesi"}},{"type":"Feature","geometry":{"type":"Point","coordinates":[29.0255728,40.9856396]},"properties":{"osm_id":"node/4952006723","kategori":"eczane","ad":"Ozan Eczanesi"}},{"type":"Feature","geometry":{"type":"Point","coordinates":[29.02687,40.9885415]},"properties":{"osm_id":"node/4952006821","kategori":"eczane","ad":"Sabuncu Eczanesi"}},{"type":"Feature","geometry":{"type":"Point","coordinates":[29.0284072,40.9927625]},"properties":{"osm_id":"node/4954447921","kategori":"eczane","ad":"Tülay Eczanesi"}},{"type":"Feature","geometry":{"type":"Point","coordinates":[29.0288512,40.9928825]},"properties":{"osm_id":"node/4954448121","kategori":"eczane","ad":"Akdeniz Eczanesi"}},{"type":"Feature","geometry":{"type":"Point","coordinates":[29.0286167,40.9931806]},"properties":{"osm_id":"node/4954448122","kategori":"eczane","ad":"Güven Eczanesi"}},{"type":"Feature","geometry":{"type":"Point","coordinates":[29.1113502,41.0307683]},"properties":{"osm_id":"node/4958295136","kategori":"eczane","ad":"Gökçe Plaza Eczanesi"}},{"type":"Feature","geometry":{"type":"Point","coordinates":[29.1102758,41.0323442]},"properties":{"osm_id":"node/4958295137","kategori":"eczane","ad":"Oryapark Eczanesi"}},{"type":"Feature","geometry":{"type":"Point","coordinates":[29.1098937,41.0343638]},"properties":{"osm_id":"node/4958295138","kategori":"eczane","ad":"Ümraniye Sağlık Eczanesi"}},{"type":"Feature","geometry":{"type":"Point","coordinates":[29.1096748,41.0344872]},"properties":{"osm_id":"node/4958295139","kategori":"eczane","ad":"Selçuklu Eczanesi"}},{"type":"Feature","geometry":{"type":"Point","coordinates":[29.1008268,41.0393719]},"properties":{"osm_id":"node/4958295225","kategori":"eczane","ad":"Seçkin Eczanesi"}},{"type":"Feature","geometry":{"type":"Point","coordinates":[29.0990292,41.0441948]},"properties":{"osm_id":"node/4958295226","kategori":"eczane","ad":"Özgül Eczanesi"}},{"type":"Feature","geometry":{"type":"Point","coordinates":[29.1008528,41.0465196]},"properties":{"osm_id":"node/4958295227","kategori":"eczane","ad":"Vatan Eczanesi"}},{"type":"Feature","geometry":{"type":"Point","coordinates":[29.1037001,41.0435215]},"properties":{"osm_id":"node/4958295228","kategori":"eczane","ad":"İlkay Eczanesi"}},{"type":"Feature","geometry":{"type":"Point","coordinates":[29.1025428,41.0336685]},"properties":{"osm_id":"node/4958295229","kategori":"eczane","ad":"Al Eczanesi"}},{"type":"Feature","geometry":{"type":"Point","coordinates":[29.1026876,41.0336274]},"properties":{"osm_id":"node/4958295230","kategori":"eczane","ad":"Damla Eczanesi"}},{"type":"Feature","geometry":{"type":"Point","coordinates":[29.0961862,41.0320452]},"properties":{"osm_id":"node/4958295231","kategori":"eczane","ad":"Saadet Eczanesi"}},{"type":"Feature","geometry":{"type":"Point","coordinates":[29.0911036,41.0286321]},"properties":{"osm_id":"node/4958295232","kategori":"eczane","ad":"Kuzey Eczanesi"}},{"type":"Feature","geometry":{"type":"Point","coordinates":[29.0934133,41.0260183]},"properties":{"osm_id":"node/4958295233","kategori":"eczane","ad":"Berrin Eczanesi"}},{"type":"Feature","geometry":{"type":"Point","coordinates":[29.1129228,41.0323958]},"properties":{"osm_id":"node/4958295327","kategori":"eczane","ad":"Modern Eczanesi"}},{"type":"Feature","geometry":{"type":"Point","coordinates":[29.0992561,41.0439287]},"properties":{"osm_id":"node/4958295328","kategori":"eczane","ad":"Irmak Eczanesi"}},{"type":"Feature","geometry":{"type":"Point","coordinates":[29.0961688,41.0295839]},"properties":{"osm_id":"node/4958295329","kategori":"eczane","ad":"Hayal Eczanesi"}},{"type":"Feature","geometry":{"type":"Point","coordinates":[29.0914782,41.0283171]},"properties":{"osm_id":"node/4958295330","kategori":"eczane","ad":"Coşkun Eczanesi"}},{"type":"Feature","geometry":{"type":"Point","coordinates":[29.0915261,41.0281405]},"properties":{"osm_id":"node/4958295331","kategori":"eczane","ad":"Öncü Eczanesi"}},{"type":"Feature","geometry":{"type":"Point","coordinates":[29.1102388,41.0346713]},"properties":{"osm_id":"node/4958296222","kategori":"eczane","ad":"Akademi Eczanesi"}},{"type":"Feature","geometry":{"type":"Point","coordinates":[29.0918412,41.0271114]},"properties":{"osm_id":"node/4958306821","kategori":"eczane","ad":"Oktay Eczanesi"}},{"type":"Feature","geometry":{"type":"Point","coordinates":[29.0178343,41.0219971]},"properties":{"osm_id":"node/4959663521","kategori":"eczane","ad":"Yelda Eczanesi"}},{"type":"Feature","geometry":{"type":"Point","coordinates":[29.0153945,41.0217485]},"properties":{"osm_id":"node/4959663522","kategori":"eczane","ad":"Süer Eczanesi"}},{"type":"Feature","geometry":{"type":"Point","coordinates":[29.0156904,41.0212036]},"properties":{"osm_id":"node/4959663523","kategori":"eczane","ad":"Ülkü Eczanesi"}},{"type":"Feature","geometry":{"type":"Point","coordinates":[29.015813,41.0210251]},"properties":{"osm_id":"node/4959663524","kategori":"eczane","ad":"Beyaz Eczanesi"}},{"type":"Feature","geometry":{"type":"Point","coordinates":[29.0149536,41.0202273]},"properties":{"osm_id":"node/4959663525","kategori":"eczane","ad":"Ayazma Eczanesi"}},{"type":"Feature","geometry":{"type":"Point","coordinates":[29.0137835,41.0198661]},"properties":{"osm_id":"node/4959663526","kategori":"eczane","ad":"Ferhan Eczanesi"}},{"type":"Feature","geometry":{"type":"Point","coordinates":[29.0140338,41.0152465]},"properties":{"osm_id":"node/4959663527","kategori":"eczane","ad":"Danış Eczanesi"}},{"type":"Feature","geometry":{"type":"Point","coordinates":[29.0191221,41.0112691]},"properties":{"osm_id":"node/4959663528","kategori":"eczane","ad":"Ada Eczanesi"}},{"type":"Feature","geometry":{"type":"Point","coordinates":[29.0176232,41.0110506]},"properties":{"osm_id":"node/4959663529","kategori":"eczane","ad":"Marmara Eczanesi"}},{"type":"Feature","geometry":{"type":"Point","coordinates":[29.0176262,41.0101933]},"properties":{"osm_id":"node/4959663530","kategori":"eczane","ad":"Kışla Eczanesi"}},{"type":"Feature","geometry":{"type":"Point","coordinates":[29.016918,41.021086]},"properties":{"osm_id":"node/4959663621","kategori":"eczane","ad":"Sümer Eczanesi"}},{"type":"Feature","geometry":{"type":"Point","coordinates":[29.0165896,41.0215006]},"properties":{"osm_id":"node/4959671222","kategori":"eczane","ad":"Kavak Eczanesi"}},{"type":"Feature","geometry":{"type":"Point","coordinates":[29.0155006,41.0208168]},"properties":{"osm_id":"node/4959671223","kategori":"eczane","ad":"Üsküdar Merkez Eczanesi"}},{"type":"Feature","geometry":{"type":"Point","coordinates":[29.0148295,41.0201748]},"properties":{"osm_id":"node/4959671224","kategori":"eczane","ad":"Atilla Kaplan Eczanesi"}},{"type":"Feature","geometry":{"type":"Point","coordinates":[29.0147003,41.0201111]},"properties":{"osm_id":"node/4959671225","kategori":"eczane","ad":"Erçin Bengisu Eczanesi"}},{"type":"Feature","geometry":{"type":"Point","coordinates":[29.0117369,41.0184957]},"properties":{"osm_id":"node/4959671226","kategori":"eczane","ad":"Handan Eczanesi"}},{"type":"Feature","geometry":{"type":"Point","coordinates":[29.014915,41.0162798]},"properties":{"osm_id":"node/4959671227","kategori":"eczane","ad":"Merih Eczanesi"}},{"type":"Feature","geometry":{"type":"Point","coordinates":[29.0156956,41.0224062]},"properties":{"osm_id":"node/4959672821","kategori":"eczane","ad":"Marmaray Eczanesi"}},{"type":"Feature","geometry":{"type":"Point","coordinates":[29.0161705,41.0128145]},"properties":{"osm_id":"node/4959672822","kategori":"eczane","ad":"Fatoş Eczanesi"}},{"type":"Feature","geometry":{"type":"Point","coordinates":[29.0172552,41.0101343]},"properties":{"osm_id":"node/4959672823","kategori":"eczane","ad":"Ordu Eczanesi"}},{"type":"Feature","geometry":{"type":"Point","coordinates":[29.0205015,41.0158453]},"properties":{"osm_id":"node/4959672824","kategori":"eczane","ad":"Gül Eczanesi"}},{"type":"Feature","geometry":{"type":"Point","coordinates":[29.0166551,41.0132269]},"properties":{"osm_id":"node/4959673021","kategori":"eczane","ad":"Hakan Eczanesi"}},{"type":"Feature","geometry":{"type":"Point","coordinates":[29.018873,41.0118128]},"properties":{"osm_id":"node/4959673221","kategori":"eczane","ad":"Selimiye Eczanesi"}},{"type":"Feature","geometry":{"type":"Point","coordinates":[29.0455398,41.0203225]},"properties":{"osm_id":"node/4960996321","kategori":"eczane","ad":"Özlem Eczanesi"}},{"type":"Feature","geometry":{"type":"Point","coordinates":[29.0480797,41.0190206]},"properties":{"osm_id":"node/4960996322","kategori":"eczane","ad":"Site Eczanesi"}},{"type":"Feature","geometry":{"type":"Point","coordinates":[29.0476922,41.0173369]},"properties":{"osm_id":"node/4960996323","kategori":"eczane","ad":"Nar Eczanesi"}},{"type":"Feature","geometry":{"type":"Point","coordinates":[29.0431905,41.0168206]},"properties":{"osm_id":"node/4960996324","kategori":"eczane","ad":"Altunizade Eczanesi"}},{"type":"Feature","geometry":{"type":"Point","coordinates":[29.0396702,41.0211775]},"properties":{"osm_id":"node/4960996325","kategori":"eczane","ad":"Capitol Eczanesi"}},{"type":"Feature","geometry":{"type":"Point","coordinates":[29.034098,41.0207182]},"properties":{"osm_id":"node/4960996326","kategori":"eczane","ad":"Şenay Eczanesi"}},{"type":"Feature","geometry":{"type":"Point","coordinates":[29.0343911,41.0202092]},"properties":{"osm_id":"node/4960996327","kategori":"eczane","ad":"Mavi Eczanesi"}},{"type":"Feature","geometry":{"type":"Point","coordinates":[29.0342446,41.020005]},"properties":{"osm_id":"node/4960996328","kategori":"eczane","ad":"Akademi Ebru Eczanesi"}},{"type":"Feature","geometry":{"type":"Point","coordinates":[29.0454389,41.0201606]},"properties":{"osm_id":"node/4960996421","kategori":"eczane","ad":"Full Eczanesi"}},{"type":"Feature","geometry":{"type":"Point","coordinates":[29.0316751,41.0204489]},"properties":{"osm_id":"node/4960996422","kategori":"eczane","ad":"Nilgün Eczanesi"}},{"type":"Feature","geometry":{"type":"Point","coordinates":[29.0341321,41.019888]},"properties":{"osm_id":"node/4960996423","kategori":"eczane","ad":"Üsküdar Eczanesi"}},{"type":"Feature","geometry":{"type":"Point","coordinates":[29.0320772,41.0182908]},"properties":{"osm_id":"node/4960996424","kategori":"eczane","ad":"Bülent Eczanesi"}},{"type":"Feature","geometry":{"type":"Point","coordinates":[29.0450864,41.0197333]},"properties":{"osm_id":"node/4960996521","kategori":"eczane","ad":"Alaca Eczanesi"}},{"type":"Feature","geometry":{"type":"Point","coordinates":[29.0450078,41.0195819]},"properties":{"osm_id":"node/4960996621","kategori":"eczane","ad":"Büyük Eczane"}},{"type":"Feature","geometry":{"type":"Point","coordinates":[29.0344953,41.0203893]},"properties":{"osm_id":"node/4960996721","kategori":"eczane","ad":"Başak Eczanesi"}},{"type":"Feature","geometry":{"type":"Point","coordinates":[29.0313053,41.0185884]},"properties":{"osm_id":"node/4960996821","kategori":"eczane","ad":"Cansu Eczanesi"}},{"type":"Feature","geometry":{"type":"Point","coordinates":[29.0503182,40.976295]},"properties":{"osm_id":"node/4963073622","kategori":"eczane","ad":"Tılsım Eczanesi"}},{"type":"Feature","geometry":{"type":"Point","coordinates":[29.0412947,40.9808604]},"properties":{"osm_id":"node/4963074222","kategori":"eczane","ad":"Doğa Eczanesi"}},{"type":"Feature","geometry":{"type":"Point","coordinates":[29.0413771,40.9786369]},"properties":{"osm_id":"node/4963074223","kategori":"eczane","ad":"Kalamış Eczanesi"}},{"type":"Feature","geometry":{"type":"Point","coordinates":[29.0614058,40.9830983]},"properties":{"osm_id":"node/4963074226","kategori":"eczane","ad":"Burkay Eczanesi"}},{"type":"Feature","geometry":{"type":"Point","coordinates":[29.042094,40.9810447]},"properties":{"osm_id":"node/4963078521","kategori":"eczane","ad":"Deniz Eczanesi"}},{"type":"Feature","geometry":{"type":"Point","coordinates":[29.0464941,40.9777224]},"properties":{"osm_id":"node/4963078522","kategori":"eczane","ad":"Erguvan Eczanesi"}},{"type":"Feature","geometry":{"type":"Point","coordinates":[29.0806235,40.9778797]},"properties":{"osm_id":"node/4965171121","kategori":"eczane","ad":"Okyanus Eczanesi"}},{"type":"Feature","geometry":{"type":"Point","coordinates":[29.083907,40.9571318]},"properties":{"osm_id":"node/4965171122","kategori":"eczane","ad":"Nazlı Eczanesi"}},{"type":"Feature","geometry":{"type":"Point","coordinates":[29.0803452,40.9781561]},"properties":{"osm_id":"node/4965171221","kategori":"eczane","ad":"Nakıboğlu Eczanesi"}},{"type":"Feature","geometry":{"type":"Point","coordinates":[29.0820234,40.9666215]},"properties":{"osm_id":"node/4965171321","kategori":"eczane","ad":"Pars Eczanesi"}},{"type":"Feature","geometry":{"type":"Point","coordinates":[29.0832897,40.960197]},"properties":{"osm_id":"node/4965171323","kategori":"eczane","ad":"Eczane Selim Bilge"}},{"type":"Feature","geometry":{"type":"Point","coordinates":[29.0832345,40.9597534]},"properties":{"osm_id":"node/4965171324","kategori":"eczane","ad":"Çınar Eczanesi"}},{"type":"Feature","geometry":{"type":"Point","coordinates":[29.2697148,40.9665567]},"properties":{"osm_id":"node/4966199021","kategori":"eczane","ad":"Sinan Eczanesi"}},{"type":"Feature","geometry":{"type":"Point","coordinates":[29.2694539,40.9662393]},"properties":{"osm_id":"node/4966199221","kategori":"eczane","ad":"Elif Eczanesi"}},{"type":"Feature","geometry":{"type":"Point","coordinates":[29.2718225,40.9654717]},"properties":{"osm_id":"node/4966199222","kategori":"eczane","ad":"Onur Eczanesi"}},{"type":"Feature","geometry":{"type":"Point","coordinates":[29.2744765,40.9663957]},"properties":{"osm_id":"node/4966199223","kategori":"eczane","ad":"Türkeli Eczanesi"}},{"type":"Feature","geometry":{"type":"Point","coordinates":[29.2795373,40.9646299]},"properties":{"osm_id":"node/4966199621","kategori":"eczane","ad":"Turgut Reis Eczanesi"}},{"type":"Feature","geometry":{"type":"Point","coordinates":[28.8227084,40.9592896]},"properties":{"osm_id":"node/4971080026","kategori":"eczane","ad":"Yeşilköy Eczanesi"}},{"type":"Feature","geometry":{"type":"Point","coordinates":[28.8218412,40.9614318]},"properties":{"osm_id":"node/4971080027","kategori":"eczane","ad":"Buse Eczanesi"}},{"type":"Feature","geometry":{"type":"Point","coordinates":[28.8374008,40.963691]},"properties":{"osm_id":"node/4971080028","kategori":"eczane","ad":"Aytaç Eczanesi"}},{"type":"Feature","geometry":{"type":"Point","coordinates":[28.8375406,40.9638369]},"properties":{"osm_id":"node/4971080029","kategori":"eczane","ad":"Gün Eczanesi"}},{"type":"Feature","geometry":{"type":"Point","coordinates":[28.8506816,40.978595]},"properties":{"osm_id":"node/4971080030","kategori":"eczane","ad":"Pharmataköy Eczanesi"}},{"type":"Feature","geometry":{"type":"Point","coordinates":[28.8537682,40.98434]},"properties":{"osm_id":"node/4971080031","kategori":"eczane","ad":"Ataköy Eczanesi"}},{"type":"Feature","geometry":{"type":"Point","coordinates":[28.851753,40.983958]},"properties":{"osm_id":"node/4971080032","kategori":"eczane","ad":"Ataköy Martı Eczanesi"}},{"type":"Feature","geometry":{"type":"Point","coordinates":[28.8195733,40.9596479]},"properties":{"osm_id":"node/4971109921","kategori":"eczane","ad":"Büyük Umut Eczanesi"}},{"type":"Feature","geometry":{"type":"Point","coordinates":[28.8214068,40.9598242]},"properties":{"osm_id":"node/4971110021","kategori":"eczane","ad":"Yeni Hayat Eczanesi"}},{"type":"Feature","geometry":{"type":"Point","coordinates":[28.8226804,40.9611802]},"properties":{"osm_id":"node/4971110023","kategori":"eczane","ad":"Nur Eczanesi"}},{"type":"Feature","geometry":{"type":"Point","coordinates":[28.86022,40.982196]},"properties":{"osm_id":"node/4971110024","kategori":"eczane","ad":"Lale Eczanesi"}},{"type":"Feature","geometry":{"type":"Point","coordinates":[28.8483355,40.9835557]},"properties":{"osm_id":"node/4971110025","kategori":"eczane","ad":"Yosun Eczanesi"}},{"type":"Feature","geometry":{"type":"Point","coordinates":[28.8220922,40.9585486]},"properties":{"osm_id":"node/4971110121","kategori":"eczane","ad":"Emine Eczanesi"}},{"type":"Feature","geometry":{"type":"Point","coordinates":[28.8243747,40.9609892]},"properties":{"osm_id":"node/4971110122","kategori":"eczane","ad":"Sevgi Eczanesi"}},{"type":"Feature","geometry":{"type":"Point","coordinates":[28.8319946,40.9595128]},"properties":{"osm_id":"node/4971110123","kategori":"eczane","ad":"Sercan Eczanesi"}},{"type":"Feature","geometry":{"type":"Point","coordinates":[28.8348018,40.9590502]},"properties":{"osm_id":"node/4971110124","kategori":"eczane","ad":"Nil Eczanesi"}},{"type":"Feature","geometry":{"type":"Point","coordinates":[28.8545504,40.9790565]},"properties":{"osm_id":"node/4971110125","kategori":"eczane","ad":"Ataköy Zuhal Eczanesi"}},{"type":"Feature","geometry":{"type":"Point","coordinates":[28.8598884,40.9822095]},"properties":{"osm_id":"node/4971110126","kategori":"eczane","ad":"Serpil Eczanesi"}},{"type":"Feature","geometry":{"type":"Point","coordinates":[28.8589148,41.0088419]},"properties":{"osm_id":"node/5024263223","kategori":"eczane","ad":"Bayar Eczanesi"}},{"type":"Feature","geometry":{"type":"Point","coordinates":[28.8589148,41.0089669]},"properties":{"osm_id":"node/5024263224","kategori":"eczane","ad":"Sevgi Eczanesi"}},{"type":"Feature","geometry":{"type":"Point","coordinates":[28.7688819,40.9933522]},"properties":{"osm_id":"node/5036020923","kategori":"eczane","ad":"Yeni Eczanesi"}},{"type":"Feature","geometry":{"type":"Point","coordinates":[28.7697425,40.9947419]},"properties":{"osm_id":"node/5036020924","kategori":"eczane","ad":"Mest Eczanesi"}},{"type":"Feature","geometry":{"type":"Point","coordinates":[28.7693636,40.9965241]},"properties":{"osm_id":"node/5036020925","kategori":"eczane","ad":"Ege Eczanesi"}},{"type":"Feature","geometry":{"type":"Point","coordinates":[28.7661773,40.9983983]},"properties":{"osm_id":"node/5036020926","kategori":"eczane","ad":"Okan Eczanesi"}},{"type":"Feature","geometry":{"type":"Point","coordinates":[28.7754258,41.0014481]},"properties":{"osm_id":"node/5036020927","kategori":"eczane","ad":"Cennet Koru Eczanesi"}},{"type":"Feature","geometry":{"type":"Point","coordinates":[28.7821314,41.0007782]},"properties":{"osm_id":"node/5036020928","kategori":"eczane","ad":"Papatyam Eczanesi"}},{"type":"Feature","geometry":{"type":"Point","coordinates":[28.7715661,40.9904221]},"properties":{"osm_id":"node/5036023522","kategori":"eczane","ad":"Çarşı Eczanesi"}},{"type":"Feature","geometry":{"type":"Point","coordinates":[28.771055,40.9913885]},"properties":{"osm_id":"node/5036023523","kategori":"eczane","ad":"Yıldız Eczanesi"}},{"type":"Feature","geometry":{"type":"Point","coordinates":[28.7779646,41.002166]},"properties":{"osm_id":"node/5036023524","kategori":"eczane","ad":"Aksoy Eczanesi"}},{"type":"Feature","geometry":{"type":"Point","coordinates":[28.7783581,41.0017225]},"properties":{"osm_id":"node/5036023525","kategori":"eczane","ad":"İstanbul Eczanesi"}},{"type":"Feature","geometry":{"type":"Point","coordinates":[28.7779743,40.9984425]},"properties":{"osm_id":"node/5036023526","kategori":"eczane","ad":"Arda Eczanesi"}},{"type":"Feature","geometry":{"type":"Point","coordinates":[28.7803106,40.9994779]},"properties":{"osm_id":"node/5036023527","kategori":"eczane","ad":"Ender Eczanesi"}},{"type":"Feature","geometry":{"type":"Point","coordinates":[28.7806805,40.9997301]},"properties":{"osm_id":"node/5036023528","kategori":"eczane","ad":"Öner Eczanesi"}},{"type":"Feature","geometry":{"type":"Point","coordinates":[28.777424,40.9973352]},"properties":{"osm_id":"node/5036023529","kategori":"eczane","ad":"Rumeli Eczanesi"}},{"type":"Feature","geometry":{"type":"Point","coordinates":[28.7769702,40.9970276]},"properties":{"osm_id":"node/5036023530","kategori":"eczane","ad":"Marmara Eczanesi"}},{"type":"Feature","geometry":{"type":"Point","coordinates":[28.7767294,40.9968099]},"properties":{"osm_id":"node/5036023531","kategori":"eczane","ad":"Beyaz Eczanesi"}},{"type":"Feature","geometry":{"type":"Point","coordinates":[28.7766374,40.9967154]},"properties":{"osm_id":"node/5036023532","kategori":"eczane","ad":"Tuna Eczanesi"}},{"type":"Feature","geometry":{"type":"Point","coordinates":[28.7763034,40.9971188]},"properties":{"osm_id":"node/5036023533","kategori":"eczane","ad":"Çetinkaya Eczanesi"}},{"type":"Feature","geometry":{"type":"Point","coordinates":[28.7752786,40.9963755]},"properties":{"osm_id":"node/5036023534","kategori":"eczane","ad":"Tepeüstü Sevinç Eczanesi"}},{"type":"Feature","geometry":{"type":"Point","coordinates":[28.766102,40.9981716]},"properties":{"osm_id":"node/5036031521","kategori":"eczane","ad":"Pelin Eczanesi"}},{"type":"Feature","geometry":{"type":"Point","coordinates":[28.7701403,40.9987692]},"properties":{"osm_id":"node/5036031522","kategori":"eczane","ad":"Fulya Eczanesi"}},{"type":"Feature","geometry":{"type":"Point","coordinates":[28.7778665,41.0019563]},"properties":{"osm_id":"node/5036031523","kategori":"eczane","ad":"Mevlana Bozkır Eczanesi"}},{"type":"Feature","geometry":{"type":"Point","coordinates":[28.7759983,40.9969179]},"properties":{"osm_id":"node/5036031524","kategori":"eczane","ad":"Can Eczanesi"}},{"type":"Feature","geometry":{"type":"Point","coordinates":[28.7666219,40.998725]},"properties":{"osm_id":"node/5036031621","kategori":"eczane","ad":"Nehirnaz Eczanesi"}},{"type":"Feature","geometry":{"type":"Point","coordinates":[28.7809859,40.9936278]},"properties":{"osm_id":"node/5038115724","kategori":"eczane","ad":"Seval Eczanesi"}},{"type":"Feature","geometry":{"type":"Point","coordinates":[28.7853993,40.9994237]},"properties":{"osm_id":"node/5038115725","kategori":"eczane","ad":"Çare Eczanesi"}},{"type":"Feature","geometry":{"type":"Point","coordinates":[28.7851933,40.9993817]},"properties":{"osm_id":"node/5038115726","kategori":"eczane","ad":"Egeli Eczanesi"}},{"type":"Feature","geometry":{"type":"Point","coordinates":[28.7864955,41.0020629]},"properties":{"osm_id":"node/5038115727","kategori":"eczane","ad":"Şifapınarı Eczanesi"}},{"type":"Feature","geometry":{"type":"Point","coordinates":[28.7870929,41.0135625]},"properties":{"osm_id":"node/5038115728","kategori":"eczane","ad":"Melis Eczanesi"}},{"type":"Feature","geometry":{"type":"Point","coordinates":[28.7849749,41.0176428]},"properties":{"osm_id":"node/5038117023","kategori":"eczane","ad":"Akdeniz Eczanesi"}},{"type":"Feature","geometry":{"type":"Point","coordinates":[28.7884431,41.0026574]},"properties":{"osm_id":"node/5038117124","kategori":"eczane","ad":"Paket Eczanesi"}},{"type":"Feature","geometry":{"type":"Point","coordinates":[28.7880671,41.0023607]},"properties":{"osm_id":"node/5038117125","kategori":"eczane","ad":"Egemen Eczanesi"}},{"type":"Feature","geometry":{"type":"Point","coordinates":[28.7849721,40.9992678]},"properties":{"osm_id":"node/5038117421","kategori":"eczane","ad":"Tan Eczanesi"}},{"type":"Feature","geometry":{"type":"Point","coordinates":[28.7845217,41.0172467]},"properties":{"osm_id":"node/5038117422","kategori":"eczane","ad":"Fatoş Eczanesi"}},{"type":"Feature","geometry":{"type":"Point","coordinates":[28.7855899,40.9993746]},"properties":{"osm_id":"node/5038117521","kategori":"eczane","ad":"Güvenç Eczanesi"}},{"type":"Feature","geometry":{"type":"Point","coordinates":[28.7891558,41.0030932]},"properties":{"osm_id":"node/5038117522","kategori":"eczane","ad":"Eylül Eczanesi"}},{"type":"Feature","geometry":{"type":"Point","coordinates":[28.7883918,41.0027936]},"properties":{"osm_id":"node/5038117523","kategori":"eczane","ad":"Üstün Eczanesi"}},{"type":"Feature","geometry":{"type":"Point","coordinates":[28.7852274,41.017806]},"properties":{"osm_id":"node/5038117524","kategori":"eczane","ad":"Saraç Eczanesi"}},{"type":"Feature","geometry":{"type":"Point","coordinates":[28.8311361,41.0087572]},"properties":{"osm_id":"node/5040253322","kategori":"eczane","ad":"Mehtap Eczanesi"}},{"type":"Feature","geometry":{"type":"Point","coordinates":[28.8332302,41.0056762]},"properties":{"osm_id":"node/5040253323","kategori":"eczane","ad":"Yeni Şifa Eczanesi"}},{"type":"Feature","geometry":{"type":"Point","coordinates":[28.8309645,41.0055367]},"properties":{"osm_id":"node/5040253324","kategori":"eczane","ad":"Neşe Eczanesi"}},{"type":"Feature","geometry":{"type":"Point","coordinates":[28.8265679,41.0035132]},"properties":{"osm_id":"node/5040253325","kategori":"eczane","ad":"Oylum Eczanesi"}},{"type":"Feature","geometry":{"type":"Point","coordinates":[28.8302686,41.0034275]},"properties":{"osm_id":"node/5040253326","kategori":"eczane","ad":"Hülya Eczanesi"}},{"type":"Feature","geometry":{"type":"Point","coordinates":[28.830775,41.003213]},"properties":{"osm_id":"node/5040253327","kategori":"eczane","ad":"Berkay Eczanesi"}},{"type":"Feature","geometry":{"type":"Point","coordinates":[28.8163415,41.0103215]},"properties":{"osm_id":"node/5040259423","kategori":"eczane","ad":"İstwest Eczanesi"}},{"type":"Feature","geometry":{"type":"Point","coordinates":[28.8160106,41.0108333]},"properties":{"osm_id":"node/5040259424","kategori":"eczane","ad":"Starcity Eczanesi"}},{"type":"Feature","geometry":{"type":"Point","coordinates":[28.8286821,41.0055841]},"properties":{"osm_id":"node/5040259425","kategori":"eczane","ad":"Niğdeli Eczanesi"}},{"type":"Feature","geometry":{"type":"Point","coordinates":[28.8282278,41.0055228]},"properties":{"osm_id":"node/5040259426","kategori":"eczane","ad":"Serkan Eczanesi"}},{"type":"Feature","geometry":{"type":"Point","coordinates":[28.8198739,41.0075539]},"properties":{"osm_id":"node/5040268021","kategori":"eczane","ad":"Selçuk Eczanesi"}},{"type":"Feature","geometry":{"type":"Point","coordinates":[28.8201445,41.0072546]},"properties":{"osm_id":"node/5040268022","kategori":"eczane","ad":"Altınyıldız Eczanesi"}},{"type":"Feature","geometry":{"type":"Point","coordinates":[28.8330436,41.0083128]},"properties":{"osm_id":"node/5040268121","kategori":"eczane","ad":"Dilek Eczanesi"}},{"type":"Feature","geometry":{"type":"Point","coordinates":[28.830872,41.003472]},"properties":{"osm_id":"node/5040268122","kategori":"eczane","ad":"Yeşim Eczanesi"}},{"type":"Feature","geometry":{"type":"Point","coordinates":[28.8306003,41.0025971]},"properties":{"osm_id":"node/5040268123","kategori":"eczane","ad":"Sevgi Eczanesi"}},{"type":"Feature","geometry":{"type":"Point","coordinates":[28.8306579,41.0028253]},"properties":{"osm_id":"node/5040268124","kategori":"eczane","ad":"Hakan Eczanesi"}},{"type":"Feature","geometry":{"type":"Point","coordinates":[28.8342511,40.9997925]},"properties":{"osm_id":"node/5042244928","kategori":"eczane","ad":"Avrupa Eczanesi"}},{"type":"Feature","geometry":{"type":"Point","coordinates":[28.8305164,40.9997762]},"properties":{"osm_id":"node/5042244929","kategori":"eczane","ad":"Filiz Eczanesi"}},{"type":"Feature","geometry":{"type":"Point","coordinates":[28.8303688,41.0008155]},"properties":{"osm_id":"node/5042244930","kategori":"eczane","ad":"Berat Eczanesi"}},{"type":"Feature","geometry":{"type":"Point","coordinates":[28.8341156,41.0017774]},"properties":{"osm_id":"node/5042244931","kategori":"eczane","ad":"Deva Eczanesi"}},{"type":"Feature","geometry":{"type":"Point","coordinates":[28.8359892,41.0027553]},"properties":{"osm_id":"node/5042244932","kategori":"eczane","ad":"Özlem Eczanesi"}},{"type":"Feature","geometry":{"type":"Point","coordinates":[28.83703,40.995804]},"properties":{"osm_id":"node/5042245024","kategori":"eczane","ad":"Yasemin Eczanesi"}},{"type":"Feature","geometry":{"type":"Point","coordinates":[28.8350441,40.9962647]},"properties":{"osm_id":"node/5042245025","kategori":"eczane","ad":"Tülin Eczanesi"}},{"type":"Feature","geometry":{"type":"Point","coordinates":[28.8306922,40.9990612]},"properties":{"osm_id":"node/5042245026","kategori":"eczane","ad":"Fetih Eczanesi"}},{"type":"Feature","geometry":{"type":"Point","coordinates":[28.8306699,40.9991608]},"properties":{"osm_id":"node/5042245027","kategori":"eczane","ad":"Burak Eczanesi"}},{"type":"Feature","geometry":{"type":"Point","coordinates":[28.8298928,40.9993525]},"properties":{"osm_id":"node/5042245123","kategori":"eczane","ad":"Göknar Eczanesi"}},{"type":"Feature","geometry":{"type":"Point","coordinates":[28.835578,41.0015781]},"properties":{"osm_id":"node/5042245124","kategori":"eczane","ad":"İlim Eczanesi"}},{"type":"Feature","geometry":{"type":"Point","coordinates":[28.8343435,41.002113]},"properties":{"osm_id":"node/5042245125","kategori":"eczane","ad":"Yeditepe Eczanesi"}},{"type":"Feature","geometry":{"type":"Point","coordinates":[28.8359984,41.0029769]},"properties":{"osm_id":"node/5042245126","kategori":"eczane","ad":"Nur Eczanesi"}},{"type":"Feature","geometry":{"type":"Point","coordinates":[28.8348494,40.9977541]},"properties":{"osm_id":"node/5042245222","kategori":"eczane","ad":"Yenibosna Hayat Eczanesi"}},{"type":"Feature","geometry":{"type":"Point","coordinates":[28.8307893,40.9987928]},"properties":{"osm_id":"node/5042245223","kategori":"eczane","ad":"Asılsoy Eczanesi"}},{"type":"Feature","geometry":{"type":"Point","coordinates":[28.8359575,41.0023718]},"properties":{"osm_id":"node/5042245224","kategori":"eczane","ad":"Ilgaz Eczanesi"}},{"type":"Feature","geometry":{"type":"Point","coordinates":[28.8165629,41.039568]},"properties":{"osm_id":"node/5047367022","kategori":"eczane","ad":"Yağız Arslan Eczanesi"}},{"type":"Feature","geometry":{"type":"Point","coordinates":[28.8171063,41.0384198]},"properties":{"osm_id":"node/5047367023","kategori":"eczane","ad":"Burak Eczane"}},{"type":"Feature","geometry":{"type":"Point","coordinates":[28.8192203,41.0441823]},"properties":{"osm_id":"node/5047367024","kategori":"eczane","ad":"Feriye Eczanesi"}},{"type":"Feature","geometry":{"type":"Point","coordinates":[28.8288756,41.0248654]},"properties":{"osm_id":"node/5047367025","kategori":"eczane","ad":"Arzu Eczanesi"}},{"type":"Feature","geometry":{"type":"Point","coordinates":[28.8313007,41.0279397]},"properties":{"osm_id":"node/5047367026","kategori":"eczane","ad":"Gültepe Sibel Eczanesi"}},{"type":"Feature","geometry":{"type":"Point","coordinates":[28.830988,41.0279397]},"properties":{"osm_id":"node/5047367027","kategori":"eczane","ad":"Güneşli Pınar Eczanesi"}},{"type":"Feature","geometry":{"type":"Point","coordinates":[28.8321589,41.0183663]},"properties":{"osm_id":"node/5047367028","kategori":"eczane","ad":"Acar Eczanesi"}},{"type":"Feature","geometry":{"type":"Point","coordinates":[28.8328388,41.0180929]},"properties":{"osm_id":"node/5047367029","kategori":"eczane","ad":"Melih Eczanesi"}},{"type":"Feature","geometry":{"type":"Point","coordinates":[28.8347858,41.0145768]},"properties":{"osm_id":"node/5047367030","kategori":"eczane","ad":"Can Eczanesi"}},{"type":"Feature","geometry":{"type":"Point","coordinates":[28.8341661,41.0114897]},"properties":{"osm_id":"node/5047367031","kategori":"eczane","ad":"Merkez Eczanesi"}},{"type":"Feature","geometry":{"type":"Point","coordinates":[28.834321,41.011499]},"properties":{"osm_id":"node/5047367032","kategori":"eczane","ad":"Ayyıldız Eczanesi"}},{"type":"Feature","geometry":{"type":"Point","coordinates":[28.8385505,41.0070638]},"properties":{"osm_id":"node/5047367033","kategori":"eczane","ad":"Bakan Eczanesi"}},{"type":"Feature","geometry":{"type":"Point","coordinates":[28.816274,41.0420898]},"properties":{"osm_id":"node/5047376521","kategori":"eczane","ad":"Zeynep Eczanesi"}},{"type":"Feature","geometry":{"type":"Point","coordinates":[28.8197524,41.0408818]},"properties":{"osm_id":"node/5047376621","kategori":"eczane","ad":"Azizbaba Eczanesi"}},{"type":"Feature","geometry":{"type":"Point","coordinates":[28.8198325,41.0344856]},"properties":{"osm_id":"node/5047376622","kategori":"eczane","ad":"Arzum Eczanesi"}},{"type":"Feature","geometry":{"type":"Point","coordinates":[28.8226588,41.034764]},"properties":{"osm_id":"node/5047376623","kategori":"eczane","ad":"Güneşli İpek Eczanesi"}},{"type":"Feature","geometry":{"type":"Point","coordinates":[28.8226935,41.0353059]},"properties":{"osm_id":"node/5047376624","kategori":"eczane","ad":"Ömür Eczanesi"}},{"type":"Feature","geometry":{"type":"Point","coordinates":[28.8249461,41.0317782]},"properties":{"osm_id":"node/5047376625","kategori":"eczane","ad":"Güneşli Park Eczanesi"}},{"type":"Feature","geometry":{"type":"Point","coordinates":[28.8192373,41.0438681]},"properties":{"osm_id":"node/5047376721","kategori":"eczane","ad":"Figen Eczanesi"}},{"type":"Feature","geometry":{"type":"Point","coordinates":[28.8235903,41.0398861]},"properties":{"osm_id":"node/5047376722","kategori":"eczane","ad":"Kristal Eczanesi"}},{"type":"Feature","geometry":{"type":"Point","coordinates":[28.8306017,41.0269822]},"properties":{"osm_id":"node/5047376723","kategori":"eczane","ad":"Duygu Eczanesi"}},{"type":"Feature","geometry":{"type":"Point","coordinates":[28.8351411,41.0146121]},"properties":{"osm_id":"node/5047376724","kategori":"eczane","ad":"Berin Eczanesi"}},{"type":"Feature","geometry":{"type":"Point","coordinates":[28.8350155,41.0142942]},"properties":{"osm_id":"node/5047376725","kategori":"eczane","ad":"Emir Eczanesi"}},{"type":"Feature","geometry":{"type":"Point","coordinates":[28.8200069,41.0351386]},"properties":{"osm_id":"node/5047376921","kategori":"eczane","ad":"Ulaş Eczanesi"}},{"type":"Feature","geometry":{"type":"Point","coordinates":[28.8323962,41.0183036]},"properties":{"osm_id":"node/5047376922","kategori":"eczane","ad":"Selmin Eczanesi"}},{"type":"Feature","geometry":{"type":"Point","coordinates":[28.8352405,41.0179779]},"properties":{"osm_id":"node/5047377221","kategori":"eczane","ad":"Semt Eczanesi"}},{"type":"Feature","geometry":{"type":"Point","coordinates":[29.1293887,40.9250827]},"properties":{"osm_id":"node/5052633824","kategori":"eczane","ad":"Mimar Sinan Eczanesi"}},{"type":"Feature","geometry":{"type":"Point","coordinates":[29.1299696,40.9246914]},"properties":{"osm_id":"node/5052633825","kategori":"eczane","ad":"Fatoş Eczanesi"}},{"type":"Feature","geometry":{"type":"Point","coordinates":[29.1392366,40.9106015]},"properties":{"osm_id":"node/5052643521","kategori":"eczane","ad":"Biruni Eczanesi"}},{"type":"Feature","geometry":{"type":"Point","coordinates":[29.1389557,40.9196836]},"properties":{"osm_id":"node/5052643522","kategori":"eczane","ad":"Arpas Eczanesi"}},{"type":"Feature","geometry":{"type":"Point","coordinates":[29.1387197,40.9254424]},"properties":{"osm_id":"node/5052643523","kategori":"eczane","ad":"Busem Eczanesi"}},{"type":"Feature","geometry":{"type":"Point","coordinates":[29.1392899,40.9116324]},"properties":{"osm_id":"node/5052643621","kategori":"eczane","ad":"Dragos Eczanesi"}},{"type":"Feature","geometry":{"type":"Point","coordinates":[29.1373186,40.9210115]},"properties":{"osm_id":"node/5052643622","kategori":"eczane","ad":"Çağrı Eczanesi"}},{"type":"Feature","geometry":{"type":"Point","coordinates":[29.134372,40.9302311]},"properties":{"osm_id":"node/5052643623","kategori":"eczane","ad":"Boğaziçi Eczanesi"}},{"type":"Feature","geometry":{"type":"Point","coordinates":[29.129243,40.9279289]},"properties":{"osm_id":"node/5052643624","kategori":"eczane","ad":"Nihal Eczanesi"}},{"type":"Feature","geometry":{"type":"Point","coordinates":[29.1300421,40.924517]},"properties":{"osm_id":"node/5052643625","kategori":"eczane","ad":"Şifa Eczanesi"}},{"type":"Feature","geometry":{"type":"Point","coordinates":[29.1295735,40.9280466]},"properties":{"osm_id":"node/5052643922","kategori":"eczane","ad":"Demir Eczanesi"}},{"type":"Feature","geometry":{"type":"Point","coordinates":[29.1340805,40.9213945]},"properties":{"osm_id":"node/5052643923","kategori":"eczane","ad":"Marmaray Eczanesi"}},{"type":"Feature","geometry":{"type":"Point","coordinates":[29.134822,40.9222623]},"properties":{"osm_id":"node/5052643924","kategori":"eczane","ad":"Merkez Güler Eczanesi"}},{"type":"Feature","geometry":{"type":"Point","coordinates":[29.1341016,40.9236488]},"properties":{"osm_id":"node/5052643925","kategori":"eczane","ad":"Gökçe Eczanesi"}},{"type":"Feature","geometry":{"type":"Point","coordinates":[28.8372246,41.0450221]},"properties":{"osm_id":"node/5057572222","kategori":"eczane","ad":"Burçak Eczanesi"}},{"type":"Feature","geometry":{"type":"Point","coordinates":[28.8408286,41.044051]},"properties":{"osm_id":"node/5057572223","kategori":"eczane","ad":"Aysuna Eczanesi"}},{"type":"Feature","geometry":{"type":"Point","coordinates":[28.8439878,41.0491074]},"properties":{"osm_id":"node/5057572224","kategori":"eczane","ad":"İkizler Eczanesi"}},{"type":"Feature","geometry":{"type":"Point","coordinates":[28.8346451,41.0493094]},"properties":{"osm_id":"node/5057572325","kategori":"eczane","ad":"Akaç Eczanesi"}},{"type":"Feature","geometry":{"type":"Point","coordinates":[28.8386005,41.0490267]},"properties":{"osm_id":"node/5057572326","kategori":"eczane","ad":"Şifanur Eczanesi"}},{"type":"Feature","geometry":{"type":"Point","coordinates":[28.8388032,41.045458]},"properties":{"osm_id":"node/5057572327","kategori":"eczane","ad":"Efe Hayat Eczanesi"}},{"type":"Feature","geometry":{"type":"Point","coordinates":[28.8350878,41.049143]},"properties":{"osm_id":"node/5057572424","kategori":"eczane","ad":"Sultan"}},{"type":"Feature","geometry":{"type":"Point","coordinates":[28.8372503,41.0447742]},"properties":{"osm_id":"node/5057572425","kategori":"eczane","ad":"Şifa Eczanesi"}},{"type":"Feature","geometry":{"type":"Point","coordinates":[28.846201,41.0464534]},"properties":{"osm_id":"node/5057572426","kategori":"eczane","ad":"Akbulut Eczanesi"}},{"type":"Feature","geometry":{"type":"Point","coordinates":[28.8443057,41.049011]},"properties":{"osm_id":"node/5057572427","kategori":"eczane","ad":"Ertunç Yaman Eczanesi"}},{"type":"Feature","geometry":{"type":"Point","coordinates":[28.9387324,41.0129233]},"properties":{"osm_id":"node/5075929023","kategori":"eczane","ad":"Yeşim eczane"}},{"type":"Feature","geometry":{"type":"Point","coordinates":[28.9424744,41.0114266]},"properties":{"osm_id":"node/5075929035","kategori":"eczane","ad":"Sevgi eczane"}},{"type":"Feature","geometry":{"type":"Point","coordinates":[28.9500524,41.0115368]},"properties":{"osm_id":"node/5075962042","kategori":"eczane","ad":"ferit eczane"}},{"type":"Feature","geometry":{"type":"Point","coordinates":[28.9460211,41.0140882]},"properties":{"osm_id":"node/5075994623","kategori":"eczane","ad":"Yeşil Doğa Eczanesi"}},{"type":"Feature","geometry":{"type":"Point","coordinates":[28.9548188,41.0238604]},"properties":{"osm_id":"node/5076166148","kategori":"eczane","ad":"Özlem Eczanesi"}},{"type":"Feature","geometry":{"type":"Point","coordinates":[28.9371729,41.0168058]},"properties":{"osm_id":"node/5081264666","kategori":"eczane","ad":"İnci Eczanesi"}},{"type":"Feature","geometry":{"type":"Point","coordinates":[28.9369154,41.0166115]},"properties":{"osm_id":"node/5081264667","kategori":"eczane","ad":"Taşhan eczane"}},{"type":"Feature","geometry":{"type":"Point","coordinates":[28.9378327,41.0163525]},"properties":{"osm_id":"node/5081264668","kategori":"eczane","ad":"Gunaydin Eczanesi"}},{"type":"Feature","geometry":{"type":"Point","coordinates":[28.9383209,41.0142396]},"properties":{"osm_id":"node/5081264672","kategori":"eczane","ad":"Eczane Tarçin"}},{"type":"Feature","geometry":{"type":"Point","coordinates":[28.9401668,41.013895]},"properties":{"osm_id":"node/5081264716","kategori":"eczane","ad":"Kurultay Eczanesi"}},{"type":"Feature","geometry":{"type":"Point","coordinates":[28.9421985,41.0151538]},"properties":{"osm_id":"node/5081265969","kategori":"eczane","ad":"Medipol Üniversitesi Sağlık Merkezi"}},{"type":"Feature","geometry":{"type":"Point","coordinates":[28.9503962,41.0156583]},"properties":{"osm_id":"node/5081274089","kategori":"eczane","ad":"Tevhid Eczane"}},{"type":"Feature","geometry":{"type":"Point","coordinates":[28.950533,41.0158283]},"properties":{"osm_id":"node/5081274090","kategori":"eczane","ad":"Özge Eczane"}},{"type":"Feature","geometry":{"type":"Point","coordinates":[28.9513693,41.0232268]},"properties":{"osm_id":"node/5081445102","kategori":"eczane","ad":"Akalın Eczanesi"}},{"type":"Feature","geometry":{"type":"Point","coordinates":[28.9238657,40.9960758]},"properties":{"osm_id":"node/5081610939","kategori":"eczane","ad":"Nur Eczanesi"}},{"type":"Feature","geometry":{"type":"Point","coordinates":[28.9240518,40.9981704]},"properties":{"osm_id":"node/5081616947","kategori":"eczane","ad":"Sevda Eczanesi"}},{"type":"Feature","geometry":{"type":"Point","coordinates":[28.9554606,41.0265899]},"properties":{"osm_id":"node/5086061055","kategori":"eczane","ad":"Atak Eczanesi"}},{"type":"Feature","geometry":{"type":"Point","coordinates":[28.9559475,41.0263676]},"properties":{"osm_id":"node/5086061061","kategori":"eczane","ad":"Çınar Eczanesi"}},{"type":"Feature","geometry":{"type":"Point","coordinates":[28.9570038,41.0253174]},"properties":{"osm_id":"node/5086061085","kategori":"eczane","ad":"Eczane Özlem Ece"}},{"type":"Feature","geometry":{"type":"Point","coordinates":[28.7398496,40.9743379]},"properties":{"osm_id":"node/5087680721","kategori":"eczane","ad":"Oğuz Eczanesi"}},{"type":"Feature","geometry":{"type":"Point","coordinates":[28.9364187,41.0035984]},"properties":{"osm_id":"node/5088190915","kategori":"eczane","ad":"İklim Medikal ortopedi"}},{"type":"Feature","geometry":{"type":"Point","coordinates":[28.9364844,41.0032701]},"properties":{"osm_id":"node/5088190919","kategori":"eczane","ad":"Medlife Medikal"}},{"type":"Feature","geometry":{"type":"Point","coordinates":[28.9367469,41.0026173]},"properties":{"osm_id":"node/5088192723","kategori":"eczane","ad":null}},{"type":"Feature","geometry":{"type":"Point","coordinates":[28.9368232,41.0024464]},"properties":{"osm_id":"node/5088192725","kategori":"eczane","ad":"Binbir Eczanesi"}},{"type":"Feature","geometry":{"type":"Point","coordinates":[28.9362321,41.0019832]},"properties":{"osm_id":"node/5088192747","kategori":"eczane","ad":"mo-sa 9:00-19:00"}},{"type":"Feature","geometry":{"type":"Point","coordinates":[28.9366042,41.002122]},"properties":{"osm_id":"node/5088192749","kategori":"eczane","ad":"Ermed Medikal"}},{"type":"Feature","geometry":{"type":"Point","coordinates":[28.9359154,41.0019344]},"properties":{"osm_id":"node/5088192756","kategori":"eczane","ad":"Çiğdem Eczanesi"}},{"type":"Feature","geometry":{"type":"Point","coordinates":[28.9359402,41.0019984]},"properties":{"osm_id":"node/5088192775","kategori":"eczane","ad":"bakanlar sağlık medikal ve ortopedi"}},{"type":"Feature","geometry":{"type":"Point","coordinates":[28.9361934,41.0020839]},"properties":{"osm_id":"node/5088192782","kategori":"eczane","ad":"Ekin Ortopedi ürünleri"}},{"type":"Feature","geometry":{"type":"Point","coordinates":[28.9365697,41.0021814]},"properties":{"osm_id":"node/5088192785","kategori":"eczane","ad":"su-sa 9:00-19:00"}},{"type":"Feature","geometry":{"type":"Point","coordinates":[28.9367012,41.0022239]},"properties":{"osm_id":"node/5088192788","kategori":"eczane","ad":"su-sa 9:00-19:00"}},{"type":"Feature","geometry":{"type":"Point","coordinates":[28.929872,40.9978798]},"properties":{"osm_id":"node/5088192816","kategori":"eczane","ad":"Çağla Eczanesi"}},{"type":"Feature","geometry":{"type":"Point","coordinates":[28.9311126,41.0002209]},"properties":{"osm_id":"node/5088194916","kategori":"eczane","ad":"Mehmet Emin Eczane"}},{"type":"Feature","geometry":{"type":"Point","coordinates":[28.934709,41.0021241]},"properties":{"osm_id":"node/5088197330","kategori":"eczane","ad":"Erdoğan Eczanesi"}},{"type":"Feature","geometry":{"type":"Point","coordinates":[28.9282418,40.9998558]},"properties":{"osm_id":"node/5088197341","kategori":"eczane","ad":"Siteler Eczanesi"}},{"type":"Feature","geometry":{"type":"Point","coordinates":[28.9440874,41.0040981]},"properties":{"osm_id":"node/5099040199","kategori":"eczane","ad":"Necdet Eczanesi"}},{"type":"Feature","geometry":{"type":"Point","coordinates":[28.9440584,41.0041748]},"properties":{"osm_id":"node/5099040201","kategori":"eczane","ad":"Erdem Eczanesi"}},{"type":"Feature","geometry":{"type":"Point","coordinates":[28.9439574,41.0042716]},"properties":{"osm_id":"node/5099040202","kategori":"eczane","ad":"Mavi Eczanesi"}},{"type":"Feature","geometry":{"type":"Point","coordinates":[28.9436289,41.004656]},"properties":{"osm_id":"node/5099040207","kategori":"eczane","ad":"Paşa Eczanesi"}},{"type":"Feature","geometry":{"type":"Point","coordinates":[28.943522,41.0048467]},"properties":{"osm_id":"node/5099040208","kategori":"eczane","ad":"Sönmez Eczanesi"}},{"type":"Feature","geometry":{"type":"Point","coordinates":[28.9434898,41.0049153]},"properties":{"osm_id":"node/5099040209","kategori":"eczane","ad":"BAYKARA ECZANE"}},{"type":"Feature","geometry":{"type":"Point","coordinates":[28.9432028,41.0052221]},"properties":{"osm_id":"node/5099040215","kategori":"eczane","ad":"Cerrahpaşa eczanesi"}},{"type":"Feature","geometry":{"type":"Point","coordinates":[28.9454672,41.0052273]},"properties":{"osm_id":"node/5099056182","kategori":"eczane","ad":"Davutpaşa Eczanesi"}},{"type":"Feature","geometry":{"type":"Point","coordinates":[28.9420827,41.0067026]},"properties":{"osm_id":"node/5099058121","kategori":"eczane","ad":"Cerrahpaşa fatih eczanesi"}},{"type":"Feature","geometry":{"type":"Point","coordinates":[28.9434321,41.0075421]},"properties":{"osm_id":"node/5099065489","kategori":"eczane","ad":"Batur Eczanesi"}},{"type":"Feature","geometry":{"type":"Point","coordinates":[28.9421758,41.0069733]},"properties":{"osm_id":"node/5099065510","kategori":"eczane","ad":"Cerrahpaşa Sağlık Eczanesi"}},{"type":"Feature","geometry":{"type":"Point","coordinates":[28.9329836,41.018882]},"properties":{"osm_id":"node/5100825053","kategori":"eczane","ad":"Derya Eczanesi"}},{"type":"Feature","geometry":{"type":"Point","coordinates":[28.9325469,41.0191793]},"properties":{"osm_id":"node/5100825057","kategori":"eczane","ad":"Seçkin Eczanesi"}},{"type":"Feature","geometry":{"type":"Point","coordinates":[28.9324093,41.0192559]},"properties":{"osm_id":"node/5100825058","kategori":"eczane","ad":"Yeni Füsun Eczanesi"}},{"type":"Feature","geometry":{"type":"Point","coordinates":[28.9322658,41.0193486]},"properties":{"osm_id":"node/5100825060","kategori":"eczane","ad":"Yeşil Çimen Eczanesi"}},{"type":"Feature","geometry":{"type":"Point","coordinates":[28.9326194,41.0208315]},"properties":{"osm_id":"node/5100825063","kategori":"eczane","ad":"Yeni Park Eczanesi"}},{"type":"Feature","geometry":{"type":"Point","coordinates":[28.9301759,41.0194721]},"properties":{"osm_id":"node/5103810748","kategori":"eczane","ad":"Seçil eczanesi"}},{"type":"Feature","geometry":{"type":"Point","coordinates":[28.9291424,41.0196246]},"properties":{"osm_id":"node/5103810750","kategori":"eczane","ad":"Eczane Topkapı"}},{"type":"Feature","geometry":{"type":"Point","coordinates":[28.9579479,41.0126514]},"properties":{"osm_id":"node/5106112123","kategori":"eczane","ad":null}},{"type":"Feature","geometry":{"type":"Point","coordinates":[28.9397006,41.0252003]},"properties":{"osm_id":"node/5106122305","kategori":"eczane","ad":"Sezin Eczanesi"}},{"type":"Feature","geometry":{"type":"Point","coordinates":[28.9527327,41.0190496]},"properties":{"osm_id":"node/5106122955","kategori":"eczane","ad":"Yeni Şifa Eczanesi"}},{"type":"Feature","geometry":{"type":"Point","coordinates":[28.9556287,41.0168176]},"properties":{"osm_id":"node/5106122983","kategori":"eczane","ad":"Eczane Gülden"}},{"type":"Feature","geometry":{"type":"Point","coordinates":[28.9357406,41.0213551]},"properties":{"osm_id":"node/5106123747","kategori":"eczane","ad":"Eczane Petek"}},{"type":"Feature","geometry":{"type":"Point","coordinates":[28.9357191,41.0234556]},"properties":{"osm_id":"node/5106123753","kategori":"eczane","ad":"Sofalı Çeşme Eczanesi"}},{"type":"Feature","geometry":{"type":"Point","coordinates":[28.9360356,41.0242529]},"properties":{"osm_id":"node/5106123755","kategori":"eczane","ad":"Doğan Aras Eczanesi"}},{"type":"Feature","geometry":{"type":"Point","coordinates":[28.9398873,41.025811]},"properties":{"osm_id":"node/5106123763","kategori":"eczane","ad":"Karagümrük Eczanesi"}},{"type":"Feature","geometry":{"type":"Point","coordinates":[28.9404854,41.0197746]},"properties":{"osm_id":"node/5106124133","kategori":"eczane","ad":"Hayat Eczanesi"}},{"type":"Feature","geometry":{"type":"Point","coordinates":[28.9524427,41.0163586]},"properties":{"osm_id":"node/5106124377","kategori":"eczane","ad":"Zeytindalı Eczanesi"}},{"type":"Feature","geometry":{"type":"Point","coordinates":[28.939898,41.0199588]},"properties":{"osm_id":"node/5106125535","kategori":"eczane","ad":"İstanbul Eczanesi"}},{"type":"Feature","geometry":{"type":"Point","coordinates":[28.9474471,41.026504]},"properties":{"osm_id":"node/5106127800","kategori":"eczane","ad":null}},{"type":"Feature","geometry":{"type":"Point","coordinates":[28.9456379,41.0228121]},"properties":{"osm_id":"node/5106131047","kategori":"eczane","ad":"Yalçın Eczanesi"}},{"type":"Feature","geometry":{"type":"Point","coordinates":[28.9441574,41.0260053]},"properties":{"osm_id":"node/5106131068","kategori":"eczane","ad":"Tekin Eczanesi"}},{"type":"Feature","geometry":{"type":"Point","coordinates":[28.9466813,41.0238866]},"properties":{"osm_id":"node/5106131081","kategori":"eczane","ad":"Şifa Eczane"}},{"type":"Feature","geometry":{"type":"Point","coordinates":[28.9383557,41.0124262]},"properties":{"osm_id":"node/5106132738","kategori":"eczane","ad":"Pelit Eczanesi"}},{"type":"Feature","geometry":{"type":"Point","coordinates":[28.9325434,41.0153669]},"properties":{"osm_id":"node/5106132773","kategori":"eczane","ad":"Sebat Eczanesi"}},{"type":"Feature","geometry":{"type":"Point","coordinates":[28.932294,41.0154782]},"properties":{"osm_id":"node/5106132776","kategori":"eczane","ad":"Derman Eczanesi"}},{"type":"Feature","geometry":{"type":"Point","coordinates":[28.9354348,41.0122603]},"properties":{"osm_id":"node/5106133696","kategori":"eczane","ad":"Vardar Eczanesi"}},{"type":"Feature","geometry":{"type":"Point","coordinates":[28.9385757,41.0113961]},"properties":{"osm_id":"node/5106134522","kategori":"eczane","ad":"Çağın Eczanesi"}},{"type":"Feature","geometry":{"type":"Point","coordinates":[28.9299846,41.0139887]},"properties":{"osm_id":"node/5106135536","kategori":"eczane","ad":"Okyanus Eczanesi"}},{"type":"Feature","geometry":{"type":"Point","coordinates":[28.9300758,41.016144]},"properties":{"osm_id":"node/5106135561","kategori":"eczane","ad":"Gül Eczanesi"}},{"type":"Feature","geometry":{"type":"Point","coordinates":[28.9302421,41.0161096]},"properties":{"osm_id":"node/5106135563","kategori":"eczane","ad":"Deniz Eczanesi"}},{"type":"Feature","geometry":{"type":"Point","coordinates":[28.9281033,41.0039907]},"properties":{"osm_id":"node/5107243169","kategori":"eczane","ad":"Yalçın Eczane"}},{"type":"Feature","geometry":{"type":"Point","coordinates":[28.929123,41.0069164]},"properties":{"osm_id":"node/5107247601","kategori":"eczane","ad":"Ünsal Eczanesi"}},{"type":"Feature","geometry":{"type":"Point","coordinates":[28.9536189,41.0210275]},"properties":{"osm_id":"node/5108308861","kategori":"eczane","ad":"Serra Eczanesi"}},{"type":"Feature","geometry":{"type":"Point","coordinates":[28.9551,41.0196916]},"properties":{"osm_id":"node/5108308872","kategori":"eczane","ad":"Çırçır Eczanesi"}},{"type":"Feature","geometry":{"type":"Point","coordinates":[28.9763366,41.0144441]},"properties":{"osm_id":"node/5108827987","kategori":"eczane","ad":"Sirkeci Gar Eczanesi"}},{"type":"Feature","geometry":{"type":"Point","coordinates":[28.9751064,41.0138106]},"properties":{"osm_id":"node/5108837425","kategori":"eczane","ad":"Pınar Ünsoy Eczanesi"}},{"type":"Feature","geometry":{"type":"Point","coordinates":[28.9769492,41.0125483]},"properties":{"osm_id":"node/5108838376","kategori":"eczane","ad":"Eczane Ataman"}},{"type":"Feature","geometry":{"type":"Point","coordinates":[28.9759197,41.0081693]},"properties":{"osm_id":"node/5108843045","kategori":"eczane","ad":"Eczane Ayasofya"}},{"type":"Feature","geometry":{"type":"Point","coordinates":[28.9747729,41.0104145]},"properties":{"osm_id":"node/5108843343","kategori":"eczane","ad":"Bilgin Eczanesi"}},{"type":"Feature","geometry":{"type":"Point","coordinates":[28.9338738,41.0133957]},"properties":{"osm_id":"node/5109654665","kategori":"eczane","ad":"Yetkin Eczanesi"}},{"type":"Feature","geometry":{"type":"Point","coordinates":[28.9330611,41.014353]},"properties":{"osm_id":"node/5109654693","kategori":"eczane","ad":"Fatoş Eczanesi"}},{"type":"Feature","geometry":{"type":"Point","coordinates":[28.9324951,41.0149439]},"properties":{"osm_id":"node/5109654700","kategori":"eczane","ad":"Tolgahan Eczanesi"}},{"type":"Feature","geometry":{"type":"Point","coordinates":[28.9589739,41.0156725]},"properties":{"osm_id":"node/5110342165","kategori":"eczane","ad":"vefa eczanesi"}},{"type":"Feature","geometry":{"type":"Point","coordinates":[28.9717286,41.0151055]},"properties":{"osm_id":"node/5110345310","kategori":"eczane","ad":"Aksoy eczanesi"}},{"type":"Feature","geometry":{"type":"Point","coordinates":[28.9753922,41.0121866]},"properties":{"osm_id":"node/5110345642","kategori":"eczane","ad":"Cağaloğlu Eczanesi"}},{"type":"Feature","geometry":{"type":"Point","coordinates":[28.9756837,41.0151309]},"properties":{"osm_id":"node/5110347258","kategori":"eczane","ad":"Eczane Sirkeci"}},{"type":"Feature","geometry":{"type":"Point","coordinates":[28.9419043,41.006755]},"properties":{"osm_id":"node/5111214079","kategori":"eczane","ad":null}},{"type":"Feature","geometry":{"type":"Point","coordinates":[28.9419901,41.0066012]},"properties":{"osm_id":"node/5111214080","kategori":"eczane","ad":"Fatih eczane"}},{"type":"Feature","geometry":{"type":"Point","coordinates":[28.9422691,41.0060506]},"properties":{"osm_id":"node/5111214082","kategori":"eczane","ad":"Ortopedi medikal"}},{"type":"Feature","geometry":{"type":"Point","coordinates":[28.9431059,41.0052491]},"properties":{"osm_id":"node/5111214086","kategori":"eczane","ad":"Carrahpasa eczane"}},{"type":"Feature","geometry":{"type":"Point","coordinates":[28.9432561,41.0050548]},"properties":{"osm_id":"node/5111214089","kategori":"eczane","ad":"Enes"}},{"type":"Feature","geometry":{"type":"Point","coordinates":[28.9433849,41.0048038]},"properties":{"osm_id":"node/5111214090","kategori":"eczane","ad":"Baykara"}},{"type":"Feature","geometry":{"type":"Point","coordinates":[28.9434707,41.004739]},"properties":{"osm_id":"node/5111214091","kategori":"eczane","ad":"Sonmez eczane"}},{"type":"Feature","geometry":{"type":"Point","coordinates":[28.9435565,41.0046418]},"properties":{"osm_id":"node/5111214092","kategori":"eczane","ad":"Pasa eczane"}},{"type":"Feature","geometry":{"type":"Point","coordinates":[28.9421457,41.0032695]},"properties":{"osm_id":"node/5111214099","kategori":"eczane","ad":"Perran eczane"}},{"type":"Feature","geometry":{"type":"Point","coordinates":[28.9360249,41.0047471]},"properties":{"osm_id":"node/5111214106","kategori":"eczane","ad":"Eda Medikal"}},{"type":"Feature","geometry":{"type":"Point","coordinates":[28.9355099,41.0049171]},"properties":{"osm_id":"node/5111214120","kategori":"eczane","ad":"Sağlık Eczanesi"}},{"type":"Feature","geometry":{"type":"Point","coordinates":[28.9373767,41.0057187]},"properties":{"osm_id":"node/5111215134","kategori":"eczane","ad":"Yılmaz Eczanesi"}},{"type":"Feature","geometry":{"type":"Point","coordinates":[28.9377513,41.0057857]},"properties":{"osm_id":"node/5111215137","kategori":"eczane","ad":"Mimet eczane"}},{"type":"Feature","geometry":{"type":"Point","coordinates":[28.9378142,41.0058067]},"properties":{"osm_id":"node/5111215138","kategori":"eczane","ad":"Yaman eczane"}},{"type":"Feature","geometry":{"type":"Point","coordinates":[28.9383852,41.0058563]},"properties":{"osm_id":"node/5111215144","kategori":"eczane","ad":"Öz Yaşam Medikal"}},{"type":"Feature","geometry":{"type":"Point","coordinates":[28.9389217,41.0061478]},"properties":{"osm_id":"node/5111215145","kategori":"eczane","ad":"Goknca eczane"}},{"type":"Feature","geometry":{"type":"Point","coordinates":[28.9389861,41.0061478]},"properties":{"osm_id":"node/5111215146","kategori":"eczane","ad":"Elif eczane"}},{"type":"Feature","geometry":{"type":"Point","coordinates":[28.9392006,41.0062287]},"properties":{"osm_id":"node/5111215148","kategori":"eczane","ad":"Anes midikal ortopedi"}},{"type":"Feature","geometry":{"type":"Point","coordinates":[28.9394581,41.0063583]},"properties":{"osm_id":"node/5111215150","kategori":"eczane","ad":"Değer Eczanesi"}},{"type":"Feature","geometry":{"type":"Point","coordinates":[28.9395701,41.0065653]},"properties":{"osm_id":"node/5111215152","kategori":"eczane","ad":"Nur Eczanesi"}},{"type":"Feature","geometry":{"type":"Point","coordinates":[28.9419687,41.007006]},"properties":{"osm_id":"node/5111215173","kategori":"eczane","ad":"Husin eczane"}},{"type":"Feature","geometry":{"type":"Point","coordinates":[28.9420331,41.0070222]},"properties":{"osm_id":"node/5111215174","kategori":"eczane","ad":null}},{"type":"Feature","geometry":{"type":"Point","coordinates":[28.9364541,41.0064311]},"properties":{"osm_id":"node/5111215207","kategori":"eczane","ad":"Isikler eczane"}},{"type":"Feature","geometry":{"type":"Point","coordinates":[28.9361107,41.0060344]},"properties":{"osm_id":"node/5111215209","kategori":"eczane","ad":"Ulu Medikal"}},{"type":"Feature","geometry":{"type":"Point","coordinates":[28.9357245,41.0066174]},"properties":{"osm_id":"node/5111215724","kategori":"eczane","ad":"Eda eczane"}},{"type":"Feature","geometry":{"type":"Point","coordinates":[28.9367115,41.0026743]},"properties":{"osm_id":"node/5111215760","kategori":"eczane","ad":"Nihal eczane"}},{"type":"Feature","geometry":{"type":"Point","coordinates":[28.9440072,41.0037836]},"properties":{"osm_id":"node/5111215773","kategori":"eczane","ad":"Mert"}},{"type":"Feature","geometry":{"type":"Point","coordinates":[28.9657116,41.0091231]},"properties":{"osm_id":"node/5111222074","kategori":"eczane","ad":"Halk Eczane"}},{"type":"Feature","geometry":{"type":"Point","coordinates":[28.9293275,41.0006446]},"properties":{"osm_id":"node/5112723906","kategori":"eczane","ad":"Özsoy Eczanesi"}},{"type":"Feature","geometry":{"type":"Point","coordinates":[28.930107,41.00266]},"properties":{"osm_id":"node/5112725525","kategori":"eczane","ad":"Melis Eczanesi"}},{"type":"Feature","geometry":{"type":"Point","coordinates":[28.9261234,41.0002148]},"properties":{"osm_id":"node/5112725576","kategori":"eczane","ad":"Taha Eczanesi"}},{"type":"Feature","geometry":{"type":"Point","coordinates":[28.926635,41.00356]},"properties":{"osm_id":"node/5112725601","kategori":"eczane","ad":"Füsun Eczanesi"}},{"type":"Feature","geometry":{"type":"Point","coordinates":[28.9588638,41.0119023]},"properties":{"osm_id":"node/5112728857","kategori":"eczane","ad":"Vezneciler Eczanesi"}},{"type":"Feature","geometry":{"type":"Point","coordinates":[28.9592328,41.0105491]},"properties":{"osm_id":"node/5112728888","kategori":"eczane","ad":"Anteka Eczanesi"}},{"type":"Feature","geometry":{"type":"Point","coordinates":[28.9583098,41.0101953]},"properties":{"osm_id":"node/5112735241","kategori":"eczane","ad":"Laleli Eczane"}},{"type":"Feature","geometry":{"type":"Point","coordinates":[28.9459539,41.0328007]},"properties":{"osm_id":"node/5112749721","kategori":"eczane","ad":"Eczane Emek"}},{"type":"Feature","geometry":{"type":"Point","coordinates":[28.9407373,41.0309549]},"properties":{"osm_id":"node/5112749780","kategori":"eczane","ad":"Eczane Kutlar"}},{"type":"Feature","geometry":{"type":"Point","coordinates":[28.952863,41.0081836]},"properties":{"osm_id":"node/5112834057","kategori":"eczane","ad":"Nurtane eczanesi"}},{"type":"Feature","geometry":{"type":"Point","coordinates":[28.9519948,41.00815]},"properties":{"osm_id":"node/5112834058","kategori":"eczane","ad":"Güler eczanesi"}},{"type":"Feature","geometry":{"type":"Point","coordinates":[28.9517539,41.0081696]},"properties":{"osm_id":"node/5112834059","kategori":"eczane","ad":"Manolya ecazanesi"}},{"type":"Feature","geometry":{"type":"Point","coordinates":[28.9526552,41.0089492]},"properties":{"osm_id":"node/5112834089","kategori":"eczane","ad":"Aksaray Merkez Eczanesi"}},{"type":"Feature","geometry":{"type":"Point","coordinates":[28.9297977,41.0036475]},"properties":{"osm_id":"node/5113125923","kategori":"eczane","ad":"Eczane Kırıştıoğlu"}},{"type":"Feature","geometry":{"type":"Point","coordinates":[28.9296769,41.0037062]},"properties":{"osm_id":"node/5113125925","kategori":"eczane","ad":"Eczane Yılmaz"}},{"type":"Feature","geometry":{"type":"Point","coordinates":[28.9284488,41.0040119]},"properties":{"osm_id":"node/5113125943","kategori":"eczane","ad":"Uğurcan Eczane"}},{"type":"Feature","geometry":{"type":"Point","coordinates":[28.9275853,41.0036425]},"properties":{"osm_id":"node/5113125950","kategori":"eczane","ad":"Arslan Eczanesi"}},{"type":"Feature","geometry":{"type":"Point","coordinates":[28.9310943,41.0063295]},"properties":{"osm_id":"node/5113126688","kategori":"eczane","ad":"Yavuz Eczanesi"}},{"type":"Feature","geometry":{"type":"Point","coordinates":[28.9313149,41.0038148]},"properties":{"osm_id":"node/5113127747","kategori":"eczane","ad":"Eczane Özgün"}},{"type":"Feature","geometry":{"type":"Point","coordinates":[28.9565249,41.0093897]},"properties":{"osm_id":"node/5113128077","kategori":"eczane","ad":"Eczane Laleli Merkez"}},{"type":"Feature","geometry":{"type":"Point","coordinates":[28.954514,41.009356]},"properties":{"osm_id":"node/5113128099","kategori":"eczane","ad":"Eczane Yağmur"}},{"type":"Feature","geometry":{"type":"Point","coordinates":[28.9519654,41.0185481]},"properties":{"osm_id":"node/5113465006","kategori":"eczane","ad":"Pelin eczanesi"}},{"type":"Feature","geometry":{"type":"Point","coordinates":[28.9518256,41.0184637]},"properties":{"osm_id":"node/5113465262","kategori":"eczane","ad":"Yeni hayat"}},{"type":"Feature","geometry":{"type":"Point","coordinates":[28.9249182,41.0161922]},"properties":{"osm_id":"node/5113470963","kategori":"eczane","ad":"Zeynep Eczanesi"}},{"type":"Feature","geometry":{"type":"Point","coordinates":[28.9258657,41.0157946]},"properties":{"osm_id":"node/5113470999","kategori":"eczane","ad":"Melekhatun Eczanesi"}},{"type":"Feature","geometry":{"type":"Point","coordinates":[28.9452406,41.0223755]},"properties":{"osm_id":"node/5113471034","kategori":"eczane","ad":"Sezgin eczanesi"}},{"type":"Feature","geometry":{"type":"Point","coordinates":[28.9251956,41.0106283]},"properties":{"osm_id":"node/5113473721","kategori":"eczane","ad":"Mevlanakapı Eczanesi"}},{"type":"Feature","geometry":{"type":"Point","coordinates":[28.9247267,41.0135867]},"properties":{"osm_id":"node/5113473750","kategori":"eczane","ad":"Özşen Eczanesi"}},{"type":"Feature","geometry":{"type":"Point","coordinates":[28.9260479,41.0131423]},"properties":{"osm_id":"node/5113473753","kategori":"eczane","ad":"Hakan Eczanesi"}},{"type":"Feature","geometry":{"type":"Point","coordinates":[28.948474,41.0241117]},"properties":{"osm_id":"node/5113481369","kategori":"eczane","ad":"Basak eczanesi"}},{"type":"Feature","geometry":{"type":"Point","coordinates":[28.9477711,41.0215799]},"properties":{"osm_id":"node/5113483401","kategori":"eczane","ad":"Çağrı eczanesi"}},{"type":"Feature","geometry":{"type":"Point","coordinates":[28.9484583,41.0208173]},"properties":{"osm_id":"node/5113483420","kategori":"eczane","ad":"Sarı başlar eczanesi"}},{"type":"Feature","geometry":{"type":"Point","coordinates":[28.9469576,41.0209342]},"properties":{"osm_id":"node/5113483654","kategori":"eczane","ad":"Nihal eczanesi"}},{"type":"Feature","geometry":{"type":"Point","coordinates":[28.9378872,41.0277908]},"properties":{"osm_id":"node/5113486753","kategori":"eczane","ad":"Edirnekapi eczanesi"}},{"type":"Feature","geometry":{"type":"Point","coordinates":[28.9358434,41.02449]},"properties":{"osm_id":"node/5113487704","kategori":"eczane","ad":"Melek Şifa Eczanesi"}},{"type":"Feature","geometry":{"type":"Point","coordinates":[28.9470766,41.0096092]},"properties":{"osm_id":"node/5113557375","kategori":"eczane","ad":"Haseki Tillo Eczanesi"}},{"type":"Feature","geometry":{"type":"Point","coordinates":[28.9472961,41.0095857]},"properties":{"osm_id":"node/5113557378","kategori":"eczane","ad":"Egem Eczanesi"}},{"type":"Feature","geometry":{"type":"Point","coordinates":[28.9426484,41.0102255]},"properties":{"osm_id":"node/5113590274","kategori":"eczane","ad":"Haseki Yildiz Eczanesi"}},{"type":"Feature","geometry":{"type":"Point","coordinates":[28.9384688,41.0105874]},"properties":{"osm_id":"node/5113592161","kategori":"eczane","ad":"Betül Eczanesi"}},{"type":"Feature","geometry":{"type":"Point","coordinates":[28.9424392,41.0109173]},"properties":{"osm_id":"node/5113592216","kategori":"eczane","ad":"Eczane Yonca"}},{"type":"Feature","geometry":{"type":"Point","coordinates":[28.945588,41.0094482]},"properties":{"osm_id":"node/5113599486","kategori":"eczane","ad":"Haseki Yusufpaşa Eczanesi"}},{"type":"Feature","geometry":{"type":"Point","coordinates":[28.9457843,41.0094841]},"properties":{"osm_id":"node/5113599488","kategori":"eczane","ad":"Kayra Eczanesi"}},{"type":"Feature","geometry":{"type":"Point","coordinates":[28.9458801,41.009506]},"properties":{"osm_id":"node/5113599490","kategori":"eczane","ad":"Helix İşitme Cihazlari"}},{"type":"Feature","geometry":{"type":"Point","coordinates":[28.9461025,41.009533]},"properties":{"osm_id":"node/5113599492","kategori":"eczane","ad":"Haseki Çağrı Eczanesi"}},{"type":"Feature","geometry":{"type":"Point","coordinates":[28.9463259,41.0095854]},"properties":{"osm_id":"node/5113599493","kategori":"eczane","ad":"Haseki Can Eczanesi"}},{"type":"Feature","geometry":{"type":"Point","coordinates":[28.9466918,41.0096428]},"properties":{"osm_id":"node/5113599497","kategori":"eczane","ad":"Gülçin Eczanesi"}},{"type":"Feature","geometry":{"type":"Point","coordinates":[28.9448436,41.0092021]},"properties":{"osm_id":"node/5113599513","kategori":"eczane","ad":"Haseki Emir Eczanesi"}},{"type":"Feature","geometry":{"type":"Point","coordinates":[28.9453518,41.0095807]},"properties":{"osm_id":"node/5113599518","kategori":"eczane","ad":"Haseki Eczanesi"}},{"type":"Feature","geometry":{"type":"Point","coordinates":[28.9453907,41.0097492]},"properties":{"osm_id":"node/5113599721","kategori":"eczane","ad":"Haseki Yavuz Eczanesi"}},{"type":"Feature","geometry":{"type":"Point","coordinates":[28.9435383,41.0089959]},"properties":{"osm_id":"node/5113599730","kategori":"eczane","ad":"Haseki Sağlık Eczanesi"}},{"type":"Feature","geometry":{"type":"Point","coordinates":[28.9433512,41.0089613]},"properties":{"osm_id":"node/5113599732","kategori":"eczane","ad":"Sefa Eczanesi"}},{"type":"Feature","geometry":{"type":"Point","coordinates":[28.9406103,41.0255709]},"properties":{"osm_id":"node/5113609506","kategori":"eczane","ad":"Stad Eczanesi"}},{"type":"Feature","geometry":{"type":"Point","coordinates":[28.9401641,41.026074]},"properties":{"osm_id":"node/5113609514","kategori":"eczane","ad":"Yaşam Eczanesi"}},{"type":"Feature","geometry":{"type":"Point","coordinates":[28.9411915,41.0269965]},"properties":{"osm_id":"node/5113611439","kategori":"eczane","ad":"Ayten eczanesi"}},{"type":"Feature","geometry":{"type":"Point","coordinates":[28.9299131,41.0015778]},"properties":{"osm_id":"node/5115933186","kategori":"eczane","ad":"mo-sa 8:-19:00"}},{"type":"Feature","geometry":{"type":"Point","coordinates":[28.9252214,41.0068257]},"properties":{"osm_id":"node/5115935408","kategori":"eczane","ad":"Silivri Kapı Eczanesi"}},{"type":"Feature","geometry":{"type":"Point","coordinates":[28.9313541,41.0099073]},"properties":{"osm_id":"node/5115937218","kategori":"eczane","ad":"Eczane İstanbul"}},{"type":"Feature","geometry":{"type":"Point","coordinates":[28.9314611,41.0069316]},"properties":{"osm_id":"node/5115937344","kategori":"eczane","ad":"Doğu Eczanesi"}},{"type":"Feature","geometry":{"type":"Point","coordinates":[28.9325638,41.0069288]},"properties":{"osm_id":"node/5115937350","kategori":"eczane","ad":"Canan Eczanesi"}},{"type":"Feature","geometry":{"type":"Point","coordinates":[28.9332611,41.0068992]},"properties":{"osm_id":"node/5115937352","kategori":"eczane","ad":"Kevser Eczanesi"}},{"type":"Feature","geometry":{"type":"Point","coordinates":[28.9373361,41.0088608]},"properties":{"osm_id":"node/5115937379","kategori":"eczane","ad":"Nurol Eczanesi"}},{"type":"Feature","geometry":{"type":"Point","coordinates":[28.9282394,41.0084974]},"properties":{"osm_id":"node/5115937966","kategori":"eczane","ad":"Şenay Eczanesi"}},{"type":"Feature","geometry":{"type":"Point","coordinates":[28.9289995,41.0091045]},"properties":{"osm_id":"node/5115937973","kategori":"eczane","ad":"Benin Eczanesi"}},{"type":"Feature","geometry":{"type":"Point","coordinates":[28.9310137,41.0084235]},"properties":{"osm_id":"node/5115938134","kategori":"eczane","ad":"Mine Eczanesi"}},{"type":"Feature","geometry":{"type":"Point","coordinates":[28.9315332,41.007957]},"properties":{"osm_id":"node/5115939229","kategori":"eczane","ad":"Ihlamur Eczanesi"}},{"type":"Feature","geometry":{"type":"Point","coordinates":[28.9269959,41.0083789]},"properties":{"osm_id":"node/5115939298","kategori":"eczane","ad":"Aksa Eczanesi"}},{"type":"Feature","geometry":{"type":"Point","coordinates":[28.9322667,41.0016428]},"properties":{"osm_id":"node/5115940973","kategori":"eczane","ad":"Linda Eczanesi"}},{"type":"Feature","geometry":{"type":"Point","coordinates":[28.9548849,41.0089205]},"properties":{"osm_id":"node/5130434285","kategori":"eczane","ad":"Metro Eczanesi"}},{"type":"Feature","geometry":{"type":"Point","coordinates":[29.0167115,41.1086025]},"properties":{"osm_id":"node/5137236778","kategori":"eczane","ad":"Can Eczanesi"}},{"type":"Feature","geometry":{"type":"Point","coordinates":[29.1334188,40.9268647]},"properties":{"osm_id":"node/5142234722","kategori":"eczane","ad":"Murat Eczanesi"}},{"type":"Feature","geometry":{"type":"Point","coordinates":[29.1331357,40.9256614]},"properties":{"osm_id":"node/5142234723","kategori":"eczane","ad":"Marmara Eczanesi"}},{"type":"Feature","geometry":{"type":"Point","coordinates":[29.1341879,40.9254283]},"properties":{"osm_id":"node/5142234724","kategori":"eczane","ad":"Yeni Gelibolu Eczanesi"}},{"type":"Feature","geometry":{"type":"Point","coordinates":[29.1340526,40.925347]},"properties":{"osm_id":"node/5142234725","kategori":"eczane","ad":"Üniversite Eczanesi"}},{"type":"Feature","geometry":{"type":"Point","coordinates":[29.1306685,40.9231705]},"properties":{"osm_id":"node/5142234726","kategori":"eczane","ad":"Sezgin Eczanesi"}},{"type":"Feature","geometry":{"type":"Point","coordinates":[29.1232584,40.9335762]},"properties":{"osm_id":"node/5142234728","kategori":"eczane","ad":"Yeni Can Eczanesi"}},{"type":"Feature","geometry":{"type":"Point","coordinates":[29.1352435,40.9247709]},"properties":{"osm_id":"node/5142257222","kategori":"eczane","ad":"Hipokrat Eczanesi"}},{"type":"Feature","geometry":{"type":"Point","coordinates":[29.1232834,40.9328733]},"properties":{"osm_id":"node/5142257223","kategori":"eczane","ad":"Adatepe Poyraz Eczanesi"}},{"type":"Feature","geometry":{"type":"Point","coordinates":[29.1231795,40.9348233]},"properties":{"osm_id":"node/5142268222","kategori":"eczane","ad":"Gül Eczanesi"}},{"type":"Feature","geometry":{"type":"Point","coordinates":[29.1231197,40.9350109]},"properties":{"osm_id":"node/5142268223","kategori":"eczane","ad":"Orkide Eczanesi"}},{"type":"Feature","geometry":{"type":"Point","coordinates":[28.6554762,41.0126313]},"properties":{"osm_id":"node/5147032660","kategori":"eczane","ad":"Kayci Eczanesi"}},{"type":"Feature","geometry":{"type":"Point","coordinates":[29.1392344,40.9433235]},"properties":{"osm_id":"node/5162642121","kategori":"eczane","ad":"Guven Eczanesi"}},{"type":"Feature","geometry":{"type":"Point","coordinates":[29.0233081,41.0530514]},"properties":{"osm_id":"node/5169555925","kategori":"eczane","ad":"Eyüpoğlu Eczanesi"}},{"type":"Feature","geometry":{"type":"Point","coordinates":[29.0232175,41.0532438]},"properties":{"osm_id":"node/5169582621","kategori":"eczane","ad":"Sevinç Eczanesi"}},{"type":"Feature","geometry":{"type":"Point","coordinates":[28.985334,41.0721807]},"properties":{"osm_id":"node/5170541325","kategori":"eczane","ad":"Millet Eczanesi"}},{"type":"Feature","geometry":{"type":"Point","coordinates":[29.004466,41.0627304]},"properties":{"osm_id":"node/5172355324","kategori":"eczane","ad":"Özden Eczanesi"}},{"type":"Feature","geometry":{"type":"Point","coordinates":[28.9930902,41.0586459]},"properties":{"osm_id":"node/5172355325","kategori":"eczane","ad":"Apak Eczanesi"}},{"type":"Feature","geometry":{"type":"Point","coordinates":[28.9926347,41.0591786]},"properties":{"osm_id":"node/5172355326","kategori":"eczane","ad":"Yolum Eczanesi"}},{"type":"Feature","geometry":{"type":"Point","coordinates":[28.9878065,41.063012]},"properties":{"osm_id":"node/5172355327","kategori":"eczane","ad":"Kerem Eczanesi"}},{"type":"Feature","geometry":{"type":"Point","coordinates":[28.9877799,41.0627973]},"properties":{"osm_id":"node/5172355328","kategori":"eczane","ad":"Gülseren Eczanesi"}},{"type":"Feature","geometry":{"type":"Point","coordinates":[28.9876944,41.0620988]},"properties":{"osm_id":"node/5172355329","kategori":"eczane","ad":"Sezen Eczanesi"}},{"type":"Feature","geometry":{"type":"Point","coordinates":[28.9866289,41.0614586]},"properties":{"osm_id":"node/5172355330","kategori":"eczane","ad":"Şişli Şafak Eczanesi"}},{"type":"Feature","geometry":{"type":"Point","coordinates":[28.9872172,41.0615863]},"properties":{"osm_id":"node/5172355331","kategori":"eczane","ad":"Oksijen Eczanesi"}},{"type":"Feature","geometry":{"type":"Point","coordinates":[28.9871283,41.0597086]},"properties":{"osm_id":"node/5172355332","kategori":"eczane","ad":"Ümit Şahin Eczanesi"}},{"type":"Feature","geometry":{"type":"Point","coordinates":[28.9865522,41.0595296]},"properties":{"osm_id":"node/5172355333","kategori":"eczane","ad":"Hermes Eczanesi"}},{"type":"Feature","geometry":{"type":"Point","coordinates":[28.9882821,41.0610949]},"properties":{"osm_id":"node/5172356322","kategori":"eczane","ad":"Tümer Eczanesi"}},{"type":"Feature","geometry":{"type":"Point","coordinates":[28.9932955,41.0584372]},"properties":{"osm_id":"node/5172374121","kategori":"eczane","ad":"Soydan Eczanesi"}},{"type":"Feature","geometry":{"type":"Point","coordinates":[28.9899292,41.0628811]},"properties":{"osm_id":"node/5172374122","kategori":"eczane","ad":"Şişli Başak Eczanesi"}},{"type":"Feature","geometry":{"type":"Point","coordinates":[28.9874948,41.0637911]},"properties":{"osm_id":"node/5172374123","kategori":"eczane","ad":"Üstay Eczanesi"}},{"type":"Feature","geometry":{"type":"Point","coordinates":[28.9871487,41.0609608]},"properties":{"osm_id":"node/5172374124","kategori":"eczane","ad":"Şişli Itır Eczanesi"}},{"type":"Feature","geometry":{"type":"Point","coordinates":[28.9869654,41.0603804]},"properties":{"osm_id":"node/5172374125","kategori":"eczane","ad":"Tahsildaroğlu Eczanesi"}},{"type":"Feature","geometry":{"type":"Point","coordinates":[28.9890968,41.058633]},"properties":{"osm_id":"node/5172374221","kategori":"eczane","ad":"Beyaz Eczanesi"}},{"type":"Feature","geometry":{"type":"Point","coordinates":[28.9873999,41.0643309]},"properties":{"osm_id":"node/5172374222","kategori":"eczane","ad":"Şişli Fulya Eczanesi"}},{"type":"Feature","geometry":{"type":"Point","coordinates":[28.879248,41.05133]},"properties":{"osm_id":"node/5174061423","kategori":"eczane","ad":"Kemer Eczanesi"}},{"type":"Feature","geometry":{"type":"Point","coordinates":[28.8627555,41.0436006]},"properties":{"osm_id":"node/5174061424","kategori":"eczane","ad":"Çiçek Eczanesi"}},{"type":"Feature","geometry":{"type":"Point","coordinates":[28.8686775,41.044672]},"properties":{"osm_id":"node/5174061425","kategori":"eczane","ad":"Erdil Eczanesi"}},{"type":"Feature","geometry":{"type":"Point","coordinates":[28.8691,41.0446488]},"properties":{"osm_id":"node/5174061426","kategori":"eczane","ad":"Zaman Eczanesi"}},{"type":"Feature","geometry":{"type":"Point","coordinates":[28.8794896,41.0507461]},"properties":{"osm_id":"node/5174067822","kategori":"eczane","ad":"Özçelik Eczanesi"}},{"type":"Feature","geometry":{"type":"Point","coordinates":[28.8797191,41.0500474]},"properties":{"osm_id":"node/5174067823","kategori":"eczane","ad":"Emel Eczanesi"}},{"type":"Feature","geometry":{"type":"Point","coordinates":[28.8752715,41.0518103]},"properties":{"osm_id":"node/5174067824","kategori":"eczane","ad":"Akay Eczanesi"}},{"type":"Feature","geometry":{"type":"Point","coordinates":[28.8757976,41.0496876]},"properties":{"osm_id":"node/5174067825","kategori":"eczane","ad":"Yeni Şifa Eczanesi"}},{"type":"Feature","geometry":{"type":"Point","coordinates":[28.8696427,41.0556613]},"properties":{"osm_id":"node/5174067826","kategori":"eczane","ad":"Eylül Eczanesi"}},{"type":"Feature","geometry":{"type":"Point","coordinates":[28.8602579,41.0507398]},"properties":{"osm_id":"node/5174067827","kategori":"eczane","ad":"Hafize Eczanesi"}},{"type":"Feature","geometry":{"type":"Point","coordinates":[28.860638,41.050214]},"properties":{"osm_id":"node/5174067828","kategori":"eczane","ad":"Ruşen Eczanesi"}},{"type":"Feature","geometry":{"type":"Point","coordinates":[28.8613561,41.0460018]},"properties":{"osm_id":"node/5174067829","kategori":"eczane","ad":"Tuna Eczanesi"}},{"type":"Feature","geometry":{"type":"Point","coordinates":[28.8629419,41.0434341]},"properties":{"osm_id":"node/5174067830","kategori":"eczane","ad":"Melis Eczanesi"}},{"type":"Feature","geometry":{"type":"Point","coordinates":[28.8672812,41.0432822]},"properties":{"osm_id":"node/5174067831","kategori":"eczane","ad":"Çiğdem Eczanesi"}},{"type":"Feature","geometry":{"type":"Point","coordinates":[28.8666234,41.0423669]},"properties":{"osm_id":"node/5174067832","kategori":"eczane","ad":"Cemre Eczanesi"}},{"type":"Feature","geometry":{"type":"Point","coordinates":[28.8758213,41.0503818]},"properties":{"osm_id":"node/5174072821","kategori":"eczane","ad":"Papatya Eczanesi"}},{"type":"Feature","geometry":{"type":"Point","coordinates":[28.8645473,41.0557474]},"properties":{"osm_id":"node/5174072822","kategori":"eczane","ad":"Mısırlı Eczanesi"}},{"type":"Feature","geometry":{"type":"Point","coordinates":[28.8612567,41.0462251]},"properties":{"osm_id":"node/5174072823","kategori":"eczane","ad":"Candan Eczanesi"}},{"type":"Feature","geometry":{"type":"Point","coordinates":[28.8757252,41.0499715]},"properties":{"osm_id":"node/5174073021","kategori":"eczane","ad":"Şahin Eczanesi"}},{"type":"Feature","geometry":{"type":"Point","coordinates":[28.8580869,41.0505981]},"properties":{"osm_id":"node/5174073022","kategori":"eczane","ad":"Papatya Eczanesi"}},{"type":"Feature","geometry":{"type":"Point","coordinates":[28.8599672,41.0486732]},"properties":{"osm_id":"node/5174073023","kategori":"eczane","ad":"Atakent Tuana Eczanesi"}},{"type":"Feature","geometry":{"type":"Point","coordinates":[29.1131206,40.9845824]},"properties":{"osm_id":"node/5177556821","kategori":"eczane","ad":"Güler Eczanesi"}},{"type":"Feature","geometry":{"type":"Point","coordinates":[29.1994609,41.0035736]},"properties":{"osm_id":"node/5177556822","kategori":"eczane","ad":"Asrın Deniz Eczanesi"}},{"type":"Feature","geometry":{"type":"Point","coordinates":[29.1107167,40.9866462]},"properties":{"osm_id":"node/5177556921","kategori":"eczane","ad":"Pharmataşehir Eczanesi"}},{"type":"Feature","geometry":{"type":"Point","coordinates":[29.1094194,40.9848941]},"properties":{"osm_id":"node/5177556922","kategori":"eczane","ad":"Ataşehir Şifa Eczanesi"}},{"type":"Feature","geometry":{"type":"Point","coordinates":[29.192965,41.0110968]},"properties":{"osm_id":"node/5177556923","kategori":"eczane","ad":"Madenler Eczanesi"}},{"type":"Feature","geometry":{"type":"Point","coordinates":[29.1984881,41.0043445]},"properties":{"osm_id":"node/5177556924","kategori":"eczane","ad":"Emrecan Eczanesi"}},{"type":"Feature","geometry":{"type":"Point","coordinates":[29.1967673,41.0047262]},"properties":{"osm_id":"node/5177556925","kategori":"eczane","ad":"Çapar Eczanesi"}},{"type":"Feature","geometry":{"type":"Point","coordinates":[29.1958551,41.0049176]},"properties":{"osm_id":"node/5177556926","kategori":"eczane","ad":"Denizce Eczanesi"}},{"type":"Feature","geometry":{"type":"Point","coordinates":[29.1958427,41.005063]},"properties":{"osm_id":"node/5177556927","kategori":"eczane","ad":"Temiz Eczanesi"}},{"type":"Feature","geometry":{"type":"Point","coordinates":[29.1083412,40.9850901]},"properties":{"osm_id":"node/5177557021","kategori":"eczane","ad":"Ataşehir Deniz Eczanesi"}},{"type":"Feature","geometry":{"type":"Point","coordinates":[29.192638,41.0114136]},"properties":{"osm_id":"node/5177557022","kategori":"eczane","ad":"Ümraniye Hicran Eczanesi"}},{"type":"Feature","geometry":{"type":"Point","coordinates":[29.1981794,41.0043981]},"properties":{"osm_id":"node/5177557023","kategori":"eczane","ad":"Sedat Eczanesi"}},{"type":"Feature","geometry":{"type":"Point","coordinates":[29.1973195,41.00468]},"properties":{"osm_id":"node/5177557024","kategori":"eczane","ad":"Söylemez Eczanesi"}},{"type":"Feature","geometry":{"type":"Point","coordinates":[29.1970951,41.0048229]},"properties":{"osm_id":"node/5177557025","kategori":"eczane","ad":"Akyıldız Eczanesi"}},{"type":"Feature","geometry":{"type":"Point","coordinates":[29.1961992,41.004824]},"properties":{"osm_id":"node/5177557026","kategori":"eczane","ad":"İzlem Eczanesi"}},{"type":"Feature","geometry":{"type":"Point","coordinates":[29.1957163,41.0050866]},"properties":{"osm_id":"node/5177557027","kategori":"eczane","ad":"Ömer Yusuf Eczanesi"}},{"type":"Feature","geometry":{"type":"Point","coordinates":[29.1926988,41.0129201]},"properties":{"osm_id":"node/5177557821","kategori":"eczane","ad":"Erenim Eczanesi"}},{"type":"Feature","geometry":{"type":"Point","coordinates":[29.1988134,41.004174]},"properties":{"osm_id":"node/5177557822","kategori":"eczane","ad":"Atlas Eczanesi"}},{"type":"Feature","geometry":{"type":"Point","coordinates":[29.1964751,41.004915]},"properties":{"osm_id":"node/5177557823","kategori":"eczane","ad":"Sağlık Plus Eczanesi"}},{"type":"Feature","geometry":{"type":"Point","coordinates":[29.190623,41.0130412]},"properties":{"osm_id":"node/5177558021","kategori":"eczane","ad":"Çınarlı Eczanesi"}},{"type":"Feature","geometry":{"type":"Point","coordinates":[29.2016427,41.0057641]},"properties":{"osm_id":"node/5177558022","kategori":"eczane","ad":"Begüm Atasoy Eczanesi"}},{"type":"Feature","geometry":{"type":"Point","coordinates":[29.1978391,41.004331]},"properties":{"osm_id":"node/5177558023","kategori":"eczane","ad":"Mehtap Eczanesi"}},{"type":"Feature","geometry":{"type":"Point","coordinates":[28.9079534,41.0535305]},"properties":{"osm_id":"node/5179398823","kategori":"eczane","ad":"Yaşar Eczanesi"}},{"type":"Feature","geometry":{"type":"Point","coordinates":[28.9066199,41.0534734]},"properties":{"osm_id":"node/5179403021","kategori":"eczane","ad":"Selin Eczanesi"}},{"type":"Feature","geometry":{"type":"Point","coordinates":[28.9026551,41.0495781]},"properties":{"osm_id":"node/5179403022","kategori":"eczane","ad":"Alba Eczanesi"}},{"type":"Feature","geometry":{"type":"Point","coordinates":[28.9132081,41.0471418]},"properties":{"osm_id":"node/5179403023","kategori":"eczane","ad":"Mevsim Eczanesi"}},{"type":"Feature","geometry":{"type":"Point","coordinates":[28.9114333,41.0384544]},"properties":{"osm_id":"node/5179403121","kategori":"eczane","ad":"Burak Eczanesi"}},{"type":"Feature","geometry":{"type":"Point","coordinates":[28.877008,41.0230688]},"properties":{"osm_id":"node/5179441421","kategori":"eczane","ad":"Uğur Eczanesi"}},{"type":"Feature","geometry":{"type":"Point","coordinates":[28.8724361,41.0130028]},"properties":{"osm_id":"node/5179441422","kategori":"eczane","ad":"Aynur Eczanesi"}},{"type":"Feature","geometry":{"type":"Point","coordinates":[28.871379,41.0142408]},"properties":{"osm_id":"node/5179441423","kategori":"eczane","ad":"Meriç Eczanesi"}},{"type":"Feature","geometry":{"type":"Point","coordinates":[28.8693465,41.0141115]},"properties":{"osm_id":"node/5179441424","kategori":"eczane","ad":"Erem Eczanesi"}},{"type":"Feature","geometry":{"type":"Point","coordinates":[28.8649054,41.0144683]},"properties":{"osm_id":"node/5179441425","kategori":"eczane","ad":"Fetih Eczanesi"}},{"type":"Feature","geometry":{"type":"Point","coordinates":[28.862358,41.0118788]},"properties":{"osm_id":"node/5179441426","kategori":"eczane","ad":"Toprak Eczanesi"}},{"type":"Feature","geometry":{"type":"Point","coordinates":[28.8568555,41.0242051]},"properties":{"osm_id":"node/5179441427","kategori":"eczane","ad":"Aydın Eczanesi"}},{"type":"Feature","geometry":{"type":"Point","coordinates":[28.88004,41.0195539]},"properties":{"osm_id":"node/5179441521","kategori":"eczane","ad":"Semt Eczanesi"}},{"type":"Feature","geometry":{"type":"Point","coordinates":[28.8724841,41.0141018]},"properties":{"osm_id":"node/5179441522","kategori":"eczane","ad":"Selen Eczanesi"}},{"type":"Feature","geometry":{"type":"Point","coordinates":[28.8614196,41.0112709]},"properties":{"osm_id":"node/5179441523","kategori":"eczane","ad":"Köşe Eczanesi"}},{"type":"Feature","geometry":{"type":"Point","coordinates":[28.8491266,41.0168792]},"properties":{"osm_id":"node/5179441524","kategori":"eczane","ad":"Akın Eczanesi"}},{"type":"Feature","geometry":{"type":"Point","coordinates":[28.8506192,41.0245095]},"properties":{"osm_id":"node/5179441525","kategori":"eczane","ad":"Ensari Eczanesi"}},{"type":"Feature","geometry":{"type":"Point","coordinates":[28.8562933,41.0218425]},"properties":{"osm_id":"node/5179441526","kategori":"eczane","ad":"Nihan Taşdemir Eczanesi"}},{"type":"Feature","geometry":{"type":"Point","coordinates":[28.871438,41.0141431]},"properties":{"osm_id":"node/5179441721","kategori":"eczane","ad":"Köksal Eczanesi"}},{"type":"Feature","geometry":{"type":"Point","coordinates":[28.8635999,41.0139361]},"properties":{"osm_id":"node/5179441722","kategori":"eczane","ad":"Onur Yıldız Eczanesi"}},{"type":"Feature","geometry":{"type":"Point","coordinates":[28.8649343,41.014048]},"properties":{"osm_id":"node/5179441723","kategori":"eczane","ad":"Dürüst Eczanesi"}},{"type":"Feature","geometry":{"type":"Point","coordinates":[28.8631573,41.0141583]},"properties":{"osm_id":"node/5179441724","kategori":"eczane","ad":"Derya Eczanesi"}},{"type":"Feature","geometry":{"type":"Point","coordinates":[28.8605065,41.014427]},"properties":{"osm_id":"node/5179441725","kategori":"eczane","ad":"Gaye Eczanesi"}},{"type":"Feature","geometry":{"type":"Point","coordinates":[28.8506159,41.023936]},"properties":{"osm_id":"node/5179441726","kategori":"eczane","ad":"Seçil Eczanesi"}},{"type":"Feature","geometry":{"type":"Point","coordinates":[28.8557365,41.0243329]},"properties":{"osm_id":"node/5179441727","kategori":"eczane","ad":"Güven Eczanesi"}},{"type":"Feature","geometry":{"type":"Point","coordinates":[28.8657305,41.0141971]},"properties":{"osm_id":"node/5179441821","kategori":"eczane","ad":"Eylül Eczanesi"}},{"type":"Feature","geometry":{"type":"Point","coordinates":[28.8507907,41.0244184]},"properties":{"osm_id":"node/5179441822","kategori":"eczane","ad":"Şenkul Eczanesi"}},{"type":"Feature","geometry":{"type":"Point","coordinates":[28.8559108,41.0245525]},"properties":{"osm_id":"node/5179441823","kategori":"eczane","ad":"Baran Eczanesi"}},{"type":"Feature","geometry":{"type":"Point","coordinates":[28.8572059,41.02282]},"properties":{"osm_id":"node/5179441824","kategori":"eczane","ad":"Efe Eczanesi"}},{"type":"Feature","geometry":{"type":"Point","coordinates":[28.8574074,41.0222232]},"properties":{"osm_id":"node/5179441825","kategori":"eczane","ad":"Merve Eczanesi"}},{"type":"Feature","geometry":{"type":"Point","coordinates":[28.857554,41.022707]},"properties":{"osm_id":"node/5179441826","kategori":"eczane","ad":"Parseller Nilgün Eczanesi"}},{"type":"Feature","geometry":{"type":"Point","coordinates":[28.8527753,41.0165053]},"properties":{"osm_id":"node/5179441921","kategori":"eczane","ad":"Yeşilselvi Eczanesi"}},{"type":"Feature","geometry":{"type":"Point","coordinates":[29.2160887,41.0058387]},"properties":{"osm_id":"node/5181653723","kategori":"eczane","ad":"Şehir Eczanesi"}},{"type":"Feature","geometry":{"type":"Point","coordinates":[29.2172024,41.0064337]},"properties":{"osm_id":"node/5181653724","kategori":"eczane","ad":"Aylin Eczanesi"}},{"type":"Feature","geometry":{"type":"Point","coordinates":[29.2177371,41.0067607]},"properties":{"osm_id":"node/5181653725","kategori":"eczane","ad":"Can Eczanesi"}},{"type":"Feature","geometry":{"type":"Point","coordinates":[29.2153632,41.0075053]},"properties":{"osm_id":"node/5181653726","kategori":"eczane","ad":"Sarıgazi Eczanesi"}},{"type":"Feature","geometry":{"type":"Point","coordinates":[29.2136412,41.0089283]},"properties":{"osm_id":"node/5181653727","kategori":"eczane","ad":"Barış Eczanesi"}},{"type":"Feature","geometry":{"type":"Point","coordinates":[29.2173512,41.0111029]},"properties":{"osm_id":"node/5181653728","kategori":"eczane","ad":"Demokrasi Eczanesi"}},{"type":"Feature","geometry":{"type":"Point","coordinates":[29.2152362,41.0085094]},"properties":{"osm_id":"node/5181696623","kategori":"eczane","ad":"Atılım Eczanesi"}},{"type":"Feature","geometry":{"type":"Point","coordinates":[29.2122874,41.0092357]},"properties":{"osm_id":"node/5181696624","kategori":"eczane","ad":"Venüs Eczanesi"}},{"type":"Feature","geometry":{"type":"Point","coordinates":[29.2124493,41.0089627]},"properties":{"osm_id":"node/5181696625","kategori":"eczane","ad":"İstanbul Eczanesi"}},{"type":"Feature","geometry":{"type":"Point","coordinates":[29.219264,41.0085827]},"properties":{"osm_id":"node/5181696626","kategori":"eczane","ad":"Çelik Eczanesi"}},{"type":"Feature","geometry":{"type":"Point","coordinates":[29.2195113,41.0082149]},"properties":{"osm_id":"node/5181696627","kategori":"eczane","ad":"Fecir Eczanesi"}},{"type":"Feature","geometry":{"type":"Point","coordinates":[29.214758,41.008008]},"properties":{"osm_id":"node/5181706121","kategori":"eczane","ad":"Merkez Eczanesi"}},{"type":"Feature","geometry":{"type":"Point","coordinates":[28.8252334,41.0547255]},"properties":{"osm_id":"node/5185352357","kategori":"eczane","ad":null}},{"type":"Feature","geometry":{"type":"Point","coordinates":[29.2557872,40.9671983]},"properties":{"osm_id":"node/5189911223","kategori":"eczane","ad":"Derman Eczanesi"}},{"type":"Feature","geometry":{"type":"Point","coordinates":[29.2535061,40.9679376]},"properties":{"osm_id":"node/5189911224","kategori":"eczane","ad":"Yeni Burçin Eczanesi"}},{"type":"Feature","geometry":{"type":"Point","coordinates":[29.2560619,40.9697267]},"properties":{"osm_id":"node/5189911225","kategori":"eczane","ad":"Atlas Plus Eczanesi"}},{"type":"Feature","geometry":{"type":"Point","coordinates":[29.2493618,40.9681171]},"properties":{"osm_id":"node/5189940121","kategori":"eczane","ad":"Cansu Eczanesi"}},{"type":"Feature","geometry":{"type":"Point","coordinates":[29.2606402,40.9693946]},"properties":{"osm_id":"node/5189940221","kategori":"eczane","ad":"Özyiğit Palto Eczanesi"}},{"type":"Feature","geometry":{"type":"Point","coordinates":[29.094503,40.954825]},"properties":{"osm_id":"node/5192842723","kategori":"eczane","ad":"Doğuş Eczanesi"}},{"type":"Feature","geometry":{"type":"Point","coordinates":[29.0889592,40.976501]},"properties":{"osm_id":"node/5192851922","kategori":"eczane","ad":"Perla Eczanesi"}},{"type":"Feature","geometry":{"type":"Point","coordinates":[29.0919763,40.9759613]},"properties":{"osm_id":"node/5192851923","kategori":"eczane","ad":"Yeni Zeynep Eczanesi"}},{"type":"Feature","geometry":{"type":"Point","coordinates":[29.090806,40.9775818]},"properties":{"osm_id":"node/5192851924","kategori":"eczane","ad":"Güleç Eczanesi"}},{"type":"Feature","geometry":{"type":"Point","coordinates":[29.0890706,40.9764464]},"properties":{"osm_id":"node/5192851925","kategori":"eczane","ad":"Gülnur Eczanesi"}},{"type":"Feature","geometry":{"type":"Point","coordinates":[29.0856965,40.9693148]},"properties":{"osm_id":"node/5192851926","kategori":"eczane","ad":"Çağla Eczanesi"}},{"type":"Feature","geometry":{"type":"Point","coordinates":[29.0911181,40.9554876]},"properties":{"osm_id":"node/5192851927","kategori":"eczane","ad":"Caddebaşı Eczanesi"}},{"type":"Feature","geometry":{"type":"Point","coordinates":[29.094622,40.9549532]},"properties":{"osm_id":"node/5192851928","kategori":"eczane","ad":"Bostancı Merkez Eczanesi"}},{"type":"Feature","geometry":{"type":"Point","coordinates":[29.1006877,40.9540869]},"properties":{"osm_id":"node/5192851929","kategori":"eczane","ad":"Alıntepe Eczanesi"}},{"type":"Feature","geometry":{"type":"Point","coordinates":[29.1029724,40.9534239]},"properties":{"osm_id":"node/5192851930","kategori":"eczane","ad":"Ela Eczanesi"}},{"type":"Feature","geometry":{"type":"Point","coordinates":[29.1028766,40.9536438]},"properties":{"osm_id":"node/5192851932","kategori":"eczane","ad":"Aysen Eczanesi"}},{"type":"Feature","geometry":{"type":"Point","coordinates":[29.0928651,40.9779211]},"properties":{"osm_id":"node/5192855723","kategori":"eczane","ad":"Ataser Eczanesi"}},{"type":"Feature","geometry":{"type":"Point","coordinates":[29.0908618,40.9778606]},"properties":{"osm_id":"node/5192859521","kategori":"eczane","ad":"Sevil Eczanesi"}},{"type":"Feature","geometry":{"type":"Point","coordinates":[29.1032322,40.9535482]},"properties":{"osm_id":"node/5192859522","kategori":"eczane","ad":"Turkuaz Eczanesi"}},{"type":"Feature","geometry":{"type":"Point","coordinates":[29.1028422,40.9534009]},"properties":{"osm_id":"node/5192859523","kategori":"eczane","ad":"Gamze Eczanesi"}},{"type":"Feature","geometry":{"type":"Point","coordinates":[28.8922815,41.0662213]},"properties":{"osm_id":"node/5196257424","kategori":"eczane","ad":"Özgür Eczanesi"}},{"type":"Feature","geometry":{"type":"Point","coordinates":[28.8903551,41.0670267]},"properties":{"osm_id":"node/5196257425","kategori":"eczane","ad":"Recep Eczanesi"}},{"type":"Feature","geometry":{"type":"Point","coordinates":[28.884482,41.0702056]},"properties":{"osm_id":"node/5196257426","kategori":"eczane","ad":"Yeni Eczanesi"}},{"type":"Feature","geometry":{"type":"Point","coordinates":[28.8840424,41.070643]},"properties":{"osm_id":"node/5196257427","kategori":"eczane","ad":"Cevatpaşa Eczanesi"}},{"type":"Feature","geometry":{"type":"Point","coordinates":[28.8843231,41.070666]},"properties":{"osm_id":"node/5196285323","kategori":"eczane","ad":"Doğuş Eczanesi"}},{"type":"Feature","geometry":{"type":"Point","coordinates":[28.8928064,41.0665621]},"properties":{"osm_id":"node/5196299922","kategori":"eczane","ad":"Ayşegül Eczanesi"}},{"type":"Feature","geometry":{"type":"Point","coordinates":[28.888468,41.0672855]},"properties":{"osm_id":"node/5196299923","kategori":"eczane","ad":"Işıl Eczanesi"}},{"type":"Feature","geometry":{"type":"Point","coordinates":[28.8881724,41.0670206]},"properties":{"osm_id":"node/5196299924","kategori":"eczane","ad":"İrem Eczanesi"}},{"type":"Feature","geometry":{"type":"Point","coordinates":[28.9999692,41.0476174]},"properties":{"osm_id":"node/5197106682","kategori":"eczane","ad":"GÜLCAN ECZANESİ"}},{"type":"Feature","geometry":{"type":"Point","coordinates":[29.3606752,40.8372224]},"properties":{"osm_id":"node/5199328121","kategori":"eczane","ad":"Gülden Eczanesi"}},{"type":"Feature","geometry":{"type":"Point","coordinates":[29.3604573,40.8369179]},"properties":{"osm_id":"node/5199328122","kategori":"eczane","ad":"Dila Eczanesi"}},{"type":"Feature","geometry":{"type":"Point","coordinates":[29.3009836,40.8461002]},"properties":{"osm_id":"node/5199328123","kategori":"eczane","ad":"Ege Eczanesi"}},{"type":"Feature","geometry":{"type":"Point","coordinates":[29.3611417,40.840682]},"properties":{"osm_id":"node/5199328221","kategori":"eczane","ad":"Berkay Eczanesi"}},{"type":"Feature","geometry":{"type":"Point","coordinates":[29.3607982,40.8406347]},"properties":{"osm_id":"node/5199328321","kategori":"eczane","ad":"Ege Eczanesi"}},{"type":"Feature","geometry":{"type":"Point","coordinates":[29.3057756,40.8319854]},"properties":{"osm_id":"node/5199328323","kategori":"eczane","ad":"Yeni Ceren Eczanesi"}},{"type":"Feature","geometry":{"type":"Point","coordinates":[29.3056373,40.8313116]},"properties":{"osm_id":"node/5199328324","kategori":"eczane","ad":"Ünsal Eczanesi"}},{"type":"Feature","geometry":{"type":"Point","coordinates":[29.2997915,40.8436653]},"properties":{"osm_id":"node/5199328325","kategori":"eczane","ad":"Yelken Eczanesi"}},{"type":"Feature","geometry":{"type":"Point","coordinates":[29.3011644,40.8461193]},"properties":{"osm_id":"node/5199328326","kategori":"eczane","ad":"Güzem Eczanesi"}},{"type":"Feature","geometry":{"type":"Point","coordinates":[29.1517124,41.0157156]},"properties":{"osm_id":"node/5207796925","kategori":"eczane","ad":"Özge Toptani Eczanesi"}},{"type":"Feature","geometry":{"type":"Point","coordinates":[29.15064,41.014305]},"properties":{"osm_id":"node/5207796926","kategori":"eczane","ad":"Esra Eczanesi"}},{"type":"Feature","geometry":{"type":"Point","coordinates":[29.1330058,41.0063401]},"properties":{"osm_id":"node/5207796927","kategori":"eczane","ad":"Atlas Eczanesi"}},{"type":"Feature","geometry":{"type":"Point","coordinates":[29.1158939,41.0255055]},"properties":{"osm_id":"node/5207796928","kategori":"eczane","ad":"Espiye Eczanesi"}},{"type":"Feature","geometry":{"type":"Point","coordinates":[29.1439348,41.0217071]},"properties":{"osm_id":"node/5207804621","kategori":"eczane","ad":"Birlik Eczanesi"}},{"type":"Feature","geometry":{"type":"Point","coordinates":[29.1381964,41.0157521]},"properties":{"osm_id":"node/5207804622","kategori":"eczane","ad":"Doğanevler Eczanesi"}},{"type":"Feature","geometry":{"type":"Point","coordinates":[29.137581,41.0132932]},"properties":{"osm_id":"node/5207804623","kategori":"eczane","ad":"Güner Eczanesi"}},{"type":"Feature","geometry":{"type":"Point","coordinates":[29.1405725,41.010907]},"properties":{"osm_id":"node/5207804624","kategori":"eczane","ad":"Dinçer Eczanesi"}},{"type":"Feature","geometry":{"type":"Point","coordinates":[29.125174,41.009442]},"properties":{"osm_id":"node/5207804625","kategori":"eczane","ad":"Aksoy Eczanesi"}},{"type":"Feature","geometry":{"type":"Point","coordinates":[29.1245745,41.0229399]},"properties":{"osm_id":"node/5207804626","kategori":"eczane","ad":"Meydan Eczanesi"}},{"type":"Feature","geometry":{"type":"Point","coordinates":[29.122803,41.0253172]},"properties":{"osm_id":"node/5207804627","kategori":"eczane","ad":"Buyaka Plus Eczanesi"}},{"type":"Feature","geometry":{"type":"Point","coordinates":[29.1154531,41.022169]},"properties":{"osm_id":"node/5207804628","kategori":"eczane","ad":"Özlem Torun Eczanesi"}},{"type":"Feature","geometry":{"type":"Point","coordinates":[29.1436202,41.0216014]},"properties":{"osm_id":"node/5207804821","kategori":"eczane","ad":"Mehtap Eczanesi"}},{"type":"Feature","geometry":{"type":"Point","coordinates":[29.1339755,41.0070417]},"properties":{"osm_id":"node/5207805021","kategori":"eczane","ad":"Deval Eczanesi"}},{"type":"Feature","geometry":{"type":"Point","coordinates":[28.7946356,41.0546747]},"properties":{"osm_id":"node/5212673227","kategori":"eczane","ad":"Müge Eczanesi"}},{"type":"Feature","geometry":{"type":"Point","coordinates":[28.7908628,41.0527669]},"properties":{"osm_id":"node/5212673228","kategori":"eczane","ad":"Arena Park Eczanesi"}},{"type":"Feature","geometry":{"type":"Point","coordinates":[28.8094341,41.0473924]},"properties":{"osm_id":"node/5212673229","kategori":"eczane","ad":"212 Simya Eczanesi"}},{"type":"Feature","geometry":{"type":"Point","coordinates":[28.7927144,41.0549326]},"properties":{"osm_id":"node/5212681937","kategori":"eczane","ad":"Güler Eczanesi"}},{"type":"Feature","geometry":{"type":"Point","coordinates":[29.0024013,41.047251]},"properties":{"osm_id":"node/5215501324","kategori":"eczane","ad":"Emek Eczanesi"}},{"type":"Feature","geometry":{"type":"Point","coordinates":[29.0021734,41.0464728]},"properties":{"osm_id":"node/5215512024","kategori":"eczane","ad":"Karadeniz Eczanesi"}},{"type":"Feature","geometry":{"type":"Point","coordinates":[29.0021009,41.0478286]},"properties":{"osm_id":"node/5215512025","kategori":"eczane","ad":"Ferhan Eczanesi"}},{"type":"Feature","geometry":{"type":"Point","coordinates":[29.0023822,41.0482364]},"properties":{"osm_id":"node/5215512026","kategori":"eczane","ad":"Aysel Eczanesi"}},{"type":"Feature","geometry":{"type":"Point","coordinates":[29.0004319,41.0490988]},"properties":{"osm_id":"node/5215512027","kategori":"eczane","ad":"Deva Eczanesi"}},{"type":"Feature","geometry":{"type":"Point","coordinates":[28.9946124,41.0475661]},"properties":{"osm_id":"node/5215512028","kategori":"eczane","ad":"Teşvikiye Altuğ Eczanesi"}},{"type":"Feature","geometry":{"type":"Point","coordinates":[28.9956235,41.0498832]},"properties":{"osm_id":"node/5215512029","kategori":"eczane","ad":"Hülya Eczanesi"}},{"type":"Feature","geometry":{"type":"Point","coordinates":[28.9936885,41.0503292]},"properties":{"osm_id":"node/5215512030","kategori":"eczane","ad":"Nişantaşı Eczanesi"}},{"type":"Feature","geometry":{"type":"Point","coordinates":[28.9999318,41.0478221]},"properties":{"osm_id":"node/5215516622","kategori":"eczane","ad":"Gülcan Eczanesi"}},{"type":"Feature","geometry":{"type":"Point","coordinates":[29.1055538,41.0210907]},"properties":{"osm_id":"node/5217393723","kategori":"eczane","ad":"Beyaz Eczanesi"}},{"type":"Feature","geometry":{"type":"Point","coordinates":[29.1107592,41.0216414]},"properties":{"osm_id":"node/5217393725","kategori":"eczane","ad":"Bizim Eczane"}},{"type":"Feature","geometry":{"type":"Point","coordinates":[29.085326,41.0126274]},"properties":{"osm_id":"node/5217393727","kategori":"eczane","ad":"Hekimoğlu Eczanesi"}},{"type":"Feature","geometry":{"type":"Point","coordinates":[29.0854867,41.0127178]},"properties":{"osm_id":"node/5217393728","kategori":"eczane","ad":"Asya Eczanesi"}},{"type":"Feature","geometry":{"type":"Point","coordinates":[29.0839175,41.0141243]},"properties":{"osm_id":"node/5217393729","kategori":"eczane","ad":"Yeni Deva Eczanesi"}},{"type":"Feature","geometry":{"type":"Point","coordinates":[29.0812422,41.0159822]},"properties":{"osm_id":"node/5217393730","kategori":"eczane","ad":"Burçin Eczanesi"}},{"type":"Feature","geometry":{"type":"Point","coordinates":[29.0821731,41.0237113]},"properties":{"osm_id":"node/5217393731","kategori":"eczane","ad":"Yavuz Eczanesi"}},{"type":"Feature","geometry":{"type":"Point","coordinates":[29.0839225,41.0240503]},"properties":{"osm_id":"node/5217393732","kategori":"eczane","ad":"Gülçin Eczanesi"}},{"type":"Feature","geometry":{"type":"Point","coordinates":[29.1086374,41.0208903]},"properties":{"osm_id":"node/5217400122","kategori":"eczane","ad":"Atakent Eczanesi"}},{"type":"Feature","geometry":{"type":"Point","coordinates":[29.0822814,41.0163798]},"properties":{"osm_id":"node/5217400123","kategori":"eczane","ad":"Doğa Eczanesi"}},{"type":"Feature","geometry":{"type":"Point","coordinates":[29.0080898,41.086304]},"properties":{"osm_id":"node/5219111822","kategori":"eczane","ad":"Hande Eczanesi"}},{"type":"Feature","geometry":{"type":"Point","coordinates":[29.0082402,41.0860666]},"properties":{"osm_id":"node/5219135321","kategori":"eczane","ad":"Emre Eczanesi"}},{"type":"Feature","geometry":{"type":"Point","coordinates":[29.0078833,41.0863097]},"properties":{"osm_id":"node/5219135322","kategori":"eczane","ad":"Arzu Kutur Eczanesi"}},{"type":"Feature","geometry":{"type":"Point","coordinates":[29.0016972,41.0923438]},"properties":{"osm_id":"node/5219135323","kategori":"eczane","ad":"Yeni Zuhal Eczanesi"}},{"type":"Feature","geometry":{"type":"Point","coordinates":[29.0016366,41.0920722]},"properties":{"osm_id":"node/5219135421","kategori":"eczane","ad":"İkizler Eczanesi"}},{"type":"Feature","geometry":{"type":"Point","coordinates":[29.0013362,41.0918132]},"properties":{"osm_id":"node/5219135422","kategori":"eczane","ad":"Tülin Eczanesi"}},{"type":"Feature","geometry":{"type":"Point","coordinates":[29.0012794,41.0914115]},"properties":{"osm_id":"node/5219135423","kategori":"eczane","ad":"Sanayi İstanbul Eczanesi"}},{"type":"Feature","geometry":{"type":"Point","coordinates":[29.0017044,41.0924382]},"properties":{"osm_id":"node/5219135424","kategori":"eczane","ad":"Gökçe Eczanesi"}},{"type":"Feature","geometry":{"type":"Point","coordinates":[29.0016638,41.0922608]},"properties":{"osm_id":"node/5219135425","kategori":"eczane","ad":"Esinti Eczanesi"}},{"type":"Feature","geometry":{"type":"Point","coordinates":[29.0016542,41.0921783]},"properties":{"osm_id":"node/5219135521","kategori":"eczane","ad":"Özsahra Eczanesi"}},{"type":"Feature","geometry":{"type":"Point","coordinates":[28.8598974,41.0488055]},"properties":{"osm_id":"node/5225822021","kategori":"eczane","ad":"Hayat Eczanesi"}},{"type":"Feature","geometry":{"type":"Point","coordinates":[28.8798593,41.0460632]},"properties":{"osm_id":"node/5225822022","kategori":"eczane","ad":"Yiğit Eczanesi"}},{"type":"Feature","geometry":{"type":"Point","coordinates":[28.8776232,41.0460925]},"properties":{"osm_id":"node/5225822023","kategori":"eczane","ad":"Semra Eczanesi"}},{"type":"Feature","geometry":{"type":"Point","coordinates":[28.8790037,41.0455242]},"properties":{"osm_id":"node/5225822024","kategori":"eczane","ad":"Kadircan Eczanesi"}},{"type":"Feature","geometry":{"type":"Point","coordinates":[28.8788825,41.0495948]},"properties":{"osm_id":"node/5225822025","kategori":"eczane","ad":"Çağrı Eczanesi"}},{"type":"Feature","geometry":{"type":"Point","coordinates":[28.8799469,41.0454957]},"properties":{"osm_id":"node/5225822121","kategori":"eczane","ad":"Elif Eczanesi"}},{"type":"Feature","geometry":{"type":"Point","coordinates":[28.8522214,41.0678805]},"properties":{"osm_id":"node/5225822221","kategori":"eczane","ad":"Otocenter Eczanesi"}},{"type":"Feature","geometry":{"type":"Point","coordinates":[29.0178742,41.0734273]},"properties":{"osm_id":"node/5227515823","kategori":"eczane","ad":"Ece Eczanesi"}},{"type":"Feature","geometry":{"type":"Point","coordinates":[29.0270419,41.072388]},"properties":{"osm_id":"node/5227515824","kategori":"eczane","ad":"Ariel Eczanesi"}},{"type":"Feature","geometry":{"type":"Point","coordinates":[29.0301701,41.0667877]},"properties":{"osm_id":"node/5227515825","kategori":"eczane","ad":"Ulus Eczanesi"}},{"type":"Feature","geometry":{"type":"Point","coordinates":[29.0157497,41.0745667]},"properties":{"osm_id":"node/5227519622","kategori":"eczane","ad":"Akgün Özen Eczanesi"}},{"type":"Feature","geometry":{"type":"Point","coordinates":[28.9969767,41.0663484]},"properties":{"osm_id":"node/5227522121","kategori":"eczane","ad":"Ayşegül Eczanesi"}},{"type":"Feature","geometry":{"type":"Point","coordinates":[29.0158259,41.0747279]},"properties":{"osm_id":"node/5227522122","kategori":"eczane","ad":"Sinem Eczanesi"}},{"type":"Feature","geometry":{"type":"Point","coordinates":[29.0200357,41.0707392]},"properties":{"osm_id":"node/5227522123","kategori":"eczane","ad":"İhsan Bey Eczanesi"}},{"type":"Feature","geometry":{"type":"Point","coordinates":[29.0244933,41.0586691]},"properties":{"osm_id":"node/5227522125","kategori":"eczane","ad":"Lotus Eczanesi"}},{"type":"Feature","geometry":{"type":"Point","coordinates":[29.0279816,41.0674249]},"properties":{"osm_id":"node/5227522221","kategori":"eczane","ad":"Galen Eczanesi"}},{"type":"Feature","geometry":{"type":"Point","coordinates":[29.2307898,40.8784725]},"properties":{"osm_id":"node/5229558322","kategori":"eczane","ad":"Şifa Eczanesi"}},{"type":"Feature","geometry":{"type":"Point","coordinates":[29.2301687,40.8770174]},"properties":{"osm_id":"node/5229558324","kategori":"eczane","ad":"Pen Eczanesi"}},{"type":"Feature","geometry":{"type":"Point","coordinates":[29.2299435,40.8769693]},"properties":{"osm_id":"node/5229558325","kategori":"eczane","ad":"Sağlık Eczanesi"}},{"type":"Feature","geometry":{"type":"Point","coordinates":[29.229872,40.8769409]},"properties":{"osm_id":"node/5229558326","kategori":"eczane","ad":"Selcen Eczanesi"}},{"type":"Feature","geometry":{"type":"Point","coordinates":[29.2296971,40.876882]},"properties":{"osm_id":"node/5229558327","kategori":"eczane","ad":"Buket Eczanesi"}},{"type":"Feature","geometry":{"type":"Point","coordinates":[29.2307398,40.8773166]},"properties":{"osm_id":"node/5229561422","kategori":"eczane","ad":"Halk Eczanesi"}},{"type":"Feature","geometry":{"type":"Point","coordinates":[29.2298007,40.8769113]},"properties":{"osm_id":"node/5229561523","kategori":"eczane","ad":"Gökhan Eczanesi"}},{"type":"Feature","geometry":{"type":"Point","coordinates":[29.2300654,40.877221]},"properties":{"osm_id":"node/5229561822","kategori":"eczane","ad":"Çiçek Eczanesi"}},{"type":"Feature","geometry":{"type":"Point","coordinates":[29.2302407,40.8770476]},"properties":{"osm_id":"node/5229561823","kategori":"eczane","ad":"Çağla Eczanesi"}},{"type":"Feature","geometry":{"type":"Point","coordinates":[29.2294779,40.87672]},"properties":{"osm_id":"node/5229561824","kategori":"eczane","ad":"Tunahan Eczanesi"}},{"type":"Feature","geometry":{"type":"Point","coordinates":[29.2303833,40.8779025]},"properties":{"osm_id":"node/5229562221","kategori":"eczane","ad":"Yenibahar Eczanesi"}},{"type":"Feature","geometry":{"type":"Point","coordinates":[29.229482,40.8791684]},"properties":{"osm_id":"node/5231914521","kategori":"eczane","ad":"Akasya Eczanesi"}},{"type":"Feature","geometry":{"type":"Point","coordinates":[29.235375,40.8771713]},"properties":{"osm_id":"node/5231914522","kategori":"eczane","ad":"Işık Eczanesi"}},{"type":"Feature","geometry":{"type":"Point","coordinates":[29.235612,40.8770959]},"properties":{"osm_id":"node/5231942821","kategori":"eczane","ad":"Gülhan Eczanesi"}},{"type":"Feature","geometry":{"type":"Point","coordinates":[29.2374471,40.878253]},"properties":{"osm_id":"node/5231942822","kategori":"eczane","ad":"Su Eczanesi"}},{"type":"Feature","geometry":{"type":"Point","coordinates":[29.2367086,40.8786148]},"properties":{"osm_id":"node/5231942823","kategori":"eczane","ad":"Lokman Eczanesi"}},{"type":"Feature","geometry":{"type":"Point","coordinates":[29.2364722,40.8788349]},"properties":{"osm_id":"node/5231942824","kategori":"eczane","ad":"Ortanca Eczanesi"}},{"type":"Feature","geometry":{"type":"Point","coordinates":[29.2353423,40.8788545]},"properties":{"osm_id":"node/5231942825","kategori":"eczane","ad":"Güneş Eczanesi"}},{"type":"Feature","geometry":{"type":"Point","coordinates":[29.2366875,40.8784375]},"properties":{"osm_id":"node/5231943121","kategori":"eczane","ad":"Pendik Yiğitoğlu Eczanesi"}},{"type":"Feature","geometry":{"type":"Point","coordinates":[29.2153928,40.8900971]},"properties":{"osm_id":"node/5234245821","kategori":"eczane","ad":"Baykan Eczanesi"}},{"type":"Feature","geometry":{"type":"Point","coordinates":[29.2181974,40.8926133]},"properties":{"osm_id":"node/5234245822","kategori":"eczane","ad":"Şifa Eczanesi"}},{"type":"Feature","geometry":{"type":"Point","coordinates":[29.2173932,40.8931789]},"properties":{"osm_id":"node/5234245823","kategori":"eczane","ad":"Ayhan Eczanesi"}},{"type":"Feature","geometry":{"type":"Point","coordinates":[29.2139848,40.8945317]},"properties":{"osm_id":"node/5234245824","kategori":"eczane","ad":"Hayat Eczanesi"}},{"type":"Feature","geometry":{"type":"Point","coordinates":[29.2208356,40.891775]},"properties":{"osm_id":"node/5234245825","kategori":"eczane","ad":"Melike Eczanesi"}},{"type":"Feature","geometry":{"type":"Point","coordinates":[29.2298481,40.888421]},"properties":{"osm_id":"node/5234245826","kategori":"eczane","ad":"Plevne Eczanesi"}},{"type":"Feature","geometry":{"type":"Point","coordinates":[29.2302065,40.8841315]},"properties":{"osm_id":"node/5234245827","kategori":"eczane","ad":"Sancak Eczanesi"}},{"type":"Feature","geometry":{"type":"Point","coordinates":[29.233127,40.884507]},"properties":{"osm_id":"node/5234245828","kategori":"eczane","ad":"Bingül Eczanesi"}},{"type":"Feature","geometry":{"type":"Point","coordinates":[29.2318684,40.8811949]},"properties":{"osm_id":"node/5234245829","kategori":"eczane","ad":"Halitbey Eczanesi"}},{"type":"Feature","geometry":{"type":"Point","coordinates":[29.235869,40.8829668]},"properties":{"osm_id":"node/5234245830","kategori":"eczane","ad":"Beyaz Eczanesi"}},{"type":"Feature","geometry":{"type":"Point","coordinates":[29.235432,40.882507]},"properties":{"osm_id":"node/5234245831","kategori":"eczane","ad":"Gökçe Eczanesi"}},{"type":"Feature","geometry":{"type":"Point","coordinates":[29.2356577,40.8824773]},"properties":{"osm_id":"node/5234245832","kategori":"eczane","ad":"Öğüt Eczanesi"}},{"type":"Feature","geometry":{"type":"Point","coordinates":[29.2138489,40.8941412]},"properties":{"osm_id":"node/5234245921","kategori":"eczane","ad":"Topselvi Yağmur Eczanesi"}},{"type":"Feature","geometry":{"type":"Point","coordinates":[29.2164916,40.8963782]},"properties":{"osm_id":"node/5234246021","kategori":"eczane","ad":"Saide Eczanesi"}},{"type":"Feature","geometry":{"type":"Point","coordinates":[29.2360657,40.8827638]},"properties":{"osm_id":"node/5234291621","kategori":"eczane","ad":"Lavanta Eczanesi"}},{"type":"Feature","geometry":{"type":"Point","coordinates":[29.2628108,40.8882454]},"properties":{"osm_id":"node/5235880023","kategori":"eczane","ad":"Marmara Acil Eczanesi"}},{"type":"Feature","geometry":{"type":"Point","coordinates":[29.2681626,40.8850838]},"properties":{"osm_id":"node/5235881822","kategori":"eczane","ad":"Marmara Eczanesi"}},{"type":"Feature","geometry":{"type":"Point","coordinates":[29.2678979,40.885903]},"properties":{"osm_id":"node/5235881823","kategori":"eczane","ad":"Yakut Eczanesi"}},{"type":"Feature","geometry":{"type":"Point","coordinates":[29.262725,40.8881693]},"properties":{"osm_id":"node/5235881824","kategori":"eczane","ad":"Neslihan Eczanesi"}},{"type":"Feature","geometry":{"type":"Point","coordinates":[29.2724797,40.8846649]},"properties":{"osm_id":"node/5235887021","kategori":"eczane","ad":"Adaçayı Eczanesi"}},{"type":"Feature","geometry":{"type":"Point","coordinates":[29.272604,40.883724]},"properties":{"osm_id":"node/5235887022","kategori":"eczane","ad":"Esenler Eczanesi"}},{"type":"Feature","geometry":{"type":"Point","coordinates":[29.2604717,40.8872821]},"properties":{"osm_id":"node/5235888622","kategori":"eczane","ad":"Şehir Eczanesi"}},{"type":"Feature","geometry":{"type":"Point","coordinates":[29.2606227,40.887082]},"properties":{"osm_id":"node/5235890721","kategori":"eczane","ad":"Ceylan Eczanesi"}},{"type":"Feature","geometry":{"type":"Point","coordinates":[29.2603699,40.8868646]},"properties":{"osm_id":"node/5235890821","kategori":"eczane","ad":"Ömer Eczanesi"}},{"type":"Feature","geometry":{"type":"Point","coordinates":[29.232053,40.9039368]},"properties":{"osm_id":"node/5240430422","kategori":"eczane","ad":"Yeni Ekin Eczanesi"}},{"type":"Feature","geometry":{"type":"Point","coordinates":[29.221488,40.9081421]},"properties":{"osm_id":"node/5240430424","kategori":"eczane","ad":"Çağrı Eczanesi"}},{"type":"Feature","geometry":{"type":"Point","coordinates":[29.2185457,40.9105504]},"properties":{"osm_id":"node/5240430425","kategori":"eczane","ad":"Ayşegül Eczanesi"}},{"type":"Feature","geometry":{"type":"Point","coordinates":[29.2246656,40.9195526]},"properties":{"osm_id":"node/5240430427","kategori":"eczane","ad":"Zerrin Eczanesi"}},{"type":"Feature","geometry":{"type":"Point","coordinates":[29.2259748,40.9183987]},"properties":{"osm_id":"node/5240433522","kategori":"eczane","ad":"Hatice Eczanesi"}},{"type":"Feature","geometry":{"type":"Point","coordinates":[29.2327977,40.9057867]},"properties":{"osm_id":"node/5240436821","kategori":"eczane","ad":"Hanne Eczanesi"}},{"type":"Feature","geometry":{"type":"Point","coordinates":[29.2332831,40.9059134]},"properties":{"osm_id":"node/5240436822","kategori":"eczane","ad":"Derin Eczanesi"}},{"type":"Feature","geometry":{"type":"Point","coordinates":[29.2293186,40.9020042]},"properties":{"osm_id":"node/5240436823","kategori":"eczane","ad":"Okçu Eczanesi"}},{"type":"Feature","geometry":{"type":"Point","coordinates":[29.2292576,40.9017791]},"properties":{"osm_id":"node/5240436824","kategori":"eczane","ad":"Hürriyet Eczanesi"}},{"type":"Feature","geometry":{"type":"Point","coordinates":[29.2279916,40.9014565]},"properties":{"osm_id":"node/5240436825","kategori":"eczane","ad":"Acar Eczanesi"}},{"type":"Feature","geometry":{"type":"Point","coordinates":[29.2280506,40.9010203]},"properties":{"osm_id":"node/5240436826","kategori":"eczane","ad":"Yeni Şifa Eczanesi"}},{"type":"Feature","geometry":{"type":"Point","coordinates":[29.2268569,40.9028696]},"properties":{"osm_id":"node/5240436827","kategori":"eczane","ad":"Nazar Eczanesi"}},{"type":"Feature","geometry":{"type":"Point","coordinates":[29.2210348,40.9075704]},"properties":{"osm_id":"node/5240436828","kategori":"eczane","ad":"Barış Eczanesi"}},{"type":"Feature","geometry":{"type":"Point","coordinates":[29.2187575,40.9148942]},"properties":{"osm_id":"node/5240436829","kategori":"eczane","ad":"Mimoza Eczanesi"}},{"type":"Feature","geometry":{"type":"Point","coordinates":[29.2223051,40.9190147]},"properties":{"osm_id":"node/5240436831","kategori":"eczane","ad":"Kılınç Eczanesi"}},{"type":"Feature","geometry":{"type":"Point","coordinates":[29.2258227,40.9190627]},"properties":{"osm_id":"node/5240436832","kategori":"eczane","ad":"Pelin Eczanesi"}},{"type":"Feature","geometry":{"type":"Point","coordinates":[29.2170213,40.9200146]},"properties":{"osm_id":"node/5240436921","kategori":"eczane","ad":"Yakacık İnci Eczanesi"}},{"type":"Feature","geometry":{"type":"Point","coordinates":[29.2208973,40.9216972]},"properties":{"osm_id":"node/5240436922","kategori":"eczane","ad":"Yakacık Yaşam Eczanesi"}},{"type":"Feature","geometry":{"type":"Point","coordinates":[28.9449992,41.0183737]},"properties":{"osm_id":"node/5243950174","kategori":"eczane","ad":null}},{"type":"Feature","geometry":{"type":"Point","coordinates":[28.9442681,41.0176885]},"properties":{"osm_id":"node/5243950182","kategori":"eczane","ad":null}},{"type":"Feature","geometry":{"type":"Point","coordinates":[28.9466201,41.0193236]},"properties":{"osm_id":"node/5243950190","kategori":"eczane","ad":null}},{"type":"Feature","geometry":{"type":"Point","coordinates":[28.9440444,41.0175585]},"properties":{"osm_id":"node/5243950199","kategori":"eczane","ad":null}},{"type":"Feature","geometry":{"type":"Point","coordinates":[28.9442035,41.0179103]},"properties":{"osm_id":"node/5243950214","kategori":"eczane","ad":null}},{"type":"Feature","geometry":{"type":"Point","coordinates":[28.9425143,41.0169939]},"properties":{"osm_id":"node/5243950739","kategori":"eczane","ad":"Dağıstan Eczanesi"}},{"type":"Feature","geometry":{"type":"Point","coordinates":[28.9444606,41.0177963]},"properties":{"osm_id":"node/5243950756","kategori":"eczane","ad":null}},{"type":"Feature","geometry":{"type":"Point","coordinates":[28.9449501,41.0211795]},"properties":{"osm_id":"node/5243951403","kategori":"eczane","ad":"DEVA"}},{"type":"Feature","geometry":{"type":"Point","coordinates":[28.9467001,41.016223]},"properties":{"osm_id":"node/5243951514","kategori":"eczane","ad":"Arzum eczane"}},{"type":"Feature","geometry":{"type":"Point","coordinates":[28.9471292,41.0180201]},"properties":{"osm_id":"node/5243951536","kategori":"eczane","ad":"kortulmush"}},{"type":"Feature","geometry":{"type":"Point","coordinates":[28.9432052,41.0194474]},"properties":{"osm_id":"node/5243952007","kategori":"eczane","ad":"Şeynay eczane"}},{"type":"Feature","geometry":{"type":"Point","coordinates":[28.9462401,41.0163393]},"properties":{"osm_id":"node/5243952622","kategori":"eczane","ad":"Eczane optic"}},{"type":"Feature","geometry":{"type":"Point","coordinates":[28.9454998,41.0167532]},"properties":{"osm_id":"node/5243952631","kategori":"eczane","ad":"Halicilar eczanesi"}},{"type":"Feature","geometry":{"type":"Point","coordinates":[28.9464109,41.0279271]},"properties":{"osm_id":"node/5243953359","kategori":"eczane","ad":null}},{"type":"Feature","geometry":{"type":"Point","coordinates":[28.9686576,41.0169581]},"properties":{"osm_id":"node/5244795901","kategori":"eczane","ad":"Hasırcılar Eczanesi"}},{"type":"Feature","geometry":{"type":"Point","coordinates":[28.9695232,41.0151666]},"properties":{"osm_id":"node/5244796198","kategori":"eczane","ad":"Zafer Eczanesi"}},{"type":"Feature","geometry":{"type":"Point","coordinates":[28.9701742,41.0094756]},"properties":{"osm_id":"node/5244806753","kategori":"eczane","ad":"Utku Eczanesi"}},{"type":"Feature","geometry":{"type":"Point","coordinates":[28.9737101,41.0101712]},"properties":{"osm_id":"node/5244807630","kategori":"eczane","ad":"Bilge Eczanesi"}},{"type":"Feature","geometry":{"type":"Point","coordinates":[28.9649016,41.005004]},"properties":{"osm_id":"node/5244807841","kategori":"eczane","ad":"Eczane Reyhan"}},{"type":"Feature","geometry":{"type":"Point","coordinates":[28.9671622,41.0087612]},"properties":{"osm_id":"node/5244807886","kategori":"eczane","ad":"Ayhan Eczanesi"}},{"type":"Feature","geometry":{"type":"Point","coordinates":[28.9654168,41.0051607]},"properties":{"osm_id":"node/5244810300","kategori":"eczane","ad":"Yeni Eczanesi"}},{"type":"Feature","geometry":{"type":"Point","coordinates":[29.0665404,40.9783898]},"properties":{"osm_id":"node/5246893423","kategori":"eczane","ad":"Oksijen Eczanesi"}},{"type":"Feature","geometry":{"type":"Point","coordinates":[29.0681639,40.9797369]},"properties":{"osm_id":"node/5246893424","kategori":"eczane","ad":"Yeni Burkay Eczanesi"}},{"type":"Feature","geometry":{"type":"Point","coordinates":[29.0650859,40.982343]},"properties":{"osm_id":"node/5246893425","kategori":"eczane","ad":"İdil Eczanesi"}},{"type":"Feature","geometry":{"type":"Point","coordinates":[29.0653674,40.9774897]},"properties":{"osm_id":"node/5246926121","kategori":"eczane","ad":"Kamelya Eczanesi"}},{"type":"Feature","geometry":{"type":"Point","coordinates":[29.0668909,40.9794778]},"properties":{"osm_id":"node/5246926122","kategori":"eczane","ad":"Göztepe Merkez Eczanesi"}},{"type":"Feature","geometry":{"type":"Point","coordinates":[29.0658603,40.980278]},"properties":{"osm_id":"node/5246926124","kategori":"eczane","ad":"Evranos Eczanesi"}},{"type":"Feature","geometry":{"type":"Point","coordinates":[29.0656756,40.9779362]},"properties":{"osm_id":"node/5246926221","kategori":"eczane","ad":"Kadir Eczanesi"}},{"type":"Feature","geometry":{"type":"Point","coordinates":[29.0685922,40.9792473]},"properties":{"osm_id":"node/5246926621","kategori":"eczane","ad":"Aksu Eczanesi"}},{"type":"Feature","geometry":{"type":"Point","coordinates":[29.1907168,41.016422]},"properties":{"osm_id":"node/5262246775","kategori":"eczane","ad":"Nehir Eczanesi"}},{"type":"Feature","geometry":{"type":"Point","coordinates":[29.0596601,40.9857854]},"properties":{"osm_id":"node/5263428034","kategori":"eczane","ad":"Şehir Eczanesi"}},{"type":"Feature","geometry":{"type":"Point","coordinates":[29.2429108,40.8789843]},"properties":{"osm_id":"node/5265579009","kategori":"eczane","ad":"Çiğdem"}},{"type":"Feature","geometry":{"type":"Point","coordinates":[29.2447484,40.8820476]},"properties":{"osm_id":"node/5270316070","kategori":"eczane","ad":"Onur Eczanesi"}},{"type":"Feature","geometry":{"type":"Point","coordinates":[29.2453248,40.8821681]},"properties":{"osm_id":"node/5270316071","kategori":"eczane","ad":"Yeni Eczane"}},{"type":"Feature","geometry":{"type":"Point","coordinates":[29.0969834,40.9573591]},"properties":{"osm_id":"node/5274037919","kategori":"eczane","ad":"Hatipoğlu Eczanesi"}},{"type":"Feature","geometry":{"type":"Point","coordinates":[29.2207946,40.9217967]},"properties":{"osm_id":"node/5276647123","kategori":"eczane","ad":"Yakacık Yaşam Eczanesi"}},{"type":"Feature","geometry":{"type":"Point","coordinates":[29.2259154,40.9184998]},"properties":{"osm_id":"node/5276668322","kategori":"eczane","ad":"Hatice Eczanesi"}},{"type":"Feature","geometry":{"type":"Point","coordinates":[29.2207895,40.9164693]},"properties":{"osm_id":"node/5276675922","kategori":"eczane","ad":"Yakacık Derman Eczanesi"}},{"type":"Feature","geometry":{"type":"Point","coordinates":[29.0948189,40.9575164]},"properties":{"osm_id":"node/5284687369","kategori":"eczane","ad":"Arel Eczanesi"}},{"type":"Feature","geometry":{"type":"Point","coordinates":[28.9360961,41.0427983]},"properties":{"osm_id":"node/5284741632","kategori":"eczane","ad":"Güven Eczanesi"}},{"type":"Feature","geometry":{"type":"Point","coordinates":[29.2140648,40.9336993]},"properties":{"osm_id":"node/5285979531","kategori":"eczane","ad":"Eczane Akın"}},{"type":"Feature","geometry":{"type":"Point","coordinates":[29.094926,40.9570592]},"properties":{"osm_id":"node/5286468977","kategori":"eczane","ad":"Efes Eczanesi"}},{"type":"Feature","geometry":{"type":"Point","coordinates":[29.173757,41.0357341]},"properties":{"osm_id":"node/5288242145","kategori":"eczane","ad":"Ali Baba Eczanesi"}},{"type":"Feature","geometry":{"type":"Point","coordinates":[29.1812396,41.033091]},"properties":{"osm_id":"node/5289179962","kategori":"eczane","ad":"Nar Eczanesi"}},{"type":"Feature","geometry":{"type":"Point","coordinates":[29.1812879,41.0328011]},"properties":{"osm_id":"node/5289179963","kategori":"eczane","ad":"Hayat Eczanesi"}},{"type":"Feature","geometry":{"type":"Point","coordinates":[29.1820804,41.0315427]},"properties":{"osm_id":"node/5289269953","kategori":"eczane","ad":"Özün Eczane"}},{"type":"Feature","geometry":{"type":"Point","coordinates":[29.0994808,40.9618279]},"properties":{"osm_id":"node/5289427543","kategori":"eczane","ad":"Çay Eczanesi"}},{"type":"Feature","geometry":{"type":"Point","coordinates":[29.0327977,41.0051634]},"properties":{"osm_id":"node/5291820014","kategori":"eczane","ad":"Aylin Eczanesi"}},{"type":"Feature","geometry":{"type":"Point","coordinates":[28.9125982,41.0595309]},"properties":{"osm_id":"node/5291873335","kategori":"eczane","ad":"Melike"}},{"type":"Feature","geometry":{"type":"Point","coordinates":[28.8619114,41.1029279]},"properties":{"osm_id":"node/5291970783","kategori":"eczane","ad":"Ömür Eczane"}},{"type":"Feature","geometry":{"type":"Point","coordinates":[28.8627727,41.1006195]},"properties":{"osm_id":"node/5291970809","kategori":"eczane","ad":null}},{"type":"Feature","geometry":{"type":"Point","coordinates":[29.2984182,40.8647994]},"properties":{"osm_id":"node/5292856222","kategori":"eczane","ad":"Esenyalı Eczanesi"}},{"type":"Feature","geometry":{"type":"Point","coordinates":[29.2979648,40.8647085]},"properties":{"osm_id":"node/5292856223","kategori":"eczane","ad":"Merkez Eczanesi"}},{"type":"Feature","geometry":{"type":"Point","coordinates":[29.2975878,40.8646054]},"properties":{"osm_id":"node/5292856224","kategori":"eczane","ad":"Nur Eczanesi"}},{"type":"Feature","geometry":{"type":"Point","coordinates":[29.2972748,40.8642715]},"properties":{"osm_id":"node/5292856225","kategori":"eczane","ad":"Oya Eczanesi"}},{"type":"Feature","geometry":{"type":"Point","coordinates":[29.2901236,40.8660546]},"properties":{"osm_id":"node/5292856226","kategori":"eczane","ad":"Lila Eczanesi"}},{"type":"Feature","geometry":{"type":"Point","coordinates":[29.2867795,40.8674466]},"properties":{"osm_id":"node/5292856227","kategori":"eczane","ad":"Sancak Eczanesi"}},{"type":"Feature","geometry":{"type":"Point","coordinates":[29.2870507,40.8634746]},"properties":{"osm_id":"node/5292856228","kategori":"eczane","ad":"Deniz Eczanesi"}},{"type":"Feature","geometry":{"type":"Point","coordinates":[29.2796613,40.8595675]},"properties":{"osm_id":"node/5292856229","kategori":"eczane","ad":"Feyza Eczanesi"}},{"type":"Feature","geometry":{"type":"Point","coordinates":[29.2979508,40.8640545]},"properties":{"osm_id":"node/5292869421","kategori":"eczane","ad":"Ekim Eczanesi"}},{"type":"Feature","geometry":{"type":"Point","coordinates":[29.1702809,40.9036991]},"properties":{"osm_id":"node/5293976378","kategori":"eczane","ad":"Defne Eczanesi"}},{"type":"Feature","geometry":{"type":"Point","coordinates":[29.0842215,40.9617961]},"properties":{"osm_id":"node/5294681291","kategori":"eczane","ad":"Eczane Suadiye Aydın"}},{"type":"Feature","geometry":{"type":"Point","coordinates":[29.1189732,40.9378315]},"properties":{"osm_id":"node/5295528437","kategori":"eczane","ad":"İdealtepe Eczanesi"}},{"type":"Feature","geometry":{"type":"Point","coordinates":[29.116554,40.9744942]},"properties":{"osm_id":"node/5295860164","kategori":"eczane","ad":"Halk Eczanesi"}},{"type":"Feature","geometry":{"type":"Point","coordinates":[28.8354935,41.1319189]},"properties":{"osm_id":"node/5295861924","kategori":"eczane","ad":"Furkan Eczanesi"}},{"type":"Feature","geometry":{"type":"Point","coordinates":[29.2370159,40.8821495]},"properties":{"osm_id":"node/5296294092","kategori":"eczane","ad":null}},{"type":"Feature","geometry":{"type":"Point","coordinates":[29.0886953,40.9612197]},"properties":{"osm_id":"node/5297414285","kategori":"eczane","ad":"Eczane Suadiye Çağlar"}},{"type":"Feature","geometry":{"type":"Point","coordinates":[29.123953,40.9672773]},"properties":{"osm_id":"node/5297533788","kategori":"eczane","ad":null}},{"type":"Feature","geometry":{"type":"Point","coordinates":[29.1088535,40.9486631]},"properties":{"osm_id":"node/5298760923","kategori":"eczane","ad":"Aygün Eczanesi"}},{"type":"Feature","geometry":{"type":"Point","coordinates":[29.1063657,40.9487101]},"properties":{"osm_id":"node/5298760924","kategori":"eczane","ad":"Hülya Eczanesi"}},{"type":"Feature","geometry":{"type":"Point","coordinates":[29.1060101,40.9487452]},"properties":{"osm_id":"node/5298760925","kategori":"eczane","ad":"Petek Eczanesi"}},{"type":"Feature","geometry":{"type":"Point","coordinates":[29.1076214,40.9469641]},"properties":{"osm_id":"node/5298760926","kategori":"eczane","ad":"Hakan Eczanesi"}},{"type":"Feature","geometry":{"type":"Point","coordinates":[29.1098839,40.9519177]},"properties":{"osm_id":"node/5298770421","kategori":"eczane","ad":"Küçükyalı Eczanesi"}},{"type":"Feature","geometry":{"type":"Point","coordinates":[29.1124607,40.9441175]},"properties":{"osm_id":"node/5298770422","kategori":"eczane","ad":"Çare Eczanesi"}},{"type":"Feature","geometry":{"type":"Point","coordinates":[29.1150102,40.9422503]},"properties":{"osm_id":"node/5298770423","kategori":"eczane","ad":"Sevgi Eczanesi"}},{"type":"Feature","geometry":{"type":"Point","coordinates":[29.1072219,40.9491832]},"properties":{"osm_id":"node/5298770521","kategori":"eczane","ad":"Hasan Ceyhan Eczanesi"}},{"type":"Feature","geometry":{"type":"Point","coordinates":[29.1130722,40.944381]},"properties":{"osm_id":"node/5298770522","kategori":"eczane","ad":"Başak Eczanesi"}},{"type":"Feature","geometry":{"type":"Point","coordinates":[29.1093831,40.947279]},"properties":{"osm_id":"node/5298770621","kategori":"eczane","ad":"Merkez Şifa Eczanesi"}},{"type":"Feature","geometry":{"type":"Point","coordinates":[29.1124649,40.9427682]},"properties":{"osm_id":"node/5298770622","kategori":"eczane","ad":"Özen Küçükyalı Eczanesi"}},{"type":"Feature","geometry":{"type":"Point","coordinates":[29.1151687,40.9413666]},"properties":{"osm_id":"node/5298770624","kategori":"eczane","ad":"Küçükyalı Nihal Eczanesi"}},{"type":"Feature","geometry":{"type":"Point","coordinates":[29.1122356,40.9442679]},"properties":{"osm_id":"node/5298770721","kategori":"eczane","ad":"Pamir Eczanesi"}},{"type":"Feature","geometry":{"type":"Point","coordinates":[29.0983652,41.0088352]},"properties":{"osm_id":"node/5303378825","kategori":"eczane","ad":"Duygu Eczanesi"}},{"type":"Feature","geometry":{"type":"Point","coordinates":[28.98418,41.0609999]},"properties":{"osm_id":"node/5311712753","kategori":"eczane","ad":"Sıracevizler Solgar Eczanesi"}},{"type":"Feature","geometry":{"type":"Point","coordinates":[29.0984967,40.9977406]},"properties":{"osm_id":"node/5312384443","kategori":"eczane","ad":null}},{"type":"Feature","geometry":{"type":"Point","coordinates":[29.1860705,40.8886982]},"properties":{"osm_id":"node/5314788250","kategori":"eczane","ad":"Lale Eczanesi"}},{"type":"Feature","geometry":{"type":"Point","coordinates":[29.1905106,40.8904268]},"properties":{"osm_id":"node/5314960598","kategori":"eczane","ad":"Ferda Eczanesi"}},{"type":"Feature","geometry":{"type":"Point","coordinates":[29.1900364,40.8903464]},"properties":{"osm_id":"node/5314964626","kategori":"eczane","ad":"Nurdan Eczanesi"}},{"type":"Feature","geometry":{"type":"Point","coordinates":[29.2718464,40.9555919]},"properties":{"osm_id":"node/5329311628","kategori":"eczane","ad":"Eczane Fatih"}},{"type":"Feature","geometry":{"type":"Point","coordinates":[29.2779643,40.9729087]},"properties":{"osm_id":"node/5329311636","kategori":"eczane","ad":"Eczane Deniz Hanım"}},{"type":"Feature","geometry":{"type":"Point","coordinates":[29.2738979,40.973193]},"properties":{"osm_id":"node/5329311642","kategori":"eczane","ad":"Hale Eczanesi"}},{"type":"Feature","geometry":{"type":"Point","coordinates":[29.2657065,40.9654555]},"properties":{"osm_id":"node/5329337422","kategori":"eczane","ad":"Ilkyaz pharmacy"}},{"type":"Feature","geometry":{"type":"Point","coordinates":[28.6816909,41.0284722]},"properties":{"osm_id":"node/5334376221","kategori":"eczane","ad":"Hacettepe Eczanesi"}},{"type":"Feature","geometry":{"type":"Point","coordinates":[28.6762323,41.024347]},"properties":{"osm_id":"node/5334376222","kategori":"eczane","ad":"Devran Eczanesi"}},{"type":"Feature","geometry":{"type":"Point","coordinates":[28.6649072,41.0230226]},"properties":{"osm_id":"node/5334376223","kategori":"eczane","ad":"Esenyurt Poyraz Eczanesi"}},{"type":"Feature","geometry":{"type":"Point","coordinates":[28.6783473,41.0335488]},"properties":{"osm_id":"node/5334376224","kategori":"eczane","ad":"Arya Eczanesi"}},{"type":"Feature","geometry":{"type":"Point","coordinates":[28.6768589,41.0336268]},"properties":{"osm_id":"node/5334376225","kategori":"eczane","ad":"Park Eczanesi"}},{"type":"Feature","geometry":{"type":"Point","coordinates":[28.6770404,41.0329873]},"properties":{"osm_id":"node/5334376226","kategori":"eczane","ad":"Sayın Eczanesi"}},{"type":"Feature","geometry":{"type":"Point","coordinates":[28.677626,41.0283]},"properties":{"osm_id":"node/5334376321","kategori":"eczane","ad":"Akın Eczanesi"}},{"type":"Feature","geometry":{"type":"Point","coordinates":[28.6771302,41.0270461]},"properties":{"osm_id":"node/5334376322","kategori":"eczane","ad":"Çiçek Eczanesi"}},{"type":"Feature","geometry":{"type":"Point","coordinates":[28.6766611,41.0267271]},"properties":{"osm_id":"node/5334376323","kategori":"eczane","ad":"Büşra Eczanesi"}},{"type":"Feature","geometry":{"type":"Point","coordinates":[28.6753409,41.0351553]},"properties":{"osm_id":"node/5334376324","kategori":"eczane","ad":"Yonca Eczanesi"}},{"type":"Feature","geometry":{"type":"Point","coordinates":[28.6749766,41.0213824]},"properties":{"osm_id":"node/5334376421","kategori":"eczane","ad":"Hayat Eczanesi"}},{"type":"Feature","geometry":{"type":"Point","coordinates":[28.674189,41.0214587]},"properties":{"osm_id":"node/5334376521","kategori":"eczane","ad":"Neşe Eczanesi"}},{"type":"Feature","geometry":{"type":"Point","coordinates":[28.6651004,41.0188985]},"properties":{"osm_id":"node/5334376621","kategori":"eczane","ad":"Ayşegül Eczanesi"}},{"type":"Feature","geometry":{"type":"Point","coordinates":[28.6651151,41.0185177]},"properties":{"osm_id":"node/5334376622","kategori":"eczane","ad":"Umut Eczanesi"}},{"type":"Feature","geometry":{"type":"Point","coordinates":[28.6770905,41.0346593]},"properties":{"osm_id":"node/5334376623","kategori":"eczane","ad":"Şam Eczanesi"}},{"type":"Feature","geometry":{"type":"Point","coordinates":[28.6767874,41.0328377]},"properties":{"osm_id":"node/5334376624","kategori":"eczane","ad":"Seçkin Eczanesi"}},{"type":"Feature","geometry":{"type":"Point","coordinates":[28.6348647,41.0227224]},"properties":{"osm_id":"node/5342043321","kategori":"eczane","ad":"Kristalşehir Rana Eczanesi"}},{"type":"Feature","geometry":{"type":"Point","coordinates":[28.6489692,41.0195075]},"properties":{"osm_id":"node/5342046925","kategori":"eczane","ad":"Mimoza Eczanesi"}},{"type":"Feature","geometry":{"type":"Point","coordinates":[28.649332,41.0189664]},"properties":{"osm_id":"node/5342046926","kategori":"eczane","ad":"Piri Reis Eczanesi"}},{"type":"Feature","geometry":{"type":"Point","coordinates":[28.656536,41.0048739]},"properties":{"osm_id":"node/5342046927","kategori":"eczane","ad":"Elma Eczanesi"}},{"type":"Feature","geometry":{"type":"Point","coordinates":[28.6566854,41.0041997]},"properties":{"osm_id":"node/5342046928","kategori":"eczane","ad":"Şentürk Eczanesi"}},{"type":"Feature","geometry":{"type":"Point","coordinates":[28.6341818,41.0253469]},"properties":{"osm_id":"node/5342071021","kategori":"eczane","ad":"Özçevik Eczanesi"}},{"type":"Feature","geometry":{"type":"Point","coordinates":[28.6566322,41.0078509]},"properties":{"osm_id":"node/5342071022","kategori":"eczane","ad":"Fatoş Eczanesi"}},{"type":"Feature","geometry":{"type":"Point","coordinates":[28.982702,41.0335069]},"properties":{"osm_id":"node/5394984821","kategori":"eczane","ad":"Özhan Eczanesi"}},{"type":"Feature","geometry":{"type":"Point","coordinates":[28.9855795,41.0440057]},"properties":{"osm_id":"node/5394984822","kategori":"eczane","ad":"Kamer Eczanesi"}},{"type":"Feature","geometry":{"type":"Point","coordinates":[28.985938,41.0472977]},"properties":{"osm_id":"node/5394984823","kategori":"eczane","ad":"Babil Eczanesi"}},{"type":"Feature","geometry":{"type":"Point","coordinates":[28.9841038,41.0379814]},"properties":{"osm_id":"node/5394984921","kategori":"eczane","ad":"Eylül Eczanesi"}},{"type":"Feature","geometry":{"type":"Point","coordinates":[29.1114977,40.9762734]},"properties":{"osm_id":"node/5438126808","kategori":"eczane","ad":"Canşifa Eczanesi"}},{"type":"Feature","geometry":{"type":"Point","coordinates":[28.9168724,41.0778484]},"properties":{"osm_id":"node/5455624626","kategori":"eczane","ad":"Yeditepe Eczanesi"}},{"type":"Feature","geometry":{"type":"Point","coordinates":[28.9107026,41.0724985]},"properties":{"osm_id":"node/5455624627","kategori":"eczane","ad":"Essenora Eczanesi"}},{"type":"Feature","geometry":{"type":"Point","coordinates":[28.9076596,41.0707173]},"properties":{"osm_id":"node/5455624628","kategori":"eczane","ad":"Kılıç Pharmacy"}},{"type":"Feature","geometry":{"type":"Point","coordinates":[28.9193021,41.0814549]},"properties":{"osm_id":"node/5455624629","kategori":"eczane","ad":"Özlem Eczanesi"}},{"type":"Feature","geometry":{"type":"Point","coordinates":[28.9194701,41.0806695]},"properties":{"osm_id":"node/5455624630","kategori":"eczane","ad":"Neşe Eczanesi"}},{"type":"Feature","geometry":{"type":"Point","coordinates":[28.9269674,41.0851838]},"properties":{"osm_id":"node/5455624631","kategori":"eczane","ad":"Akşemsettin Eczanesi"}},{"type":"Feature","geometry":{"type":"Point","coordinates":[28.8984502,41.087713]},"properties":{"osm_id":"node/5455624632","kategori":"eczane","ad":"Büyük Şifa Eczanesi"}},{"type":"Feature","geometry":{"type":"Point","coordinates":[28.8986229,41.0877033]},"properties":{"osm_id":"node/5455624633","kategori":"eczane","ad":"Emel Eczanesi"}},{"type":"Feature","geometry":{"type":"Point","coordinates":[28.8985357,41.0877154]},"properties":{"osm_id":"node/5455624634","kategori":"eczane","ad":"Sidar Eczanesi"}},{"type":"Feature","geometry":{"type":"Point","coordinates":[28.9167972,41.0772826]},"properties":{"osm_id":"node/5455624825","kategori":"eczane","ad":"Gülhan Eczanesi"}},{"type":"Feature","geometry":{"type":"Point","coordinates":[28.917129,41.0755732]},"properties":{"osm_id":"node/5455624826","kategori":"eczane","ad":"Pınar Eczanesi"}},{"type":"Feature","geometry":{"type":"Point","coordinates":[28.9274246,41.0848538]},"properties":{"osm_id":"node/5455624827","kategori":"eczane","ad":"Başak Eczanesi"}},{"type":"Feature","geometry":{"type":"Point","coordinates":[28.9071328,41.0693746]},"properties":{"osm_id":"node/5455646021","kategori":"eczane","ad":"İlhan Eczanesi"}},{"type":"Feature","geometry":{"type":"Point","coordinates":[28.8951905,41.1081857]},"properties":{"osm_id":"node/5456128673","kategori":"eczane","ad":"İlayda Eczanesi"}},{"type":"Feature","geometry":{"type":"Point","coordinates":[28.8965076,41.1057742]},"properties":{"osm_id":"node/5456128674","kategori":"eczane","ad":"Barış Eczanesi"}},{"type":"Feature","geometry":{"type":"Point","coordinates":[28.8977308,41.1027903]},"properties":{"osm_id":"node/5456129849","kategori":"eczane","ad":"İstanbul Eczanesi"}},{"type":"Feature","geometry":{"type":"Point","coordinates":[28.8980745,41.1029703]},"properties":{"osm_id":"node/5456129850","kategori":"eczane","ad":"Derman Eczanesi"}},{"type":"Feature","geometry":{"type":"Point","coordinates":[29.007311,41.0798595]},"properties":{"osm_id":"node/5483533024","kategori":"eczane","ad":"Yigit Eczane"}},{"type":"Feature","geometry":{"type":"Point","coordinates":[29.1931808,41.0220202]},"properties":{"osm_id":"node/5485110306","kategori":"eczane","ad":"Haluk Gültekin Eczanesi"}},{"type":"Feature","geometry":{"type":"Point","coordinates":[29.2786074,40.9846038]},"properties":{"osm_id":"node/5542887642","kategori":"eczane","ad":"Burcu Eczanesi"}},{"type":"Feature","geometry":{"type":"Point","coordinates":[29.2586856,40.9696509]},"properties":{"osm_id":"node/5542887643","kategori":"eczane","ad":"Eren Eczanesi"}},{"type":"Feature","geometry":{"type":"Point","coordinates":[29.2574292,40.9696325]},"properties":{"osm_id":"node/5542887645","kategori":"eczane","ad":"Nur pharmacy"}},{"type":"Feature","geometry":{"type":"Point","coordinates":[29.2583084,40.9693758]},"properties":{"osm_id":"node/5542887647","kategori":"eczane","ad":"Deniz pharmacy"}},{"type":"Feature","geometry":{"type":"Point","coordinates":[29.2606473,40.969392]},"properties":{"osm_id":"node/5542887652","kategori":"eczane","ad":"Özyiğit Plato eczane"}},{"type":"Feature","geometry":{"type":"Point","coordinates":[29.2800665,40.9664432]},"properties":{"osm_id":"node/5542887655","kategori":"eczane","ad":"Leyla Eczanesi"}},{"type":"Feature","geometry":{"type":"Point","coordinates":[29.2572114,40.9696873]},"properties":{"osm_id":"node/5542887656","kategori":"eczane","ad":"Şifa Eczanesi"}},{"type":"Feature","geometry":{"type":"Point","coordinates":[29.2793137,40.9644298]},"properties":{"osm_id":"node/5542887658","kategori":"eczane","ad":"Eczane Merkez Sinan"}},{"type":"Feature","geometry":{"type":"Point","coordinates":[29.2981855,40.9483903]},"properties":{"osm_id":"node/5542887664","kategori":"eczane","ad":"eczanefurkan"}},{"type":"Feature","geometry":{"type":"Point","coordinates":[29.2605829,40.9636887]},"properties":{"osm_id":"node/5542887666","kategori":"eczane","ad":"Merve eczane"}},{"type":"Feature","geometry":{"type":"Point","coordinates":[29.2535275,40.9678631]},"properties":{"osm_id":"node/5542887670","kategori":"eczane","ad":"Yeni burçin"}},{"type":"Feature","geometry":{"type":"Point","coordinates":[29.2873843,40.9402361]},"properties":{"osm_id":"node/5542887672","kategori":"eczane","ad":"Günaydın eczanesi"}},{"type":"Feature","geometry":{"type":"Point","coordinates":[29.2557549,40.9674154]},"properties":{"osm_id":"node/5542887673","kategori":"eczane","ad":"Derman eczane"}},{"type":"Feature","geometry":{"type":"Point","coordinates":[29.2582655,40.9612339]},"properties":{"osm_id":"node/5542887674","kategori":"eczane","ad":"Merve Eczanesi"}},{"type":"Feature","geometry":{"type":"Point","coordinates":[29.2557911,40.9603042]},"properties":{"osm_id":"node/5542887677","kategori":"eczane","ad":"Avrasya Eczanesi"}},{"type":"Feature","geometry":{"type":"Point","coordinates":[29.2499772,40.9659274]},"properties":{"osm_id":"node/5542887681","kategori":"eczane","ad":"Umut eczane"}},{"type":"Feature","geometry":{"type":"Point","coordinates":[29.2743802,40.9943543]},"properties":{"osm_id":"node/5542887682","kategori":"eczane","ad":"Yasemin Eczanesi"}},{"type":"Feature","geometry":{"type":"Point","coordinates":[29.2804313,40.9666377]},"properties":{"osm_id":"node/5542887686","kategori":"eczane","ad":"Turgutreis eczane"}},{"type":"Feature","geometry":{"type":"Point","coordinates":[29.2576003,40.9697242]},"properties":{"osm_id":"node/5542887690","kategori":"eczane","ad":"Misak pharmacy"}},{"type":"Feature","geometry":{"type":"Point","coordinates":[29.2492928,40.9680372]},"properties":{"osm_id":"node/5542887695","kategori":"eczane","ad":"Cansu eczane"}},{"type":"Feature","geometry":{"type":"Point","coordinates":[29.2611194,40.9670994]},"properties":{"osm_id":"node/5542887697","kategori":"eczane","ad":"Büşra eczane"}},{"type":"Feature","geometry":{"type":"Point","coordinates":[29.2557764,40.9671966]},"properties":{"osm_id":"node/5542887700","kategori":"eczane","ad":"Eczane Gökçe"}},{"type":"Feature","geometry":{"type":"Point","coordinates":[29.3101741,40.8415915]},"properties":{"osm_id":"node/5592628821","kategori":"eczane","ad":"Kardelen Eczanesi"}},{"type":"Feature","geometry":{"type":"Point","coordinates":[29.1846171,40.9004174]},"properties":{"osm_id":"node/5632936919","kategori":"eczane","ad":"Zeynepnur Eczanesi"}},{"type":"Feature","geometry":{"type":"Point","coordinates":[28.9101544,41.0091006]},"properties":{"osm_id":"node/5666801839","kategori":"eczane","ad":"EZCANE"}},{"type":"Feature","geometry":{"type":"Point","coordinates":[28.9101477,41.0092534]},"properties":{"osm_id":"node/5666801853","kategori":"eczane","ad":"seyitnizam ezcane"}},{"type":"Feature","geometry":{"type":"Point","coordinates":[28.9129003,41.0104469]},"properties":{"osm_id":"node/5666801858","kategori":"eczane","ad":"Selma Eczane"}},{"type":"Feature","geometry":{"type":"Point","coordinates":[28.9096634,41.0107863]},"properties":{"osm_id":"node/5666801885","kategori":"eczane","ad":"EZCANE"}},{"type":"Feature","geometry":{"type":"Point","coordinates":[28.9138318,41.0098581]},"properties":{"osm_id":"node/5666802322","kategori":"eczane","ad":"EZCANE"}},{"type":"Feature","geometry":{"type":"Point","coordinates":[28.9139511,41.0213175]},"properties":{"osm_id":"node/5667618632","kategori":"eczane","ad":"Davutpaşa Eczanesi"}},{"type":"Feature","geometry":{"type":"Point","coordinates":[28.9109267,41.0192795]},"properties":{"osm_id":"node/5667618641","kategori":"eczane","ad":"Kale Eczane"}},{"type":"Feature","geometry":{"type":"Point","coordinates":[28.9027192,41.0037154]},"properties":{"osm_id":"node/5667636234","kategori":"eczane","ad":"Eczane Batu"}},{"type":"Feature","geometry":{"type":"Point","coordinates":[28.9081599,41.007617]},"properties":{"osm_id":"node/5667636303","kategori":"eczane","ad":"Biren Eczanesi"}},{"type":"Feature","geometry":{"type":"Point","coordinates":[28.9015677,41.0001637]},"properties":{"osm_id":"node/5667636305","kategori":"eczane","ad":"Tırızoğlu Eczanesi"}},{"type":"Feature","geometry":{"type":"Point","coordinates":[28.9020597,41.005444]},"properties":{"osm_id":"node/5667638726","kategori":"eczane","ad":"Ezcane can"}},{"type":"Feature","geometry":{"type":"Point","coordinates":[28.9043383,41.0006254]},"properties":{"osm_id":"node/5667638765","kategori":"eczane","ad":"Uğur Eczanesi"}},{"type":"Feature","geometry":{"type":"Point","coordinates":[28.8962729,40.9970641]},"properties":{"osm_id":"node/5667638796","kategori":"eczane","ad":"Çırpıcı karadeniz eczanesi"}},{"type":"Feature","geometry":{"type":"Point","coordinates":[28.9157739,41.0001327]},"properties":{"osm_id":"node/5667640807","kategori":"eczane","ad":"BAHAR ECZANESİ"}},{"type":"Feature","geometry":{"type":"Point","coordinates":[28.8980434,40.9976772]},"properties":{"osm_id":"node/5667640814","kategori":"eczane","ad":"Zümrüt eczanesi"}},{"type":"Feature","geometry":{"type":"Point","coordinates":[28.9100209,40.9967336]},"properties":{"osm_id":"node/5667641542","kategori":"eczane","ad":"Çağlar Eczane"}},{"type":"Feature","geometry":{"type":"Point","coordinates":[28.9159196,41.0003586]},"properties":{"osm_id":"node/5667641581","kategori":"eczane","ad":null}},{"type":"Feature","geometry":{"type":"Point","coordinates":[28.9120534,40.99667]},"properties":{"osm_id":"node/5667641592","kategori":"eczane","ad":null}},{"type":"Feature","geometry":{"type":"Point","coordinates":[28.9110426,40.9990076]},"properties":{"osm_id":"node/5667641604","kategori":"eczane","ad":null}},{"type":"Feature","geometry":{"type":"Point","coordinates":[28.909909,40.9968885]},"properties":{"osm_id":"node/5667642081","kategori":"eczane","ad":"Eczane Yücel"}},{"type":"Feature","geometry":{"type":"Point","coordinates":[28.9119678,40.9966495]},"properties":{"osm_id":"node/5667642105","kategori":"eczane","ad":null}},{"type":"Feature","geometry":{"type":"Point","coordinates":[28.9127133,41.0001354]},"properties":{"osm_id":"node/5667642927","kategori":"eczane","ad":"MERCAN ECZANE"}},{"type":"Feature","geometry":{"type":"Point","coordinates":[28.9114717,40.9975401]},"properties":{"osm_id":"node/5667642959","kategori":"eczane","ad":"Çağrı Eczane"}},{"type":"Feature","geometry":{"type":"Point","coordinates":[28.9020603,40.9996833]},"properties":{"osm_id":"node/5667642994","kategori":"eczane","ad":"Üsküp Eczanesi"}},{"type":"Feature","geometry":{"type":"Point","coordinates":[28.9054307,40.9868033]},"properties":{"osm_id":"node/5667657772","kategori":"eczane","ad":"Zeynep Eczanesi"}},{"type":"Feature","geometry":{"type":"Point","coordinates":[28.8998696,40.9948993]},"properties":{"osm_id":"node/5667657790","kategori":"eczane","ad":"Faris eczanesi"}},{"type":"Feature","geometry":{"type":"Point","coordinates":[28.9055285,40.9868589]},"properties":{"osm_id":"node/5667658301","kategori":"eczane","ad":null}},{"type":"Feature","geometry":{"type":"Point","coordinates":[28.9028285,40.9961577]},"properties":{"osm_id":"node/5667658314","kategori":"eczane","ad":"Göktürk eczanesi"}},{"type":"Feature","geometry":{"type":"Point","coordinates":[28.89399,40.9919734]},"properties":{"osm_id":"node/5667658443","kategori":"eczane","ad":"Eczane Ece"}},{"type":"Feature","geometry":{"type":"Point","coordinates":[28.8969476,40.9935609]},"properties":{"osm_id":"node/5667658462","kategori":"eczane","ad":"ömür"}},{"type":"Feature","geometry":{"type":"Point","coordinates":[28.9044965,40.9900236]},"properties":{"osm_id":"node/5667659267","kategori":"eczane","ad":"Sultan"}},{"type":"Feature","geometry":{"type":"Point","coordinates":[28.895843,40.986454]},"properties":{"osm_id":"node/5667659696","kategori":"eczane","ad":"Rabia Eczanesi"}},{"type":"Feature","geometry":{"type":"Point","coordinates":[28.9055907,40.9868184]},"properties":{"osm_id":"node/5667660264","kategori":"eczane","ad":"Fidan"}},{"type":"Feature","geometry":{"type":"Point","coordinates":[28.9051718,40.9897029]},"properties":{"osm_id":"node/5667661122","kategori":"eczane","ad":"Derya Eczanesi"}},{"type":"Feature","geometry":{"type":"Point","coordinates":[28.9037503,40.9888834]},"properties":{"osm_id":"node/5667661204","kategori":"eczane","ad":"Deniz Eczanesi"}},{"type":"Feature","geometry":{"type":"Point","coordinates":[28.9041743,40.9858421]},"properties":{"osm_id":"node/5667661206","kategori":"eczane","ad":"İstasyon Eczanesi"}},{"type":"Feature","geometry":{"type":"Point","coordinates":[28.9041976,40.9867786]},"properties":{"osm_id":"node/5667661367","kategori":"eczane","ad":"Neşe Eczanesi"}},{"type":"Feature","geometry":{"type":"Point","coordinates":[28.9039874,40.9911501]},"properties":{"osm_id":"node/5667661757","kategori":"eczane","ad":"Yaşam Eczanesi"}},{"type":"Feature","geometry":{"type":"Point","coordinates":[28.9045002,40.991174]},"properties":{"osm_id":"node/5667661805","kategori":"eczane","ad":"Barlas Eczanesi"}},{"type":"Feature","geometry":{"type":"Point","coordinates":[28.9060954,40.9904924]},"properties":{"osm_id":"node/5667662127","kategori":"eczane","ad":"Yunus Emre"}},{"type":"Feature","geometry":{"type":"Point","coordinates":[28.9145941,40.9959149]},"properties":{"osm_id":"node/5667662159","kategori":"eczane","ad":"Hamidi Eczanesi"}},{"type":"Feature","geometry":{"type":"Point","coordinates":[28.9060114,40.9937212]},"properties":{"osm_id":"node/5667662169","kategori":"eczane","ad":"Adliye Eczanesi"}},{"type":"Feature","geometry":{"type":"Point","coordinates":[28.9062242,40.9905005]},"properties":{"osm_id":"node/5667662209","kategori":"eczane","ad":"Ece Yıldız Eczanesi"}},{"type":"Feature","geometry":{"type":"Point","coordinates":[28.8981974,40.9912513]},"properties":{"osm_id":"node/5667662212","kategori":"eczane","ad":"Atak Eczanesi"}},{"type":"Feature","geometry":{"type":"Point","coordinates":[28.8246178,41.0543753]},"properties":{"osm_id":"node/5667669011","kategori":"eczane","ad":"Şebnem Eczanesi"}},{"type":"Feature","geometry":{"type":"Point","coordinates":[28.8454002,41.047733]},"properties":{"osm_id":"node/5667670030","kategori":"eczane","ad":"Sezgin Eczanesi"}},{"type":"Feature","geometry":{"type":"Point","coordinates":[28.8529372,41.0595996]},"properties":{"osm_id":"node/5667672664","kategori":"eczane","ad":"Hakan Eczanesi"}},{"type":"Feature","geometry":{"type":"Point","coordinates":[28.8493374,41.0505825]},"properties":{"osm_id":"node/5667672672","kategori":"eczane","ad":null}},{"type":"Feature","geometry":{"type":"Point","coordinates":[28.8431085,41.0516709]},"properties":{"osm_id":"node/5667672719","kategori":"eczane","ad":"Aysun Eczanesi"}},{"type":"Feature","geometry":{"type":"Point","coordinates":[28.8485618,41.0543781]},"properties":{"osm_id":"node/5667673326","kategori":"eczane","ad":"Lokman Eczanesi"}},{"type":"Feature","geometry":{"type":"Point","coordinates":[28.8559847,41.0652125]},"properties":{"osm_id":"node/5667673337","kategori":"eczane","ad":"Enfa Eczanesi"}},{"type":"Feature","geometry":{"type":"Point","coordinates":[28.85286,41.0603851]},"properties":{"osm_id":"node/5667673346","kategori":"eczane","ad":"Yüzüncü Yıl Aslı Eczanesi"}},{"type":"Feature","geometry":{"type":"Point","coordinates":[28.8550118,41.0626742]},"properties":{"osm_id":"node/5667673354","kategori":"eczane","ad":"Yaşam"}},{"type":"Feature","geometry":{"type":"Point","coordinates":[28.8531173,41.0642643]},"properties":{"osm_id":"node/5667673539","kategori":"eczane","ad":"Demir Eczanesi"}},{"type":"Feature","geometry":{"type":"Point","coordinates":[28.8495178,41.0509615]},"properties":{"osm_id":"node/5667673542","kategori":"eczane","ad":"Gül eczane"}},{"type":"Feature","geometry":{"type":"Point","coordinates":[28.8485659,41.0542069]},"properties":{"osm_id":"node/5667673567","kategori":"eczane","ad":"Eczane Özler"}},{"type":"Feature","geometry":{"type":"Point","coordinates":[28.8422499,41.050489]},"properties":{"osm_id":"node/5667673995","kategori":"eczane","ad":"İkizler Eczanesi"}},{"type":"Feature","geometry":{"type":"Point","coordinates":[28.8547379,41.067987]},"properties":{"osm_id":"node/5667674014","kategori":"eczane","ad":"Tan"}},{"type":"Feature","geometry":{"type":"Point","coordinates":[28.8427817,41.0516709]},"properties":{"osm_id":"node/5667674519","kategori":"eczane","ad":null}},{"type":"Feature","geometry":{"type":"Point","coordinates":[28.835516,41.0538226]},"properties":{"osm_id":"node/5667674939","kategori":"eczane","ad":"Nilgün Eczanesi"}},{"type":"Feature","geometry":{"type":"Point","coordinates":[28.8312515,41.053068]},"properties":{"osm_id":"node/5667674974","kategori":"eczane","ad":"Çare Eczanesi"}},{"type":"Feature","geometry":{"type":"Point","coordinates":[28.8448165,41.0315169]},"properties":{"osm_id":"node/5667684449","kategori":"eczane","ad":"Gündoğdu eczanesi"}},{"type":"Feature","geometry":{"type":"Point","coordinates":[28.8456414,41.0253928]},"properties":{"osm_id":"node/5667684512","kategori":"eczane","ad":"Bağcılar sena eczanesi"}},{"type":"Feature","geometry":{"type":"Point","coordinates":[28.8440054,41.0253737]},"properties":{"osm_id":"node/5667686331","kategori":"eczane","ad":"Doğa eczane"}},{"type":"Feature","geometry":{"type":"Point","coordinates":[28.8441759,41.031556]},"properties":{"osm_id":"node/5667687551","kategori":"eczane","ad":"Hisar eczane"}},{"type":"Feature","geometry":{"type":"Point","coordinates":[28.8291904,41.0266727]},"properties":{"osm_id":"node/5667687579","kategori":"eczane","ad":"Pinar"}},{"type":"Feature","geometry":{"type":"Point","coordinates":[28.829295,41.0311856]},"properties":{"osm_id":"node/5667688673","kategori":"eczane","ad":"Eczane Hürriyet"}},{"type":"Feature","geometry":{"type":"Point","coordinates":[28.8439219,41.0314103]},"properties":{"osm_id":"node/5667688694","kategori":"eczane","ad":"Kirazlı metro eczanesi"}},{"type":"Feature","geometry":{"type":"Point","coordinates":[28.8464776,41.0306145]},"properties":{"osm_id":"node/5667688711","kategori":"eczane","ad":"Bağcılar derman eczanesi"}},{"type":"Feature","geometry":{"type":"Point","coordinates":[28.8405353,41.0305235]},"properties":{"osm_id":"node/5667689760","kategori":"eczane","ad":"Bahar Eczanesi"}},{"type":"Feature","geometry":{"type":"Point","coordinates":[28.8385931,41.0306942]},"properties":{"osm_id":"node/5667689762","kategori":"eczane","ad":"Vildan eczane"}},{"type":"Feature","geometry":{"type":"Point","coordinates":[28.8230091,41.019932]},"properties":{"osm_id":"node/5667689810","kategori":"eczane","ad":"Koridor"}},{"type":"Feature","geometry":{"type":"Point","coordinates":[28.8445814,41.0403539]},"properties":{"osm_id":"node/5667699712","kategori":"eczane","ad":"Murat"}},{"type":"Feature","geometry":{"type":"Point","coordinates":[28.8406269,41.0346321]},"properties":{"osm_id":"node/5667701611","kategori":"eczane","ad":"Eczane ipek"}},{"type":"Feature","geometry":{"type":"Point","coordinates":[28.8320611,41.0455277]},"properties":{"osm_id":"node/5667702765","kategori":"eczane","ad":"Sibel"}},{"type":"Feature","geometry":{"type":"Point","coordinates":[28.8476776,41.0431573]},"properties":{"osm_id":"node/5667705335","kategori":"eczane","ad":"Eczane Nurcan"}},{"type":"Feature","geometry":{"type":"Point","coordinates":[28.8489402,41.0323932]},"properties":{"osm_id":"node/5667719067","kategori":"eczane","ad":"Can eczanesi"}},{"type":"Feature","geometry":{"type":"Point","coordinates":[28.8550706,41.034711]},"properties":{"osm_id":"node/5667719071","kategori":"eczane","ad":"Eczane Özsoy"}},{"type":"Feature","geometry":{"type":"Point","coordinates":[28.8684252,41.037411]},"properties":{"osm_id":"node/5667723847","kategori":"eczane","ad":"Eczane İğde"}},{"type":"Feature","geometry":{"type":"Point","coordinates":[28.8555421,41.0327881]},"properties":{"osm_id":"node/5667723857","kategori":"eczane","ad":"Demirkök eczanesi"}},{"type":"Feature","geometry":{"type":"Point","coordinates":[28.8655177,41.0385177]},"properties":{"osm_id":"node/5667723860","kategori":"eczane","ad":"Eczane Vefa"}},{"type":"Feature","geometry":{"type":"Point","coordinates":[28.8576788,41.0426548]},"properties":{"osm_id":"node/5667723886","kategori":"eczane","ad":"Büyük Eczane"}},{"type":"Feature","geometry":{"type":"Point","coordinates":[28.8593362,41.0401259]},"properties":{"osm_id":"node/5667725823","kategori":"eczane","ad":"Çınar Eczanesi"}},{"type":"Feature","geometry":{"type":"Point","coordinates":[28.8600043,41.0354829]},"properties":{"osm_id":"node/5667725840","kategori":"eczane","ad":"Şifa Eczanesi"}},{"type":"Feature","geometry":{"type":"Point","coordinates":[28.8575941,41.0427878]},"properties":{"osm_id":"node/5667725845","kategori":"eczane","ad":"Eczane Yasemin"}},{"type":"Feature","geometry":{"type":"Point","coordinates":[28.8565747,41.0327015]},"properties":{"osm_id":"node/5667725886","kategori":"eczane","ad":"Arı eczanesi"}},{"type":"Feature","geometry":{"type":"Point","coordinates":[28.8620206,41.0400525]},"properties":{"osm_id":"node/5667727283","kategori":"eczane","ad":"Yeni Tabya"}},{"type":"Feature","geometry":{"type":"Point","coordinates":[28.8650687,41.0342333]},"properties":{"osm_id":"node/5667727284","kategori":"eczane","ad":"Torman"}},{"type":"Feature","geometry":{"type":"Point","coordinates":[28.8696816,41.0299886]},"properties":{"osm_id":"node/5667747301","kategori":"eczane","ad":"Bağcılar Merkez Eczanesi"}},{"type":"Feature","geometry":{"type":"Point","coordinates":[28.8502732,41.0313897]},"properties":{"osm_id":"node/5667747311","kategori":"eczane","ad":"Umut eczanesi"}},{"type":"Feature","geometry":{"type":"Point","coordinates":[28.8543065,41.0292051]},"properties":{"osm_id":"node/5667748014","kategori":"eczane","ad":"Faruk eczanesi"}},{"type":"Feature","geometry":{"type":"Point","coordinates":[28.858751,41.0200417]},"properties":{"osm_id":"node/5667748664","kategori":"eczane","ad":"Cansızoğlu Eczanesi"}},{"type":"Feature","geometry":{"type":"Point","coordinates":[28.9004318,41.0356741]},"properties":{"osm_id":"node/5713913041","kategori":"eczane","ad":"Şen Eczanesi"}},{"type":"Feature","geometry":{"type":"Point","coordinates":[28.9002707,41.0355229]},"properties":{"osm_id":"node/5713913051","kategori":"eczane","ad":"Nilgün Eczanesi"}},{"type":"Feature","geometry":{"type":"Point","coordinates":[28.9000955,41.0354793]},"properties":{"osm_id":"node/5713927829","kategori":"eczane","ad":"Yeni Altıntepsi Eczanesi"}},{"type":"Feature","geometry":{"type":"Point","coordinates":[28.8999262,41.0354317]},"properties":{"osm_id":"node/5713936556","kategori":"eczane","ad":"Karaca Eczanesi"}},{"type":"Feature","geometry":{"type":"Point","coordinates":[29.2691537,40.9665879]},"properties":{"osm_id":"node/5745196720","kategori":"eczane","ad":"Hayat Eczanesi"}},{"type":"Feature","geometry":{"type":"Point","coordinates":[29.1131911,40.9506064]},"properties":{"osm_id":"node/5805932753","kategori":"eczane","ad":null}},{"type":"Feature","geometry":{"type":"Point","coordinates":[28.9898908,41.0689751]},"properties":{"osm_id":"node/5849437785","kategori":"eczane","ad":"Merih Eczanesi"}},{"type":"Feature","geometry":{"type":"Point","coordinates":[29.3429289,40.8651277]},"properties":{"osm_id":"node/5900475038","kategori":"eczane","ad":"Anka Eczanesi"}},{"type":"Feature","geometry":{"type":"Point","coordinates":[29.329215,40.8705768]},"properties":{"osm_id":"node/5902116753","kategori":"eczane","ad":"Yeni Kerem Eczanesi"}},{"type":"Feature","geometry":{"type":"Point","coordinates":[29.0424813,41.0681623]},"properties":{"osm_id":"node/5909427885","kategori":"eczane","ad":"Zuhal Eczanesi"}},{"type":"Feature","geometry":{"type":"Point","coordinates":[28.8442008,41.0390978]},"properties":{"osm_id":"node/5916648289","kategori":"eczane","ad":"Yurdagül Eczanesi"}},{"type":"Feature","geometry":{"type":"Point","coordinates":[29.3227501,40.8691355]},"properties":{"osm_id":"node/5927836750","kategori":"eczane","ad":"Ünver Eczane"}},{"type":"Feature","geometry":{"type":"Point","coordinates":[28.6573627,40.9811126]},"properties":{"osm_id":"node/6014730085","kategori":"eczane","ad":"Deva Eczanesi"}},{"type":"Feature","geometry":{"type":"Point","coordinates":[28.6726151,40.9820101]},"properties":{"osm_id":"node/6014730086","kategori":"eczane","ad":"Fatih Eczanesi"}},{"type":"Feature","geometry":{"type":"Point","coordinates":[28.660046,40.9888925]},"properties":{"osm_id":"node/6014730087","kategori":"eczane","ad":"Utku Eczanesi"}},{"type":"Feature","geometry":{"type":"Point","coordinates":[28.6664426,40.9896133]},"properties":{"osm_id":"node/6014730088","kategori":"eczane","ad":"Gürel Eczanesi"}},{"type":"Feature","geometry":{"type":"Point","coordinates":[28.6573972,40.9818245]},"properties":{"osm_id":"node/6014730385","kategori":"eczane","ad":"Esma Yavuzkol Eczanesi"}},{"type":"Feature","geometry":{"type":"Point","coordinates":[28.6572712,40.9844536]},"properties":{"osm_id":"node/6014730386","kategori":"eczane","ad":"Yağız Eczanesi"}},{"type":"Feature","geometry":{"type":"Point","coordinates":[28.6650913,40.9802474]},"properties":{"osm_id":"node/6014730387","kategori":"eczane","ad":"Özşen Eczanesi"}},{"type":"Feature","geometry":{"type":"Point","coordinates":[28.6753331,40.9793651]},"properties":{"osm_id":"node/6014730388","kategori":"eczane","ad":"Marmara Eczanesi"}},{"type":"Feature","geometry":{"type":"Point","coordinates":[28.6396949,40.9816056]},"properties":{"osm_id":"node/6014730389","kategori":"eczane","ad":"Kavaklı Eczanesi"}},{"type":"Feature","geometry":{"type":"Point","coordinates":[28.6602433,40.9851171]},"properties":{"osm_id":"node/6014730885","kategori":"eczane","ad":"Akasya Eczanesi"}},{"type":"Feature","geometry":{"type":"Point","coordinates":[29.1097038,40.9670806]},"properties":{"osm_id":"node/6041578885","kategori":"eczane","ad":"Favori Eczanesi"}},{"type":"Feature","geometry":{"type":"Point","coordinates":[29.1041358,41.0172443]},"properties":{"osm_id":"node/6080230023","kategori":"eczane","ad":"Sema Eczanesi"}},{"type":"Feature","geometry":{"type":"Point","coordinates":[29.2086563,40.9137141]},"properties":{"osm_id":"node/6080290307","kategori":"eczane","ad":"Eczane Kartal Plus"}},{"type":"Feature","geometry":{"type":"Point","coordinates":[29.1094178,41.008682]},"properties":{"osm_id":"node/6080857725","kategori":"eczane","ad":null}},{"type":"Feature","geometry":{"type":"Point","coordinates":[29.021555,41.0259022]},"properties":{"osm_id":"node/6080919817","kategori":"eczane","ad":"Sevgi"}},{"type":"Feature","geometry":{"type":"Point","coordinates":[29.2245424,40.9182379]},"properties":{"osm_id":"node/6081007878","kategori":"eczane","ad":"Yakacık Eczanesi"}},{"type":"Feature","geometry":{"type":"Point","coordinates":[29.1969499,40.9168901]},"properties":{"osm_id":"node/6096600558","kategori":"eczane","ad":null}},{"type":"Feature","geometry":{"type":"Point","coordinates":[29.0957524,40.9869164]},"properties":{"osm_id":"node/6151763584","kategori":"eczane","ad":"Alpagut Eczanesi"}},{"type":"Feature","geometry":{"type":"Point","coordinates":[29.0775096,41.0008262]},"properties":{"osm_id":"node/6172085274","kategori":"eczane","ad":"Güzin Eczanesi"}},{"type":"Feature","geometry":{"type":"Point","coordinates":[28.7963118,40.990143]},"properties":{"osm_id":"node/6176013086","kategori":"eczane","ad":"Birlik Eczanesi"}},{"type":"Feature","geometry":{"type":"Point","coordinates":[28.7964081,40.9898458]},"properties":{"osm_id":"node/6176013185","kategori":"eczane","ad":"Şanlı Eczanesi"}},{"type":"Feature","geometry":{"type":"Point","coordinates":[28.798116,40.991077]},"properties":{"osm_id":"node/6176021686","kategori":"eczane","ad":"Güvenler Eczanesi"}},{"type":"Feature","geometry":{"type":"Point","coordinates":[28.7952454,40.9925318]},"properties":{"osm_id":"node/6176021687","kategori":"eczane","ad":"Beşyol Sağlar Eczanesi"}},{"type":"Feature","geometry":{"type":"Point","coordinates":[28.7911748,40.9949077]},"properties":{"osm_id":"node/6176021688","kategori":"eczane","ad":"Kudret Eczanesi"}},{"type":"Feature","geometry":{"type":"Point","coordinates":[28.7912513,40.9953763]},"properties":{"osm_id":"node/6176021689","kategori":"eczane","ad":"Yüksel Eczanesi"}},{"type":"Feature","geometry":{"type":"Point","coordinates":[28.7913364,40.9956625]},"properties":{"osm_id":"node/6176021690","kategori":"eczane","ad":"Altıner Eczanesi"}},{"type":"Feature","geometry":{"type":"Point","coordinates":[28.7918068,40.9965412]},"properties":{"osm_id":"node/6176025185","kategori":"eczane","ad":"Bağlar Eczanesi"}},{"type":"Feature","geometry":{"type":"Point","coordinates":[28.904069,41.0736565]},"properties":{"osm_id":"node/6176127328","kategori":"eczane","ad":"Doga Eczanesi"}},{"type":"Feature","geometry":{"type":"Point","coordinates":[29.027581,41.0233704]},"properties":{"osm_id":"node/6190252136","kategori":"eczane","ad":"Çomoğlu Eczanesi"}},{"type":"Feature","geometry":{"type":"Point","coordinates":[29.0281331,41.0235127]},"properties":{"osm_id":"node/6190252145","kategori":"eczane","ad":"Can Eczanesi"}},{"type":"Feature","geometry":{"type":"Point","coordinates":[29.2473531,40.8987834]},"properties":{"osm_id":"node/6191656423","kategori":"eczane","ad":"Eczane Umut"}},{"type":"Feature","geometry":{"type":"Point","coordinates":[29.0624366,40.9896407]},"properties":{"osm_id":"node/6191657555","kategori":"eczane","ad":"onikiler"}},{"type":"Feature","geometry":{"type":"Point","coordinates":[28.6805557,41.034025]},"properties":{"osm_id":"node/6221147286","kategori":"eczane","ad":"Özcan Eczanesi"}},{"type":"Feature","geometry":{"type":"Point","coordinates":[28.6792531,41.0354773]},"properties":{"osm_id":"node/6221147287","kategori":"eczane","ad":"Bilimer Eczanesi"}},{"type":"Feature","geometry":{"type":"Point","coordinates":[28.682441,41.0322283]},"properties":{"osm_id":"node/6221147288","kategori":"eczane","ad":"Ensar Eczanesi"}},{"type":"Feature","geometry":{"type":"Point","coordinates":[28.6851012,41.0335961]},"properties":{"osm_id":"node/6221172988","kategori":"eczane","ad":"İstanbul Güneş Eczanesi"}},{"type":"Feature","geometry":{"type":"Point","coordinates":[28.6815078,41.0352705]},"properties":{"osm_id":"node/6221178085","kategori":"eczane","ad":"Serhan Eczanesi"}},{"type":"Feature","geometry":{"type":"Point","coordinates":[28.6816546,41.0325846]},"properties":{"osm_id":"node/6221183985","kategori":"eczane","ad":"Oben Eczanesi"}},{"type":"Feature","geometry":{"type":"Point","coordinates":[28.68066,41.0312147]},"properties":{"osm_id":"node/6221183986","kategori":"eczane","ad":"Sarıoğlu Eczanesi"}},{"type":"Feature","geometry":{"type":"Point","coordinates":[28.679271,41.0306484]},"properties":{"osm_id":"node/6222248587","kategori":"eczane","ad":"Harman Eczanesi"}},{"type":"Feature","geometry":{"type":"Point","coordinates":[28.6791053,41.0311587]},"properties":{"osm_id":"node/6222248588","kategori":"eczane","ad":"Alpsu"}},{"type":"Feature","geometry":{"type":"Point","coordinates":[28.6781641,41.0392684]},"properties":{"osm_id":"node/6222248589","kategori":"eczane","ad":"Yenikent Eczanesi"}},{"type":"Feature","geometry":{"type":"Point","coordinates":[28.6776762,41.0387858]},"properties":{"osm_id":"node/6222248885","kategori":"eczane","ad":"Aras Eczanesi"}},{"type":"Feature","geometry":{"type":"Point","coordinates":[28.6759569,41.0391057]},"properties":{"osm_id":"node/6222248886","kategori":"eczane","ad":"Menek Eczanesi"}},{"type":"Feature","geometry":{"type":"Point","coordinates":[28.6726912,41.0411527]},"properties":{"osm_id":"node/6222248887","kategori":"eczane","ad":"Öner Eczanesi"}},{"type":"Feature","geometry":{"type":"Point","coordinates":[28.6708849,41.0404026]},"properties":{"osm_id":"node/6222248888","kategori":"eczane","ad":"Elgin Eczanesi"}},{"type":"Feature","geometry":{"type":"Point","coordinates":[28.6708252,41.0405937]},"properties":{"osm_id":"node/6222248985","kategori":"eczane","ad":"Evrensel Eczanesi"}},{"type":"Feature","geometry":{"type":"Point","coordinates":[29.0140136,41.1132238]},"properties":{"osm_id":"node/6227363189","kategori":"eczane","ad":"Mashatan"}},{"type":"Feature","geometry":{"type":"Point","coordinates":[29.0203796,41.1125515]},"properties":{"osm_id":"node/6227364186","kategori":"eczane","ad":"Neva Eczanesi"}},{"type":"Feature","geometry":{"type":"Point","coordinates":[29.0223497,41.1095392]},"properties":{"osm_id":"node/6227438886","kategori":"eczane","ad":"Ayça Eczanesi"}},{"type":"Feature","geometry":{"type":"Point","coordinates":[28.9122105,41.0834325]},"properties":{"osm_id":"node/6240981989","kategori":"eczane","ad":"Turgut Eczanesi"}},{"type":"Feature","geometry":{"type":"Point","coordinates":[28.9123814,41.0833597]},"properties":{"osm_id":"node/6240981990","kategori":"eczane","ad":"Tandoğan Eczanesi"}},{"type":"Feature","geometry":{"type":"Point","coordinates":[28.9139288,41.0821469]},"properties":{"osm_id":"node/6240981991","kategori":"eczane","ad":"Dilek Eczanesi"}},{"type":"Feature","geometry":{"type":"Point","coordinates":[28.9147017,41.0825467]},"properties":{"osm_id":"node/6240981992","kategori":"eczane","ad":"Şifa Eczanesi"}},{"type":"Feature","geometry":{"type":"Point","coordinates":[28.9125396,41.0804677]},"properties":{"osm_id":"node/6240981993","kategori":"eczane","ad":"Ihlamur Eczanesi"}},{"type":"Feature","geometry":{"type":"Point","coordinates":[28.9069736,41.0800639]},"properties":{"osm_id":"node/6240981994","kategori":"eczane","ad":"Alper Eczanesi"}},{"type":"Feature","geometry":{"type":"Point","coordinates":[28.9104173,41.0850708]},"properties":{"osm_id":"node/6240988285","kategori":"eczane","ad":"Aygan Eczanesi"}},{"type":"Feature","geometry":{"type":"Point","coordinates":[28.9122179,41.0855117]},"properties":{"osm_id":"node/6240988286","kategori":"eczane","ad":"Merve Eczanesi"}},{"type":"Feature","geometry":{"type":"Point","coordinates":[28.9125059,41.0857735]},"properties":{"osm_id":"node/6240988287","kategori":"eczane","ad":"Nehir Eczanesi"}},{"type":"Feature","geometry":{"type":"Point","coordinates":[28.9126326,41.0854674]},"properties":{"osm_id":"node/6240988288","kategori":"eczane","ad":"Mevlana Eczanesi"}},{"type":"Feature","geometry":{"type":"Point","coordinates":[28.9075402,41.0796556]},"properties":{"osm_id":"node/6240988289","kategori":"eczane","ad":"Eczanesi"}},{"type":"Feature","geometry":{"type":"Point","coordinates":[28.9223642,41.0880069]},"properties":{"osm_id":"node/6240988290","kategori":"eczane","ad":"Siteler Eczanesi"}},{"type":"Feature","geometry":{"type":"Point","coordinates":[28.9072727,41.0798002]},"properties":{"osm_id":"node/6240988385","kategori":"eczane","ad":"Hekimsuyu Eczanesi"}},{"type":"Feature","geometry":{"type":"Point","coordinates":[29.1014366,40.9579225]},"properties":{"osm_id":"node/6261603898","kategori":"eczane","ad":"Karakeçili Eczanesi"}},{"type":"Feature","geometry":{"type":"Point","coordinates":[29.1135638,40.9753694]},"properties":{"osm_id":"node/6264204903","kategori":"eczane","ad":"Umut Eczanesi"}},{"type":"Feature","geometry":{"type":"Point","coordinates":[28.7979395,41.003111]},"properties":{"osm_id":"node/6264639989","kategori":"eczane","ad":"Sefaköy Eczanesi"}},{"type":"Feature","geometry":{"type":"Point","coordinates":[28.9798783,41.0644856]},"properties":{"osm_id":"node/6276532486","kategori":"eczane","ad":null}},{"type":"Feature","geometry":{"type":"Point","coordinates":[28.835294,40.9918889]},"properties":{"osm_id":"node/6285863585","kategori":"eczane","ad":"Eczane Pozitif"}},{"type":"Feature","geometry":{"type":"Point","coordinates":[29.063555,40.9680095]},"properties":{"osm_id":"node/6290516695","kategori":"eczane","ad":"Füsun Eczanesi"}},{"type":"Feature","geometry":{"type":"Point","coordinates":[28.6216777,41.1559022]},"properties":{"osm_id":"node/6295972388","kategori":"eczane","ad":"Hadımköy Eczanesi"}},{"type":"Feature","geometry":{"type":"Point","coordinates":[28.6130539,41.1578395]},"properties":{"osm_id":"node/6295986485","kategori":"eczane","ad":"Soydan Eczanesi"}},{"type":"Feature","geometry":{"type":"Point","coordinates":[28.6238922,41.156335]},"properties":{"osm_id":"node/6295997585","kategori":"eczane","ad":"Şirin Eczanesi"}},{"type":"Feature","geometry":{"type":"Point","coordinates":[28.6243423,41.1565192]},"properties":{"osm_id":"node/6296005985","kategori":"eczane","ad":"Duygu Eczanesi"}},{"type":"Feature","geometry":{"type":"Point","coordinates":[28.8428863,40.9959287]},"properties":{"osm_id":"node/6296549186","kategori":"eczane","ad":"Filiz Eczanesi"}},{"type":"Feature","geometry":{"type":"Point","coordinates":[28.8428986,40.9964943]},"properties":{"osm_id":"node/6296549187","kategori":"eczane","ad":"Sibel Eczanesi"}},{"type":"Feature","geometry":{"type":"Point","coordinates":[28.8410298,40.9961305]},"properties":{"osm_id":"node/6296549188","kategori":"eczane","ad":"Güneş Eczanesi"}},{"type":"Feature","geometry":{"type":"Point","coordinates":[28.8433218,40.9922845]},"properties":{"osm_id":"node/6296549189","kategori":"eczane","ad":"Çetin Eczanesi"}},{"type":"Feature","geometry":{"type":"Point","coordinates":[28.845651,40.99448]},"properties":{"osm_id":"node/6296549190","kategori":"eczane","ad":"Sevda Eczanesi"}},{"type":"Feature","geometry":{"type":"Point","coordinates":[28.8427467,40.9941184]},"properties":{"osm_id":"node/6296564185","kategori":"eczane","ad":"Deniz Eczanesi"}},{"type":"Feature","geometry":{"type":"Point","coordinates":[28.8429687,40.9930264]},"properties":{"osm_id":"node/6296564186","kategori":"eczane","ad":"Sağlık Eczanesi"}},{"type":"Feature","geometry":{"type":"Point","coordinates":[28.8500119,40.9964946]},"properties":{"osm_id":"node/6296564187","kategori":"eczane","ad":"Damla Eczanesi"}},{"type":"Feature","geometry":{"type":"Point","coordinates":[29.2191667,40.8877385]},"properties":{"osm_id":"node/6315463692","kategori":"eczane","ad":"Yeşilbağlar Eczanesi"}},{"type":"Feature","geometry":{"type":"Point","coordinates":[29.2192392,40.8880224]},"properties":{"osm_id":"node/6315463697","kategori":"eczane","ad":"Murat Eczanesi"}},{"type":"Feature","geometry":{"type":"Point","coordinates":[29.051268,41.010087]},"properties":{"osm_id":"node/6319448489","kategori":"eczane","ad":"Eczane Dedem"}},{"type":"Feature","geometry":{"type":"Point","coordinates":[29.3031678,40.9182376]},"properties":{"osm_id":"node/6329060933","kategori":"eczane","ad":"Eczane Flora"}},{"type":"Feature","geometry":{"type":"Point","coordinates":[29.0772945,41.001376]},"properties":{"osm_id":"node/6330588360","kategori":"eczane","ad":"Nur Dilek Eczanesi"}},{"type":"Feature","geometry":{"type":"Point","coordinates":[29.6113664,41.1753517]},"properties":{"osm_id":"node/6345489658","kategori":"eczane","ad":"Gökkoyun Eczanesi"}},{"type":"Feature","geometry":{"type":"Point","coordinates":[28.7719415,41.0941157]},"properties":{"osm_id":"node/6357812398","kategori":"eczane","ad":"Hilal Eczanesi"}},{"type":"Feature","geometry":{"type":"Point","coordinates":[28.7674612,41.0982344]},"properties":{"osm_id":"node/6357841391","kategori":"eczane","ad":"Bahçetepe Eczanesi"}},{"type":"Feature","geometry":{"type":"Point","coordinates":[28.7682222,41.1014985]},"properties":{"osm_id":"node/6357841392","kategori":"eczane","ad":"Leal Eczanesi"}},{"type":"Feature","geometry":{"type":"Point","coordinates":[28.7616062,41.0994978]},"properties":{"osm_id":"node/6357841394","kategori":"eczane","ad":"Özen Eczanesi"}},{"type":"Feature","geometry":{"type":"Point","coordinates":[28.7616597,41.1009219]},"properties":{"osm_id":"node/6357841487","kategori":"eczane","ad":"Vişne Eczanesi"}},{"type":"Feature","geometry":{"type":"Point","coordinates":[28.7743741,41.0947522]},"properties":{"osm_id":"node/6357841699","kategori":"eczane","ad":"Medikule Eczanesi"}},{"type":"Feature","geometry":{"type":"Point","coordinates":[28.9047154,40.986631]},"properties":{"osm_id":"node/6364517994","kategori":"eczane","ad":"Akyol Eczane"}},{"type":"Feature","geometry":{"type":"Point","coordinates":[29.0227363,40.9900628]},"properties":{"osm_id":"node/6383807265","kategori":"eczane","ad":"İskele Huzur Eczanesi"}},{"type":"Feature","geometry":{"type":"Point","coordinates":[29.1917406,41.0178406]},"properties":{"osm_id":"node/6385015096","kategori":"eczane","ad":"Işık Eczanesi"}},{"type":"Feature","geometry":{"type":"Point","coordinates":[29.232653,40.8764197]},"properties":{"osm_id":"node/6386019822","kategori":"eczane","ad":"Sinan Eczanesi"}},{"type":"Feature","geometry":{"type":"Point","coordinates":[28.7052772,41.063607]},"properties":{"osm_id":"node/6399989682","kategori":"eczane","ad":"Bizim Evler Eczanesi"}},{"type":"Feature","geometry":{"type":"Point","coordinates":[29.2307783,40.8724695]},"properties":{"osm_id":"node/6403482752","kategori":"eczane","ad":"Batı Eczanesi"}},{"type":"Feature","geometry":{"type":"Point","coordinates":[28.4597534,41.1427457]},"properties":{"osm_id":"node/6440458856","kategori":"eczane","ad":"Vural Eczanesi"}},{"type":"Feature","geometry":{"type":"Point","coordinates":[29.3784918,40.9031982]},"properties":{"osm_id":"node/6462024457","kategori":"eczane","ad":"Alpim Eczanesi"}},{"type":"Feature","geometry":{"type":"Point","coordinates":[29.0738983,41.0791257]},"properties":{"osm_id":"node/6466314433","kategori":"eczane","ad":"Kaya Eczanesi"}},{"type":"Feature","geometry":{"type":"Point","coordinates":[29.2854205,40.9165054]},"properties":{"osm_id":"node/6478604377","kategori":"eczane","ad":"Büşra Eczanesi"}},{"type":"Feature","geometry":{"type":"Point","coordinates":[29.2511581,40.9069302]},"properties":{"osm_id":"node/6486034197","kategori":"eczane","ad":"Kaya Eczanesi"}},{"type":"Feature","geometry":{"type":"Point","coordinates":[29.322882,40.9306339]},"properties":{"osm_id":"node/6494472510","kategori":"eczane","ad":"Annem Eczanesi"}},{"type":"Feature","geometry":{"type":"Point","coordinates":[29.2349692,40.8782035]},"properties":{"osm_id":"node/6508582419","kategori":"eczane","ad":"Nihal Eczanesi"}},{"type":"Feature","geometry":{"type":"Point","coordinates":[29.2348409,40.8782777]},"properties":{"osm_id":"node/6508582451","kategori":"eczane","ad":"Yaşam Eczanesi"}},{"type":"Feature","geometry":{"type":"Point","coordinates":[29.2357781,40.878526]},"properties":{"osm_id":"node/6508582472","kategori":"eczane","ad":"Göktepe Eczanesi"}},{"type":"Feature","geometry":{"type":"Point","coordinates":[29.2360064,40.878608]},"properties":{"osm_id":"node/6508582485","kategori":"eczane","ad":"Damla Eczanesi"}},{"type":"Feature","geometry":{"type":"Point","coordinates":[29.2354141,40.878493]},"properties":{"osm_id":"node/6508582490","kategori":"eczane","ad":"İkizler Eczanesi"}},{"type":"Feature","geometry":{"type":"Point","coordinates":[29.2354619,40.8785157]},"properties":{"osm_id":"node/6508582491","kategori":"eczane","ad":null}},{"type":"Feature","geometry":{"type":"Point","coordinates":[29.2334531,40.8812337]},"properties":{"osm_id":"node/6508705999","kategori":"eczane","ad":"Halitbey Eczanesi"}},{"type":"Feature","geometry":{"type":"Point","coordinates":[29.2904482,40.9236539]},"properties":{"osm_id":"node/6518159858","kategori":"eczane","ad":"Hizmet Eczanesi"}},{"type":"Feature","geometry":{"type":"Point","coordinates":[29.2889942,40.9248081]},"properties":{"osm_id":"node/6518159860","kategori":"eczane","ad":"Polen Eczanesi"}},{"type":"Feature","geometry":{"type":"Point","coordinates":[29.0253335,40.9857311]},"properties":{"osm_id":"node/6525503129","kategori":"eczane","ad":"Moda Eczanesi"}},{"type":"Feature","geometry":{"type":"Point","coordinates":[28.7520487,41.0817758]},"properties":{"osm_id":"node/6532629185","kategori":"eczane","ad":"Tekin Eczanesi"}},{"type":"Feature","geometry":{"type":"Point","coordinates":[28.7514256,41.0805407]},"properties":{"osm_id":"node/6532629785","kategori":"eczane","ad":"Anıl Eczanesi"}},{"type":"Feature","geometry":{"type":"Point","coordinates":[28.831317,40.9859461]},"properties":{"osm_id":"node/6543138545","kategori":"eczane","ad":"Bakırköy Aroma Eczanesi"}},{"type":"Feature","geometry":{"type":"Point","coordinates":[29.3232336,40.9281702]},"properties":{"osm_id":"node/6598633074","kategori":"eczane","ad":"Eczane Seçkin"}},{"type":"Feature","geometry":{"type":"Point","coordinates":[28.8453878,41.0481595]},"properties":{"osm_id":"node/6606180505","kategori":"eczane","ad":"Taşçı"}},{"type":"Feature","geometry":{"type":"Point","coordinates":[28.845191,41.0482406]},"properties":{"osm_id":"node/6606180889","kategori":"eczane","ad":"Bilgin Eczanesi"}},{"type":"Feature","geometry":{"type":"Point","coordinates":[28.8448939,41.0484019]},"properties":{"osm_id":"node/6606201485","kategori":"eczane","ad":"Güleç Eczanesi"}},{"type":"Feature","geometry":{"type":"Point","coordinates":[29.0692129,40.8800024]},"properties":{"osm_id":"node/6640146046","kategori":"eczane","ad":"Burgazada Eczanesi"}},{"type":"Feature","geometry":{"type":"Point","coordinates":[29.0352311,40.9958875]},"properties":{"osm_id":"node/6669747707","kategori":"eczane","ad":"Yeni Umut"}},{"type":"Feature","geometry":{"type":"Point","coordinates":[29.0246211,41.0156658]},"properties":{"osm_id":"node/6673914122","kategori":"eczane","ad":"Zeynep Kamil Eczanesi"}},{"type":"Feature","geometry":{"type":"Point","coordinates":[29.0383526,41.0931751]},"properties":{"osm_id":"node/6677587086","kategori":"eczane","ad":"Fatih Eczanesi"}},{"type":"Feature","geometry":{"type":"Point","coordinates":[29.0370332,41.0819481]},"properties":{"osm_id":"node/6677592585","kategori":"eczane","ad":"Etiler Altuğ Eczanesi"}},{"type":"Feature","geometry":{"type":"Point","coordinates":[29.0383538,41.0841729]},"properties":{"osm_id":"node/6677606885","kategori":"eczane","ad":"Karacabey Eczanesi"}},{"type":"Feature","geometry":{"type":"Point","coordinates":[29.0372,41.092732]},"properties":{"osm_id":"node/6677672785","kategori":"eczane","ad":"Çağlayan Eczanesi"}},{"type":"Feature","geometry":{"type":"Point","coordinates":[29.0372988,41.0928701]},"properties":{"osm_id":"node/6677678585","kategori":"eczane","ad":"Çobanoğlu Eczanesi"}},{"type":"Feature","geometry":{"type":"Point","coordinates":[28.9824953,41.0816456]},"properties":{"osm_id":"node/6679604688","kategori":"eczane","ad":"Gözde Eczanesi"}},{"type":"Feature","geometry":{"type":"Point","coordinates":[28.9725766,41.0704334]},"properties":{"osm_id":"node/6679743587","kategori":"eczane","ad":"Seren Eczanesi"}},{"type":"Feature","geometry":{"type":"Point","coordinates":[28.7057741,40.9792068]},"properties":{"osm_id":"node/6680881885","kategori":"eczane","ad":"Seher Eczanesi"}},{"type":"Feature","geometry":{"type":"Point","coordinates":[28.7094704,40.9858905]},"properties":{"osm_id":"node/6680881887","kategori":"eczane","ad":"Can Eczanesi"}},{"type":"Feature","geometry":{"type":"Point","coordinates":[28.7095079,40.9877178]},"properties":{"osm_id":"node/6680881888","kategori":"eczane","ad":"Eczane Işılay"}},{"type":"Feature","geometry":{"type":"Point","coordinates":[28.7115064,40.9883621]},"properties":{"osm_id":"node/6680881889","kategori":"eczane","ad":"Aysel Eczanesi"}},{"type":"Feature","geometry":{"type":"Point","coordinates":[28.7054835,40.9791867]},"properties":{"osm_id":"node/6680881985","kategori":"eczane","ad":"Gülistan Eczanesi"}},{"type":"Feature","geometry":{"type":"Point","coordinates":[28.7194842,40.9833438]},"properties":{"osm_id":"node/6680881986","kategori":"eczane","ad":"Sevim Eczanesi"}},{"type":"Feature","geometry":{"type":"Point","coordinates":[28.7066206,40.9797098]},"properties":{"osm_id":"node/6680882685","kategori":"eczane","ad":"Sönmez Eczanesi"}},{"type":"Feature","geometry":{"type":"Point","coordinates":[28.7212985,40.9810579]},"properties":{"osm_id":"node/6680882688","kategori":"eczane","ad":"Eren Eczanesi"}},{"type":"Feature","geometry":{"type":"Point","coordinates":[28.7122095,40.9880405]},"properties":{"osm_id":"node/6680888185","kategori":"eczane","ad":"Derman Eczanesi"}},{"type":"Feature","geometry":{"type":"Point","coordinates":[28.7141131,40.9863909]},"properties":{"osm_id":"node/6680890085","kategori":"eczane","ad":"Balkan Eczanesi"}},{"type":"Feature","geometry":{"type":"Point","coordinates":[28.7182657,40.9834198]},"properties":{"osm_id":"node/6680890785","kategori":"eczane","ad":"Yurdakul Eczanesi"}},{"type":"Feature","geometry":{"type":"Point","coordinates":[28.7211228,40.9820115]},"properties":{"osm_id":"node/6680890786","kategori":"eczane","ad":"Yıldız Avcılar Eczanesi"}},{"type":"Feature","geometry":{"type":"Point","coordinates":[28.7207482,40.9810141]},"properties":{"osm_id":"node/6680890787","kategori":"eczane","ad":"Nur Eczanesi"}},{"type":"Feature","geometry":{"type":"Point","coordinates":[28.7209902,40.9809826]},"properties":{"osm_id":"node/6680890788","kategori":"eczane","ad":"Ümit Eczanesi"}},{"type":"Feature","geometry":{"type":"Point","coordinates":[29.042706,40.9840426]},"properties":{"osm_id":"node/6690289899","kategori":"eczane","ad":"İpek Eczanesi"}},{"type":"Feature","geometry":{"type":"Point","coordinates":[29.0572341,40.9753284]},"properties":{"osm_id":"node/6696425795","kategori":"eczane","ad":"Çiftehavuzlar Eczanesi"}},{"type":"Feature","geometry":{"type":"Point","coordinates":[29.0581225,40.9755893]},"properties":{"osm_id":"node/6696425796","kategori":"eczane","ad":"Tepegöz Eczanesi"}},{"type":"Feature","geometry":{"type":"Point","coordinates":[29.0559302,40.9744628]},"properties":{"osm_id":"node/6696425817","kategori":"eczane","ad":"Lagün Eczanesi"}},{"type":"Feature","geometry":{"type":"Point","coordinates":[29.0679399,40.9666509]},"properties":{"osm_id":"node/6696493237","kategori":"eczane","ad":"Meltem Eczanesi"}},{"type":"Feature","geometry":{"type":"Point","coordinates":[29.2441448,40.8836693]},"properties":{"osm_id":"node/6707182388","kategori":"eczane","ad":"Akdeniz Eczanesi"}},{"type":"Feature","geometry":{"type":"Point","coordinates":[29.0503558,40.9829948]},"properties":{"osm_id":"node/6721708826","kategori":"eczane","ad":"Melike Eczanesi"}},{"type":"Feature","geometry":{"type":"Point","coordinates":[29.0528988,40.9831337]},"properties":{"osm_id":"node/6721708830","kategori":"eczane","ad":"Ozan"}},{"type":"Feature","geometry":{"type":"Point","coordinates":[29.0529598,40.9833606]},"properties":{"osm_id":"node/6721708831","kategori":"eczane","ad":"Berk"}},{"type":"Feature","geometry":{"type":"Point","coordinates":[29.0563405,40.9904158]},"properties":{"osm_id":"node/6741982664","kategori":"eczane","ad":"Fikirtepe Ihlamur Eczanesi"}},{"type":"Feature","geometry":{"type":"Point","coordinates":[29.056263,40.9962548]},"properties":{"osm_id":"node/6745258761","kategori":"eczane","ad":"Elizya Eczanesi"}},{"type":"Feature","geometry":{"type":"Point","coordinates":[29.0667597,40.9808041]},"properties":{"osm_id":"node/6747078661","kategori":"eczane","ad":"Göztepe Soylu Eczanesi"}},{"type":"Feature","geometry":{"type":"Point","coordinates":[29.0674803,40.9807265]},"properties":{"osm_id":"node/6747078662","kategori":"eczane","ad":"Pelikan Eczanesi"}},{"type":"Feature","geometry":{"type":"Point","coordinates":[28.8997438,41.0193096]},"properties":{"osm_id":"node/6749940281","kategori":"eczane","ad":"Cömertkent Eczanesi"}},{"type":"Feature","geometry":{"type":"Point","coordinates":[28.8107108,41.039978]},"properties":{"osm_id":"node/6750580276","kategori":"eczane","ad":"Eczane Nurol Park"}},{"type":"Feature","geometry":{"type":"Point","coordinates":[28.8962269,41.0156222]},"properties":{"osm_id":"node/6752791269","kategori":"eczane","ad":"Uhud Eczanesi"}},{"type":"Feature","geometry":{"type":"Point","coordinates":[28.8966799,41.0158251]},"properties":{"osm_id":"node/6752791270","kategori":"eczane","ad":"Turan Eczanesi"}},{"type":"Feature","geometry":{"type":"Point","coordinates":[28.8965667,41.0156035]},"properties":{"osm_id":"node/6752791272","kategori":"eczane","ad":"Başak Eczanesi"}},{"type":"Feature","geometry":{"type":"Point","coordinates":[28.8964216,41.0154886]},"properties":{"osm_id":"node/6752791273","kategori":"eczane","ad":"Modern Eczane"}},{"type":"Feature","geometry":{"type":"Point","coordinates":[28.8964287,41.0154566]},"properties":{"osm_id":"node/6752791274","kategori":"eczane","ad":"Yaşam Eczanesi"}},{"type":"Feature","geometry":{"type":"Point","coordinates":[28.8914186,41.0148393]},"properties":{"osm_id":"node/6753065616","kategori":"eczane","ad":"Deniz Eczanesi"}},{"type":"Feature","geometry":{"type":"Point","coordinates":[28.7692683,41.107059]},"properties":{"osm_id":"node/6761172901","kategori":"eczane","ad":"Kayaşehir Eczanesi"}},{"type":"Feature","geometry":{"type":"Point","coordinates":[28.6951657,41.0755976]},"properties":{"osm_id":"node/6761187827","kategori":"eczane","ad":"Berrin Eczanesi"}},{"type":"Feature","geometry":{"type":"Point","coordinates":[28.6941126,41.0777979]},"properties":{"osm_id":"node/6761187996","kategori":"eczane","ad":"Vaditepe Eczanesi"}},{"type":"Feature","geometry":{"type":"Point","coordinates":[28.6938086,41.0726743]},"properties":{"osm_id":"node/6761187998","kategori":"eczane","ad":"Damla Eczanesi"}},{"type":"Feature","geometry":{"type":"Point","coordinates":[28.6894698,41.0723362]},"properties":{"osm_id":"node/6761187999","kategori":"eczane","ad":"Neval Biricik Eczanesi"}},{"type":"Feature","geometry":{"type":"Point","coordinates":[28.6821205,41.0727491]},"properties":{"osm_id":"node/6761188000","kategori":"eczane","ad":"Şelale Eczanesi"}},{"type":"Feature","geometry":{"type":"Point","coordinates":[28.6807442,41.0725553]},"properties":{"osm_id":"node/6761188001","kategori":"eczane","ad":"Şu Eczanesi"}},{"type":"Feature","geometry":{"type":"Point","coordinates":[28.6875225,41.0705869]},"properties":{"osm_id":"node/6761188186","kategori":"eczane","ad":"Loca Eczanesi"}},{"type":"Feature","geometry":{"type":"Point","coordinates":[28.6838324,41.0816371]},"properties":{"osm_id":"node/6761188187","kategori":"eczane","ad":"Han Eczanesi"}},{"type":"Feature","geometry":{"type":"Point","coordinates":[28.6660492,41.0703793]},"properties":{"osm_id":"node/6761188188","kategori":"eczane","ad":"Boğazköy Eczanesi"}},{"type":"Feature","geometry":{"type":"Point","coordinates":[28.6657084,41.0727897]},"properties":{"osm_id":"node/6761193089","kategori":"eczane","ad":"Yıldız Eczanesi"}},{"type":"Feature","geometry":{"type":"Point","coordinates":[28.6587837,41.0663877]},"properties":{"osm_id":"node/6761214386","kategori":"eczane","ad":"Kent Eczanesi"}},{"type":"Feature","geometry":{"type":"Point","coordinates":[28.7958148,40.9851526]},"properties":{"osm_id":"node/6761862449","kategori":"eczane","ad":"Ekşinar Eczanesi"}},{"type":"Feature","geometry":{"type":"Point","coordinates":[29.1545001,40.9482251]},"properties":{"osm_id":"node/6763738206","kategori":"eczane","ad":"Ihlamur Eczanesi"}},{"type":"Feature","geometry":{"type":"Point","coordinates":[29.1688205,40.9306958]},"properties":{"osm_id":"node/6763824486","kategori":"eczane","ad":"Fidan Eczanesi"}},{"type":"Feature","geometry":{"type":"Point","coordinates":[29.1677469,40.9264812]},"properties":{"osm_id":"node/6763837786","kategori":"eczane","ad":"Emre Eczanesi"}},{"type":"Feature","geometry":{"type":"Point","coordinates":[29.1635048,40.9113609]},"properties":{"osm_id":"node/6763837788","kategori":"eczane","ad":"Doğu Eczanesi"}},{"type":"Feature","geometry":{"type":"Point","coordinates":[29.1637972,40.9115309]},"properties":{"osm_id":"node/6763850085","kategori":"eczane","ad":"Anadolu Eczanesi"}},{"type":"Feature","geometry":{"type":"Point","coordinates":[29.1602159,40.9126388]},"properties":{"osm_id":"node/6763854485","kategori":"eczane","ad":"Mahinur Eczanesi"}},{"type":"Feature","geometry":{"type":"Point","coordinates":[28.8075364,41.0634332]},"properties":{"osm_id":"node/6766376339","kategori":"eczane","ad":"Eczane Mall of Istanbul"}},{"type":"Feature","geometry":{"type":"Point","coordinates":[29.3019592,40.8472988]},"properties":{"osm_id":"node/6767608072","kategori":"eczane","ad":"Gül"}},{"type":"Feature","geometry":{"type":"Point","coordinates":[29.3010917,40.8461179]},"properties":{"osm_id":"node/6767651304","kategori":"eczane","ad":"Nil Eczanesi"}},{"type":"Feature","geometry":{"type":"Point","coordinates":[29.3012198,40.8461394]},"properties":{"osm_id":"node/6767651305","kategori":"eczane","ad":"Mahbube Eczanesi"}},{"type":"Feature","geometry":{"type":"Point","coordinates":[29.301293,40.8461394]},"properties":{"osm_id":"node/6767651306","kategori":"eczane","ad":"Çınar Eczanesi"}},{"type":"Feature","geometry":{"type":"Point","coordinates":[29.11824,40.941373]},"properties":{"osm_id":"node/6768997404","kategori":"eczane","ad":"İnci Eczanesi"}},{"type":"Feature","geometry":{"type":"Point","coordinates":[29.1179267,40.9437299]},"properties":{"osm_id":"node/6768997410","kategori":"eczane","ad":"Ors Eczanesi"}},{"type":"Feature","geometry":{"type":"Point","coordinates":[29.1276239,40.9344392]},"properties":{"osm_id":"node/6775518691","kategori":"eczane","ad":"Örmeci"}},{"type":"Feature","geometry":{"type":"Point","coordinates":[28.8912268,41.0631992]},"properties":{"osm_id":"node/6796722202","kategori":"eczane","ad":"Eczane Mostar"}},{"type":"Feature","geometry":{"type":"Point","coordinates":[29.1459793,40.9172645]},"properties":{"osm_id":"node/6800033954","kategori":"eczane","ad":"Marin"}},{"type":"Feature","geometry":{"type":"Point","coordinates":[29.1457943,40.9171155]},"properties":{"osm_id":"node/6800033955","kategori":"eczane","ad":"Nefes"}},{"type":"Feature","geometry":{"type":"Point","coordinates":[29.1459955,40.9169619]},"properties":{"osm_id":"node/6800033956","kategori":"eczane","ad":"Ceviz"}},{"type":"Feature","geometry":{"type":"Point","coordinates":[29.1446986,40.9173189]},"properties":{"osm_id":"node/6800033961","kategori":"eczane","ad":"Seren Eczanesi"}},{"type":"Feature","geometry":{"type":"Point","coordinates":[29.2908181,40.9232706]},"properties":{"osm_id":"node/6805726906","kategori":"eczane","ad":"Çamlık Eczanesi"}},{"type":"Feature","geometry":{"type":"Point","coordinates":[29.2623568,41.0412109]},"properties":{"osm_id":"node/6830635913","kategori":"eczane","ad":"Nişantepe Eczanesi"}},{"type":"Feature","geometry":{"type":"Point","coordinates":[29.0417701,41.0104474]},"properties":{"osm_id":"node/6859290962","kategori":"eczane","ad":"Mega"}},{"type":"Feature","geometry":{"type":"Point","coordinates":[29.0449995,41.0034656]},"properties":{"osm_id":"node/6861139221","kategori":"eczane","ad":"Vera"}},{"type":"Feature","geometry":{"type":"Point","coordinates":[29.0513749,41.0064532]},"properties":{"osm_id":"node/6861167474","kategori":"eczane","ad":"Acıbadem Selma"}},{"type":"Feature","geometry":{"type":"Point","coordinates":[29.0544643,41.0135614]},"properties":{"osm_id":"node/6862883241","kategori":"eczane","ad":"Acibadem Demet"}},{"type":"Feature","geometry":{"type":"Point","coordinates":[29.0537372,41.0149731]},"properties":{"osm_id":"node/6862883242","kategori":"eczane","ad":"Petunya"}},{"type":"Feature","geometry":{"type":"Point","coordinates":[28.9869458,41.1057927]},"properties":{"osm_id":"node/6866244085","kategori":"eczane","ad":"Vadistanbul Eczanesi"}},{"type":"Feature","geometry":{"type":"Point","coordinates":[29.0316938,41.0172645]},"properties":{"osm_id":"node/6870965234","kategori":"eczane","ad":"Barbaros"}},{"type":"Feature","geometry":{"type":"Point","coordinates":[29.0257269,41.0164864]},"properties":{"osm_id":"node/6872603067","kategori":"eczane","ad":"Babacan"}},{"type":"Feature","geometry":{"type":"Point","coordinates":[29.0117242,41.0233083]},"properties":{"osm_id":"node/6872685622","kategori":"eczane","ad":"Tevfik Remzi"}},{"type":"Feature","geometry":{"type":"Point","coordinates":[29.0118126,41.0234284]},"properties":{"osm_id":"node/6872685623","kategori":"eczane","ad":"Sağlık"}},{"type":"Feature","geometry":{"type":"Point","coordinates":[28.7887676,41.1091631]},"properties":{"osm_id":"node/6874291257","kategori":"eczane","ad":"Olimpa Eczanesi"}},{"type":"Feature","geometry":{"type":"Point","coordinates":[28.7855184,41.112446]},"properties":{"osm_id":"node/6875893188","kategori":"eczane","ad":"Vadiyaka Eczanesi"}},{"type":"Feature","geometry":{"type":"Point","coordinates":[28.7897656,41.1078353]},"properties":{"osm_id":"node/6875970523","kategori":"eczane","ad":"Mavera Başakşehir Eczanesi"}},{"type":"Feature","geometry":{"type":"Point","coordinates":[28.7846917,41.107229]},"properties":{"osm_id":"node/6876048193","kategori":"eczane","ad":"İkinci Etap Eczanesi"}},{"type":"Feature","geometry":{"type":"Point","coordinates":[28.7902128,41.0999951]},"properties":{"osm_id":"node/6876423994","kategori":"eczane","ad":"Şifa Eczanesi"}},{"type":"Feature","geometry":{"type":"Point","coordinates":[28.7866561,41.102052]},"properties":{"osm_id":"node/6881230554","kategori":"eczane","ad":"Arterium Eczanesi"}},{"type":"Feature","geometry":{"type":"Point","coordinates":[29.0891488,41.1354199]},"properties":{"osm_id":"node/6903741071","kategori":"eczane","ad":"Beykoz Eczanesi"}},{"type":"Feature","geometry":{"type":"Point","coordinates":[29.0907186,41.134731]},"properties":{"osm_id":"node/6903760485","kategori":"eczane","ad":"Olgun Eczanesi"}},{"type":"Feature","geometry":{"type":"Point","coordinates":[29.0914616,41.1347432]},"properties":{"osm_id":"node/6906966024","kategori":"eczane","ad":"Yalı Eczanesi"}},{"type":"Feature","geometry":{"type":"Point","coordinates":[29.1727524,40.9075907]},"properties":{"osm_id":"node/6914501088","kategori":"eczane","ad":"Aslı Eczanesi"}},{"type":"Feature","geometry":{"type":"Point","coordinates":[29.0909399,40.9892073]},"properties":{"osm_id":"node/6924823193","kategori":"eczane","ad":"Can Eczanesi"}},{"type":"Feature","geometry":{"type":"Point","coordinates":[28.7581699,41.1082544]},"properties":{"osm_id":"node/6937294312","kategori":"eczane","ad":"Defne Eczanesi"}},{"type":"Feature","geometry":{"type":"Point","coordinates":[29.1442332,40.9873846]},"properties":{"osm_id":"node/6961262374","kategori":"eczane","ad":"Botanik Eczanesi"}},{"type":"Feature","geometry":{"type":"Point","coordinates":[28.5833508,41.0213742]},"properties":{"osm_id":"node/6961657762","kategori":"eczane","ad":"Funda Eczanesi"}},{"type":"Feature","geometry":{"type":"Point","coordinates":[28.8901823,41.0144623]},"properties":{"osm_id":"node/6964055002","kategori":"eczane","ad":"Semt Eczanesi"}},{"type":"Feature","geometry":{"type":"Point","coordinates":[28.803261,41.1066269]},"properties":{"osm_id":"node/6965465578","kategori":"eczane","ad":"Metrokent Eczanesi"}},{"type":"Feature","geometry":{"type":"Point","coordinates":[29.0214497,41.0762311]},"properties":{"osm_id":"node/6966349321","kategori":"eczane","ad":null}},{"type":"Feature","geometry":{"type":"Point","coordinates":[28.780741,41.1315915]},"properties":{"osm_id":"node/6970815018","kategori":"eczane","ad":"Lokman Eczanesi"}},{"type":"Feature","geometry":{"type":"Point","coordinates":[28.7800536,41.1315214]},"properties":{"osm_id":"node/6970815019","kategori":"eczane","ad":"Papatya Eczanesi"}},{"type":"Feature","geometry":{"type":"Point","coordinates":[28.9031299,41.0645895]},"properties":{"osm_id":"node/6975869285","kategori":"eczane","ad":"Emre Eczanesi"}},{"type":"Feature","geometry":{"type":"Point","coordinates":[28.9049274,41.0717402]},"properties":{"osm_id":"node/6975872402","kategori":"eczane","ad":"Cemre Eczanesi"}},{"type":"Feature","geometry":{"type":"Point","coordinates":[28.8996901,41.0689731]},"properties":{"osm_id":"node/6975872798","kategori":"eczane","ad":"Kerem Eczanesi"}},{"type":"Feature","geometry":{"type":"Point","coordinates":[28.9045507,41.0716851]},"properties":{"osm_id":"node/6975873108","kategori":"eczane","ad":"Oğuz Eczanesi"}},{"type":"Feature","geometry":{"type":"Point","coordinates":[28.7891716,41.0994898]},"properties":{"osm_id":"node/6976189714","kategori":"eczane","ad":"Funda Eczanesi"}},{"type":"Feature","geometry":{"type":"Point","coordinates":[29.1073509,41.0077092]},"properties":{"osm_id":"node/7017425169","kategori":"eczane","ad":"Soydan"}},{"type":"Feature","geometry":{"type":"Point","coordinates":[29.107817,40.9849911]},"properties":{"osm_id":"node/7047093875","kategori":"eczane","ad":"En Elegance Eczanesi"}},{"type":"Feature","geometry":{"type":"Point","coordinates":[28.9701723,41.0138432]},"properties":{"osm_id":"node/7054588287","kategori":"eczane","ad":null}},{"type":"Feature","geometry":{"type":"Point","coordinates":[29.0744351,41.0107391]},"properties":{"osm_id":"node/7138855301","kategori":"eczane","ad":"Libadiye Eczanesi"}},{"type":"Feature","geometry":{"type":"Point","coordinates":[29.0840939,41.0242589]},"properties":{"osm_id":"node/7147949169","kategori":"eczane","ad":"Kaycı Eczanesi"}},{"type":"Feature","geometry":{"type":"Point","coordinates":[29.0823657,41.0241244]},"properties":{"osm_id":"node/7153690156","kategori":"eczane","ad":"Vanilya"}},{"type":"Feature","geometry":{"type":"Point","coordinates":[28.6889541,41.0555864]},"properties":{"osm_id":"node/7167508466","kategori":"eczane","ad":null}},{"type":"Feature","geometry":{"type":"Point","coordinates":[29.0089177,41.069089]},"properties":{"osm_id":"node/7189793469","kategori":"eczane","ad":"Duru Parlak Eczanesi"}},{"type":"Feature","geometry":{"type":"Point","coordinates":[28.9036081,41.041813]},"properties":{"osm_id":"node/7284280779","kategori":"eczane","ad":"Yeni Derman Eczanesi"}},{"type":"Feature","geometry":{"type":"Point","coordinates":[29.0553349,41.1147887]},"properties":{"osm_id":"node/7502301908","kategori":"eczane","ad":"Merkez Eczane"}},{"type":"Feature","geometry":{"type":"Point","coordinates":[29.0891174,40.9782858]},"properties":{"osm_id":"node/7522913235","kategori":"eczane","ad":"Elif Eczanesi"}},{"type":"Feature","geometry":{"type":"Point","coordinates":[29.0879875,40.9813678]},"properties":{"osm_id":"node/7523991946","kategori":"eczane","ad":"Ceren Eczanesi"}},{"type":"Feature","geometry":{"type":"Point","coordinates":[29.065649,41.118029]},"properties":{"osm_id":"node/7527259435","kategori":"eczane","ad":"Funda Eczanesi"}},{"type":"Feature","geometry":{"type":"Point","coordinates":[29.0564755,41.0896726]},"properties":{"osm_id":"node/7532967678","kategori":"eczane","ad":"Yalı Eczanesi"}},{"type":"Feature","geometry":{"type":"Point","coordinates":[29.0428967,41.067238]},"properties":{"osm_id":"node/7554973560","kategori":"eczane","ad":"Abdül Macid Mete Eczanesi"}},{"type":"Feature","geometry":{"type":"Point","coordinates":[29.1492118,40.936377]},"properties":{"osm_id":"node/7566579507","kategori":"eczane","ad":"Ayfer Eczanesi"}},{"type":"Feature","geometry":{"type":"Point","coordinates":[28.6870631,41.0640766]},"properties":{"osm_id":"node/7580423492","kategori":"eczane","ad":"Selin Eczanesi"}},{"type":"Feature","geometry":{"type":"Point","coordinates":[29.2257942,40.917968]},"properties":{"osm_id":"node/7590628602","kategori":"eczane","ad":"Eczane Hatice"}},{"type":"Feature","geometry":{"type":"Point","coordinates":[28.7091846,40.9946172]},"properties":{"osm_id":"node/7591718343","kategori":"eczane","ad":"Akalın Eczane"}},{"type":"Feature","geometry":{"type":"Point","coordinates":[29.1969944,40.9168482]},"properties":{"osm_id":"node/7592512206","kategori":"eczane","ad":"Eczane Feyza"}},{"type":"Feature","geometry":{"type":"Point","coordinates":[29.2017709,40.9154816]},"properties":{"osm_id":"node/7592512248","kategori":"eczane","ad":"Eczane Hüma"}},{"type":"Feature","geometry":{"type":"Point","coordinates":[29.0380051,40.9848773]},"properties":{"osm_id":"node/7626228611","kategori":"eczane","ad":"Irmak Eczanesi"}},{"type":"Feature","geometry":{"type":"Point","coordinates":[29.1143523,40.9797947]},"properties":{"osm_id":"node/7628729516","kategori":"eczane","ad":"Ömür Eczanesi"}},{"type":"Feature","geometry":{"type":"Point","coordinates":[29.1183718,40.9800989]},"properties":{"osm_id":"node/7635726131","kategori":"eczane","ad":"İda Eczanesi"}},{"type":"Feature","geometry":{"type":"Point","coordinates":[29.0276305,40.9909116]},"properties":{"osm_id":"node/7652665252","kategori":"eczane","ad":"Rıhtım Eczanesi"}},{"type":"Feature","geometry":{"type":"Point","coordinates":[29.0326318,40.9919127]},"properties":{"osm_id":"node/7652694333","kategori":"eczane","ad":"Akın Eczanesi"}},{"type":"Feature","geometry":{"type":"Point","coordinates":[28.6425771,41.0028412]},"properties":{"osm_id":"node/7655001413","kategori":"eczane","ad":"Aysun Eczanesi"}},{"type":"Feature","geometry":{"type":"Point","coordinates":[29.0558906,41.2346324]},"properties":{"osm_id":"node/7684214979","kategori":"eczane","ad":"Demirciköy Eczanesi"}},{"type":"Feature","geometry":{"type":"Point","coordinates":[28.6169171,40.9861225]},"properties":{"osm_id":"node/7698329927","kategori":"eczane","ad":"Papatya Eczanesi"}},{"type":"Feature","geometry":{"type":"Point","coordinates":[28.6164101,40.9866086]},"properties":{"osm_id":"node/7698329955","kategori":"eczane","ad":"Ataç Eczanesi"}},{"type":"Feature","geometry":{"type":"Point","coordinates":[29.1273677,41.0160301]},"properties":{"osm_id":"node/7702374074","kategori":"eczane","ad":"Özlem Eczanesi"}},{"type":"Feature","geometry":{"type":"Point","coordinates":[28.3763244,41.1002327]},"properties":{"osm_id":"node/7721735085","kategori":"eczane","ad":"Ufuk Ecznesi"}},{"type":"Feature","geometry":{"type":"Point","coordinates":[28.2491719,41.0777659]},"properties":{"osm_id":"node/7721741585","kategori":"eczane","ad":"Akasya Eczanesi"}},{"type":"Feature","geometry":{"type":"Point","coordinates":[28.249132,41.0774452]},"properties":{"osm_id":"node/7721769585","kategori":"eczane","ad":"Cankat Eczanesi"}},{"type":"Feature","geometry":{"type":"Point","coordinates":[28.6255998,41.0136556]},"properties":{"osm_id":"node/7726114587","kategori":"eczane","ad":"Adile Şerki Eczanesi"}},{"type":"Feature","geometry":{"type":"Point","coordinates":[28.6266259,41.0145204]},"properties":{"osm_id":"node/7726114589","kategori":"eczane","ad":"Medi Eczanesi"}},{"type":"Feature","geometry":{"type":"Point","coordinates":[28.6257343,41.0153612]},"properties":{"osm_id":"node/7726116685","kategori":"eczane","ad":"Şifapınarı Eczanesi"}},{"type":"Feature","geometry":{"type":"Point","coordinates":[28.6255976,41.0151671]},"properties":{"osm_id":"node/7726116686","kategori":"eczane","ad":"Beylikdüzü Eczanesi"}},{"type":"Feature","geometry":{"type":"Point","coordinates":[28.625586,41.0133502]},"properties":{"osm_id":"node/7726116687","kategori":"eczane","ad":"Marmara Eczanesi"}},{"type":"Feature","geometry":{"type":"Point","coordinates":[29.0464719,40.977898]},"properties":{"osm_id":"node/7740510069","kategori":"eczane","ad":"Yalçın Eczanesi"}},{"type":"Feature","geometry":{"type":"Point","coordinates":[29.1242659,40.9354039]},"properties":{"osm_id":"node/7740554357","kategori":"eczane","ad":"Azra Nihan Eczanesi"}},{"type":"Feature","geometry":{"type":"Point","coordinates":[29.0847626,40.9789238]},"properties":{"osm_id":"node/7740555104","kategori":"eczane","ad":"Yeni İstanbul Eczanesi"}},{"type":"Feature","geometry":{"type":"Point","coordinates":[29.1307924,40.9252106]},"properties":{"osm_id":"node/7740569511","kategori":"eczane","ad":"Maltepe Plus Eczanesi"}},{"type":"Feature","geometry":{"type":"Point","coordinates":[29.0499468,40.9730331]},"properties":{"osm_id":"node/7743275890","kategori":"eczane","ad":"Naturel Eczanesi"}},{"type":"Feature","geometry":{"type":"Point","coordinates":[29.1271211,40.9324112]},"properties":{"osm_id":"node/7743432170","kategori":"eczane","ad":"Melike Eczanesi"}},{"type":"Feature","geometry":{"type":"Point","coordinates":[29.1156208,40.9411311]},"properties":{"osm_id":"node/7743439038","kategori":"eczane","ad":"Çağatay Eczanesi"}},{"type":"Feature","geometry":{"type":"Point","coordinates":[29.1138406,40.9428447]},"properties":{"osm_id":"node/7743439317","kategori":"eczane","ad":"Gülay Öner Eczanesi"}},{"type":"Feature","geometry":{"type":"Point","coordinates":[29.0873139,40.9665801]},"properties":{"osm_id":"node/7743451352","kategori":"eczane","ad":"Kozyatağı Eczanesi"}},{"type":"Feature","geometry":{"type":"Point","coordinates":[29.0333185,40.9918496]},"properties":{"osm_id":"node/7743521513","kategori":"eczane","ad":"Fito"}},{"type":"Feature","geometry":{"type":"Point","coordinates":[29.1152136,40.9816327]},"properties":{"osm_id":"node/7743667240","kategori":"eczane","ad":"İkbal Eczanesi"}},{"type":"Feature","geometry":{"type":"Point","coordinates":[28.9127219,41.0379321]},"properties":{"osm_id":"node/7746338986","kategori":"eczane","ad":"Deva Eczanesi"}},{"type":"Feature","geometry":{"type":"Point","coordinates":[28.9134944,41.0378134]},"properties":{"osm_id":"node/7746341585","kategori":"eczane","ad":"Özen Eczanesi"}},{"type":"Feature","geometry":{"type":"Point","coordinates":[28.911974,41.0362807]},"properties":{"osm_id":"node/7746343085","kategori":"eczane","ad":"Gözde Eczanesi"}},{"type":"Feature","geometry":{"type":"Point","coordinates":[28.9120781,41.0356778]},"properties":{"osm_id":"node/7747886885","kategori":"eczane","ad":"Sezen Eczanesi"}},{"type":"Feature","geometry":{"type":"Point","coordinates":[29.0247576,40.9911447]},"properties":{"osm_id":"node/7789603274","kategori":"eczane","ad":"Ayşe Lerzan Eczanesi"}},{"type":"Feature","geometry":{"type":"Point","coordinates":[29.119456,40.9822634]},"properties":{"osm_id":"node/7791468467","kategori":"eczane","ad":"Nilsu Eczanesi"}},{"type":"Feature","geometry":{"type":"Point","coordinates":[29.1180538,40.9831003]},"properties":{"osm_id":"node/7791544646","kategori":"eczane","ad":"Diyet Plus Eczanesi"}},{"type":"Feature","geometry":{"type":"Point","coordinates":[29.3771204,40.9032845]},"properties":{"osm_id":"node/7814702286","kategori":"eczane","ad":"Orta Eczanesi"}},{"type":"Feature","geometry":{"type":"Point","coordinates":[29.3558282,40.8957723]},"properties":{"osm_id":"node/7814702287","kategori":"eczane","ad":"Ihlamur Eczanesi"}},{"type":"Feature","geometry":{"type":"Point","coordinates":[29.3503885,40.8849518]},"properties":{"osm_id":"node/7814710585","kategori":"eczane","ad":"Orhanlı Eczanesi"}},{"type":"Feature","geometry":{"type":"Point","coordinates":[28.8638037,41.0578081]},"properties":{"osm_id":"node/7834532986","kategori":"eczane","ad":"Elarya Eczanesi"}},{"type":"Feature","geometry":{"type":"Point","coordinates":[28.5784554,41.0207252]},"properties":{"osm_id":"node/7889339012","kategori":"eczane","ad":"Göl Eczanesi"}},{"type":"Feature","geometry":{"type":"Point","coordinates":[29.135055,41.0086236]},"properties":{"osm_id":"node/7989061767","kategori":"eczane","ad":null}},{"type":"Feature","geometry":{"type":"Point","coordinates":[29.0154333,41.0231445]},"properties":{"osm_id":"node/7996850413","kategori":"eczane","ad":"Mimar Sinan Eczanesi"}},{"type":"Feature","geometry":{"type":"Point","coordinates":[28.9010107,41.0226876]},"properties":{"osm_id":"node/8013701570","kategori":"eczane","ad":"İnistanbul Eczanesi"}},{"type":"Feature","geometry":{"type":"Point","coordinates":[29.052361,40.9715884]},"properties":{"osm_id":"node/8013820083","kategori":"eczane","ad":"Sahil Eczanesi"}},{"type":"Feature","geometry":{"type":"Point","coordinates":[28.8233673,40.9596198]},"properties":{"osm_id":"node/8027748124","kategori":"eczane","ad":"Şifa Eczanesi"}},{"type":"Feature","geometry":{"type":"Point","coordinates":[29.1084165,40.9789288]},"properties":{"osm_id":"node/8043960795","kategori":"eczane","ad":"Felif Eczanesi"}},{"type":"Feature","geometry":{"type":"Point","coordinates":[28.8576568,41.0159212]},"properties":{"osm_id":"node/8066798934","kategori":"eczane","ad":"Niymet Eczanesi"}},{"type":"Feature","geometry":{"type":"Point","coordinates":[28.8578102,41.0161378]},"properties":{"osm_id":"node/8066798935","kategori":"eczane","ad":"Yüksel Eczanesi"}},{"type":"Feature","geometry":{"type":"Point","coordinates":[28.8576532,41.015973]},"properties":{"osm_id":"node/8066798936","kategori":"eczane","ad":"Onur Eczanesi"}},{"type":"Feature","geometry":{"type":"Point","coordinates":[28.8576676,41.0160506]},"properties":{"osm_id":"node/8066798937","kategori":"eczane","ad":"Zuhal Eczanesi"}},{"type":"Feature","geometry":{"type":"Point","coordinates":[28.9025247,41.086979]},"properties":{"osm_id":"node/8112116211","kategori":"eczane","ad":"Molino"}},{"type":"Feature","geometry":{"type":"Point","coordinates":[28.9020483,41.0895763]},"properties":{"osm_id":"node/8112116250","kategori":"eczane","ad":"Figen Eczanesi"}},{"type":"Feature","geometry":{"type":"Point","coordinates":[28.8056725,41.0933199]},"properties":{"osm_id":"node/8299990369","kategori":"eczane","ad":"MİSSTANBUL ECZANESİ"}},{"type":"Feature","geometry":{"type":"Point","coordinates":[28.8722173,40.9843769]},"properties":{"osm_id":"node/8310462188","kategori":"eczane","ad":"Çelen Eczanesi"}},{"type":"Feature","geometry":{"type":"Point","coordinates":[28.7749456,41.0939903]},"properties":{"osm_id":"node/8316237711","kategori":"eczane","ad":"medikule eczanesi"}},{"type":"Feature","geometry":{"type":"Point","coordinates":[28.7741741,41.0936474]},"properties":{"osm_id":"node/8316248114","kategori":"eczane","ad":"başak eczanesi"}},{"type":"Feature","geometry":{"type":"Point","coordinates":[28.7743318,41.0950902]},"properties":{"osm_id":"node/8316284019","kategori":"eczane","ad":"megaşehir"}},{"type":"Feature","geometry":{"type":"Point","coordinates":[28.8103958,41.1005276]},"properties":{"osm_id":"node/8319639882","kategori":"eczane","ad":"ezel dündar eczanesi"}},{"type":"Feature","geometry":{"type":"Point","coordinates":[28.8247044,41.0658494]},"properties":{"osm_id":"node/8322015982","kategori":"eczane","ad":"İstoç eczanesi"}},{"type":"Feature","geometry":{"type":"Point","coordinates":[28.6301651,41.0030605]},"properties":{"osm_id":"node/8322016348","kategori":"eczane","ad":"Dinç Şahin Eczanesi"}},{"type":"Feature","geometry":{"type":"Point","coordinates":[28.7219043,40.9780239]},"properties":{"osm_id":"node/8365236617","kategori":"eczane","ad":"Elvan Eczanesi"}},{"type":"Feature","geometry":{"type":"Point","coordinates":[28.8735766,41.0969879]},"properties":{"osm_id":"node/8365297620","kategori":"eczane","ad":"Reisoğlu Eczanesi"}},{"type":"Feature","geometry":{"type":"Point","coordinates":[28.8734478,41.0935968]},"properties":{"osm_id":"node/8365315117","kategori":"eczane","ad":"Hayat Eczanesi"}},{"type":"Feature","geometry":{"type":"Point","coordinates":[29.1136678,40.9805312]},"properties":{"osm_id":"node/8489123851","kategori":"eczane","ad":"Ataşehir Pak Eczanesi"}},{"type":"Feature","geometry":{"type":"Point","coordinates":[29.1062463,40.9483634]},"properties":{"osm_id":"node/8490676617","kategori":"eczane","ad":"Hakan Eczanesi"}},{"type":"Feature","geometry":{"type":"Point","coordinates":[29.1056671,40.949998]},"properties":{"osm_id":"node/8498770618","kategori":"eczane","ad":"Yayla Eczanesi"}},{"type":"Feature","geometry":{"type":"Point","coordinates":[28.8798318,41.0435556]},"properties":{"osm_id":"node/8504512507","kategori":"eczane","ad":"Eczane Menderes"}},{"type":"Feature","geometry":{"type":"Point","coordinates":[29.0853626,40.9884909]},"properties":{"osm_id":"node/8520241016","kategori":"eczane","ad":"Optimum Eczanesi"}},{"type":"Feature","geometry":{"type":"Point","coordinates":[29.1128943,40.980136]},"properties":{"osm_id":"node/8520678954","kategori":"eczane","ad":"Tijen Eczanesi"}},{"type":"Feature","geometry":{"type":"Point","coordinates":[29.1128728,40.980303]},"properties":{"osm_id":"node/8520707022","kategori":"eczane","ad":"Can Buket Eczanesi"}},{"type":"Feature","geometry":{"type":"Point","coordinates":[29.0648143,40.9829949]},"properties":{"osm_id":"node/8521504165","kategori":"eczane","ad":"Ömür Eczanesi"}},{"type":"Feature","geometry":{"type":"Point","coordinates":[29.065007,40.9829272]},"properties":{"osm_id":"node/8521509251","kategori":"eczane","ad":"Ata Eczanesi"}},{"type":"Feature","geometry":{"type":"Point","coordinates":[28.920316,41.0480311]},"properties":{"osm_id":"node/8576178523","kategori":"eczane","ad":"Rami Meydan Eczanesi"}},{"type":"Feature","geometry":{"type":"Point","coordinates":[28.9548719,41.0072025]},"properties":{"osm_id":"node/8636465817","kategori":"eczane","ad":null}},{"type":"Feature","geometry":{"type":"Point","coordinates":[29.1963534,41.0126317]},"properties":{"osm_id":"node/8637871748","kategori":"eczane","ad":"Meclis Eczane"}},{"type":"Feature","geometry":{"type":"Point","coordinates":[29.0821985,40.9593237]},"properties":{"osm_id":"node/8693487183","kategori":"eczane","ad":"Suadiye Su Eczanesi"}},{"type":"Feature","geometry":{"type":"Point","coordinates":[29.110035,40.9464395]},"properties":{"osm_id":"node/8742568186","kategori":"eczane","ad":"Şükran Eczanesi"}},{"type":"Feature","geometry":{"type":"Point","coordinates":[28.5997124,41.0131578]},"properties":{"osm_id":"node/8759353083","kategori":"eczane","ad":"Gülden Eczanesi"}},{"type":"Feature","geometry":{"type":"Point","coordinates":[28.9068176,41.0592603]},"properties":{"osm_id":"node/8783015045","kategori":"eczane","ad":"Caymazer Eczanesi"}},{"type":"Feature","geometry":{"type":"Point","coordinates":[28.7223003,40.9787526]},"properties":{"osm_id":"node/8836376026","kategori":"eczane","ad":"Çözüm Eczanesi"}},{"type":"Feature","geometry":{"type":"Point","coordinates":[28.7221271,40.9789546]},"properties":{"osm_id":"node/8836376420","kategori":"eczane","ad":"Yıldırım Eczanesi"}},{"type":"Feature","geometry":{"type":"Point","coordinates":[28.7226403,40.9789749]},"properties":{"osm_id":"node/8836405817","kategori":"eczane","ad":"Emek Eczanesi"}},{"type":"Feature","geometry":{"type":"Point","coordinates":[29.0465528,40.9742756]},"properties":{"osm_id":"node/8872610578","kategori":"eczane","ad":"Fenerbahçe Eczanesi"}},{"type":"Feature","geometry":{"type":"Point","coordinates":[29.1064973,40.9670446]},"properties":{"osm_id":"node/8956725059","kategori":"eczane","ad":"Metro Bostancı Eczanesi"}},{"type":"Feature","geometry":{"type":"Point","coordinates":[29.087236,40.9668825]},"properties":{"osm_id":"node/8956727994","kategori":"eczane","ad":"Karaca Eczanesi"}},{"type":"Feature","geometry":{"type":"Point","coordinates":[28.8761984,41.0868358]},"properties":{"osm_id":"node/8976766938","kategori":"eczane","ad":"Taner Eczanesi"}},{"type":"Feature","geometry":{"type":"Point","coordinates":[28.882228,41.0826731]},"properties":{"osm_id":"node/9023955222","kategori":"eczane","ad":"Çakır Eczanesi"}},{"type":"Feature","geometry":{"type":"Point","coordinates":[28.8729703,41.0093542]},"properties":{"osm_id":"node/9033437955","kategori":"eczane","ad":null}},{"type":"Feature","geometry":{"type":"Point","coordinates":[29.1257891,40.9810379]},"properties":{"osm_id":"node/9117487939","kategori":"eczane","ad":"Merve Eczanesi"}},{"type":"Feature","geometry":{"type":"Point","coordinates":[28.9076432,41.0390207]},"properties":{"osm_id":"node/9141480750","kategori":"eczane","ad":"Esin Eczanesi"}},{"type":"Feature","geometry":{"type":"Point","coordinates":[28.696304,41.0124944]},"properties":{"osm_id":"node/9141661095","kategori":"eczane","ad":"Serpil Eczanesi"}},{"type":"Feature","geometry":{"type":"Point","coordinates":[29.127929,41.0117647]},"properties":{"osm_id":"node/9143878303","kategori":"eczane","ad":"Çamlık Eczanesi"}},{"type":"Feature","geometry":{"type":"Point","coordinates":[29.2284852,40.9013733]},"properties":{"osm_id":"node/9161222720","kategori":"eczane","ad":"Kurfalı Eczanesi"}},{"type":"Feature","geometry":{"type":"Point","coordinates":[28.9983341,41.115537]},"properties":{"osm_id":"node/9164286588","kategori":"eczane","ad":"Serhat Eczanesi"}},{"type":"Feature","geometry":{"type":"Point","coordinates":[28.9995681,41.1159514]},"properties":{"osm_id":"node/9166902584","kategori":"eczane","ad":"Merkez Eczanesi"}},{"type":"Feature","geometry":{"type":"Point","coordinates":[28.9982511,41.1157392]},"properties":{"osm_id":"node/9166929209","kategori":"eczane","ad":"Murat Eczanesi"}},{"type":"Feature","geometry":{"type":"Point","coordinates":[29.0563903,40.9843016]},"properties":{"osm_id":"node/9180331596","kategori":"eczane","ad":"Aybüke İrem Eczanesi"}},{"type":"Feature","geometry":{"type":"Point","coordinates":[29.0819673,40.9795597]},"properties":{"osm_id":"node/9255573525","kategori":"eczane","ad":"Yeni Güneş Eczanesi"}},{"type":"Feature","geometry":{"type":"Point","coordinates":[29.0253086,40.9875054]},"properties":{"osm_id":"node/9263249117","kategori":"eczane","ad":"Eczane Birsu"}},{"type":"Feature","geometry":{"type":"Point","coordinates":[29.0571668,40.9842205]},"properties":{"osm_id":"node/9288047050","kategori":"eczane","ad":"Göztepe Eczanesi"}},{"type":"Feature","geometry":{"type":"Point","coordinates":[28.9008598,41.0982949]},"properties":{"osm_id":"node/9311065233","kategori":"eczane","ad":"Ufuk Eczanesi"}},{"type":"Feature","geometry":{"type":"Point","coordinates":[29.026828,40.9886657]},"properties":{"osm_id":"node/9337361719","kategori":"eczane","ad":"Yüksek"}},{"type":"Feature","geometry":{"type":"Point","coordinates":[28.9077695,41.059521]},"properties":{"osm_id":"node/9348210445","kategori":"eczane","ad":"Gaziosmanpaşa Yağmur Eczanesi"}},{"type":"Feature","geometry":{"type":"Point","coordinates":[29.0465921,40.9864223]},"properties":{"osm_id":"node/9452678979","kategori":"eczane","ad":"Nar Ağacı Eczanesi"}},{"type":"Feature","geometry":{"type":"Point","coordinates":[28.2460655,41.0737949]},"properties":{"osm_id":"node/9473415018","kategori":"eczane","ad":"Merkez Eczanesi"}},{"type":"Feature","geometry":{"type":"Point","coordinates":[28.2497567,41.0730106]},"properties":{"osm_id":"node/9473417203","kategori":"eczane","ad":"Günay Eczanesi"}},{"type":"Feature","geometry":{"type":"Point","coordinates":[28.2504133,41.0730575]},"properties":{"osm_id":"node/9473419522","kategori":"eczane","ad":"Halk Eczanesi"}},{"type":"Feature","geometry":{"type":"Point","coordinates":[28.246522,41.0739407]},"properties":{"osm_id":"node/9473419523","kategori":"eczane","ad":"Silivri Eczanesi"}},{"type":"Feature","geometry":{"type":"Point","coordinates":[28.2480516,41.0735654]},"properties":{"osm_id":"node/9473425330","kategori":"eczane","ad":"Erciyes Eczanesi"}},{"type":"Feature","geometry":{"type":"Point","coordinates":[29.1139661,40.973273]},"properties":{"osm_id":"node/9474209946","kategori":"eczane","ad":"Aysun Eczanesi"}},{"type":"Feature","geometry":{"type":"Point","coordinates":[29.0607993,40.9706989]},"properties":{"osm_id":"node/9481146273","kategori":"eczane","ad":"Cadde Gamze Eczanesi"}},{"type":"Feature","geometry":{"type":"Point","coordinates":[29.0475654,40.9770874]},"properties":{"osm_id":"node/9481152392","kategori":"eczane","ad":"Venüs Eczanesi"}},{"type":"Feature","geometry":{"type":"Point","coordinates":[29.0732142,40.9641624]},"properties":{"osm_id":"node/9481165835","kategori":"eczane","ad":"Terece Eczanesi"}},{"type":"Feature","geometry":{"type":"Point","coordinates":[29.0402776,40.9826755]},"properties":{"osm_id":"node/9481166701","kategori":"eczane","ad":"Kızıltoprak Eczanesi"}},{"type":"Feature","geometry":{"type":"Point","coordinates":[29.0499203,40.9759737]},"properties":{"osm_id":"node/9481167352","kategori":"eczane","ad":"Çağrı Selamiçeşme Eczanesi"}},{"type":"Feature","geometry":{"type":"Point","coordinates":[29.083093,40.97299]},"properties":{"osm_id":"node/9481267957","kategori":"eczane","ad":"Kelebek Eczanesi"}},{"type":"Feature","geometry":{"type":"Point","coordinates":[28.9197143,41.0479753]},"properties":{"osm_id":"node/9482150456","kategori":"eczane","ad":"Rami Eczanesi"}},{"type":"Feature","geometry":{"type":"Point","coordinates":[29.2324806,40.8793616]},"properties":{"osm_id":"node/9484000236","kategori":"eczane","ad":"Pendik Eczanesi"}},{"type":"Feature","geometry":{"type":"Point","coordinates":[28.9455946,41.0144764]},"properties":{"osm_id":"node/9490592469","kategori":"eczane","ad":"Watsons"}},{"type":"Feature","geometry":{"type":"Point","coordinates":[28.9471799,41.0771918]},"properties":{"osm_id":"node/9500883741","kategori":"eczane","ad":"Biricik Eczanesi"}},{"type":"Feature","geometry":{"type":"Point","coordinates":[28.6496953,40.999214]},"properties":{"osm_id":"node/9503617489","kategori":"eczane","ad":"Eczane Yasemin"}},{"type":"Feature","geometry":{"type":"Point","coordinates":[28.6496725,40.9991908]},"properties":{"osm_id":"node/9503617490","kategori":"eczane","ad":"Eczane Geylani"}},{"type":"Feature","geometry":{"type":"Point","coordinates":[29.0800811,41.0021368]},"properties":{"osm_id":"node/9555666056","kategori":"eczane","ad":"Eczane Naz"}},{"type":"Feature","geometry":{"type":"Point","coordinates":[29.0814091,40.9799219]},"properties":{"osm_id":"node/9633702550","kategori":"eczane","ad":"Ülkü Eczanesi"}},{"type":"Feature","geometry":{"type":"Point","coordinates":[29.5745964,41.1631641]},"properties":{"osm_id":"node/9654448417","kategori":"eczane","ad":"İpek Eczanesi"}},{"type":"Feature","geometry":{"type":"Point","coordinates":[29.0815312,40.9745309]},"properties":{"osm_id":"node/9663281732","kategori":"eczane","ad":"Sönmez Eczanesi"}},{"type":"Feature","geometry":{"type":"Point","coordinates":[28.9923566,41.0525711]},"properties":{"osm_id":"node/9669374617","kategori":"eczane","ad":"Ceyna Eczanesi"}},{"type":"Feature","geometry":{"type":"Point","coordinates":[28.9939254,41.0528392]},"properties":{"osm_id":"node/9669376717","kategori":"eczane","ad":"Peri Eczanesi"}},{"type":"Feature","geometry":{"type":"Point","coordinates":[29.3568616,40.8310524]},"properties":{"osm_id":"node/9669530717","kategori":"eczane","ad":"Doğa Eczanesi"}},{"type":"Feature","geometry":{"type":"Point","coordinates":[29.3577638,40.8315787]},"properties":{"osm_id":"node/9669532217","kategori":"eczane","ad":"Şeyma Eczanesi"}},{"type":"Feature","geometry":{"type":"Point","coordinates":[28.9746722,41.0081102]},"properties":{"osm_id":"node/9671302218","kategori":"eczane","ad":null}},{"type":"Feature","geometry":{"type":"Point","coordinates":[28.9299805,41.0779068]},"properties":{"osm_id":"node/9680101473","kategori":"eczane","ad":"Övgü Eczanesi"}},{"type":"Feature","geometry":{"type":"Point","coordinates":[28.9868846,41.0472939]},"properties":{"osm_id":"node/9777266178","kategori":"eczane","ad":null}},{"type":"Feature","geometry":{"type":"Point","coordinates":[29.0300277,40.9938016]},"properties":{"osm_id":"node/9786517755","kategori":"eczane","ad":"Yeldeğirmeni Eczanesi"}},{"type":"Feature","geometry":{"type":"Point","coordinates":[29.3677049,40.936238]},"properties":{"osm_id":"node/9794765039","kategori":"eczane","ad":"Plus Eczanesi"}},{"type":"Feature","geometry":{"type":"Point","coordinates":[29.0309872,40.9864397]},"properties":{"osm_id":"node/9813343295","kategori":"eczane","ad":"Temizel Eczane"}},{"type":"Feature","geometry":{"type":"Point","coordinates":[29.0292036,40.9967867]},"properties":{"osm_id":"node/9823730555","kategori":"eczane","ad":"Eczane Elmas"}},{"type":"Feature","geometry":{"type":"Point","coordinates":[29.3061751,40.931012]},"properties":{"osm_id":"node/9839722647","kategori":"eczane","ad":"Eczane Peköz"}},{"type":"Feature","geometry":{"type":"Point","coordinates":[28.8643759,41.1028959]},"properties":{"osm_id":"node/9875863488","kategori":"eczane","ad":"Buse Eczanesi"}},{"type":"Feature","geometry":{"type":"Point","coordinates":[29.0391918,40.9825357]},"properties":{"osm_id":"node/9920530577","kategori":"eczane","ad":"Ezel Eczanesi"}},{"type":"Feature","geometry":{"type":"Point","coordinates":[28.9919467,41.1784179]},"properties":{"osm_id":"node/9939299576","kategori":"eczane","ad":"Bahçeköy Eczanesi"}},{"type":"Feature","geometry":{"type":"Point","coordinates":[28.9832427,41.0323506]},"properties":{"osm_id":"node/9977116317","kategori":"eczane","ad":null}},{"type":"Feature","geometry":{"type":"Point","coordinates":[28.9831633,41.0322772]},"properties":{"osm_id":"node/9977118619","kategori":"eczane","ad":"Nuray Eczanesi"}},{"type":"Feature","geometry":{"type":"Point","coordinates":[29.0933215,40.9679446]},"properties":{"osm_id":"node/9982217375","kategori":"eczane","ad":"Eczane Yeni Dilek"}},{"type":"Feature","geometry":{"type":"Point","coordinates":[29.1001603,40.8775835]},"properties":{"osm_id":"node/9990534068","kategori":"eczane","ad":"Heybeliada Eczanesi"}},{"type":"Feature","geometry":{"type":"Point","coordinates":[29.1000614,40.8774566]},"properties":{"osm_id":"node/9990534070","kategori":"eczane","ad":null}},{"type":"Feature","geometry":{"type":"Point","coordinates":[29.0844928,40.9811744]},"properties":{"osm_id":"node/10002095207","kategori":"eczane","ad":"Aile Eczanesi"}},{"type":"Feature","geometry":{"type":"Point","coordinates":[29.0932446,40.9775886]},"properties":{"osm_id":"node/10017870071","kategori":"eczane","ad":"Güngör Eczanesi"}},{"type":"Feature","geometry":{"type":"Point","coordinates":[28.9037297,41.04597]},"properties":{"osm_id":"node/10029620009","kategori":"eczane","ad":"Emre Eczanesi"}},{"type":"Feature","geometry":{"type":"Point","coordinates":[28.9033466,41.0460259]},"properties":{"osm_id":"node/10029625551","kategori":"eczane","ad":"Vitamin Eczanesi"}},{"type":"Feature","geometry":{"type":"Point","coordinates":[29.0424067,40.9807524]},"properties":{"osm_id":"node/10039925759","kategori":"eczane","ad":"Eczane Ece Bayram"}},{"type":"Feature","geometry":{"type":"Point","coordinates":[28.9777288,41.033997]},"properties":{"osm_id":"node/10041473717","kategori":"eczane","ad":"Taksim Çiçek Eczanesi"}},{"type":"Feature","geometry":{"type":"Point","coordinates":[29.0413991,40.9819032]},"properties":{"osm_id":"node/10042456886","kategori":"eczane","ad":"Eczane Beyaz Köşk"}},{"type":"Feature","geometry":{"type":"Point","coordinates":[29.2303689,41.0311384]},"properties":{"osm_id":"node/10053854050","kategori":"eczane","ad":"Eczane Önal"}},{"type":"Feature","geometry":{"type":"Point","coordinates":[28.8550289,41.0133333]},"properties":{"osm_id":"node/10074796452","kategori":"eczane","ad":"Yeni Özlem Eczanesi"}},{"type":"Feature","geometry":{"type":"Point","coordinates":[29.1402792,40.997979]},"properties":{"osm_id":"node/10074853333","kategori":"eczane","ad":"Abay Pharma Pharmaceutical company"}},{"type":"Feature","geometry":{"type":"Point","coordinates":[29.1226727,40.9926438]},"properties":{"osm_id":"node/10092428531","kategori":"eczane","ad":"Hayat Ağacı Eczanesi"}},{"type":"Feature","geometry":{"type":"Point","coordinates":[28.8678564,41.0891441]},"properties":{"osm_id":"node/10098162901","kategori":"eczane","ad":"Aynil Eczanesi"}},{"type":"Feature","geometry":{"type":"Point","coordinates":[28.4601787,41.1433873]},"properties":{"osm_id":"node/10101012868","kategori":"eczane","ad":"Yeni Eczane"}},{"type":"Feature","geometry":{"type":"Point","coordinates":[28.9382257,41.0765053]},"properties":{"osm_id":"node/10110158175","kategori":"eczane","ad":"Zümrüt Eczanesi"}},{"type":"Feature","geometry":{"type":"Point","coordinates":[28.9257487,41.0762243]},"properties":{"osm_id":"node/10110158372","kategori":"eczane","ad":"Erdem Eczanesi"}},{"type":"Feature","geometry":{"type":"Point","coordinates":[29.1129408,41.02286]},"properties":{"osm_id":"node/10132744929","kategori":"eczane","ad":"Bahar Eczanesi"}},{"type":"Feature","geometry":{"type":"Point","coordinates":[29.0744404,40.9681714]},"properties":{"osm_id":"node/10138119255","kategori":"eczane","ad":"Eczane Rüzgar"}},{"type":"Feature","geometry":{"type":"Point","coordinates":[29.0652149,40.9824789]},"properties":{"osm_id":"node/10143161621","kategori":"eczane","ad":"İrem Özdoğan Eczanesi"}},{"type":"Feature","geometry":{"type":"Point","coordinates":[29.0288087,40.9896612]},"properties":{"osm_id":"node/10143161637","kategori":"eczane","ad":"Eczane Lotus 14"}},{"type":"Feature","geometry":{"type":"Point","coordinates":[29.0573512,40.9841659]},"properties":{"osm_id":"node/10148862150","kategori":"eczane","ad":"Serdil Eczanesi"}},{"type":"Feature","geometry":{"type":"Point","coordinates":[29.124379,40.9927102]},"properties":{"osm_id":"node/10155471221","kategori":"eczane","ad":"Ataşehir Metropol Eczanesi"}},{"type":"Feature","geometry":{"type":"Point","coordinates":[28.9412083,41.0797641]},"properties":{"osm_id":"node/10159083772","kategori":"eczane","ad":"Kübra Eczanesi"}},{"type":"Feature","geometry":{"type":"Point","coordinates":[28.9410272,41.0798718]},"properties":{"osm_id":"node/10159083773","kategori":"eczane","ad":"Uludağ Eczanesi"}},{"type":"Feature","geometry":{"type":"Point","coordinates":[29.1088838,40.9466388]},"properties":{"osm_id":"node/10169092988","kategori":"eczane","ad":"Hasan ceyhan"}},{"type":"Feature","geometry":{"type":"Point","coordinates":[28.8970815,41.0868081]},"properties":{"osm_id":"node/10205083846","kategori":"eczane","ad":"Taksim Eczanesi"}},{"type":"Feature","geometry":{"type":"Point","coordinates":[28.8973451,41.08721]},"properties":{"osm_id":"node/10205083847","kategori":"eczane","ad":"Acil Şifa Eczanesi"}},{"type":"Feature","geometry":{"type":"Point","coordinates":[29.0166736,41.0241422]},"properties":{"osm_id":"node/10209383710","kategori":"eczane","ad":"Mihrimah Eczanesi"}},{"type":"Feature","geometry":{"type":"Point","coordinates":[28.9123724,41.0782338]},"properties":{"osm_id":"node/10212849216","kategori":"eczane","ad":"Gülşifa Eczanesi"}},{"type":"Feature","geometry":{"type":"Point","coordinates":[29.0769992,40.9714796]},"properties":{"osm_id":"node/10235946350","kategori":"eczane","ad":"Eczene Sevimlı"}},{"type":"Feature","geometry":{"type":"Point","coordinates":[28.791733,41.0206]},"properties":{"osm_id":"node/10239749184","kategori":"eczane","ad":"Eczane Lotus"}},{"type":"Feature","geometry":{"type":"Point","coordinates":[29.0559856,40.9843213]},"properties":{"osm_id":"node/10255247534","kategori":"eczane","ad":"Lale Eczanesi"}},{"type":"Feature","geometry":{"type":"Point","coordinates":[29.0804418,40.9632111]},"properties":{"osm_id":"node/10257969881","kategori":"eczane","ad":"Sezgi Eczanesi"}},{"type":"Feature","geometry":{"type":"Point","coordinates":[28.687571,41.0551497]},"properties":{"osm_id":"node/10285851612","kategori":"eczane","ad":"Göl Panorama"}},{"type":"Feature","geometry":{"type":"Point","coordinates":[29.0478502,40.976107]},"properties":{"osm_id":"node/10287302209","kategori":"eczane","ad":"Eczane Yaren Feneryolu"}},{"type":"Feature","geometry":{"type":"Point","coordinates":[29.0546286,40.9738105]},"properties":{"osm_id":"node/10287302409","kategori":"eczane","ad":"Eczane Mahur"}},{"type":"Feature","geometry":{"type":"Point","coordinates":[29.072669,40.9655831]},"properties":{"osm_id":"node/10287706950","kategori":"eczane","ad":"Eczane Duru"}},{"type":"Feature","geometry":{"type":"Point","coordinates":[29.0414319,40.9734409]},"properties":{"osm_id":"node/10300105509","kategori":"eczane","ad":"Eczane Fenerbahçe Beyaz"}},{"type":"Feature","geometry":{"type":"Point","coordinates":[28.6895568,41.0152645]},"properties":{"osm_id":"node/10310472767","kategori":"eczane","ad":"Lundback Ecza Deposu"}},{"type":"Feature","geometry":{"type":"Point","coordinates":[28.6973657,41.003357]},"properties":{"osm_id":"node/10422084994","kategori":"eczane","ad":"Esenyurt Melike Eczanesi"}},{"type":"Feature","geometry":{"type":"Point","coordinates":[28.6926852,41.0035041]},"properties":{"osm_id":"node/10537755008","kategori":"eczane","ad":"Cadde Eczanesi"}},{"type":"Feature","geometry":{"type":"Point","coordinates":[29.0468752,40.9837109]},"properties":{"osm_id":"node/10538030701","kategori":"eczane","ad":"Asil Eczanesi"}},{"type":"Feature","geometry":{"type":"Point","coordinates":[29.0506525,40.9849169]},"properties":{"osm_id":"node/10543569166","kategori":"eczane","ad":"Feyzan Eczanesi"}},{"type":"Feature","geometry":{"type":"Point","coordinates":[29.0250469,40.9889308]},"properties":{"osm_id":"node/10556410495","kategori":"eczane","ad":"Cansever"}},{"type":"Feature","geometry":{"type":"Point","coordinates":[29.0700998,41.0743425]},"properties":{"osm_id":"node/10563443249","kategori":"eczane","ad":"Eczane Gizem"}},{"type":"Feature","geometry":{"type":"Point","coordinates":[29.0810121,40.9671898]},"properties":{"osm_id":"node/10574160504","kategori":"eczane","ad":"Eczane Timsal"}},{"type":"Feature","geometry":{"type":"Point","coordinates":[28.6943851,41.00636]},"properties":{"osm_id":"node/10577117253","kategori":"eczane","ad":"Meyse Eczanesi"}},{"type":"Feature","geometry":{"type":"Point","coordinates":[29.0868928,40.9658653]},"properties":{"osm_id":"node/10657384717","kategori":"eczane","ad":"Eczane Deva"}},{"type":"Feature","geometry":{"type":"Point","coordinates":[29.3151585,40.8265012]},"properties":{"osm_id":"node/10668687424","kategori":"eczane","ad":"Papatya Eczanesi"}},{"type":"Feature","geometry":{"type":"Point","coordinates":[28.6879353,41.020883]},"properties":{"osm_id":"node/10695491206","kategori":"eczane","ad":"Tabela Eczanesi"}},{"type":"Feature","geometry":{"type":"Point","coordinates":[28.6864491,41.0221701]},"properties":{"osm_id":"node/10695491207","kategori":"eczane","ad":"İpek Eczanesi Esenyurt"}},{"type":"Feature","geometry":{"type":"Point","coordinates":[28.6845183,41.0255011]},"properties":{"osm_id":"node/10695491208","kategori":"eczane","ad":"Ayşe Çenet Eczaesi"}},{"type":"Feature","geometry":{"type":"Point","coordinates":[29.1191251,40.9923269]},"properties":{"osm_id":"node/10718549156","kategori":"eczane","ad":"Eczane Atatürk Bulvarı"}},{"type":"Feature","geometry":{"type":"Point","coordinates":[29.1209124,40.9924653]},"properties":{"osm_id":"node/10718549158","kategori":"eczane","ad":"Eczane Melissam"}},{"type":"Feature","geometry":{"type":"Point","coordinates":[29.0453544,40.978195]},"properties":{"osm_id":"node/10772697005","kategori":"eczane","ad":"Eczane Coşan"}},{"type":"Feature","geometry":{"type":"Point","coordinates":[28.6814094,41.0431612]},"properties":{"osm_id":"node/10790587827","kategori":"eczane","ad":"Emine Eczanesi"}},{"type":"Feature","geometry":{"type":"Point","coordinates":[28.6814876,41.0435265]},"properties":{"osm_id":"node/10790587828","kategori":"eczane","ad":"Ardıçlı Eczanesi"}},{"type":"Feature","geometry":{"type":"Point","coordinates":[28.6815092,41.0432904]},"properties":{"osm_id":"node/10790587829","kategori":"eczane","ad":"Cemal Eczanesi"}},{"type":"Feature","geometry":{"type":"Point","coordinates":[29.3302218,40.8704174]},"properties":{"osm_id":"node/10824422454","kategori":"eczane","ad":"Büşra Eczanesi"}},{"type":"Feature","geometry":{"type":"Point","coordinates":[28.6762387,41.0332485]},"properties":{"osm_id":"node/10853403237","kategori":"eczane","ad":"Hazal Eczanesi"}},{"type":"Feature","geometry":{"type":"Point","coordinates":[28.6762965,41.0331605]},"properties":{"osm_id":"node/10853403238","kategori":"eczane","ad":"Şen Eczanesi"}},{"type":"Feature","geometry":{"type":"Point","coordinates":[28.6763344,41.0330979]},"properties":{"osm_id":"node/10853403239","kategori":"eczane","ad":"Pelin Işık Eczanesi"}},{"type":"Feature","geometry":{"type":"Point","coordinates":[29.028715,40.9907348]},"properties":{"osm_id":"node/10864151407","kategori":"eczane","ad":"Eczane Talas"}},{"type":"Feature","geometry":{"type":"Point","coordinates":[29.1814829,40.891237]},"properties":{"osm_id":"node/10884632106","kategori":"eczane","ad":"Gülnihal Eczanesi"}},{"type":"Feature","geometry":{"type":"Point","coordinates":[29.1811621,40.8905042]},"properties":{"osm_id":"node/10884635005","kategori":"eczane","ad":"Emek Eczanesi"}},{"type":"Feature","geometry":{"type":"Point","coordinates":[29.1842585,40.889719]},"properties":{"osm_id":"node/10885847305","kategori":"eczane","ad":null}},{"type":"Feature","geometry":{"type":"Point","coordinates":[29.1249285,40.9774545]},"properties":{"osm_id":"node/10903231133","kategori":"eczane","ad":"Eczane Alev"}},{"type":"Feature","geometry":{"type":"Point","coordinates":[29.2346169,40.8781884]},"properties":{"osm_id":"node/10905185490","kategori":"eczane","ad":"Bahar Eczanesi"}},{"type":"Feature","geometry":{"type":"Point","coordinates":[29.0763855,40.9628414]},"properties":{"osm_id":"node/10910985461","kategori":"eczane","ad":"Eczane Şaşkınbakkal"}},{"type":"Feature","geometry":{"type":"Point","coordinates":[28.6755129,41.035268]},"properties":{"osm_id":"node/10931217714","kategori":"eczane","ad":"Bağlarçeşme Eczanesi"}},{"type":"Feature","geometry":{"type":"Point","coordinates":[29.2309404,40.9855611]},"properties":{"osm_id":"node/10931260133","kategori":"eczane","ad":"Neslihan Aslan Eczanesi"}},{"type":"Feature","geometry":{"type":"Point","coordinates":[29.0972447,40.973359]},"properties":{"osm_id":"node/10931754337","kategori":"eczane","ad":"Batuhan Eczanesi"}},{"type":"Feature","geometry":{"type":"Point","coordinates":[29.0931614,40.9674032]},"properties":{"osm_id":"node/10933996645","kategori":"eczane","ad":"Eczane Bilen"}},{"type":"Feature","geometry":{"type":"Point","coordinates":[29.0943024,40.9680795]},"properties":{"osm_id":"node/10933996658","kategori":"eczane","ad":"Eczane Hekim"}},{"type":"Feature","geometry":{"type":"Point","coordinates":[29.0858348,40.9676116]},"properties":{"osm_id":"node/10942468396","kategori":"eczane","ad":"Eczane Arısoy"}},{"type":"Feature","geometry":{"type":"Point","coordinates":[29.083556,40.9693822]},"properties":{"osm_id":"node/10948595075","kategori":"eczane","ad":"Eczane Kadiköy"}},{"type":"Feature","geometry":{"type":"Point","coordinates":[28.692733,41.0424453]},"properties":{"osm_id":"node/10949023772","kategori":"eczane","ad":"Eren Eczanesi"}},{"type":"Feature","geometry":{"type":"Point","coordinates":[29.0588521,40.9835492]},"properties":{"osm_id":"node/10967644731","kategori":"eczane","ad":"Eczane Artı"}},{"type":"Feature","geometry":{"type":"Point","coordinates":[29.0367475,41.0241908]},"properties":{"osm_id":"node/10984315693","kategori":"eczane","ad":"Eczane İpek Ekşioğlu"}},{"type":"Feature","geometry":{"type":"Point","coordinates":[29.0649753,40.968973]},"properties":{"osm_id":"node/10992716781","kategori":"eczane","ad":"Eczane Cadde Sağlık"}},{"type":"Feature","geometry":{"type":"Point","coordinates":[29.0298021,40.9926208]},"properties":{"osm_id":"node/11015020923","kategori":"eczane","ad":"Halitağa Cadde Eczanesi"}},{"type":"Feature","geometry":{"type":"Point","coordinates":[29.0317527,41.0180649]},"properties":{"osm_id":"node/11033236651","kategori":"eczane","ad":"Eczane Cadde Plus"}},{"type":"Feature","geometry":{"type":"Point","coordinates":[29.0861585,40.9574779]},"properties":{"osm_id":"node/11033266174","kategori":"eczane","ad":"Eczane Vanilya"}},{"type":"Feature","geometry":{"type":"Point","coordinates":[29.0706623,40.9701322]},"properties":{"osm_id":"node/11052542988","kategori":"eczane","ad":"Eczane Boğaziçi"}},{"type":"Feature","geometry":{"type":"Point","coordinates":[28.7095435,40.9869637]},"properties":{"osm_id":"node/11055142583","kategori":"eczane","ad":"Bengi Eczanesi"}},{"type":"Feature","geometry":{"type":"Point","coordinates":[29.0403552,40.9727165]},"properties":{"osm_id":"node/11113858507","kategori":"eczane","ad":"Eczane Şeyma Caner"}},{"type":"Feature","geometry":{"type":"Point","coordinates":[29.1008648,40.9984199]},"properties":{"osm_id":"node/11127310633","kategori":"eczane","ad":"Eczane Maya"}},{"type":"Feature","geometry":{"type":"Point","coordinates":[29.0549918,41.0134947]},"properties":{"osm_id":"node/11128404805","kategori":"eczane","ad":"Eczane Özgün"}},{"type":"Feature","geometry":{"type":"Point","coordinates":[29.0397547,40.9835197]},"properties":{"osm_id":"node/11137286113","kategori":"eczane","ad":"Eczane Tolga"}},{"type":"Feature","geometry":{"type":"Point","coordinates":[29.0532923,40.9746988]},"properties":{"osm_id":"node/11139032788","kategori":"eczane","ad":"Eczane Melis"}},{"type":"Feature","geometry":{"type":"Point","coordinates":[28.6973795,41.0031604]},"properties":{"osm_id":"node/11147012302","kategori":"eczane","ad":"Akasya Eczanesi"}},{"type":"Feature","geometry":{"type":"Point","coordinates":[29.0564218,40.973583]},"properties":{"osm_id":"node/11150680116","kategori":"eczane","ad":"Eczane Elit"}},{"type":"Feature","geometry":{"type":"Point","coordinates":[29.0694716,41.0589919]},"properties":{"osm_id":"node/11157807053","kategori":"eczane","ad":"Kandilli Eczanesi"}},{"type":"Feature","geometry":{"type":"Point","coordinates":[29.0698407,41.0587467]},"properties":{"osm_id":"node/11165664753","kategori":"eczane","ad":"Emirhan Eczanesi"}},{"type":"Feature","geometry":{"type":"Point","coordinates":[29.8554239,41.1382548]},"properties":{"osm_id":"node/11176005037","kategori":"eczane","ad":"Ağva Şifa Eczanesi"}},{"type":"Feature","geometry":{"type":"Point","coordinates":[29.0884856,40.9635664]},"properties":{"osm_id":"node/11179011796","kategori":"eczane","ad":"Nova Eczanesi"}},{"type":"Feature","geometry":{"type":"Point","coordinates":[29.0896722,40.9701004]},"properties":{"osm_id":"node/11186695474","kategori":"eczane","ad":"Ezcane 19 Mayıs"}},{"type":"Feature","geometry":{"type":"Point","coordinates":[29.0202763,41.0187368]},"properties":{"osm_id":"node/11191249482","kategori":"eczane","ad":"Işılay Eczanesi"}},{"type":"Feature","geometry":{"type":"Point","coordinates":[29.040419,41.1866292]},"properties":{"osm_id":"node/11192330188","kategori":"eczane","ad":"Pınar Eczanesi"}},{"type":"Feature","geometry":{"type":"Point","coordinates":[29.0358304,41.024451]},"properties":{"osm_id":"node/11197840835","kategori":"eczane","ad":"Eczane Ayşe"}},{"type":"Feature","geometry":{"type":"Point","coordinates":[29.0682731,40.9797103]},"properties":{"osm_id":"node/11221811686","kategori":"eczane","ad":"Eczane Oksijen"}},{"type":"Feature","geometry":{"type":"Point","coordinates":[28.8819819,41.0826107]},"properties":{"osm_id":"node/11230106115","kategori":"eczane","ad":"Baltacı Eczanesi"}},{"type":"Feature","geometry":{"type":"Point","coordinates":[28.6363948,41.0228844]},"properties":{"osm_id":"node/11231232237","kategori":"eczane","ad":"Atasoy Eczanesi"}},{"type":"Feature","geometry":{"type":"Point","coordinates":[29.0756288,40.9747289]},"properties":{"osm_id":"node/11247466006","kategori":"eczane","ad":"Eczane Erenköy Pınar"}},{"type":"Feature","geometry":{"type":"Point","coordinates":[29.0381138,40.9847853]},"properties":{"osm_id":"node/11270454094","kategori":"eczane","ad":"Eczane Ihlamur"}},{"type":"Feature","geometry":{"type":"Point","coordinates":[29.0378623,40.9850691]},"properties":{"osm_id":"node/11270454102","kategori":"eczane","ad":"Eczane Vitamin"}},{"type":"Feature","geometry":{"type":"Point","coordinates":[29.0437703,40.9799587]},"properties":{"osm_id":"node/11273099241","kategori":"eczane","ad":"Eczane Lacivert"}},{"type":"Feature","geometry":{"type":"Point","coordinates":[29.0977741,40.9845987]},"properties":{"osm_id":"node/11280341459","kategori":"eczane","ad":"Ezcane Barış"}},{"type":"Feature","geometry":{"type":"Point","coordinates":[29.039696,40.9847102]},"properties":{"osm_id":"node/11284375488","kategori":"eczane","ad":"Eczane Cansu"}},{"type":"Feature","geometry":{"type":"Point","coordinates":[29.0401149,40.9831235]},"properties":{"osm_id":"node/11287045019","kategori":"eczane","ad":"Eczane Kerem Demirgil"}},{"type":"Feature","geometry":{"type":"Point","coordinates":[29.028031,40.9906476]},"properties":{"osm_id":"node/11298217099","kategori":"eczane","ad":"Eczane Altıyol Merkez"}},{"type":"Feature","geometry":{"type":"Point","coordinates":[29.1405759,40.9897164]},"properties":{"osm_id":"node/11328980800","kategori":"eczane","ad":"Tonba Eczanesi"}},{"type":"Feature","geometry":{"type":"Point","coordinates":[29.051894,41.0982233]},"properties":{"osm_id":"node/11329516691","kategori":"eczane","ad":null}},{"type":"Feature","geometry":{"type":"Point","coordinates":[28.789457,41.0219979]},"properties":{"osm_id":"node/11331237715","kategori":"eczane","ad":"Eczane Fatih"}},{"type":"Feature","geometry":{"type":"Point","coordinates":[29.0833968,40.9725551]},"properties":{"osm_id":"node/11349267367","kategori":"eczane","ad":"Eczane Nila"}},{"type":"Feature","geometry":{"type":"Point","coordinates":[29.0506429,41.0093393]},"properties":{"osm_id":"node/11362638735","kategori":"eczane","ad":"Eczane Sevilay"}},{"type":"Feature","geometry":{"type":"Point","coordinates":[29.0917071,40.9670212]},"properties":{"osm_id":"node/11367186310","kategori":"eczane","ad":"Kozyatağı Meltem Eczanesi"}},{"type":"Feature","geometry":{"type":"Point","coordinates":[29.0914957,40.9673682]},"properties":{"osm_id":"node/11367186323","kategori":"eczane","ad":"Eczane Kozyatağı Marmara"}},{"type":"Feature","geometry":{"type":"Point","coordinates":[28.9749233,41.010233]},"properties":{"osm_id":"node/11377595761","kategori":"eczane","ad":null}},{"type":"Feature","geometry":{"type":"Point","coordinates":[29.0288884,40.9888321]},"properties":{"osm_id":"node/11389608393","kategori":"eczane","ad":"Bahariye Cadde"}},{"type":"Feature","geometry":{"type":"Point","coordinates":[29.3082498,40.8281676]},"properties":{"osm_id":"node/11406398419","kategori":"eczane","ad":"Bilge Eczanesi"}},{"type":"Feature","geometry":{"type":"Point","coordinates":[29.3077281,40.8279722]},"properties":{"osm_id":"node/11406398421","kategori":"eczane","ad":"İlhan Eczanesi"}},{"type":"Feature","geometry":{"type":"Point","coordinates":[29.1319958,40.9257534]},"properties":{"osm_id":"node/11417680318","kategori":"eczane","ad":"Nergiz Eczanesi"}},{"type":"Feature","geometry":{"type":"Point","coordinates":[29.1341725,40.933372]},"properties":{"osm_id":"node/11443262569","kategori":"eczane","ad":"Elif Eczanesi"}},{"type":"Feature","geometry":{"type":"Point","coordinates":[29.1310844,40.9336684]},"properties":{"osm_id":"node/11443275372","kategori":"eczane","ad":"Gelibolu Eczanesi"}},{"type":"Feature","geometry":{"type":"Point","coordinates":[29.1415533,40.9275612]},"properties":{"osm_id":"node/11446083971","kategori":"eczane","ad":"Berk Eczanesi"}},{"type":"Feature","geometry":{"type":"Point","coordinates":[29.133736,40.925463]},"properties":{"osm_id":"node/11446204271","kategori":"eczane","ad":"Melissa Eczanesi"}},{"type":"Feature","geometry":{"type":"Point","coordinates":[29.3115424,40.9265329]},"properties":{"osm_id":"node/11446520342","kategori":"eczane","ad":"Eczane Lens İstanbul"}},{"type":"Feature","geometry":{"type":"Point","coordinates":[29.1346377,40.930641]},"properties":{"osm_id":"node/11449252669","kategori":"eczane","ad":"Yeditepe Eczanesi"}},{"type":"Feature","geometry":{"type":"Point","coordinates":[29.059207,40.9849106]},"properties":{"osm_id":"node/11488857594","kategori":"eczane","ad":"Eczane Köprülüler"}},{"type":"Feature","geometry":{"type":"Point","coordinates":[29.0594484,40.9855058]},"properties":{"osm_id":"node/11488857595","kategori":"eczane","ad":"Eczane Nihan"}},{"type":"Feature","geometry":{"type":"Point","coordinates":[29.0243172,41.0165354]},"properties":{"osm_id":"node/11519966054","kategori":"eczane","ad":"Eczane Yağmur"}},{"type":"Feature","geometry":{"type":"Point","coordinates":[29.0657877,40.9679804]},"properties":{"osm_id":"node/11537236811","kategori":"eczane","ad":"Demir Eczanesi"}},{"type":"Feature","geometry":{"type":"Point","coordinates":[28.9178904,41.0512935]},"properties":{"osm_id":"node/11551873235","kategori":"eczane","ad":"Fırtına Eczanesi"}},{"type":"Feature","geometry":{"type":"Point","coordinates":[28.1475532,41.0755464]},"properties":{"osm_id":"node/11559143669","kategori":"eczane","ad":"Kaya Eczanesi"}},{"type":"Feature","geometry":{"type":"Point","coordinates":[28.2030058,41.0815502]},"properties":{"osm_id":"node/11559143670","kategori":"eczane","ad":"Gündüz Eczanesi"}},{"type":"Feature","geometry":{"type":"Point","coordinates":[28.2102273,41.0843743]},"properties":{"osm_id":"node/11559143671","kategori":"eczane","ad":"Serra Eczanesi"}},{"type":"Feature","geometry":{"type":"Point","coordinates":[28.2246751,41.081327]},"properties":{"osm_id":"node/11559143672","kategori":"eczane","ad":"Maciter Eczanesi"}},{"type":"Feature","geometry":{"type":"Point","coordinates":[28.2429297,41.0878563]},"properties":{"osm_id":"node/11559143673","kategori":"eczane","ad":"Safa Eczanesi"}},{"type":"Feature","geometry":{"type":"Point","coordinates":[28.2442288,41.0749485]},"properties":{"osm_id":"node/11559143674","kategori":"eczane","ad":"Vefa Eczanesi"}},{"type":"Feature","geometry":{"type":"Point","coordinates":[28.246213,41.07339]},"properties":{"osm_id":"node/11559143675","kategori":"eczane","ad":"Marmara Eczanesi"}},{"type":"Feature","geometry":{"type":"Point","coordinates":[28.2488329,41.074526]},"properties":{"osm_id":"node/11559143676","kategori":"eczane","ad":"Asrın Eczanesi"}},{"type":"Feature","geometry":{"type":"Point","coordinates":[28.2499488,41.0730065]},"properties":{"osm_id":"node/11559143677","kategori":"eczane","ad":"Seval Eczanesi"}},{"type":"Feature","geometry":{"type":"Point","coordinates":[28.2513532,41.0730758]},"properties":{"osm_id":"node/11559143678","kategori":"eczane","ad":"Canan Eczanesi"}},{"type":"Feature","geometry":{"type":"Point","coordinates":[28.222449,41.0823158]},"properties":{"osm_id":"node/11559143769","kategori":"eczane","ad":"Ecem Eczanesi"}},{"type":"Feature","geometry":{"type":"Point","coordinates":[28.2382858,41.0786046]},"properties":{"osm_id":"node/11559143770","kategori":"eczane","ad":"Erkan Eczanesi"}},{"type":"Feature","geometry":{"type":"Point","coordinates":[28.2380265,41.0787358]},"properties":{"osm_id":"node/11559143771","kategori":"eczane","ad":"Akar Eczanesi"}},{"type":"Feature","geometry":{"type":"Point","coordinates":[28.239905,41.0767854]},"properties":{"osm_id":"node/11559143772","kategori":"eczane","ad":"Sizin Eczanesi"}},{"type":"Feature","geometry":{"type":"Point","coordinates":[28.2421735,41.0778535]},"properties":{"osm_id":"node/11559143773","kategori":"eczane","ad":"Millet Eczanesi"}},{"type":"Feature","geometry":{"type":"Point","coordinates":[28.2433257,41.0771518]},"properties":{"osm_id":"node/11559143869","kategori":"eczane","ad":"Semih Eczanesi"}},{"type":"Feature","geometry":{"type":"Point","coordinates":[28.2424231,41.0760352]},"properties":{"osm_id":"node/11559143870","kategori":"eczane","ad":"Birce Eczanesi"}},{"type":"Feature","geometry":{"type":"Point","coordinates":[28.245349,41.0747381]},"properties":{"osm_id":"node/11559143871","kategori":"eczane","ad":"Şifa Eczanesi"}},{"type":"Feature","geometry":{"type":"Point","coordinates":[28.2471238,41.0746882]},"properties":{"osm_id":"node/11559143872","kategori":"eczane","ad":"Derman Eczanesi"}},{"type":"Feature","geometry":{"type":"Point","coordinates":[28.2465805,41.0735887]},"properties":{"osm_id":"node/11559143873","kategori":"eczane","ad":"Alan Eczanesi"}},{"type":"Feature","geometry":{"type":"Point","coordinates":[28.2487654,41.0746438]},"properties":{"osm_id":"node/11559143969","kategori":"eczane","ad":"Pelin Eczanesi"}},{"type":"Feature","geometry":{"type":"Point","coordinates":[28.250186,41.0738862]},"properties":{"osm_id":"node/11559144069","kategori":"eczane","ad":"Başaran Eczanesi"}},{"type":"Feature","geometry":{"type":"Point","coordinates":[28.2489502,41.077926]},"properties":{"osm_id":"node/11559420870","kategori":"eczane","ad":"Yüksel Eczanesi"}},{"type":"Feature","geometry":{"type":"Point","coordinates":[28.260049,41.0913178]},"properties":{"osm_id":"node/11559421370","kategori":"eczane","ad":"Çağdaş Eczanesi"}},{"type":"Feature","geometry":{"type":"Point","coordinates":[28.2560677,41.0900117]},"properties":{"osm_id":"node/11559421371","kategori":"eczane","ad":"Almina Eczanesi"}},{"type":"Feature","geometry":{"type":"Point","coordinates":[28.2563242,41.0786043]},"properties":{"osm_id":"node/11559421372","kategori":"eczane","ad":"Çınar Eczanesi"}},{"type":"Feature","geometry":{"type":"Point","coordinates":[28.2488592,41.0830462]},"properties":{"osm_id":"node/11559421373","kategori":"eczane","ad":"Merve Eczanesi"}},{"type":"Feature","geometry":{"type":"Point","coordinates":[28.2488283,41.0867027]},"properties":{"osm_id":"node/11559421374","kategori":"eczane","ad":"Akdeniz Eczanesi"}},{"type":"Feature","geometry":{"type":"Point","coordinates":[28.2614988,41.0803166]},"properties":{"osm_id":"node/11559423169","kategori":"eczane","ad":"Gamze Eczanesi"}},{"type":"Feature","geometry":{"type":"Point","coordinates":[28.2580527,41.072009]},"properties":{"osm_id":"node/11559423170","kategori":"eczane","ad":"Sağlık Eczanesi"}},{"type":"Feature","geometry":{"type":"Point","coordinates":[28.2467235,41.0845638]},"properties":{"osm_id":"node/11559423269","kategori":"eczane","ad":"Konak Eczanesi"}},{"type":"Feature","geometry":{"type":"Point","coordinates":[28.2588023,41.0721445]},"properties":{"osm_id":"node/11559423270","kategori":"eczane","ad":"Ulus Eczanesi"}},{"type":"Feature","geometry":{"type":"Point","coordinates":[28.248379,41.0862315]},"properties":{"osm_id":"node/11559423369","kategori":"eczane","ad":"İstanbul Eczanesi"}},{"type":"Feature","geometry":{"type":"Point","coordinates":[28.2547374,41.0701583]},"properties":{"osm_id":"node/11559423370","kategori":"eczane","ad":"Çağla Eczanesi"}},{"type":"Feature","geometry":{"type":"Point","coordinates":[28.251447,41.0758458]},"properties":{"osm_id":"node/11559423371","kategori":"eczane","ad":"Lale Eczanesi"}},{"type":"Feature","geometry":{"type":"Point","coordinates":[28.2514618,41.0767683]},"properties":{"osm_id":"node/11559423372","kategori":"eczane","ad":"Gökoğlu Eczanesi"}},{"type":"Feature","geometry":{"type":"Point","coordinates":[28.2498188,41.0772675]},"properties":{"osm_id":"node/11559423373","kategori":"eczane","ad":"Kaptan Eczanesi"}},{"type":"Feature","geometry":{"type":"Point","coordinates":[28.2495577,41.0774671]},"properties":{"osm_id":"node/11559423374","kategori":"eczane","ad":"Derya Eczanesi"}},{"type":"Feature","geometry":{"type":"Point","coordinates":[28.2588082,41.0719232]},"properties":{"osm_id":"node/11559423469","kategori":"eczane","ad":"Mercan Eczanesi"}},{"type":"Feature","geometry":{"type":"Point","coordinates":[28.2491036,41.0775445]},"properties":{"osm_id":"node/11559423470","kategori":"eczane","ad":"Güner Eczanesi"}},{"type":"Feature","geometry":{"type":"Point","coordinates":[28.3637007,41.0566355]},"properties":{"osm_id":"node/11559485969","kategori":"eczane","ad":"Şanslı Eczanesi"}},{"type":"Feature","geometry":{"type":"Point","coordinates":[28.378313,41.054592]},"properties":{"osm_id":"node/11559486069","kategori":"eczane","ad":"Tuğba Eczanesi"}},{"type":"Feature","geometry":{"type":"Point","coordinates":[28.3274137,41.0912236]},"properties":{"osm_id":"node/11563302769","kategori":"eczane","ad":"Ferit Gündoğan Eczanesi"}},{"type":"Feature","geometry":{"type":"Point","coordinates":[28.4504387,41.1221671]},"properties":{"osm_id":"node/11563302770","kategori":"eczane","ad":"Çakıl Eczanesi"}},{"type":"Feature","geometry":{"type":"Point","coordinates":[28.4675056,41.1340152]},"properties":{"osm_id":"node/11563302771","kategori":"eczane","ad":"Akbulut Eczanesi"}},{"type":"Feature","geometry":{"type":"Point","coordinates":[28.461308,41.1292323]},"properties":{"osm_id":"node/11563302869","kategori":"eczane","ad":"Leman Eczanesi"}},{"type":"Feature","geometry":{"type":"Point","coordinates":[28.4643915,41.135261]},"properties":{"osm_id":"node/11563303569","kategori":"eczane","ad":"Özbey Eczanesi"}},{"type":"Feature","geometry":{"type":"Point","coordinates":[28.4661331,41.1362651]},"properties":{"osm_id":"node/11563303570","kategori":"eczane","ad":"Rıdvan Eczanesi"}},{"type":"Feature","geometry":{"type":"Point","coordinates":[28.4665966,41.1361254]},"properties":{"osm_id":"node/11563303669","kategori":"eczane","ad":"Nane Limon Eczanesi"}},{"type":"Feature","geometry":{"type":"Point","coordinates":[28.4650559,41.1365766]},"properties":{"osm_id":"node/11563303670","kategori":"eczane","ad":"Gülay Özbay Eczanesi"}},{"type":"Feature","geometry":{"type":"Point","coordinates":[29.3186248,40.823825]},"properties":{"osm_id":"node/11582270371","kategori":"eczane","ad":"Güneş Eczanesi"}},{"type":"Feature","geometry":{"type":"Point","coordinates":[29.3068353,40.8398174]},"properties":{"osm_id":"node/11582270372","kategori":"eczane","ad":"Manolya Eczanesi"}},{"type":"Feature","geometry":{"type":"Point","coordinates":[29.3114955,40.8319426]},"properties":{"osm_id":"node/11582298570","kategori":"eczane","ad":"Umut Eczanesi"}},{"type":"Feature","geometry":{"type":"Point","coordinates":[29.3096876,40.8296529]},"properties":{"osm_id":"node/11582298571","kategori":"eczane","ad":"Mutluluk Eczanesi"}},{"type":"Feature","geometry":{"type":"Point","coordinates":[29.2999196,40.817637]},"properties":{"osm_id":"node/11582298572","kategori":"eczane","ad":"Tuzla Port Eczanesi"}},{"type":"Feature","geometry":{"type":"Point","coordinates":[29.3074288,40.827116]},"properties":{"osm_id":"node/11582298573","kategori":"eczane","ad":"Lotus Eczanesi"}},{"type":"Feature","geometry":{"type":"Point","coordinates":[29.2990719,40.8441452]},"properties":{"osm_id":"node/11582298574","kategori":"eczane","ad":"Lavanta Eczanesi"}},{"type":"Feature","geometry":{"type":"Point","coordinates":[29.3173371,40.8175327]},"properties":{"osm_id":"node/11582299369","kategori":"eczane","ad":"Via Marin Eczanesi"}},{"type":"Feature","geometry":{"type":"Point","coordinates":[29.3013723,40.846146]},"properties":{"osm_id":"node/11582299469","kategori":"eczane","ad":"Defne Eczanesi"}},{"type":"Feature","geometry":{"type":"Point","coordinates":[28.7536051,41.105542]},"properties":{"osm_id":"node/11585127752","kategori":"eczane","ad":"Taşçakır Eczanesi"}},{"type":"Feature","geometry":{"type":"Point","coordinates":[28.9575232,41.0557201]},"properties":{"osm_id":"node/11619848278","kategori":"eczane","ad":null}},{"type":"Feature","geometry":{"type":"Point","coordinates":[28.9576935,41.0556614]},"properties":{"osm_id":"node/11619848279","kategori":"eczane","ad":null}},{"type":"Feature","geometry":{"type":"Point","coordinates":[28.8990692,41.100862]},"properties":{"osm_id":"node/11653303818","kategori":"eczane","ad":"Sera Eczane"}},{"type":"Feature","geometry":{"type":"Point","coordinates":[28.8937645,41.0946455]},"properties":{"osm_id":"node/11655555730","kategori":"eczane","ad":null}},{"type":"Feature","geometry":{"type":"Point","coordinates":[28.8588684,41.1006181]},"properties":{"osm_id":"node/11671804980","kategori":"eczane","ad":"Nar Eczanesi"}},{"type":"Feature","geometry":{"type":"Point","coordinates":[29.07733,40.9721623]},"properties":{"osm_id":"node/11684581969","kategori":"eczane","ad":"Eczane İdeal"}},{"type":"Feature","geometry":{"type":"Point","coordinates":[29.0914377,40.9778846]},"properties":{"osm_id":"node/11688359010","kategori":"eczane","ad":"Eczane İncir"}},{"type":"Feature","geometry":{"type":"Point","coordinates":[28.6227751,41.0747422]},"properties":{"osm_id":"node/11688942448","kategori":"eczane","ad":"La Vida Eczanesi"}},{"type":"Feature","geometry":{"type":"Point","coordinates":[29.0464111,41.0055348]},"properties":{"osm_id":"node/11690027747","kategori":"eczane","ad":"Eczane Nesrin"}},{"type":"Feature","geometry":{"type":"Point","coordinates":[28.2527534,41.0703123]},"properties":{"osm_id":"node/11721901369","kategori":"eczane","ad":"Merve Eczanesi"}},{"type":"Feature","geometry":{"type":"Point","coordinates":[28.3595267,41.2539535]},"properties":{"osm_id":"node/11721909269","kategori":"eczane","ad":"İhsaniye Eczanesi"}},{"type":"Feature","geometry":{"type":"Point","coordinates":[28.184801,41.411405]},"properties":{"osm_id":"node/11721909270","kategori":"eczane","ad":"Mai Eczanesi"}},{"type":"Feature","geometry":{"type":"Point","coordinates":[29.0672411,40.967213]},"properties":{"osm_id":"node/11773724421","kategori":"eczane","ad":"Eczane Elit Plus"}},{"type":"Feature","geometry":{"type":"Point","coordinates":[28.7446811,41.2623071]},"properties":{"osm_id":"node/11794955669","kategori":"eczane","ad":"Wellness Port Eczanesi"}},{"type":"Feature","geometry":{"type":"Point","coordinates":[28.7460911,41.2620063]},"properties":{"osm_id":"node/11794955769","kategori":"eczane","ad":"Melike Sultan Eczanesi"}},{"type":"Feature","geometry":{"type":"Point","coordinates":[28.6755748,41.3024784]},"properties":{"osm_id":"node/11794955770","kategori":"eczane","ad":"Terkos Eczanesi"}},{"type":"Feature","geometry":{"type":"Point","coordinates":[28.6122535,41.1838782]},"properties":{"osm_id":"node/11794955771","kategori":"eczane","ad":"Vefa Eczanesi"}},{"type":"Feature","geometry":{"type":"Point","coordinates":[28.6120556,41.1822202]},"properties":{"osm_id":"node/11794955772","kategori":"eczane","ad":"Elya Eczanesi"}},{"type":"Feature","geometry":{"type":"Point","coordinates":[28.746628,41.262415]},"properties":{"osm_id":"node/11794955869","kategori":"eczane","ad":"İnternational Eczanesi"}},{"type":"Feature","geometry":{"type":"Point","coordinates":[28.6128823,41.1811141]},"properties":{"osm_id":"node/11794955969","kategori":"eczane","ad":"Fatih Eczanesi"}},{"type":"Feature","geometry":{"type":"Point","coordinates":[28.6190664,41.1540198]},"properties":{"osm_id":"node/11795090770","kategori":"eczane","ad":"Elif Eczanesi"}},{"type":"Feature","geometry":{"type":"Point","coordinates":[28.619371,41.1560871]},"properties":{"osm_id":"node/11795090969","kategori":"eczane","ad":"Sevdenur Eczanesi"}},{"type":"Feature","geometry":{"type":"Point","coordinates":[28.6195793,41.1564031]},"properties":{"osm_id":"node/11795283970","kategori":"eczane","ad":"Yeni Şifa Eczanesi"}},{"type":"Feature","geometry":{"type":"Point","coordinates":[28.6223023,41.157685]},"properties":{"osm_id":"node/11795283971","kategori":"eczane","ad":"Çilek Eczanesi"}},{"type":"Feature","geometry":{"type":"Point","coordinates":[28.6248607,41.1559353]},"properties":{"osm_id":"node/11795283972","kategori":"eczane","ad":"Can Eczanesi"}},{"type":"Feature","geometry":{"type":"Point","coordinates":[28.6432828,41.0912626]},"properties":{"osm_id":"node/11795283973","kategori":"eczane","ad":"Bahçesemt Eczanesi"}},{"type":"Feature","geometry":{"type":"Point","coordinates":[28.6448004,41.0934667]},"properties":{"osm_id":"node/11795283974","kategori":"eczane","ad":"Ilgın Eczanesi"}},{"type":"Feature","geometry":{"type":"Point","coordinates":[28.6450541,41.0923773]},"properties":{"osm_id":"node/11795283975","kategori":"eczane","ad":"Uludağ Eczanesi"}},{"type":"Feature","geometry":{"type":"Point","coordinates":[28.6540777,41.1109328]},"properties":{"osm_id":"node/11795301369","kategori":"eczane","ad":"Derin Eczanesi"}},{"type":"Feature","geometry":{"type":"Point","coordinates":[28.6467548,41.092184]},"properties":{"osm_id":"node/11795301769","kategori":"eczane","ad":"Flora Eczanesi"}},{"type":"Feature","geometry":{"type":"Point","coordinates":[28.7094591,41.1792137]},"properties":{"osm_id":"node/11799285170","kategori":"eczane","ad":"Doğanay Eczanesi"}},{"type":"Feature","geometry":{"type":"Point","coordinates":[28.7026006,41.1760534]},"properties":{"osm_id":"node/11799288369","kategori":"eczane","ad":"Yayla Eczanesi"}},{"type":"Feature","geometry":{"type":"Point","coordinates":[28.7291914,41.186359]},"properties":{"osm_id":"node/11799288370","kategori":"eczane","ad":"Buse Eczanesi"}},{"type":"Feature","geometry":{"type":"Point","coordinates":[28.7132508,41.1816946]},"properties":{"osm_id":"node/11799288469","kategori":"eczane","ad":"Arnavutköy Eczanesi"}},{"type":"Feature","geometry":{"type":"Point","coordinates":[28.7182664,41.1845137]},"properties":{"osm_id":"node/11799288470","kategori":"eczane","ad":"And Eczanesi"}},{"type":"Feature","geometry":{"type":"Point","coordinates":[28.7132149,41.1852836]},"properties":{"osm_id":"node/11799288569","kategori":"eczane","ad":"Ramazanoğlu Eczanesi"}},{"type":"Feature","geometry":{"type":"Point","coordinates":[28.7344811,41.1832199]},"properties":{"osm_id":"node/11799288570","kategori":"eczane","ad":"Avlu 34 Eczanesi"}},{"type":"Feature","geometry":{"type":"Point","coordinates":[28.7457828,41.2150156]},"properties":{"osm_id":"node/11799458770","kategori":"eczane","ad":"İrem Eczanesi"}},{"type":"Feature","geometry":{"type":"Point","coordinates":[28.733028,41.2082015]},"properties":{"osm_id":"node/11799458771","kategori":"eczane","ad":"İnan Eczanesi"}},{"type":"Feature","geometry":{"type":"Point","coordinates":[28.7431992,41.2011911]},"properties":{"osm_id":"node/11799458772","kategori":"eczane","ad":"Kaya Eczanesi"}},{"type":"Feature","geometry":{"type":"Point","coordinates":[28.7631098,41.20027]},"properties":{"osm_id":"node/11799458773","kategori":"eczane","ad":"Bolluca Eczanesi"}},{"type":"Feature","geometry":{"type":"Point","coordinates":[28.762557,41.1893519]},"properties":{"osm_id":"node/11799458774","kategori":"eczane","ad":"Nar Eczanesi"}},{"type":"Feature","geometry":{"type":"Point","coordinates":[28.7454578,41.2147023]},"properties":{"osm_id":"node/11799472969","kategori":"eczane","ad":"İmrahor Gümüş Eczanesi"}},{"type":"Feature","geometry":{"type":"Point","coordinates":[28.7282501,41.1969297]},"properties":{"osm_id":"node/11799472970","kategori":"eczane","ad":"Seren Eczanesi"}},{"type":"Feature","geometry":{"type":"Point","coordinates":[28.7361291,41.1897043]},"properties":{"osm_id":"node/11799472971","kategori":"eczane","ad":"Derya Eczanesi"}},{"type":"Feature","geometry":{"type":"Point","coordinates":[28.7471583,41.1933681]},"properties":{"osm_id":"node/11799472972","kategori":"eczane","ad":"Şeyma Eczanesi"}},{"type":"Feature","geometry":{"type":"Point","coordinates":[28.7651819,41.2013373]},"properties":{"osm_id":"node/11799472973","kategori":"eczane","ad":"Mavigöl Büşra Eczanesi"}},{"type":"Feature","geometry":{"type":"Point","coordinates":[28.7637186,41.2001203]},"properties":{"osm_id":"node/11799472974","kategori":"eczane","ad":"Kübra Eczanesi"}},{"type":"Feature","geometry":{"type":"Point","coordinates":[28.7632426,41.1856682]},"properties":{"osm_id":"node/11799472975","kategori":"eczane","ad":"Genç Eczanesi"}},{"type":"Feature","geometry":{"type":"Point","coordinates":[28.7596396,41.1845476]},"properties":{"osm_id":"node/11799472976","kategori":"eczane","ad":"Sevgi Eczanesi"}},{"type":"Feature","geometry":{"type":"Point","coordinates":[28.7593214,41.1842124]},"properties":{"osm_id":"node/11799472977","kategori":"eczane","ad":"Boğazköy Şifa Eczanesi"}},{"type":"Feature","geometry":{"type":"Point","coordinates":[28.7428575,41.2014595]},"properties":{"osm_id":"node/11799473069","kategori":"eczane","ad":"Suatlar Eczanesi"}},{"type":"Feature","geometry":{"type":"Point","coordinates":[28.7276708,41.1989332]},"properties":{"osm_id":"node/11799473070","kategori":"eczane","ad":"Çağla Eczanesi"}},{"type":"Feature","geometry":{"type":"Point","coordinates":[28.7622017,41.1862734]},"properties":{"osm_id":"node/11799473071","kategori":"eczane","ad":"Boğazköy Eczanesi"}},{"type":"Feature","geometry":{"type":"Point","coordinates":[28.7318016,41.1930332]},"properties":{"osm_id":"node/11799473569","kategori":"eczane","ad":"Çiçek Eczanesi"}},{"type":"Feature","geometry":{"type":"Point","coordinates":[28.7468728,41.1934046]},"properties":{"osm_id":"node/11799473570","kategori":"eczane","ad":"Olgaç Eczanesi"}},{"type":"Feature","geometry":{"type":"Point","coordinates":[28.7319343,41.1924739]},"properties":{"osm_id":"node/11799473669","kategori":"eczane","ad":"İnci Eczanesi"}},{"type":"Feature","geometry":{"type":"Point","coordinates":[28.7605224,41.1849749]},"properties":{"osm_id":"node/11799473670","kategori":"eczane","ad":"Yeni Hayat Eczanesi"}},{"type":"Feature","geometry":{"type":"Point","coordinates":[28.748088,41.1845631]},"properties":{"osm_id":"node/11799489970","kategori":"eczane","ad":"Portakal Eczanesi"}},{"type":"Feature","geometry":{"type":"Point","coordinates":[28.7469265,41.1844395]},"properties":{"osm_id":"node/11799489971","kategori":"eczane","ad":"Anadolu Eczanesi"}},{"type":"Feature","geometry":{"type":"Point","coordinates":[28.7534758,41.1858401]},"properties":{"osm_id":"node/11799491569","kategori":"eczane","ad":"Çam Eczanesi"}},{"type":"Feature","geometry":{"type":"Point","coordinates":[28.7520967,41.188204]},"properties":{"osm_id":"node/11799491570","kategori":"eczane","ad":"Miyase Eczanesi"}},{"type":"Feature","geometry":{"type":"Point","coordinates":[28.750071,41.1858043]},"properties":{"osm_id":"node/11799491571","kategori":"eczane","ad":"Kelebek Eczanesi"}},{"type":"Feature","geometry":{"type":"Point","coordinates":[28.7473311,41.1817371]},"properties":{"osm_id":"node/11799491572","kategori":"eczane","ad":"Darüşşifa Eczanesi"}},{"type":"Feature","geometry":{"type":"Point","coordinates":[28.7495239,41.18832]},"properties":{"osm_id":"node/11799491669","kategori":"eczane","ad":"Büşra Eczanesi"}},{"type":"Feature","geometry":{"type":"Point","coordinates":[28.7458975,41.1783026]},"properties":{"osm_id":"node/11799886569","kategori":"eczane","ad":"Tezel Eczanesi"}},{"type":"Feature","geometry":{"type":"Point","coordinates":[28.7440828,41.1816999]},"properties":{"osm_id":"node/11799886570","kategori":"eczane","ad":"Ecem Eczanesi"}},{"type":"Feature","geometry":{"type":"Point","coordinates":[28.7464008,41.1824321]},"properties":{"osm_id":"node/11799886571","kategori":"eczane","ad":"Arnavutköy Özge Eczanesi"}},{"type":"Feature","geometry":{"type":"Point","coordinates":[28.7420899,41.1844287]},"properties":{"osm_id":"node/11799886572","kategori":"eczane","ad":"Şifa Eczanesi"}},{"type":"Feature","geometry":{"type":"Point","coordinates":[28.739569,41.182608]},"properties":{"osm_id":"node/11799886573","kategori":"eczane","ad":"Meydan Eczanesi"}},{"type":"Feature","geometry":{"type":"Point","coordinates":[28.7372984,41.1852293]},"properties":{"osm_id":"node/11799886574","kategori":"eczane","ad":"Canan Arnavutköy Eczanesi"}},{"type":"Feature","geometry":{"type":"Point","coordinates":[28.7459918,41.1783104]},"properties":{"osm_id":"node/11799886669","kategori":"eczane","ad":"Yaylalı"}},{"type":"Feature","geometry":{"type":"Point","coordinates":[28.7463493,41.1786089]},"properties":{"osm_id":"node/11799886670","kategori":"eczane","ad":"Arnavutköy Şifa Eczanesi"}},{"type":"Feature","geometry":{"type":"Point","coordinates":[28.7457906,41.1787397]},"properties":{"osm_id":"node/11799886671","kategori":"eczane","ad":"Seyidoğlu Eczanesi"}},{"type":"Feature","geometry":{"type":"Point","coordinates":[28.7455922,41.1829059]},"properties":{"osm_id":"node/11799886672","kategori":"eczane","ad":"Bilgiç Eczanesi"}},{"type":"Feature","geometry":{"type":"Point","coordinates":[28.7449669,41.1842555]},"properties":{"osm_id":"node/11799886673","kategori":"eczane","ad":"Marmara Eczanesi"}},{"type":"Feature","geometry":{"type":"Point","coordinates":[28.7420416,41.1839939]},"properties":{"osm_id":"node/11799886674","kategori":"eczane","ad":"Ömür Eczanesi"}},{"type":"Feature","geometry":{"type":"Point","coordinates":[28.741463,41.182405]},"properties":{"osm_id":"node/11799886675","kategori":"eczane","ad":"Merve Nur Eczanesi"}},{"type":"Feature","geometry":{"type":"Point","coordinates":[28.7371301,41.1852863]},"properties":{"osm_id":"node/11799886676","kategori":"eczane","ad":"Aslı Arnavutköy Eczanesi"}},{"type":"Feature","geometry":{"type":"Point","coordinates":[28.7373622,41.18517]},"properties":{"osm_id":"node/11799886677","kategori":"eczane","ad":"Serhad Eczanesi"}},{"type":"Feature","geometry":{"type":"Point","coordinates":[28.7460797,41.1783665]},"properties":{"osm_id":"node/11799886769","kategori":"eczane","ad":"Taner Eczanesi"}},{"type":"Feature","geometry":{"type":"Point","coordinates":[28.7463732,41.1790309]},"properties":{"osm_id":"node/11799886770","kategori":"eczane","ad":"Ferdem Eczanesi"}},{"type":"Feature","geometry":{"type":"Point","coordinates":[28.7442459,41.1815947]},"properties":{"osm_id":"node/11799886771","kategori":"eczane","ad":"Hayat Eczanesi"}},{"type":"Feature","geometry":{"type":"Point","coordinates":[28.7458661,41.1838533]},"properties":{"osm_id":"node/11799886772","kategori":"eczane","ad":"Nilay Eczanesi"}},{"type":"Feature","geometry":{"type":"Point","coordinates":[28.7442417,41.1844171]},"properties":{"osm_id":"node/11799886773","kategori":"eczane","ad":"Ela Eczanesi"}},{"type":"Feature","geometry":{"type":"Point","coordinates":[28.7431093,41.1841518]},"properties":{"osm_id":"node/11799886774","kategori":"eczane","ad":"Güneş Eczanesi"}},{"type":"Feature","geometry":{"type":"Point","coordinates":[28.7409611,41.1818534]},"properties":{"osm_id":"node/11799886775","kategori":"eczane","ad":"Özdemir Eczanesi"}},{"type":"Feature","geometry":{"type":"Point","coordinates":[28.7372439,41.1816038]},"properties":{"osm_id":"node/11799886776","kategori":"eczane","ad":"Sedef Eczanesi"}},{"type":"Feature","geometry":{"type":"Point","coordinates":[28.7369244,41.184887]},"properties":{"osm_id":"node/11799886777","kategori":"eczane","ad":"Adem Eczanesi"}},{"type":"Feature","geometry":{"type":"Point","coordinates":[28.737495,41.185053]},"properties":{"osm_id":"node/11799886778","kategori":"eczane","ad":"Gamze Eczanesi"}},{"type":"Feature","geometry":{"type":"Point","coordinates":[28.7449914,41.1791506]},"properties":{"osm_id":"node/11799886869","kategori":"eczane","ad":"Veda Alp Eczanesi"}},{"type":"Feature","geometry":{"type":"Point","coordinates":[28.7382537,41.1847089]},"properties":{"osm_id":"node/11799891369","kategori":"eczane","ad":"Beyza Onarer Eczanesi"}},{"type":"Feature","geometry":{"type":"Point","coordinates":[28.739663,41.184502]},"properties":{"osm_id":"node/11799891469","kategori":"eczane","ad":"Ezgi Eczanesi"}},{"type":"Feature","geometry":{"type":"Point","coordinates":[28.7398453,41.1859586]},"properties":{"osm_id":"node/11799891470","kategori":"eczane","ad":"Sağlık Eczanesi"}},{"type":"Feature","geometry":{"type":"Point","coordinates":[28.852591,41.1480765]},"properties":{"osm_id":"node/11800306570","kategori":"eczane","ad":"Kamile Eczanesi"}},{"type":"Feature","geometry":{"type":"Point","coordinates":[28.8384364,41.1333233]},"properties":{"osm_id":"node/11800306571","kategori":"eczane","ad":"Habibler Eczanesi"}},{"type":"Feature","geometry":{"type":"Point","coordinates":[28.8069468,41.1203597]},"properties":{"osm_id":"node/11800312170","kategori":"eczane","ad":"Çağrı Yancar Eczanesi"}},{"type":"Feature","geometry":{"type":"Point","coordinates":[28.8308711,41.1317155]},"properties":{"osm_id":"node/11800313870","kategori":"eczane","ad":"Yaşam Eczanesi"}},{"type":"Feature","geometry":{"type":"Point","coordinates":[28.8313645,41.1322214]},"properties":{"osm_id":"node/11800313871","kategori":"eczane","ad":"Seda Eczanesi"}},{"type":"Feature","geometry":{"type":"Point","coordinates":[28.8312437,41.1315612]},"properties":{"osm_id":"node/11800313872","kategori":"eczane","ad":"Karadeniz Eczanesi"}},{"type":"Feature","geometry":{"type":"Point","coordinates":[28.8101711,41.1147064]},"properties":{"osm_id":"node/11800313873","kategori":"eczane","ad":"Portakal Eczanesi"}},{"type":"Feature","geometry":{"type":"Point","coordinates":[28.8070969,41.1205337]},"properties":{"osm_id":"node/11800313874","kategori":"eczane","ad":"Atakul Eczanesi"}},{"type":"Feature","geometry":{"type":"Point","coordinates":[28.8076345,41.1203856]},"properties":{"osm_id":"node/11800313875","kategori":"eczane","ad":"Orkide Eczanesi"}},{"type":"Feature","geometry":{"type":"Point","coordinates":[28.838523,41.1328072]},"properties":{"osm_id":"node/11800319469","kategori":"eczane","ad":"Kardelen Eczanesi"}},{"type":"Feature","geometry":{"type":"Point","coordinates":[28.8315348,41.1328991]},"properties":{"osm_id":"node/11800319470","kategori":"eczane","ad":"Meydan Habipler Eczanesi"}},{"type":"Feature","geometry":{"type":"Point","coordinates":[28.8098431,41.1086351]},"properties":{"osm_id":"node/11800319471","kategori":"eczane","ad":"Melita Eczanesi"}},{"type":"Feature","geometry":{"type":"Point","coordinates":[28.8802675,41.1859583]},"properties":{"osm_id":"node/11801434370","kategori":"eczane","ad":"Yağmur Eczanesi"}},{"type":"Feature","geometry":{"type":"Point","coordinates":[28.888596,41.1831188]},"properties":{"osm_id":"node/11801434371","kategori":"eczane","ad":"Narçiçeği Eczanesi"}},{"type":"Feature","geometry":{"type":"Point","coordinates":[28.8927435,41.1821401]},"properties":{"osm_id":"node/11801434372","kategori":"eczane","ad":"Özgen Eczanesi"}},{"type":"Feature","geometry":{"type":"Point","coordinates":[28.8864699,41.1770701]},"properties":{"osm_id":"node/11801434373","kategori":"eczane","ad":"Göktürk Eczanesi"}},{"type":"Feature","geometry":{"type":"Point","coordinates":[28.8847294,41.1798706]},"properties":{"osm_id":"node/11801434374","kategori":"eczane","ad":"Larus Eczanesi"}},{"type":"Feature","geometry":{"type":"Point","coordinates":[28.8889398,41.1790927]},"properties":{"osm_id":"node/11801434375","kategori":"eczane","ad":"Erbay Eczanesi"}},{"type":"Feature","geometry":{"type":"Point","coordinates":[28.889622,41.1790099]},"properties":{"osm_id":"node/11801434376","kategori":"eczane","ad":"Mimoza Eczanesi"}},{"type":"Feature","geometry":{"type":"Point","coordinates":[28.8912294,41.1786661]},"properties":{"osm_id":"node/11801434377","kategori":"eczane","ad":"Meltem Eczanesi"}},{"type":"Feature","geometry":{"type":"Point","coordinates":[28.8812355,41.1846741]},"properties":{"osm_id":"node/11801437470","kategori":"eczane","ad":"İnci Eczanesi"}},{"type":"Feature","geometry":{"type":"Point","coordinates":[28.88575,41.1776945]},"properties":{"osm_id":"node/11801437471","kategori":"eczane","ad":"Kahvecioğlu Yıldız Eczanesi"}},{"type":"Feature","geometry":{"type":"Point","coordinates":[28.8855781,41.1795635]},"properties":{"osm_id":"node/11801437472","kategori":"eczane","ad":"Dinç Eczanesi"}},{"type":"Feature","geometry":{"type":"Point","coordinates":[28.8882404,41.1791053]},"properties":{"osm_id":"node/11801437473","kategori":"eczane","ad":"Gül Eczanesi"}},{"type":"Feature","geometry":{"type":"Point","coordinates":[28.8836509,41.1842245]},"properties":{"osm_id":"node/11801437770","kategori":"eczane","ad":"Dilşat Eczanesi"}},{"type":"Feature","geometry":{"type":"Point","coordinates":[28.8892338,41.1815324]},"properties":{"osm_id":"node/11801437771","kategori":"eczane","ad":"Flora Eczanesi"}},{"type":"Feature","geometry":{"type":"Point","coordinates":[28.8896757,41.1803908]},"properties":{"osm_id":"node/11801437772","kategori":"eczane","ad":"Oksijen Eczanesi"}},{"type":"Feature","geometry":{"type":"Point","coordinates":[28.8929667,41.178196]},"properties":{"osm_id":"node/11801437773","kategori":"eczane","ad":"Onur Eczanesi"}},{"type":"Feature","geometry":{"type":"Point","coordinates":[28.8832651,41.1796849]},"properties":{"osm_id":"node/11801437774","kategori":"eczane","ad":"Talya Eczanesi"}},{"type":"Feature","geometry":{"type":"Point","coordinates":[28.8868581,41.1849779]},"properties":{"osm_id":"node/11801445169","kategori":"eczane","ad":"Selin Eczanesi"}},{"type":"Feature","geometry":{"type":"Point","coordinates":[28.8870016,41.183706]},"properties":{"osm_id":"node/11801445170","kategori":"eczane","ad":"Erdal Filik Eczanesi"}},{"type":"Feature","geometry":{"type":"Point","coordinates":[28.893719,41.1796173]},"properties":{"osm_id":"node/11801445171","kategori":"eczane","ad":"Çamlık Eczanesi"}},{"type":"Feature","geometry":{"type":"Point","coordinates":[28.8891572,41.1824209]},"properties":{"osm_id":"node/11801445269","kategori":"eczane","ad":"Göktürk Sibel Eczanesi"}},{"type":"Feature","geometry":{"type":"Point","coordinates":[28.8871094,41.1792286]},"properties":{"osm_id":"node/11801445270","kategori":"eczane","ad":"Sedef Eczanesi"}},{"type":"Feature","geometry":{"type":"Point","coordinates":[28.8910937,41.1785455]},"properties":{"osm_id":"node/11801445271","kategori":"eczane","ad":"Derya Kaya Eczanesi"}},{"type":"Feature","geometry":{"type":"Point","coordinates":[28.8910017,41.1767908]},"properties":{"osm_id":"node/11801445369","kategori":"eczane","ad":"Banu Eczanesi"}},{"type":"Feature","geometry":{"type":"Point","coordinates":[28.8868607,41.1776247]},"properties":{"osm_id":"node/11801445370","kategori":"eczane","ad":"Arzu Eczanesi"}},{"type":"Feature","geometry":{"type":"Point","coordinates":[28.8834615,41.1794108]},"properties":{"osm_id":"node/11801445469","kategori":"eczane","ad":"Şifa Eczanesi"}},{"type":"Feature","geometry":{"type":"Point","coordinates":[28.9188867,41.1560929]},"properties":{"osm_id":"node/11801445470","kategori":"eczane","ad":"Kemerburgaz Arium Eczanesi"}},{"type":"Feature","geometry":{"type":"Point","coordinates":[28.9146737,41.1567906]},"properties":{"osm_id":"node/11801459270","kategori":"eczane","ad":"Vardar Eczanesi"}},{"type":"Feature","geometry":{"type":"Point","coordinates":[28.9112646,41.1604183]},"properties":{"osm_id":"node/11801459271","kategori":"eczane","ad":"Aysun Eczanesi"}},{"type":"Feature","geometry":{"type":"Point","coordinates":[28.9165829,41.154286]},"properties":{"osm_id":"node/11801464169","kategori":"eczane","ad":"Öge Eczanesi"}},{"type":"Feature","geometry":{"type":"Point","coordinates":[28.9129248,41.1587551]},"properties":{"osm_id":"node/11801464170","kategori":"eczane","ad":"Doğa Eczanesi"}},{"type":"Feature","geometry":{"type":"Point","coordinates":[28.9140988,41.1590847]},"properties":{"osm_id":"node/11801464269","kategori":"eczane","ad":"Aven Eczanesi"}},{"type":"Feature","geometry":{"type":"Point","coordinates":[28.9124113,41.1589552]},"properties":{"osm_id":"node/11801464369","kategori":"eczane","ad":"Mert Eczanesi"}},{"type":"Feature","geometry":{"type":"Point","coordinates":[29.0211987,41.2081615]},"properties":{"osm_id":"node/11801478270","kategori":"eczane","ad":"Zekeriyaköy Eczanesi"}},{"type":"Feature","geometry":{"type":"Point","coordinates":[29.072987,41.1822871]},"properties":{"osm_id":"node/11801478271","kategori":"eczane","ad":"Aydın Eczanesi"}},{"type":"Feature","geometry":{"type":"Point","coordinates":[29.0384744,41.2114584]},"properties":{"osm_id":"node/11801484669","kategori":"eczane","ad":"Organik Eczanesi"}},{"type":"Feature","geometry":{"type":"Point","coordinates":[29.0205796,41.2079071]},"properties":{"osm_id":"node/11801484670","kategori":"eczane","ad":"Nar Eczanesi"}},{"type":"Feature","geometry":{"type":"Point","coordinates":[29.0416008,41.1867762]},"properties":{"osm_id":"node/11801484671","kategori":"eczane","ad":"Ada Eczanesi"}},{"type":"Feature","geometry":{"type":"Point","coordinates":[29.0345306,41.2023973]},"properties":{"osm_id":"node/11801484769","kategori":"eczane","ad":"Köy Eczanesi"}},{"type":"Feature","geometry":{"type":"Point","coordinates":[29.022156,41.2085145]},"properties":{"osm_id":"node/11801484869","kategori":"eczane","ad":"Zekeriyaköy Şifa Eczanesi"}},{"type":"Feature","geometry":{"type":"Point","coordinates":[29.0506115,41.1938458]},"properties":{"osm_id":"node/11801484870","kategori":"eczane","ad":"Panaroma Life Eczanesi"}},{"type":"Feature","geometry":{"type":"Point","coordinates":[29.0460044,41.1906952]},"properties":{"osm_id":"node/11801484969","kategori":"eczane","ad":"Boğaziçi Site Eczanesi"}},{"type":"Feature","geometry":{"type":"Point","coordinates":[29.0873614,41.1471842]},"properties":{"osm_id":"node/11802067570","kategori":"eczane","ad":"Emek Eczanesi"}},{"type":"Feature","geometry":{"type":"Point","coordinates":[29.0873646,41.1463037]},"properties":{"osm_id":"node/11802067670","kategori":"eczane","ad":"Hilal Eczanesi"}},{"type":"Feature","geometry":{"type":"Point","coordinates":[29.1030296,41.1282006]},"properties":{"osm_id":"node/11802067671","kategori":"eczane","ad":"Boğaziçi Eczanesi"}},{"type":"Feature","geometry":{"type":"Point","coordinates":[29.0966173,41.1591543]},"properties":{"osm_id":"node/11802074669","kategori":"eczane","ad":"Tokatköy Gönül Eczanesi"}},{"type":"Feature","geometry":{"type":"Point","coordinates":[29.1017502,41.1275688]},"properties":{"osm_id":"node/11802074670","kategori":"eczane","ad":"Gümüşsuyu Eczanesi"}},{"type":"Feature","geometry":{"type":"Point","coordinates":[29.0967625,41.1593184]},"properties":{"osm_id":"node/11802074769","kategori":"eczane","ad":"Kuzey Eczanesi"}},{"type":"Feature","geometry":{"type":"Point","coordinates":[29.0874439,41.1475313]},"properties":{"osm_id":"node/11802074770","kategori":"eczane","ad":"İlkem Eczanesi"}},{"type":"Feature","geometry":{"type":"Point","coordinates":[29.0873672,41.1460003]},"properties":{"osm_id":"node/11802074771","kategori":"eczane","ad":"Çayır Eczanesi"}},{"type":"Feature","geometry":{"type":"Point","coordinates":[29.0900571,41.1510343]},"properties":{"osm_id":"node/11802074869","kategori":"eczane","ad":"Handan Eczanesi"}},{"type":"Feature","geometry":{"type":"Point","coordinates":[29.0873989,41.1448065]},"properties":{"osm_id":"node/11802074870","kategori":"eczane","ad":"Ortaçeşme Şifa Eczanesi"}},{"type":"Feature","geometry":{"type":"Point","coordinates":[29.0871016,41.1396556]},"properties":{"osm_id":"node/11802074871","kategori":"eczane","ad":"Yeni Yalıköy Eczanesi"}},{"type":"Feature","geometry":{"type":"Point","coordinates":[29.4165153,40.926674]},"properties":{"osm_id":"node/11804364569","kategori":"eczane","ad":"Edep Eczanesi"}},{"type":"Feature","geometry":{"type":"Point","coordinates":[29.3919561,40.90861]},"properties":{"osm_id":"node/11804364669","kategori":"eczane","ad":"Bal Eczanesi"}},{"type":"Feature","geometry":{"type":"Point","coordinates":[29.2887203,40.8167147]},"properties":{"osm_id":"node/11804523669","kategori":"eczane","ad":"Tuğba Eczanesi"}},{"type":"Feature","geometry":{"type":"Point","coordinates":[29.2963098,40.8566399]},"properties":{"osm_id":"node/11804523670","kategori":"eczane","ad":"Cantürk Eczanesi"}},{"type":"Feature","geometry":{"type":"Point","coordinates":[29.2210374,41.0130171]},"properties":{"osm_id":"node/11813297381","kategori":"eczane","ad":"Canan Eczanesi"}},{"type":"Feature","geometry":{"type":"Point","coordinates":[29.2650337,40.9756365]},"properties":{"osm_id":"node/11873329669","kategori":"eczane","ad":"Bulvar Eczanesi"}},{"type":"Feature","geometry":{"type":"Point","coordinates":[29.2655384,40.9778369]},"properties":{"osm_id":"node/11873344569","kategori":"eczane","ad":"Şueda Eczanesi"}},{"type":"Feature","geometry":{"type":"Point","coordinates":[29.265844,40.9790591]},"properties":{"osm_id":"node/11873344570","kategori":"eczane","ad":"Ihlamur Eczanesi"}},{"type":"Feature","geometry":{"type":"Point","coordinates":[29.2664854,40.9813227]},"properties":{"osm_id":"node/11873346469","kategori":"eczane","ad":"Bosna Eczanesi"}},{"type":"Feature","geometry":{"type":"Point","coordinates":[29.2614505,40.9814161]},"properties":{"osm_id":"node/11873349269","kategori":"eczane","ad":"Yorulmaz Eczanesi"}},{"type":"Feature","geometry":{"type":"Point","coordinates":[29.2620856,40.9820575]},"properties":{"osm_id":"node/11873366769","kategori":"eczane","ad":"Hilal Eczanesi"}},{"type":"Feature","geometry":{"type":"Point","coordinates":[29.2620749,40.9823083]},"properties":{"osm_id":"node/11873366869","kategori":"eczane","ad":"Kübra Eczanesi"}},{"type":"Feature","geometry":{"type":"Point","coordinates":[29.2611924,40.9820309]},"properties":{"osm_id":"node/11873366870","kategori":"eczane","ad":"Adil Eczanesi"}},{"type":"Feature","geometry":{"type":"Point","coordinates":[29.2615517,40.9820411]},"properties":{"osm_id":"node/11873366969","kategori":"eczane","ad":"Mine Eczanesi"}},{"type":"Feature","geometry":{"type":"Point","coordinates":[29.2505334,40.9962671]},"properties":{"osm_id":"node/11873366970","kategori":"eczane","ad":"Lavanta Eczanesi"}},{"type":"Feature","geometry":{"type":"Point","coordinates":[29.2597417,40.9822565]},"properties":{"osm_id":"node/11873367069","kategori":"eczane","ad":"Mavisu Eczanesi"}},{"type":"Feature","geometry":{"type":"Point","coordinates":[29.2583619,40.981786]},"properties":{"osm_id":"node/11873367169","kategori":"eczane","ad":"Liva Eczanesi"}},{"type":"Feature","geometry":{"type":"Point","coordinates":[29.256198,40.9808391]},"properties":{"osm_id":"node/11873367170","kategori":"eczane","ad":"Nefes Eczanesi"}},{"type":"Feature","geometry":{"type":"Point","coordinates":[28.9826474,41.0357642]},"properties":{"osm_id":"node/11878694070","kategori":"eczane","ad":"Taksim Maya Eczanesi"}},{"type":"Feature","geometry":{"type":"Point","coordinates":[29.0132852,41.0926298]},"properties":{"osm_id":"node/11919767586","kategori":"eczane","ad":"İkbal Eczanesi"}},{"type":"Feature","geometry":{"type":"Point","coordinates":[29.231271,40.9920544]},"properties":{"osm_id":"node/11928507899","kategori":"eczane","ad":"Oğuzcan"}},{"type":"Feature","geometry":{"type":"Point","coordinates":[29.0812575,40.9795932]},"properties":{"osm_id":"node/11936887269","kategori":"eczane","ad":"Eczane Atlas"}},{"type":"Feature","geometry":{"type":"Point","coordinates":[29.0859476,40.9672151]},"properties":{"osm_id":"node/11954218769","kategori":"eczane","ad":"Eczane Suadiye İrem"}},{"type":"Feature","geometry":{"type":"Point","coordinates":[29.0519815,40.992775]},"properties":{"osm_id":"node/11978868000","kategori":"eczane","ad":"Eczane Ezgi"}},{"type":"Feature","geometry":{"type":"Point","coordinates":[29.047745,41.0070372]},"properties":{"osm_id":"node/11982518303","kategori":"eczane","ad":"Eczane Önder"}},{"type":"Feature","geometry":{"type":"Point","coordinates":[29.1128449,40.9660617]},"properties":{"osm_id":"node/11997571610","kategori":"eczane","ad":"Mehmet Can Eczanesi"}},{"type":"Feature","geometry":{"type":"Point","coordinates":[28.8311371,41.0309126]},"properties":{"osm_id":"node/12014790208","kategori":"eczane","ad":null}},{"type":"Feature","geometry":{"type":"Point","coordinates":[28.8323442,41.0359325]},"properties":{"osm_id":"node/12014813358","kategori":"eczane","ad":null}},{"type":"Feature","geometry":{"type":"Point","coordinates":[28.8353547,41.0281117]},"properties":{"osm_id":"node/12016431921","kategori":"eczane","ad":null}},{"type":"Feature","geometry":{"type":"Point","coordinates":[28.8266027,41.0357384]},"properties":{"osm_id":"node/12016432313","kategori":"eczane","ad":"Eczane Işık"}},{"type":"Feature","geometry":{"type":"Point","coordinates":[29.049149,40.9958752]},"properties":{"osm_id":"node/12050526462","kategori":"eczane","ad":"Eczane Mandarin"}},{"type":"Feature","geometry":{"type":"Point","coordinates":[29.0910571,40.9676047]},"properties":{"osm_id":"node/12060690167","kategori":"eczane","ad":"Eczane Şakacı"}},{"type":"Feature","geometry":{"type":"Point","coordinates":[29.0888399,40.9686532]},"properties":{"osm_id":"node/12067537718","kategori":"eczane","ad":"Eczane Ata"}},{"type":"Feature","geometry":{"type":"Point","coordinates":[29.0907693,41.0125249]},"properties":{"osm_id":"node/12076564904","kategori":"eczane","ad":"Eczane Vural"}},{"type":"Feature","geometry":{"type":"Point","coordinates":[29.0907803,40.9655325]},"properties":{"osm_id":"node/12083895645","kategori":"eczane","ad":"Eczane Mungan"}},{"type":"Feature","geometry":{"type":"Point","coordinates":[28.7469625,40.9790642]},"properties":{"osm_id":"node/12089565318","kategori":"eczane","ad":"Ekin Eczanesi"}},{"type":"Feature","geometry":{"type":"Point","coordinates":[29.0913603,40.9657659]},"properties":{"osm_id":"node/12090007012","kategori":"eczane","ad":"Eczane Gülnaz"}},{"type":"Feature","geometry":{"type":"Point","coordinates":[29.0839567,40.9715091]},"properties":{"osm_id":"node/12091683945","kategori":"eczane","ad":"Eczane Nazan"}},{"type":"Feature","geometry":{"type":"Point","coordinates":[29.0917663,40.9662466]},"properties":{"osm_id":"node/12097343979","kategori":"eczane","ad":"Eczane Funda"}},{"type":"Feature","geometry":{"type":"Point","coordinates":[29.0769278,40.9723491]},"properties":{"osm_id":"node/12115554364","kategori":"eczane","ad":"Eczane Hekimoğlu"}},{"type":"Feature","geometry":{"type":"Point","coordinates":[29.0739919,40.9725762]},"properties":{"osm_id":"node/12117352261","kategori":"eczane","ad":"Eczane Tülin"}},{"type":"Feature","geometry":{"type":"Point","coordinates":[29.0943038,40.9727573]},"properties":{"osm_id":"node/12127071801","kategori":"eczane","ad":"Eczane Orkun"}},{"type":"Feature","geometry":{"type":"Point","coordinates":[29.216304,40.9169761]},"properties":{"osm_id":"node/12135412901","kategori":"eczane","ad":"Bizim Eczanesi"}},{"type":"Feature","geometry":{"type":"Point","coordinates":[28.6674422,41.0784641]},"properties":{"osm_id":"node/12147487105","kategori":"eczane","ad":"Şehir Eczanesi"}},{"type":"Feature","geometry":{"type":"Point","coordinates":[28.6573906,41.0751356]},"properties":{"osm_id":"node/12147491301","kategori":"eczane","ad":"Ege Eczanesi"}},{"type":"Feature","geometry":{"type":"Point","coordinates":[29.0721029,40.969103]},"properties":{"osm_id":"node/12149504201","kategori":"eczane","ad":"Eczane Pera"}},{"type":"Feature","geometry":{"type":"Point","coordinates":[29.0466369,40.9784373]},"properties":{"osm_id":"node/12155203002","kategori":"eczane","ad":"Eczane Yalçın"}},{"type":"Feature","geometry":{"type":"Point","coordinates":[28.9730315,41.0871871]},"properties":{"osm_id":"node/12158601171","kategori":"eczane","ad":null}},{"type":"Feature","geometry":{"type":"Point","coordinates":[28.9722413,41.0941159]},"properties":{"osm_id":"node/12159500573","kategori":"eczane","ad":"Alara Eczanesi"}},{"type":"Feature","geometry":{"type":"Point","coordinates":[29.3249796,40.9370301]},"properties":{"osm_id":"node/12163086501","kategori":"eczane","ad":"Viaport Eczanesi"}},{"type":"Feature","geometry":{"type":"Point","coordinates":[29.2169414,40.9121803]},"properties":{"osm_id":"node/12166479789","kategori":"eczane","ad":"Kartal Cadde Eczanesi"}},{"type":"Feature","geometry":{"type":"Point","coordinates":[29.0928418,40.9759829]},"properties":{"osm_id":"node/12183789576","kategori":"eczane","ad":"Koza Eczanesi"}},{"type":"Feature","geometry":{"type":"Point","coordinates":[28.98649,41.0682324]},"properties":{"osm_id":"node/12193031070","kategori":"eczane","ad":"Simge Eczane"}},{"type":"Feature","geometry":{"type":"Point","coordinates":[29.1040651,41.0240785]},"properties":{"osm_id":"node/12193998830","kategori":"eczane","ad":"Nurkan Pharmacy"}},{"type":"Feature","geometry":{"type":"Point","coordinates":[29.0808808,40.9744363]},"properties":{"osm_id":"node/12197621278","kategori":"eczane","ad":"Eczane Mısra Kan"}},{"type":"Feature","geometry":{"type":"Point","coordinates":[28.8985835,41.1011746]},"properties":{"osm_id":"node/12198605501","kategori":"eczane","ad":"Pirhan Eczanesi"}},{"type":"Feature","geometry":{"type":"Point","coordinates":[28.9844355,41.0682]},"properties":{"osm_id":"node/12200346128","kategori":"eczane","ad":"Şişli Altuğ Eczanesi"}},{"type":"Feature","geometry":{"type":"Point","coordinates":[29.0722537,41.0233787]},"properties":{"osm_id":"node/12207385201","kategori":"eczane","ad":"Rıveyda Eczanesi"}},{"type":"Feature","geometry":{"type":"Point","coordinates":[29.0223864,41.0144965]},"properties":{"osm_id":"node/12240892901","kategori":"eczane","ad":"Selin"}},{"type":"Feature","geometry":{"type":"Point","coordinates":[28.9155204,41.0531681]},"properties":{"osm_id":"node/12253683053","kategori":"eczane","ad":"Ferah Eczanesi"}},{"type":"Feature","geometry":{"type":"Point","coordinates":[29.0786845,41.0018741]},"properties":{"osm_id":"node/12269376923","kategori":"eczane","ad":"Sinem"}},{"type":"Feature","geometry":{"type":"Point","coordinates":[28.9524607,41.0447424]},"properties":{"osm_id":"node/12289800904","kategori":"eczane","ad":null}},{"type":"Feature","geometry":{"type":"Point","coordinates":[28.963306,41.0452866]},"properties":{"osm_id":"node/12289801202","kategori":"eczane","ad":"Eczane kaya"}},{"type":"Feature","geometry":{"type":"Point","coordinates":[29.2270111,40.9997106]},"properties":{"osm_id":"node/12304644906","kategori":"eczane","ad":"Formül"}},{"type":"Feature","geometry":{"type":"Point","coordinates":[29.2317283,40.9936067]},"properties":{"osm_id":"node/12304648183","kategori":"eczane","ad":"Nar"}},{"type":"Feature","geometry":{"type":"Point","coordinates":[29.2269791,40.9983186]},"properties":{"osm_id":"node/12304648184","kategori":"eczane","ad":"Liva Dora"}},{"type":"Feature","geometry":{"type":"Point","coordinates":[29.0546235,40.9959452]},"properties":{"osm_id":"node/12328346330","kategori":"eczane","ad":"Şua Eczane"}},{"type":"Feature","geometry":{"type":"Point","coordinates":[29.0523905,40.9944673]},"properties":{"osm_id":"node/12334815826","kategori":"eczane","ad":"Özdemir"}},{"type":"Feature","geometry":{"type":"Point","coordinates":[28.257773,41.0720272]},"properties":{"osm_id":"node/12345837931","kategori":"eczane","ad":"Can Eczanesi"}},{"type":"Feature","geometry":{"type":"Point","coordinates":[28.9758086,41.0307305]},"properties":{"osm_id":"node/12347693508","kategori":"eczane","ad":"Eczane İstiklal Cadde"}},{"type":"Feature","geometry":{"type":"Point","coordinates":[29.0073169,41.0463142]},"properties":{"osm_id":"node/12382358057","kategori":"eczane","ad":"Vitalin Eczanesi"}},{"type":"Feature","geometry":{"type":"Point","coordinates":[29.0739553,40.9668874]},"properties":{"osm_id":"node/12453014799","kategori":"eczane","ad":"Ada Eczanesi"}},{"type":"Feature","geometry":{"type":"Point","coordinates":[28.8639904,41.1038735]},"properties":{"osm_id":"node/12458918831","kategori":"eczane","ad":"Eczane Meydan"}},{"type":"Feature","geometry":{"type":"Point","coordinates":[29.1318003,40.9813019]},"properties":{"osm_id":"node/12459179791","kategori":"eczane","ad":"Eczane Brandium"}},{"type":"Feature","geometry":{"type":"Point","coordinates":[28.9848818,41.0392571]},"properties":{"osm_id":"node/12510981400","kategori":"eczane","ad":"Eczane Taksim Lamartin"}},{"type":"Feature","geometry":{"type":"Point","coordinates":[29.047822,40.9933301]},"properties":{"osm_id":"node/12560752178","kategori":"eczane","ad":"Fortis Eczanesi"}},{"type":"Feature","geometry":{"type":"Point","coordinates":[29.1156288,40.9733428]},"properties":{"osm_id":"node/12568123633","kategori":"eczane","ad":"Büşra Eczanesi"}},{"type":"Feature","geometry":{"type":"Point","coordinates":[29.0884914,40.9725007]},"properties":{"osm_id":"node/12596427546","kategori":"eczane","ad":"Eczane Anıl"}},{"type":"Feature","geometry":{"type":"Point","coordinates":[29.0885331,40.9725562]},"properties":{"osm_id":"node/12596427547","kategori":"eczane","ad":"Eczane Nihal"}},{"type":"Feature","geometry":{"type":"Point","coordinates":[28.1939075,41.0840104]},"properties":{"osm_id":"node/12618702593","kategori":"eczane","ad":"Serra Eczane"}},{"type":"Feature","geometry":{"type":"Point","coordinates":[28.9718788,41.0613035]},"properties":{"osm_id":"node/12626367859","kategori":"eczane","ad":"Perpa Eczanesi"}},{"type":"Feature","geometry":{"type":"Point","coordinates":[29.1351722,40.9362851]},"properties":{"osm_id":"node/12630521153","kategori":"eczane","ad":"Afşar Eczanesi"}},{"type":"Feature","geometry":{"type":"Point","coordinates":[29.0752436,41.0028285]},"properties":{"osm_id":"node/12666680398","kategori":"eczane","ad":"Eylül"}},{"type":"Feature","geometry":{"type":"Point","coordinates":[29.0541139,40.9957734]},"properties":{"osm_id":"node/12666987335","kategori":"eczane","ad":"Armanç Eczane"}},{"type":"Feature","geometry":{"type":"Point","coordinates":[28.7870384,41.0208522]},"properties":{"osm_id":"node/12730738968","kategori":"eczane","ad":"Yıldız Eczanesi"}},{"type":"Feature","geometry":{"type":"Point","coordinates":[29.0106111,41.0221391]},"properties":{"osm_id":"node/12788102430","kategori":"eczane","ad":"Emir Eczanesi"}},{"type":"Feature","geometry":{"type":"Point","coordinates":[29.2521984,40.9110189]},"properties":{"osm_id":"node/12803610678","kategori":"eczane","ad":"İlkcan Eczanesi"}},{"type":"Feature","geometry":{"type":"Point","coordinates":[29.0770208,40.9708822]},"properties":{"osm_id":"node/12804044901","kategori":"eczane","ad":"Eczane Şaşkınbakkal"}},{"type":"Feature","geometry":{"type":"Point","coordinates":[28.6549309,40.9766109]},"properties":{"osm_id":"node/12809129941","kategori":"eczane","ad":"Eczane Şirin"}},{"type":"Feature","geometry":{"type":"Point","coordinates":[28.6576,40.9837926]},"properties":{"osm_id":"node/12809157255","kategori":"eczane","ad":"Eczane Hakan"}},{"type":"Feature","geometry":{"type":"Point","coordinates":[29.0779201,40.9810347]},"properties":{"osm_id":"node/12816479202","kategori":"eczane","ad":"Eczane Sahrayıcedit"}},{"type":"Feature","geometry":{"type":"Point","coordinates":[29.0787651,40.9811572]},"properties":{"osm_id":"node/12816479302","kategori":"eczane","ad":"Eczane Bilgen"}},{"type":"Feature","geometry":{"type":"Point","coordinates":[29.0835773,40.9807822]},"properties":{"osm_id":"node/12816500101","kategori":"eczane","ad":"Emir İstanbul Eczanesi"}},{"type":"Feature","geometry":{"type":"Point","coordinates":[29.0778785,41.0174064]},"properties":{"osm_id":"node/12833248666","kategori":"eczane","ad":"Yiğit Eczanesi"}},{"type":"Feature","geometry":{"type":"Point","coordinates":[29.0740728,41.0195412]},"properties":{"osm_id":"node/12840466470","kategori":"eczane","ad":"Nurşifa Eczanesi"}},{"type":"Feature","geometry":{"type":"Point","coordinates":[29.0743583,41.0194016]},"properties":{"osm_id":"node/12843600467","kategori":"eczane","ad":"Tayfun Eczanesi"}},{"type":"Feature","geometry":{"type":"Point","coordinates":[29.0766835,41.0192013]},"properties":{"osm_id":"node/12843613677","kategori":"eczane","ad":"Misket Eczanesi"}},{"type":"Feature","geometry":{"type":"Point","coordinates":[29.0751073,41.0187358]},"properties":{"osm_id":"node/12843615043","kategori":"eczane","ad":"Bulgurlu Merkez Eczanesi"}},{"type":"Feature","geometry":{"type":"Point","coordinates":[29.0169013,41.0255701]},"properties":{"osm_id":"node/12843965220","kategori":"eczane","ad":"Kız Kulesi Eczanesi"}},{"type":"Feature","geometry":{"type":"Point","coordinates":[29.0167625,41.0254547]},"properties":{"osm_id":"node/12843966585","kategori":"eczane","ad":"Selman Eczanesi"}},{"type":"Feature","geometry":{"type":"Point","coordinates":[29.0168729,41.0247937]},"properties":{"osm_id":"node/12844246612","kategori":"eczane","ad":"Büyük Üsküdar Eczanesi"}},{"type":"Feature","geometry":{"type":"Point","coordinates":[29.0164009,41.0213725]},"properties":{"osm_id":"node/12844272743","kategori":"eczane","ad":"Yeni Mimar Sinan Eczanesi"}},{"type":"Feature","geometry":{"type":"Point","coordinates":[28.7127089,40.9954118]},"properties":{"osm_id":"node/12848795548","kategori":"eczane","ad":"Akbulut Eczanesi"}},{"type":"Feature","geometry":{"type":"Point","coordinates":[28.7124683,40.9976907]},"properties":{"osm_id":"node/12848807538","kategori":"eczane","ad":"Ebru Eczanesi"}},{"type":"Feature","geometry":{"type":"Point","coordinates":[29.0276558,40.9894787]},"properties":{"osm_id":"node/12849131861","kategori":"eczane","ad":"Serasker Cadde"}},{"type":"Feature","geometry":{"type":"Point","coordinates":[29.0823529,41.0237425]},"properties":{"osm_id":"node/12864725994","kategori":"eczane","ad":"Sinope Eczanesi"}},{"type":"Feature","geometry":{"type":"Point","coordinates":[29.1383274,41.007635]},"properties":{"osm_id":"node/12865016791","kategori":"eczane","ad":"Eczane Kafkaslı"}},{"type":"Feature","geometry":{"type":"Point","coordinates":[29.0986359,41.0346188]},"properties":{"osm_id":"node/12886682684","kategori":"eczane","ad":"Nisan Eczanesi"}},{"type":"Feature","geometry":{"type":"Point","coordinates":[29.0919985,41.0264782]},"properties":{"osm_id":"node/12887162320","kategori":"eczane","ad":"Sipahi Eczanesi"}},{"type":"Feature","geometry":{"type":"Point","coordinates":[29.0749353,41.0157971]},"properties":{"osm_id":"node/12887270577","kategori":"eczane","ad":"Işıklı Eczanesi"}},{"type":"Feature","geometry":{"type":"Point","coordinates":[29.0811363,41.0213715]},"properties":{"osm_id":"node/12888103068","kategori":"eczane","ad":"Duru Eczanesi"}},{"type":"Feature","geometry":{"type":"Point","coordinates":[29.0997239,41.015773]},"properties":{"osm_id":"node/12888707375","kategori":"eczane","ad":"Hilmi Eczanesi"}},{"type":"Feature","geometry":{"type":"Point","coordinates":[28.7322509,41.1898297]},"properties":{"osm_id":"node/12894644006","kategori":"eczane","ad":"Sırma Eczanesi"}},{"type":"Feature","geometry":{"type":"Point","coordinates":[29.2319048,41.0256717]},"properties":{"osm_id":"node/12896438719","kategori":"eczane","ad":"Zeynep Eczanesi"}},{"type":"Feature","geometry":{"type":"Point","coordinates":[29.0671223,40.9798684]},"properties":{"osm_id":"node/12912486686","kategori":"eczane","ad":"Damlataş Eczanesi"}},{"type":"Feature","geometry":{"type":"Point","coordinates":[29.0241667,41.0147529]},"properties":{"osm_id":"node/12918368341","kategori":"eczane","ad":"Eczane Altın"}},{"type":"Feature","geometry":{"type":"Point","coordinates":[28.9160559,41.0803375]},"properties":{"osm_id":"node/12920131765","kategori":"eczane","ad":"Ceylan Eczane"}},{"type":"Feature","geometry":{"type":"Point","coordinates":[29.2789917,40.9305985]},"properties":{"osm_id":"node/12922135500","kategori":"eczane","ad":"Eczane Ege"}},{"type":"Feature","geometry":{"type":"Point","coordinates":[29.0210786,41.0278476]},"properties":{"osm_id":"node/12947062833","kategori":"eczane","ad":"Sultantepe Eczanesi"}},{"type":"Feature","geometry":{"type":"Point","coordinates":[29.2156482,41.0060126]},"properties":{"osm_id":"node/12980713456","kategori":"eczane","ad":"Aylin Eczanesi"}},{"type":"Feature","geometry":{"type":"Point","coordinates":[29.1343443,40.9255194]},"properties":{"osm_id":"node/12994520669","kategori":"eczane","ad":"Üniversite Eczanesi"}},{"type":"Feature","geometry":{"type":"Point","coordinates":[29.1343769,40.9255408]},"properties":{"osm_id":"node/12994520670","kategori":"eczane","ad":"Sağlık Eczanesi"}},{"type":"Feature","geometry":{"type":"Point","coordinates":[29.3078791,40.8289826]},"properties":{"osm_id":"node/12997541272","kategori":"eczane","ad":null}},{"type":"Feature","geometry":{"type":"Point","coordinates":[29.1712823,40.9060136]},"properties":{"osm_id":"node/13018789508","kategori":"eczane","ad":"Hanımeli Eczanesi"}},{"type":"Feature","geometry":{"type":"Point","coordinates":[29.2803991,40.8593663]},"properties":{"osm_id":"node/13034024600","kategori":"eczane","ad":"Eczane Bayraktar"}},{"type":"Feature","geometry":{"type":"Point","coordinates":[29.0918521,40.9727266]},"properties":{"osm_id":"node/13064888602","kategori":"eczane","ad":"Eczane Utku"}},{"type":"Feature","geometry":{"type":"Point","coordinates":[29.0885832,40.9563574]},"properties":{"osm_id":"node/13074183002","kategori":"eczane","ad":"Eczane Maya"}},{"type":"Feature","geometry":{"type":"Point","coordinates":[28.6331066,40.9956306]},"properties":{"osm_id":"node/13092785720","kategori":"eczane","ad":null}},{"type":"Feature","geometry":{"type":"Point","coordinates":[29.0710317,41.0713457]},"properties":{"osm_id":"node/13115181163","kategori":"eczane","ad":"Uludağ Eczanesi"}},{"type":"Feature","geometry":{"type":"Point","coordinates":[29.0944346,40.9536151]},"properties":{"osm_id":"node/13228399625","kategori":"eczane","ad":"Uzun Bostancı Eczanesi"}},{"type":"Feature","geometry":{"type":"Point","coordinates":[29.1447582,40.9881601]},"properties":{"osm_id":"node/13243121701","kategori":"eczane","ad":"Eczane Beyaz"}},{"type":"Feature","geometry":{"type":"Point","coordinates":[29.0649489,40.9641802]},"properties":{"osm_id":"node/13247517101","kategori":"eczane","ad":"Ezcane Aqua"}},{"type":"Feature","geometry":{"type":"Point","coordinates":[28.9781387,41.0500385]},"properties":{"osm_id":"node/13274645839","kategori":"eczane","ad":"Feriköy Sezen Eczanesi"}},{"type":"Feature","geometry":{"type":"Point","coordinates":[29.3159009,40.9082739]},"properties":{"osm_id":"node/13300389943","kategori":"eczane","ad":null}},{"type":"Feature","geometry":{"type":"Point","coordinates":[29.1347446,40.9372475]},"properties":{"osm_id":"node/13306014862","kategori":"eczane","ad":"Eczane Bölgem"}},{"type":"Feature","geometry":{"type":"Point","coordinates":[29.1334471,40.934021]},"properties":{"osm_id":"node/13307741201","kategori":"eczane","ad":"Adatepe PoyraZ"}},{"type":"Feature","geometry":{"type":"Point","coordinates":[29.1306383,40.9344453]},"properties":{"osm_id":"node/13321512702","kategori":"eczane","ad":"Eczane Yeşim"}},{"type":"Feature","geometry":{"type":"Point","coordinates":[29.2947791,40.9197918]},"properties":{"osm_id":"node/13344471736","kategori":"eczane","ad":"Nihalin"}},{"type":"Feature","geometry":{"type":"Point","coordinates":[29.1351799,40.9247319]},"properties":{"osm_id":"node/13351367954","kategori":"eczane","ad":"Filiz Erçin Eczanesi"}},{"type":"Feature","geometry":{"type":"Point","coordinates":[29.181337,40.8910136]},"properties":{"osm_id":"node/13393807832","kategori":"eczane","ad":"21 Mayıs Eczanesi"}},{"type":"Feature","geometry":{"type":"Point","coordinates":[29.1817217,40.8911419]},"properties":{"osm_id":"node/13393807834","kategori":"eczane","ad":"Türay Eczanesi"}},{"type":"Feature","geometry":{"type":"Point","coordinates":[29.181491,40.8914254]},"properties":{"osm_id":"node/13393807837","kategori":"eczane","ad":"Deniz Eczanesi"}},{"type":"Feature","geometry":{"type":"Point","coordinates":[29.1824073,40.891162]},"properties":{"osm_id":"node/13394378037","kategori":"eczane","ad":"İlknur Eczanesi"}},{"type":"Feature","geometry":{"type":"Point","coordinates":[29.1805571,40.8895234]},"properties":{"osm_id":"node/13394729806","kategori":"eczane","ad":"Yeni Mesut Eczanesi"}},{"type":"Feature","geometry":{"type":"Point","coordinates":[29.247463,40.8994806]},"properties":{"osm_id":"node/13395174721","kategori":"eczane","ad":"Ali İmran Eczanesi"}},{"type":"Feature","geometry":{"type":"Point","coordinates":[28.9838351,41.0530818]},"properties":{"osm_id":"node/13397300689","kategori":"eczane","ad":null}},{"type":"Feature","geometry":{"type":"Point","coordinates":[29.1949442,40.8901027]},"properties":{"osm_id":"node/13398170103","kategori":"eczane","ad":"Yavuzselim Eczanesi"}},{"type":"Feature","geometry":{"type":"Point","coordinates":[29.1948758,40.8901269]},"properties":{"osm_id":"node/13398170104","kategori":"eczane","ad":"Efe Eczanesi"}},{"type":"Feature","geometry":{"type":"Point","coordinates":[29.0946874,40.9708498]},"properties":{"osm_id":"node/13410132401","kategori":"eczane","ad":"Büyük Eczane"}},{"type":"Feature","geometry":{"type":"Point","coordinates":[29.0402992,40.9834912]},"properties":{"osm_id":"node/13410598523","kategori":"eczane","ad":"Eczane Hardal İki"}},{"type":"Feature","geometry":{"type":"Point","coordinates":[29.1365769,40.9239945]},"properties":{"osm_id":"node/13412869100","kategori":"eczane","ad":"Yeni Nesil Eczanesi"}},{"type":"Feature","geometry":{"type":"Point","coordinates":[29.1003657,40.9789712]},"properties":{"osm_id":"node/13426117001","kategori":"eczane","ad":"Eczane Bizim"}},{"type":"Feature","geometry":{"type":"Point","coordinates":[29.1922226,40.8936859]},"properties":{"osm_id":"node/13431099833","kategori":"eczane","ad":"Sacide Eczanesi"}},{"type":"Feature","geometry":{"type":"Point","coordinates":[29.1906905,40.9046511]},"properties":{"osm_id":"node/13433995477","kategori":"eczane","ad":"Toros Eczanesi"}},{"type":"Feature","geometry":{"type":"Point","coordinates":[29.1914299,40.9015627]},"properties":{"osm_id":"node/13434030829","kategori":"eczane","ad":"Hale Eczanesi"}},{"type":"Feature","geometry":{"type":"Point","coordinates":[29.0862768,40.9688473]},"properties":{"osm_id":"node/13437180601","kategori":"eczane","ad":"Eczane Pars"}},{"type":"Feature","geometry":{"type":"Point","coordinates":[29.181399,40.896726]},"properties":{"osm_id":"node/13437413191","kategori":"eczane","ad":"Polen Eczanesi"}},{"type":"Feature","geometry":{"type":"Point","coordinates":[29.1905856,40.9016034]},"properties":{"osm_id":"node/13437659140","kategori":"eczane","ad":"Feyza Eczanesi"}},{"type":"Feature","geometry":{"type":"Point","coordinates":[29.1592917,40.9128099]},"properties":{"osm_id":"node/13444940472","kategori":"eczane","ad":null}},{"type":"Feature","geometry":{"type":"Point","coordinates":[28.9869378,41.0662639]},"properties":{"osm_id":"node/13444970375","kategori":"eczane","ad":"Şişli Yaşam"}},{"type":"Feature","geometry":{"type":"Point","coordinates":[28.3784939,41.054638]},"properties":{"osm_id":"node/13447855538","kategori":"eczane","ad":"Sönmez Eczanesi"}},{"type":"Feature","geometry":{"type":"Point","coordinates":[28.777942,41.0243801]},"properties":{"osm_id":"node/13467701501","kategori":"eczane","ad":"İpekyolu"}},{"type":"Feature","geometry":{"type":"Point","coordinates":[29.0319788,40.9917671]},"properties":{"osm_id":"node/13470653299","kategori":"eczane","ad":"Eczane Melis"}},{"type":"Feature","geometry":{"type":"Point","coordinates":[28.6835875,41.0336308]},"properties":{"osm_id":"node/13480957547","kategori":"eczane","ad":"Medine Eczanesi"}},{"type":"Feature","geometry":{"type":"Point","coordinates":[29.226569,40.9039863]},"properties":{"osm_id":"node/13506437637","kategori":"eczane","ad":"Selvi Eczanesi"}},{"type":"Feature","geometry":{"type":"Point","coordinates":[29.2269198,40.9035462]},"properties":{"osm_id":"node/13506441126","kategori":"eczane","ad":"Zeynep Eczanesi"}},{"type":"Feature","geometry":{"type":"Point","coordinates":[29.3076514,40.9132296]},"properties":{"osm_id":"node/13513783781","kategori":"eczane","ad":"Kızıl Eczanesi"}},{"type":"Feature","geometry":{"type":"Point","coordinates":[28.794276,41.0048821]},"properties":{"osm_id":"node/13573013748","kategori":"eczane","ad":"Deniz"}},{"type":"Feature","geometry":{"type":"Point","coordinates":[28.8000411,41.005261]},"properties":{"osm_id":"node/13573013761","kategori":"eczane","ad":null}},{"type":"Feature","geometry":{"type":"Point","coordinates":[28.8014288,41.0107041]},"properties":{"osm_id":"node/13573029709","kategori":"eczane","ad":"Asu"}},{"type":"Feature","geometry":{"type":"Point","coordinates":[28.7975731,41.0146541]},"properties":{"osm_id":"node/13573062330","kategori":"eczane","ad":"Sedef Uyar"}},{"type":"Feature","geometry":{"type":"Point","coordinates":[29.2115015,41.005608]},"properties":{"osm_id":"node/13589227097","kategori":"eczane","ad":"Bilge Eczanesi"}},{"type":"Feature","geometry":{"type":"Point","coordinates":[29.0804455,40.990382]},"properties":{"osm_id":"node/13604013840","kategori":"eczane","ad":"Gamze Yüksel Eczanesi"}},{"type":"Feature","geometry":{"type":"Point","coordinates":[29.3016688,40.9154239]},"properties":{"osm_id":"node/13615046576","kategori":"eczane","ad":"Eczane Yakamoz"}},{"type":"Feature","geometry":{"type":"Point","coordinates":[29.1781502,40.8906591]},"properties":{"osm_id":"node/13633068299","kategori":"eczane","ad":"Sevra Eczanesi"}},{"type":"Feature","geometry":{"type":"Point","coordinates":[29.1901002,40.8965765]},"properties":{"osm_id":"node/13640299889","kategori":"eczane","ad":"Yeni İnci Eczanesi"}},{"type":"Feature","geometry":{"type":"Point","coordinates":[29.0995994,41.0245566]},"properties":{"osm_id":"node/13640799361","kategori":"eczane","ad":"Limon Eczanesi"}},{"type":"Feature","geometry":{"type":"Point","coordinates":[29.221257,41.013081]},"properties":{"osm_id":"node/13643985451","kategori":"eczane","ad":"Nur Eczanesi"}},{"type":"Feature","geometry":{"type":"Point","coordinates":[29.0923561,41.0236306]},"properties":{"osm_id":"node/13649519672","kategori":"eczane","ad":"Burcu Eczanesi"}},{"type":"Feature","geometry":{"type":"Point","coordinates":[29.1031254,41.0131448]},"properties":{"osm_id":"node/13655168075","kategori":"eczane","ad":"Sena Eczanesi"}},{"type":"Feature","geometry":{"type":"Point","coordinates":[29.1028782,41.0131475]},"properties":{"osm_id":"node/13655211914","kategori":"eczane","ad":"Ayaz Eczanesi"}},{"type":"Feature","geometry":{"type":"Point","coordinates":[29.1024481,41.0131793]},"properties":{"osm_id":"node/13655211915","kategori":"eczane","ad":"Güneş Eczanesi"}},{"type":"Feature","geometry":{"type":"Point","coordinates":[29.1023275,41.0131839]},"properties":{"osm_id":"node/13655211916","kategori":"eczane","ad":"Zencefil Eczanesi"}},{"type":"Feature","geometry":{"type":"Point","coordinates":[29.0989373,40.9971791]},"properties":{"osm_id":"node/13661095101","kategori":"eczane","ad":"Eczane Watergarden"}},{"type":"Feature","geometry":{"type":"Point","coordinates":[29.1939111,40.8969958]},"properties":{"osm_id":"node/13681024237","kategori":"eczane","ad":"Şurup Eczanesi"}},{"type":"Feature","geometry":{"type":"Point","coordinates":[29.1755289,40.8996385]},"properties":{"osm_id":"node/13681818668","kategori":"eczane","ad":"Şule Eczanesi"}},{"type":"Feature","geometry":{"type":"Point","coordinates":[29.1902922,40.9011952]},"properties":{"osm_id":"node/13684820028","kategori":"eczane","ad":"Dilşat Eczanesi"}},{"type":"Feature","geometry":{"type":"Point","coordinates":[29.1854068,40.8991506]},"properties":{"osm_id":"node/13684861691","kategori":"eczane","ad":"Ümit Eczanesi"}},{"type":"Feature","geometry":{"type":"Point","coordinates":[28.7312667,40.9764744]},"properties":{"osm_id":"node/13687136984","kategori":"eczane","ad":null}},{"type":"Feature","geometry":{"type":"Point","coordinates":[29.178247,40.9058119]},"properties":{"osm_id":"node/13691051646","kategori":"eczane","ad":"Berrak Eczanesi"}},{"type":"Feature","geometry":{"type":"Point","coordinates":[29.1849153,40.9009069]},"properties":{"osm_id":"node/13691815481","kategori":"eczane","ad":"Nokta Eczanesi"}},{"type":"Feature","geometry":{"type":"Point","coordinates":[29.1731832,40.9020465]},"properties":{"osm_id":"node/13695338685","kategori":"eczane","ad":"Lilyum Eczanesi"}},{"type":"Feature","geometry":{"type":"Point","coordinates":[29.1072041,41.0234824]},"properties":{"osm_id":"node/13698398247","kategori":"eczane","ad":"Su Eczanesi"}},{"type":"Feature","geometry":{"type":"Point","coordinates":[29.1820956,40.8920267]},"properties":{"osm_id":"node/13698743727","kategori":"eczane","ad":"Türkaydın Eczanesi"}},{"type":"Feature","geometry":{"type":"Point","coordinates":[29.0886709,40.9812852]},"properties":{"osm_id":"node/13699494336","kategori":"eczane","ad":"Eczane Ece"}},{"type":"Feature","geometry":{"type":"Point","coordinates":[29.1934119,40.8963864]},"properties":{"osm_id":"node/13700646826","kategori":"eczane","ad":"Yağmur Eczanesi"}},{"type":"Feature","geometry":{"type":"Point","coordinates":[29.1844983,40.8898535]},"properties":{"osm_id":"node/13703029052","kategori":"eczane","ad":"Dolunay Eczanesi"}},{"type":"Feature","geometry":{"type":"Point","coordinates":[29.1831171,40.8889621]},"properties":{"osm_id":"node/13706038359","kategori":"eczane","ad":"Çoruh Eczanesi"}},{"type":"Feature","geometry":{"type":"Point","coordinates":[29.0835741,41.024088]},"properties":{"osm_id":"node/13706151883","kategori":"eczane","ad":"Buğra Eczanesi"}},{"type":"Feature","geometry":{"type":"Point","coordinates":[28.8656782,40.987558]},"properties":{"osm_id":"node/13720404881","kategori":"eczane","ad":null}},{"type":"Feature","geometry":{"type":"Point","coordinates":[29.1724516,40.910488]},"properties":{"osm_id":"node/13722548718","kategori":"eczane","ad":"Pelin Doğan Eczanesi"}},{"type":"Feature","geometry":{"type":"Point","coordinates":[28.8573044,41.1030635]},"properties":{"osm_id":"node/13730814467","kategori":"eczane","ad":"Enes Eczanesi"}},{"type":"Feature","geometry":{"type":"Point","coordinates":[29.2761154,40.892846]},"properties":{"osm_id":"node/13732681451","kategori":"eczane","ad":"Barış Eczanesi"}},{"type":"Feature","geometry":{"type":"Point","coordinates":[29.1913645,40.9108327]},"properties":{"osm_id":"node/13733339773","kategori":"eczane","ad":"Avrupa Plus Eczanesi"}},{"type":"Feature","geometry":{"type":"Point","coordinates":[29.2141212,40.9312423]},"properties":{"osm_id":"node/13752681809","kategori":"eczane","ad":null}},{"type":"Feature","geometry":{"type":"Point","coordinates":[29.2102664,40.9277819]},"properties":{"osm_id":"node/13753337958","kategori":"eczane","ad":"Mercan Eczanesi"}},{"type":"Feature","geometry":{"type":"Point","coordinates":[29.2094289,40.9295703]},"properties":{"osm_id":"node/13753498903","kategori":"eczane","ad":"Metehan Eczanesi"}},{"type":"Feature","geometry":{"type":"Point","coordinates":[29.2143281,40.9285174]},"properties":{"osm_id":"node/13754868044","kategori":"eczane","ad":"Azra Eczanesi"}},{"type":"Feature","geometry":{"type":"Point","coordinates":[29.2137725,40.9299094]},"properties":{"osm_id":"node/13755068319","kategori":"eczane","ad":"Erbaş Eczanesi"}},{"type":"Feature","geometry":{"type":"Point","coordinates":[29.215583,41.0059328]},"properties":{"osm_id":"node/13812133235","kategori":"eczane","ad":"İstanbul Eczanesi"}},{"type":"Feature","geometry":{"type":"Point","coordinates":[29.2155808,41.0058899]},"properties":{"osm_id":"node/13812133236","kategori":"eczane","ad":"Şehir Eczanesi"}},{"type":"Feature","geometry":{"type":"Point","coordinates":[29.2030308,40.9151085]},"properties":{"osm_id":"node/13848894610","kategori":"eczane","ad":"Turkuaz Eczanesi"}},{"type":"Feature","geometry":{"type":"Point","coordinates":[29.204387,40.9155497]},"properties":{"osm_id":"node/13849384944","kategori":"eczane","ad":"Ekin Eczanesi"}},{"type":"Feature","geometry":{"type":"Point","coordinates":[29.2051857,40.9162023]},"properties":{"osm_id":"node/13849465069","kategori":"eczane","ad":"Halk Eczanesi"}},{"type":"Feature","geometry":{"type":"Point","coordinates":[29.1917244,40.9179086]},"properties":{"osm_id":"node/13851578657","kategori":"eczane","ad":"Fatih Eczanesi"}},{"type":"Feature","geometry":{"type":"Point","coordinates":[29.1915287,40.9179027]},"properties":{"osm_id":"node/13851578664","kategori":"eczane","ad":"Ceylan Eczanesi"}},{"type":"Feature","geometry":{"type":"Point","coordinates":[29.1919672,40.9170339]},"properties":{"osm_id":"node/13851578667","kategori":"eczane","ad":"Ada Eczanesi"}},{"type":"Feature","geometry":{"type":"Point","coordinates":[28.7211389,40.983042]},"properties":{"osm_id":"node/13869263893","kategori":"eczane","ad":"Yıldız Avcılar Eczanesi"}},{"type":"Feature","geometry":{"type":"Point","coordinates":[29.2026753,40.9127737]},"properties":{"osm_id":"node/13882130497","kategori":"eczane","ad":"Cemil Eczanesi"}},{"type":"Feature","geometry":{"type":"Point","coordinates":[28.9587623,41.0467478]},"properties":{"osm_id":"node/13905040254","kategori":"eczane","ad":null}},{"type":"Feature","geometry":{"type":"Point","coordinates":[29.0853995,41.0927288]},"properties":{"osm_id":"node/13930011072","kategori":"eczane","ad":"Eczane Dörtyol"}},{"type":"Feature","geometry":{"type":"Point","coordinates":[29.0916562,41.0947181]},"properties":{"osm_id":"node/13942664005","kategori":"eczane","ad":"Eczane Limon"}},{"type":"Feature","geometry":{"type":"Point","coordinates":[29.1039303,40.9609754]},"properties":{"osm_id":"node/13947584318","kategori":"eczane","ad":"ECZANE İlke"}},{"type":"Feature","geometry":{"type":"Point","coordinates":[29.1038874,40.9609147]},"properties":{"osm_id":"node/13947584319","kategori":"eczane","ad":"ECZANE İstanbul"}},{"type":"Feature","geometry":{"type":"Point","coordinates":[29.1037517,40.9601444]},"properties":{"osm_id":"node/13947584320","kategori":"eczane","ad":"ECZANE Nesil"}},{"type":"Feature","geometry":{"type":"Point","coordinates":[29.1038763,40.9601187]},"properties":{"osm_id":"node/13947584321","kategori":"eczane","ad":"ECZANE Sevde"}},{"type":"Feature","geometry":{"type":"Point","coordinates":[29.0596157,40.9857764]},"properties":{"osm_id":"node/13970283353","kategori":"eczane","ad":"Eczane Aktaş"}},{"type":"Feature","geometry":{"type":"Point","coordinates":[28.8694129,40.9921882]},"properties":{"osm_id":"node/13970868913","kategori":"eczane","ad":"Eczane Deva"}},{"type":"Feature","geometry":{"type":"Point","coordinates":[29.0591823,40.9944019]},"properties":{"osm_id":"node/13971194518","kategori":"eczane","ad":"Lotus Eczanesi"}},{"type":"Feature","geometry":{"type":"Point","coordinates":[29.05859,40.9946998]},"properties":{"osm_id":"node/13971194519","kategori":"eczane","ad":"Kare Eczanesi"}},{"type":"Feature","geometry":{"type":"Point","coordinates":[29.2646241,40.8880382]},"properties":{"osm_id":"node/13982918691","kategori":"eczane","ad":"Limon Eczanesi"}},{"type":"Feature","geometry":{"type":"Point","coordinates":[29.0682228,40.9721056]},"properties":{"osm_id":"node/14021202642","kategori":"eczane","ad":"Vega Eczanesi"}},{"type":"Feature","geometry":{"type":"Point","coordinates":[29.071906,40.9653714]},"properties":{"osm_id":"node/14022744662","kategori":"eczane","ad":"Cadde 360"}},{"type":"Feature","geometry":{"type":"Point","coordinates":[29.0373984,40.9916109]},"properties":{"osm_id":"node/14027446384","kategori":"eczane","ad":"Terminal Kadıköy Eczanesi"}},{"type":"Feature","geometry":{"type":"Point","coordinates":[29.2678628,40.8873137]},"properties":{"osm_id":"node/14051985094","kategori":"eczane","ad":"Ceyda Eczanesi"}},{"type":"Feature","geometry":{"type":"Point","coordinates":[28.9815984,41.0544184]},"properties":{"osm_id":"node/14053656308","kategori":"eczane","ad":"Bomonti Eczanesi"}},{"type":"Feature","geometry":{"type":"Point","coordinates":[28.7524225,41.0831555]},"properties":{"osm_id":"node/14057906301","kategori":"eczane","ad":"Eczanesi"}},{"type":"Feature","geometry":{"type":"Point","coordinates":[28.7701102,41.0558203]},"properties":{"osm_id":"node/14061510437","kategori":"eczane","ad":null}},{"type":"Feature","geometry":{"type":"Point","coordinates":[29.2656753,40.8831283]},"properties":{"osm_id":"node/14063428439","kategori":"eczane","ad":"Nar Eczanesi"}},{"type":"Feature","geometry":{"type":"Point","coordinates":[28.764762,41.0553363]},"properties":{"osm_id":"node/14065120549","kategori":"eczane","ad":"Eczane Tema Park Şubesi"}},{"type":"Feature","geometry":{"type":"Point","coordinates":[28.894315,41.1015943]},"properties":{"osm_id":"node/14079070101","kategori":"eczane","ad":"Pirhan Eczanesi"}},{"type":"Feature","geometry":{"type":"Point","coordinates":[28.6247497,41.0536535]},"properties":{"osm_id":"node/14096258396","kategori":"eczane","ad":"Gül Eczanesi"}},{"type":"Feature","geometry":{"type":"Point","coordinates":[29.0099734,41.0684541]},"properties":{"osm_id":"node/14102487574","kategori":"eczane","ad":"Esentepe Ümit Eczanesi"}},{"type":"Feature","geometry":{"type":"Point","coordinates":[29.0628116,40.9651893]},"properties":{"osm_id":"node/14123124867","kategori":"eczane","ad":"Mavi Eczane"}},{"type":"Feature","geometry":{"type":"Point","coordinates":[29.2585764,40.9080193]},"properties":{"osm_id":"node/14133067687","kategori":"eczane","ad":"Didem Şahin Eczanesi"}},{"type":"Feature","geometry":{"type":"Point","coordinates":[29.6469176,41.149178]},"properties":{"osm_id":"node/14135918440","kategori":"eczane","ad":"Çayırbaşı Eczanesi"}},{"type":"Feature","geometry":{"type":"Point","coordinates":[28.8671343,40.9940284]},"properties":{"osm_id":"node/14139451614","kategori":"eczane","ad":"Bakırköy Çiçek Eczanesi"}},{"type":"Feature","geometry":{"type":"Point","coordinates":[28.7412478,41.1812642]},"properties":{"osm_id":"node/14139518050","kategori":"eczane","ad":"Tuğçe Eczanesi"}},{"type":"Feature","geometry":{"type":"Point","coordinates":[28.8552255,41.002532]},"properties":{"osm_id":"node/14139540417","kategori":"eczane","ad":"Cem Eczanesi"}},{"type":"Feature","geometry":{"type":"Point","coordinates":[28.8644549,41.0020597]},"properties":{"osm_id":"node/14139567653","kategori":"eczane","ad":"Vega Eczanesi"}},{"type":"Feature","geometry":{"type":"Point","coordinates":[29.1627927,40.9855839]},"properties":{"osm_id":"node/14139573899","kategori":"eczane","ad":"Kaya Eczansi"}},{"type":"Feature","geometry":{"type":"Point","coordinates":[28.9520559,41.0089589]},"properties":{"osm_id":"node/14141822667","kategori":"eczane","ad":"Ecva Eczanesi"}},{"type":"Feature","geometry":{"type":"Point","coordinates":[29.3032611,40.8676426]},"properties":{"osm_id":"node/14142024661","kategori":"eczane","ad":"Mutlu Eczanesi"}},{"type":"Feature","geometry":{"type":"Point","coordinates":[29.3030854,40.8671636]},"properties":{"osm_id":"node/14142024662","kategori":"eczane","ad":"Derman Eczanesi"}},{"type":"Feature","geometry":{"type":"Point","coordinates":[28.7482982,41.1848603]},"properties":{"osm_id":"node/14142301825","kategori":"eczane","ad":"Vatan Eczanesi"}},{"type":"Feature","geometry":{"type":"Point","coordinates":[28.7494819,41.07441]},"properties":{"osm_id":"node/14142570675","kategori":"eczane","ad":"Galen Eczanesi"}},{"type":"Feature","geometry":{"type":"Point","coordinates":[28.6468433,41.036901]},"properties":{"osm_id":"node/14142820349","kategori":"eczane","ad":"Çiçekoğlu Eczanesi"}},{"type":"Feature","geometry":{"type":"Point","coordinates":[28.6288396,41.000642]},"properties":{"osm_id":"node/14143900602","kategori":"eczane","ad":"ESRA ECZANESİ"}},{"type":"Feature","geometry":{"type":"Point","coordinates":[29.2293164,40.8769121]},"properties":{"osm_id":"node/14143912401","kategori":"eczane","ad":"Ebrar Eczanesi"}},{"type":"Feature","geometry":{"type":"Point","coordinates":[28.8260919,41.0177873]},"properties":{"osm_id":"node/14143943201","kategori":"eczane","ad":"Lavanta Eczanesi"}},{"type":"Feature","geometry":{"type":"Point","coordinates":[29.0859443,40.9580627]},"properties":{"osm_id":"node/14143963101","kategori":"eczane","ad":"Çınar Eczanesi"}},{"type":"Feature","geometry":{"type":"Point","coordinates":[28.6584994,41.0319946]},"properties":{"osm_id":"node/14143967001","kategori":"eczane","ad":"Kardelen Eczanesi"}},{"type":"Feature","geometry":{"type":"Point","coordinates":[28.6966619,41.0117996]},"properties":{"osm_id":"node/14143991902","kategori":"eczane","ad":"Esenyurt Can Eczanesi"}},{"type":"Feature","geometry":{"type":"Point","coordinates":[28.6669189,40.9897829]},"properties":{"osm_id":"node/14143992001","kategori":"eczane","ad":"Veziroğlu Eczanesi"}},{"type":"Feature","geometry":{"type":"Point","coordinates":[28.9870352,41.0515691]},"properties":{"osm_id":"node/14144001501","kategori":"eczane","ad":"Sütsever Harbiye Eczanesi"}},{"type":"Feature","geometry":{"type":"Point","coordinates":[28.9871719,41.0528745]},"properties":{"osm_id":"node/14144005101","kategori":"eczane","ad":"Pozitif Eczanesi"}},{"type":"Feature","geometry":{"type":"Point","coordinates":[29.1207498,40.9375593]},"properties":{"osm_id":"node/14144005601","kategori":"eczane","ad":"Eczane Yağmur"}},{"type":"Feature","geometry":{"type":"Point","coordinates":[29.5813814,41.1650426]},"properties":{"osm_id":"node/14144035784","kategori":"eczane","ad":"Deva Eczanesi"}},{"type":"Feature","geometry":{"type":"Point","coordinates":[28.98821,41.0845289]},"properties":{"osm_id":"node/14144072701","kategori":"eczane","ad":"Yahya Kemal Eczanesi"}},{"type":"Feature","geometry":{"type":"Point","coordinates":[29.0902707,41.0323182]},"properties":{"osm_id":"node/14144081001","kategori":"eczane","ad":"Exen Eczanesi"}},{"type":"Feature","geometry":{"type":"Point","coordinates":[29.0757921,41.0463867]},"properties":{"osm_id":"node/14144096801","kategori":"eczane","ad":"Birlik Eczanesi"}},{"type":"Feature","geometry":{"type":"Point","coordinates":[28.880868,40.9786474]},"properties":{"osm_id":"node/14144122502","kategori":"eczane","ad":"Kalender Eczanesi"}},{"type":"Feature","geometry":{"type":"Point","coordinates":[28.4598175,41.1428187]},"properties":{"osm_id":"node/14144152601","kategori":"eczane","ad":"Erbil Eczanesi"}},{"type":"Feature","geometry":{"type":"Point","coordinates":[29.0922529,40.9763099]},"properties":{"osm_id":"node/14144156801","kategori":"eczane","ad":"Yeni Çankaya Eczanesi"}},{"type":"Feature","geometry":{"type":"Point","coordinates":[29.0756473,40.9617154]},"properties":{"osm_id":"node/14144315601","kategori":"eczane","ad":"Kalyon Eczanesi"}},{"type":"Feature","geometry":{"type":"Point","coordinates":[29.0672949,40.9698119]},"properties":{"osm_id":"node/14144323001","kategori":"eczane","ad":"Arcan Eczanesi"}},{"type":"Feature","geometry":{"type":"Point","coordinates":[28.986555,41.0595098]},"properties":{"osm_id":"node/14144388601","kategori":"eczane","ad":"Manolya Eczanesi"}},{"type":"Feature","geometry":{"type":"Point","coordinates":[28.7271774,40.978828]},"properties":{"osm_id":"node/14144564101","kategori":"eczane","ad":"Ege Eczanesi"}},{"type":"Feature","geometry":{"type":"Point","coordinates":[28.8687484,41.016888]},"properties":{"osm_id":"node/14144609202","kategori":"eczane","ad":"Kristal Eczanesi"}},{"type":"Feature","geometry":{"type":"Point","coordinates":[28.9988101,41.1007591]},"properties":{"osm_id":"node/14144618502","kategori":"eczane","ad":"Ayşegül Erdem Eczanesi"}},{"type":"Feature","geometry":{"type":"Point","coordinates":[28.5518789,41.0303274]},"properties":{"osm_id":"node/14144618702","kategori":"eczane","ad":"Selin Eczanesi"}},{"type":"Feature","geometry":{"type":"Point","coordinates":[29.1432497,41.0037392]},"properties":{"osm_id":"node/14148050801","kategori":"eczane","ad":"Cihanay Eczanesi"}},{"type":"Feature","geometry":{"type":"Point","coordinates":[29.2814988,40.93587]},"properties":{"osm_id":"node/14148050802","kategori":"eczane","ad":"Beyaz Eczanesi"}},{"type":"Feature","geometry":{"type":"Point","coordinates":[29.2622003,40.8727924]},"properties":{"osm_id":"node/14148052201","kategori":"eczane","ad":"Mimoza Eczanesi"}},{"type":"Feature","geometry":{"type":"Point","coordinates":[28.7508398,41.1244501]},"properties":{"osm_id":"node/14148053502","kategori":"eczane","ad":"Zeytin Eczanesi"}},{"type":"Feature","geometry":{"type":"Point","coordinates":[28.688103,41.0633887]},"properties":{"osm_id":"node/14148054801","kategori":"eczane","ad":"Mavi Eczanesi"}},{"type":"Feature","geometry":{"type":"Point","coordinates":[29.0023452,41.0485191]},"properties":{"osm_id":"node/14148057101","kategori":"eczane","ad":"Çayırcıoğlu Eczanesi"}},{"type":"Feature","geometry":{"type":"Point","coordinates":[28.96352,41.0448758]},"properties":{"osm_id":"node/14148058101","kategori":"eczane","ad":"Ada Eczanesi"}},{"type":"Feature","geometry":{"type":"Point","coordinates":[28.9915976,41.0517108]},"properties":{"osm_id":"node/14148071602","kategori":"eczane","ad":"Valikonağı Eczanesi"}},{"type":"Feature","geometry":{"type":"Point","coordinates":[29.1475278,40.9321153]},"properties":{"osm_id":"node/14148081801","kategori":"eczane","ad":"Derya Eczanesi"}},{"type":"Feature","geometry":{"type":"Point","coordinates":[28.9710197,41.0083237]},"properties":{"osm_id":"node/14148098401","kategori":"eczane","ad":"Çemberlitaş Merkez Eczanesi"}},{"type":"Feature","geometry":{"type":"Point","coordinates":[28.6067851,40.995054]},"properties":{"osm_id":"node/14148118001","kategori":"eczane","ad":"Özdal Eczanesi"}},{"type":"Feature","geometry":{"type":"Point","coordinates":[29.0959758,41.1157277]},"properties":{"osm_id":"node/14148122901","kategori":"eczane","ad":"Şefkat Eczanesi"}},{"type":"Feature","geometry":{"type":"Point","coordinates":[29.0552169,40.9894969]},"properties":{"osm_id":"node/14148125001","kategori":"eczane","ad":"Pırlanta Eczanesi"}},{"type":"Feature","geometry":{"type":"Point","coordinates":[29.2211813,40.8919667]},"properties":{"osm_id":"node/14148129201","kategori":"eczane","ad":"Ömür Eczanesi"}},{"type":"Feature","geometry":{"type":"Point","coordinates":[28.7897372,40.9904046]},"properties":{"osm_id":"node/14148132601","kategori":"eczane","ad":"Mavi Eczanesi"}},{"type":"Feature","geometry":{"type":"Point","coordinates":[29.052304,41.1382194]},"properties":{"osm_id":"node/14148137601","kategori":"eczane","ad":"Sağlık Eczanesi"}},{"type":"Feature","geometry":{"type":"Point","coordinates":[28.7531975,41.0683657]},"properties":{"osm_id":"node/14148139101","kategori":"eczane","ad":"Berk Eczanesi"}},{"type":"Feature","geometry":{"type":"Point","coordinates":[28.7276065,40.9806832]},"properties":{"osm_id":"node/14148140201","kategori":"eczane","ad":"Karadağ Eczanesi"}},{"type":"Feature","geometry":{"type":"Point","coordinates":[29.0701622,41.0012238]},"properties":{"osm_id":"node/14148143601","kategori":"eczane","ad":"Ömür Eczanesi"}},{"type":"Feature","geometry":{"type":"Point","coordinates":[28.8561219,41.0623735]},"properties":{"osm_id":"node/14148151201","kategori":"eczane","ad":"Osmancan Eczanesi"}},{"type":"Feature","geometry":{"type":"Point","coordinates":[29.0015486,41.0662416]},"properties":{"osm_id":"node/14148154701","kategori":"eczane","ad":"İpek Eczanesi"}},{"type":"Feature","geometry":{"type":"Point","coordinates":[28.9416441,41.0204364]},"properties":{"osm_id":"node/14148154702","kategori":"eczane","ad":"Akşemsettin Eczanesi"}},{"type":"Feature","geometry":{"type":"Point","coordinates":[28.7685907,41.1207981]},"properties":{"osm_id":"node/14148169701","kategori":"eczane","ad":"Erin Eczanesi"}},{"type":"Feature","geometry":{"type":"Point","coordinates":[29.029355,41.1301527]},"properties":{"osm_id":"node/14148175401","kategori":"eczane","ad":"Duru Eczanesi"}},{"type":"Feature","geometry":{"type":"Point","coordinates":[28.6886421,41.0260897]},"properties":{"osm_id":"node/14148177001","kategori":"eczane","ad":"Sağlık Eczanesi"}},{"type":"Feature","geometry":{"type":"Point","coordinates":[28.9060539,41.0978883]},"properties":{"osm_id":"node/14148179101","kategori":"eczane","ad":"Senem Eczanesi"}},{"type":"Feature","geometry":{"type":"Point","coordinates":[28.8390228,41.0297986]},"properties":{"osm_id":"node/14148192501","kategori":"eczane","ad":"Aslan Eczanesi"}},{"type":"Feature","geometry":{"type":"Point","coordinates":[28.6876979,41.0611904]},"properties":{"osm_id":"node/14148193701","kategori":"eczane","ad":"Armağan Eczanesi"}},{"type":"Feature","geometry":{"type":"Point","coordinates":[28.7802315,40.9994761]},"properties":{"osm_id":"node/14148197501","kategori":"eczane","ad":"Nimet Eczanesi"}},{"type":"Feature","geometry":{"type":"Point","coordinates":[28.6737531,41.0358231]},"properties":{"osm_id":"node/14148197502","kategori":"eczane","ad":"Vereseli Erdal Eczanesi"}},{"type":"Feature","geometry":{"type":"Point","coordinates":[29.2866111,40.8674383]},"properties":{"osm_id":"node/14148202501","kategori":"eczane","ad":"Orhangazi Eczanesi"}},{"type":"Feature","geometry":{"type":"Point","coordinates":[29.0843081,41.0676803]},"properties":{"osm_id":"node/14148204801","kategori":"eczane","ad":"Canel Eczanesi"}},{"type":"Feature","geometry":{"type":"Point","coordinates":[28.7625611,41.0445176]},"properties":{"osm_id":"node/14148206901","kategori":"eczane","ad":"Bosphorus City Eczanesi"}},{"type":"Feature","geometry":{"type":"Point","coordinates":[28.8557383,41.112519]},"properties":{"osm_id":"node/14148235301","kategori":"eczane","ad":"Doğan Eczanesi"}},{"type":"Feature","geometry":{"type":"Point","coordinates":[29.1179243,40.9437255]},"properties":{"osm_id":"node/14148236501","kategori":"eczane","ad":"Örs Eczanesi"}},{"type":"Feature","geometry":{"type":"Point","coordinates":[28.6481488,40.9973291]},"properties":{"osm_id":"node/14148236502","kategori":"eczane","ad":"Beyaz City Serap Eczanesi"}},{"type":"Feature","geometry":{"type":"Point","coordinates":[29.0070391,41.0806412]},"properties":{"osm_id":"node/14148237301","kategori":"eczane","ad":"Onur Şifa Eczanesi"}},{"type":"Feature","geometry":{"type":"Point","coordinates":[29.2053026,40.9148857]},"properties":{"osm_id":"node/14148247701","kategori":"eczane","ad":"Kural Eczanesi"}},{"type":"Feature","geometry":{"type":"Point","coordinates":[29.1459507,40.9171873]},"properties":{"osm_id":"node/14148254901","kategori":"eczane","ad":"Ata Eczanesi"}},{"type":"Feature","geometry":{"type":"Point","coordinates":[29.0363771,40.9973181]},"properties":{"osm_id":"node/14148262701","kategori":"eczane","ad":"Acıbadem Cadde Eczanesi"}},{"type":"Feature","geometry":{"type":"Point","coordinates":[28.9798146,41.064396]},"properties":{"osm_id":"node/14148282301","kategori":"eczane","ad":"Huzur Eczanesi"}},{"type":"Feature","geometry":{"type":"Point","coordinates":[28.6655939,41.0093568]},"properties":{"osm_id":"node/14148284501","kategori":"eczane","ad":"Bahar Eczanesi"}},{"type":"Feature","geometry":{"type":"Point","coordinates":[28.8389155,41.0117422]},"properties":{"osm_id":"node/14148284502","kategori":"eczane","ad":"Ceren Eczanesi"}},{"type":"Feature","geometry":{"type":"Point","coordinates":[28.8388726,41.0302518]},"properties":{"osm_id":"node/14148311601","kategori":"eczane","ad":"Vereseli Zümrüt Eczanesi"}},{"type":"Feature","geometry":{"type":"Point","coordinates":[28.8262984,41.0295523]},"properties":{"osm_id":"node/14148337601","kategori":"eczane","ad":"Marin Eczanesi"}},{"type":"Feature","geometry":{"type":"Point","coordinates":[28.8699648,40.978119]},"properties":{"osm_id":"node/14148344701","kategori":"eczane","ad":"Kalaycıoğlu Eczanesi"}},{"type":"Feature","geometry":{"type":"Point","coordinates":[28.5814288,41.0234024]},"properties":{"osm_id":"node/14148349301","kategori":"eczane","ad":"Güleryüz Eczanesi"}},{"type":"Feature","geometry":{"type":"Point","coordinates":[28.7975304,41.0151553]},"properties":{"osm_id":"node/14148367601","kategori":"eczane","ad":"Gökhan Uyar Eczanesi"}},{"type":"Feature","geometry":{"type":"Point","coordinates":[29.1907865,40.8907584]},"properties":{"osm_id":"node/14148370602","kategori":"eczane","ad":"Dicle Eczanesi"}},{"type":"Feature","geometry":{"type":"Point","coordinates":[28.6586469,41.0254389]},"properties":{"osm_id":"node/14148390201","kategori":"eczane","ad":"Hande Eczanesi"}},{"type":"Feature","geometry":{"type":"Point","coordinates":[29.0668631,40.9748559]},"properties":{"osm_id":"node/14148397601","kategori":"eczane","ad":"Yağmur Eczanesi"}},{"type":"Feature","geometry":{"type":"Point","coordinates":[28.1896305,41.164844]},"properties":{"osm_id":"node/14148424901","kategori":"eczane","ad":"Vural Eczanesi"}},{"type":"Feature","geometry":{"type":"Point","coordinates":[28.7165236,41.0575601]},"properties":{"osm_id":"node/14148497303","kategori":"eczane","ad":"Kerem Eczanesi"}},{"type":"Feature","geometry":{"type":"Point","coordinates":[28.695302,41.07703]},"properties":{"osm_id":"node/14148497701","kategori":"eczane","ad":"Nida Eczanesi"}},{"type":"Feature","geometry":{"type":"Point","coordinates":[28.9356601,41.0714029]},"properties":{"osm_id":"node/14148499302","kategori":"eczane","ad":"Özlem Koç Eczanesi"}},{"type":"Feature","geometry":{"type":"Point","coordinates":[28.915109,40.9974843]},"properties":{"osm_id":"node/14148500303","kategori":"eczane","ad":"Ocak Eczanesi"}},{"type":"Feature","geometry":{"type":"Point","coordinates":[28.9874536,41.0539378]},"properties":{"osm_id":"node/14148505702","kategori":"eczane","ad":"Sinem Gökdemir Eczanesi"}},{"type":"Feature","geometry":{"type":"Point","coordinates":[28.7717611,41.0232168]},"properties":{"osm_id":"node/14148624901","kategori":"eczane","ad":"Bizim Eczanesi"}},{"type":"Feature","geometry":{"type":"Point","coordinates":[28.7816584,41.0118517]},"properties":{"osm_id":"node/14148627401","kategori":"eczane","ad":"Nurşen Eczanesi"}},{"type":"Feature","geometry":{"type":"Point","coordinates":[28.8791084,41.0324561]},"properties":{"osm_id":"node/14148630201","kategori":"eczane","ad":"Ayazma Eczanesi"}},{"type":"Feature","geometry":{"type":"Point","coordinates":[28.9482531,41.0130557]},"properties":{"osm_id":"node/14148633501","kategori":"eczane","ad":"Ertuğrul Eczanesi"}},{"type":"Feature","geometry":{"type":"Point","coordinates":[29.2335209,40.9958285]},"properties":{"osm_id":"node/14148633502","kategori":"eczane","ad":"Evre Eczanesi"}},{"type":"Feature","geometry":{"type":"Point","coordinates":[29.1479141,41.0096367]},"properties":{"osm_id":"node/14148698101","kategori":"eczane","ad":"Aykut Eczanesi"}},{"type":"Feature","geometry":{"type":"Point","coordinates":[29.0406498,40.9950528]},"properties":{"osm_id":"node/14148703501","kategori":"eczane","ad":"Aybüke Eczanesi"}},{"type":"Feature","geometry":{"type":"Point","coordinates":[29.283773,40.9121396]},"properties":{"osm_id":"node/14151691101","kategori":"eczane","ad":"Eroğlu Eczanesi"}},{"type":"Feature","geometry":{"type":"Point","coordinates":[29.0552303,41.027768]},"properties":{"osm_id":"node/14151703202","kategori":"eczane","ad":"Saliha Eczanesi"}},{"type":"Feature","geometry":{"type":"Point","coordinates":[29.0822924,40.9721892]},"properties":{"osm_id":"node/14154391001","kategori":"eczane","ad":"Doğru Eczanesi"}},{"type":"Feature","geometry":{"type":"Point","coordinates":[28.991167,41.050421]},"properties":{"osm_id":"node/14156148701","kategori":"eczane","ad":"Bal Eczanesi"}},{"type":"Feature","geometry":{"type":"Point","coordinates":[28.877122,40.977458]},"properties":{"osm_id":"node/14156243601","kategori":"eczane","ad":"Bakırköy Sevgi Eczanesi"}},{"type":"Feature","geometry":{"type":"Point","coordinates":[29.2829873,40.986343]},"properties":{"osm_id":"node/14156249102","kategori":"eczane","ad":"Akdeniz Eczanesi"}},{"type":"Feature","geometry":{"type":"Point","coordinates":[29.1000284,40.8774891]},"properties":{"osm_id":"node/14156252201","kategori":"eczane","ad":"Hayat Eczanesi"}},{"type":"Feature","geometry":{"type":"Point","coordinates":[28.988563,41.050759]},"properties":{"osm_id":"node/14156262901","kategori":"eczane","ad":"Avrupa Eczanesi"}},{"type":"Feature","geometry":{"type":"Point","coordinates":[28.94538,41.00984]},"properties":{"osm_id":"node/14156263702","kategori":"eczane","ad":"Erol Eczanesi"}},{"type":"Feature","geometry":{"type":"Point","coordinates":[28.872326,40.978317]},"properties":{"osm_id":"node/14156263801","kategori":"eczane","ad":"Didem Eczanesi"}},{"type":"Feature","geometry":{"type":"Point","coordinates":[28.976989,41.033771]},"properties":{"osm_id":"node/14156269802","kategori":"eczane","ad":"Pera Eczanesi"}},{"type":"Feature","geometry":{"type":"Point","coordinates":[28.6521935,41.0095036]},"properties":{"osm_id":"node/14156273801","kategori":"eczane","ad":"Ab-ı Hayat Eczanesi"}},{"type":"Feature","geometry":{"type":"Point","coordinates":[29.2923069,40.9184135]},"properties":{"osm_id":"node/14156278101","kategori":"eczane","ad":"Aras Eczanesi"}},{"type":"Feature","geometry":{"type":"Point","coordinates":[29.0887392,40.9764961]},"properties":{"osm_id":"node/14156281401","kategori":"eczane","ad":"Akalın Eczanesi"}},{"type":"Feature","geometry":{"type":"Point","coordinates":[28.852855,41.0603818]},"properties":{"osm_id":"node/14156282201","kategori":"eczane","ad":"Eser Eczanesi"}},{"type":"Feature","geometry":{"type":"Point","coordinates":[28.8671565,40.9942895]},"properties":{"osm_id":"node/14156282202","kategori":"eczane","ad":"Bakırköy Şifa Eczanesi"}},{"type":"Feature","geometry":{"type":"Point","coordinates":[28.869718,40.9896169]},"properties":{"osm_id":"node/14156282801","kategori":"eczane","ad":"Mina Eczanesi"}},{"type":"Feature","geometry":{"type":"Point","coordinates":[28.0831531,41.0797692]},"properties":{"osm_id":"node/14156287201","kategori":"eczane","ad":"Çanta Eczanesi"}},{"type":"Feature","geometry":{"type":"Point","coordinates":[28.798692,41.008028]},"properties":{"osm_id":"node/14156291201","kategori":"eczane","ad":"Diba Eczanesi"}},{"type":"Feature","geometry":{"type":"Point","coordinates":[28.97292,41.02674]},"properties":{"osm_id":"node/14156293301","kategori":"eczane","ad":"Galata Plus Eczanesi"}},{"type":"Feature","geometry":{"type":"Point","coordinates":[29.143729,40.938397]},"properties":{"osm_id":"node/14156814201","kategori":"eczane","ad":"Ali Eczanesi"}},{"type":"Feature","geometry":{"type":"Point","coordinates":[29.30007,40.84075]},"properties":{"osm_id":"node/14156824101","kategori":"eczane","ad":"Eda Eczanesi"}},{"type":"Feature","geometry":{"type":"Point","coordinates":[28.952432,41.044831]},"properties":{"osm_id":"node/14156825001","kategori":"eczane","ad":"Hasköy Eczanesi"}},{"type":"Feature","geometry":{"type":"Point","coordinates":[29.01041,41.05753]},"properties":{"osm_id":"node/14156827601","kategori":"eczane","ad":"Hızır Eczanesi"}},{"type":"Feature","geometry":{"type":"Point","coordinates":[29.6095425,41.1725599]},"properties":{"osm_id":"node/14156852801","kategori":"eczane","ad":"Şile Eczanesi"}},{"type":"Feature","geometry":{"type":"Point","coordinates":[29.044896,40.990744]},"properties":{"osm_id":"node/14156855901","kategori":"eczane","ad":"Kent Eczanesi"}},{"type":"Feature","geometry":{"type":"Point","coordinates":[28.669961,40.999907]},"properties":{"osm_id":"node/14156858701","kategori":"eczane","ad":"Melek Eczanesi"}},{"type":"Feature","geometry":{"type":"Point","coordinates":[29.097421,41.1169755]},"properties":{"osm_id":"node/14156858702","kategori":"eczane","ad":"Su Eczanesi"}},{"type":"Feature","geometry":{"type":"Point","coordinates":[28.907674,41.096494]},"properties":{"osm_id":"node/14156858703","kategori":"eczane","ad":"Anadolu Eczanesi"}},{"type":"Feature","geometry":{"type":"Point","coordinates":[29.017162,41.024583]},"properties":{"osm_id":"node/14156862601","kategori":"eczane","ad":"Reyhan Eczanesi"}},{"type":"Feature","geometry":{"type":"Point","coordinates":[29.01298,41.077121]},"properties":{"osm_id":"node/14156869201","kategori":"eczane","ad":"Emineller Eczanesi"}},{"type":"Feature","geometry":{"type":"Point","coordinates":[29.042922,41.00809]},"properties":{"osm_id":"node/14156870014","kategori":"eczane","ad":"Esat Eczanesi"}},{"type":"Feature","geometry":{"type":"Point","coordinates":[28.8908365,41.0809724]},"properties":{"osm_id":"node/14157215701","kategori":"eczane","ad":"Ünal Eczanesi"}},{"type":"Feature","geometry":{"type":"Point","coordinates":[29.10683,40.978094]},"properties":{"osm_id":"node/14157220601","kategori":"eczane","ad":"Şükrübey Eczanesi"}},{"type":"Feature","geometry":{"type":"Point","coordinates":[28.78442,40.98368]},"properties":{"osm_id":"node/14157221401","kategori":"eczane","ad":"Koru Florya Eczanesi"}},{"type":"Feature","geometry":{"type":"Point","coordinates":[29.027798,41.128167]},"properties":{"osm_id":"node/14157229701","kategori":"eczane","ad":"Uzman Eczanesi"}},{"type":"Feature","geometry":{"type":"Point","coordinates":[29.2870292,40.863478]},"properties":{"osm_id":"node/14157232101","kategori":"eczane","ad":"Botanik Eczanesi"}},{"type":"Feature","geometry":{"type":"Point","coordinates":[28.458673,41.142678]},"properties":{"osm_id":"node/14157233001","kategori":"eczane","ad":"Tamay Eczanesi"}},{"type":"Feature","geometry":{"type":"Point","coordinates":[29.1544694,40.9864544]},"properties":{"osm_id":"node/14157284702","kategori":"eczane","ad":"Beyza Eczanesi"}},{"type":"Feature","geometry":{"type":"Point","coordinates":[29.2312623,40.9920532]},"properties":{"osm_id":"node/14157298301","kategori":"eczane","ad":"Oğuz Can Eczanesi"}},{"type":"Feature","geometry":{"type":"Point","coordinates":[29.128295,40.8740608]},"properties":{"osm_id":"node/14157450801","kategori":"eczane","ad":"Merkez Eczanesi"}},{"type":"Feature","geometry":{"type":"Point","coordinates":[29.1627789,40.9855757]},"properties":{"osm_id":"node/14157561902","kategori":"eczane","ad":"Kaya Eczanesi"}},{"type":"Feature","geometry":{"type":"Point","coordinates":[28.70738,40.9969959]},"properties":{"osm_id":"node/14157696701","kategori":"eczane","ad":"Demir Eczanesi"}},{"type":"Feature","geometry":{"type":"Point","coordinates":[29.0811812,41.0027769]},"properties":{"osm_id":"node/14157884932","kategori":"eczane","ad":"Nefes Eczanesi"}},{"type":"Feature","geometry":{"type":"Point","coordinates":[28.7073638,41.0204323]},"properties":{"osm_id":"node/14157954820","kategori":"eczane","ad":"Güler Eczanesi"}},{"type":"Feature","geometry":{"type":"Point","coordinates":[29.0915156,41.0013618]},"properties":{"osm_id":"node/14157955101","kategori":"eczane","ad":"Doğa Eczanesi"}},{"type":"Feature","geometry":{"type":"Point","coordinates":[29.0413025,40.9811683]},"properties":{"osm_id":"node/14158993794","kategori":"eczane","ad":"Erguvan Eczanesi"}},{"type":"Feature","geometry":{"type":"Point","coordinates":[29.081378,41.024676]},"properties":{"osm_id":"node/14159035301","kategori":"eczane","ad":"Çamlıca Şifa Eczanesi"}},{"type":"Feature","geometry":{"type":"Point","coordinates":[29.192714,41.010795]},"properties":{"osm_id":"node/14159036401","kategori":"eczane","ad":"Vera Eczanesi"}},{"type":"Feature","geometry":{"type":"Point","coordinates":[28.779614,41.122771]},"properties":{"osm_id":"node/14159038302","kategori":"eczane","ad":"Sakura Eczanesi"}},{"type":"Feature","geometry":{"type":"Point","coordinates":[28.83832,41.029563]},"properties":{"osm_id":"node/14159038303","kategori":"eczane","ad":"Bizim Eczanesi"}},{"type":"Feature","geometry":{"type":"Point","coordinates":[29.10541,40.96834]},"properties":{"osm_id":"node/14159038304","kategori":"eczane","ad":"Bengisu Eczanesi"}},{"type":"Feature","geometry":{"type":"Point","coordinates":[29.082916,41.104243]},"properties":{"osm_id":"node/14159041301","kategori":"eczane","ad":"Çubuklu Eczanesi"}},{"type":"Feature","geometry":{"type":"Point","coordinates":[28.652076,41.033584]},"properties":{"osm_id":"node/14159052401","kategori":"eczane","ad":"Kıraç Eczanesi"}},{"type":"Feature","geometry":{"type":"Point","coordinates":[29.1492444,41.015134]},"properties":{"osm_id":"node/14159111101","kategori":"eczane","ad":"Gürsu Eczanesi"}},{"type":"Feature","geometry":{"type":"Point","coordinates":[28.8980026,40.9976854]},"properties":{"osm_id":"node/14159118001","kategori":"eczane","ad":"Gülay Eczanesi"}},{"type":"Feature","geometry":{"type":"Point","coordinates":[28.650958,41.018907]},"properties":{"osm_id":"node/14159135602","kategori":"eczane","ad":"Sueda Eczanesi"}},{"type":"Feature","geometry":{"type":"Point","coordinates":[28.77847,41.00259]},"properties":{"osm_id":"node/14159157501","kategori":"eczane","ad":"Beyatlı Eczanesi"}},{"type":"Feature","geometry":{"type":"Point","coordinates":[28.9376879,41.0058037]},"properties":{"osm_id":"node/14159174702","kategori":"eczane","ad":"Işıklar Eczanesi"}},{"type":"Feature","geometry":{"type":"Point","coordinates":[28.8308965,41.0075209]},"properties":{"osm_id":"node/14159177101","kategori":"eczane","ad":"Burcu Eczanesi"}},{"type":"Feature","geometry":{"type":"Point","coordinates":[28.661683,40.981173]},"properties":{"osm_id":"node/14159180101","kategori":"eczane","ad":"Gülhane Eczanesi"}},{"type":"Feature","geometry":{"type":"Point","coordinates":[29.0356753,41.0813073]},"properties":{"osm_id":"node/14159181701","kategori":"eczane","ad":"Nispetiye Eczanesi"}},{"type":"Feature","geometry":{"type":"Point","coordinates":[28.7160677,41.2042795]},"properties":{"osm_id":"node/14159240401","kategori":"eczane","ad":"Taşoluk Şifa Eczanesi"}},{"type":"Feature","geometry":{"type":"Point","coordinates":[28.860742,41.0320042]},"properties":{"osm_id":"node/14160258101","kategori":"eczane","ad":"Atalay Eczanesi"}},{"type":"Feature","geometry":{"type":"Point","coordinates":[29.0481922,40.9882486]},"properties":{"osm_id":"node/14160260701","kategori":"eczane","ad":"Sena Eczanesi"}},{"type":"Feature","geometry":{"type":"Point","coordinates":[28.7764716,40.9971749]},"properties":{"osm_id":"node/14160261601","kategori":"eczane","ad":"Furkan Coşkun Eczanesi"}},{"type":"Feature","geometry":{"type":"Point","coordinates":[28.7861746,41.0215675]},"properties":{"osm_id":"node/14160270001","kategori":"eczane","ad":"Ömür Eczanesi"}},{"type":"Feature","geometry":{"type":"Point","coordinates":[28.6188267,40.9965447]},"properties":{"osm_id":"node/14160270701","kategori":"eczane","ad":"Nefes Eczanesi"}},{"type":"Feature","geometry":{"type":"Point","coordinates":[28.6268708,41.0196512]},"properties":{"osm_id":"node/14160272401","kategori":"eczane","ad":"Cadde Eczanesi"}},{"type":"Feature","geometry":{"type":"Point","coordinates":[29.080985,41.015591]},"properties":{"osm_id":"node/14161938002","kategori":"eczane","ad":"Söğütlüçayır Eczanesi"}},{"type":"Feature","geometry":{"type":"Point","coordinates":[28.72315,40.98048]},"properties":{"osm_id":"node/14161946803","kategori":"eczane","ad":"Peker Eczanesi"}},{"type":"Feature","geometry":{"type":"Point","coordinates":[29.609321,41.174639]},"properties":{"osm_id":"node/14161950801","kategori":"eczane","ad":"Uzman Eczanesi"}},{"type":"Feature","geometry":{"type":"Point","coordinates":[28.7097651,41.0724041]},"properties":{"osm_id":"node/14161959301","kategori":"eczane","ad":"Bulvar Eczanesi"}},{"type":"Feature","geometry":{"type":"Point","coordinates":[28.5381051,41.0078069]},"properties":{"osm_id":"node/14162060701","kategori":"eczane","ad":"Yiğit Gümrü Eczanesi"}},{"type":"Feature","geometry":{"type":"Point","coordinates":[28.914819,41.035891]},"properties":{"osm_id":"node/14162153101","kategori":"eczane","ad":"İnci Eczanesi"}},{"type":"Feature","geometry":{"type":"Point","coordinates":[29.0265421,41.1284194]},"properties":{"osm_id":"node/14162154001","kategori":"eczane","ad":"Sezer Eczanesi"}},{"type":"Feature","geometry":{"type":"Point","coordinates":[28.862361,41.033631]},"properties":{"osm_id":"node/14162154003","kategori":"eczane","ad":"Tuğba Eczanesi"}},{"type":"Feature","geometry":{"type":"Point","coordinates":[29.1843706,40.8909941]},"properties":{"osm_id":"node/14162192901","kategori":"eczane","ad":"Çınar Eczanesi"}},{"type":"Feature","geometry":{"type":"Point","coordinates":[29.0452699,40.9793557]},"properties":{"osm_id":"node/14162201801","kategori":"eczane","ad":"Lacivert Eczanesi"}},{"type":"Feature","geometry":{"type":"Point","coordinates":[28.887601,41.004562]},"properties":{"osm_id":"node/14162213401","kategori":"eczane","ad":"Gül Eczanesi"}},{"type":"Feature","geometry":{"type":"Point","coordinates":[28.8484953,40.9954977]},"properties":{"osm_id":"node/14162245301","kategori":"eczane","ad":"Ceylan Eczanesi"}},{"type":"Feature","geometry":{"type":"Point","coordinates":[29.2170587,41.0030751]},"properties":{"osm_id":"node/14162270701","kategori":"eczane","ad":"Dicle Eczanesi"}},{"type":"Feature","geometry":{"type":"Point","coordinates":[29.20781,40.91476]},"properties":{"osm_id":"node/14162271301","kategori":"eczane","ad":"Nur Eczanesi"}},{"type":"Feature","geometry":{"type":"Point","coordinates":[28.548499,41.030446]},"properties":{"osm_id":"node/14162286601","kategori":"eczane","ad":"Tepecik Eczanesi"}},{"type":"Feature","geometry":{"type":"Point","coordinates":[29.235566,41.0070589]},"properties":{"osm_id":"node/14162676301","kategori":"eczane","ad":"Tuba Eczanesi"}},{"type":"Feature","geometry":{"type":"Point","coordinates":[28.9907436,41.0880102]},"properties":{"osm_id":"node/14162676303","kategori":"eczane","ad":"Derya Eczanesi"}},{"type":"Feature","geometry":{"type":"Point","coordinates":[28.5861881,41.0219346]},"properties":{"osm_id":"node/14162676801","kategori":"eczane","ad":"Efe Eczanesi"}},{"type":"Feature","geometry":{"type":"Point","coordinates":[28.8218953,41.0088331]},"properties":{"osm_id":"node/14162694102","kategori":"eczane","ad":"Hacer Eczanesi"}},{"type":"Feature","geometry":{"type":"Point","coordinates":[29.012146,41.0827852]},"properties":{"osm_id":"node/14162696301","kategori":"eczane","ad":"Levent Bal Eczanesi"}},{"type":"Feature","geometry":{"type":"Point","coordinates":[28.6457462,41.0418973]},"properties":{"osm_id":"node/14162726301","kategori":"eczane","ad":"Emre Eczanesi"}},{"type":"Feature","geometry":{"type":"Point","coordinates":[28.8934904,41.0062166]},"properties":{"osm_id":"node/14163319601","kategori":"eczane","ad":"Umut Eczanesi"}},{"type":"Feature","geometry":{"type":"Point","coordinates":[29.1552797,40.9813538]},"properties":{"osm_id":"node/14164695801","kategori":"eczane","ad":"Furkan Eczanesi"}},{"type":"Feature","geometry":{"type":"Point","coordinates":[28.7092634,40.9948098]},"properties":{"osm_id":"node/14164696801","kategori":"eczane","ad":"Metin Eczanesi"}},{"type":"Feature","geometry":{"type":"Point","coordinates":[28.8420135,41.0589313]},"properties":{"osm_id":"node/14164705601","kategori":"eczane","ad":"Avis Eczanesi"}},{"type":"Feature","geometry":{"type":"Point","coordinates":[28.8312793,41.053612]},"properties":{"osm_id":"node/14164739401","kategori":"eczane","ad":"Mevsim Eczanesi"}},{"type":"Feature","geometry":{"type":"Point","coordinates":[28.870225,41.0002756]},"properties":{"osm_id":"node/14164744102","kategori":"eczane","ad":"Polen Eczanesi"}},{"type":"Feature","geometry":{"type":"Point","coordinates":[28.8289877,41.0056769]},"properties":{"osm_id":"node/14164745601","kategori":"eczane","ad":"Egemen Eczanesi"}},{"type":"Feature","geometry":{"type":"Point","coordinates":[28.8489312,41.0048434]},"properties":{"osm_id":"node/14164745602","kategori":"eczane","ad":"İlhan Eczanesi"}},{"type":"Feature","geometry":{"type":"Point","coordinates":[28.8575156,41.0046342]},"properties":{"osm_id":"node/14164746401","kategori":"eczane","ad":"Emre Eczanesi"}},{"type":"Feature","geometry":{"type":"Point","coordinates":[28.8448405,41.0053098]},"properties":{"osm_id":"node/14164746602","kategori":"eczane","ad":"Koza Eczanesi"}},{"type":"Feature","geometry":{"type":"Point","coordinates":[28.83666,41.0392]},"properties":{"osm_id":"node/14165531402","kategori":"eczane","ad":"Avrupa Eczanesi"}},{"type":"Feature","geometry":{"type":"Point","coordinates":[28.7929911,41.0567178]},"properties":{"osm_id":"node/14165536701","kategori":"eczane","ad":"Arena Sağlık Eczanesi"}},{"type":"Feature","geometry":{"type":"Point","coordinates":[28.912365,41.0581015]},"properties":{"osm_id":"node/14165540301","kategori":"eczane","ad":"Gürcan Eczanesi"}},{"type":"Feature","geometry":{"type":"Point","coordinates":[28.5792895,41.0201426]},"properties":{"osm_id":"node/14165540701","kategori":"eczane","ad":"Büyükçekmece Zafer Eczanesi"}},{"type":"Feature","geometry":{"type":"Point","coordinates":[29.2696866,40.9665768]},"properties":{"osm_id":"node/14165544301","kategori":"eczane","ad":"Altun Eczanesi"}},{"type":"Feature","geometry":{"type":"Point","coordinates":[28.668374,40.976854]},"properties":{"osm_id":"node/14165544701","kategori":"eczane","ad":"Asmalı Hayat Eczanesi"}},{"type":"Feature","geometry":{"type":"Point","coordinates":[28.6674413,41.0605742]},"properties":{"osm_id":"node/14165545201","kategori":"eczane","ad":"Tutku Eczanesi"}},{"type":"Feature","geometry":{"type":"Point","coordinates":[29.2547283,41.0059426]},"properties":{"osm_id":"node/14165657301","kategori":"eczane","ad":"Mercan Eczanesi"}},{"type":"Feature","geometry":{"type":"Point","coordinates":[28.7097493,41.0727926]},"properties":{"osm_id":"node/14165908001","kategori":"eczane","ad":"Ebruli Eczanesi"}},{"type":"Feature","geometry":{"type":"Point","coordinates":[28.7817383,40.9928967]},"properties":{"osm_id":"node/14166046701","kategori":"eczane","ad":"Bilge Eczanesi"}},{"type":"Feature","geometry":{"type":"Point","coordinates":[28.6746,41.021391]},"properties":{"osm_id":"node/14166084802","kategori":"eczane","ad":"Hezen Eczanesi"}},{"type":"Feature","geometry":{"type":"Point","coordinates":[28.9625274,41.0541319]},"properties":{"osm_id":"node/14166097705","kategori":"eczane","ad":"Şifa Eczanesi"}},{"type":"Feature","geometry":{"type":"Point","coordinates":[29.0758978,41.0463587]},"properties":{"osm_id":"node/14167395301","kategori":"eczane","ad":"Sena Eczanesi"}},{"type":"Feature","geometry":{"type":"Point","coordinates":[29.0769727,40.977375]},"properties":{"osm_id":"node/14167395402","kategori":"eczane","ad":"Uraz Eczanesi"}},{"type":"Feature","geometry":{"type":"Point","coordinates":[28.94398,41.00428]},"properties":{"osm_id":"node/14167420702","kategori":"eczane","ad":"Rumeysa Eczanesi"}},{"type":"Feature","geometry":{"type":"Point","coordinates":[29.0079122,41.0516287]},"properties":{"osm_id":"node/14167431901","kategori":"eczane","ad":"Gözde Eczanesi"}},{"type":"Feature","geometry":{"type":"Point","coordinates":[29.0381181,40.9847819]},"properties":{"osm_id":"node/14167443801","kategori":"eczane","ad":"Furkan Dağdelen Eczanesi"}},{"type":"Feature","geometry":{"type":"Point","coordinates":[28.6188225,41.1558866]},"properties":{"osm_id":"node/14168666902","kategori":"eczane","ad":"Mali Eczanesi"}},{"type":"Feature","geometry":{"type":"Point","coordinates":[28.598903,41.018552]},"properties":{"osm_id":"node/14168704301","kategori":"eczane","ad":"Candan Eczanesi"}},{"type":"Feature","geometry":{"type":"Point","coordinates":[28.67649,41.060715]},"properties":{"osm_id":"node/14168710401","kategori":"eczane","ad":"Öztürk Eczanesi"}},{"type":"Feature","geometry":{"type":"Point","coordinates":[28.9490797,41.0164469]},"properties":{"osm_id":"node/14169158701","kategori":"eczane","ad":"Öz Sevgi Eczanesi"}},{"type":"Feature","geometry":{"type":"Point","coordinates":[28.8549075,41.0631299]},"properties":{"osm_id":"node/14169168501","kategori":"eczane","ad":"Leman Eczanesi"}},{"type":"Feature","geometry":{"type":"Point","coordinates":[28.9877984,41.0630019]},"properties":{"osm_id":"node/14169178801","kategori":"eczane","ad":"Ilgın Eczanesi"}},{"type":"Feature","geometry":{"type":"Point","coordinates":[28.9674157,41.0094004]},"properties":{"osm_id":"node/14169206202","kategori":"eczane","ad":"Çarşı Eczanesi"}},{"type":"Feature","geometry":{"type":"Point","coordinates":[28.7416056,41.2612611]},"properties":{"osm_id":"node/14169207002","kategori":"eczane","ad":"Melike Sultan Eczanesi"}},{"type":"Feature","geometry":{"type":"Point","coordinates":[29.2425815,41.0103259]},"properties":{"osm_id":"node/14169240702","kategori":"eczane","ad":"Sinan Ay Eczanesi"}},{"type":"Feature","geometry":{"type":"Point","coordinates":[29.2412237,40.9741911]},"properties":{"osm_id":"node/14169242301","kategori":"eczane","ad":"Rings Eczanesi"}},{"type":"Feature","geometry":{"type":"Point","coordinates":[29.0270156,41.128404]},"properties":{"osm_id":"node/14169243201","kategori":"eczane","ad":"Park Eczanesi"}},{"type":"Feature","geometry":{"type":"Point","coordinates":[28.6336853,40.9814126]},"properties":{"osm_id":"node/14169244201","kategori":"eczane","ad":"Şevval Eczanesi"}},{"type":"Feature","geometry":{"type":"Point","coordinates":[29.2555571,40.8759681]},"properties":{"osm_id":"node/14169245801","kategori":"eczane","ad":"Bademlik Eczanesi"}},{"type":"Feature","geometry":{"type":"Point","coordinates":[29.0493716,41.1179425]},"properties":{"osm_id":"node/14169246902","kategori":"eczane","ad":"Defnesu Eczanesi"}},{"type":"Feature","geometry":{"type":"Point","coordinates":[28.7705396,41.1031841]},"properties":{"osm_id":"node/14169247202","kategori":"eczane","ad":"Cemre Eczanesi"}},{"type":"Feature","geometry":{"type":"Point","coordinates":[28.6506472,41.0448629]},"properties":{"osm_id":"node/14169250701","kategori":"eczane","ad":"Ailem Eczanesi"}},{"type":"Feature","geometry":{"type":"Point","coordinates":[28.6402159,40.9747653]},"properties":{"osm_id":"node/14169265603","kategori":"eczane","ad":"Pelinsu Eczanesi"}},{"type":"Feature","geometry":{"type":"Point","coordinates":[29.0814455,40.9631996]},"properties":{"osm_id":"node/14169315302","kategori":"eczane","ad":"Berül Eczanesi"}},{"type":"Feature","geometry":{"type":"Point","coordinates":[29.1163943,40.9698097]},"properties":{"osm_id":"node/14169315702","kategori":"eczane","ad":"Fatih Eczanesi"}},{"type":"Feature","geometry":{"type":"Point","coordinates":[29.0839331,41.0242237]},"properties":{"osm_id":"node/14169322302","kategori":"eczane","ad":"İnci Eczanesi"}},{"type":"Feature","geometry":{"type":"Point","coordinates":[28.9789047,41.0401402]},"properties":{"osm_id":"node/14169322303","kategori":"eczane","ad":"Nezih Eczanesi"}},{"type":"Feature","geometry":{"type":"Point","coordinates":[29.0708635,40.9785283]},"properties":{"osm_id":"node/14169322304","kategori":"eczane","ad":"Kübra Eczanesi"}},{"type":"Feature","geometry":{"type":"Point","coordinates":[28.9440979,41.0158663]},"properties":{"osm_id":"node/14169323701","kategori":"eczane","ad":"Malik Eczanesi"}},{"type":"Feature","geometry":{"type":"Point","coordinates":[28.7909603,41.096042]},"properties":{"osm_id":"node/14169388201","kategori":"eczane","ad":"Ebru Eczanesi"}},{"type":"Feature","geometry":{"type":"Point","coordinates":[28.8488413,41.0086322]},"properties":{"osm_id":"node/14169391403","kategori":"eczane","ad":"İhsan Burak Eczanesi"}},{"type":"Feature","geometry":{"type":"Point","coordinates":[28.8873076,41.0728988]},"properties":{"osm_id":"node/14169391503","kategori":"eczane","ad":"Ecem Eczanesi"}},{"type":"Feature","geometry":{"type":"Point","coordinates":[29.0657473,41.1181412]},"properties":{"osm_id":"node/14169405201","kategori":"eczane","ad":"Yeniköy Eczanesi"}},{"type":"Feature","geometry":{"type":"Point","coordinates":[28.7995809,41.0089858]},"properties":{"osm_id":"node/14169411201","kategori":"eczane","ad":"Sefa Eczanesi"}},{"type":"Feature","geometry":{"type":"Point","coordinates":[29.0552331,41.1149616]},"properties":{"osm_id":"node/14169418801","kategori":"eczane","ad":"Neşe Eczanesi"}},{"type":"Feature","geometry":{"type":"Point","coordinates":[29.1442797,41.009366]},"properties":{"osm_id":"node/14169418802","kategori":"eczane","ad":"Altınşehir Eczanesi"}},{"type":"Feature","geometry":{"type":"Point","coordinates":[28.6674955,41.0293602]},"properties":{"osm_id":"node/14169421301","kategori":"eczane","ad":"Emine Eczanesi"}},{"type":"Feature","geometry":{"type":"Point","coordinates":[29.2866444,40.88372]},"properties":{"osm_id":"node/14169449902","kategori":"eczane","ad":"Kavak Eczanesi"}},{"type":"Feature","geometry":{"type":"Point","coordinates":[29.0796842,41.0898099]},"properties":{"osm_id":"node/14169463601","kategori":"eczane","ad":"Şener Eczanesi"}},{"type":"Feature","geometry":{"type":"Point","coordinates":[29.1043565,40.9505162]},"properties":{"osm_id":"node/14169463603","kategori":"eczane","ad":"Küçükyalı Elif Eczanesi"}},{"type":"Feature","geometry":{"type":"Point","coordinates":[29.0632875,40.9840992]},"properties":{"osm_id":"node/14169470203","kategori":"eczane","ad":"Bal Eczanesi"}},{"type":"Feature","geometry":{"type":"Point","coordinates":[28.898533,41.0583853]},"properties":{"osm_id":"node/14169472602","kategori":"eczane","ad":"Yeni Eczanesi"}},{"type":"Feature","geometry":{"type":"Point","coordinates":[29.1046819,41.0031488]},"properties":{"osm_id":"node/14169505801","kategori":"eczane","ad":"İstanbul Finans Merkezi Eczanesi"}},{"type":"Feature","geometry":{"type":"Point","coordinates":[28.8056865,41.0972574]},"properties":{"osm_id":"node/14169508401","kategori":"eczane","ad":"Ihlamur Eczanesi"}},{"type":"Feature","geometry":{"type":"Point","coordinates":[29.1055127,40.9685425]},"properties":{"osm_id":"node/14169510901","kategori":"eczane","ad":"Gözde Eczanesi"}},{"type":"Feature","geometry":{"type":"Point","coordinates":[29.2056996,41.0120703]},"properties":{"osm_id":"node/14169512001","kategori":"eczane","ad":"İzlem Eczanesi"}},{"type":"Feature","geometry":{"type":"Point","coordinates":[28.8505511,41.0259927]},"properties":{"osm_id":"node/14172813301","kategori":"eczane","ad":"Şenkul Eczanesi"}},{"type":"Feature","geometry":{"type":"Point","coordinates":[28.834138,41.0020216]},"properties":{"osm_id":"node/14172815401","kategori":"eczane","ad":"Kaya Eczanesi"}},{"type":"Feature","geometry":{"type":"Point","coordinates":[29.110928,40.9501231]},"properties":{"osm_id":"node/14172815701","kategori":"eczane","ad":"Yüksel Eczanesi"}},{"type":"Feature","geometry":{"type":"Point","coordinates":[28.877053,40.977613]},"properties":{"osm_id":"node/14172816601","kategori":"eczane","ad":"Şule Eczanesi"}},{"type":"Feature","geometry":{"type":"Point","coordinates":[29.1281186,41.0133125]},"properties":{"osm_id":"node/14172817701","kategori":"eczane","ad":"Akasya Eczanesi"}},{"type":"Feature","geometry":{"type":"Point","coordinates":[28.95963,41.00885]},"properties":{"osm_id":"node/14172817702","kategori":"eczane","ad":"Mina Eczanesi"}},{"type":"Feature","geometry":{"type":"Point","coordinates":[28.9835073,41.0396007]},"properties":{"osm_id":"node/14172833201","kategori":"eczane","ad":"Yeşim Eczanesi"}},{"type":"Feature","geometry":{"type":"Point","coordinates":[29.1081021,41.0052597]},"properties":{"osm_id":"node/14172833202","kategori":"eczane","ad":"Finanskent Eczanesi"}},{"type":"Feature","geometry":{"type":"Point","coordinates":[28.7978726,41.0033573]},"properties":{"osm_id":"node/14172834401","kategori":"eczane","ad":"Barış Eczanesi"}},{"type":"Feature","geometry":{"type":"Point","coordinates":[29.048726,40.9903963]},"properties":{"osm_id":"node/14172838001","kategori":"eczane","ad":"Alp Koray Eczanesi"}},{"type":"Feature","geometry":{"type":"Point","coordinates":[28.9815567,41.0496047]},"properties":{"osm_id":"node/14172838401","kategori":"eczane","ad":"Bahçe Eczanesi"}},{"type":"Feature","geometry":{"type":"Point","coordinates":[28.8041383,40.9735811]},"properties":{"osm_id":"node/14172838901","kategori":"eczane","ad":"Bayraktar Eczanesi"}},{"type":"Feature","geometry":{"type":"Point","coordinates":[28.85057,41.03629]},"properties":{"osm_id":"node/14172840801","kategori":"eczane","ad":"Çaykara Eczanesi"}},{"type":"Feature","geometry":{"type":"Point","coordinates":[28.7805764,41.0097454]},"properties":{"osm_id":"node/14172845701","kategori":"eczane","ad":"Mevsim Eczanesi"}},{"type":"Feature","geometry":{"type":"Point","coordinates":[28.8490308,41.0047071]},"properties":{"osm_id":"node/14172846101","kategori":"eczane","ad":"Pelina Eczanesi"}},{"type":"Feature","geometry":{"type":"Point","coordinates":[29.610984,41.1753915]},"properties":{"osm_id":"node/14172848401","kategori":"eczane","ad":"Betül Ketenci Eczanesi"}},{"type":"Feature","geometry":{"type":"Point","coordinates":[28.6267657,41.0155646]},"properties":{"osm_id":"node/14172849501","kategori":"eczane","ad":"Era Eczanesi"}},{"type":"Feature","geometry":{"type":"Point","coordinates":[29.1252915,40.9709185]},"properties":{"osm_id":"node/14172850501","kategori":"eczane","ad":"Global Eczanesi"}},{"type":"Feature","geometry":{"type":"Point","coordinates":[28.6493045,41.0114089]},"properties":{"osm_id":"node/14172850502","kategori":"eczane","ad":"Işıl Eczanesi"}},{"type":"Feature","geometry":{"type":"Point","coordinates":[28.8882709,41.0068562]},"properties":{"osm_id":"node/14172980001","kategori":"eczane","ad":"Arzu Eczanesi"}},{"type":"Feature","geometry":{"type":"Point","coordinates":[29.1304847,41.1146651]},"properties":{"osm_id":"node/14173061201","kategori":"eczane","ad":"Tuba Güven Eczanesi"}},{"type":"Feature","geometry":{"type":"Point","coordinates":[28.9875425,41.0532382]},"properties":{"osm_id":"node/14173109801","kategori":"eczane","ad":"Osmanbey Eczanesi"}},{"type":"Feature","geometry":{"type":"Point","coordinates":[29.2576075,40.9699023]},"properties":{"osm_id":"node/14173128101","kategori":"eczane","ad":"Tarçın Eczanesi"}},{"type":"Feature","geometry":{"type":"Point","coordinates":[28.6516142,41.0395492]},"properties":{"osm_id":"node/14173317903","kategori":"eczane","ad":"Gültekin Eczanesi"}},{"type":"Feature","geometry":{"type":"Point","coordinates":[28.9030734,41.0087347]},"properties":{"osm_id":"node/14173460501","kategori":"eczane","ad":"Sezer Eczanesi"}},{"type":"Feature","geometry":{"type":"Point","coordinates":[29.1720378,41.0204652]},"properties":{"osm_id":"node/14173460503","kategori":"eczane","ad":"Doğa Eczanesi"}},{"type":"Feature","geometry":{"type":"Point","coordinates":[28.9355958,41.081373]},"properties":{"osm_id":"node/14173463901","kategori":"eczane","ad":"Yılmaz Eczanesi"}},{"type":"Feature","geometry":{"type":"Point","coordinates":[29.3611108,40.8344806]},"properties":{"osm_id":"node/14173497301","kategori":"eczane","ad":"Erdem Eczanesi"}},{"type":"Feature","geometry":{"type":"Point","coordinates":[29.1109559,40.9541258]},"properties":{"osm_id":"node/14173497303","kategori":"eczane","ad":"Timur Eczanesi"}},{"type":"Feature","geometry":{"type":"Point","coordinates":[29.172457,41.0311786]},"properties":{"osm_id":"node/14173501902","kategori":"eczane","ad":"Cadde Eczanesi"}},{"type":"Feature","geometry":{"type":"Point","coordinates":[28.8407207,41.0441416]},"properties":{"osm_id":"node/14173502501","kategori":"eczane","ad":"Çiçek Eczanesi"}},{"type":"Feature","geometry":{"type":"Point","coordinates":[28.7244053,40.9792018]},"properties":{"osm_id":"node/14173506401","kategori":"eczane","ad":"Zeynep Eczanesi"}},{"type":"Feature","geometry":{"type":"Point","coordinates":[29.2076855,41.0065312]},"properties":{"osm_id":"node/14177671127","kategori":"eczane","ad":"Sema Eczanesi"}},{"type":"Feature","geometry":{"type":"Point","coordinates":[28.8412709,41.0095826]},"properties":{"osm_id":"node/14179962301","kategori":"eczane","ad":"Figen Eczanesi"}},{"type":"Feature","geometry":{"type":"Point","coordinates":[29.165261,40.918752]},"properties":{"osm_id":"node/14179962302","kategori":"eczane","ad":"Maltepe Park Eczanesi"}},{"type":"Feature","geometry":{"type":"Point","coordinates":[28.8813158,40.9812706]},"properties":{"osm_id":"node/14179964501","kategori":"eczane","ad":"Balkan Eczanesi"}},{"type":"Feature","geometry":{"type":"Point","coordinates":[28.8862807,41.0337507]},"properties":{"osm_id":"node/14179966101","kategori":"eczane","ad":"Doğa Eczanesi"}},{"type":"Feature","geometry":{"type":"Point","coordinates":[29.1586863,40.9444638]},"properties":{"osm_id":"node/14179975001","kategori":"eczane","ad":"Nish Eczanesi"}},{"type":"Feature","geometry":{"type":"Point","coordinates":[28.8815868,40.9798575]},"properties":{"osm_id":"node/14179976501","kategori":"eczane","ad":"Oylum Eczanesi"}},{"type":"Feature","geometry":{"type":"Point","coordinates":[29.2353165,40.8788793]},"properties":{"osm_id":"node/14179978301","kategori":"eczane","ad":"Aysel Eczanesi"}},{"type":"Feature","geometry":{"type":"Point","coordinates":[28.557328,41.017274]},"properties":{"osm_id":"node/14179978601","kategori":"eczane","ad":"Bizim Eczanesi"}},{"type":"Feature","geometry":{"type":"Point","coordinates":[28.637723,41.0142335]},"properties":{"osm_id":"node/14179980701","kategori":"eczane","ad":"Kameroğlu Botanik Eczanesi"}},{"type":"Feature","geometry":{"type":"Point","coordinates":[28.8540176,41.1048855]},"properties":{"osm_id":"node/14179985401","kategori":"eczane","ad":"Sema Eczanesi"}},{"type":"Feature","geometry":{"type":"Point","coordinates":[28.8606992,41.1015209]},"properties":{"osm_id":"node/14179989601","kategori":"eczane","ad":"Arı Eczanesi"}},{"type":"Feature","geometry":{"type":"Point","coordinates":[28.7808752,41.0145512]},"properties":{"osm_id":"node/14179998201","kategori":"eczane","ad":"Atilla Eczanesi"}},{"type":"Feature","geometry":{"type":"Point","coordinates":[28.7100181,41.0631788]},"properties":{"osm_id":"node/14179998801","kategori":"eczane","ad":"İjlal Öner Eczanesi"}},{"type":"Feature","geometry":{"type":"Point","coordinates":[28.7806244,41.0777964]},"properties":{"osm_id":"node/14180000401","kategori":"eczane","ad":"Kainat Eczanesi"}},{"type":"Feature","geometry":{"type":"Point","coordinates":[29.35735,40.82773]},"properties":{"osm_id":"node/14180003502","kategori":"eczane","ad":"Esin Eczanesi"}},{"type":"Feature","geometry":{"type":"Point","coordinates":[28.7996682,41.0089153]},"properties":{"osm_id":"node/14180006501","kategori":"eczane","ad":"Merve Eczanesi"}},{"type":"Feature","geometry":{"type":"Point","coordinates":[28.9609462,41.034393]},"properties":{"osm_id":"node/14180013301","kategori":"eczane","ad":"Tersane İstanbul Eczanesi"}},{"type":"Feature","geometry":{"type":"Point","coordinates":[29.1960114,41.0050001]},"properties":{"osm_id":"node/14180018402","kategori":"eczane","ad":"Cemal Eczanesi"}},{"type":"Feature","geometry":{"type":"Point","coordinates":[28.790633,40.988489]},"properties":{"osm_id":"node/14180020402","kategori":"eczane","ad":"Ezgi Eczanesi"}},{"type":"Feature","geometry":{"type":"Point","coordinates":[28.8876273,41.0072744]},"properties":{"osm_id":"node/14180020403","kategori":"eczane","ad":"Doğan Eczanesi"}},{"type":"Feature","geometry":{"type":"Point","coordinates":[29.0541079,41.124532]},"properties":{"osm_id":"node/14180023801","kategori":"eczane","ad":"Yeni Bağlar Eczanesi"}},{"type":"Feature","geometry":{"type":"Point","coordinates":[28.8002639,41.0334837]},"properties":{"osm_id":"node/14180025801","kategori":"eczane","ad":"Hacer Eczanesi"}},{"type":"Feature","geometry":{"type":"Point","coordinates":[29.2407753,40.9620315]},"properties":{"osm_id":"node/14180026401","kategori":"eczane","ad":"Huzur Eczanesi"}},{"type":"Feature","geometry":{"type":"Point","coordinates":[29.0918451,41.0961048]},"properties":{"osm_id":"node/14180033503","kategori":"eczane","ad":"Yeni Yüksel Eczanesi"}},{"type":"Feature","geometry":{"type":"Point","coordinates":[28.7981915,41.0586521]},"properties":{"osm_id":"node/14180043502","kategori":"eczane","ad":"Metropark Eczanesi"}},{"type":"Feature","geometry":{"type":"Point","coordinates":[29.185565,41.026019]},"properties":{"osm_id":"node/14180045601","kategori":"eczane","ad":"Ürün Eczanesi"}},{"type":"Feature","geometry":{"type":"Point","coordinates":[29.1715975,40.9081361]},"properties":{"osm_id":"node/14180054901","kategori":"eczane","ad":"Demir Eczanesi"}},{"type":"Feature","geometry":{"type":"Point","coordinates":[29.0265951,41.1284071]},"properties":{"osm_id":"node/14180056101","kategori":"eczane","ad":"Güneş Maslak Eczanesi"}},{"type":"Feature","geometry":{"type":"Point","coordinates":[28.6348557,41.0031196]},"properties":{"osm_id":"node/14180064501","kategori":"eczane","ad":"Kent Eczanesi"}},{"type":"Feature","geometry":{"type":"Point","coordinates":[29.2044785,40.9101075]},"properties":{"osm_id":"node/14180065701","kategori":"eczane","ad":"Mert Eczanesi"}},{"type":"Feature","geometry":{"type":"Point","coordinates":[28.6717994,40.9812289]},"properties":{"osm_id":"node/14180067801","kategori":"eczane","ad":"Temiroğlu Eczanesi"}},{"type":"Feature","geometry":{"type":"Point","coordinates":[28.7071708,40.9823886]},"properties":{"osm_id":"node/14180088001","kategori":"eczane","ad":"Arden Eczanesi"}},{"type":"Feature","geometry":{"type":"Point","coordinates":[28.9702258,41.086217]},"properties":{"osm_id":"node/14180193601","kategori":"eczane","ad":"Kemer Cadde Eczanesi"}},{"type":"Feature","geometry":{"type":"Point","coordinates":[28.7692948,40.9931611]},"properties":{"osm_id":"node/14180197401","kategori":"eczane","ad":"Hande Eczanesi"}},{"type":"Feature","geometry":{"type":"Point","coordinates":[28.6685604,41.0587533]},"properties":{"osm_id":"node/14180249601","kategori":"eczane","ad":"Ebrar Eczanesi"}},{"type":"Feature","geometry":{"type":"Point","coordinates":[28.8768017,40.9838631]},"properties":{"osm_id":"node/14180278301","kategori":"eczane","ad":"Filiz Eczanesi"}},{"type":"Feature","geometry":{"type":"Point","coordinates":[28.7580909,41.1077651]},"properties":{"osm_id":"node/14180288102","kategori":"eczane","ad":"Serdeste Eczanesi"}},{"type":"Feature","geometry":{"type":"Point","coordinates":[28.852222,41.0425269]},"properties":{"osm_id":"node/14180294301","kategori":"eczane","ad":"Karanfil Eczanesi"}},{"type":"Feature","geometry":{"type":"Point","coordinates":[28.731744,40.9843069]},"properties":{"osm_id":"node/14180313401","kategori":"eczane","ad":"Feyza Eczanesi"}},{"type":"Feature","geometry":{"type":"Point","coordinates":[28.7257216,41.0721434]},"properties":{"osm_id":"node/14180327001","kategori":"eczane","ad":"Muhammed Eczanesi"}},{"type":"Feature","geometry":{"type":"Point","coordinates":[29.0644534,40.9877559]},"properties":{"osm_id":"node/14180331301","kategori":"eczane","ad":"Emre Eczanesi"}},{"type":"Feature","geometry":{"type":"Point","coordinates":[29.0402359,41.0134018]},"properties":{"osm_id":"node/14180331302","kategori":"eczane","ad":"Koru Eczanesi"}},{"type":"Feature","geometry":{"type":"Point","coordinates":[29.1028529,41.0338478]},"properties":{"osm_id":"node/14180333201","kategori":"eczane","ad":"İrem Eczanesi"}},{"type":"Feature","geometry":{"type":"Point","coordinates":[28.6849033,41.0727436]},"properties":{"osm_id":"node/14180335002","kategori":"eczane","ad":"Bahçeşehir Park Eczanesi"}},{"type":"Feature","geometry":{"type":"Point","coordinates":[28.8939003,40.9916363]},"properties":{"osm_id":"node/14180337101","kategori":"eczane","ad":"Sezgin Eczanesi"}},{"type":"Feature","geometry":{"type":"Point","coordinates":[29.1788319,40.9124583]},"properties":{"osm_id":"node/14180339701","kategori":"eczane","ad":"Adalet Eczanesi"}},{"type":"Feature","geometry":{"type":"Point","coordinates":[28.9872149,41.0524045]},"properties":{"osm_id":"node/14180342104","kategori":"eczane","ad":"Lotus Eczanesi"}},{"type":"Feature","geometry":{"type":"Point","coordinates":[29.1542494,40.9195971]},"properties":{"osm_id":"node/14180349901","kategori":"eczane","ad":"Merih Eczanesi"}},{"type":"Feature","geometry":{"type":"Point","coordinates":[28.7167623,41.2045176]},"properties":{"osm_id":"node/14180356303","kategori":"eczane","ad":"Aydoğan Eczanesi"}},{"type":"Feature","geometry":{"type":"Point","coordinates":[28.8767695,41.032136]},"properties":{"osm_id":"node/14180373901","kategori":"eczane","ad":"Elif Şifa Eczanesi"}},{"type":"Feature","geometry":{"type":"Point","coordinates":[29.6112737,41.1752926]},"properties":{"osm_id":"node/14180374401","kategori":"eczane","ad":"Güneş Gören Eczanesi"}},{"type":"Feature","geometry":{"type":"Point","coordinates":[29.117094,41.0206316]},"properties":{"osm_id":"node/14180398502","kategori":"eczane","ad":"Ataselim Eczanesi"}},{"type":"Feature","geometry":{"type":"Point","coordinates":[28.87161,41.10597]},"properties":{"osm_id":"node/14180407602","kategori":"eczane","ad":"Hicret Eczanesi"}},{"type":"Feature","geometry":{"type":"Point","coordinates":[29.1036254,40.950423]},"properties":{"osm_id":"node/14180426101","kategori":"eczane","ad":"İncir Eczanesi"}},{"type":"Feature","geometry":{"type":"Point","coordinates":[28.8312954,41.0308635]},"properties":{"osm_id":"node/14180427801","kategori":"eczane","ad":"Nebil Eczanesi"}},{"type":"Feature","geometry":{"type":"Point","coordinates":[28.9042032,41.042438]},"properties":{"osm_id":"node/14180432401","kategori":"eczane","ad":"Sarı Eczanesi"}},{"type":"Feature","geometry":{"type":"Point","coordinates":[29.2248961,41.0297182]},"properties":{"osm_id":"node/14180434201","kategori":"eczane","ad":"Vitamin Eczanesi"}},{"type":"Feature","geometry":{"type":"Point","coordinates":[29.1281864,40.8732828]},"properties":{"osm_id":"node/14180451004","kategori":"eczane","ad":"Yeni Eczanesi"}},{"type":"Feature","geometry":{"type":"Point","coordinates":[29.1277302,40.8732763]},"properties":{"osm_id":"node/14180454002","kategori":"eczane","ad":"Büyükada Eczanesi"}},{"type":"Feature","geometry":{"type":"Point","coordinates":[28.7321062,41.189531]},"properties":{"osm_id":"node/14180455302","kategori":"eczane","ad":"İnci Eczanesi"}},{"type":"Feature","geometry":{"type":"Point","coordinates":[29.1302705,40.9766743]},"properties":{"osm_id":"node/14180484602","kategori":"eczane","ad":"Hayat Eczanesi"}},{"type":"Feature","geometry":{"type":"Point","coordinates":[29.114273,40.970256]},"properties":{"osm_id":"node/14180484603","kategori":"eczane","ad":"Lotus Eczanesi"}},{"type":"Feature","geometry":{"type":"Point","coordinates":[29.075371,40.995901]},"properties":{"osm_id":"node/14180484604","kategori":"eczane","ad":"Sağlık Eczanesi"}},{"type":"Feature","geometry":{"type":"Point","coordinates":[29.1028088,40.9744047]},"properties":{"osm_id":"node/14180486401","kategori":"eczane","ad":"Atapark Eczanesi"}},{"type":"Feature","geometry":{"type":"Point","coordinates":[29.0940043,40.9968322]},"properties":{"osm_id":"node/14180487601","kategori":"eczane","ad":"Ataşehir Canan Eczanesi"}},{"type":"Feature","geometry":{"type":"Point","coordinates":[29.1219664,40.9936255]},"properties":{"osm_id":"node/14180508701","kategori":"eczane","ad":"Tuba Arabacıoğlu Eczanesi"}},{"type":"Feature","geometry":{"type":"Point","coordinates":[29.1166958,40.9722439]},"properties":{"osm_id":"node/14180511001","kategori":"eczane","ad":"Zeytin Eczanesi"}},{"type":"Feature","geometry":{"type":"Point","coordinates":[28.705548,40.9889863]},"properties":{"osm_id":"node/14180517901","kategori":"eczane","ad":"Acar Eczanesi"}},{"type":"Feature","geometry":{"type":"Point","coordinates":[28.733726,40.9759699]},"properties":{"osm_id":"node/14180519402","kategori":"eczane","ad":"Deva Eczanesi"}},{"type":"Feature","geometry":{"type":"Point","coordinates":[28.7346393,40.9816771]},"properties":{"osm_id":"node/14180586601","kategori":"eczane","ad":"Kuruçeşme Eczanesi"}},{"type":"Feature","geometry":{"type":"Point","coordinates":[29.148434,41.008317]},"properties":{"osm_id":"node/14182336501","kategori":"eczane","ad":"Sofuoğlu Eczanesi"}},{"type":"Feature","geometry":{"type":"Point","coordinates":[29.237431,40.880672]},"properties":{"osm_id":"node/14182348601","kategori":"eczane","ad":"Umut Eczanesi"}},{"type":"Feature","geometry":{"type":"Point","coordinates":[28.658944,41.026384]},"properties":{"osm_id":"node/14182349201","kategori":"eczane","ad":"Fatih Eczanesi"}},{"type":"Feature","geometry":{"type":"Point","coordinates":[28.9911711,41.0714493]},"properties":{"osm_id":"node/14182518103","kategori":"eczane","ad":"Kuştepe Eczanesi"}},{"type":"Feature","geometry":{"type":"Point","coordinates":[28.967673,41.040049]},"properties":{"osm_id":"node/14182536301","kategori":"eczane","ad":"Piyalepaşa Eczanesi"}},{"type":"Feature","geometry":{"type":"Point","coordinates":[28.632288,41.075737]},"properties":{"osm_id":"node/14182560401","kategori":"eczane","ad":"Yeni Cihan Eczanesi"}},{"type":"Feature","geometry":{"type":"Point","coordinates":[28.853,41.107]},"properties":{"osm_id":"node/14182561101","kategori":"eczane","ad":"Gündüz Eczanesi"}},{"type":"Feature","geometry":{"type":"Point","coordinates":[29.195028,40.915753]},"properties":{"osm_id":"node/14182564001","kategori":"eczane","ad":"Saadet Eczanesi"}},{"type":"Feature","geometry":{"type":"Point","coordinates":[28.9075667,41.03858]},"properties":{"osm_id":"node/14182564802","kategori":"eczane","ad":"Sena Eczanesi"}},{"type":"Feature","geometry":{"type":"Point","coordinates":[29.099372,41.118256]},"properties":{"osm_id":"node/14182574001","kategori":"eczane","ad":"Serez Eczanesi"}},{"type":"Feature","geometry":{"type":"Point","coordinates":[28.882254,41.039019]},"properties":{"osm_id":"node/14182575101","kategori":"eczane","ad":"Türkan Aslan Eczanesi"}},{"type":"Feature","geometry":{"type":"Point","coordinates":[28.784366,40.991203]},"properties":{"osm_id":"node/14182576701","kategori":"eczane","ad":"Yeşilova Merkez Eczanesi"}},{"type":"Feature","geometry":{"type":"Point","coordinates":[29.1173037,41.0027393]},"properties":{"osm_id":"node/14182599001","kategori":"eczane","ad":"Finansşehir Eczanesi"}},{"type":"Feature","geometry":{"type":"Point","coordinates":[28.8441926,41.0049982]},"properties":{"osm_id":"node/14182600002","kategori":"eczane","ad":"Doğa Eczanesi"}},{"type":"Feature","geometry":{"type":"Point","coordinates":[29.1307211,40.9765487]},"properties":{"osm_id":"node/14182612102","kategori":"eczane","ad":"Nefesim Eczanesi"}},{"type":"Feature","geometry":{"type":"Point","coordinates":[28.65544,40.9689]},"properties":{"osm_id":"node/14182613801","kategori":"eczane","ad":"Viva Eczanesi"}},{"type":"Feature","geometry":{"type":"Point","coordinates":[29.025139,41.157603]},"properties":{"osm_id":"node/14182615201","kategori":"eczane","ad":"Vereseli Aylin Eczanesi"}},{"type":"Feature","geometry":{"type":"Point","coordinates":[29.0101725,41.1196088]},"properties":{"osm_id":"node/14182618801","kategori":"eczane","ad":"Aynalı Çarşı Eczanesi"}},{"type":"Feature","geometry":{"type":"Point","coordinates":[28.987278,41.061396]},"properties":{"osm_id":"node/14182641002","kategori":"eczane","ad":"Pelin Eczanesi"}},{"type":"Feature","geometry":{"type":"Point","coordinates":[29.15322,41.011973]},"properties":{"osm_id":"node/14182643901","kategori":"eczane","ad":"Yeditepe Eczanesi"}},{"type":"Feature","geometry":{"type":"Point","coordinates":[29.085437,41.040709]},"properties":{"osm_id":"node/14182646601","kategori":"eczane","ad":"Zeren Eczanesi"}},{"type":"Feature","geometry":{"type":"Point","coordinates":[29.1499016,40.9812511]},"properties":{"osm_id":"node/14182703001","kategori":"eczane","ad":"Özge Eczanesi"}},{"type":"Feature","geometry":{"type":"Point","coordinates":[28.7138575,41.0619052]},"properties":{"osm_id":"node/14182704101","kategori":"eczane","ad":"Gülce Eczanesi"}},{"type":"Feature","geometry":{"type":"Point","coordinates":[28.8617921,41.0333703]},"properties":{"osm_id":"node/14182704102","kategori":"eczane","ad":"Orkide Eczanesi"}},{"type":"Feature","geometry":{"type":"Point","coordinates":[28.7273061,40.9794931]},"properties":{"osm_id":"node/14182705601","kategori":"eczane","ad":"Nilüfer Eczanesi"}},{"type":"Feature","geometry":{"type":"Point","coordinates":[28.7131682,40.9814318]},"properties":{"osm_id":"node/14182706001","kategori":"eczane","ad":"Şifa Eczanesi"}},{"type":"Feature","geometry":{"type":"Point","coordinates":[28.7165196,40.9785665]},"properties":{"osm_id":"node/14182708401","kategori":"eczane","ad":"Tacar Eczanesi"}},{"type":"Feature","geometry":{"type":"Point","coordinates":[28.8409996,41.0254246]},"properties":{"osm_id":"node/14182715801","kategori":"eczane","ad":"As Eczanesi"}},{"type":"Feature","geometry":{"type":"Point","coordinates":[28.8329476,41.040947]},"properties":{"osm_id":"node/14182717301","kategori":"eczane","ad":"Avrupa Plus Eczanesi"}},{"type":"Feature","geometry":{"type":"Point","coordinates":[28.8392367,41.0225549]},"properties":{"osm_id":"node/14182718301","kategori":"eczane","ad":"Çetin Eczanesi"}},{"type":"Feature","geometry":{"type":"Point","coordinates":[28.8443551,41.0378153]},"properties":{"osm_id":"node/14182718401","kategori":"eczane","ad":"Emin Eczanesi"}},{"type":"Feature","geometry":{"type":"Point","coordinates":[28.8435236,41.0575511]},"properties":{"osm_id":"node/14182728601","kategori":"eczane","ad":"Megapol Eczanesi"}},{"type":"Feature","geometry":{"type":"Point","coordinates":[28.8561476,41.0313834]},"properties":{"osm_id":"node/14182728602","kategori":"eczane","ad":"Ulusoy Eczanesi"}},{"type":"Feature","geometry":{"type":"Point","coordinates":[28.8408548,41.0337042]},"properties":{"osm_id":"node/14182731501","kategori":"eczane","ad":"Öğütcü Eczanesi"}},{"type":"Feature","geometry":{"type":"Point","coordinates":[28.839566,41.0222522]},"properties":{"osm_id":"node/14182731502","kategori":"eczane","ad":"Zeynep Şifa Eczanesi"}},{"type":"Feature","geometry":{"type":"Point","coordinates":[28.8498724,40.9969477]},"properties":{"osm_id":"node/14182745501","kategori":"eczane","ad":"Abay Eczanesi"}},{"type":"Feature","geometry":{"type":"Point","coordinates":[28.8325882,41.0183457]},"properties":{"osm_id":"node/14182755201","kategori":"eczane","ad":"Akasya Eczanesi"}},{"type":"Feature","geometry":{"type":"Point","coordinates":[28.8704704,40.9994863]},"properties":{"osm_id":"node/14182764402","kategori":"eczane","ad":"Anka Eczanesi"}},{"type":"Feature","geometry":{"type":"Point","coordinates":[28.8352677,40.9950143]},"properties":{"osm_id":"node/14182788101","kategori":"eczane","ad":"Duygu Eczanesi"}},{"type":"Feature","geometry":{"type":"Point","coordinates":[28.8490464,41.0012749]},"properties":{"osm_id":"node/14182791601","kategori":"eczane","ad":"İlbey Eczanesi"}},{"type":"Feature","geometry":{"type":"Point","coordinates":[28.8431454,41.004692]},"properties":{"osm_id":"node/14182792702","kategori":"eczane","ad":"Volkan Eczanesi"}},{"type":"Feature","geometry":{"type":"Point","coordinates":[28.8288018,41.0111957]},"properties":{"osm_id":"node/14182792804","kategori":"eczane","ad":"Tarçın Eczanesi"}},{"type":"Feature","geometry":{"type":"Point","coordinates":[28.8412812,41.0082613]},"properties":{"osm_id":"node/14182809101","kategori":"eczane","ad":"Sami Eczanesi"}},{"type":"Feature","geometry":{"type":"Point","coordinates":[28.8412571,41.0052288]},"properties":{"osm_id":"node/14182809901","kategori":"eczane","ad":"Solmaz Eczanesi"}},{"type":"Feature","geometry":{"type":"Point","coordinates":[28.859075,41.0079841]},"properties":{"osm_id":"node/14182814901","kategori":"eczane","ad":"Tuğrul Örnek Eczanesi"}},{"type":"Feature","geometry":{"type":"Point","coordinates":[28.8605583,41.0021999]},"properties":{"osm_id":"node/14182869601","kategori":"eczane","ad":"Yayla Eczanesi"}},{"type":"Feature","geometry":{"type":"Point","coordinates":[28.8246864,41.0108457]},"properties":{"osm_id":"node/14182880301","kategori":"eczane","ad":"Yenibosna Yıldız Eczanesi"}},{"type":"Feature","geometry":{"type":"Point","coordinates":[28.8771477,40.9937482]},"properties":{"osm_id":"node/14182935801","kategori":"eczane","ad":"Dörtkardeş Eczanesi"}},{"type":"Feature","geometry":{"type":"Point","coordinates":[29.099646,40.9593118]},"properties":{"osm_id":"node/14183775303","kategori":"eczane","ad":"Bostancı Eczanesi"}},{"type":"Feature","geometry":{"type":"Point","coordinates":[29.235328,41.035364]},"properties":{"osm_id":"node/14184423801","kategori":"eczane","ad":"Altınsoy Eczanesi"}},{"type":"Feature","geometry":{"type":"Point","coordinates":[28.655476,41.085453]},"properties":{"osm_id":"node/14184424101","kategori":"eczane","ad":"Avrupa Park Eczanesi"}},{"type":"Feature","geometry":{"type":"Point","coordinates":[29.103103,41.0331123]},"properties":{"osm_id":"node/14184424102","kategori":"eczane","ad":"Emine Eczanesi"}},{"type":"Feature","geometry":{"type":"Point","coordinates":[29.243812,40.882093]},"properties":{"osm_id":"node/14184427201","kategori":"eczane","ad":"Merve Eczanesi"}},{"type":"Feature","geometry":{"type":"Point","coordinates":[28.840197,41.003631]},"properties":{"osm_id":"node/14184428001","kategori":"eczane","ad":"Tuba Eczanesi"}},{"type":"Feature","geometry":{"type":"Point","coordinates":[28.975919,41.061955]},"properties":{"osm_id":"node/14184439202","kategori":"eczane","ad":"Akasya Eczanesi"}},{"type":"Feature","geometry":{"type":"Point","coordinates":[29.2028396,41.00951]},"properties":{"osm_id":"node/14184439203","kategori":"eczane","ad":"Hilal Eczanesi"}},{"type":"Feature","geometry":{"type":"Point","coordinates":[29.0786621,41.0703169]},"properties":{"osm_id":"node/14184443501","kategori":"eczane","ad":"Elif Burçak Eczanesi"}},{"type":"Feature","geometry":{"type":"Point","coordinates":[29.09734,41.117853]},"properties":{"osm_id":"node/14184444802","kategori":"eczane","ad":"Karadeniz Eczanesi"}},{"type":"Feature","geometry":{"type":"Point","coordinates":[29.0569865,40.988118]},"properties":{"osm_id":"node/14184446402","kategori":"eczane","ad":"Yeditepe Eczanesi"}},{"type":"Feature","geometry":{"type":"Point","coordinates":[28.854114,41.106844]},"properties":{"osm_id":"node/14184451601","kategori":"eczane","ad":"Sena Eczanesi"}},{"type":"Feature","geometry":{"type":"Point","coordinates":[28.8524136,40.9951331]},"properties":{"osm_id":"node/14184455701","kategori":"eczane","ad":"Açelya Eczanesi"}},{"type":"Feature","geometry":{"type":"Point","coordinates":[28.8910441,41.0985735]},"properties":{"osm_id":"node/14184458201","kategori":"eczane","ad":"Esentepe Eczanesi"}},{"type":"Feature","geometry":{"type":"Point","coordinates":[28.88107,41.10139]},"properties":{"osm_id":"node/14184459501","kategori":"eczane","ad":"Göksun Eczanesi"}},{"type":"Feature","geometry":{"type":"Point","coordinates":[28.7091771,40.9984739]},"properties":{"osm_id":"node/14184469602","kategori":"eczane","ad":"Kocabay Eczanesi"}},{"type":"Feature","geometry":{"type":"Point","coordinates":[29.072546,41.0574527]},"properties":{"osm_id":"node/14184599701","kategori":"eczane","ad":"Çengelköy Meydan Eczanesi"}},{"type":"Feature","geometry":{"type":"Point","coordinates":[28.7448265,41.1864179]},"properties":{"osm_id":"node/14184600901","kategori":"eczane","ad":"Bizim Eczanesi"}},{"type":"Feature","geometry":{"type":"Point","coordinates":[29.1105514,41.2340769]},"properties":{"osm_id":"node/14184607501","kategori":"eczane","ad":"Ceren Eczanesi"}},{"type":"Feature","geometry":{"type":"Point","coordinates":[28.7968018,41.0212435]},"properties":{"osm_id":"node/14184612801","kategori":"eczane","ad":"Derya Eczanesi"}},{"type":"Feature","geometry":{"type":"Point","coordinates":[28.952322,41.0156504]},"properties":{"osm_id":"node/14184618401","kategori":"eczane","ad":"Acet Eczanesi"}},{"type":"Feature","geometry":{"type":"Point","coordinates":[28.860272,41.1063047]},"properties":{"osm_id":"node/14184620601","kategori":"eczane","ad":"Bulvar Eczanesi"}},{"type":"Feature","geometry":{"type":"Point","coordinates":[29.0280086,41.0235529]},"properties":{"osm_id":"node/14184620602","kategori":"eczane","ad":"Üsküdar Çinili Eczanesi"}},{"type":"Feature","geometry":{"type":"Point","coordinates":[28.8389009,41.002852]},"properties":{"osm_id":"node/14184620901","kategori":"eczane","ad":"Alev Eczanesi"}},{"type":"Feature","geometry":{"type":"Point","coordinates":[28.94324,41.0374128]},"properties":{"osm_id":"node/14184622101","kategori":"eczane","ad":"Umut Eczanesi"}},{"type":"Feature","geometry":{"type":"Point","coordinates":[29.1752028,41.0350985]},"properties":{"osm_id":"node/14184627801","kategori":"eczane","ad":"Lotus Eczanesi"}},{"type":"Feature","geometry":{"type":"Point","coordinates":[28.8726379,41.0304016]},"properties":{"osm_id":"node/14184629601","kategori":"eczane","ad":"Genç Osman Eczanesi"}},{"type":"Feature","geometry":{"type":"Point","coordinates":[28.844545,40.9894504]},"properties":{"osm_id":"node/14184636401","kategori":"eczane","ad":"Yonca Eczanesi"}},{"type":"Feature","geometry":{"type":"Point","coordinates":[28.6580381,41.0320127]},"properties":{"osm_id":"node/14184639701","kategori":"eczane","ad":"Haktan Eczanesi"}},{"type":"Feature","geometry":{"type":"Point","coordinates":[29.0375009,41.1207558]},"properties":{"osm_id":"node/14184639702","kategori":"eczane","ad":"Nurcihan Eczanesi"}},{"type":"Feature","geometry":{"type":"Point","coordinates":[28.6326885,41.0753602]},"properties":{"osm_id":"node/14184652701","kategori":"eczane","ad":"Akçaburgaz Eczanesi"}},{"type":"Feature","geometry":{"type":"Point","coordinates":[28.6620292,41.017069]},"properties":{"osm_id":"node/14184657001","kategori":"eczane","ad":"Ali Eczanesi"}},{"type":"Feature","geometry":{"type":"Point","coordinates":[29.0530899,41.0503232]},"properties":{"osm_id":"node/14184657202","kategori":"eczane","ad":"Çengelköy Eczanesi"}},{"type":"Feature","geometry":{"type":"Point","coordinates":[28.8041139,41.0548097]},"properties":{"osm_id":"node/14184657203","kategori":"eczane","ad":"Şevval Eczanesi"}},{"type":"Feature","geometry":{"type":"Point","coordinates":[28.9562112,41.0550543]},"properties":{"osm_id":"node/14184664502","kategori":"eczane","ad":"Yeni Eczanesi"}},{"type":"Feature","geometry":{"type":"Point","coordinates":[28.9291745,41.0153449]},"properties":{"osm_id":"node/14184666401","kategori":"eczane","ad":"İlminur Eczanesi"}},{"type":"Feature","geometry":{"type":"Point","coordinates":[28.7976819,41.0266652]},"properties":{"osm_id":"node/14184667001","kategori":"eczane","ad":"Zeynep Eczanesi"}},{"type":"Feature","geometry":{"type":"Point","coordinates":[28.9040422,41.0526857]},"properties":{"osm_id":"node/14184669301","kategori":"eczane","ad":"Kartaltepe Eczanesi"}},{"type":"Feature","geometry":{"type":"Point","coordinates":[29.0906722,40.9603855]},"properties":{"osm_id":"node/14184692301","kategori":"eczane","ad":"Kuzey Eczanesi"}},{"type":"Feature","geometry":{"type":"Point","coordinates":[28.8819703,41.0827499]},"properties":{"osm_id":"node/14184692501","kategori":"eczane","ad":"Yüksel Eczanesi"}},{"type":"Feature","geometry":{"type":"Point","coordinates":[28.9206666,41.0494231]},"properties":{"osm_id":"node/14184698801","kategori":"eczane","ad":"Polat Eczanesi"}},{"type":"Feature","geometry":{"type":"Point","coordinates":[29.0331587,40.9978849]},"properties":{"osm_id":"node/14184707301","kategori":"eczane","ad":"Sarayardı Eczanesi"}},{"type":"Feature","geometry":{"type":"Point","coordinates":[28.6255405,41.0088917]},"properties":{"osm_id":"node/14184716201","kategori":"eczane","ad":"Sarmaşık Eczanesi"}},{"type":"Feature","geometry":{"type":"Point","coordinates":[28.8809232,41.0498467]},"properties":{"osm_id":"node/14184718801","kategori":"eczane","ad":"Fatih Eczanesi"}},{"type":"Feature","geometry":{"type":"Point","coordinates":[28.9758593,41.0623899]},"properties":{"osm_id":"node/14184721001","kategori":"eczane","ad":"Adıvar Eczanesi"}},{"type":"Feature","geometry":{"type":"Point","coordinates":[28.869537,41.0561476]},"properties":{"osm_id":"node/14184722001","kategori":"eczane","ad":"Pınar Eczanesi"}},{"type":"Feature","geometry":{"type":"Point","coordinates":[28.6848951,41.0128153]},"properties":{"osm_id":"node/14184727301","kategori":"eczane","ad":"Prestij Eczanesi"}},{"type":"Feature","geometry":{"type":"Point","coordinates":[29.1140592,40.9506768]},"properties":{"osm_id":"node/14184727302","kategori":"eczane","ad":"Fatoş Küçükyalı Eczanesi"}},{"type":"Feature","geometry":{"type":"Point","coordinates":[28.7601074,41.196382]},"properties":{"osm_id":"node/14184730001","kategori":"eczane","ad":"Uraz Eczanesi"}},{"type":"Feature","geometry":{"type":"Point","coordinates":[29.1910497,41.0107255]},"properties":{"osm_id":"node/14184739501","kategori":"eczane","ad":"Kaan Eczanesi"}},{"type":"Feature","geometry":{"type":"Point","coordinates":[29.1738839,41.0361048]},"properties":{"osm_id":"node/14184739502","kategori":"eczane","ad":"Aslı Eczanesi"}},{"type":"Feature","geometry":{"type":"Point","coordinates":[28.8626826,41.1079298]},"properties":{"osm_id":"node/14184753201","kategori":"eczane","ad":"Şirin Eczanesi"}},{"type":"Feature","geometry":{"type":"Point","coordinates":[28.537293,40.9910503]},"properties":{"osm_id":"node/14184759701","kategori":"eczane","ad":"Rose Marine Eczanesi"}},{"type":"Feature","geometry":{"type":"Point","coordinates":[28.894857,41.0722464]},"properties":{"osm_id":"node/14184762301","kategori":"eczane","ad":"Nur Eczanesi"}},{"type":"Feature","geometry":{"type":"Point","coordinates":[28.6583699,41.0108625]},"properties":{"osm_id":"node/14184764001","kategori":"eczane","ad":"Yeşim Eczanesi"}},{"type":"Feature","geometry":{"type":"Point","coordinates":[28.9321223,41.018682]},"properties":{"osm_id":"node/14184764901","kategori":"eczane","ad":"Salih Eczanesi"}},{"type":"Feature","geometry":{"type":"Point","coordinates":[29.0071492,41.0455748]},"properties":{"osm_id":"node/14184770001","kategori":"eczane","ad":"Beşiktaş Eczanesi"}},{"type":"Feature","geometry":{"type":"Point","coordinates":[29.0329331,41.1456143]},"properties":{"osm_id":"node/14184773601","kategori":"eczane","ad":"Karagöz Eczanesi"}},{"type":"Feature","geometry":{"type":"Point","coordinates":[29.1086143,40.9732886]},"properties":{"osm_id":"node/14184775801","kategori":"eczane","ad":"Mineral Eczanesi"}},{"type":"Feature","geometry":{"type":"Point","coordinates":[29.0643632,40.9983143]},"properties":{"osm_id":"node/14184784601","kategori":"eczane","ad":"Ünalan Eczanesi"}},{"type":"Feature","geometry":{"type":"Point","coordinates":[29.1397011,40.9699188]},"properties":{"osm_id":"node/14184785101","kategori":"eczane","ad":"Fındıklı Merkez Eczanesi"}},{"type":"Feature","geometry":{"type":"Point","coordinates":[29.1575351,41.0365427]},"properties":{"osm_id":"node/14184786201","kategori":"eczane","ad":"Doğa Eczanesi"}},{"type":"Feature","geometry":{"type":"Point","coordinates":[28.8857281,41.0340584]},"properties":{"osm_id":"node/14184786901","kategori":"eczane","ad":"Irmak Eczanesi"}},{"type":"Feature","geometry":{"type":"Point","coordinates":[28.8982299,41.087699]},"properties":{"osm_id":"node/14184790901","kategori":"eczane","ad":"Anadolu Eczanesi"}},{"type":"Feature","geometry":{"type":"Point","coordinates":[29.1458112,40.916774]},"properties":{"osm_id":"node/14184792701","kategori":"eczane","ad":"Bandırma Eczanesi"}},{"type":"Feature","geometry":{"type":"Point","coordinates":[29.0739619,40.998605]},"properties":{"osm_id":"node/14184803401","kategori":"eczane","ad":"Nuh Eczanesi"}},{"type":"Feature","geometry":{"type":"Point","coordinates":[29.1229856,40.929467]},"properties":{"osm_id":"node/14184807601","kategori":"eczane","ad":"Elit Eczanesi"}},{"type":"Feature","geometry":{"type":"Point","coordinates":[29.284032,40.986627]},"properties":{"osm_id":"node/14184810201","kategori":"eczane","ad":"Ahmet Yesevi Eczanesi"}},{"type":"Feature","geometry":{"type":"Point","coordinates":[29.0799361,41.0899712]},"properties":{"osm_id":"node/14184829701","kategori":"eczane","ad":"Gülay Eczanesi"}},{"type":"Feature","geometry":{"type":"Point","coordinates":[28.25117,41.08778]},"properties":{"osm_id":"node/14188632001","kategori":"eczane","ad":"Lavanta Eczanesi"}},{"type":"Feature","geometry":{"type":"Point","coordinates":[28.8547784,41.1122702]},"properties":{"osm_id":"node/14188633701","kategori":"eczane","ad":"Nesrin Eczanesi"}},{"type":"Feature","geometry":{"type":"Point","coordinates":[28.9042582,41.002826]},"properties":{"osm_id":"node/14188638801","kategori":"eczane","ad":"Halk Eczanesi"}},{"type":"Feature","geometry":{"type":"Point","coordinates":[28.800842,41.033284]},"properties":{"osm_id":"node/14188645701","kategori":"eczane","ad":"Kaysim Eczanesi"}},{"type":"Feature","geometry":{"type":"Point","coordinates":[28.6581806,41.0235837]},"properties":{"osm_id":"node/14188755801","kategori":"eczane","ad":"Bulut Eczanesi"}},{"type":"Feature","geometry":{"type":"Point","coordinates":[28.7672228,41.0446996]},"properties":{"osm_id":"node/14188756301","kategori":"eczane","ad":"Ege Yakası Eczanesi"}},{"type":"Feature","geometry":{"type":"Point","coordinates":[29.0517703,41.0393083]},"properties":{"osm_id":"node/14188757401","kategori":"eczane","ad":"Güneş Eczanesi"}},{"type":"Feature","geometry":{"type":"Point","coordinates":[28.6817877,41.0265508]},"properties":{"osm_id":"node/14188757402","kategori":"eczane","ad":"Hürriyet Eczanesi"}},{"type":"Feature","geometry":{"type":"Point","coordinates":[29.0825835,41.0259301]},"properties":{"osm_id":"node/14188768201","kategori":"eczane","ad":"Huzur Eczanesi"}},{"type":"Feature","geometry":{"type":"Point","coordinates":[28.7870066,41.1091071]},"properties":{"osm_id":"node/14188798701","kategori":"eczane","ad":"Hayat Eczanesi"}},{"type":"Feature","geometry":{"type":"Point","coordinates":[28.9945092,41.0894568]},"properties":{"osm_id":"node/14188806401","kategori":"eczane","ad":"Yeni Şule Eczanesi"}},{"type":"Feature","geometry":{"type":"Point","coordinates":[29.0363789,41.0235069]},"properties":{"osm_id":"node/14188806402","kategori":"eczane","ad":"Bağlarbaşı Eczanesi"}},{"type":"Feature","geometry":{"type":"Point","coordinates":[29.0072787,41.0797709]},"properties":{"osm_id":"node/14188812901","kategori":"eczane","ad":"Soysal Eczanesi"}},{"type":"Feature","geometry":{"type":"Point","coordinates":[28.9735088,41.0790055]},"properties":{"osm_id":"node/14188832301","kategori":"eczane","ad":"Kağıthane Metro Eczanesi"}},{"type":"Feature","geometry":{"type":"Point","coordinates":[29.1398755,40.9192122]},"properties":{"osm_id":"node/14188854701","kategori":"eczane","ad":"Fulya Eczanesi"}},{"type":"Feature","geometry":{"type":"Point","coordinates":[28.8356754,41.0599265]},"properties":{"osm_id":"node/14188865001","kategori":"eczane","ad":"Bağcılar Gümüş Eczanesi"}},{"type":"Feature","geometry":{"type":"Point","coordinates":[29.230046,40.8769994]},"properties":{"osm_id":"node/14188869701","kategori":"eczane","ad":"Seyitoğlu Eczanesi"}},{"type":"Feature","geometry":{"type":"Point","coordinates":[28.8803374,41.009101]},"properties":{"osm_id":"node/14188876001","kategori":"eczane","ad":"Garden Eczanesi"}},{"type":"Feature","geometry":{"type":"Point","coordinates":[28.7753686,41.0013566]},"properties":{"osm_id":"node/14188886803","kategori":"eczane","ad":"Erkan Eczanesi"}},{"type":"Feature","geometry":{"type":"Point","coordinates":[29.2327382,41.0348635]},"properties":{"osm_id":"node/14188886901","kategori":"eczane","ad":"Atabey Eczanesi"}},{"type":"Feature","geometry":{"type":"Point","coordinates":[29.0737993,40.9731065]},"properties":{"osm_id":"node/14188894101","kategori":"eczane","ad":"Nazlım Eczanesi"}},{"type":"Feature","geometry":{"type":"Point","coordinates":[29.0827391,40.9953849]},"properties":{"osm_id":"node/14188894102","kategori":"eczane","ad":"Özdamar Eczanesi"}},{"type":"Feature","geometry":{"type":"Point","coordinates":[28.8631922,41.0636276]},"properties":{"osm_id":"node/14188900301","kategori":"eczane","ad":"Vildan Eczanesi"}},{"type":"Feature","geometry":{"type":"Point","coordinates":[28.8671726,40.9974154]},"properties":{"osm_id":"node/14188902101","kategori":"eczane","ad":"Bora Eczanesi"}},{"type":"Feature","geometry":{"type":"Point","coordinates":[28.7912983,41.0032411]},"properties":{"osm_id":"node/14188903301","kategori":"eczane","ad":"Karadeniz Eczanesi"}},{"type":"Feature","geometry":{"type":"Point","coordinates":[29.0956914,40.9869486]},"properties":{"osm_id":"node/14188914101","kategori":"eczane","ad":"Firdeva Eczanesi"}},{"type":"Feature","geometry":{"type":"Point","coordinates":[28.6805418,41.3412068]},"properties":{"osm_id":"node/14191060901","kategori":"eczane","ad":"Karaburun Eczanesi"}},{"type":"Feature","geometry":{"type":"Point","coordinates":[29.0764332,41.0081517]},"properties":{"osm_id":"node/14191518501","kategori":"eczane","ad":"Yonca Eczanesi"}},{"type":"Feature","geometry":{"type":"Point","coordinates":[28.8776509,40.9844103]},"properties":{"osm_id":"node/14191544401","kategori":"eczane","ad":"Üstüner Eczanesi"}},{"type":"Feature","geometry":{"type":"Point","coordinates":[29.2809087,40.9512843]},"properties":{"osm_id":"node/14191552101","kategori":"eczane","ad":"İstanbul Eczanesi"}},{"type":"Feature","geometry":{"type":"Point","coordinates":[29.0884838,41.0818829]},"properties":{"osm_id":"node/14191624202","kategori":"eczane","ad":"Ersavaş Eczanesi"}},{"type":"Feature","geometry":{"type":"Point","coordinates":[29.0450981,41.0199001]},"properties":{"osm_id":"node/14191624203","kategori":"eczane","ad":"Burcu Eczanesi"}},{"type":"Feature","geometry":{"type":"Point","coordinates":[28.8947994,41.0693929]},"properties":{"osm_id":"node/14191628501","kategori":"eczane","ad":"Lavanta Eczanesi"}},{"type":"Feature","geometry":{"type":"Point","coordinates":[29.0715516,40.9796147]},"properties":{"osm_id":"node/14192152501","kategori":"eczane","ad":"Renk Eczanesi"}},{"type":"Feature","geometry":{"type":"Point","coordinates":[29.1376734,41.0182488]},"properties":{"osm_id":"node/14192157501","kategori":"eczane","ad":"Gökşen Eczanesi"}},{"type":"Feature","geometry":{"type":"Point","coordinates":[28.7894553,41.1326564]},"properties":{"osm_id":"way/1343177799","kategori":"eczane","ad":"İstanbul Eczanesi (Başakşehir)"}},{"type":"Feature","geometry":{"type":"Point","coordinates":[29.1350842,40.930555]},"properties":{"osm_id":"way/1454945903","kategori":"eczane","ad":"Tamer Eczanesi"}},{"type":"Feature","geometry":{"type":"Point","coordinates":[28.8780727,41.0450415]},"properties":{"osm_id":"way/1482713359","kategori":"eczane","ad":"Sümeyra Eczanesi"}},{"type":"Feature","geometry":{"type":"Point","coordinates":[29.186485,41.016421]},"properties":{"osm_id":"way/1555104914","kategori":"eczane","ad":"Gözde Eczanesi"}},{"type":"Feature","geometry":{"type":"Point","coordinates":[28.9333821,41.0177636]},"properties":{"osm_id":"way/1557506990","kategori":"eczane","ad":null}},{"type":"Feature","geometry":{"type":"Point","coordinates":[29.2335258,40.9958305]},"properties":{"osm_id":"way/1559165228","kategori":"eczane","ad":null}}]}