{"type":"FeatureCollection","kaynak":"OpenStreetMap katkıcıları, ODbL 1.0, Overpass API ile çekildi","cekim_tarihi":"2026-09-18","features":[{"type":"Feature","geometry":{"type":"Point","coordinates":[28.977243,41.035757]},"properties":{"osm_id":"node/27412852","kategori":"trafik_isigi","ad":null}},{"type":"Feature","geometry":{"type":"Point","coordinates":[28.974656,41.010999]},"properties":{"osm_id":"node/31678629","kategori":"trafik_isigi","ad":null}},{"type":"Feature","geometry":{"type":"Point","coordinates":[28.97642,41.024433]},"properties":{"osm_id":"node/35918561","kategori":"trafik_isigi","ad":null}},{"type":"Feature","geometry":{"type":"Point","coordinates":[28.990905,41.036976]},"properties":{"osm_id":"node/105404369","kategori":"trafik_isigi","ad":null}},{"type":"Feature","geometry":{"type":"Point","coordinates":[28.989923,41.031767]},"properties":{"osm_id":"node/105407156","kategori":"trafik_isigi","ad":null}},{"type":"Feature","geometry":{"type":"Point","coordinates":[29.024707,41.048184]},"properties":{"osm_id":"node/105408807","kategori":"trafik_isigi","ad":null}},{"type":"Feature","geometry":{"type":"Point","coordinates":[29.028369,41.048958]},"properties":{"osm_id":"node/105408819","kategori":"trafik_isigi","ad":null}},{"type":"Feature","geometry":{"type":"Point","coordinates":[29.050504,41.079996]},"properties":{"osm_id":"node/105415518","kategori":"trafik_isigi","ad":null}},{"type":"Feature","geometry":{"type":"Point","coordinates":[29.095791,41.023284]},"properties":{"osm_id":"node/245021174","kategori":"trafik_isigi","ad":null}},{"type":"Feature","geometry":{"type":"Point","coordinates":[29.080292,41.023251]},"properties":{"osm_id":"node/245939171","kategori":"trafik_isigi","ad":null}},{"type":"Feature","geometry":{"type":"Point","coordinates":[29.219698,40.997159]},"properties":{"osm_id":"node/245941132","kategori":"trafik_isigi","ad":null}},{"type":"Feature","geometry":{"type":"Point","coordinates":[29.243645,40.974179]},"properties":{"osm_id":"node/245941255","kategori":"trafik_isigi","ad":null}},{"type":"Feature","geometry":{"type":"Point","coordinates":[29.016329,41.004937]},"properties":{"osm_id":"node/248558298","kategori":"trafik_isigi","ad":null}},{"type":"Feature","geometry":{"type":"Point","coordinates":[29.029236,40.990637]},"properties":{"osm_id":"node/248560260","kategori":"trafik_isigi","ad":null}},{"type":"Feature","geometry":{"type":"Point","coordinates":[29.036658,40.99389]},"properties":{"osm_id":"node/248560269","kategori":"trafik_isigi","ad":null}},{"type":"Feature","geometry":{"type":"Point","coordinates":[28.979845,41.036487]},"properties":{"osm_id":"node/251148664","kategori":"trafik_isigi","ad":null}},{"type":"Feature","geometry":{"type":"Point","coordinates":[28.992903,41.064384]},"properties":{"osm_id":"node/251149586","kategori":"trafik_isigi","ad":null}},{"type":"Feature","geometry":{"type":"Point","coordinates":[28.922548,41.019974]},"properties":{"osm_id":"node/251300546","kategori":"trafik_isigi","ad":null}},{"type":"Feature","geometry":{"type":"Point","coordinates":[28.906649,41.092144]},"properties":{"osm_id":"node/251329915","kategori":"trafik_isigi","ad":null}},{"type":"Feature","geometry":{"type":"Point","coordinates":[28.971556,41.028429]},"properties":{"osm_id":"node/251402853","kategori":"trafik_isigi","ad":null}},{"type":"Feature","geometry":{"type":"Point","coordinates":[28.972783,41.03095]},"properties":{"osm_id":"node/251402875","kategori":"trafik_isigi","ad":null}},{"type":"Feature","geometry":{"type":"Point","coordinates":[28.971644,41.028686]},"properties":{"osm_id":"node/251403365","kategori":"trafik_isigi","ad":null}},{"type":"Feature","geometry":{"type":"Point","coordinates":[28.970944,41.023216]},"properties":{"osm_id":"node/251409224","kategori":"trafik_isigi","ad":null}},{"type":"Feature","geometry":{"type":"Point","coordinates":[28.938156,41.038671]},"properties":{"osm_id":"node/251911681","kategori":"trafik_isigi","ad":null}},{"type":"Feature","geometry":{"type":"Point","coordinates":[28.941612,41.04693]},"properties":{"osm_id":"node/251912567","kategori":"trafik_isigi","ad":null}},{"type":"Feature","geometry":{"type":"Point","coordinates":[28.941445,41.046935]},"properties":{"osm_id":"node/251912851","kategori":"trafik_isigi","ad":null}},{"type":"Feature","geometry":{"type":"Point","coordinates":[28.948141,41.052602]},"properties":{"osm_id":"node/251932331","kategori":"trafik_isigi","ad":null}},{"type":"Feature","geometry":{"type":"Point","coordinates":[28.96628,41.059857]},"properties":{"osm_id":"node/251945974","kategori":"trafik_isigi","ad":null}},{"type":"Feature","geometry":{"type":"Point","coordinates":[28.978351,41.066541]},"properties":{"osm_id":"node/252122678","kategori":"trafik_isigi","ad":null}},{"type":"Feature","geometry":{"type":"Point","coordinates":[29.006564,41.067894]},"properties":{"osm_id":"node/252123210","kategori":"trafik_isigi","ad":null}},{"type":"Feature","geometry":{"type":"Point","coordinates":[28.976503,41.016081]},"properties":{"osm_id":"node/252236333","kategori":"trafik_isigi","ad":null}},{"type":"Feature","geometry":{"type":"Point","coordinates":[29.042023,40.977327]},"properties":{"osm_id":"node/254012899","kategori":"trafik_isigi","ad":null}},{"type":"Feature","geometry":{"type":"Point","coordinates":[29.046211,40.974517]},"properties":{"osm_id":"node/254012943","kategori":"trafik_isigi","ad":null}},{"type":"Feature","geometry":{"type":"Point","coordinates":[29.049668,40.972976]},"properties":{"osm_id":"node/254012972","kategori":"trafik_isigi","ad":null}},{"type":"Feature","geometry":{"type":"Point","coordinates":[29.074807,40.963512]},"properties":{"osm_id":"node/254013260","kategori":"trafik_isigi","ad":null}},{"type":"Feature","geometry":{"type":"Point","coordinates":[29.072434,40.964847]},"properties":{"osm_id":"node/254013279","kategori":"trafik_isigi","ad":null}},{"type":"Feature","geometry":{"type":"Point","coordinates":[29.050776,40.975888]},"properties":{"osm_id":"node/254013474","kategori":"trafik_isigi","ad":null}},{"type":"Feature","geometry":{"type":"Point","coordinates":[29.04814,40.977079]},"properties":{"osm_id":"node/254013496","kategori":"trafik_isigi","ad":null}},{"type":"Feature","geometry":{"type":"Point","coordinates":[29.044141,40.979653]},"properties":{"osm_id":"node/254013528","kategori":"trafik_isigi","ad":null}},{"type":"Feature","geometry":{"type":"Point","coordinates":[29.272255,41.036522]},"properties":{"osm_id":"node/254331943","kategori":"trafik_isigi","ad":null}},{"type":"Feature","geometry":{"type":"Point","coordinates":[29.375323,40.94255]},"properties":{"osm_id":"node/254479149","kategori":"trafik_isigi","ad":null}},{"type":"Feature","geometry":{"type":"Point","coordinates":[29.087198,40.955514]},"properties":{"osm_id":"node/254596947","kategori":"trafik_isigi","ad":null}},{"type":"Feature","geometry":{"type":"Point","coordinates":[28.954492,41.014508]},"properties":{"osm_id":"node/256097830","kategori":"trafik_isigi","ad":null}},{"type":"Feature","geometry":{"type":"Point","coordinates":[28.954733,41.014527]},"properties":{"osm_id":"node/256097854","kategori":"trafik_isigi","ad":null}},{"type":"Feature","geometry":{"type":"Point","coordinates":[28.955435,41.013981]},"properties":{"osm_id":"node/256098199","kategori":"trafik_isigi","ad":null}},{"type":"Feature","geometry":{"type":"Point","coordinates":[28.957347,41.009759]},"properties":{"osm_id":"node/256098692","kategori":"trafik_isigi","ad":null}},{"type":"Feature","geometry":{"type":"Point","coordinates":[29.012548,41.043343]},"properties":{"osm_id":"node/269348957","kategori":"trafik_isigi","ad":null}},{"type":"Feature","geometry":{"type":"Point","coordinates":[29.007538,41.045474]},"properties":{"osm_id":"node/269478206","kategori":"trafik_isigi","ad":null}},{"type":"Feature","geometry":{"type":"Point","coordinates":[29.004485,41.041631]},"properties":{"osm_id":"node/269479400","kategori":"trafik_isigi","ad":null}},{"type":"Feature","geometry":{"type":"Point","coordinates":[29.028408,41.049208]},"properties":{"osm_id":"node/269730763","kategori":"trafik_isigi","ad":null}},{"type":"Feature","geometry":{"type":"Point","coordinates":[29.026679,41.048912]},"properties":{"osm_id":"node/269730769","kategori":"trafik_isigi","ad":null}},{"type":"Feature","geometry":{"type":"Point","coordinates":[29.02667,41.048668]},"properties":{"osm_id":"node/269730770","kategori":"trafik_isigi","ad":null}},{"type":"Feature","geometry":{"type":"Point","coordinates":[29.029682,41.05675]},"properties":{"osm_id":"node/269735259","kategori":"trafik_isigi","ad":null}},{"type":"Feature","geometry":{"type":"Point","coordinates":[29.027355,41.075263]},"properties":{"osm_id":"node/269735797","kategori":"trafik_isigi","ad":null}},{"type":"Feature","geometry":{"type":"Point","coordinates":[28.984517,41.016428]},"properties":{"osm_id":"node/275594431","kategori":"trafik_isigi","ad":null}},{"type":"Feature","geometry":{"type":"Point","coordinates":[29.015654,41.025742]},"properties":{"osm_id":"node/278085987","kategori":"trafik_isigi","ad":null}},{"type":"Feature","geometry":{"type":"Point","coordinates":[29.016143,41.021871]},"properties":{"osm_id":"node/278086080","kategori":"trafik_isigi","ad":null}},{"type":"Feature","geometry":{"type":"Point","coordinates":[29.016412,41.021654]},"properties":{"osm_id":"node/278086082","kategori":"trafik_isigi","ad":null}},{"type":"Feature","geometry":{"type":"Point","coordinates":[29.016641,41.021834]},"properties":{"osm_id":"node/278086086","kategori":"trafik_isigi","ad":null}},{"type":"Feature","geometry":{"type":"Point","coordinates":[29.018134,41.020156]},"properties":{"osm_id":"node/278092330","kategori":"trafik_isigi","ad":null}},{"type":"Feature","geometry":{"type":"Point","coordinates":[29.021373,41.017819]},"properties":{"osm_id":"node/278092340","kategori":"trafik_isigi","ad":null}},{"type":"Feature","geometry":{"type":"Point","coordinates":[29.012263,41.019024]},"properties":{"osm_id":"node/278092356","kategori":"trafik_isigi","ad":null}},{"type":"Feature","geometry":{"type":"Point","coordinates":[29.018058,41.020098]},"properties":{"osm_id":"node/278092374","kategori":"trafik_isigi","ad":null}},{"type":"Feature","geometry":{"type":"Point","coordinates":[29.02142,41.017891]},"properties":{"osm_id":"node/278092408","kategori":"trafik_isigi","ad":null}},{"type":"Feature","geometry":{"type":"Point","coordinates":[29.025639,41.016008]},"properties":{"osm_id":"node/278092486","kategori":"trafik_isigi","ad":null}},{"type":"Feature","geometry":{"type":"Point","coordinates":[28.986545,41.040597]},"properties":{"osm_id":"node/278335449","kategori":"trafik_isigi","ad":null}},{"type":"Feature","geometry":{"type":"Point","coordinates":[28.953582,41.007177]},"properties":{"osm_id":"node/278366671","kategori":"trafik_isigi","ad":null}},{"type":"Feature","geometry":{"type":"Point","coordinates":[29.019617,41.011651]},"properties":{"osm_id":"node/278471162","kategori":"trafik_isigi","ad":null}},{"type":"Feature","geometry":{"type":"Point","coordinates":[29.028264,41.002739]},"properties":{"osm_id":"node/278483548","kategori":"trafik_isigi","ad":null}},{"type":"Feature","geometry":{"type":"Point","coordinates":[28.977219,41.03589]},"properties":{"osm_id":"node/278615668","kategori":"trafik_isigi","ad":null}},{"type":"Feature","geometry":{"type":"Point","coordinates":[28.907344,41.076588]},"properties":{"osm_id":"node/279114769","kategori":"trafik_isigi","ad":null}},{"type":"Feature","geometry":{"type":"Point","coordinates":[28.905999,41.077876]},"properties":{"osm_id":"node/279115089","kategori":"trafik_isigi","ad":null}},{"type":"Feature","geometry":{"type":"Point","coordinates":[28.914952,41.069442]},"properties":{"osm_id":"node/279115623","kategori":"trafik_isigi","ad":null}},{"type":"Feature","geometry":{"type":"Point","coordinates":[28.910773,41.069006]},"properties":{"osm_id":"node/279115633","kategori":"trafik_isigi","ad":null}},{"type":"Feature","geometry":{"type":"Point","coordinates":[28.911628,41.084174]},"properties":{"osm_id":"node/279117401","kategori":"trafik_isigi","ad":null}},{"type":"Feature","geometry":{"type":"Point","coordinates":[29.089608,41.135092]},"properties":{"osm_id":"node/288083982","kategori":"trafik_isigi","ad":null}},{"type":"Feature","geometry":{"type":"Point","coordinates":[28.974394,41.078542]},"properties":{"osm_id":"node/288732875","kategori":"trafik_isigi","ad":null}},{"type":"Feature","geometry":{"type":"Point","coordinates":[29.049035,41.110621]},"properties":{"osm_id":"node/288747760","kategori":"trafik_isigi","ad":null}},{"type":"Feature","geometry":{"type":"Point","coordinates":[29.051024,41.116185]},"properties":{"osm_id":"node/289540222","kategori":"trafik_isigi","ad":null}},{"type":"Feature","geometry":{"type":"Point","coordinates":[29.053954,41.11361]},"properties":{"osm_id":"node/289540458","kategori":"trafik_isigi","ad":null}},{"type":"Feature","geometry":{"type":"Point","coordinates":[29.025053,41.134968]},"properties":{"osm_id":"node/289541750","kategori":"trafik_isigi","ad":null}},{"type":"Feature","geometry":{"type":"Point","coordinates":[29.038411,41.137538]},"properties":{"osm_id":"node/290109990","kategori":"trafik_isigi","ad":null}},{"type":"Feature","geometry":{"type":"Point","coordinates":[28.943155,41.060293]},"properties":{"osm_id":"node/309429577","kategori":"trafik_isigi","ad":null}},{"type":"Feature","geometry":{"type":"Point","coordinates":[28.943035,41.068245]},"properties":{"osm_id":"node/309431264","kategori":"trafik_isigi","ad":null}},{"type":"Feature","geometry":{"type":"Point","coordinates":[28.943003,41.060309]},"properties":{"osm_id":"node/309431286","kategori":"trafik_isigi","ad":null}},{"type":"Feature","geometry":{"type":"Point","coordinates":[28.946161,41.070177]},"properties":{"osm_id":"node/309431895","kategori":"trafik_isigi","ad":null}},{"type":"Feature","geometry":{"type":"Point","coordinates":[28.933576,41.014988]},"properties":{"osm_id":"node/316924162","kategori":"trafik_isigi","ad":null}},{"type":"Feature","geometry":{"type":"Point","coordinates":[29.238771,41.008375]},"properties":{"osm_id":"node/351098643","kategori":"trafik_isigi","ad":null}},{"type":"Feature","geometry":{"type":"Point","coordinates":[29.223297,41.008695]},"properties":{"osm_id":"node/351098651","kategori":"trafik_isigi","ad":null}},{"type":"Feature","geometry":{"type":"Point","coordinates":[29.240536,40.974657]},"properties":{"osm_id":"node/351875094","kategori":"trafik_isigi","ad":null}},{"type":"Feature","geometry":{"type":"Point","coordinates":[29.136316,41.017351]},"properties":{"osm_id":"node/352966173","kategori":"trafik_isigi","ad":null}},{"type":"Feature","geometry":{"type":"Point","coordinates":[29.131833,41.01903]},"properties":{"osm_id":"node/352966864","kategori":"trafik_isigi","ad":null}},{"type":"Feature","geometry":{"type":"Point","coordinates":[29.367742,40.900821]},"properties":{"osm_id":"node/353058842","kategori":"trafik_isigi","ad":null}},{"type":"Feature","geometry":{"type":"Point","coordinates":[28.893212,41.081287]},"properties":{"osm_id":"node/354635543","kategori":"trafik_isigi","ad":null}},{"type":"Feature","geometry":{"type":"Point","coordinates":[28.836238,41.130983]},"properties":{"osm_id":"node/354642247","kategori":"trafik_isigi","ad":null}},{"type":"Feature","geometry":{"type":"Point","coordinates":[28.728908,41.195925]},"properties":{"osm_id":"node/354983937","kategori":"trafik_isigi","ad":null}},{"type":"Feature","geometry":{"type":"Point","coordinates":[29.078304,41.040656]},"properties":{"osm_id":"node/355332472","kategori":"trafik_isigi","ad":null}},{"type":"Feature","geometry":{"type":"Point","coordinates":[29.080127,40.975524]},"properties":{"osm_id":"node/365245576","kategori":"trafik_isigi","ad":null}},{"type":"Feature","geometry":{"type":"Point","coordinates":[29.084248,40.970287]},"properties":{"osm_id":"node/365245590","kategori":"trafik_isigi","ad":null}},{"type":"Feature","geometry":{"type":"Point","coordinates":[29.0905,40.962877]},"properties":{"osm_id":"node/365245973","kategori":"trafik_isigi","ad":null}},{"type":"Feature","geometry":{"type":"Point","coordinates":[29.085427,40.962818]},"properties":{"osm_id":"node/365246000","kategori":"trafik_isigi","ad":null}},{"type":"Feature","geometry":{"type":"Point","coordinates":[29.010914,41.060375]},"properties":{"osm_id":"node/370761728","kategori":"trafik_isigi","ad":null}},{"type":"Feature","geometry":{"type":"Point","coordinates":[29.000993,41.066769]},"properties":{"osm_id":"node/370765466","kategori":"trafik_isigi","ad":null}},{"type":"Feature","geometry":{"type":"Point","coordinates":[29.152317,41.003371]},"properties":{"osm_id":"node/370780948","kategori":"trafik_isigi","ad":null}},{"type":"Feature","geometry":{"type":"Point","coordinates":[29.141813,41.002147]},"properties":{"osm_id":"node/370782697","kategori":"trafik_isigi","ad":null}},{"type":"Feature","geometry":{"type":"Point","coordinates":[29.134703,41.013527]},"properties":{"osm_id":"node/370782990","kategori":"trafik_isigi","ad":null}},{"type":"Feature","geometry":{"type":"Point","coordinates":[29.156746,41.00163]},"properties":{"osm_id":"node/370783691","kategori":"trafik_isigi","ad":null}},{"type":"Feature","geometry":{"type":"Point","coordinates":[29.155748,41.000235]},"properties":{"osm_id":"node/370783704","kategori":"trafik_isigi","ad":null}},{"type":"Feature","geometry":{"type":"Point","coordinates":[29.151671,40.998071]},"properties":{"osm_id":"node/370783805","kategori":"trafik_isigi","ad":null}},{"type":"Feature","geometry":{"type":"Point","coordinates":[29.151717,40.998147]},"properties":{"osm_id":"node/370783806","kategori":"trafik_isigi","ad":null}},{"type":"Feature","geometry":{"type":"Point","coordinates":[29.123612,40.998361]},"properties":{"osm_id":"node/370783984","kategori":"trafik_isigi","ad":null}},{"type":"Feature","geometry":{"type":"Point","coordinates":[29.139929,41.002824]},"properties":{"osm_id":"node/370790067","kategori":"trafik_isigi","ad":null}},{"type":"Feature","geometry":{"type":"Point","coordinates":[29.141751,41.002058]},"properties":{"osm_id":"node/370790068","kategori":"trafik_isigi","ad":null}},{"type":"Feature","geometry":{"type":"Point","coordinates":[29.078587,41.039041]},"properties":{"osm_id":"node/387125681","kategori":"trafik_isigi","ad":null}},{"type":"Feature","geometry":{"type":"Point","coordinates":[29.239466,40.883417]},"properties":{"osm_id":"node/408903797","kategori":"trafik_isigi","ad":null}},{"type":"Feature","geometry":{"type":"Point","coordinates":[29.234618,40.882623]},"properties":{"osm_id":"node/408903898","kategori":"trafik_isigi","ad":null}},{"type":"Feature","geometry":{"type":"Point","coordinates":[29.234503,40.882642]},"properties":{"osm_id":"node/408910077","kategori":"trafik_isigi","ad":null}},{"type":"Feature","geometry":{"type":"Point","coordinates":[29.234466,40.882575]},"properties":{"osm_id":"node/408910078","kategori":"trafik_isigi","ad":null}},{"type":"Feature","geometry":{"type":"Point","coordinates":[29.104921,41.024618]},"properties":{"osm_id":"node/409371252","kategori":"trafik_isigi","ad":null}},{"type":"Feature","geometry":{"type":"Point","coordinates":[29.098613,41.024567]},"properties":{"osm_id":"node/410806724","kategori":"trafik_isigi","ad":null}},{"type":"Feature","geometry":{"type":"Point","coordinates":[29.096982,41.006898]},"properties":{"osm_id":"node/410806766","kategori":"trafik_isigi","ad":null}},{"type":"Feature","geometry":{"type":"Point","coordinates":[29.242836,40.878743]},"properties":{"osm_id":"node/410889170","kategori":"trafik_isigi","ad":null}},{"type":"Feature","geometry":{"type":"Point","coordinates":[29.253983,40.875505]},"properties":{"osm_id":"node/410889181","kategori":"trafik_isigi","ad":null}},{"type":"Feature","geometry":{"type":"Point","coordinates":[29.068228,41.081451]},"properties":{"osm_id":"node/410922168","kategori":"trafik_isigi","ad":null}},{"type":"Feature","geometry":{"type":"Point","coordinates":[29.068211,41.081578]},"properties":{"osm_id":"node/410922172","kategori":"trafik_isigi","ad":null}},{"type":"Feature","geometry":{"type":"Point","coordinates":[29.164242,41.013154]},"properties":{"osm_id":"node/411818045","kategori":"trafik_isigi","ad":null}},{"type":"Feature","geometry":{"type":"Point","coordinates":[29.17618,41.007026]},"properties":{"osm_id":"node/411818155","kategori":"trafik_isigi","ad":null}},{"type":"Feature","geometry":{"type":"Point","coordinates":[28.897843,41.081646]},"properties":{"osm_id":"node/411931959","kategori":"trafik_isigi","ad":null}},{"type":"Feature","geometry":{"type":"Point","coordinates":[29.107842,40.944006]},"properties":{"osm_id":"node/412057453","kategori":"trafik_isigi","ad":null}},{"type":"Feature","geometry":{"type":"Point","coordinates":[29.2232,40.922116]},"properties":{"osm_id":"node/412069188","kategori":"trafik_isigi","ad":null}},{"type":"Feature","geometry":{"type":"Point","coordinates":[29.219943,40.931846]},"properties":{"osm_id":"node/412069963","kategori":"trafik_isigi","ad":null}},{"type":"Feature","geometry":{"type":"Point","coordinates":[29.215411,40.961297]},"properties":{"osm_id":"node/412070662","kategori":"trafik_isigi","ad":null}},{"type":"Feature","geometry":{"type":"Point","coordinates":[29.215303,40.961326]},"properties":{"osm_id":"node/412070683","kategori":"trafik_isigi","ad":null}},{"type":"Feature","geometry":{"type":"Point","coordinates":[29.269935,40.920516]},"properties":{"osm_id":"node/412329539","kategori":"trafik_isigi","ad":null}},{"type":"Feature","geometry":{"type":"Point","coordinates":[29.283188,40.905393]},"properties":{"osm_id":"node/412330281","kategori":"trafik_isigi","ad":null}},{"type":"Feature","geometry":{"type":"Point","coordinates":[29.103699,40.979943]},"properties":{"osm_id":"node/412336241","kategori":"trafik_isigi","ad":null}},{"type":"Feature","geometry":{"type":"Point","coordinates":[29.114198,40.987715]},"properties":{"osm_id":"node/412336388","kategori":"trafik_isigi","ad":null}},{"type":"Feature","geometry":{"type":"Point","coordinates":[29.132292,40.991448]},"properties":{"osm_id":"node/412336960","kategori":"trafik_isigi","ad":null}},{"type":"Feature","geometry":{"type":"Point","coordinates":[29.175009,40.903403]},"properties":{"osm_id":"node/413760010","kategori":"trafik_isigi","ad":null}},{"type":"Feature","geometry":{"type":"Point","coordinates":[29.146288,40.971101]},"properties":{"osm_id":"node/413763234","kategori":"trafik_isigi","ad":null}},{"type":"Feature","geometry":{"type":"Point","coordinates":[29.028395,40.990711]},"properties":{"osm_id":"node/414062459","kategori":"trafik_isigi","ad":null}},{"type":"Feature","geometry":{"type":"Point","coordinates":[28.971076,41.0379]},"properties":{"osm_id":"node/415386732","kategori":"trafik_isigi","ad":null}},{"type":"Feature","geometry":{"type":"Point","coordinates":[29.059925,40.965815]},"properties":{"osm_id":"node/455860474","kategori":"trafik_isigi","ad":null}},{"type":"Feature","geometry":{"type":"Point","coordinates":[29.065245,40.968589]},"properties":{"osm_id":"node/455860502","kategori":"trafik_isigi","ad":null}},{"type":"Feature","geometry":{"type":"Point","coordinates":[29.072134,40.969513]},"properties":{"osm_id":"node/455860506","kategori":"trafik_isigi","ad":null}},{"type":"Feature","geometry":{"type":"Point","coordinates":[29.069937,40.966089]},"properties":{"osm_id":"node/455860508","kategori":"trafik_isigi","ad":null}},{"type":"Feature","geometry":{"type":"Point","coordinates":[29.074647,40.968205]},"properties":{"osm_id":"node/455860620","kategori":"trafik_isigi","ad":null}},{"type":"Feature","geometry":{"type":"Point","coordinates":[29.075628,40.975294]},"properties":{"osm_id":"node/455860646","kategori":"trafik_isigi","ad":null}},{"type":"Feature","geometry":{"type":"Point","coordinates":[29.052976,40.970635]},"properties":{"osm_id":"node/455860781","kategori":"trafik_isigi","ad":null}},{"type":"Feature","geometry":{"type":"Point","coordinates":[29.054003,40.969264]},"properties":{"osm_id":"node/455860788","kategori":"trafik_isigi","ad":null}},{"type":"Feature","geometry":{"type":"Point","coordinates":[29.298471,40.911911]},"properties":{"osm_id":"node/457307924","kategori":"trafik_isigi","ad":null}},{"type":"Feature","geometry":{"type":"Point","coordinates":[29.293519,40.908229]},"properties":{"osm_id":"node/457307999","kategori":"trafik_isigi","ad":null}},{"type":"Feature","geometry":{"type":"Point","coordinates":[29.312666,40.92519]},"properties":{"osm_id":"node/457310314","kategori":"trafik_isigi","ad":null}},{"type":"Feature","geometry":{"type":"Point","coordinates":[29.311843,40.925093]},"properties":{"osm_id":"node/457310356","kategori":"trafik_isigi","ad":null}},{"type":"Feature","geometry":{"type":"Point","coordinates":[29.088525,40.964558]},"properties":{"osm_id":"node/459921987","kategori":"trafik_isigi","ad":null}},{"type":"Feature","geometry":{"type":"Point","coordinates":[29.144223,40.942345]},"properties":{"osm_id":"node/459973176","kategori":"trafik_isigi","ad":null}},{"type":"Feature","geometry":{"type":"Point","coordinates":[29.13677,40.932799]},"properties":{"osm_id":"node/459973205","kategori":"trafik_isigi","ad":null}},{"type":"Feature","geometry":{"type":"Point","coordinates":[29.11153,40.944814]},"properties":{"osm_id":"node/461493179","kategori":"trafik_isigi","ad":null}},{"type":"Feature","geometry":{"type":"Point","coordinates":[29.145219,40.929843]},"properties":{"osm_id":"node/461495213","kategori":"trafik_isigi","ad":null}},{"type":"Feature","geometry":{"type":"Point","coordinates":[29.107793,41.024283]},"properties":{"osm_id":"node/461524548","kategori":"trafik_isigi","ad":null}},{"type":"Feature","geometry":{"type":"Point","coordinates":[29.256637,40.881323]},"properties":{"osm_id":"node/469076597","kategori":"trafik_isigi","ad":null}},{"type":"Feature","geometry":{"type":"Point","coordinates":[29.023052,40.99062]},"properties":{"osm_id":"node/495665055","kategori":"trafik_isigi","ad":null}},{"type":"Feature","geometry":{"type":"Point","coordinates":[29.02777,40.984505]},"properties":{"osm_id":"node/495752034","kategori":"trafik_isigi","ad":null}},{"type":"Feature","geometry":{"type":"Point","coordinates":[29.02824,41.049102]},"properties":{"osm_id":"node/503328690","kategori":"trafik_isigi","ad":null}},{"type":"Feature","geometry":{"type":"Point","coordinates":[29.104317,40.979647]},"properties":{"osm_id":"node/505180206","kategori":"trafik_isigi","ad":null}},{"type":"Feature","geometry":{"type":"Point","coordinates":[29.026145,41.076363]},"properties":{"osm_id":"node/516003215","kategori":"trafik_isigi","ad":null}},{"type":"Feature","geometry":{"type":"Point","coordinates":[29.027338,41.075597]},"properties":{"osm_id":"node/516003361","kategori":"trafik_isigi","ad":null}},{"type":"Feature","geometry":{"type":"Point","coordinates":[29.014593,41.079616]},"properties":{"osm_id":"node/516044116","kategori":"trafik_isigi","ad":null}},{"type":"Feature","geometry":{"type":"Point","coordinates":[28.980692,41.027054]},"properties":{"osm_id":"node/524267226","kategori":"trafik_isigi","ad":null}},{"type":"Feature","geometry":{"type":"Point","coordinates":[29.147351,40.99991]},"properties":{"osm_id":"node/530543796","kategori":"trafik_isigi","ad":null}},{"type":"Feature","geometry":{"type":"Point","coordinates":[29.135888,41.004435]},"properties":{"osm_id":"node/530586815","kategori":"trafik_isigi","ad":null}},{"type":"Feature","geometry":{"type":"Point","coordinates":[29.13995,41.002913]},"properties":{"osm_id":"node/530586886","kategori":"trafik_isigi","ad":null}},{"type":"Feature","geometry":{"type":"Point","coordinates":[29.135935,41.004509]},"properties":{"osm_id":"node/530586888","kategori":"trafik_isigi","ad":null}},{"type":"Feature","geometry":{"type":"Point","coordinates":[29.146025,41.006051]},"properties":{"osm_id":"node/530589856","kategori":"trafik_isigi","ad":null}},{"type":"Feature","geometry":{"type":"Point","coordinates":[29.130392,41.006756]},"properties":{"osm_id":"node/530591236","kategori":"trafik_isigi","ad":null}},{"type":"Feature","geometry":{"type":"Point","coordinates":[29.132662,41.005784]},"properties":{"osm_id":"node/530591267","kategori":"trafik_isigi","ad":null}},{"type":"Feature","geometry":{"type":"Point","coordinates":[29.150164,41.004202]},"properties":{"osm_id":"node/545831601","kategori":"trafik_isigi","ad":null}},{"type":"Feature","geometry":{"type":"Point","coordinates":[29.13272,41.005839]},"properties":{"osm_id":"node/552871049","kategori":"trafik_isigi","ad":null}},{"type":"Feature","geometry":{"type":"Point","coordinates":[29.0028,41.051425]},"properties":{"osm_id":"node/559085161","kategori":"trafik_isigi","ad":null}},{"type":"Feature","geometry":{"type":"Point","coordinates":[29.002478,41.051236]},"properties":{"osm_id":"node/559085261","kategori":"trafik_isigi","ad":null}},{"type":"Feature","geometry":{"type":"Point","coordinates":[29.148621,41.001861]},"properties":{"osm_id":"node/561099433","kategori":"trafik_isigi","ad":null}},{"type":"Feature","geometry":{"type":"Point","coordinates":[29.147417,40.99988]},"properties":{"osm_id":"node/561315380","kategori":"trafik_isigi","ad":null}},{"type":"Feature","geometry":{"type":"Point","coordinates":[29.147352,40.999814]},"properties":{"osm_id":"node/561315382","kategori":"trafik_isigi","ad":null}},{"type":"Feature","geometry":{"type":"Point","coordinates":[29.147294,40.999842]},"properties":{"osm_id":"node/561315385","kategori":"trafik_isigi","ad":null}},{"type":"Feature","geometry":{"type":"Point","coordinates":[29.148674,41.001839]},"properties":{"osm_id":"node/561315409","kategori":"trafik_isigi","ad":null}},{"type":"Feature","geometry":{"type":"Point","coordinates":[29.135812,41.004559]},"properties":{"osm_id":"node/561315968","kategori":"trafik_isigi","ad":null}},{"type":"Feature","geometry":{"type":"Point","coordinates":[29.135761,41.004484]},"properties":{"osm_id":"node/561315985","kategori":"trafik_isigi","ad":null}},{"type":"Feature","geometry":{"type":"Point","coordinates":[29.00265,41.050949]},"properties":{"osm_id":"node/568011279","kategori":"trafik_isigi","ad":null}},{"type":"Feature","geometry":{"type":"Point","coordinates":[29.234573,40.882551]},"properties":{"osm_id":"node/582533983","kategori":"trafik_isigi","ad":null}},{"type":"Feature","geometry":{"type":"Point","coordinates":[29.020128,41.075869]},"properties":{"osm_id":"node/582943180","kategori":"trafik_isigi","ad":null}},{"type":"Feature","geometry":{"type":"Point","coordinates":[29.01479,41.075714]},"properties":{"osm_id":"node/582943215","kategori":"trafik_isigi","ad":null}},{"type":"Feature","geometry":{"type":"Point","coordinates":[29.009172,41.068324]},"properties":{"osm_id":"node/582944998","kategori":"trafik_isigi","ad":null}},{"type":"Feature","geometry":{"type":"Point","coordinates":[29.131954,40.931815]},"properties":{"osm_id":"node/586436308","kategori":"trafik_isigi","ad":null}},{"type":"Feature","geometry":{"type":"Point","coordinates":[29.230558,40.992065]},"properties":{"osm_id":"node/586436349","kategori":"trafik_isigi","ad":null}},{"type":"Feature","geometry":{"type":"Point","coordinates":[29.077153,40.980756]},"properties":{"osm_id":"node/611969273","kategori":"trafik_isigi","ad":null}},{"type":"Feature","geometry":{"type":"Point","coordinates":[29.085794,40.982446]},"properties":{"osm_id":"node/611969375","kategori":"trafik_isigi","ad":null}},{"type":"Feature","geometry":{"type":"Point","coordinates":[28.62345,41.034751]},"properties":{"osm_id":"node/619144198","kategori":"trafik_isigi","ad":null}},{"type":"Feature","geometry":{"type":"Point","coordinates":[29.007308,41.044156]},"properties":{"osm_id":"node/629040351","kategori":"trafik_isigi","ad":null}},{"type":"Feature","geometry":{"type":"Point","coordinates":[29.042048,40.973825]},"properties":{"osm_id":"node/660694721","kategori":"trafik_isigi","ad":null}},{"type":"Feature","geometry":{"type":"Point","coordinates":[29.048323,40.973667]},"properties":{"osm_id":"node/661029059","kategori":"trafik_isigi","ad":null}},{"type":"Feature","geometry":{"type":"Point","coordinates":[28.908199,41.067067]},"properties":{"osm_id":"node/769091404","kategori":"trafik_isigi","ad":null}},{"type":"Feature","geometry":{"type":"Point","coordinates":[28.91706,41.082566]},"properties":{"osm_id":"node/781486651","kategori":"trafik_isigi","ad":null}},{"type":"Feature","geometry":{"type":"Point","coordinates":[28.944287,41.088261]},"properties":{"osm_id":"node/781487592","kategori":"trafik_isigi","ad":null}},{"type":"Feature","geometry":{"type":"Point","coordinates":[28.959665,41.097108]},"properties":{"osm_id":"node/781488164","kategori":"trafik_isigi","ad":null}},{"type":"Feature","geometry":{"type":"Point","coordinates":[28.933127,41.015486]},"properties":{"osm_id":"node/814785970","kategori":"trafik_isigi","ad":null}},{"type":"Feature","geometry":{"type":"Point","coordinates":[28.932652,41.015499]},"properties":{"osm_id":"node/854563456","kategori":"trafik_isigi","ad":null}},{"type":"Feature","geometry":{"type":"Point","coordinates":[28.813717,41.045347]},"properties":{"osm_id":"node/894170252","kategori":"trafik_isigi","ad":null}},{"type":"Feature","geometry":{"type":"Point","coordinates":[28.820335,41.031385]},"properties":{"osm_id":"node/894525251","kategori":"trafik_isigi","ad":null}},{"type":"Feature","geometry":{"type":"Point","coordinates":[28.823208,41.031691]},"properties":{"osm_id":"node/894525252","kategori":"trafik_isigi","ad":null}},{"type":"Feature","geometry":{"type":"Point","coordinates":[28.834387,41.037922]},"properties":{"osm_id":"node/894770711","kategori":"trafik_isigi","ad":null}},{"type":"Feature","geometry":{"type":"Point","coordinates":[28.832671,41.041122]},"properties":{"osm_id":"node/894770730","kategori":"trafik_isigi","ad":null}},{"type":"Feature","geometry":{"type":"Point","coordinates":[28.835148,40.994613]},"properties":{"osm_id":"node/905166457","kategori":"trafik_isigi","ad":null}},{"type":"Feature","geometry":{"type":"Point","coordinates":[28.854846,40.996577]},"properties":{"osm_id":"node/909231009","kategori":"trafik_isigi","ad":null}},{"type":"Feature","geometry":{"type":"Point","coordinates":[28.889123,41.035658]},"properties":{"osm_id":"node/911133988","kategori":"trafik_isigi","ad":null}},{"type":"Feature","geometry":{"type":"Point","coordinates":[28.883869,41.026069]},"properties":{"osm_id":"node/929041694","kategori":"trafik_isigi","ad":null}},{"type":"Feature","geometry":{"type":"Point","coordinates":[28.900037,41.013403]},"properties":{"osm_id":"node/931222010","kategori":"trafik_isigi","ad":null}},{"type":"Feature","geometry":{"type":"Point","coordinates":[28.900675,41.017135]},"properties":{"osm_id":"node/932049358","kategori":"trafik_isigi","ad":null}},{"type":"Feature","geometry":{"type":"Point","coordinates":[28.898035,41.037347]},"properties":{"osm_id":"node/932162040","kategori":"trafik_isigi","ad":null}},{"type":"Feature","geometry":{"type":"Point","coordinates":[28.867102,40.993843]},"properties":{"osm_id":"node/958405745","kategori":"trafik_isigi","ad":null}},{"type":"Feature","geometry":{"type":"Point","coordinates":[28.869873,40.992007]},"properties":{"osm_id":"node/958405776","kategori":"trafik_isigi","ad":null}},{"type":"Feature","geometry":{"type":"Point","coordinates":[28.8699,40.992506]},"properties":{"osm_id":"node/958405817","kategori":"trafik_isigi","ad":null}},{"type":"Feature","geometry":{"type":"Point","coordinates":[28.87181,40.988582]},"properties":{"osm_id":"node/958703223","kategori":"trafik_isigi","ad":null}},{"type":"Feature","geometry":{"type":"Point","coordinates":[29.219796,40.997202]},"properties":{"osm_id":"node/965808807","kategori":"trafik_isigi","ad":null}},{"type":"Feature","geometry":{"type":"Point","coordinates":[29.213943,41.008511]},"properties":{"osm_id":"node/965808826","kategori":"trafik_isigi","ad":null}},{"type":"Feature","geometry":{"type":"Point","coordinates":[29.271392,40.965786]},"properties":{"osm_id":"node/965811401","kategori":"trafik_isigi","ad":null}},{"type":"Feature","geometry":{"type":"Point","coordinates":[29.244526,40.970656]},"properties":{"osm_id":"node/965811591","kategori":"trafik_isigi","ad":null}},{"type":"Feature","geometry":{"type":"Point","coordinates":[28.889691,41.084187]},"properties":{"osm_id":"node/965815703","kategori":"trafik_isigi","ad":null}},{"type":"Feature","geometry":{"type":"Point","coordinates":[28.88532,40.989384]},"properties":{"osm_id":"node/967090084","kategori":"trafik_isigi","ad":null}},{"type":"Feature","geometry":{"type":"Point","coordinates":[28.884466,40.988248]},"properties":{"osm_id":"node/967090126","kategori":"trafik_isigi","ad":null}},{"type":"Feature","geometry":{"type":"Point","coordinates":[28.888088,40.994454]},"properties":{"osm_id":"node/968158141","kategori":"trafik_isigi","ad":null}},{"type":"Feature","geometry":{"type":"Point","coordinates":[28.919371,40.991803]},"properties":{"osm_id":"node/972030255","kategori":"trafik_isigi","ad":null}},{"type":"Feature","geometry":{"type":"Point","coordinates":[28.909648,41.009314]},"properties":{"osm_id":"node/974172969","kategori":"trafik_isigi","ad":null}},{"type":"Feature","geometry":{"type":"Point","coordinates":[28.910961,41.015481]},"properties":{"osm_id":"node/974666572","kategori":"trafik_isigi","ad":null}},{"type":"Feature","geometry":{"type":"Point","coordinates":[28.921083,41.005909]},"properties":{"osm_id":"node/974668004","kategori":"trafik_isigi","ad":null}},{"type":"Feature","geometry":{"type":"Point","coordinates":[28.863025,40.98074]},"properties":{"osm_id":"node/988336326","kategori":"trafik_isigi","ad":null}},{"type":"Feature","geometry":{"type":"Point","coordinates":[28.862629,40.980655]},"properties":{"osm_id":"node/988336340","kategori":"trafik_isigi","ad":null}},{"type":"Feature","geometry":{"type":"Point","coordinates":[28.862957,40.980513]},"properties":{"osm_id":"node/988336349","kategori":"trafik_isigi","ad":null}},{"type":"Feature","geometry":{"type":"Point","coordinates":[28.856436,40.985765]},"properties":{"osm_id":"node/990483758","kategori":"trafik_isigi","ad":null}},{"type":"Feature","geometry":{"type":"Point","coordinates":[28.856557,40.985822]},"properties":{"osm_id":"node/990483882","kategori":"trafik_isigi","ad":null}},{"type":"Feature","geometry":{"type":"Point","coordinates":[28.852705,40.986627]},"properties":{"osm_id":"node/1005965084","kategori":"trafik_isigi","ad":null}},{"type":"Feature","geometry":{"type":"Point","coordinates":[28.853115,40.986398]},"properties":{"osm_id":"node/1005965109","kategori":"trafik_isigi","ad":null}},{"type":"Feature","geometry":{"type":"Point","coordinates":[28.853565,40.983062]},"properties":{"osm_id":"node/1005965576","kategori":"trafik_isigi","ad":null}},{"type":"Feature","geometry":{"type":"Point","coordinates":[28.853579,40.983278]},"properties":{"osm_id":"node/1005965599","kategori":"trafik_isigi","ad":null}},{"type":"Feature","geometry":{"type":"Point","coordinates":[28.853002,40.986073]},"properties":{"osm_id":"node/1005965627","kategori":"trafik_isigi","ad":null}},{"type":"Feature","geometry":{"type":"Point","coordinates":[28.853965,40.983178]},"properties":{"osm_id":"node/1005965635","kategori":"trafik_isigi","ad":null}},{"type":"Feature","geometry":{"type":"Point","coordinates":[28.786778,41.066353]},"properties":{"osm_id":"node/1012881683","kategori":"trafik_isigi","ad":null}},{"type":"Feature","geometry":{"type":"Point","coordinates":[28.786598,41.066566]},"properties":{"osm_id":"node/1012881690","kategori":"trafik_isigi","ad":null}},{"type":"Feature","geometry":{"type":"Point","coordinates":[28.801186,41.088985]},"properties":{"osm_id":"node/1013475722","kategori":"trafik_isigi","ad":null}},{"type":"Feature","geometry":{"type":"Point","coordinates":[28.78578,41.081677]},"properties":{"osm_id":"node/1013477283","kategori":"trafik_isigi","ad":null}},{"type":"Feature","geometry":{"type":"Point","coordinates":[28.78571,41.082486]},"properties":{"osm_id":"node/1013477913","kategori":"trafik_isigi","ad":null}},{"type":"Feature","geometry":{"type":"Point","coordinates":[28.797018,41.005379]},"properties":{"osm_id":"node/1020938655","kategori":"trafik_isigi","ad":null}},{"type":"Feature","geometry":{"type":"Point","coordinates":[28.778469,40.987503]},"properties":{"osm_id":"node/1025669408","kategori":"trafik_isigi","ad":null}},{"type":"Feature","geometry":{"type":"Point","coordinates":[28.777032,40.992274]},"properties":{"osm_id":"node/1025669525","kategori":"trafik_isigi","ad":null}},{"type":"Feature","geometry":{"type":"Point","coordinates":[28.775738,40.996526]},"properties":{"osm_id":"node/1026952187","kategori":"trafik_isigi","ad":null}},{"type":"Feature","geometry":{"type":"Point","coordinates":[28.780673,40.999969]},"properties":{"osm_id":"node/1026952280","kategori":"trafik_isigi","ad":null}},{"type":"Feature","geometry":{"type":"Point","coordinates":[28.775313,40.99622]},"properties":{"osm_id":"node/1026952451","kategori":"trafik_isigi","ad":null}},{"type":"Feature","geometry":{"type":"Point","coordinates":[28.78571,40.999312]},"properties":{"osm_id":"node/1026954091","kategori":"trafik_isigi","ad":null}},{"type":"Feature","geometry":{"type":"Point","coordinates":[28.83439,40.968707]},"properties":{"osm_id":"node/1026970620","kategori":"trafik_isigi","ad":null}},{"type":"Feature","geometry":{"type":"Point","coordinates":[28.833591,40.964801]},"properties":{"osm_id":"node/1026970838","kategori":"trafik_isigi","ad":null}},{"type":"Feature","geometry":{"type":"Point","coordinates":[28.834437,40.964679]},"properties":{"osm_id":"node/1026971759","kategori":"trafik_isigi","ad":null}},{"type":"Feature","geometry":{"type":"Point","coordinates":[28.833305,40.96406]},"properties":{"osm_id":"node/1026971851","kategori":"trafik_isigi","ad":null}},{"type":"Feature","geometry":{"type":"Point","coordinates":[28.825377,40.981583]},"properties":{"osm_id":"node/1026992962","kategori":"trafik_isigi","ad":null}},{"type":"Feature","geometry":{"type":"Point","coordinates":[28.797018,40.986769]},"properties":{"osm_id":"node/1027174433","kategori":"trafik_isigi","ad":null}},{"type":"Feature","geometry":{"type":"Point","coordinates":[28.79737,40.986947]},"properties":{"osm_id":"node/1027174453","kategori":"trafik_isigi","ad":null}},{"type":"Feature","geometry":{"type":"Point","coordinates":[28.796894,40.98708]},"properties":{"osm_id":"node/1027174467","kategori":"trafik_isigi","ad":null}},{"type":"Feature","geometry":{"type":"Point","coordinates":[28.833142,40.963943]},"properties":{"osm_id":"node/1027174794","kategori":"trafik_isigi","ad":null}},{"type":"Feature","geometry":{"type":"Point","coordinates":[28.801999,41.011282]},"properties":{"osm_id":"node/1034337114","kategori":"trafik_isigi","ad":null}},{"type":"Feature","geometry":{"type":"Point","coordinates":[28.985229,41.016406]},"properties":{"osm_id":"node/1055371796","kategori":"trafik_isigi","ad":null}},{"type":"Feature","geometry":{"type":"Point","coordinates":[28.982736,41.004376]},"properties":{"osm_id":"node/1055371917","kategori":"trafik_isigi","ad":null}},{"type":"Feature","geometry":{"type":"Point","coordinates":[28.981264,41.002973]},"properties":{"osm_id":"node/1055371935","kategori":"trafik_isigi","ad":null}},{"type":"Feature","geometry":{"type":"Point","coordinates":[28.953384,41.007255]},"properties":{"osm_id":"node/1055372921","kategori":"trafik_isigi","ad":null}},{"type":"Feature","geometry":{"type":"Point","coordinates":[28.933765,41.021414]},"properties":{"osm_id":"node/1059136978","kategori":"trafik_isigi","ad":null}},{"type":"Feature","geometry":{"type":"Point","coordinates":[28.933515,41.021475]},"properties":{"osm_id":"node/1059137173","kategori":"trafik_isigi","ad":null}},{"type":"Feature","geometry":{"type":"Point","coordinates":[28.940937,41.015256]},"properties":{"osm_id":"node/1059239562","kategori":"trafik_isigi","ad":null}},{"type":"Feature","geometry":{"type":"Point","coordinates":[28.941814,41.015954]},"properties":{"osm_id":"node/1059240385","kategori":"trafik_isigi","ad":null}},{"type":"Feature","geometry":{"type":"Point","coordinates":[28.955273,41.028223]},"properties":{"osm_id":"node/1059527207","kategori":"trafik_isigi","ad":null}},{"type":"Feature","geometry":{"type":"Point","coordinates":[28.955578,41.028272]},"properties":{"osm_id":"node/1059528164","kategori":"trafik_isigi","ad":null}},{"type":"Feature","geometry":{"type":"Point","coordinates":[28.947297,41.017729]},"properties":{"osm_id":"node/1059851965","kategori":"trafik_isigi","ad":null}},{"type":"Feature","geometry":{"type":"Point","coordinates":[28.946072,41.018901]},"properties":{"osm_id":"node/1059852031","kategori":"trafik_isigi","ad":null}},{"type":"Feature","geometry":{"type":"Point","coordinates":[28.944494,41.01799]},"properties":{"osm_id":"node/1059852048","kategori":"trafik_isigi","ad":null}},{"type":"Feature","geometry":{"type":"Point","coordinates":[28.934035,41.038069]},"properties":{"osm_id":"node/1060430904","kategori":"trafik_isigi","ad":null}},{"type":"Feature","geometry":{"type":"Point","coordinates":[28.947548,41.034219]},"properties":{"osm_id":"node/1060431466","kategori":"trafik_isigi","ad":null}},{"type":"Feature","geometry":{"type":"Point","coordinates":[28.788239,40.972979]},"properties":{"osm_id":"node/1064677006","kategori":"trafik_isigi","ad":null}},{"type":"Feature","geometry":{"type":"Point","coordinates":[28.772756,41.003979]},"properties":{"osm_id":"node/1065494793","kategori":"trafik_isigi","ad":null}},{"type":"Feature","geometry":{"type":"Point","coordinates":[28.774827,40.995894]},"properties":{"osm_id":"node/1065494986","kategori":"trafik_isigi","ad":null}},{"type":"Feature","geometry":{"type":"Point","coordinates":[28.713828,40.997794]},"properties":{"osm_id":"node/1098965514","kategori":"trafik_isigi","ad":null}},{"type":"Feature","geometry":{"type":"Point","coordinates":[28.778602,41.003261]},"properties":{"osm_id":"node/1099737250","kategori":"trafik_isigi","ad":null}},{"type":"Feature","geometry":{"type":"Point","coordinates":[28.792167,41.011693]},"properties":{"osm_id":"node/1100546092","kategori":"trafik_isigi","ad":null}},{"type":"Feature","geometry":{"type":"Point","coordinates":[28.792801,41.003538]},"properties":{"osm_id":"node/1102692187","kategori":"trafik_isigi","ad":null}},{"type":"Feature","geometry":{"type":"Point","coordinates":[28.796465,41.006171]},"properties":{"osm_id":"node/1102692206","kategori":"trafik_isigi","ad":null}},{"type":"Feature","geometry":{"type":"Point","coordinates":[28.937262,41.043373]},"properties":{"osm_id":"node/1102850694","kategori":"trafik_isigi","ad":null}},{"type":"Feature","geometry":{"type":"Point","coordinates":[28.874921,41.053397]},"properties":{"osm_id":"node/1103386416","kategori":"trafik_isigi","ad":null}},{"type":"Feature","geometry":{"type":"Point","coordinates":[28.934542,41.046151]},"properties":{"osm_id":"node/1104195848","kategori":"trafik_isigi","ad":null}},{"type":"Feature","geometry":{"type":"Point","coordinates":[28.872468,41.055131]},"properties":{"osm_id":"node/1106744382","kategori":"trafik_isigi","ad":null}},{"type":"Feature","geometry":{"type":"Point","coordinates":[28.776582,41.034587]},"properties":{"osm_id":"node/1112192740","kategori":"trafik_isigi","ad":null}},{"type":"Feature","geometry":{"type":"Point","coordinates":[28.70747,41.004655]},"properties":{"osm_id":"node/1115980905","kategori":"trafik_isigi","ad":null}},{"type":"Feature","geometry":{"type":"Point","coordinates":[28.710058,41.002721]},"properties":{"osm_id":"node/1116272540","kategori":"trafik_isigi","ad":null}},{"type":"Feature","geometry":{"type":"Point","coordinates":[28.694758,41.013478]},"properties":{"osm_id":"node/1116350140","kategori":"trafik_isigi","ad":null}},{"type":"Feature","geometry":{"type":"Point","coordinates":[28.734782,41.061332]},"properties":{"osm_id":"node/1129937541","kategori":"trafik_isigi","ad":null}},{"type":"Feature","geometry":{"type":"Point","coordinates":[28.670827,41.058634]},"properties":{"osm_id":"node/1131586123","kategori":"trafik_isigi","ad":null}},{"type":"Feature","geometry":{"type":"Point","coordinates":[28.67086,41.05876]},"properties":{"osm_id":"node/1131586245","kategori":"trafik_isigi","ad":null}},{"type":"Feature","geometry":{"type":"Point","coordinates":[28.676377,41.041743]},"properties":{"osm_id":"node/1131587415","kategori":"trafik_isigi","ad":null}},{"type":"Feature","geometry":{"type":"Point","coordinates":[28.918203,41.042469]},"properties":{"osm_id":"node/1131848034","kategori":"trafik_isigi","ad":null}},{"type":"Feature","geometry":{"type":"Point","coordinates":[28.909589,41.044545]},"properties":{"osm_id":"node/1131848183","kategori":"trafik_isigi","ad":null}},{"type":"Feature","geometry":{"type":"Point","coordinates":[28.911755,41.042195]},"properties":{"osm_id":"node/1131849292","kategori":"trafik_isigi","ad":null}},{"type":"Feature","geometry":{"type":"Point","coordinates":[28.920391,41.041081]},"properties":{"osm_id":"node/1131849526","kategori":"trafik_isigi","ad":null}},{"type":"Feature","geometry":{"type":"Point","coordinates":[28.915657,41.046521]},"properties":{"osm_id":"node/1131849543","kategori":"trafik_isigi","ad":null}},{"type":"Feature","geometry":{"type":"Point","coordinates":[28.915918,41.045919]},"properties":{"osm_id":"node/1131850109","kategori":"trafik_isigi","ad":null}},{"type":"Feature","geometry":{"type":"Point","coordinates":[28.918746,41.042113]},"properties":{"osm_id":"node/1131850119","kategori":"trafik_isigi","ad":null}},{"type":"Feature","geometry":{"type":"Point","coordinates":[28.925901,41.03835]},"properties":{"osm_id":"node/1131850188","kategori":"trafik_isigi","ad":null}},{"type":"Feature","geometry":{"type":"Point","coordinates":[28.934082,41.050757]},"properties":{"osm_id":"node/1132287405","kategori":"trafik_isigi","ad":null}},{"type":"Feature","geometry":{"type":"Point","coordinates":[28.911575,41.048087]},"properties":{"osm_id":"node/1132287427","kategori":"trafik_isigi","ad":null}},{"type":"Feature","geometry":{"type":"Point","coordinates":[28.937197,41.055339]},"properties":{"osm_id":"node/1132749306","kategori":"trafik_isigi","ad":null}},{"type":"Feature","geometry":{"type":"Point","coordinates":[28.910472,41.053441]},"properties":{"osm_id":"node/1133053958","kategori":"trafik_isigi","ad":null}},{"type":"Feature","geometry":{"type":"Point","coordinates":[28.896902,41.055324]},"properties":{"osm_id":"node/1133933126","kategori":"trafik_isigi","ad":null}},{"type":"Feature","geometry":{"type":"Point","coordinates":[28.878132,41.095074]},"properties":{"osm_id":"node/1133977979","kategori":"trafik_isigi","ad":null}},{"type":"Feature","geometry":{"type":"Point","coordinates":[28.870314,41.089833]},"properties":{"osm_id":"node/1133978644","kategori":"trafik_isigi","ad":null}},{"type":"Feature","geometry":{"type":"Point","coordinates":[28.863712,41.093818]},"properties":{"osm_id":"node/1133979025","kategori":"trafik_isigi","ad":null}},{"type":"Feature","geometry":{"type":"Point","coordinates":[28.876383,41.097077]},"properties":{"osm_id":"node/1133981026","kategori":"trafik_isigi","ad":null}},{"type":"Feature","geometry":{"type":"Point","coordinates":[28.878094,41.095281]},"properties":{"osm_id":"node/1133981040","kategori":"trafik_isigi","ad":null}},{"type":"Feature","geometry":{"type":"Point","coordinates":[28.870396,41.106959]},"properties":{"osm_id":"node/1134203381","kategori":"trafik_isigi","ad":null}},{"type":"Feature","geometry":{"type":"Point","coordinates":[28.866627,41.108944]},"properties":{"osm_id":"node/1134203388","kategori":"trafik_isigi","ad":null}},{"type":"Feature","geometry":{"type":"Point","coordinates":[28.870448,41.106843]},"properties":{"osm_id":"node/1134203424","kategori":"trafik_isigi","ad":null}},{"type":"Feature","geometry":{"type":"Point","coordinates":[28.862076,41.107662]},"properties":{"osm_id":"node/1134203453","kategori":"trafik_isigi","ad":null}},{"type":"Feature","geometry":{"type":"Point","coordinates":[28.870189,41.092311]},"properties":{"osm_id":"node/1134204692","kategori":"trafik_isigi","ad":null}},{"type":"Feature","geometry":{"type":"Point","coordinates":[28.889522,41.098674]},"properties":{"osm_id":"node/1135649244","kategori":"trafik_isigi","ad":null}},{"type":"Feature","geometry":{"type":"Point","coordinates":[28.889611,41.098838]},"properties":{"osm_id":"node/1135649252","kategori":"trafik_isigi","ad":null}},{"type":"Feature","geometry":{"type":"Point","coordinates":[28.889287,41.098793]},"properties":{"osm_id":"node/1135649273","kategori":"trafik_isigi","ad":null}},{"type":"Feature","geometry":{"type":"Point","coordinates":[28.889474,41.099089]},"properties":{"osm_id":"node/1135649310","kategori":"trafik_isigi","ad":null}},{"type":"Feature","geometry":{"type":"Point","coordinates":[28.863985,41.114759]},"properties":{"osm_id":"node/1135649563","kategori":"trafik_isigi","ad":null}},{"type":"Feature","geometry":{"type":"Point","coordinates":[28.876676,41.112111]},"properties":{"osm_id":"node/1135649599","kategori":"trafik_isigi","ad":null}},{"type":"Feature","geometry":{"type":"Point","coordinates":[28.846286,41.122107]},"properties":{"osm_id":"node/1136351909","kategori":"trafik_isigi","ad":null}},{"type":"Feature","geometry":{"type":"Point","coordinates":[28.914171,41.054594]},"properties":{"osm_id":"node/1141249931","kategori":"trafik_isigi","ad":null}},{"type":"Feature","geometry":{"type":"Point","coordinates":[29.03929,40.991557]},"properties":{"osm_id":"node/1143923852","kategori":"trafik_isigi","ad":null}},{"type":"Feature","geometry":{"type":"Point","coordinates":[29.036265,40.992997]},"properties":{"osm_id":"node/1143923859","kategori":"trafik_isigi","ad":null}},{"type":"Feature","geometry":{"type":"Point","coordinates":[29.038013,40.992728]},"properties":{"osm_id":"node/1143923902","kategori":"trafik_isigi","ad":null}},{"type":"Feature","geometry":{"type":"Point","coordinates":[28.625686,41.004846]},"properties":{"osm_id":"node/1193820652","kategori":"trafik_isigi","ad":null}},{"type":"Feature","geometry":{"type":"Point","coordinates":[28.982238,41.003727]},"properties":{"osm_id":"node/1250432551","kategori":"trafik_isigi","ad":null}},{"type":"Feature","geometry":{"type":"Point","coordinates":[28.982608,41.004142]},"properties":{"osm_id":"node/1250432562","kategori":"trafik_isigi","ad":null}},{"type":"Feature","geometry":{"type":"Point","coordinates":[28.982252,41.003889]},"properties":{"osm_id":"node/1250432579","kategori":"trafik_isigi","ad":null}},{"type":"Feature","geometry":{"type":"Point","coordinates":[28.930926,41.016536]},"properties":{"osm_id":"node/1295947787","kategori":"trafik_isigi","ad":null}},{"type":"Feature","geometry":{"type":"Point","coordinates":[28.931123,41.016446]},"properties":{"osm_id":"node/1295961510","kategori":"trafik_isigi","ad":null}},{"type":"Feature","geometry":{"type":"Point","coordinates":[28.935657,41.019995]},"properties":{"osm_id":"node/1302517743","kategori":"trafik_isigi","ad":null}},{"type":"Feature","geometry":{"type":"Point","coordinates":[29.02272,41.079296]},"properties":{"osm_id":"node/1345839433","kategori":"trafik_isigi","ad":null}},{"type":"Feature","geometry":{"type":"Point","coordinates":[29.011675,41.062438]},"properties":{"osm_id":"node/1365899393","kategori":"trafik_isigi","ad":null}},{"type":"Feature","geometry":{"type":"Point","coordinates":[29.011536,41.063061]},"properties":{"osm_id":"node/1366053431","kategori":"trafik_isigi","ad":null}},{"type":"Feature","geometry":{"type":"Point","coordinates":[29.011811,41.06337]},"properties":{"osm_id":"node/1366053434","kategori":"trafik_isigi","ad":null}},{"type":"Feature","geometry":{"type":"Point","coordinates":[28.987118,41.060186]},"properties":{"osm_id":"node/1366466009","kategori":"trafik_isigi","ad":null}},{"type":"Feature","geometry":{"type":"Point","coordinates":[28.987252,41.060298]},"properties":{"osm_id":"node/1366466034","kategori":"trafik_isigi","ad":null}},{"type":"Feature","geometry":{"type":"Point","coordinates":[29.119689,41.011122]},"properties":{"osm_id":"node/1435598328","kategori":"trafik_isigi","ad":null}},{"type":"Feature","geometry":{"type":"Point","coordinates":[29.045504,41.067656]},"properties":{"osm_id":"node/1484043469","kategori":"trafik_isigi","ad":null}},{"type":"Feature","geometry":{"type":"Point","coordinates":[29.044325,41.03755]},"properties":{"osm_id":"node/1485004994","kategori":"trafik_isigi","ad":null}},{"type":"Feature","geometry":{"type":"Point","coordinates":[29.036697,41.040256]},"properties":{"osm_id":"node/1485005142","kategori":"trafik_isigi","ad":null}},{"type":"Feature","geometry":{"type":"Point","coordinates":[29.03742,41.040701]},"properties":{"osm_id":"node/1485005158","kategori":"trafik_isigi","ad":null}},{"type":"Feature","geometry":{"type":"Point","coordinates":[29.069609,41.080356]},"properties":{"osm_id":"node/1485569039","kategori":"trafik_isigi","ad":null}},{"type":"Feature","geometry":{"type":"Point","coordinates":[29.068085,41.081713]},"properties":{"osm_id":"node/1485569180","kategori":"trafik_isigi","ad":null}},{"type":"Feature","geometry":{"type":"Point","coordinates":[28.939039,41.072409]},"properties":{"osm_id":"node/1496555509","kategori":"trafik_isigi","ad":null}},{"type":"Feature","geometry":{"type":"Point","coordinates":[29.125039,40.988452]},"properties":{"osm_id":"node/1514370799","kategori":"trafik_isigi","ad":null}},{"type":"Feature","geometry":{"type":"Point","coordinates":[29.125315,40.98814]},"properties":{"osm_id":"node/1514370866","kategori":"trafik_isigi","ad":null}},{"type":"Feature","geometry":{"type":"Point","coordinates":[29.129128,40.995699]},"properties":{"osm_id":"node/1514370884","kategori":"trafik_isigi","ad":null}},{"type":"Feature","geometry":{"type":"Point","coordinates":[29.125393,40.988365]},"properties":{"osm_id":"node/1514370912","kategori":"trafik_isigi","ad":null}},{"type":"Feature","geometry":{"type":"Point","coordinates":[29.12884,40.995553]},"properties":{"osm_id":"node/1514370973","kategori":"trafik_isigi","ad":null}},{"type":"Feature","geometry":{"type":"Point","coordinates":[29.074704,40.994919]},"properties":{"osm_id":"node/1514376230","kategori":"trafik_isigi","ad":null}},{"type":"Feature","geometry":{"type":"Point","coordinates":[29.158906,40.949968]},"properties":{"osm_id":"node/1514446083","kategori":"trafik_isigi","ad":null}},{"type":"Feature","geometry":{"type":"Point","coordinates":[29.134586,40.982877]},"properties":{"osm_id":"node/1514457452","kategori":"trafik_isigi","ad":null}},{"type":"Feature","geometry":{"type":"Point","coordinates":[29.147313,40.981149]},"properties":{"osm_id":"node/1514561682","kategori":"trafik_isigi","ad":null}},{"type":"Feature","geometry":{"type":"Point","coordinates":[29.11429,40.97869]},"properties":{"osm_id":"node/1514561866","kategori":"trafik_isigi","ad":null}},{"type":"Feature","geometry":{"type":"Point","coordinates":[29.174891,40.903449]},"properties":{"osm_id":"node/1526905577","kategori":"trafik_isigi","ad":null}},{"type":"Feature","geometry":{"type":"Point","coordinates":[29.223802,40.921963]},"properties":{"osm_id":"node/1527181163","kategori":"trafik_isigi","ad":null}},{"type":"Feature","geometry":{"type":"Point","coordinates":[29.144066,40.988129]},"properties":{"osm_id":"node/1527302646","kategori":"trafik_isigi","ad":null}},{"type":"Feature","geometry":{"type":"Point","coordinates":[29.14418,40.988032]},"properties":{"osm_id":"node/1527302686","kategori":"trafik_isigi","ad":null}},{"type":"Feature","geometry":{"type":"Point","coordinates":[29.14937,40.985891]},"properties":{"osm_id":"node/1527303936","kategori":"trafik_isigi","ad":null}},{"type":"Feature","geometry":{"type":"Point","coordinates":[29.142715,40.981682]},"properties":{"osm_id":"node/1527354919","kategori":"trafik_isigi","ad":null}},{"type":"Feature","geometry":{"type":"Point","coordinates":[29.305875,40.940864]},"properties":{"osm_id":"node/1527465501","kategori":"trafik_isigi","ad":null}},{"type":"Feature","geometry":{"type":"Point","coordinates":[29.070502,40.981308]},"properties":{"osm_id":"node/1528076211","kategori":"trafik_isigi","ad":null}},{"type":"Feature","geometry":{"type":"Point","coordinates":[29.03497,40.992488]},"properties":{"osm_id":"node/1528548610","kategori":"trafik_isigi","ad":null}},{"type":"Feature","geometry":{"type":"Point","coordinates":[29.133804,40.94444]},"properties":{"osm_id":"node/1532761596","kategori":"trafik_isigi","ad":null}},{"type":"Feature","geometry":{"type":"Point","coordinates":[29.039424,40.984068]},"properties":{"osm_id":"node/1532844693","kategori":"trafik_isigi","ad":null}},{"type":"Feature","geometry":{"type":"Point","coordinates":[29.034368,40.987205]},"properties":{"osm_id":"node/1532844729","kategori":"trafik_isigi","ad":null}},{"type":"Feature","geometry":{"type":"Point","coordinates":[29.033703,40.987037]},"properties":{"osm_id":"node/1532844761","kategori":"trafik_isigi","ad":null}},{"type":"Feature","geometry":{"type":"Point","coordinates":[29.225785,40.907646]},"properties":{"osm_id":"node/1535199198","kategori":"trafik_isigi","ad":null}},{"type":"Feature","geometry":{"type":"Point","coordinates":[29.220022,40.931589]},"properties":{"osm_id":"node/1535225009","kategori":"trafik_isigi","ad":null}},{"type":"Feature","geometry":{"type":"Point","coordinates":[29.174664,41.006977]},"properties":{"osm_id":"node/1535250315","kategori":"trafik_isigi","ad":null}},{"type":"Feature","geometry":{"type":"Point","coordinates":[29.173197,41.006156]},"properties":{"osm_id":"node/1535250593","kategori":"trafik_isigi","ad":null}},{"type":"Feature","geometry":{"type":"Point","coordinates":[29.136854,40.932786]},"properties":{"osm_id":"node/1535923265","kategori":"trafik_isigi","ad":null}},{"type":"Feature","geometry":{"type":"Point","coordinates":[29.216044,40.878676]},"properties":{"osm_id":"node/1535975322","kategori":"trafik_isigi","ad":null}},{"type":"Feature","geometry":{"type":"Point","coordinates":[29.184806,40.885863]},"properties":{"osm_id":"node/1535976042","kategori":"trafik_isigi","ad":null}},{"type":"Feature","geometry":{"type":"Point","coordinates":[29.269933,40.96618]},"properties":{"osm_id":"node/1538054541","kategori":"trafik_isigi","ad":null}},{"type":"Feature","geometry":{"type":"Point","coordinates":[29.261975,40.968496]},"properties":{"osm_id":"node/1538127737","kategori":"trafik_isigi","ad":null}},{"type":"Feature","geometry":{"type":"Point","coordinates":[29.250461,40.970328]},"properties":{"osm_id":"node/1538128098","kategori":"trafik_isigi","ad":null}},{"type":"Feature","geometry":{"type":"Point","coordinates":[29.247568,40.972685]},"properties":{"osm_id":"node/1538128117","kategori":"trafik_isigi","ad":null}},{"type":"Feature","geometry":{"type":"Point","coordinates":[29.237771,40.977591]},"properties":{"osm_id":"node/1563594070","kategori":"trafik_isigi","ad":null}},{"type":"Feature","geometry":{"type":"Point","coordinates":[29.114179,40.987584]},"properties":{"osm_id":"node/1572070541","kategori":"trafik_isigi","ad":null}},{"type":"Feature","geometry":{"type":"Point","coordinates":[29.039735,40.994943]},"properties":{"osm_id":"node/1573456754","kategori":"trafik_isigi","ad":null}},{"type":"Feature","geometry":{"type":"Point","coordinates":[29.119574,41.011036]},"properties":{"osm_id":"node/1578163621","kategori":"trafik_isigi","ad":null}},{"type":"Feature","geometry":{"type":"Point","coordinates":[29.206482,40.898742]},"properties":{"osm_id":"node/1582551964","kategori":"trafik_isigi","ad":null}},{"type":"Feature","geometry":{"type":"Point","coordinates":[29.255219,40.87522]},"properties":{"osm_id":"node/1582653127","kategori":"trafik_isigi","ad":null}},{"type":"Feature","geometry":{"type":"Point","coordinates":[29.255329,40.875191]},"properties":{"osm_id":"node/1582653391","kategori":"trafik_isigi","ad":null}},{"type":"Feature","geometry":{"type":"Point","coordinates":[28.971629,41.038559]},"properties":{"osm_id":"node/1621974865","kategori":"trafik_isigi","ad":null}},{"type":"Feature","geometry":{"type":"Point","coordinates":[29.111514,41.136517]},"properties":{"osm_id":"node/1633916900","kategori":"trafik_isigi","ad":null}},{"type":"Feature","geometry":{"type":"Point","coordinates":[28.972956,41.031207]},"properties":{"osm_id":"node/1663101742","kategori":"trafik_isigi","ad":null}},{"type":"Feature","geometry":{"type":"Point","coordinates":[29.137376,40.985414]},"properties":{"osm_id":"node/1663328630","kategori":"trafik_isigi","ad":null}},{"type":"Feature","geometry":{"type":"Point","coordinates":[29.114372,40.992695]},"properties":{"osm_id":"node/1667333514","kategori":"trafik_isigi","ad":null}},{"type":"Feature","geometry":{"type":"Point","coordinates":[29.104143,40.979519]},"properties":{"osm_id":"node/1667358445","kategori":"trafik_isigi","ad":null}},{"type":"Feature","geometry":{"type":"Point","coordinates":[29.113272,40.978961]},"properties":{"osm_id":"node/1667651753","kategori":"trafik_isigi","ad":null}},{"type":"Feature","geometry":{"type":"Point","coordinates":[29.130911,40.980693]},"properties":{"osm_id":"node/1667851072","kategori":"trafik_isigi","ad":null}},{"type":"Feature","geometry":{"type":"Point","coordinates":[29.110586,40.946059]},"properties":{"osm_id":"node/1668754371","kategori":"trafik_isigi","ad":null}},{"type":"Feature","geometry":{"type":"Point","coordinates":[29.110771,40.945961]},"properties":{"osm_id":"node/1668754372","kategori":"trafik_isigi","ad":null}},{"type":"Feature","geometry":{"type":"Point","coordinates":[29.090445,40.962809]},"properties":{"osm_id":"node/1669464403","kategori":"trafik_isigi","ad":null}},{"type":"Feature","geometry":{"type":"Point","coordinates":[29.08003,40.975476]},"properties":{"osm_id":"node/1669464448","kategori":"trafik_isigi","ad":null}},{"type":"Feature","geometry":{"type":"Point","coordinates":[29.08922,40.963664]},"properties":{"osm_id":"node/1669464525","kategori":"trafik_isigi","ad":null}},{"type":"Feature","geometry":{"type":"Point","coordinates":[29.08419,40.970179]},"properties":{"osm_id":"node/1669464684","kategori":"trafik_isigi","ad":null}},{"type":"Feature","geometry":{"type":"Point","coordinates":[29.048384,40.985886]},"properties":{"osm_id":"node/1669464723","kategori":"trafik_isigi","ad":null}},{"type":"Feature","geometry":{"type":"Point","coordinates":[29.09863,40.984802]},"properties":{"osm_id":"node/1669549033","kategori":"trafik_isigi","ad":null}},{"type":"Feature","geometry":{"type":"Point","coordinates":[29.12715,40.94122]},"properties":{"osm_id":"node/1669549049","kategori":"trafik_isigi","ad":null}},{"type":"Feature","geometry":{"type":"Point","coordinates":[29.074739,40.994829]},"properties":{"osm_id":"node/1670461580","kategori":"trafik_isigi","ad":null}},{"type":"Feature","geometry":{"type":"Point","coordinates":[29.01461,41.075757]},"properties":{"osm_id":"node/1672441465","kategori":"trafik_isigi","ad":null}},{"type":"Feature","geometry":{"type":"Point","coordinates":[29.031699,41.001877]},"properties":{"osm_id":"node/1691314880","kategori":"trafik_isigi","ad":null}},{"type":"Feature","geometry":{"type":"Point","coordinates":[29.024625,40.995946]},"properties":{"osm_id":"node/1691315119","kategori":"trafik_isigi","ad":null}},{"type":"Feature","geometry":{"type":"Point","coordinates":[29.033045,41.000774]},"properties":{"osm_id":"node/1691315262","kategori":"trafik_isigi","ad":null}},{"type":"Feature","geometry":{"type":"Point","coordinates":[29.173293,41.006085]},"properties":{"osm_id":"node/1694348651","kategori":"trafik_isigi","ad":null}},{"type":"Feature","geometry":{"type":"Point","coordinates":[29.034117,40.987127]},"properties":{"osm_id":"node/1703637842","kategori":"trafik_isigi","ad":null}},{"type":"Feature","geometry":{"type":"Point","coordinates":[29.118505,40.978381]},"properties":{"osm_id":"node/1706449360","kategori":"trafik_isigi","ad":null}},{"type":"Feature","geometry":{"type":"Point","coordinates":[29.118469,40.978512]},"properties":{"osm_id":"node/1706449523","kategori":"trafik_isigi","ad":null}},{"type":"Feature","geometry":{"type":"Point","coordinates":[29.027695,41.140105]},"properties":{"osm_id":"node/1708883736","kategori":"trafik_isigi","ad":null}},{"type":"Feature","geometry":{"type":"Point","coordinates":[29.029849,41.140322]},"properties":{"osm_id":"node/1708883773","kategori":"trafik_isigi","ad":null}},{"type":"Feature","geometry":{"type":"Point","coordinates":[29.029748,41.140381]},"properties":{"osm_id":"node/1708883805","kategori":"trafik_isigi","ad":null}},{"type":"Feature","geometry":{"type":"Point","coordinates":[29.020451,41.012305]},"properties":{"osm_id":"node/1713242646","kategori":"trafik_isigi","ad":null}},{"type":"Feature","geometry":{"type":"Point","coordinates":[29.003195,41.066525]},"properties":{"osm_id":"node/1719537011","kategori":"trafik_isigi","ad":null}},{"type":"Feature","geometry":{"type":"Point","coordinates":[29.214668,40.982039]},"properties":{"osm_id":"node/1728824242","kategori":"trafik_isigi","ad":null}},{"type":"Feature","geometry":{"type":"Point","coordinates":[29.126241,40.99891]},"properties":{"osm_id":"node/1749107228","kategori":"trafik_isigi","ad":null}},{"type":"Feature","geometry":{"type":"Point","coordinates":[29.014011,41.079534]},"properties":{"osm_id":"node/1749726748","kategori":"trafik_isigi","ad":null}},{"type":"Feature","geometry":{"type":"Point","coordinates":[29.075245,41.019263]},"properties":{"osm_id":"node/1750947880","kategori":"trafik_isigi","ad":null}},{"type":"Feature","geometry":{"type":"Point","coordinates":[29.080264,41.023354]},"properties":{"osm_id":"node/1750947882","kategori":"trafik_isigi","ad":null}},{"type":"Feature","geometry":{"type":"Point","coordinates":[29.045906,41.044504]},"properties":{"osm_id":"node/1751147845","kategori":"trafik_isigi","ad":null}},{"type":"Feature","geometry":{"type":"Point","coordinates":[29.056005,41.112315]},"properties":{"osm_id":"node/1752850971","kategori":"trafik_isigi","ad":null}},{"type":"Feature","geometry":{"type":"Point","coordinates":[28.96081,41.100688]},"properties":{"osm_id":"node/1756204883","kategori":"trafik_isigi","ad":null}},{"type":"Feature","geometry":{"type":"Point","coordinates":[29.002804,41.051304]},"properties":{"osm_id":"node/1758483106","kategori":"trafik_isigi","ad":null}},{"type":"Feature","geometry":{"type":"Point","coordinates":[28.975805,41.014878]},"properties":{"osm_id":"node/1762097205","kategori":"trafik_isigi","ad":null}},{"type":"Feature","geometry":{"type":"Point","coordinates":[29.336279,40.874415]},"properties":{"osm_id":"node/1769226310","kategori":"trafik_isigi","ad":null}},{"type":"Feature","geometry":{"type":"Point","coordinates":[29.003016,41.051101]},"properties":{"osm_id":"node/1774625597","kategori":"trafik_isigi","ad":null}},{"type":"Feature","geometry":{"type":"Point","coordinates":[29.002956,41.051384]},"properties":{"osm_id":"node/1774625602","kategori":"trafik_isigi","ad":null}},{"type":"Feature","geometry":{"type":"Point","coordinates":[28.25283,41.075664]},"properties":{"osm_id":"node/1825683620","kategori":"trafik_isigi","ad":null}},{"type":"Feature","geometry":{"type":"Point","coordinates":[28.250154,41.07681]},"properties":{"osm_id":"node/1831004604","kategori":"trafik_isigi","ad":null}},{"type":"Feature","geometry":{"type":"Point","coordinates":[28.253241,41.076192]},"properties":{"osm_id":"node/1831048687","kategori":"trafik_isigi","ad":null}},{"type":"Feature","geometry":{"type":"Point","coordinates":[28.551704,41.035392]},"properties":{"osm_id":"node/1831325296","kategori":"trafik_isigi","ad":null}},{"type":"Feature","geometry":{"type":"Point","coordinates":[28.551863,41.035342]},"properties":{"osm_id":"node/1831325297","kategori":"trafik_isigi","ad":null}},{"type":"Feature","geometry":{"type":"Point","coordinates":[28.549645,41.038607]},"properties":{"osm_id":"node/1831325311","kategori":"trafik_isigi","ad":null}},{"type":"Feature","geometry":{"type":"Point","coordinates":[28.881297,41.177759]},"properties":{"osm_id":"node/1833477871","kategori":"trafik_isigi","ad":null}},{"type":"Feature","geometry":{"type":"Point","coordinates":[28.992503,41.064351]},"properties":{"osm_id":"node/1834004783","kategori":"trafik_isigi","ad":null}},{"type":"Feature","geometry":{"type":"Point","coordinates":[29.288305,40.856034]},"properties":{"osm_id":"node/1842915478","kategori":"trafik_isigi","ad":null}},{"type":"Feature","geometry":{"type":"Point","coordinates":[28.709529,41.064517]},"properties":{"osm_id":"node/1850421742","kategori":"trafik_isigi","ad":null}},{"type":"Feature","geometry":{"type":"Point","coordinates":[29.310803,40.825842]},"properties":{"osm_id":"node/1852926282","kategori":"trafik_isigi","ad":null}},{"type":"Feature","geometry":{"type":"Point","coordinates":[28.623973,41.016801]},"properties":{"osm_id":"node/1852966778","kategori":"trafik_isigi","ad":null}},{"type":"Feature","geometry":{"type":"Point","coordinates":[28.62426,41.077091]},"properties":{"osm_id":"node/1852982379","kategori":"trafik_isigi","ad":null}},{"type":"Feature","geometry":{"type":"Point","coordinates":[28.618617,40.98659]},"properties":{"osm_id":"node/1852990814","kategori":"trafik_isigi","ad":null}},{"type":"Feature","geometry":{"type":"Point","coordinates":[28.618664,40.986702]},"properties":{"osm_id":"node/1852990815","kategori":"trafik_isigi","ad":null}},{"type":"Feature","geometry":{"type":"Point","coordinates":[28.622193,40.988701]},"properties":{"osm_id":"node/1852990825","kategori":"trafik_isigi","ad":null}},{"type":"Feature","geometry":{"type":"Point","coordinates":[28.682265,41.014441]},"properties":{"osm_id":"node/1854801310","kategori":"trafik_isigi","ad":null}},{"type":"Feature","geometry":{"type":"Point","coordinates":[28.701553,41.009813]},"properties":{"osm_id":"node/1855026389","kategori":"trafik_isigi","ad":null}},{"type":"Feature","geometry":{"type":"Point","coordinates":[28.836861,40.991169]},"properties":{"osm_id":"node/1859103753","kategori":"trafik_isigi","ad":null}},{"type":"Feature","geometry":{"type":"Point","coordinates":[28.837076,40.99138]},"properties":{"osm_id":"node/1859103779","kategori":"trafik_isigi","ad":null}},{"type":"Feature","geometry":{"type":"Point","coordinates":[29.014878,41.026613]},"properties":{"osm_id":"node/1868397697","kategori":"trafik_isigi","ad":null}},{"type":"Feature","geometry":{"type":"Point","coordinates":[29.015694,41.025236]},"properties":{"osm_id":"node/1868397705","kategori":"trafik_isigi","ad":null}},{"type":"Feature","geometry":{"type":"Point","coordinates":[29.142266,40.950359]},"properties":{"osm_id":"node/1880124972","kategori":"trafik_isigi","ad":null}},{"type":"Feature","geometry":{"type":"Point","coordinates":[29.024761,41.033075]},"properties":{"osm_id":"node/1880160309","kategori":"trafik_isigi","ad":null}},{"type":"Feature","geometry":{"type":"Point","coordinates":[29.029388,41.036415]},"properties":{"osm_id":"node/1880160435","kategori":"trafik_isigi","ad":null}},{"type":"Feature","geometry":{"type":"Point","coordinates":[29.390048,40.94497]},"properties":{"osm_id":"node/1893855304","kategori":"trafik_isigi","ad":null}},{"type":"Feature","geometry":{"type":"Point","coordinates":[29.257576,40.879702]},"properties":{"osm_id":"node/1908596442","kategori":"trafik_isigi","ad":null}},{"type":"Feature","geometry":{"type":"Point","coordinates":[29.078134,41.04062]},"properties":{"osm_id":"node/1920176346","kategori":"trafik_isigi","ad":null}},{"type":"Feature","geometry":{"type":"Point","coordinates":[29.07631,41.046055]},"properties":{"osm_id":"node/1920176363","kategori":"trafik_isigi","ad":null}},{"type":"Feature","geometry":{"type":"Point","coordinates":[29.076424,41.046059]},"properties":{"osm_id":"node/1920176373","kategori":"trafik_isigi","ad":null}},{"type":"Feature","geometry":{"type":"Point","coordinates":[29.080424,41.028515]},"properties":{"osm_id":"node/1920247333","kategori":"trafik_isigi","ad":null}},{"type":"Feature","geometry":{"type":"Point","coordinates":[29.080531,41.028539]},"properties":{"osm_id":"node/1920247364","kategori":"trafik_isigi","ad":null}},{"type":"Feature","geometry":{"type":"Point","coordinates":[29.133552,40.944205]},"properties":{"osm_id":"node/1922230803","kategori":"trafik_isigi","ad":null}},{"type":"Feature","geometry":{"type":"Point","coordinates":[29.127035,40.940689]},"properties":{"osm_id":"node/1922292441","kategori":"trafik_isigi","ad":null}},{"type":"Feature","geometry":{"type":"Point","coordinates":[29.24094,41.008044]},"properties":{"osm_id":"node/1923694302","kategori":"trafik_isigi","ad":null}},{"type":"Feature","geometry":{"type":"Point","coordinates":[29.240866,41.008178]},"properties":{"osm_id":"node/1923694321","kategori":"trafik_isigi","ad":null}},{"type":"Feature","geometry":{"type":"Point","coordinates":[29.2233,41.008593]},"properties":{"osm_id":"node/1923694437","kategori":"trafik_isigi","ad":null}},{"type":"Feature","geometry":{"type":"Point","coordinates":[29.23874,41.00826]},"properties":{"osm_id":"node/1923694479","kategori":"trafik_isigi","ad":null}},{"type":"Feature","geometry":{"type":"Point","coordinates":[29.036458,41.092324]},"properties":{"osm_id":"node/1926218452","kategori":"trafik_isigi","ad":null}},{"type":"Feature","geometry":{"type":"Point","coordinates":[29.036306,41.092184]},"properties":{"osm_id":"node/1926218540","kategori":"trafik_isigi","ad":null}},{"type":"Feature","geometry":{"type":"Point","coordinates":[29.013944,41.079517]},"properties":{"osm_id":"node/1926265388","kategori":"trafik_isigi","ad":null}},{"type":"Feature","geometry":{"type":"Point","coordinates":[29.27457,40.90319]},"properties":{"osm_id":"node/1927044668","kategori":"trafik_isigi","ad":null}},{"type":"Feature","geometry":{"type":"Point","coordinates":[29.252373,40.896449]},"properties":{"osm_id":"node/1927045279","kategori":"trafik_isigi","ad":null}},{"type":"Feature","geometry":{"type":"Point","coordinates":[29.272146,40.900179]},"properties":{"osm_id":"node/1927045404","kategori":"trafik_isigi","ad":null}},{"type":"Feature","geometry":{"type":"Point","coordinates":[29.042137,41.066618]},"properties":{"osm_id":"node/1939657380","kategori":"trafik_isigi","ad":null}},{"type":"Feature","geometry":{"type":"Point","coordinates":[29.367688,40.900912]},"properties":{"osm_id":"node/1979572455","kategori":"trafik_isigi","ad":null}},{"type":"Feature","geometry":{"type":"Point","coordinates":[28.625122,41.12248]},"properties":{"osm_id":"node/2015310728","kategori":"trafik_isigi","ad":null}},{"type":"Feature","geometry":{"type":"Point","coordinates":[29.305935,40.940657]},"properties":{"osm_id":"node/2119473243","kategori":"trafik_isigi","ad":null}},{"type":"Feature","geometry":{"type":"Point","coordinates":[29.307487,40.940621]},"properties":{"osm_id":"node/2119492362","kategori":"trafik_isigi","ad":null}},{"type":"Feature","geometry":{"type":"Point","coordinates":[28.685814,41.0801]},"properties":{"osm_id":"node/2144366223","kategori":"trafik_isigi","ad":null}},{"type":"Feature","geometry":{"type":"Point","coordinates":[28.664412,41.065203]},"properties":{"osm_id":"node/2145832578","kategori":"trafik_isigi","ad":null}},{"type":"Feature","geometry":{"type":"Point","coordinates":[28.645348,41.035635]},"properties":{"osm_id":"node/2166245027","kategori":"trafik_isigi","ad":null}},{"type":"Feature","geometry":{"type":"Point","coordinates":[29.288678,40.906582]},"properties":{"osm_id":"node/2225398202","kategori":"trafik_isigi","ad":null}},{"type":"Feature","geometry":{"type":"Point","coordinates":[29.283397,40.905513]},"properties":{"osm_id":"node/2225398260","kategori":"trafik_isigi","ad":null}},{"type":"Feature","geometry":{"type":"Point","coordinates":[29.187568,40.887452]},"properties":{"osm_id":"node/2230579680","kategori":"trafik_isigi","ad":null}},{"type":"Feature","geometry":{"type":"Point","coordinates":[29.249067,40.971653]},"properties":{"osm_id":"node/2244663065","kategori":"trafik_isigi","ad":null}},{"type":"Feature","geometry":{"type":"Point","coordinates":[29.243753,40.974261]},"properties":{"osm_id":"node/2244663227","kategori":"trafik_isigi","ad":null}},{"type":"Feature","geometry":{"type":"Point","coordinates":[29.130373,41.006624]},"properties":{"osm_id":"node/2246453345","kategori":"trafik_isigi","ad":null}},{"type":"Feature","geometry":{"type":"Point","coordinates":[29.218896,40.999387]},"properties":{"osm_id":"node/2246641700","kategori":"trafik_isigi","ad":null}},{"type":"Feature","geometry":{"type":"Point","coordinates":[29.215769,41.006229]},"properties":{"osm_id":"node/2246642345","kategori":"trafik_isigi","ad":null}},{"type":"Feature","geometry":{"type":"Point","coordinates":[29.215871,41.006236]},"properties":{"osm_id":"node/2246642349","kategori":"trafik_isigi","ad":null}},{"type":"Feature","geometry":{"type":"Point","coordinates":[29.15603,41.016808]},"properties":{"osm_id":"node/2247862464","kategori":"trafik_isigi","ad":null}},{"type":"Feature","geometry":{"type":"Point","coordinates":[29.140774,41.016544]},"properties":{"osm_id":"node/2247916200","kategori":"trafik_isigi","ad":null}},{"type":"Feature","geometry":{"type":"Point","coordinates":[29.105631,41.026433]},"properties":{"osm_id":"node/2248681148","kategori":"trafik_isigi","ad":null}},{"type":"Feature","geometry":{"type":"Point","coordinates":[28.925792,41.079985]},"properties":{"osm_id":"node/2259806922","kategori":"trafik_isigi","ad":null}},{"type":"Feature","geometry":{"type":"Point","coordinates":[28.935576,41.071093]},"properties":{"osm_id":"node/2260924703","kategori":"trafik_isigi","ad":null}},{"type":"Feature","geometry":{"type":"Point","coordinates":[28.935733,41.071306]},"properties":{"osm_id":"node/2260924711","kategori":"trafik_isigi","ad":null}},{"type":"Feature","geometry":{"type":"Point","coordinates":[28.938726,41.072154]},"properties":{"osm_id":"node/2260924754","kategori":"trafik_isigi","ad":null}},{"type":"Feature","geometry":{"type":"Point","coordinates":[28.916654,41.073337]},"properties":{"osm_id":"node/2260931303","kategori":"trafik_isigi","ad":null}},{"type":"Feature","geometry":{"type":"Point","coordinates":[28.969696,41.0757]},"properties":{"osm_id":"node/2260997664","kategori":"trafik_isigi","ad":null}},{"type":"Feature","geometry":{"type":"Point","coordinates":[28.9778,41.099489]},"properties":{"osm_id":"node/2262230334","kategori":"trafik_isigi","ad":null}},{"type":"Feature","geometry":{"type":"Point","coordinates":[28.905261,41.095945]},"properties":{"osm_id":"node/2262301817","kategori":"trafik_isigi","ad":null}},{"type":"Feature","geometry":{"type":"Point","coordinates":[29.054676,41.0814]},"properties":{"osm_id":"node/2264072959","kategori":"trafik_isigi","ad":null}},{"type":"Feature","geometry":{"type":"Point","coordinates":[28.770584,41.021229]},"properties":{"osm_id":"node/2264135606","kategori":"trafik_isigi","ad":null}},{"type":"Feature","geometry":{"type":"Point","coordinates":[28.774178,41.046664]},"properties":{"osm_id":"node/2264136934","kategori":"trafik_isigi","ad":null}},{"type":"Feature","geometry":{"type":"Point","coordinates":[29.036231,41.138043]},"properties":{"osm_id":"node/2264258159","kategori":"trafik_isigi","ad":null}},{"type":"Feature","geometry":{"type":"Point","coordinates":[29.008957,41.065278]},"properties":{"osm_id":"node/2268086101","kategori":"trafik_isigi","ad":null}},{"type":"Feature","geometry":{"type":"Point","coordinates":[28.917869,41.058088]},"properties":{"osm_id":"node/2268141523","kategori":"trafik_isigi","ad":null}},{"type":"Feature","geometry":{"type":"Point","coordinates":[29.038933,41.023619]},"properties":{"osm_id":"node/2268209289","kategori":"trafik_isigi","ad":null}},{"type":"Feature","geometry":{"type":"Point","coordinates":[29.206546,41.014316]},"properties":{"osm_id":"node/2270497849","kategori":"trafik_isigi","ad":null}},{"type":"Feature","geometry":{"type":"Point","coordinates":[29.15865,41.035212]},"properties":{"osm_id":"node/2270646409","kategori":"trafik_isigi","ad":null}},{"type":"Feature","geometry":{"type":"Point","coordinates":[29.126321,41.008272]},"properties":{"osm_id":"node/2270839132","kategori":"trafik_isigi","ad":null}},{"type":"Feature","geometry":{"type":"Point","coordinates":[29.126435,41.008387]},"properties":{"osm_id":"node/2270839133","kategori":"trafik_isigi","ad":null}},{"type":"Feature","geometry":{"type":"Point","coordinates":[29.124956,40.988189]},"properties":{"osm_id":"node/2271579500","kategori":"trafik_isigi","ad":null}},{"type":"Feature","geometry":{"type":"Point","coordinates":[29.035713,41.110799]},"properties":{"osm_id":"node/2271676550","kategori":"trafik_isigi","ad":null}},{"type":"Feature","geometry":{"type":"Point","coordinates":[28.910591,41.053842]},"properties":{"osm_id":"node/2337614778","kategori":"trafik_isigi","ad":null}},{"type":"Feature","geometry":{"type":"Point","coordinates":[29.02442,40.995985]},"properties":{"osm_id":"node/2349767388","kategori":"trafik_isigi","ad":null}},{"type":"Feature","geometry":{"type":"Point","coordinates":[29.131865,40.931771]},"properties":{"osm_id":"node/2358062002","kategori":"trafik_isigi","ad":null}},{"type":"Feature","geometry":{"type":"Point","coordinates":[29.17485,40.919155]},"properties":{"osm_id":"node/2359600891","kategori":"trafik_isigi","ad":null}},{"type":"Feature","geometry":{"type":"Point","coordinates":[29.221851,40.923989]},"properties":{"osm_id":"node/2360087644","kategori":"trafik_isigi","ad":null}},{"type":"Feature","geometry":{"type":"Point","coordinates":[28.9747,41.079525]},"properties":{"osm_id":"node/2360683808","kategori":"trafik_isigi","ad":null}},{"type":"Feature","geometry":{"type":"Point","coordinates":[28.974223,41.079637]},"properties":{"osm_id":"node/2360683817","kategori":"trafik_isigi","ad":null}},{"type":"Feature","geometry":{"type":"Point","coordinates":[28.98465,41.102891]},"properties":{"osm_id":"node/2360683915","kategori":"trafik_isigi","ad":null}},{"type":"Feature","geometry":{"type":"Point","coordinates":[28.641162,41.009747]},"properties":{"osm_id":"node/2361224905","kategori":"trafik_isigi","ad":null}},{"type":"Feature","geometry":{"type":"Point","coordinates":[29.272081,40.89988]},"properties":{"osm_id":"node/2361242420","kategori":"trafik_isigi","ad":null}},{"type":"Feature","geometry":{"type":"Point","coordinates":[29.293577,40.908124]},"properties":{"osm_id":"node/2361242693","kategori":"trafik_isigi","ad":null}},{"type":"Feature","geometry":{"type":"Point","coordinates":[29.280413,40.909588]},"properties":{"osm_id":"node/2361242806","kategori":"trafik_isigi","ad":null}},{"type":"Feature","geometry":{"type":"Point","coordinates":[29.011856,41.062347]},"properties":{"osm_id":"node/2361911433","kategori":"trafik_isigi","ad":null}},{"type":"Feature","geometry":{"type":"Point","coordinates":[28.605161,40.99758]},"properties":{"osm_id":"node/2362724769","kategori":"trafik_isigi","ad":null}},{"type":"Feature","geometry":{"type":"Point","coordinates":[29.247628,40.894954]},"properties":{"osm_id":"node/2362828837","kategori":"trafik_isigi","ad":null}},{"type":"Feature","geometry":{"type":"Point","coordinates":[29.260018,40.880204]},"properties":{"osm_id":"node/2363807385","kategori":"trafik_isigi","ad":null}},{"type":"Feature","geometry":{"type":"Point","coordinates":[29.336196,40.874222]},"properties":{"osm_id":"node/2363823688","kategori":"trafik_isigi","ad":null}},{"type":"Feature","geometry":{"type":"Point","coordinates":[29.336515,40.874571]},"properties":{"osm_id":"node/2363823695","kategori":"trafik_isigi","ad":null}},{"type":"Feature","geometry":{"type":"Point","coordinates":[29.189507,40.887363]},"properties":{"osm_id":"node/2363833248","kategori":"trafik_isigi","ad":null}},{"type":"Feature","geometry":{"type":"Point","coordinates":[29.187511,40.88757]},"properties":{"osm_id":"node/2363833252","kategori":"trafik_isigi","ad":null}},{"type":"Feature","geometry":{"type":"Point","coordinates":[28.698535,40.988502]},"properties":{"osm_id":"node/2364034759","kategori":"trafik_isigi","ad":null}},{"type":"Feature","geometry":{"type":"Point","coordinates":[29.015848,41.004884]},"properties":{"osm_id":"node/2364064043","kategori":"trafik_isigi","ad":null}},{"type":"Feature","geometry":{"type":"Point","coordinates":[29.110642,40.945938]},"properties":{"osm_id":"node/2364064165","kategori":"trafik_isigi","ad":null}},{"type":"Feature","geometry":{"type":"Point","coordinates":[29.110698,40.946002]},"properties":{"osm_id":"node/2364064166","kategori":"trafik_isigi","ad":null}},{"type":"Feature","geometry":{"type":"Point","coordinates":[28.846929,41.001469]},"properties":{"osm_id":"node/2365211275","kategori":"trafik_isigi","ad":null}},{"type":"Feature","geometry":{"type":"Point","coordinates":[29.046797,41.006455]},"properties":{"osm_id":"node/2365213385","kategori":"trafik_isigi","ad":null}},{"type":"Feature","geometry":{"type":"Point","coordinates":[28.927645,41.069918]},"properties":{"osm_id":"node/2365216572","kategori":"trafik_isigi","ad":null}},{"type":"Feature","geometry":{"type":"Point","coordinates":[29.032945,40.994719]},"properties":{"osm_id":"node/2365231123","kategori":"trafik_isigi","ad":null}},{"type":"Feature","geometry":{"type":"Point","coordinates":[28.856639,41.030083]},"properties":{"osm_id":"node/2365231761","kategori":"trafik_isigi","ad":null}},{"type":"Feature","geometry":{"type":"Point","coordinates":[28.786026,41.015082]},"properties":{"osm_id":"node/2365231810","kategori":"trafik_isigi","ad":null}},{"type":"Feature","geometry":{"type":"Point","coordinates":[29.33681,40.875742]},"properties":{"osm_id":"node/2365236486","kategori":"trafik_isigi","ad":null}},{"type":"Feature","geometry":{"type":"Point","coordinates":[28.940786,41.072807]},"properties":{"osm_id":"node/2365262666","kategori":"trafik_isigi","ad":null}},{"type":"Feature","geometry":{"type":"Point","coordinates":[28.940459,41.072924]},"properties":{"osm_id":"node/2365262677","kategori":"trafik_isigi","ad":null}},{"type":"Feature","geometry":{"type":"Point","coordinates":[28.792053,41.011646]},"properties":{"osm_id":"node/2365363780","kategori":"trafik_isigi","ad":null}},{"type":"Feature","geometry":{"type":"Point","coordinates":[28.879844,41.014359]},"properties":{"osm_id":"node/2365369687","kategori":"trafik_isigi","ad":null}},{"type":"Feature","geometry":{"type":"Point","coordinates":[28.808098,41.007078]},"properties":{"osm_id":"node/2368424700","kategori":"trafik_isigi","ad":null}},{"type":"Feature","geometry":{"type":"Point","coordinates":[28.977832,41.016031]},"properties":{"osm_id":"node/2370332240","kategori":"trafik_isigi","ad":null}},{"type":"Feature","geometry":{"type":"Point","coordinates":[28.927798,41.058716]},"properties":{"osm_id":"node/2370492201","kategori":"trafik_isigi","ad":null}},{"type":"Feature","geometry":{"type":"Point","coordinates":[28.957815,41.027177]},"properties":{"osm_id":"node/2370536694","kategori":"trafik_isigi","ad":null}},{"type":"Feature","geometry":{"type":"Point","coordinates":[28.95768,41.027193]},"properties":{"osm_id":"node/2370536698","kategori":"trafik_isigi","ad":null}},{"type":"Feature","geometry":{"type":"Point","coordinates":[28.933784,41.032279]},"properties":{"osm_id":"node/2370723009","kategori":"trafik_isigi","ad":null}},{"type":"Feature","geometry":{"type":"Point","coordinates":[28.866478,40.99396]},"properties":{"osm_id":"node/2372029841","kategori":"trafik_isigi","ad":null}},{"type":"Feature","geometry":{"type":"Point","coordinates":[28.887745,40.996836]},"properties":{"osm_id":"node/2372112952","kategori":"trafik_isigi","ad":null}},{"type":"Feature","geometry":{"type":"Point","coordinates":[29.089439,40.963575]},"properties":{"osm_id":"node/2373133706","kategori":"trafik_isigi","ad":null}},{"type":"Feature","geometry":{"type":"Point","coordinates":[29.074435,40.972999]},"properties":{"osm_id":"node/2373133755","kategori":"trafik_isigi","ad":null}},{"type":"Feature","geometry":{"type":"Point","coordinates":[28.626754,41.041141]},"properties":{"osm_id":"node/2373318813","kategori":"trafik_isigi","ad":null}},{"type":"Feature","geometry":{"type":"Point","coordinates":[28.665935,41.02807]},"properties":{"osm_id":"node/2375115521","kategori":"trafik_isigi","ad":null}},{"type":"Feature","geometry":{"type":"Point","coordinates":[28.666932,41.028778]},"properties":{"osm_id":"node/2375177839","kategori":"trafik_isigi","ad":null}},{"type":"Feature","geometry":{"type":"Point","coordinates":[28.663768,41.030233]},"properties":{"osm_id":"node/2375177862","kategori":"trafik_isigi","ad":null}},{"type":"Feature","geometry":{"type":"Point","coordinates":[28.668718,41.026083]},"properties":{"osm_id":"node/2375193498","kategori":"trafik_isigi","ad":null}},{"type":"Feature","geometry":{"type":"Point","coordinates":[29.12646,41.026944]},"properties":{"osm_id":"node/2375936336","kategori":"trafik_isigi","ad":null}},{"type":"Feature","geometry":{"type":"Point","coordinates":[29.102309,41.026648]},"properties":{"osm_id":"node/2376012353","kategori":"trafik_isigi","ad":null}},{"type":"Feature","geometry":{"type":"Point","coordinates":[29.14079,41.016451]},"properties":{"osm_id":"node/2377570183","kategori":"trafik_isigi","ad":null}},{"type":"Feature","geometry":{"type":"Point","coordinates":[29.156047,41.016711]},"properties":{"osm_id":"node/2377612382","kategori":"trafik_isigi","ad":null}},{"type":"Feature","geometry":{"type":"Point","coordinates":[29.136629,41.017279]},"properties":{"osm_id":"node/2377612391","kategori":"trafik_isigi","ad":null}},{"type":"Feature","geometry":{"type":"Point","coordinates":[29.131782,41.018956]},"properties":{"osm_id":"node/2377612420","kategori":"trafik_isigi","ad":null}},{"type":"Feature","geometry":{"type":"Point","coordinates":[29.062612,41.03555]},"properties":{"osm_id":"node/2377624253","kategori":"trafik_isigi","ad":null}},{"type":"Feature","geometry":{"type":"Point","coordinates":[29.062607,41.035635]},"properties":{"osm_id":"node/2377624254","kategori":"trafik_isigi","ad":null}},{"type":"Feature","geometry":{"type":"Point","coordinates":[29.062551,41.035617]},"properties":{"osm_id":"node/2377624255","kategori":"trafik_isigi","ad":null}},{"type":"Feature","geometry":{"type":"Point","coordinates":[29.168267,41.018186]},"properties":{"osm_id":"node/2377631986","kategori":"trafik_isigi","ad":null}},{"type":"Feature","geometry":{"type":"Point","coordinates":[29.168513,41.018492]},"properties":{"osm_id":"node/2377631999","kategori":"trafik_isigi","ad":null}},{"type":"Feature","geometry":{"type":"Point","coordinates":[29.16189,41.007097]},"properties":{"osm_id":"node/2377650614","kategori":"trafik_isigi","ad":null}},{"type":"Feature","geometry":{"type":"Point","coordinates":[29.161746,41.007163]},"properties":{"osm_id":"node/2377650615","kategori":"trafik_isigi","ad":null}},{"type":"Feature","geometry":{"type":"Point","coordinates":[29.152374,41.003486]},"properties":{"osm_id":"node/2377668581","kategori":"trafik_isigi","ad":null}},{"type":"Feature","geometry":{"type":"Point","coordinates":[29.136588,41.011969]},"properties":{"osm_id":"node/2377710656","kategori":"trafik_isigi","ad":null}},{"type":"Feature","geometry":{"type":"Point","coordinates":[29.136519,41.012025]},"properties":{"osm_id":"node/2377710658","kategori":"trafik_isigi","ad":null}},{"type":"Feature","geometry":{"type":"Point","coordinates":[29.13663,41.012028]},"properties":{"osm_id":"node/2377710668","kategori":"trafik_isigi","ad":null}},{"type":"Feature","geometry":{"type":"Point","coordinates":[29.13654,41.012052]},"properties":{"osm_id":"node/2377710670","kategori":"trafik_isigi","ad":null}},{"type":"Feature","geometry":{"type":"Point","coordinates":[29.119689,41.010985]},"properties":{"osm_id":"node/2378588251","kategori":"trafik_isigi","ad":null}},{"type":"Feature","geometry":{"type":"Point","coordinates":[29.1198,41.011068]},"properties":{"osm_id":"node/2378588252","kategori":"trafik_isigi","ad":null}},{"type":"Feature","geometry":{"type":"Point","coordinates":[28.93572,41.053723]},"properties":{"osm_id":"node/2378660682","kategori":"trafik_isigi","ad":null}},{"type":"Feature","geometry":{"type":"Point","coordinates":[29.150328,41.00424]},"properties":{"osm_id":"node/2378684300","kategori":"trafik_isigi","ad":null}},{"type":"Feature","geometry":{"type":"Point","coordinates":[29.159413,41.004397]},"properties":{"osm_id":"node/2378692297","kategori":"trafik_isigi","ad":null}},{"type":"Feature","geometry":{"type":"Point","coordinates":[29.159324,41.004472]},"properties":{"osm_id":"node/2378692298","kategori":"trafik_isigi","ad":null}},{"type":"Feature","geometry":{"type":"Point","coordinates":[28.960048,41.024141]},"properties":{"osm_id":"node/2378719421","kategori":"trafik_isigi","ad":null}},{"type":"Feature","geometry":{"type":"Point","coordinates":[28.988234,41.067415]},"properties":{"osm_id":"node/2378766897","kategori":"trafik_isigi","ad":null}},{"type":"Feature","geometry":{"type":"Point","coordinates":[28.994865,41.037435]},"properties":{"osm_id":"node/2378799418","kategori":"trafik_isigi","ad":null}},{"type":"Feature","geometry":{"type":"Point","coordinates":[28.99493,41.037433]},"properties":{"osm_id":"node/2378799419","kategori":"trafik_isigi","ad":null}},{"type":"Feature","geometry":{"type":"Point","coordinates":[28.996323,41.038723]},"properties":{"osm_id":"node/2378802440","kategori":"trafik_isigi","ad":null}},{"type":"Feature","geometry":{"type":"Point","coordinates":[28.896806,41.008661]},"properties":{"osm_id":"node/2378804140","kategori":"trafik_isigi","ad":null}},{"type":"Feature","geometry":{"type":"Point","coordinates":[28.907518,41.010348]},"properties":{"osm_id":"node/2379670942","kategori":"trafik_isigi","ad":null}},{"type":"Feature","geometry":{"type":"Point","coordinates":[28.97127,41.037901]},"properties":{"osm_id":"node/2379692771","kategori":"trafik_isigi","ad":null}},{"type":"Feature","geometry":{"type":"Point","coordinates":[28.973032,41.038629]},"properties":{"osm_id":"node/2379692789","kategori":"trafik_isigi","ad":null}},{"type":"Feature","geometry":{"type":"Point","coordinates":[29.128948,40.98663]},"properties":{"osm_id":"node/2379698188","kategori":"trafik_isigi","ad":null}},{"type":"Feature","geometry":{"type":"Point","coordinates":[29.097644,40.97703]},"properties":{"osm_id":"node/2379771475","kategori":"trafik_isigi","ad":null}},{"type":"Feature","geometry":{"type":"Point","coordinates":[28.947717,41.011665]},"properties":{"osm_id":"node/2379850472","kategori":"trafik_isigi","ad":null}},{"type":"Feature","geometry":{"type":"Point","coordinates":[28.948073,41.011736]},"properties":{"osm_id":"node/2379850477","kategori":"trafik_isigi","ad":null}},{"type":"Feature","geometry":{"type":"Point","coordinates":[28.376143,41.054475]},"properties":{"osm_id":"node/2380242378","kategori":"trafik_isigi","ad":null}},{"type":"Feature","geometry":{"type":"Point","coordinates":[29.190746,41.014183]},"properties":{"osm_id":"node/2380661107","kategori":"trafik_isigi","ad":null}},{"type":"Feature","geometry":{"type":"Point","coordinates":[29.147296,40.981078]},"properties":{"osm_id":"node/2380777422","kategori":"trafik_isigi","ad":null}},{"type":"Feature","geometry":{"type":"Point","coordinates":[29.147195,40.981096]},"properties":{"osm_id":"node/2380777423","kategori":"trafik_isigi","ad":null}},{"type":"Feature","geometry":{"type":"Point","coordinates":[29.147203,40.981142]},"properties":{"osm_id":"node/2380777425","kategori":"trafik_isigi","ad":null}},{"type":"Feature","geometry":{"type":"Point","coordinates":[28.803268,40.979623]},"properties":{"osm_id":"node/2380790830","kategori":"trafik_isigi","ad":null}},{"type":"Feature","geometry":{"type":"Point","coordinates":[28.920538,40.993818]},"properties":{"osm_id":"node/2380798375","kategori":"trafik_isigi","ad":null}},{"type":"Feature","geometry":{"type":"Point","coordinates":[28.921052,41.00612]},"properties":{"osm_id":"node/2380801926","kategori":"trafik_isigi","ad":null}},{"type":"Feature","geometry":{"type":"Point","coordinates":[29.00087,41.066827]},"properties":{"osm_id":"node/2380874151","kategori":"trafik_isigi","ad":null}},{"type":"Feature","geometry":{"type":"Point","coordinates":[29.029952,41.068646]},"properties":{"osm_id":"node/2380905959","kategori":"trafik_isigi","ad":null}},{"type":"Feature","geometry":{"type":"Point","coordinates":[29.029953,41.068813]},"properties":{"osm_id":"node/2380905963","kategori":"trafik_isigi","ad":null}},{"type":"Feature","geometry":{"type":"Point","coordinates":[28.987482,41.065142]},"properties":{"osm_id":"node/2381963389","kategori":"trafik_isigi","ad":null}},{"type":"Feature","geometry":{"type":"Point","coordinates":[29.009196,41.065208]},"properties":{"osm_id":"node/2381994155","kategori":"trafik_isigi","ad":null}},{"type":"Feature","geometry":{"type":"Point","coordinates":[29.007948,41.066074]},"properties":{"osm_id":"node/2381994164","kategori":"trafik_isigi","ad":null}},{"type":"Feature","geometry":{"type":"Point","coordinates":[29.011741,41.062289]},"properties":{"osm_id":"node/2381998387","kategori":"trafik_isigi","ad":null}},{"type":"Feature","geometry":{"type":"Point","coordinates":[29.030702,41.064773]},"properties":{"osm_id":"node/2382033119","kategori":"trafik_isigi","ad":null}},{"type":"Feature","geometry":{"type":"Point","coordinates":[28.856546,41.033834]},"properties":{"osm_id":"node/2382894094","kategori":"trafik_isigi","ad":null}},{"type":"Feature","geometry":{"type":"Point","coordinates":[28.872251,40.986036]},"properties":{"osm_id":"node/2382907933","kategori":"trafik_isigi","ad":null}},{"type":"Feature","geometry":{"type":"Point","coordinates":[29.01014,41.057048]},"properties":{"osm_id":"node/2382916061","kategori":"trafik_isigi","ad":null}},{"type":"Feature","geometry":{"type":"Point","coordinates":[29.010045,41.057048]},"properties":{"osm_id":"node/2382916066","kategori":"trafik_isigi","ad":null}},{"type":"Feature","geometry":{"type":"Point","coordinates":[29.011037,41.060254]},"properties":{"osm_id":"node/2382916107","kategori":"trafik_isigi","ad":null}},{"type":"Feature","geometry":{"type":"Point","coordinates":[28.849048,40.986312]},"properties":{"osm_id":"node/2382943941","kategori":"trafik_isigi","ad":null}},{"type":"Feature","geometry":{"type":"Point","coordinates":[28.851551,40.977662]},"properties":{"osm_id":"node/2382971046","kategori":"trafik_isigi","ad":null}},{"type":"Feature","geometry":{"type":"Point","coordinates":[28.876302,41.031842]},"properties":{"osm_id":"node/2385175203","kategori":"trafik_isigi","ad":null}},{"type":"Feature","geometry":{"type":"Point","coordinates":[29.007514,41.045743]},"properties":{"osm_id":"node/2385194473","kategori":"trafik_isigi","ad":null}},{"type":"Feature","geometry":{"type":"Point","coordinates":[28.995317,41.043571]},"properties":{"osm_id":"node/2385318284","kategori":"trafik_isigi","ad":null}},{"type":"Feature","geometry":{"type":"Point","coordinates":[28.885687,41.068192]},"properties":{"osm_id":"node/2386415440","kategori":"trafik_isigi","ad":null}},{"type":"Feature","geometry":{"type":"Point","coordinates":[28.897092,41.054901]},"properties":{"osm_id":"node/2386564125","kategori":"trafik_isigi","ad":null}},{"type":"Feature","geometry":{"type":"Point","coordinates":[28.903754,41.042316]},"properties":{"osm_id":"node/2387229012","kategori":"trafik_isigi","ad":null}},{"type":"Feature","geometry":{"type":"Point","coordinates":[29.220092,41.008479]},"properties":{"osm_id":"node/2387384456","kategori":"trafik_isigi","ad":null}},{"type":"Feature","geometry":{"type":"Point","coordinates":[29.21121,41.009942]},"properties":{"osm_id":"node/2387384493","kategori":"trafik_isigi","ad":null}},{"type":"Feature","geometry":{"type":"Point","coordinates":[28.909283,41.05549]},"properties":{"osm_id":"node/2387456087","kategori":"trafik_isigi","ad":null}},{"type":"Feature","geometry":{"type":"Point","coordinates":[28.916148,41.058156]},"properties":{"osm_id":"node/2388253304","kategori":"trafik_isigi","ad":null}},{"type":"Feature","geometry":{"type":"Point","coordinates":[28.9202,41.041221]},"properties":{"osm_id":"node/2388287546","kategori":"trafik_isigi","ad":null}},{"type":"Feature","geometry":{"type":"Point","coordinates":[28.919194,41.041842]},"properties":{"osm_id":"node/2388287555","kategori":"trafik_isigi","ad":null}},{"type":"Feature","geometry":{"type":"Point","coordinates":[28.918925,41.042139]},"properties":{"osm_id":"node/2388287563","kategori":"trafik_isigi","ad":null}},{"type":"Feature","geometry":{"type":"Point","coordinates":[28.921406,41.039835]},"properties":{"osm_id":"node/2388294207","kategori":"trafik_isigi","ad":null}},{"type":"Feature","geometry":{"type":"Point","coordinates":[28.921541,41.039763]},"properties":{"osm_id":"node/2388294208","kategori":"trafik_isigi","ad":null}},{"type":"Feature","geometry":{"type":"Point","coordinates":[28.922435,41.034643]},"properties":{"osm_id":"node/2388299222","kategori":"trafik_isigi","ad":null}},{"type":"Feature","geometry":{"type":"Point","coordinates":[29.241155,41.008127]},"properties":{"osm_id":"node/2388348848","kategori":"trafik_isigi","ad":null}},{"type":"Feature","geometry":{"type":"Point","coordinates":[29.251994,41.00601]},"properties":{"osm_id":"node/2388377220","kategori":"trafik_isigi","ad":null}},{"type":"Feature","geometry":{"type":"Point","coordinates":[29.25188,41.006025]},"properties":{"osm_id":"node/2388377222","kategori":"trafik_isigi","ad":null}},{"type":"Feature","geometry":{"type":"Point","coordinates":[29.252029,41.006104]},"properties":{"osm_id":"node/2388377224","kategori":"trafik_isigi","ad":null}},{"type":"Feature","geometry":{"type":"Point","coordinates":[29.085035,41.092465]},"properties":{"osm_id":"node/2388448151","kategori":"trafik_isigi","ad":null}},{"type":"Feature","geometry":{"type":"Point","coordinates":[29.084894,41.092541]},"properties":{"osm_id":"node/2388453967","kategori":"trafik_isigi","ad":null}},{"type":"Feature","geometry":{"type":"Point","coordinates":[29.082985,41.106582]},"properties":{"osm_id":"node/2388505627","kategori":"trafik_isigi","ad":null}},{"type":"Feature","geometry":{"type":"Point","coordinates":[29.097953,41.125928]},"properties":{"osm_id":"node/2389424377","kategori":"trafik_isigi","ad":null}},{"type":"Feature","geometry":{"type":"Point","coordinates":[29.230547,40.992235]},"properties":{"osm_id":"node/2389493397","kategori":"trafik_isigi","ad":null}},{"type":"Feature","geometry":{"type":"Point","coordinates":[29.225927,40.987702]},"properties":{"osm_id":"node/2389531739","kategori":"trafik_isigi","ad":null}},{"type":"Feature","geometry":{"type":"Point","coordinates":[28.862181,41.102631]},"properties":{"osm_id":"node/2389759515","kategori":"trafik_isigi","ad":null}},{"type":"Feature","geometry":{"type":"Point","coordinates":[29.249154,40.971692]},"properties":{"osm_id":"node/2390374197","kategori":"trafik_isigi","ad":null}},{"type":"Feature","geometry":{"type":"Point","coordinates":[28.885236,41.092123]},"properties":{"osm_id":"node/2390474067","kategori":"trafik_isigi","ad":null}},{"type":"Feature","geometry":{"type":"Point","coordinates":[29.24749,40.972613]},"properties":{"osm_id":"node/2390485527","kategori":"trafik_isigi","ad":null}},{"type":"Feature","geometry":{"type":"Point","coordinates":[28.889725,41.091412]},"properties":{"osm_id":"node/2390494133","kategori":"trafik_isigi","ad":null}},{"type":"Feature","geometry":{"type":"Point","coordinates":[29.240387,40.974663]},"properties":{"osm_id":"node/2390570516","kategori":"trafik_isigi","ad":null}},{"type":"Feature","geometry":{"type":"Point","coordinates":[29.213639,40.967807]},"properties":{"osm_id":"node/2390604899","kategori":"trafik_isigi","ad":null}},{"type":"Feature","geometry":{"type":"Point","coordinates":[28.89256,41.082226]},"properties":{"osm_id":"node/2392292596","kategori":"trafik_isigi","ad":null}},{"type":"Feature","geometry":{"type":"Point","coordinates":[28.892401,41.082352]},"properties":{"osm_id":"node/2392292597","kategori":"trafik_isigi","ad":null}},{"type":"Feature","geometry":{"type":"Point","coordinates":[28.927167,41.079528]},"properties":{"osm_id":"node/2392301049","kategori":"trafik_isigi","ad":null}},{"type":"Feature","geometry":{"type":"Point","coordinates":[28.905903,41.076739]},"properties":{"osm_id":"node/2392356998","kategori":"trafik_isigi","ad":null}},{"type":"Feature","geometry":{"type":"Point","coordinates":[28.899369,41.081806]},"properties":{"osm_id":"node/2392357170","kategori":"trafik_isigi","ad":null}},{"type":"Feature","geometry":{"type":"Point","coordinates":[28.902478,41.08657]},"properties":{"osm_id":"node/2392464869","kategori":"trafik_isigi","ad":null}},{"type":"Feature","geometry":{"type":"Point","coordinates":[28.906566,41.092244]},"properties":{"osm_id":"node/2393470877","kategori":"trafik_isigi","ad":null}},{"type":"Feature","geometry":{"type":"Point","coordinates":[29.055892,41.11247]},"properties":{"osm_id":"node/2393489469","kategori":"trafik_isigi","ad":null}},{"type":"Feature","geometry":{"type":"Point","coordinates":[29.039988,41.11178]},"properties":{"osm_id":"node/2393521281","kategori":"trafik_isigi","ad":null}},{"type":"Feature","geometry":{"type":"Point","coordinates":[28.837707,41.129445]},"properties":{"osm_id":"node/2393561307","kategori":"trafik_isigi","ad":null}},{"type":"Feature","geometry":{"type":"Point","coordinates":[28.781684,41.044215]},"properties":{"osm_id":"node/2393634847","kategori":"trafik_isigi","ad":null}},{"type":"Feature","geometry":{"type":"Point","coordinates":[28.781393,41.044432]},"properties":{"osm_id":"node/2393634858","kategori":"trafik_isigi","ad":null}},{"type":"Feature","geometry":{"type":"Point","coordinates":[28.759862,41.042868]},"properties":{"osm_id":"node/2394594325","kategori":"trafik_isigi","ad":null}},{"type":"Feature","geometry":{"type":"Point","coordinates":[29.023986,41.1201]},"properties":{"osm_id":"node/2394652427","kategori":"trafik_isigi","ad":null}},{"type":"Feature","geometry":{"type":"Point","coordinates":[29.038119,41.121352]},"properties":{"osm_id":"node/2394661778","kategori":"trafik_isigi","ad":null}},{"type":"Feature","geometry":{"type":"Point","coordinates":[28.8342,41.031018]},"properties":{"osm_id":"node/2394683828","kategori":"trafik_isigi","ad":null}},{"type":"Feature","geometry":{"type":"Point","coordinates":[28.834115,41.0314]},"properties":{"osm_id":"node/2394683861","kategori":"trafik_isigi","ad":null}},{"type":"Feature","geometry":{"type":"Point","coordinates":[28.805463,41.045715]},"properties":{"osm_id":"node/2394804392","kategori":"trafik_isigi","ad":null}},{"type":"Feature","geometry":{"type":"Point","coordinates":[29.02369,41.126954]},"properties":{"osm_id":"node/2395798305","kategori":"trafik_isigi","ad":null}},{"type":"Feature","geometry":{"type":"Point","coordinates":[29.035908,41.156014]},"properties":{"osm_id":"node/2395918225","kategori":"trafik_isigi","ad":null}},{"type":"Feature","geometry":{"type":"Point","coordinates":[29.012515,41.078635]},"properties":{"osm_id":"node/2397012355","kategori":"trafik_isigi","ad":null}},{"type":"Feature","geometry":{"type":"Point","coordinates":[29.007654,41.079919]},"properties":{"osm_id":"node/2397012366","kategori":"trafik_isigi","ad":null}},{"type":"Feature","geometry":{"type":"Point","coordinates":[28.620745,41.066722]},"properties":{"osm_id":"node/2410442139","kategori":"trafik_isigi","ad":null}},{"type":"Feature","geometry":{"type":"Point","coordinates":[28.813443,41.136152]},"properties":{"osm_id":"node/2414845209","kategori":"trafik_isigi","ad":null}},{"type":"Feature","geometry":{"type":"Point","coordinates":[29.068075,40.967029]},"properties":{"osm_id":"node/2434635741","kategori":"trafik_isigi","ad":null}},{"type":"Feature","geometry":{"type":"Point","coordinates":[29.060496,40.971177]},"properties":{"osm_id":"node/2435301488","kategori":"trafik_isigi","ad":null}},{"type":"Feature","geometry":{"type":"Point","coordinates":[29.024226,40.99137]},"properties":{"osm_id":"node/2435483818","kategori":"trafik_isigi","ad":null}},{"type":"Feature","geometry":{"type":"Point","coordinates":[29.256971,41.004914]},"properties":{"osm_id":"node/2436931928","kategori":"trafik_isigi","ad":null}},{"type":"Feature","geometry":{"type":"Point","coordinates":[29.257026,41.005012]},"properties":{"osm_id":"node/2436931951","kategori":"trafik_isigi","ad":null}},{"type":"Feature","geometry":{"type":"Point","coordinates":[29.076338,40.962563]},"properties":{"osm_id":"node/2437124290","kategori":"trafik_isigi","ad":null}},{"type":"Feature","geometry":{"type":"Point","coordinates":[29.026894,40.984426]},"properties":{"osm_id":"node/2445138906","kategori":"trafik_isigi","ad":null}},{"type":"Feature","geometry":{"type":"Point","coordinates":[29.068192,40.981853]},"properties":{"osm_id":"node/2451348645","kategori":"trafik_isigi","ad":null}},{"type":"Feature","geometry":{"type":"Point","coordinates":[29.092308,40.954698]},"properties":{"osm_id":"node/2469886167","kategori":"trafik_isigi","ad":null}},{"type":"Feature","geometry":{"type":"Point","coordinates":[28.976365,41.024498]},"properties":{"osm_id":"node/2632190086","kategori":"trafik_isigi","ad":null}},{"type":"Feature","geometry":{"type":"Point","coordinates":[28.974085,41.017501]},"properties":{"osm_id":"node/2668213712","kategori":"trafik_isigi","ad":null}},{"type":"Feature","geometry":{"type":"Point","coordinates":[28.974186,41.017638]},"properties":{"osm_id":"node/2668213749","kategori":"trafik_isigi","ad":null}},{"type":"Feature","geometry":{"type":"Point","coordinates":[29.034018,40.992995]},"properties":{"osm_id":"node/2689143704","kategori":"trafik_isigi","ad":null}},{"type":"Feature","geometry":{"type":"Point","coordinates":[29.099799,40.955988]},"properties":{"osm_id":"node/2697174188","kategori":"trafik_isigi","ad":null}},{"type":"Feature","geometry":{"type":"Point","coordinates":[29.099597,40.955967]},"properties":{"osm_id":"node/2697174192","kategori":"trafik_isigi","ad":null}},{"type":"Feature","geometry":{"type":"Point","coordinates":[28.971536,41.008458]},"properties":{"osm_id":"node/2775763243","kategori":"trafik_isigi","ad":null}},{"type":"Feature","geometry":{"type":"Point","coordinates":[29.375579,40.942716]},"properties":{"osm_id":"node/2793600116","kategori":"trafik_isigi","ad":null}},{"type":"Feature","geometry":{"type":"Point","coordinates":[29.374582,40.942453]},"properties":{"osm_id":"node/2793600133","kategori":"trafik_isigi","ad":null}},{"type":"Feature","geometry":{"type":"Point","coordinates":[29.356717,40.934496]},"properties":{"osm_id":"node/2793789557","kategori":"trafik_isigi","ad":null}},{"type":"Feature","geometry":{"type":"Point","coordinates":[29.356709,40.934652]},"properties":{"osm_id":"node/2793789560","kategori":"trafik_isigi","ad":null}},{"type":"Feature","geometry":{"type":"Point","coordinates":[29.07754,41.0227]},"properties":{"osm_id":"node/2906500779","kategori":"trafik_isigi","ad":null}},{"type":"Feature","geometry":{"type":"Point","coordinates":[28.670492,41.059011]},"properties":{"osm_id":"node/2939758546","kategori":"trafik_isigi","ad":null}},{"type":"Feature","geometry":{"type":"Point","coordinates":[29.350011,40.926751]},"properties":{"osm_id":"node/3009385723","kategori":"trafik_isigi","ad":null}},{"type":"Feature","geometry":{"type":"Point","coordinates":[29.343531,40.929995]},"properties":{"osm_id":"node/3009387478","kategori":"trafik_isigi","ad":null}},{"type":"Feature","geometry":{"type":"Point","coordinates":[28.978245,41.016036]},"properties":{"osm_id":"node/3044788771","kategori":"trafik_isigi","ad":null}},{"type":"Feature","geometry":{"type":"Point","coordinates":[28.984921,41.016509]},"properties":{"osm_id":"node/3044788786","kategori":"trafik_isigi","ad":null}},{"type":"Feature","geometry":{"type":"Point","coordinates":[28.975674,41.014965]},"properties":{"osm_id":"node/3079738237","kategori":"trafik_isigi","ad":null}},{"type":"Feature","geometry":{"type":"Point","coordinates":[28.966545,41.018645]},"properties":{"osm_id":"node/3085937840","kategori":"trafik_isigi","ad":null}},{"type":"Feature","geometry":{"type":"Point","coordinates":[28.97636,41.024386]},"properties":{"osm_id":"node/3086165490","kategori":"trafik_isigi","ad":null}},{"type":"Feature","geometry":{"type":"Point","coordinates":[28.97506,41.022419]},"properties":{"osm_id":"node/3086165501","kategori":"trafik_isigi","ad":null}},{"type":"Feature","geometry":{"type":"Point","coordinates":[28.97519,41.002095]},"properties":{"osm_id":"node/3131825248","kategori":"trafik_isigi","ad":null}},{"type":"Feature","geometry":{"type":"Point","coordinates":[29.097489,40.977001]},"properties":{"osm_id":"node/3189494423","kategori":"trafik_isigi","ad":null}},{"type":"Feature","geometry":{"type":"Point","coordinates":[28.803938,41.061372]},"properties":{"osm_id":"node/3218413434","kategori":"trafik_isigi","ad":null}},{"type":"Feature","geometry":{"type":"Point","coordinates":[28.934054,41.091882]},"properties":{"osm_id":"node/3220258020","kategori":"trafik_isigi","ad":null}},{"type":"Feature","geometry":{"type":"Point","coordinates":[28.25106,41.08038]},"properties":{"osm_id":"node/3261446196","kategori":"trafik_isigi","ad":null}},{"type":"Feature","geometry":{"type":"Point","coordinates":[28.249726,41.076376]},"properties":{"osm_id":"node/3261446242","kategori":"trafik_isigi","ad":null}},{"type":"Feature","geometry":{"type":"Point","coordinates":[28.778725,41.034308]},"properties":{"osm_id":"node/3280288469","kategori":"trafik_isigi","ad":null}},{"type":"Feature","geometry":{"type":"Point","coordinates":[28.778576,41.03425]},"properties":{"osm_id":"node/3280288470","kategori":"trafik_isigi","ad":null}},{"type":"Feature","geometry":{"type":"Point","coordinates":[28.045496,41.047708]},"properties":{"osm_id":"node/3282939538","kategori":"trafik_isigi","ad":null}},{"type":"Feature","geometry":{"type":"Point","coordinates":[29.271429,40.965866]},"properties":{"osm_id":"node/3353596625","kategori":"trafik_isigi","ad":null}},{"type":"Feature","geometry":{"type":"Point","coordinates":[29.257804,40.88835]},"properties":{"osm_id":"node/3384874433","kategori":"trafik_isigi","ad":null}},{"type":"Feature","geometry":{"type":"Point","coordinates":[29.252442,40.896518]},"properties":{"osm_id":"node/3384914509","kategori":"trafik_isigi","ad":null}},{"type":"Feature","geometry":{"type":"Point","coordinates":[29.251867,40.896135]},"properties":{"osm_id":"node/3384914511","kategori":"trafik_isigi","ad":null}},{"type":"Feature","geometry":{"type":"Point","coordinates":[29.251698,40.896121]},"properties":{"osm_id":"node/3384914512","kategori":"trafik_isigi","ad":null}},{"type":"Feature","geometry":{"type":"Point","coordinates":[29.247842,40.895068]},"properties":{"osm_id":"node/3384914513","kategori":"trafik_isigi","ad":null}},{"type":"Feature","geometry":{"type":"Point","coordinates":[29.247573,40.894809]},"properties":{"osm_id":"node/3384914514","kategori":"trafik_isigi","ad":null}},{"type":"Feature","geometry":{"type":"Point","coordinates":[29.246384,40.893809]},"properties":{"osm_id":"node/3384914515","kategori":"trafik_isigi","ad":null}},{"type":"Feature","geometry":{"type":"Point","coordinates":[28.770094,40.986111]},"properties":{"osm_id":"node/3385579016","kategori":"trafik_isigi","ad":null}},{"type":"Feature","geometry":{"type":"Point","coordinates":[29.015796,41.025874]},"properties":{"osm_id":"node/3409365663","kategori":"trafik_isigi","ad":null}},{"type":"Feature","geometry":{"type":"Point","coordinates":[29.090836,40.952652]},"properties":{"osm_id":"node/3443079880","kategori":"trafik_isigi","ad":null}},{"type":"Feature","geometry":{"type":"Point","coordinates":[28.960182,41.02411]},"properties":{"osm_id":"node/3444675489","kategori":"trafik_isigi","ad":null}},{"type":"Feature","geometry":{"type":"Point","coordinates":[28.974603,41.02258]},"properties":{"osm_id":"node/3452097085","kategori":"trafik_isigi","ad":null}},{"type":"Feature","geometry":{"type":"Point","coordinates":[28.97364,41.017299]},"properties":{"osm_id":"node/3457463766","kategori":"trafik_isigi","ad":null}},{"type":"Feature","geometry":{"type":"Point","coordinates":[28.975728,41.014868]},"properties":{"osm_id":"node/3457689646","kategori":"trafik_isigi","ad":null}},{"type":"Feature","geometry":{"type":"Point","coordinates":[28.974553,41.033392]},"properties":{"osm_id":"node/3459530822","kategori":"trafik_isigi","ad":null}},{"type":"Feature","geometry":{"type":"Point","coordinates":[29.247612,40.894843]},"properties":{"osm_id":"node/3538684969","kategori":"trafik_isigi","ad":null}},{"type":"Feature","geometry":{"type":"Point","coordinates":[29.110771,40.993657]},"properties":{"osm_id":"node/3678098268","kategori":"trafik_isigi","ad":null}},{"type":"Feature","geometry":{"type":"Point","coordinates":[29.110982,40.993846]},"properties":{"osm_id":"node/3678098272","kategori":"trafik_isigi","ad":null}},{"type":"Feature","geometry":{"type":"Point","coordinates":[29.041548,40.981001]},"properties":{"osm_id":"node/3681445180","kategori":"trafik_isigi","ad":null}},{"type":"Feature","geometry":{"type":"Point","coordinates":[29.041717,40.981064]},"properties":{"osm_id":"node/3681445187","kategori":"trafik_isigi","ad":null}},{"type":"Feature","geometry":{"type":"Point","coordinates":[29.041638,40.98093]},"properties":{"osm_id":"node/3681445191","kategori":"trafik_isigi","ad":null}},{"type":"Feature","geometry":{"type":"Point","coordinates":[29.044302,40.974777]},"properties":{"osm_id":"node/3681456461","kategori":"trafik_isigi","ad":null}},{"type":"Feature","geometry":{"type":"Point","coordinates":[28.951964,41.083747]},"properties":{"osm_id":"node/3733178071","kategori":"trafik_isigi","ad":null}},{"type":"Feature","geometry":{"type":"Point","coordinates":[28.952105,41.083549]},"properties":{"osm_id":"node/3733178115","kategori":"trafik_isigi","ad":null}},{"type":"Feature","geometry":{"type":"Point","coordinates":[28.83024,41.05311]},"properties":{"osm_id":"node/3736092151","kategori":"trafik_isigi","ad":null}},{"type":"Feature","geometry":{"type":"Point","coordinates":[28.983529,41.068599]},"properties":{"osm_id":"node/3786175650","kategori":"trafik_isigi","ad":null}},{"type":"Feature","geometry":{"type":"Point","coordinates":[29.093697,40.977914]},"properties":{"osm_id":"node/3793785616","kategori":"trafik_isigi","ad":null}},{"type":"Feature","geometry":{"type":"Point","coordinates":[29.093644,40.977967]},"properties":{"osm_id":"node/3793785617","kategori":"trafik_isigi","ad":null}},{"type":"Feature","geometry":{"type":"Point","coordinates":[29.09386,40.977996]},"properties":{"osm_id":"node/3793785618","kategori":"trafik_isigi","ad":null}},{"type":"Feature","geometry":{"type":"Point","coordinates":[29.097403,40.977152]},"properties":{"osm_id":"node/3793822542","kategori":"trafik_isigi","ad":null}},{"type":"Feature","geometry":{"type":"Point","coordinates":[29.004292,41.067061]},"properties":{"osm_id":"node/3887637122","kategori":"trafik_isigi","ad":null}},{"type":"Feature","geometry":{"type":"Point","coordinates":[29.270248,40.920757]},"properties":{"osm_id":"node/3916042299","kategori":"trafik_isigi","ad":null}},{"type":"Feature","geometry":{"type":"Point","coordinates":[29.021806,41.031759]},"properties":{"osm_id":"node/4036532173","kategori":"trafik_isigi","ad":null}},{"type":"Feature","geometry":{"type":"Point","coordinates":[29.114822,40.992504]},"properties":{"osm_id":"node/4041127828","kategori":"trafik_isigi","ad":null}},{"type":"Feature","geometry":{"type":"Point","coordinates":[29.115062,40.992686]},"properties":{"osm_id":"node/4041127830","kategori":"trafik_isigi","ad":null}},{"type":"Feature","geometry":{"type":"Point","coordinates":[29.102514,40.988385]},"properties":{"osm_id":"node/4053216003","kategori":"trafik_isigi","ad":null}},{"type":"Feature","geometry":{"type":"Point","coordinates":[29.017726,41.074227]},"properties":{"osm_id":"node/4053651187","kategori":"trafik_isigi","ad":null}},{"type":"Feature","geometry":{"type":"Point","coordinates":[29.022403,41.077031]},"properties":{"osm_id":"node/4053680403","kategori":"trafik_isigi","ad":null}},{"type":"Feature","geometry":{"type":"Point","coordinates":[29.01963,41.075952]},"properties":{"osm_id":"node/4053740072","kategori":"trafik_isigi","ad":null}},{"type":"Feature","geometry":{"type":"Point","coordinates":[29.020272,41.076083]},"properties":{"osm_id":"node/4053740074","kategori":"trafik_isigi","ad":null}},{"type":"Feature","geometry":{"type":"Point","coordinates":[28.967057,41.018564]},"properties":{"osm_id":"node/4055268788","kategori":"trafik_isigi","ad":null}},{"type":"Feature","geometry":{"type":"Point","coordinates":[29.030878,41.06453]},"properties":{"osm_id":"node/4057360791","kategori":"trafik_isigi","ad":null}},{"type":"Feature","geometry":{"type":"Point","coordinates":[29.03004,41.068631]},"properties":{"osm_id":"node/4057360847","kategori":"trafik_isigi","ad":null}},{"type":"Feature","geometry":{"type":"Point","coordinates":[29.028936,41.071609]},"properties":{"osm_id":"node/4057376869","kategori":"trafik_isigi","ad":null}},{"type":"Feature","geometry":{"type":"Point","coordinates":[29.029174,41.071576]},"properties":{"osm_id":"node/4057376870","kategori":"trafik_isigi","ad":null}},{"type":"Feature","geometry":{"type":"Point","coordinates":[29.029093,41.071733]},"properties":{"osm_id":"node/4057376873","kategori":"trafik_isigi","ad":null}},{"type":"Feature","geometry":{"type":"Point","coordinates":[29.028512,41.072751]},"properties":{"osm_id":"node/4057376878","kategori":"trafik_isigi","ad":null}},{"type":"Feature","geometry":{"type":"Point","coordinates":[29.028564,41.072771]},"properties":{"osm_id":"node/4057376879","kategori":"trafik_isigi","ad":null}},{"type":"Feature","geometry":{"type":"Point","coordinates":[29.039528,40.984192]},"properties":{"osm_id":"node/4065835598","kategori":"trafik_isigi","ad":null}},{"type":"Feature","geometry":{"type":"Point","coordinates":[29.075046,40.995818]},"properties":{"osm_id":"node/4071742785","kategori":"trafik_isigi","ad":null}},{"type":"Feature","geometry":{"type":"Point","coordinates":[29.074678,40.994833]},"properties":{"osm_id":"node/4088595743","kategori":"trafik_isigi","ad":null}},{"type":"Feature","geometry":{"type":"Point","coordinates":[28.927888,41.018021]},"properties":{"osm_id":"node/4119553028","kategori":"trafik_isigi","ad":null}},{"type":"Feature","geometry":{"type":"Point","coordinates":[29.14486,40.901929]},"properties":{"osm_id":"node/4148460206","kategori":"trafik_isigi","ad":null}},{"type":"Feature","geometry":{"type":"Point","coordinates":[29.114635,40.935941]},"properties":{"osm_id":"node/4148460240","kategori":"trafik_isigi","ad":null}},{"type":"Feature","geometry":{"type":"Point","coordinates":[29.006726,41.042044]},"properties":{"osm_id":"node/4169818120","kategori":"trafik_isigi","ad":null}},{"type":"Feature","geometry":{"type":"Point","coordinates":[28.942308,41.046149]},"properties":{"osm_id":"node/4212276831","kategori":"trafik_isigi","ad":null}},{"type":"Feature","geometry":{"type":"Point","coordinates":[28.858301,41.034471]},"properties":{"osm_id":"node/4278519017","kategori":"trafik_isigi","ad":null}},{"type":"Feature","geometry":{"type":"Point","coordinates":[29.015029,41.026736]},"properties":{"osm_id":"node/4424111976","kategori":"trafik_isigi","ad":null}},{"type":"Feature","geometry":{"type":"Point","coordinates":[29.25027,40.88093]},"properties":{"osm_id":"node/4440081610","kategori":"trafik_isigi","ad":null}},{"type":"Feature","geometry":{"type":"Point","coordinates":[28.804127,41.064639]},"properties":{"osm_id":"node/4576781429","kategori":"trafik_isigi","ad":null}},{"type":"Feature","geometry":{"type":"Point","coordinates":[29.038068,40.993652]},"properties":{"osm_id":"node/4612146894","kategori":"trafik_isigi","ad":null}},{"type":"Feature","geometry":{"type":"Point","coordinates":[29.012869,41.078699]},"properties":{"osm_id":"node/4637943278","kategori":"trafik_isigi","ad":null}},{"type":"Feature","geometry":{"type":"Point","coordinates":[28.935577,41.031529]},"properties":{"osm_id":"node/4689096002","kategori":"trafik_isigi","ad":null}},{"type":"Feature","geometry":{"type":"Point","coordinates":[28.812339,41.102331]},"properties":{"osm_id":"node/4712151505","kategori":"trafik_isigi","ad":null}},{"type":"Feature","geometry":{"type":"Point","coordinates":[28.978328,41.011822]},"properties":{"osm_id":"node/4780811976","kategori":"trafik_isigi","ad":null}},{"type":"Feature","geometry":{"type":"Point","coordinates":[28.240582,41.082455]},"properties":{"osm_id":"node/4810740944","kategori":"trafik_isigi","ad":null}},{"type":"Feature","geometry":{"type":"Point","coordinates":[28.240721,41.082687]},"properties":{"osm_id":"node/4810740945","kategori":"trafik_isigi","ad":null}},{"type":"Feature","geometry":{"type":"Point","coordinates":[28.246145,41.085896]},"properties":{"osm_id":"node/4810740946","kategori":"trafik_isigi","ad":null}},{"type":"Feature","geometry":{"type":"Point","coordinates":[28.246041,41.08603]},"properties":{"osm_id":"node/4810740947","kategori":"trafik_isigi","ad":null}},{"type":"Feature","geometry":{"type":"Point","coordinates":[28.246266,41.086103]},"properties":{"osm_id":"node/4810740948","kategori":"trafik_isigi","ad":null}},{"type":"Feature","geometry":{"type":"Point","coordinates":[28.246286,41.085931]},"properties":{"osm_id":"node/4810740949","kategori":"trafik_isigi","ad":null}},{"type":"Feature","geometry":{"type":"Point","coordinates":[29.388063,40.876132]},"properties":{"osm_id":"node/4822781078","kategori":"trafik_isigi","ad":null}},{"type":"Feature","geometry":{"type":"Point","coordinates":[29.388257,40.876676]},"properties":{"osm_id":"node/4822781084","kategori":"trafik_isigi","ad":null}},{"type":"Feature","geometry":{"type":"Point","coordinates":[29.262057,40.968483]},"properties":{"osm_id":"node/4836899485","kategori":"trafik_isigi","ad":null}},{"type":"Feature","geometry":{"type":"Point","coordinates":[29.262697,40.898436]},"properties":{"osm_id":"node/4842647861","kategori":"trafik_isigi","ad":null}},{"type":"Feature","geometry":{"type":"Point","coordinates":[29.253722,40.875431]},"properties":{"osm_id":"node/4842688430","kategori":"trafik_isigi","ad":null}},{"type":"Feature","geometry":{"type":"Point","coordinates":[28.898134,41.03895]},"properties":{"osm_id":"node/4878462612","kategori":"trafik_isigi","ad":null}},{"type":"Feature","geometry":{"type":"Point","coordinates":[28.898186,41.038579]},"properties":{"osm_id":"node/4878462613","kategori":"trafik_isigi","ad":null}},{"type":"Feature","geometry":{"type":"Point","coordinates":[28.898366,41.038823]},"properties":{"osm_id":"node/4878462614","kategori":"trafik_isigi","ad":null}},{"type":"Feature","geometry":{"type":"Point","coordinates":[28.787101,41.035446]},"properties":{"osm_id":"node/4887920330","kategori":"trafik_isigi","ad":null}},{"type":"Feature","geometry":{"type":"Point","coordinates":[28.893005,41.002277]},"properties":{"osm_id":"node/4897304957","kategori":"trafik_isigi","ad":null}},{"type":"Feature","geometry":{"type":"Point","coordinates":[28.786763,41.048472]},"properties":{"osm_id":"node/4922423633","kategori":"trafik_isigi","ad":null}},{"type":"Feature","geometry":{"type":"Point","coordinates":[28.894611,41.050218]},"properties":{"osm_id":"node/4932310843","kategori":"trafik_isigi","ad":null}},{"type":"Feature","geometry":{"type":"Point","coordinates":[29.027402,41.003784]},"properties":{"osm_id":"node/4952032285","kategori":"trafik_isigi","ad":null}},{"type":"Feature","geometry":{"type":"Point","coordinates":[28.812166,41.102128]},"properties":{"osm_id":"node/4952913252","kategori":"trafik_isigi","ad":null}},{"type":"Feature","geometry":{"type":"Point","coordinates":[28.823369,41.031921]},"properties":{"osm_id":"node/4966093145","kategori":"trafik_isigi","ad":null}},{"type":"Feature","geometry":{"type":"Point","coordinates":[28.823598,41.031793]},"properties":{"osm_id":"node/4966093146","kategori":"trafik_isigi","ad":null}},{"type":"Feature","geometry":{"type":"Point","coordinates":[28.897981,41.03754]},"properties":{"osm_id":"node/4967403442","kategori":"trafik_isigi","ad":null}},{"type":"Feature","geometry":{"type":"Point","coordinates":[28.897852,41.03744]},"properties":{"osm_id":"node/4967403444","kategori":"trafik_isigi","ad":null}},{"type":"Feature","geometry":{"type":"Point","coordinates":[29.265134,40.868372]},"properties":{"osm_id":"node/4978055782","kategori":"trafik_isigi","ad":null}},{"type":"Feature","geometry":{"type":"Point","coordinates":[29.109188,40.987097]},"properties":{"osm_id":"node/4978813453","kategori":"trafik_isigi","ad":null}},{"type":"Feature","geometry":{"type":"Point","coordinates":[29.108951,40.987057]},"properties":{"osm_id":"node/4978813455","kategori":"trafik_isigi","ad":null}},{"type":"Feature","geometry":{"type":"Point","coordinates":[29.222901,40.992178]},"properties":{"osm_id":"node/5052833540","kategori":"trafik_isigi","ad":null}},{"type":"Feature","geometry":{"type":"Point","coordinates":[29.178346,41.016523]},"properties":{"osm_id":"node/5053409729","kategori":"trafik_isigi","ad":null}},{"type":"Feature","geometry":{"type":"Point","coordinates":[28.848398,41.013753]},"properties":{"osm_id":"node/5057636831","kategori":"trafik_isigi","ad":null}},{"type":"Feature","geometry":{"type":"Point","coordinates":[28.939742,41.012004]},"properties":{"osm_id":"node/5083679435","kategori":"trafik_isigi","ad":null}},{"type":"Feature","geometry":{"type":"Point","coordinates":[29.016209,41.108467]},"properties":{"osm_id":"node/5095215660","kategori":"trafik_isigi","ad":null}},{"type":"Feature","geometry":{"type":"Point","coordinates":[28.89216,41.055018]},"properties":{"osm_id":"node/5121269137","kategori":"trafik_isigi","ad":null}},{"type":"Feature","geometry":{"type":"Point","coordinates":[28.892266,41.054946]},"properties":{"osm_id":"node/5121269138","kategori":"trafik_isigi","ad":null}},{"type":"Feature","geometry":{"type":"Point","coordinates":[29.286047,40.919958]},"properties":{"osm_id":"node/5130290504","kategori":"trafik_isigi","ad":null}},{"type":"Feature","geometry":{"type":"Point","coordinates":[28.772402,41.12334]},"properties":{"osm_id":"node/5171288509","kategori":"trafik_isigi","ad":null}},{"type":"Feature","geometry":{"type":"Point","coordinates":[29.015999,41.108586]},"properties":{"osm_id":"node/5203224912","kategori":"trafik_isigi","ad":null}},{"type":"Feature","geometry":{"type":"Point","coordinates":[28.895959,41.001831]},"properties":{"osm_id":"node/5266647518","kategori":"trafik_isigi","ad":null}},{"type":"Feature","geometry":{"type":"Point","coordinates":[28.455134,41.219697]},"properties":{"osm_id":"node/5283560946","kategori":"trafik_isigi","ad":null}},{"type":"Feature","geometry":{"type":"Point","coordinates":[28.960184,41.096969]},"properties":{"osm_id":"node/5291922132","kategori":"trafik_isigi","ad":null}},{"type":"Feature","geometry":{"type":"Point","coordinates":[29.250597,40.881547]},"properties":{"osm_id":"node/5303349073","kategori":"trafik_isigi","ad":null}},{"type":"Feature","geometry":{"type":"Point","coordinates":[28.903675,41.073163]},"properties":{"osm_id":"node/5312494161","kategori":"trafik_isigi","ad":null}},{"type":"Feature","geometry":{"type":"Point","coordinates":[28.898814,41.042098]},"properties":{"osm_id":"node/5326859791","kategori":"trafik_isigi","ad":null}},{"type":"Feature","geometry":{"type":"Point","coordinates":[29.09339,41.0316]},"properties":{"osm_id":"node/5390661864","kategori":"trafik_isigi","ad":null}},{"type":"Feature","geometry":{"type":"Point","coordinates":[29.0796,40.960789]},"properties":{"osm_id":"node/5407324471","kategori":"trafik_isigi","ad":null}},{"type":"Feature","geometry":{"type":"Point","coordinates":[29.08268,40.959352]},"properties":{"osm_id":"node/5407324476","kategori":"trafik_isigi","ad":null}},{"type":"Feature","geometry":{"type":"Point","coordinates":[28.953021,41.009541]},"properties":{"osm_id":"node/5416728230","kategori":"trafik_isigi","ad":null}},{"type":"Feature","geometry":{"type":"Point","coordinates":[29.063218,40.974184]},"properties":{"osm_id":"node/5418823941","kategori":"trafik_isigi","ad":null}},{"type":"Feature","geometry":{"type":"Point","coordinates":[29.176411,41.040787]},"properties":{"osm_id":"node/5450463284","kategori":"trafik_isigi","ad":null}},{"type":"Feature","geometry":{"type":"Point","coordinates":[29.007541,41.079846]},"properties":{"osm_id":"node/5483443188","kategori":"trafik_isigi","ad":null}},{"type":"Feature","geometry":{"type":"Point","coordinates":[28.685386,41.080044]},"properties":{"osm_id":"node/5516330145","kategori":"trafik_isigi","ad":null}},{"type":"Feature","geometry":{"type":"Point","coordinates":[29.028165,41.002683]},"properties":{"osm_id":"node/5522483183","kategori":"trafik_isigi","ad":null}},{"type":"Feature","geometry":{"type":"Point","coordinates":[28.982513,41.091249]},"properties":{"osm_id":"node/5549560416","kategori":"trafik_isigi","ad":null}},{"type":"Feature","geometry":{"type":"Point","coordinates":[29.058064,41.016221]},"properties":{"osm_id":"node/5613489138","kategori":"trafik_isigi","ad":null}},{"type":"Feature","geometry":{"type":"Point","coordinates":[29.201448,40.96701]},"properties":{"osm_id":"node/5620866105","kategori":"trafik_isigi","ad":null}},{"type":"Feature","geometry":{"type":"Point","coordinates":[29.12612,40.998973]},"properties":{"osm_id":"node/5631243118","kategori":"trafik_isigi","ad":null}},{"type":"Feature","geometry":{"type":"Point","coordinates":[29.127049,40.99917]},"properties":{"osm_id":"node/5631243124","kategori":"trafik_isigi","ad":null}},{"type":"Feature","geometry":{"type":"Point","coordinates":[29.126696,40.999089]},"properties":{"osm_id":"node/5631243126","kategori":"trafik_isigi","ad":null}},{"type":"Feature","geometry":{"type":"Point","coordinates":[28.796159,41.089232]},"properties":{"osm_id":"node/5637112891","kategori":"trafik_isigi","ad":null}},{"type":"Feature","geometry":{"type":"Point","coordinates":[28.907101,41.080216]},"properties":{"osm_id":"node/5638577460","kategori":"trafik_isigi","ad":null}},{"type":"Feature","geometry":{"type":"Point","coordinates":[29.190849,41.013902]},"properties":{"osm_id":"node/5663994966","kategori":"trafik_isigi","ad":null}},{"type":"Feature","geometry":{"type":"Point","coordinates":[29.190575,41.01417]},"properties":{"osm_id":"node/5663994977","kategori":"trafik_isigi","ad":null}},{"type":"Feature","geometry":{"type":"Point","coordinates":[29.189027,41.014388]},"properties":{"osm_id":"node/5663994980","kategori":"trafik_isigi","ad":null}},{"type":"Feature","geometry":{"type":"Point","coordinates":[29.189023,41.014047]},"properties":{"osm_id":"node/5663994991","kategori":"trafik_isigi","ad":null}},{"type":"Feature","geometry":{"type":"Point","coordinates":[29.311969,40.925057]},"properties":{"osm_id":"node/5670619963","kategori":"trafik_isigi","ad":null}},{"type":"Feature","geometry":{"type":"Point","coordinates":[29.312003,40.924647]},"properties":{"osm_id":"node/5670619967","kategori":"trafik_isigi","ad":null}},{"type":"Feature","geometry":{"type":"Point","coordinates":[29.312642,40.924682]},"properties":{"osm_id":"node/5670619972","kategori":"trafik_isigi","ad":null}},{"type":"Feature","geometry":{"type":"Point","coordinates":[29.312563,40.925114]},"properties":{"osm_id":"node/5670619976","kategori":"trafik_isigi","ad":null}},{"type":"Feature","geometry":{"type":"Point","coordinates":[29.311872,40.918104]},"properties":{"osm_id":"node/5670625617","kategori":"trafik_isigi","ad":null}},{"type":"Feature","geometry":{"type":"Point","coordinates":[29.311726,40.918304]},"properties":{"osm_id":"node/5670632322","kategori":"trafik_isigi","ad":null}},{"type":"Feature","geometry":{"type":"Point","coordinates":[28.994507,41.04085]},"properties":{"osm_id":"node/5703393901","kategori":"trafik_isigi","ad":null}},{"type":"Feature","geometry":{"type":"Point","coordinates":[28.645863,41.062995]},"properties":{"osm_id":"node/5707262747","kategori":"trafik_isigi","ad":null}},{"type":"Feature","geometry":{"type":"Point","coordinates":[28.635721,41.093821]},"properties":{"osm_id":"node/5761829660","kategori":"trafik_isigi","ad":null}},{"type":"Feature","geometry":{"type":"Point","coordinates":[29.307168,40.940341]},"properties":{"osm_id":"node/5804026605","kategori":"trafik_isigi","ad":null}},{"type":"Feature","geometry":{"type":"Point","coordinates":[29.078779,41.039231]},"properties":{"osm_id":"node/5806405036","kategori":"trafik_isigi","ad":null}},{"type":"Feature","geometry":{"type":"Point","coordinates":[29.075671,41.016621]},"properties":{"osm_id":"node/5898527822","kategori":"trafik_isigi","ad":null}},{"type":"Feature","geometry":{"type":"Point","coordinates":[28.848962,41.24332]},"properties":{"osm_id":"node/5916217935","kategori":"trafik_isigi","ad":null}},{"type":"Feature","geometry":{"type":"Point","coordinates":[28.81244,41.090269]},"properties":{"osm_id":"node/5921975341","kategori":"trafik_isigi","ad":null}},{"type":"Feature","geometry":{"type":"Point","coordinates":[29.125749,40.995306]},"properties":{"osm_id":"node/5922901434","kategori":"trafik_isigi","ad":null}},{"type":"Feature","geometry":{"type":"Point","coordinates":[29.128174,40.995567]},"properties":{"osm_id":"node/5922901440","kategori":"trafik_isigi","ad":null}},{"type":"Feature","geometry":{"type":"Point","coordinates":[29.125747,40.995158]},"properties":{"osm_id":"node/5922901461","kategori":"trafik_isigi","ad":null}},{"type":"Feature","geometry":{"type":"Point","coordinates":[29.111828,40.989272]},"properties":{"osm_id":"node/5923050201","kategori":"trafik_isigi","ad":null}},{"type":"Feature","geometry":{"type":"Point","coordinates":[29.109128,40.987013]},"properties":{"osm_id":"node/5923050207","kategori":"trafik_isigi","ad":null}},{"type":"Feature","geometry":{"type":"Point","coordinates":[29.13103,40.980606]},"properties":{"osm_id":"node/5923088405","kategori":"trafik_isigi","ad":null}},{"type":"Feature","geometry":{"type":"Point","coordinates":[29.13224,40.981077]},"properties":{"osm_id":"node/5923088417","kategori":"trafik_isigi","ad":null}},{"type":"Feature","geometry":{"type":"Point","coordinates":[29.132236,40.98118]},"properties":{"osm_id":"node/5923088419","kategori":"trafik_isigi","ad":null}},{"type":"Feature","geometry":{"type":"Point","coordinates":[29.132054,40.981183]},"properties":{"osm_id":"node/5923088421","kategori":"trafik_isigi","ad":null}},{"type":"Feature","geometry":{"type":"Point","coordinates":[29.11078,41.029075]},"properties":{"osm_id":"node/5923139224","kategori":"trafik_isigi","ad":null}},{"type":"Feature","geometry":{"type":"Point","coordinates":[29.120692,40.966875]},"properties":{"osm_id":"node/5940806206","kategori":"trafik_isigi","ad":null}},{"type":"Feature","geometry":{"type":"Point","coordinates":[29.131023,40.945751]},"properties":{"osm_id":"node/5941333716","kategori":"trafik_isigi","ad":null}},{"type":"Feature","geometry":{"type":"Point","coordinates":[29.145956,41.005985]},"properties":{"osm_id":"node/6017262296","kategori":"trafik_isigi","ad":null}},{"type":"Feature","geometry":{"type":"Point","coordinates":[28.455211,41.21942]},"properties":{"osm_id":"node/6024435562","kategori":"trafik_isigi","ad":null}},{"type":"Feature","geometry":{"type":"Point","coordinates":[29.255186,40.896652]},"properties":{"osm_id":"node/6081132129","kategori":"trafik_isigi","ad":null}},{"type":"Feature","geometry":{"type":"Point","coordinates":[29.235544,40.884135]},"properties":{"osm_id":"node/6157227810","kategori":"trafik_isigi","ad":null}},{"type":"Feature","geometry":{"type":"Point","coordinates":[28.942103,41.057243]},"properties":{"osm_id":"node/6159194077","kategori":"trafik_isigi","ad":null}},{"type":"Feature","geometry":{"type":"Point","coordinates":[29.02042,41.012923]},"properties":{"osm_id":"node/6197933663","kategori":"trafik_isigi","ad":null}},{"type":"Feature","geometry":{"type":"Point","coordinates":[29.020274,41.012383]},"properties":{"osm_id":"node/6197933671","kategori":"trafik_isigi","ad":null}},{"type":"Feature","geometry":{"type":"Point","coordinates":[29.020252,41.012979]},"properties":{"osm_id":"node/6197933678","kategori":"trafik_isigi","ad":null}},{"type":"Feature","geometry":{"type":"Point","coordinates":[29.020092,41.012784]},"properties":{"osm_id":"node/6197933680","kategori":"trafik_isigi","ad":null}},{"type":"Feature","geometry":{"type":"Point","coordinates":[29.020346,41.013005]},"properties":{"osm_id":"node/6198102531","kategori":"trafik_isigi","ad":null}},{"type":"Feature","geometry":{"type":"Point","coordinates":[29.024528,41.013718]},"properties":{"osm_id":"node/6199448129","kategori":"trafik_isigi","ad":null}},{"type":"Feature","geometry":{"type":"Point","coordinates":[29.025855,41.016351]},"properties":{"osm_id":"node/6199474748","kategori":"trafik_isigi","ad":null}},{"type":"Feature","geometry":{"type":"Point","coordinates":[28.891939,41.021989]},"properties":{"osm_id":"node/6230791347","kategori":"trafik_isigi","ad":null}},{"type":"Feature","geometry":{"type":"Point","coordinates":[28.948117,41.074531]},"properties":{"osm_id":"node/6244065574","kategori":"trafik_isigi","ad":null}},{"type":"Feature","geometry":{"type":"Point","coordinates":[28.946986,41.074823]},"properties":{"osm_id":"node/6244065794","kategori":"trafik_isigi","ad":null}},{"type":"Feature","geometry":{"type":"Point","coordinates":[28.95178,41.064256]},"properties":{"osm_id":"node/6244796239","kategori":"trafik_isigi","ad":null}},{"type":"Feature","geometry":{"type":"Point","coordinates":[28.951237,41.064189]},"properties":{"osm_id":"node/6244796260","kategori":"trafik_isigi","ad":null}},{"type":"Feature","geometry":{"type":"Point","coordinates":[29.285828,40.919926]},"properties":{"osm_id":"node/6262584951","kategori":"trafik_isigi","ad":null}},{"type":"Feature","geometry":{"type":"Point","coordinates":[29.111171,40.993648]},"properties":{"osm_id":"node/6264399682","kategori":"trafik_isigi","ad":null}},{"type":"Feature","geometry":{"type":"Point","coordinates":[29.270198,40.920643]},"properties":{"osm_id":"node/6307923947","kategori":"trafik_isigi","ad":null}},{"type":"Feature","geometry":{"type":"Point","coordinates":[29.283753,40.914334]},"properties":{"osm_id":"node/6317637429","kategori":"trafik_isigi","ad":null}},{"type":"Feature","geometry":{"type":"Point","coordinates":[29.253239,40.907318]},"properties":{"osm_id":"node/6325450722","kategori":"trafik_isigi","ad":null}},{"type":"Feature","geometry":{"type":"Point","coordinates":[29.2985,40.911846]},"properties":{"osm_id":"node/6331694527","kategori":"trafik_isigi","ad":null}},{"type":"Feature","geometry":{"type":"Point","coordinates":[29.26976,40.920763]},"properties":{"osm_id":"node/6340546748","kategori":"trafik_isigi","ad":null}},{"type":"Feature","geometry":{"type":"Point","coordinates":[29.285092,40.905605]},"properties":{"osm_id":"node/6343389586","kategori":"trafik_isigi","ad":null}},{"type":"Feature","geometry":{"type":"Point","coordinates":[29.285097,40.90552]},"properties":{"osm_id":"node/6343389587","kategori":"trafik_isigi","ad":null}},{"type":"Feature","geometry":{"type":"Point","coordinates":[29.253843,40.914793]},"properties":{"osm_id":"node/6348112761","kategori":"trafik_isigi","ad":null}},{"type":"Feature","geometry":{"type":"Point","coordinates":[29.253901,40.914623]},"properties":{"osm_id":"node/6348168672","kategori":"trafik_isigi","ad":null}},{"type":"Feature","geometry":{"type":"Point","coordinates":[29.25396,40.914763]},"properties":{"osm_id":"node/6348168674","kategori":"trafik_isigi","ad":null}},{"type":"Feature","geometry":{"type":"Point","coordinates":[29.268707,40.921545]},"properties":{"osm_id":"node/6349194815","kategori":"trafik_isigi","ad":null}},{"type":"Feature","geometry":{"type":"Point","coordinates":[29.269129,40.921477]},"properties":{"osm_id":"node/6349194816","kategori":"trafik_isigi","ad":null}},{"type":"Feature","geometry":{"type":"Point","coordinates":[29.268837,40.921721]},"properties":{"osm_id":"node/6349194817","kategori":"trafik_isigi","ad":null}},{"type":"Feature","geometry":{"type":"Point","coordinates":[29.268922,40.92167]},"properties":{"osm_id":"node/6349194818","kategori":"trafik_isigi","ad":null}},{"type":"Feature","geometry":{"type":"Point","coordinates":[29.024249,40.99143]},"properties":{"osm_id":"node/6356918274","kategori":"trafik_isigi","ad":null}},{"type":"Feature","geometry":{"type":"Point","coordinates":[29.243433,40.8933]},"properties":{"osm_id":"node/6361821952","kategori":"trafik_isigi","ad":null}},{"type":"Feature","geometry":{"type":"Point","coordinates":[29.243364,40.893275]},"properties":{"osm_id":"node/6361821979","kategori":"trafik_isigi","ad":null}},{"type":"Feature","geometry":{"type":"Point","coordinates":[28.666855,41.028584]},"properties":{"osm_id":"node/6361948623","kategori":"trafik_isigi","ad":null}},{"type":"Feature","geometry":{"type":"Point","coordinates":[29.236811,40.886133]},"properties":{"osm_id":"node/6363562206","kategori":"trafik_isigi","ad":null}},{"type":"Feature","geometry":{"type":"Point","coordinates":[29.236745,40.886161]},"properties":{"osm_id":"node/6363562207","kategori":"trafik_isigi","ad":null}},{"type":"Feature","geometry":{"type":"Point","coordinates":[29.236878,40.886204]},"properties":{"osm_id":"node/6363562211","kategori":"trafik_isigi","ad":null}},{"type":"Feature","geometry":{"type":"Point","coordinates":[29.236811,40.886242]},"properties":{"osm_id":"node/6363562212","kategori":"trafik_isigi","ad":null}},{"type":"Feature","geometry":{"type":"Point","coordinates":[29.251562,40.896387]},"properties":{"osm_id":"node/6364845426","kategori":"trafik_isigi","ad":null}},{"type":"Feature","geometry":{"type":"Point","coordinates":[29.307079,40.917679]},"properties":{"osm_id":"node/6366058765","kategori":"trafik_isigi","ad":null}},{"type":"Feature","geometry":{"type":"Point","coordinates":[29.308175,40.916705]},"properties":{"osm_id":"node/6366058774","kategori":"trafik_isigi","ad":null}},{"type":"Feature","geometry":{"type":"Point","coordinates":[29.308618,40.916488]},"properties":{"osm_id":"node/6366059326","kategori":"trafik_isigi","ad":null}},{"type":"Feature","geometry":{"type":"Point","coordinates":[29.255222,40.875304]},"properties":{"osm_id":"node/6389663631","kategori":"trafik_isigi","ad":null}},{"type":"Feature","geometry":{"type":"Point","coordinates":[29.255348,40.875267]},"properties":{"osm_id":"node/6389663632","kategori":"trafik_isigi","ad":null}},{"type":"Feature","geometry":{"type":"Point","coordinates":[29.25052,40.970483]},"properties":{"osm_id":"node/6396871577","kategori":"trafik_isigi","ad":null}},{"type":"Feature","geometry":{"type":"Point","coordinates":[29.083483,40.981478]},"properties":{"osm_id":"node/6400117219","kategori":"trafik_isigi","ad":null}},{"type":"Feature","geometry":{"type":"Point","coordinates":[29.235264,40.883872]},"properties":{"osm_id":"node/6400675210","kategori":"trafik_isigi","ad":null}},{"type":"Feature","geometry":{"type":"Point","coordinates":[29.213785,41.008419]},"properties":{"osm_id":"node/6401674030","kategori":"trafik_isigi","ad":null}},{"type":"Feature","geometry":{"type":"Point","coordinates":[29.241627,40.880204]},"properties":{"osm_id":"node/6412408701","kategori":"trafik_isigi","ad":null}},{"type":"Feature","geometry":{"type":"Point","coordinates":[29.256615,40.881206]},"properties":{"osm_id":"node/6417447010","kategori":"trafik_isigi","ad":null}},{"type":"Feature","geometry":{"type":"Point","coordinates":[29.275174,40.894999]},"properties":{"osm_id":"node/6417846402","kategori":"trafik_isigi","ad":null}},{"type":"Feature","geometry":{"type":"Point","coordinates":[29.275147,40.895099]},"properties":{"osm_id":"node/6417846436","kategori":"trafik_isigi","ad":null}},{"type":"Feature","geometry":{"type":"Point","coordinates":[29.27438,40.903094]},"properties":{"osm_id":"node/6419700816","kategori":"trafik_isigi","ad":null}},{"type":"Feature","geometry":{"type":"Point","coordinates":[29.023672,41.013444]},"properties":{"osm_id":"node/6451455619","kategori":"trafik_isigi","ad":null}},{"type":"Feature","geometry":{"type":"Point","coordinates":[29.015583,41.025171]},"properties":{"osm_id":"node/6466506599","kategori":"trafik_isigi","ad":null}},{"type":"Feature","geometry":{"type":"Point","coordinates":[28.645489,41.035649]},"properties":{"osm_id":"node/6474752910","kategori":"trafik_isigi","ad":null}},{"type":"Feature","geometry":{"type":"Point","coordinates":[28.623676,41.034987]},"properties":{"osm_id":"node/6474830532","kategori":"trafik_isigi","ad":null}},{"type":"Feature","geometry":{"type":"Point","coordinates":[28.623653,41.034837]},"properties":{"osm_id":"node/6474830549","kategori":"trafik_isigi","ad":null}},{"type":"Feature","geometry":{"type":"Point","coordinates":[29.283779,40.914295]},"properties":{"osm_id":"node/6478639190","kategori":"trafik_isigi","ad":null}},{"type":"Feature","geometry":{"type":"Point","coordinates":[29.00341,41.041486]},"properties":{"osm_id":"node/6478858911","kategori":"trafik_isigi","ad":null}},{"type":"Feature","geometry":{"type":"Point","coordinates":[29.136226,41.017296]},"properties":{"osm_id":"node/6487852619","kategori":"trafik_isigi","ad":null}},{"type":"Feature","geometry":{"type":"Point","coordinates":[29.307671,40.940289]},"properties":{"osm_id":"node/6498170937","kategori":"trafik_isigi","ad":null}},{"type":"Feature","geometry":{"type":"Point","coordinates":[28.625801,41.057426]},"properties":{"osm_id":"node/6510992276","kategori":"trafik_isigi","ad":null}},{"type":"Feature","geometry":{"type":"Point","coordinates":[28.62582,41.057535]},"properties":{"osm_id":"node/6510992278","kategori":"trafik_isigi","ad":null}},{"type":"Feature","geometry":{"type":"Point","coordinates":[29.280683,40.909635]},"properties":{"osm_id":"node/6518232725","kategori":"trafik_isigi","ad":null}},{"type":"Feature","geometry":{"type":"Point","coordinates":[29.280472,40.909443]},"properties":{"osm_id":"node/6518232729","kategori":"trafik_isigi","ad":null}},{"type":"Feature","geometry":{"type":"Point","coordinates":[29.280646,40.909534]},"properties":{"osm_id":"node/6518232730","kategori":"trafik_isigi","ad":null}},{"type":"Feature","geometry":{"type":"Point","coordinates":[29.279358,40.904818]},"properties":{"osm_id":"node/6518232738","kategori":"trafik_isigi","ad":null}},{"type":"Feature","geometry":{"type":"Point","coordinates":[29.279298,40.90465]},"properties":{"osm_id":"node/6518232740","kategori":"trafik_isigi","ad":null}},{"type":"Feature","geometry":{"type":"Point","coordinates":[29.279567,40.90478]},"properties":{"osm_id":"node/6518232741","kategori":"trafik_isigi","ad":null}},{"type":"Feature","geometry":{"type":"Point","coordinates":[29.273257,40.901844]},"properties":{"osm_id":"node/6518232743","kategori":"trafik_isigi","ad":null}},{"type":"Feature","geometry":{"type":"Point","coordinates":[29.268576,40.898849]},"properties":{"osm_id":"node/6518232744","kategori":"trafik_isigi","ad":null}},{"type":"Feature","geometry":{"type":"Point","coordinates":[29.269222,40.899037]},"properties":{"osm_id":"node/6518232745","kategori":"trafik_isigi","ad":null}},{"type":"Feature","geometry":{"type":"Point","coordinates":[29.243346,40.893155]},"properties":{"osm_id":"node/6518573924","kategori":"trafik_isigi","ad":null}},{"type":"Feature","geometry":{"type":"Point","coordinates":[29.243422,40.893128]},"properties":{"osm_id":"node/6518573925","kategori":"trafik_isigi","ad":null}},{"type":"Feature","geometry":{"type":"Point","coordinates":[29.246235,40.893672]},"properties":{"osm_id":"node/6518573943","kategori":"trafik_isigi","ad":null}},{"type":"Feature","geometry":{"type":"Point","coordinates":[29.283367,40.905383]},"properties":{"osm_id":"node/6531649045","kategori":"trafik_isigi","ad":null}},{"type":"Feature","geometry":{"type":"Point","coordinates":[29.298317,40.913261]},"properties":{"osm_id":"node/6532153495","kategori":"trafik_isigi","ad":null}},{"type":"Feature","geometry":{"type":"Point","coordinates":[29.298265,40.913592]},"properties":{"osm_id":"node/6532153496","kategori":"trafik_isigi","ad":null}},{"type":"Feature","geometry":{"type":"Point","coordinates":[29.298376,40.913452]},"properties":{"osm_id":"node/6532153501","kategori":"trafik_isigi","ad":null}},{"type":"Feature","geometry":{"type":"Point","coordinates":[29.300308,40.914157]},"properties":{"osm_id":"node/6532153510","kategori":"trafik_isigi","ad":null}},{"type":"Feature","geometry":{"type":"Point","coordinates":[29.304531,40.916442]},"properties":{"osm_id":"node/6532153544","kategori":"trafik_isigi","ad":null}},{"type":"Feature","geometry":{"type":"Point","coordinates":[29.306785,40.917434]},"properties":{"osm_id":"node/6532153549","kategori":"trafik_isigi","ad":null}},{"type":"Feature","geometry":{"type":"Point","coordinates":[29.312017,40.924534]},"properties":{"osm_id":"node/6532153555","kategori":"trafik_isigi","ad":null}},{"type":"Feature","geometry":{"type":"Point","coordinates":[29.312809,40.92468]},"properties":{"osm_id":"node/6532153558","kategori":"trafik_isigi","ad":null}},{"type":"Feature","geometry":{"type":"Point","coordinates":[28.984273,41.027976]},"properties":{"osm_id":"node/6537016628","kategori":"trafik_isigi","ad":null}},{"type":"Feature","geometry":{"type":"Point","coordinates":[29.134405,40.982416]},"properties":{"osm_id":"node/6570330738","kategori":"trafik_isigi","ad":null}},{"type":"Feature","geometry":{"type":"Point","coordinates":[29.130752,40.980652]},"properties":{"osm_id":"node/6570350546","kategori":"trafik_isigi","ad":null}},{"type":"Feature","geometry":{"type":"Point","coordinates":[28.083872,41.075515]},"properties":{"osm_id":"node/6578910705","kategori":"trafik_isigi","ad":null}},{"type":"Feature","geometry":{"type":"Point","coordinates":[28.084067,41.075646]},"properties":{"osm_id":"node/6578910706","kategori":"trafik_isigi","ad":null}},{"type":"Feature","geometry":{"type":"Point","coordinates":[28.084209,41.075522]},"properties":{"osm_id":"node/6578910708","kategori":"trafik_isigi","ad":null}},{"type":"Feature","geometry":{"type":"Point","coordinates":[28.785975,41.069291]},"properties":{"osm_id":"node/6597112128","kategori":"trafik_isigi","ad":null}},{"type":"Feature","geometry":{"type":"Point","coordinates":[28.786132,41.069327]},"properties":{"osm_id":"node/6597112129","kategori":"trafik_isigi","ad":null}},{"type":"Feature","geometry":{"type":"Point","coordinates":[28.785957,41.069349]},"properties":{"osm_id":"node/6597112130","kategori":"trafik_isigi","ad":null}},{"type":"Feature","geometry":{"type":"Point","coordinates":[29.027668,40.98459]},"properties":{"osm_id":"node/6643517639","kategori":"trafik_isigi","ad":null}},{"type":"Feature","geometry":{"type":"Point","coordinates":[29.128695,40.995566]},"properties":{"osm_id":"node/6683446019","kategori":"trafik_isigi","ad":null}},{"type":"Feature","geometry":{"type":"Point","coordinates":[28.812264,41.049512]},"properties":{"osm_id":"node/6753277224","kategori":"trafik_isigi","ad":null}},{"type":"Feature","geometry":{"type":"Point","coordinates":[28.812375,41.04945]},"properties":{"osm_id":"node/6753277225","kategori":"trafik_isigi","ad":null}},{"type":"Feature","geometry":{"type":"Point","coordinates":[28.813588,41.045286]},"properties":{"osm_id":"node/6753277227","kategori":"trafik_isigi","ad":null}},{"type":"Feature","geometry":{"type":"Point","coordinates":[28.803671,40.964171]},"properties":{"osm_id":"node/6761742318","kategori":"trafik_isigi","ad":null}},{"type":"Feature","geometry":{"type":"Point","coordinates":[28.803784,40.964606]},"properties":{"osm_id":"node/6761742320","kategori":"trafik_isigi","ad":null}},{"type":"Feature","geometry":{"type":"Point","coordinates":[28.834118,40.963971]},"properties":{"osm_id":"node/6761863756","kategori":"trafik_isigi","ad":null}},{"type":"Feature","geometry":{"type":"Point","coordinates":[28.833764,40.964646]},"properties":{"osm_id":"node/6761863758","kategori":"trafik_isigi","ad":null}},{"type":"Feature","geometry":{"type":"Point","coordinates":[28.793404,40.980813]},"properties":{"osm_id":"node/6761878190","kategori":"trafik_isigi","ad":null}},{"type":"Feature","geometry":{"type":"Point","coordinates":[28.947831,41.03286]},"properties":{"osm_id":"node/6770468716","kategori":"trafik_isigi","ad":null}},{"type":"Feature","geometry":{"type":"Point","coordinates":[28.938242,41.041768]},"properties":{"osm_id":"node/6779479385","kategori":"trafik_isigi","ad":null}},{"type":"Feature","geometry":{"type":"Point","coordinates":[28.938237,41.041976]},"properties":{"osm_id":"node/6779479386","kategori":"trafik_isigi","ad":null}},{"type":"Feature","geometry":{"type":"Point","coordinates":[28.938616,41.041861]},"properties":{"osm_id":"node/6779479387","kategori":"trafik_isigi","ad":null}},{"type":"Feature","geometry":{"type":"Point","coordinates":[28.938498,41.041811]},"properties":{"osm_id":"node/6779479388","kategori":"trafik_isigi","ad":null}},{"type":"Feature","geometry":{"type":"Point","coordinates":[28.974995,41.00213]},"properties":{"osm_id":"node/6779632173","kategori":"trafik_isigi","ad":null}},{"type":"Feature","geometry":{"type":"Point","coordinates":[28.805019,41.069845]},"properties":{"osm_id":"node/6779708655","kategori":"trafik_isigi","ad":null}},{"type":"Feature","geometry":{"type":"Point","coordinates":[28.805271,41.069887]},"properties":{"osm_id":"node/6779708656","kategori":"trafik_isigi","ad":null}},{"type":"Feature","geometry":{"type":"Point","coordinates":[28.804993,41.069954]},"properties":{"osm_id":"node/6779708657","kategori":"trafik_isigi","ad":null}},{"type":"Feature","geometry":{"type":"Point","coordinates":[29.075782,41.016354]},"properties":{"osm_id":"node/6780852876","kategori":"trafik_isigi","ad":null}},{"type":"Feature","geometry":{"type":"Point","coordinates":[29.075936,41.016461]},"properties":{"osm_id":"node/6780852877","kategori":"trafik_isigi","ad":null}},{"type":"Feature","geometry":{"type":"Point","coordinates":[29.06763,41.020313]},"properties":{"osm_id":"node/6780852882","kategori":"trafik_isigi","ad":null}},{"type":"Feature","geometry":{"type":"Point","coordinates":[29.067414,41.020383]},"properties":{"osm_id":"node/6780852883","kategori":"trafik_isigi","ad":null}},{"type":"Feature","geometry":{"type":"Point","coordinates":[29.067597,41.020428]},"properties":{"osm_id":"node/6780852884","kategori":"trafik_isigi","ad":null}},{"type":"Feature","geometry":{"type":"Point","coordinates":[29.067512,41.020259]},"properties":{"osm_id":"node/6781177404","kategori":"trafik_isigi","ad":null}},{"type":"Feature","geometry":{"type":"Point","coordinates":[29.062477,41.022055]},"properties":{"osm_id":"node/6782905203","kategori":"trafik_isigi","ad":null}},{"type":"Feature","geometry":{"type":"Point","coordinates":[29.062336,41.021956]},"properties":{"osm_id":"node/6782905206","kategori":"trafik_isigi","ad":null}},{"type":"Feature","geometry":{"type":"Point","coordinates":[29.062475,41.022025]},"properties":{"osm_id":"node/6782905207","kategori":"trafik_isigi","ad":null}},{"type":"Feature","geometry":{"type":"Point","coordinates":[29.06511,40.963979]},"properties":{"osm_id":"node/6786353047","kategori":"trafik_isigi","ad":null}},{"type":"Feature","geometry":{"type":"Point","coordinates":[28.786902,41.152471]},"properties":{"osm_id":"node/6789967566","kategori":"trafik_isigi","ad":null}},{"type":"Feature","geometry":{"type":"Point","coordinates":[29.012406,41.018883]},"properties":{"osm_id":"node/6790724253","kategori":"trafik_isigi","ad":null}},{"type":"Feature","geometry":{"type":"Point","coordinates":[29.032695,40.999829]},"properties":{"osm_id":"node/6795273118","kategori":"trafik_isigi","ad":null}},{"type":"Feature","geometry":{"type":"Point","coordinates":[28.890178,41.059869]},"properties":{"osm_id":"node/6796079936","kategori":"trafik_isigi","ad":null}},{"type":"Feature","geometry":{"type":"Point","coordinates":[28.896889,41.055436]},"properties":{"osm_id":"node/6796079940","kategori":"trafik_isigi","ad":null}},{"type":"Feature","geometry":{"type":"Point","coordinates":[28.896675,41.055498]},"properties":{"osm_id":"node/6796079941","kategori":"trafik_isigi","ad":null}},{"type":"Feature","geometry":{"type":"Point","coordinates":[28.893012,41.060395]},"properties":{"osm_id":"node/6796079942","kategori":"trafik_isigi","ad":null}},{"type":"Feature","geometry":{"type":"Point","coordinates":[28.892764,41.060352]},"properties":{"osm_id":"node/6796079943","kategori":"trafik_isigi","ad":null}},{"type":"Feature","geometry":{"type":"Point","coordinates":[28.892969,41.060776]},"properties":{"osm_id":"node/6796079944","kategori":"trafik_isigi","ad":null}},{"type":"Feature","geometry":{"type":"Point","coordinates":[28.892829,41.0607]},"properties":{"osm_id":"node/6796079945","kategori":"trafik_isigi","ad":null}},{"type":"Feature","geometry":{"type":"Point","coordinates":[28.89262,41.060773]},"properties":{"osm_id":"node/6796079946","kategori":"trafik_isigi","ad":null}},{"type":"Feature","geometry":{"type":"Point","coordinates":[28.892482,41.060865]},"properties":{"osm_id":"node/6796079947","kategori":"trafik_isigi","ad":null}},{"type":"Feature","geometry":{"type":"Point","coordinates":[28.89736,41.05469]},"properties":{"osm_id":"node/6796103165","kategori":"trafik_isigi","ad":null}},{"type":"Feature","geometry":{"type":"Point","coordinates":[28.897112,41.054735]},"properties":{"osm_id":"node/6796103166","kategori":"trafik_isigi","ad":null}},{"type":"Feature","geometry":{"type":"Point","coordinates":[28.89886,41.05284]},"properties":{"osm_id":"node/6796103167","kategori":"trafik_isigi","ad":null}},{"type":"Feature","geometry":{"type":"Point","coordinates":[28.898945,41.052601]},"properties":{"osm_id":"node/6796103168","kategori":"trafik_isigi","ad":null}},{"type":"Feature","geometry":{"type":"Point","coordinates":[28.899195,41.052562]},"properties":{"osm_id":"node/6796103169","kategori":"trafik_isigi","ad":null}},{"type":"Feature","geometry":{"type":"Point","coordinates":[28.899111,41.052871]},"properties":{"osm_id":"node/6796103170","kategori":"trafik_isigi","ad":null}},{"type":"Feature","geometry":{"type":"Point","coordinates":[29.00694,41.021121]},"properties":{"osm_id":"node/6803016049","kategori":"trafik_isigi","ad":null}},{"type":"Feature","geometry":{"type":"Point","coordinates":[29.007067,41.02108]},"properties":{"osm_id":"node/6803016050","kategori":"trafik_isigi","ad":null}},{"type":"Feature","geometry":{"type":"Point","coordinates":[28.885409,41.06818]},"properties":{"osm_id":"node/6804090312","kategori":"trafik_isigi","ad":null}},{"type":"Feature","geometry":{"type":"Point","coordinates":[29.071131,41.035526]},"properties":{"osm_id":"node/6821944458","kategori":"trafik_isigi","ad":null}},{"type":"Feature","geometry":{"type":"Point","coordinates":[29.146475,40.98917]},"properties":{"osm_id":"node/6823016447","kategori":"trafik_isigi","ad":null}},{"type":"Feature","geometry":{"type":"Point","coordinates":[28.960256,41.096733]},"properties":{"osm_id":"node/6841295171","kategori":"trafik_isigi","ad":null}},{"type":"Feature","geometry":{"type":"Point","coordinates":[28.976999,41.0832]},"properties":{"osm_id":"node/6841491454","kategori":"trafik_isigi","ad":null}},{"type":"Feature","geometry":{"type":"Point","coordinates":[28.968037,41.07871]},"properties":{"osm_id":"node/6842721102","kategori":"trafik_isigi","ad":null}},{"type":"Feature","geometry":{"type":"Point","coordinates":[28.897709,41.081597]},"properties":{"osm_id":"node/6843671914","kategori":"trafik_isigi","ad":null}},{"type":"Feature","geometry":{"type":"Point","coordinates":[28.65033,40.980058]},"properties":{"osm_id":"node/6858349590","kategori":"trafik_isigi","ad":null}},{"type":"Feature","geometry":{"type":"Point","coordinates":[28.165217,41.076482]},"properties":{"osm_id":"node/6861979027","kategori":"trafik_isigi","ad":null}},{"type":"Feature","geometry":{"type":"Point","coordinates":[28.164869,41.076333]},"properties":{"osm_id":"node/6861979028","kategori":"trafik_isigi","ad":null}},{"type":"Feature","geometry":{"type":"Point","coordinates":[29.215335,40.963501]},"properties":{"osm_id":"node/6872812631","kategori":"trafik_isigi","ad":null}},{"type":"Feature","geometry":{"type":"Point","coordinates":[29.12234,40.968569]},"properties":{"osm_id":"node/6880626145","kategori":"trafik_isigi","ad":null}},{"type":"Feature","geometry":{"type":"Point","coordinates":[29.12108,40.967182]},"properties":{"osm_id":"node/6880626146","kategori":"trafik_isigi","ad":null}},{"type":"Feature","geometry":{"type":"Point","coordinates":[29.122631,40.968582]},"properties":{"osm_id":"node/6880626155","kategori":"trafik_isigi","ad":null}},{"type":"Feature","geometry":{"type":"Point","coordinates":[29.121164,40.967191]},"properties":{"osm_id":"node/6880632276","kategori":"trafik_isigi","ad":null}},{"type":"Feature","geometry":{"type":"Point","coordinates":[28.88522,40.980037]},"properties":{"osm_id":"node/6885004774","kategori":"trafik_isigi","ad":null}},{"type":"Feature","geometry":{"type":"Point","coordinates":[28.771523,41.023272]},"properties":{"osm_id":"node/6895751034","kategori":"trafik_isigi","ad":null}},{"type":"Feature","geometry":{"type":"Point","coordinates":[28.801399,41.028798]},"properties":{"osm_id":"node/6897405957","kategori":"trafik_isigi","ad":null}},{"type":"Feature","geometry":{"type":"Point","coordinates":[28.804385,41.030245]},"properties":{"osm_id":"node/6897405977","kategori":"trafik_isigi","ad":null}},{"type":"Feature","geometry":{"type":"Point","coordinates":[28.963493,41.067684]},"properties":{"osm_id":"node/6898118254","kategori":"trafik_isigi","ad":null}},{"type":"Feature","geometry":{"type":"Point","coordinates":[28.982382,41.091181]},"properties":{"osm_id":"node/6898523941","kategori":"trafik_isigi","ad":null}},{"type":"Feature","geometry":{"type":"Point","coordinates":[28.969637,41.075816]},"properties":{"osm_id":"node/6911701047","kategori":"trafik_isigi","ad":null}},{"type":"Feature","geometry":{"type":"Point","coordinates":[28.969576,41.075722]},"properties":{"osm_id":"node/6911701053","kategori":"trafik_isigi","ad":null}},{"type":"Feature","geometry":{"type":"Point","coordinates":[28.92949,41.059162]},"properties":{"osm_id":"node/6912823631","kategori":"trafik_isigi","ad":null}},{"type":"Feature","geometry":{"type":"Point","coordinates":[28.901019,41.087704]},"properties":{"osm_id":"node/6913421351","kategori":"trafik_isigi","ad":null}},{"type":"Feature","geometry":{"type":"Point","coordinates":[28.906257,41.077609]},"properties":{"osm_id":"node/6914739025","kategori":"trafik_isigi","ad":null}},{"type":"Feature","geometry":{"type":"Point","coordinates":[28.907533,41.075839]},"properties":{"osm_id":"node/6914739064","kategori":"trafik_isigi","ad":null}},{"type":"Feature","geometry":{"type":"Point","coordinates":[28.906296,41.077826]},"properties":{"osm_id":"node/6914739068","kategori":"trafik_isigi","ad":null}},{"type":"Feature","geometry":{"type":"Point","coordinates":[28.709685,41.21678]},"properties":{"osm_id":"node/6924217418","kategori":"trafik_isigi","ad":null}},{"type":"Feature","geometry":{"type":"Point","coordinates":[29.087285,41.147396]},"properties":{"osm_id":"node/6925105896","kategori":"trafik_isigi","ad":null}},{"type":"Feature","geometry":{"type":"Point","coordinates":[29.097922,41.121706]},"properties":{"osm_id":"node/6926247834","kategori":"trafik_isigi","ad":null}},{"type":"Feature","geometry":{"type":"Point","coordinates":[29.097991,41.121943]},"properties":{"osm_id":"node/6926247835","kategori":"trafik_isigi","ad":null}},{"type":"Feature","geometry":{"type":"Point","coordinates":[29.098069,41.121792]},"properties":{"osm_id":"node/6926247836","kategori":"trafik_isigi","ad":null}},{"type":"Feature","geometry":{"type":"Point","coordinates":[29.09813,41.125712]},"properties":{"osm_id":"node/6926415839","kategori":"trafik_isigi","ad":null}},{"type":"Feature","geometry":{"type":"Point","coordinates":[29.098405,41.125333]},"properties":{"osm_id":"node/6926649460","kategori":"trafik_isigi","ad":null}},{"type":"Feature","geometry":{"type":"Point","coordinates":[28.772115,41.183648]},"properties":{"osm_id":"node/6929520093","kategori":"trafik_isigi","ad":null}},{"type":"Feature","geometry":{"type":"Point","coordinates":[29.010748,41.068993]},"properties":{"osm_id":"node/6929906100","kategori":"trafik_isigi","ad":null}},{"type":"Feature","geometry":{"type":"Point","coordinates":[29.236069,40.88461]},"properties":{"osm_id":"node/6932797075","kategori":"trafik_isigi","ad":null}},{"type":"Feature","geometry":{"type":"Point","coordinates":[28.907099,41.089203]},"properties":{"osm_id":"node/6934257024","kategori":"trafik_isigi","ad":null}},{"type":"Feature","geometry":{"type":"Point","coordinates":[28.830514,41.045139]},"properties":{"osm_id":"node/6935120987","kategori":"trafik_isigi","ad":null}},{"type":"Feature","geometry":{"type":"Point","coordinates":[28.829816,41.045428]},"properties":{"osm_id":"node/6935121008","kategori":"trafik_isigi","ad":null}},{"type":"Feature","geometry":{"type":"Point","coordinates":[28.83014,41.048067]},"properties":{"osm_id":"node/6935121021","kategori":"trafik_isigi","ad":null}},{"type":"Feature","geometry":{"type":"Point","coordinates":[28.829858,41.045602]},"properties":{"osm_id":"node/6935121041","kategori":"trafik_isigi","ad":null}},{"type":"Feature","geometry":{"type":"Point","coordinates":[28.830205,41.04813]},"properties":{"osm_id":"node/6935121044","kategori":"trafik_isigi","ad":null}},{"type":"Feature","geometry":{"type":"Point","coordinates":[29.124191,41.02085]},"properties":{"osm_id":"node/6942660338","kategori":"trafik_isigi","ad":null}},{"type":"Feature","geometry":{"type":"Point","coordinates":[29.124202,41.020762]},"properties":{"osm_id":"node/6942660340","kategori":"trafik_isigi","ad":null}},{"type":"Feature","geometry":{"type":"Point","coordinates":[29.121956,41.020812]},"properties":{"osm_id":"node/6942706732","kategori":"trafik_isigi","ad":null}},{"type":"Feature","geometry":{"type":"Point","coordinates":[29.121951,41.020696]},"properties":{"osm_id":"node/6942706733","kategori":"trafik_isigi","ad":null}},{"type":"Feature","geometry":{"type":"Point","coordinates":[29.021347,40.98973]},"properties":{"osm_id":"node/6959110069","kategori":"trafik_isigi","ad":null}},{"type":"Feature","geometry":{"type":"Point","coordinates":[29.023724,40.991369]},"properties":{"osm_id":"node/6959248760","kategori":"trafik_isigi","ad":null}},{"type":"Feature","geometry":{"type":"Point","coordinates":[28.945102,41.010365]},"properties":{"osm_id":"node/7229102800","kategori":"trafik_isigi","ad":null}},{"type":"Feature","geometry":{"type":"Point","coordinates":[28.98905,41.040311]},"properties":{"osm_id":"node/7334698912","kategori":"trafik_isigi","ad":null}},{"type":"Feature","geometry":{"type":"Point","coordinates":[28.937852,41.028104]},"properties":{"osm_id":"node/7384874119","kategori":"trafik_isigi","ad":null}},{"type":"Feature","geometry":{"type":"Point","coordinates":[28.919245,40.999926]},"properties":{"osm_id":"node/7403541986","kategori":"trafik_isigi","ad":null}},{"type":"Feature","geometry":{"type":"Point","coordinates":[28.7751,41.115932]},"properties":{"osm_id":"node/7411166458","kategori":"trafik_isigi","ad":null}},{"type":"Feature","geometry":{"type":"Point","coordinates":[28.774882,41.116111]},"properties":{"osm_id":"node/7462275455","kategori":"trafik_isigi","ad":null}},{"type":"Feature","geometry":{"type":"Point","coordinates":[28.974791,41.066372]},"properties":{"osm_id":"node/7473016872","kategori":"trafik_isigi","ad":null}},{"type":"Feature","geometry":{"type":"Point","coordinates":[28.681157,41.062669]},"properties":{"osm_id":"node/7511489458","kategori":"trafik_isigi","ad":null}},{"type":"Feature","geometry":{"type":"Point","coordinates":[28.680844,41.062863]},"properties":{"osm_id":"node/7511489459","kategori":"trafik_isigi","ad":null}},{"type":"Feature","geometry":{"type":"Point","coordinates":[28.680676,41.062639]},"properties":{"osm_id":"node/7511489460","kategori":"trafik_isigi","ad":null}},{"type":"Feature","geometry":{"type":"Point","coordinates":[28.679474,41.062804]},"properties":{"osm_id":"node/7511489466","kategori":"trafik_isigi","ad":null}},{"type":"Feature","geometry":{"type":"Point","coordinates":[28.679236,41.062981]},"properties":{"osm_id":"node/7511489470","kategori":"trafik_isigi","ad":null}},{"type":"Feature","geometry":{"type":"Point","coordinates":[28.679772,41.062949]},"properties":{"osm_id":"node/7511489482","kategori":"trafik_isigi","ad":null}},{"type":"Feature","geometry":{"type":"Point","coordinates":[28.675231,41.063961]},"properties":{"osm_id":"node/7511532293","kategori":"trafik_isigi","ad":null}},{"type":"Feature","geometry":{"type":"Point","coordinates":[28.675309,41.063809]},"properties":{"osm_id":"node/7511532296","kategori":"trafik_isigi","ad":null}},{"type":"Feature","geometry":{"type":"Point","coordinates":[28.674941,41.06381]},"properties":{"osm_id":"node/7511532297","kategori":"trafik_isigi","ad":null}},{"type":"Feature","geometry":{"type":"Point","coordinates":[29.261744,40.968412]},"properties":{"osm_id":"node/7567234398","kategori":"trafik_isigi","ad":null}},{"type":"Feature","geometry":{"type":"Point","coordinates":[29.257378,40.879621]},"properties":{"osm_id":"node/7567234403","kategori":"trafik_isigi","ad":null}},{"type":"Feature","geometry":{"type":"Point","coordinates":[29.257585,40.879653]},"properties":{"osm_id":"node/7567234404","kategori":"trafik_isigi","ad":null}},{"type":"Feature","geometry":{"type":"Point","coordinates":[29.225411,40.988774]},"properties":{"osm_id":"node/7572714491","kategori":"trafik_isigi","ad":null}},{"type":"Feature","geometry":{"type":"Point","coordinates":[28.90701,41.089182]},"properties":{"osm_id":"node/7580452074","kategori":"trafik_isigi","ad":null}},{"type":"Feature","geometry":{"type":"Point","coordinates":[28.907347,41.08893]},"properties":{"osm_id":"node/7580452075","kategori":"trafik_isigi","ad":null}},{"type":"Feature","geometry":{"type":"Point","coordinates":[29.125517,40.99518]},"properties":{"osm_id":"node/7592837494","kategori":"trafik_isigi","ad":null}},{"type":"Feature","geometry":{"type":"Point","coordinates":[28.932706,41.028641]},"properties":{"osm_id":"node/7593670205","kategori":"trafik_isigi","ad":null}},{"type":"Feature","geometry":{"type":"Point","coordinates":[28.9326,41.028416]},"properties":{"osm_id":"node/7593670206","kategori":"trafik_isigi","ad":null}},{"type":"Feature","geometry":{"type":"Point","coordinates":[29.219326,41.008244]},"properties":{"osm_id":"node/7593675963","kategori":"trafik_isigi","ad":null}},{"type":"Feature","geometry":{"type":"Point","coordinates":[29.219315,41.008346]},"properties":{"osm_id":"node/7593675967","kategori":"trafik_isigi","ad":null}},{"type":"Feature","geometry":{"type":"Point","coordinates":[29.216186,41.004653]},"properties":{"osm_id":"node/7593718551","kategori":"trafik_isigi","ad":null}},{"type":"Feature","geometry":{"type":"Point","coordinates":[29.216208,41.004799]},"properties":{"osm_id":"node/7593718556","kategori":"trafik_isigi","ad":null}},{"type":"Feature","geometry":{"type":"Point","coordinates":[29.190692,41.013855]},"properties":{"osm_id":"node/7597751788","kategori":"trafik_isigi","ad":null}},{"type":"Feature","geometry":{"type":"Point","coordinates":[28.902574,41.171457]},"properties":{"osm_id":"node/7622627451","kategori":"trafik_isigi","ad":null}},{"type":"Feature","geometry":{"type":"Point","coordinates":[29.231713,41.009058]},"properties":{"osm_id":"node/7646175737","kategori":"trafik_isigi","ad":null}},{"type":"Feature","geometry":{"type":"Point","coordinates":[28.85228,40.993751]},"properties":{"osm_id":"node/7661762068","kategori":"trafik_isigi","ad":null}},{"type":"Feature","geometry":{"type":"Point","coordinates":[29.31227,40.919445]},"properties":{"osm_id":"node/7673469117","kategori":"trafik_isigi","ad":null}},{"type":"Feature","geometry":{"type":"Point","coordinates":[29.02375,41.126939]},"properties":{"osm_id":"node/7677652209","kategori":"trafik_isigi","ad":null}},{"type":"Feature","geometry":{"type":"Point","coordinates":[28.967297,41.060778]},"properties":{"osm_id":"node/7679979001","kategori":"trafik_isigi","ad":null}},{"type":"Feature","geometry":{"type":"Point","coordinates":[28.967526,41.060826]},"properties":{"osm_id":"node/7679979003","kategori":"trafik_isigi","ad":null}},{"type":"Feature","geometry":{"type":"Point","coordinates":[28.944668,41.04881]},"properties":{"osm_id":"node/7694580724","kategori":"trafik_isigi","ad":null}},{"type":"Feature","geometry":{"type":"Point","coordinates":[29.134005,40.982642]},"properties":{"osm_id":"node/7702855575","kategori":"trafik_isigi","ad":null}},{"type":"Feature","geometry":{"type":"Point","coordinates":[29.222872,40.992215]},"properties":{"osm_id":"node/7702855577","kategori":"trafik_isigi","ad":null}},{"type":"Feature","geometry":{"type":"Point","coordinates":[28.962874,41.079251]},"properties":{"osm_id":"node/7710654636","kategori":"trafik_isigi","ad":null}},{"type":"Feature","geometry":{"type":"Point","coordinates":[28.963497,41.068024]},"properties":{"osm_id":"node/7710778071","kategori":"trafik_isigi","ad":null}},{"type":"Feature","geometry":{"type":"Point","coordinates":[28.975672,41.014858]},"properties":{"osm_id":"node/7711110253","kategori":"trafik_isigi","ad":null}},{"type":"Feature","geometry":{"type":"Point","coordinates":[28.970741,41.008456]},"properties":{"osm_id":"node/7711133800","kategori":"trafik_isigi","ad":null}},{"type":"Feature","geometry":{"type":"Point","coordinates":[28.970745,41.008495]},"properties":{"osm_id":"node/7711133801","kategori":"trafik_isigi","ad":null}},{"type":"Feature","geometry":{"type":"Point","coordinates":[28.959355,41.009617]},"properties":{"osm_id":"node/7711133812","kategori":"trafik_isigi","ad":null}},{"type":"Feature","geometry":{"type":"Point","coordinates":[28.959355,41.009598]},"properties":{"osm_id":"node/7711133813","kategori":"trafik_isigi","ad":null}},{"type":"Feature","geometry":{"type":"Point","coordinates":[28.922208,41.019631]},"properties":{"osm_id":"node/7711133867","kategori":"trafik_isigi","ad":null}},{"type":"Feature","geometry":{"type":"Point","coordinates":[28.906923,41.004268]},"properties":{"osm_id":"node/7711133940","kategori":"trafik_isigi","ad":null}},{"type":"Feature","geometry":{"type":"Point","coordinates":[28.880985,41.008167]},"properties":{"osm_id":"node/7711238153","kategori":"trafik_isigi","ad":null}},{"type":"Feature","geometry":{"type":"Point","coordinates":[28.974351,41.078821]},"properties":{"osm_id":"node/7714553998","kategori":"trafik_isigi","ad":null}},{"type":"Feature","geometry":{"type":"Point","coordinates":[29.022292,40.991119]},"properties":{"osm_id":"node/7736966905","kategori":"trafik_isigi","ad":null}},{"type":"Feature","geometry":{"type":"Point","coordinates":[28.979721,41.036307]},"properties":{"osm_id":"node/7781011062","kategori":"trafik_isigi","ad":null}},{"type":"Feature","geometry":{"type":"Point","coordinates":[28.805273,40.968452]},"properties":{"osm_id":"node/7798262739","kategori":"trafik_isigi","ad":null}},{"type":"Feature","geometry":{"type":"Point","coordinates":[29.030915,41.139898]},"properties":{"osm_id":"node/7801190731","kategori":"trafik_isigi","ad":null}},{"type":"Feature","geometry":{"type":"Point","coordinates":[29.030866,41.139756]},"properties":{"osm_id":"node/7801190746","kategori":"trafik_isigi","ad":null}},{"type":"Feature","geometry":{"type":"Point","coordinates":[29.362732,40.936045]},"properties":{"osm_id":"node/7809064711","kategori":"trafik_isigi","ad":null}},{"type":"Feature","geometry":{"type":"Point","coordinates":[29.362434,40.936102]},"properties":{"osm_id":"node/7809064712","kategori":"trafik_isigi","ad":null}},{"type":"Feature","geometry":{"type":"Point","coordinates":[29.21116,41.01004]},"properties":{"osm_id":"node/7817432188","kategori":"trafik_isigi","ad":null}},{"type":"Feature","geometry":{"type":"Point","coordinates":[28.759176,41.042971]},"properties":{"osm_id":"node/7829475251","kategori":"trafik_isigi","ad":null}},{"type":"Feature","geometry":{"type":"Point","coordinates":[29.185727,40.92101]},"properties":{"osm_id":"node/7839436405","kategori":"trafik_isigi","ad":null}},{"type":"Feature","geometry":{"type":"Point","coordinates":[29.185842,40.921036]},"properties":{"osm_id":"node/7839436411","kategori":"trafik_isigi","ad":null}},{"type":"Feature","geometry":{"type":"Point","coordinates":[29.185855,40.921064]},"properties":{"osm_id":"node/7839436415","kategori":"trafik_isigi","ad":null}},{"type":"Feature","geometry":{"type":"Point","coordinates":[29.185815,40.920975]},"properties":{"osm_id":"node/7839436416","kategori":"trafik_isigi","ad":null}},{"type":"Feature","geometry":{"type":"Point","coordinates":[29.185903,40.920836]},"properties":{"osm_id":"node/7839436417","kategori":"trafik_isigi","ad":null}},{"type":"Feature","geometry":{"type":"Point","coordinates":[28.885548,41.068226]},"properties":{"osm_id":"node/7843513025","kategori":"trafik_isigi","ad":null}},{"type":"Feature","geometry":{"type":"Point","coordinates":[29.109514,41.006731]},"properties":{"osm_id":"node/7844523613","kategori":"trafik_isigi","ad":null}},{"type":"Feature","geometry":{"type":"Point","coordinates":[29.109456,41.006825]},"properties":{"osm_id":"node/7844523615","kategori":"trafik_isigi","ad":null}},{"type":"Feature","geometry":{"type":"Point","coordinates":[28.911371,41.044196]},"properties":{"osm_id":"node/7855530582","kategori":"trafik_isigi","ad":null}},{"type":"Feature","geometry":{"type":"Point","coordinates":[28.989092,41.031189]},"properties":{"osm_id":"node/7864200768","kategori":"trafik_isigi","ad":null}},{"type":"Feature","geometry":{"type":"Point","coordinates":[29.011949,41.007047]},"properties":{"osm_id":"node/7875270340","kategori":"trafik_isigi","ad":null}},{"type":"Feature","geometry":{"type":"Point","coordinates":[29.123596,40.998309]},"properties":{"osm_id":"node/7891178369","kategori":"trafik_isigi","ad":null}},{"type":"Feature","geometry":{"type":"Point","coordinates":[28.767013,40.986681]},"properties":{"osm_id":"node/7899413051","kategori":"trafik_isigi","ad":null}},{"type":"Feature","geometry":{"type":"Point","coordinates":[28.766957,40.986765]},"properties":{"osm_id":"node/7899413058","kategori":"trafik_isigi","ad":null}},{"type":"Feature","geometry":{"type":"Point","coordinates":[28.909501,41.055418]},"properties":{"osm_id":"node/7905341139","kategori":"trafik_isigi","ad":null}},{"type":"Feature","geometry":{"type":"Point","coordinates":[29.138121,41.003627]},"properties":{"osm_id":"node/7972920363","kategori":"trafik_isigi","ad":null}},{"type":"Feature","geometry":{"type":"Point","coordinates":[29.13817,41.003716]},"properties":{"osm_id":"node/7972920364","kategori":"trafik_isigi","ad":null}},{"type":"Feature","geometry":{"type":"Point","coordinates":[29.140996,40.986956]},"properties":{"osm_id":"node/7984393934","kategori":"trafik_isigi","ad":null}},{"type":"Feature","geometry":{"type":"Point","coordinates":[29.141233,40.987088]},"properties":{"osm_id":"node/7984393935","kategori":"trafik_isigi","ad":null}},{"type":"Feature","geometry":{"type":"Point","coordinates":[29.159428,40.950067]},"properties":{"osm_id":"node/7995086550","kategori":"trafik_isigi","ad":null}},{"type":"Feature","geometry":{"type":"Point","coordinates":[28.775432,41.099683]},"properties":{"osm_id":"node/8000536680","kategori":"trafik_isigi","ad":null}},{"type":"Feature","geometry":{"type":"Point","coordinates":[28.885299,40.980036]},"properties":{"osm_id":"node/8021836406","kategori":"trafik_isigi","ad":null}},{"type":"Feature","geometry":{"type":"Point","coordinates":[28.863053,40.980435]},"properties":{"osm_id":"node/8021836409","kategori":"trafik_isigi","ad":null}},{"type":"Feature","geometry":{"type":"Point","coordinates":[28.859324,40.981561]},"properties":{"osm_id":"node/8021836411","kategori":"trafik_isigi","ad":null}},{"type":"Feature","geometry":{"type":"Point","coordinates":[28.860439,40.981089]},"properties":{"osm_id":"node/8021836412","kategori":"trafik_isigi","ad":null}},{"type":"Feature","geometry":{"type":"Point","coordinates":[29.105031,40.944965]},"properties":{"osm_id":"node/8046849977","kategori":"trafik_isigi","ad":null}},{"type":"Feature","geometry":{"type":"Point","coordinates":[29.10516,40.944952]},"properties":{"osm_id":"node/8046849978","kategori":"trafik_isigi","ad":null}},{"type":"Feature","geometry":{"type":"Point","coordinates":[28.920344,40.993681]},"properties":{"osm_id":"node/8071744733","kategori":"trafik_isigi","ad":null}},{"type":"Feature","geometry":{"type":"Point","coordinates":[28.920348,40.993926]},"properties":{"osm_id":"node/8071744734","kategori":"trafik_isigi","ad":null}},{"type":"Feature","geometry":{"type":"Point","coordinates":[28.920095,40.993711]},"properties":{"osm_id":"node/8071744739","kategori":"trafik_isigi","ad":null}},{"type":"Feature","geometry":{"type":"Point","coordinates":[28.824557,41.031732]},"properties":{"osm_id":"node/8148634274","kategori":"trafik_isigi","ad":null}},{"type":"Feature","geometry":{"type":"Point","coordinates":[29.19586,40.885035]},"properties":{"osm_id":"node/8193603632","kategori":"trafik_isigi","ad":null}},{"type":"Feature","geometry":{"type":"Point","coordinates":[28.974331,41.078708]},"properties":{"osm_id":"node/8237110417","kategori":"trafik_isigi","ad":null}},{"type":"Feature","geometry":{"type":"Point","coordinates":[28.642883,41.012587]},"properties":{"osm_id":"node/8249767990","kategori":"trafik_isigi","ad":null}},{"type":"Feature","geometry":{"type":"Point","coordinates":[29.022022,41.046924]},"properties":{"osm_id":"node/8320576857","kategori":"trafik_isigi","ad":null}},{"type":"Feature","geometry":{"type":"Point","coordinates":[29.021784,41.046823]},"properties":{"osm_id":"node/8320576866","kategori":"trafik_isigi","ad":null}},{"type":"Feature","geometry":{"type":"Point","coordinates":[28.62203,41.005673]},"properties":{"osm_id":"node/8334976890","kategori":"trafik_isigi","ad":null}},{"type":"Feature","geometry":{"type":"Point","coordinates":[28.739166,41.1863]},"properties":{"osm_id":"node/8354175606","kategori":"trafik_isigi","ad":null}},{"type":"Feature","geometry":{"type":"Point","coordinates":[28.870283,41.1068]},"properties":{"osm_id":"node/8418647267","kategori":"trafik_isigi","ad":null}},{"type":"Feature","geometry":{"type":"Point","coordinates":[29.071204,41.035597]},"properties":{"osm_id":"node/8520311150","kategori":"trafik_isigi","ad":null}},{"type":"Feature","geometry":{"type":"Point","coordinates":[29.255872,40.899876]},"properties":{"osm_id":"node/8579168103","kategori":"trafik_isigi","ad":null}},{"type":"Feature","geometry":{"type":"Point","coordinates":[29.255848,40.899585]},"properties":{"osm_id":"node/8592443128","kategori":"trafik_isigi","ad":null}},{"type":"Feature","geometry":{"type":"Point","coordinates":[28.974693,41.022663]},"properties":{"osm_id":"node/8601989714","kategori":"trafik_isigi","ad":null}},{"type":"Feature","geometry":{"type":"Point","coordinates":[29.216615,41.003543]},"properties":{"osm_id":"node/8676393177","kategori":"trafik_isigi","ad":null}},{"type":"Feature","geometry":{"type":"Point","coordinates":[29.216632,41.003367]},"properties":{"osm_id":"node/8676393178","kategori":"trafik_isigi","ad":null}},{"type":"Feature","geometry":{"type":"Point","coordinates":[29.237941,40.977636]},"properties":{"osm_id":"node/8702721896","kategori":"trafik_isigi","ad":null}},{"type":"Feature","geometry":{"type":"Point","coordinates":[28.889524,41.093798]},"properties":{"osm_id":"node/8702740447","kategori":"trafik_isigi","ad":null}},{"type":"Feature","geometry":{"type":"Point","coordinates":[28.889553,41.098552]},"properties":{"osm_id":"node/8702740449","kategori":"trafik_isigi","ad":null}},{"type":"Feature","geometry":{"type":"Point","coordinates":[28.885381,41.103617]},"properties":{"osm_id":"node/8702740452","kategori":"trafik_isigi","ad":null}},{"type":"Feature","geometry":{"type":"Point","coordinates":[29.223146,40.992056]},"properties":{"osm_id":"node/8702985570","kategori":"trafik_isigi","ad":null}},{"type":"Feature","geometry":{"type":"Point","coordinates":[29.218791,40.999352]},"properties":{"osm_id":"node/8702985572","kategori":"trafik_isigi","ad":null}},{"type":"Feature","geometry":{"type":"Point","coordinates":[29.223231,40.991995]},"properties":{"osm_id":"node/8702985573","kategori":"trafik_isigi","ad":null}},{"type":"Feature","geometry":{"type":"Point","coordinates":[29.250292,40.970134]},"properties":{"osm_id":"node/8702995544","kategori":"trafik_isigi","ad":null}},{"type":"Feature","geometry":{"type":"Point","coordinates":[28.932945,41.046079]},"properties":{"osm_id":"node/8704840484","kategori":"trafik_isigi","ad":null}},{"type":"Feature","geometry":{"type":"Point","coordinates":[28.932314,41.046329]},"properties":{"osm_id":"node/8704840495","kategori":"trafik_isigi","ad":null}},{"type":"Feature","geometry":{"type":"Point","coordinates":[29.078412,41.039072]},"properties":{"osm_id":"node/8710759177","kategori":"trafik_isigi","ad":null}},{"type":"Feature","geometry":{"type":"Point","coordinates":[29.006837,41.042286]},"properties":{"osm_id":"node/8714697404","kategori":"trafik_isigi","ad":null}},{"type":"Feature","geometry":{"type":"Point","coordinates":[28.240738,41.082466]},"properties":{"osm_id":"node/8721915958","kategori":"trafik_isigi","ad":null}},{"type":"Feature","geometry":{"type":"Point","coordinates":[28.912367,41.040336]},"properties":{"osm_id":"node/8732075197","kategori":"trafik_isigi","ad":null}},{"type":"Feature","geometry":{"type":"Point","coordinates":[28.913926,41.058208]},"properties":{"osm_id":"node/8732076153","kategori":"trafik_isigi","ad":null}},{"type":"Feature","geometry":{"type":"Point","coordinates":[28.907026,41.059491]},"properties":{"osm_id":"node/8733501213","kategori":"trafik_isigi","ad":null}},{"type":"Feature","geometry":{"type":"Point","coordinates":[28.906886,41.059626]},"properties":{"osm_id":"node/8733501214","kategori":"trafik_isigi","ad":null}},{"type":"Feature","geometry":{"type":"Point","coordinates":[28.90709,41.059663]},"properties":{"osm_id":"node/8733518817","kategori":"trafik_isigi","ad":null}},{"type":"Feature","geometry":{"type":"Point","coordinates":[28.910562,41.053935]},"properties":{"osm_id":"node/8737089912","kategori":"trafik_isigi","ad":null}},{"type":"Feature","geometry":{"type":"Point","coordinates":[28.910654,41.053377]},"properties":{"osm_id":"node/8737089913","kategori":"trafik_isigi","ad":null}},{"type":"Feature","geometry":{"type":"Point","coordinates":[28.907315,41.059697]},"properties":{"osm_id":"node/8737264678","kategori":"trafik_isigi","ad":null}},{"type":"Feature","geometry":{"type":"Point","coordinates":[28.90928,41.044553]},"properties":{"osm_id":"node/8738652976","kategori":"trafik_isigi","ad":null}},{"type":"Feature","geometry":{"type":"Point","coordinates":[28.796679,40.987066]},"properties":{"osm_id":"node/8739267337","kategori":"trafik_isigi","ad":null}},{"type":"Feature","geometry":{"type":"Point","coordinates":[28.797287,40.987324]},"properties":{"osm_id":"node/8739267340","kategori":"trafik_isigi","ad":null}},{"type":"Feature","geometry":{"type":"Point","coordinates":[28.942276,41.071277]},"properties":{"osm_id":"node/8740251106","kategori":"trafik_isigi","ad":null}},{"type":"Feature","geometry":{"type":"Point","coordinates":[28.942236,41.071216]},"properties":{"osm_id":"node/8740251112","kategori":"trafik_isigi","ad":null}},{"type":"Feature","geometry":{"type":"Point","coordinates":[28.893815,41.044381]},"properties":{"osm_id":"node/8740625379","kategori":"trafik_isigi","ad":null}},{"type":"Feature","geometry":{"type":"Point","coordinates":[28.907319,41.010734]},"properties":{"osm_id":"node/8745484450","kategori":"trafik_isigi","ad":null}},{"type":"Feature","geometry":{"type":"Point","coordinates":[28.90707,41.011043]},"properties":{"osm_id":"node/8745484457","kategori":"trafik_isigi","ad":null}},{"type":"Feature","geometry":{"type":"Point","coordinates":[28.837179,40.991211]},"properties":{"osm_id":"node/8746606021","kategori":"trafik_isigi","ad":null}},{"type":"Feature","geometry":{"type":"Point","coordinates":[28.76965,40.987817]},"properties":{"osm_id":"node/8752411239","kategori":"trafik_isigi","ad":null}},{"type":"Feature","geometry":{"type":"Point","coordinates":[28.723866,40.986036]},"properties":{"osm_id":"node/8752584811","kategori":"trafik_isigi","ad":null}},{"type":"Feature","geometry":{"type":"Point","coordinates":[28.722362,40.988746]},"properties":{"osm_id":"node/8755208776","kategori":"trafik_isigi","ad":null}},{"type":"Feature","geometry":{"type":"Point","coordinates":[28.787121,41.152111]},"properties":{"osm_id":"node/8761427141","kategori":"trafik_isigi","ad":null}},{"type":"Feature","geometry":{"type":"Point","coordinates":[28.375929,41.054268]},"properties":{"osm_id":"node/8764433256","kategori":"trafik_isigi","ad":null}},{"type":"Feature","geometry":{"type":"Point","coordinates":[28.376332,41.054364]},"properties":{"osm_id":"node/8764433273","kategori":"trafik_isigi","ad":null}},{"type":"Feature","geometry":{"type":"Point","coordinates":[28.375769,41.054409]},"properties":{"osm_id":"node/8764433274","kategori":"trafik_isigi","ad":null}},{"type":"Feature","geometry":{"type":"Point","coordinates":[28.722182,40.988702]},"properties":{"osm_id":"node/8767527176","kategori":"trafik_isigi","ad":null}},{"type":"Feature","geometry":{"type":"Point","coordinates":[28.911508,41.043824]},"properties":{"osm_id":"node/8768166660","kategori":"trafik_isigi","ad":null}},{"type":"Feature","geometry":{"type":"Point","coordinates":[28.892742,41.060459]},"properties":{"osm_id":"node/8768874175","kategori":"trafik_isigi","ad":null}},{"type":"Feature","geometry":{"type":"Point","coordinates":[28.892888,41.060428]},"properties":{"osm_id":"node/8768874177","kategori":"trafik_isigi","ad":null}},{"type":"Feature","geometry":{"type":"Point","coordinates":[28.877487,41.0783]},"properties":{"osm_id":"node/8776537545","kategori":"trafik_isigi","ad":null}},{"type":"Feature","geometry":{"type":"Point","coordinates":[28.927902,41.05894]},"properties":{"osm_id":"node/8776769491","kategori":"trafik_isigi","ad":null}},{"type":"Feature","geometry":{"type":"Point","coordinates":[28.935284,41.031292]},"properties":{"osm_id":"node/8777834618","kategori":"trafik_isigi","ad":null}},{"type":"Feature","geometry":{"type":"Point","coordinates":[28.906698,41.057572]},"properties":{"osm_id":"node/8778603134","kategori":"trafik_isigi","ad":null}},{"type":"Feature","geometry":{"type":"Point","coordinates":[28.958228,41.026643]},"properties":{"osm_id":"node/8782021574","kategori":"trafik_isigi","ad":null}},{"type":"Feature","geometry":{"type":"Point","coordinates":[28.958133,41.026813]},"properties":{"osm_id":"node/8782021580","kategori":"trafik_isigi","ad":null}},{"type":"Feature","geometry":{"type":"Point","coordinates":[28.434084,41.0385]},"properties":{"osm_id":"node/8785545946","kategori":"trafik_isigi","ad":null}},{"type":"Feature","geometry":{"type":"Point","coordinates":[28.434087,41.038235]},"properties":{"osm_id":"node/8785545963","kategori":"trafik_isigi","ad":null}},{"type":"Feature","geometry":{"type":"Point","coordinates":[28.433771,41.038412]},"properties":{"osm_id":"node/8785545964","kategori":"trafik_isigi","ad":null}},{"type":"Feature","geometry":{"type":"Point","coordinates":[28.413788,41.043824]},"properties":{"osm_id":"node/8785546014","kategori":"trafik_isigi","ad":null}},{"type":"Feature","geometry":{"type":"Point","coordinates":[28.250431,41.076751]},"properties":{"osm_id":"node/8786417196","kategori":"trafik_isigi","ad":null}},{"type":"Feature","geometry":{"type":"Point","coordinates":[28.244145,41.076591]},"properties":{"osm_id":"node/8786436932","kategori":"trafik_isigi","ad":null}},{"type":"Feature","geometry":{"type":"Point","coordinates":[28.164936,41.076565]},"properties":{"osm_id":"node/8788633804","kategori":"trafik_isigi","ad":null}},{"type":"Feature","geometry":{"type":"Point","coordinates":[28.164766,41.076575]},"properties":{"osm_id":"node/8788633805","kategori":"trafik_isigi","ad":null}},{"type":"Feature","geometry":{"type":"Point","coordinates":[28.045804,41.047444]},"properties":{"osm_id":"node/8789265084","kategori":"trafik_isigi","ad":null}},{"type":"Feature","geometry":{"type":"Point","coordinates":[28.045538,41.047427]},"properties":{"osm_id":"node/8789265085","kategori":"trafik_isigi","ad":null}},{"type":"Feature","geometry":{"type":"Point","coordinates":[28.045911,41.047682]},"properties":{"osm_id":"node/8789265088","kategori":"trafik_isigi","ad":null}},{"type":"Feature","geometry":{"type":"Point","coordinates":[28.900486,41.064939]},"properties":{"osm_id":"node/8804969804","kategori":"trafik_isigi","ad":null}},{"type":"Feature","geometry":{"type":"Point","coordinates":[28.804148,41.064763]},"properties":{"osm_id":"node/8805394540","kategori":"trafik_isigi","ad":null}},{"type":"Feature","geometry":{"type":"Point","coordinates":[28.666392,41.069251]},"properties":{"osm_id":"node/8807019263","kategori":"trafik_isigi","ad":null}},{"type":"Feature","geometry":{"type":"Point","coordinates":[28.666547,41.068981]},"properties":{"osm_id":"node/8807029263","kategori":"trafik_isigi","ad":null}},{"type":"Feature","geometry":{"type":"Point","coordinates":[28.666093,41.06911]},"properties":{"osm_id":"node/8807029265","kategori":"trafik_isigi","ad":null}},{"type":"Feature","geometry":{"type":"Point","coordinates":[28.897882,41.026932]},"properties":{"osm_id":"node/8807497083","kategori":"trafik_isigi","ad":null}},{"type":"Feature","geometry":{"type":"Point","coordinates":[29.003346,41.041376]},"properties":{"osm_id":"node/8809035597","kategori":"trafik_isigi","ad":null}},{"type":"Feature","geometry":{"type":"Point","coordinates":[28.251559,41.072837]},"properties":{"osm_id":"node/8809328449","kategori":"trafik_isigi","ad":null}},{"type":"Feature","geometry":{"type":"Point","coordinates":[28.876914,41.048409]},"properties":{"osm_id":"node/8823796885","kategori":"trafik_isigi","ad":null}},{"type":"Feature","geometry":{"type":"Point","coordinates":[28.898714,41.041919]},"properties":{"osm_id":"node/8823796890","kategori":"trafik_isigi","ad":null}},{"type":"Feature","geometry":{"type":"Point","coordinates":[28.885438,41.067897]},"properties":{"osm_id":"node/8823889521","kategori":"trafik_isigi","ad":null}},{"type":"Feature","geometry":{"type":"Point","coordinates":[28.886632,41.068561]},"properties":{"osm_id":"node/8823889524","kategori":"trafik_isigi","ad":null}},{"type":"Feature","geometry":{"type":"Point","coordinates":[28.907191,41.05943]},"properties":{"osm_id":"node/8823889553","kategori":"trafik_isigi","ad":null}},{"type":"Feature","geometry":{"type":"Point","coordinates":[28.914342,41.054268]},"properties":{"osm_id":"node/8823889558","kategori":"trafik_isigi","ad":null}},{"type":"Feature","geometry":{"type":"Point","coordinates":[28.914068,41.054322]},"properties":{"osm_id":"node/8823889559","kategori":"trafik_isigi","ad":null}},{"type":"Feature","geometry":{"type":"Point","coordinates":[28.91384,41.058019]},"properties":{"osm_id":"node/8823889561","kategori":"trafik_isigi","ad":null}},{"type":"Feature","geometry":{"type":"Point","coordinates":[28.413822,41.044064]},"properties":{"osm_id":"node/8826253132","kategori":"trafik_isigi","ad":null}},{"type":"Feature","geometry":{"type":"Point","coordinates":[28.434361,41.038353]},"properties":{"osm_id":"node/8826253134","kategori":"trafik_isigi","ad":null}},{"type":"Feature","geometry":{"type":"Point","coordinates":[28.855224,41.054216]},"properties":{"osm_id":"node/8827090476","kategori":"trafik_isigi","ad":null}},{"type":"Feature","geometry":{"type":"Point","coordinates":[28.890158,41.05967]},"properties":{"osm_id":"node/8827090478","kategori":"trafik_isigi","ad":null}},{"type":"Feature","geometry":{"type":"Point","coordinates":[28.916467,41.045558]},"properties":{"osm_id":"node/8827090479","kategori":"trafik_isigi","ad":null}},{"type":"Feature","geometry":{"type":"Point","coordinates":[28.916228,41.04543]},"properties":{"osm_id":"node/8827090481","kategori":"trafik_isigi","ad":null}},{"type":"Feature","geometry":{"type":"Point","coordinates":[28.913648,41.047413]},"properties":{"osm_id":"node/8827090487","kategori":"trafik_isigi","ad":null}},{"type":"Feature","geometry":{"type":"Point","coordinates":[28.911268,41.04403]},"properties":{"osm_id":"node/8827090488","kategori":"trafik_isigi","ad":null}},{"type":"Feature","geometry":{"type":"Point","coordinates":[28.911267,41.043973]},"properties":{"osm_id":"node/8827090491","kategori":"trafik_isigi","ad":null}},{"type":"Feature","geometry":{"type":"Point","coordinates":[28.911636,41.043965]},"properties":{"osm_id":"node/8827090496","kategori":"trafik_isigi","ad":null}},{"type":"Feature","geometry":{"type":"Point","coordinates":[28.912338,41.038406]},"properties":{"osm_id":"node/8827090504","kategori":"trafik_isigi","ad":null}},{"type":"Feature","geometry":{"type":"Point","coordinates":[28.912283,41.038598]},"properties":{"osm_id":"node/8827090505","kategori":"trafik_isigi","ad":null}},{"type":"Feature","geometry":{"type":"Point","coordinates":[28.912535,41.038703]},"properties":{"osm_id":"node/8827090506","kategori":"trafik_isigi","ad":null}},{"type":"Feature","geometry":{"type":"Point","coordinates":[28.903953,41.042431]},"properties":{"osm_id":"node/8827099817","kategori":"trafik_isigi","ad":null}},{"type":"Feature","geometry":{"type":"Point","coordinates":[28.903779,41.042569]},"properties":{"osm_id":"node/8827099819","kategori":"trafik_isigi","ad":null}},{"type":"Feature","geometry":{"type":"Point","coordinates":[28.903661,41.042577]},"properties":{"osm_id":"node/8827099820","kategori":"trafik_isigi","ad":null}},{"type":"Feature","geometry":{"type":"Point","coordinates":[28.917566,41.058021]},"properties":{"osm_id":"node/8828240505","kategori":"trafik_isigi","ad":null}},{"type":"Feature","geometry":{"type":"Point","coordinates":[28.917738,41.058167]},"properties":{"osm_id":"node/8828240507","kategori":"trafik_isigi","ad":null}},{"type":"Feature","geometry":{"type":"Point","coordinates":[29.02418,40.991798]},"properties":{"osm_id":"node/8844820757","kategori":"trafik_isigi","ad":null}},{"type":"Feature","geometry":{"type":"Point","coordinates":[29.024298,40.991743]},"properties":{"osm_id":"node/8844820758","kategori":"trafik_isigi","ad":null}},{"type":"Feature","geometry":{"type":"Point","coordinates":[29.024474,40.991661]},"properties":{"osm_id":"node/8844820759","kategori":"trafik_isigi","ad":null}},{"type":"Feature","geometry":{"type":"Point","coordinates":[28.786874,41.066517]},"properties":{"osm_id":"node/8848560689","kategori":"trafik_isigi","ad":null}},{"type":"Feature","geometry":{"type":"Point","coordinates":[28.900584,41.01717]},"properties":{"osm_id":"node/8851171846","kategori":"trafik_isigi","ad":null}},{"type":"Feature","geometry":{"type":"Point","coordinates":[28.661952,41.057079]},"properties":{"osm_id":"node/8852909562","kategori":"trafik_isigi","ad":null}},{"type":"Feature","geometry":{"type":"Point","coordinates":[28.534845,41.059924]},"properties":{"osm_id":"node/8853213462","kategori":"trafik_isigi","ad":null}},{"type":"Feature","geometry":{"type":"Point","coordinates":[28.53452,41.060155]},"properties":{"osm_id":"node/8853213468","kategori":"trafik_isigi","ad":null}},{"type":"Feature","geometry":{"type":"Point","coordinates":[28.554484,41.03001]},"properties":{"osm_id":"node/8853238928","kategori":"trafik_isigi","ad":null}},{"type":"Feature","geometry":{"type":"Point","coordinates":[28.554211,41.030314]},"properties":{"osm_id":"node/8853238929","kategori":"trafik_isigi","ad":null}},{"type":"Feature","geometry":{"type":"Point","coordinates":[28.805409,41.045575]},"properties":{"osm_id":"node/8854430512","kategori":"trafik_isigi","ad":null}},{"type":"Feature","geometry":{"type":"Point","coordinates":[28.868933,40.977139]},"properties":{"osm_id":"node/8857549312","kategori":"trafik_isigi","ad":null}},{"type":"Feature","geometry":{"type":"Point","coordinates":[28.868814,40.977072]},"properties":{"osm_id":"node/8857549314","kategori":"trafik_isigi","ad":null}},{"type":"Feature","geometry":{"type":"Point","coordinates":[28.865734,40.977066]},"properties":{"osm_id":"node/8859366375","kategori":"trafik_isigi","ad":null}},{"type":"Feature","geometry":{"type":"Point","coordinates":[28.866132,40.977053]},"properties":{"osm_id":"node/8859366382","kategori":"trafik_isigi","ad":null}},{"type":"Feature","geometry":{"type":"Point","coordinates":[28.86606,40.976877]},"properties":{"osm_id":"node/8859366387","kategori":"trafik_isigi","ad":null}},{"type":"Feature","geometry":{"type":"Point","coordinates":[28.864084,40.97877]},"properties":{"osm_id":"node/8859366412","kategori":"trafik_isigi","ad":null}},{"type":"Feature","geometry":{"type":"Point","coordinates":[28.855049,41.054158]},"properties":{"osm_id":"node/8863425565","kategori":"trafik_isigi","ad":null}},{"type":"Feature","geometry":{"type":"Point","coordinates":[28.927316,41.079629]},"properties":{"osm_id":"node/8868666689","kategori":"trafik_isigi","ad":null}},{"type":"Feature","geometry":{"type":"Point","coordinates":[28.926338,41.079866]},"properties":{"osm_id":"node/8868666699","kategori":"trafik_isigi","ad":null}},{"type":"Feature","geometry":{"type":"Point","coordinates":[28.926322,41.079796]},"properties":{"osm_id":"node/8868666701","kategori":"trafik_isigi","ad":null}},{"type":"Feature","geometry":{"type":"Point","coordinates":[28.926787,41.079351]},"properties":{"osm_id":"node/8868666705","kategori":"trafik_isigi","ad":null}},{"type":"Feature","geometry":{"type":"Point","coordinates":[28.926918,41.07944]},"properties":{"osm_id":"node/8868670719","kategori":"trafik_isigi","ad":null}},{"type":"Feature","geometry":{"type":"Point","coordinates":[28.863171,40.980796]},"properties":{"osm_id":"node/8868871173","kategori":"trafik_isigi","ad":null}},{"type":"Feature","geometry":{"type":"Point","coordinates":[28.862424,40.980673]},"properties":{"osm_id":"node/8868871174","kategori":"trafik_isigi","ad":null}},{"type":"Feature","geometry":{"type":"Point","coordinates":[28.859486,40.981276]},"properties":{"osm_id":"node/8868871189","kategori":"trafik_isigi","ad":null}},{"type":"Feature","geometry":{"type":"Point","coordinates":[28.856767,40.985677]},"properties":{"osm_id":"node/8868871205","kategori":"trafik_isigi","ad":null}},{"type":"Feature","geometry":{"type":"Point","coordinates":[28.856686,40.985677]},"properties":{"osm_id":"node/8868871208","kategori":"trafik_isigi","ad":null}},{"type":"Feature","geometry":{"type":"Point","coordinates":[28.856581,40.985901]},"properties":{"osm_id":"node/8868871216","kategori":"trafik_isigi","ad":null}},{"type":"Feature","geometry":{"type":"Point","coordinates":[28.853278,40.986438]},"properties":{"osm_id":"node/8868878834","kategori":"trafik_isigi","ad":null}},{"type":"Feature","geometry":{"type":"Point","coordinates":[28.852319,40.986298]},"properties":{"osm_id":"node/8868878862","kategori":"trafik_isigi","ad":null}},{"type":"Feature","geometry":{"type":"Point","coordinates":[28.851916,40.977703]},"properties":{"osm_id":"node/8871992971","kategori":"trafik_isigi","ad":null}},{"type":"Feature","geometry":{"type":"Point","coordinates":[28.851808,40.977501]},"properties":{"osm_id":"node/8871992975","kategori":"trafik_isigi","ad":null}},{"type":"Feature","geometry":{"type":"Point","coordinates":[28.851907,40.977615]},"properties":{"osm_id":"node/8871992980","kategori":"trafik_isigi","ad":null}},{"type":"Feature","geometry":{"type":"Point","coordinates":[28.834466,40.96453]},"properties":{"osm_id":"node/8873094002","kategori":"trafik_isigi","ad":null}},{"type":"Feature","geometry":{"type":"Point","coordinates":[28.840025,40.968209]},"properties":{"osm_id":"node/8874531554","kategori":"trafik_isigi","ad":null}},{"type":"Feature","geometry":{"type":"Point","coordinates":[28.823684,40.963128]},"properties":{"osm_id":"node/8880783060","kategori":"trafik_isigi","ad":null}},{"type":"Feature","geometry":{"type":"Point","coordinates":[28.82392,40.963231]},"properties":{"osm_id":"node/8880783063","kategori":"trafik_isigi","ad":null}},{"type":"Feature","geometry":{"type":"Point","coordinates":[28.816751,40.964468]},"properties":{"osm_id":"node/8880783068","kategori":"trafik_isigi","ad":null}},{"type":"Feature","geometry":{"type":"Point","coordinates":[28.817009,40.964166]},"properties":{"osm_id":"node/8880783070","kategori":"trafik_isigi","ad":null}},{"type":"Feature","geometry":{"type":"Point","coordinates":[28.816143,40.964288]},"properties":{"osm_id":"node/8880783942","kategori":"trafik_isigi","ad":null}},{"type":"Feature","geometry":{"type":"Point","coordinates":[28.782466,40.974808]},"properties":{"osm_id":"node/8883679922","kategori":"trafik_isigi","ad":null}},{"type":"Feature","geometry":{"type":"Point","coordinates":[28.804597,40.976796]},"properties":{"osm_id":"node/8887329274","kategori":"trafik_isigi","ad":null}},{"type":"Feature","geometry":{"type":"Point","coordinates":[28.804565,40.976636]},"properties":{"osm_id":"node/8887329277","kategori":"trafik_isigi","ad":null}},{"type":"Feature","geometry":{"type":"Point","coordinates":[28.804813,40.976824]},"properties":{"osm_id":"node/8887329286","kategori":"trafik_isigi","ad":null}},{"type":"Feature","geometry":{"type":"Point","coordinates":[28.805774,41.045488]},"properties":{"osm_id":"node/8887895704","kategori":"trafik_isigi","ad":null}},{"type":"Feature","geometry":{"type":"Point","coordinates":[28.799972,41.040329]},"properties":{"osm_id":"node/8887911144","kategori":"trafik_isigi","ad":null}},{"type":"Feature","geometry":{"type":"Point","coordinates":[28.800188,41.040704]},"properties":{"osm_id":"node/8887911147","kategori":"trafik_isigi","ad":null}},{"type":"Feature","geometry":{"type":"Point","coordinates":[28.801872,41.042656]},"properties":{"osm_id":"node/8887911156","kategori":"trafik_isigi","ad":null}},{"type":"Feature","geometry":{"type":"Point","coordinates":[28.801844,41.042985]},"properties":{"osm_id":"node/8887911163","kategori":"trafik_isigi","ad":null}},{"type":"Feature","geometry":{"type":"Point","coordinates":[28.802057,41.042828]},"properties":{"osm_id":"node/8887911165","kategori":"trafik_isigi","ad":null}},{"type":"Feature","geometry":{"type":"Point","coordinates":[28.802055,41.042777]},"properties":{"osm_id":"node/8887911167","kategori":"trafik_isigi","ad":null}},{"type":"Feature","geometry":{"type":"Point","coordinates":[28.797933,41.038238]},"properties":{"osm_id":"node/8887911207","kategori":"trafik_isigi","ad":null}},{"type":"Feature","geometry":{"type":"Point","coordinates":[28.798063,41.038052]},"properties":{"osm_id":"node/8887911214","kategori":"trafik_isigi","ad":null}},{"type":"Feature","geometry":{"type":"Point","coordinates":[28.798139,41.03829]},"properties":{"osm_id":"node/8887911215","kategori":"trafik_isigi","ad":null}},{"type":"Feature","geometry":{"type":"Point","coordinates":[28.933789,41.032173]},"properties":{"osm_id":"node/8888799639","kategori":"trafik_isigi","ad":null}},{"type":"Feature","geometry":{"type":"Point","coordinates":[28.933761,41.032412]},"properties":{"osm_id":"node/8888799657","kategori":"trafik_isigi","ad":null}},{"type":"Feature","geometry":{"type":"Point","coordinates":[28.933786,41.032395]},"properties":{"osm_id":"node/8888799660","kategori":"trafik_isigi","ad":null}},{"type":"Feature","geometry":{"type":"Point","coordinates":[28.933462,41.032198]},"properties":{"osm_id":"node/8888799663","kategori":"trafik_isigi","ad":null}},{"type":"Feature","geometry":{"type":"Point","coordinates":[28.933392,41.032109]},"properties":{"osm_id":"node/8888799666","kategori":"trafik_isigi","ad":null}},{"type":"Feature","geometry":{"type":"Point","coordinates":[28.933512,41.032236]},"properties":{"osm_id":"node/8888799669","kategori":"trafik_isigi","ad":null}},{"type":"Feature","geometry":{"type":"Point","coordinates":[28.928924,41.034053]},"properties":{"osm_id":"node/8888799689","kategori":"trafik_isigi","ad":null}},{"type":"Feature","geometry":{"type":"Point","coordinates":[29.007599,41.080002]},"properties":{"osm_id":"node/8907997014","kategori":"trafik_isigi","ad":null}},{"type":"Feature","geometry":{"type":"Point","coordinates":[29.007448,41.080008]},"properties":{"osm_id":"node/8908030729","kategori":"trafik_isigi","ad":null}},{"type":"Feature","geometry":{"type":"Point","coordinates":[28.976796,41.083106]},"properties":{"osm_id":"node/8908030745","kategori":"trafik_isigi","ad":null}},{"type":"Feature","geometry":{"type":"Point","coordinates":[28.932612,41.028706]},"properties":{"osm_id":"node/8909725560","kategori":"trafik_isigi","ad":null}},{"type":"Feature","geometry":{"type":"Point","coordinates":[28.932722,41.028408]},"properties":{"osm_id":"node/8909725566","kategori":"trafik_isigi","ad":null}},{"type":"Feature","geometry":{"type":"Point","coordinates":[28.932358,41.028478]},"properties":{"osm_id":"node/8909725579","kategori":"trafik_isigi","ad":null}},{"type":"Feature","geometry":{"type":"Point","coordinates":[28.932269,41.028365]},"properties":{"osm_id":"node/8909725585","kategori":"trafik_isigi","ad":null}},{"type":"Feature","geometry":{"type":"Point","coordinates":[28.929529,41.024794]},"properties":{"osm_id":"node/8910669751","kategori":"trafik_isigi","ad":null}},{"type":"Feature","geometry":{"type":"Point","coordinates":[28.911517,41.095141]},"properties":{"osm_id":"node/8911052009","kategori":"trafik_isigi","ad":null}},{"type":"Feature","geometry":{"type":"Point","coordinates":[28.911424,41.09488]},"properties":{"osm_id":"node/8911052028","kategori":"trafik_isigi","ad":null}},{"type":"Feature","geometry":{"type":"Point","coordinates":[28.914913,41.017885]},"properties":{"osm_id":"node/8914077869","kategori":"trafik_isigi","ad":null}},{"type":"Feature","geometry":{"type":"Point","coordinates":[28.91519,41.017877]},"properties":{"osm_id":"node/8914077870","kategori":"trafik_isigi","ad":null}},{"type":"Feature","geometry":{"type":"Point","coordinates":[28.921386,41.014086]},"properties":{"osm_id":"node/8916085605","kategori":"trafik_isigi","ad":null}},{"type":"Feature","geometry":{"type":"Point","coordinates":[28.921544,41.014167]},"properties":{"osm_id":"node/8916085611","kategori":"trafik_isigi","ad":null}},{"type":"Feature","geometry":{"type":"Point","coordinates":[27.998235,41.094059]},"properties":{"osm_id":"node/8923206194","kategori":"trafik_isigi","ad":null}},{"type":"Feature","geometry":{"type":"Point","coordinates":[28.863304,41.098076]},"properties":{"osm_id":"node/8929469186","kategori":"trafik_isigi","ad":null}},{"type":"Feature","geometry":{"type":"Point","coordinates":[28.863212,41.097918]},"properties":{"osm_id":"node/8929469187","kategori":"trafik_isigi","ad":null}},{"type":"Feature","geometry":{"type":"Point","coordinates":[28.862999,41.098089]},"properties":{"osm_id":"node/8929469188","kategori":"trafik_isigi","ad":null}},{"type":"Feature","geometry":{"type":"Point","coordinates":[28.862907,41.097936]},"properties":{"osm_id":"node/8929469189","kategori":"trafik_isigi","ad":null}},{"type":"Feature","geometry":{"type":"Point","coordinates":[28.863065,41.098097]},"properties":{"osm_id":"node/8929469190","kategori":"trafik_isigi","ad":null}},{"type":"Feature","geometry":{"type":"Point","coordinates":[28.863125,41.097908]},"properties":{"osm_id":"node/8929469191","kategori":"trafik_isigi","ad":null}},{"type":"Feature","geometry":{"type":"Point","coordinates":[28.894571,41.006658]},"properties":{"osm_id":"node/8958337950","kategori":"trafik_isigi","ad":null}},{"type":"Feature","geometry":{"type":"Point","coordinates":[28.894329,41.006532]},"properties":{"osm_id":"node/8958337958","kategori":"trafik_isigi","ad":null}},{"type":"Feature","geometry":{"type":"Point","coordinates":[28.894317,41.00661]},"properties":{"osm_id":"node/8958337959","kategori":"trafik_isigi","ad":null}},{"type":"Feature","geometry":{"type":"Point","coordinates":[28.918414,41.042523]},"properties":{"osm_id":"node/8962898290","kategori":"trafik_isigi","ad":null}},{"type":"Feature","geometry":{"type":"Point","coordinates":[28.920012,41.041282]},"properties":{"osm_id":"node/8962898302","kategori":"trafik_isigi","ad":null}},{"type":"Feature","geometry":{"type":"Point","coordinates":[28.994327,41.040895]},"properties":{"osm_id":"node/8963805317","kategori":"trafik_isigi","ad":null}},{"type":"Feature","geometry":{"type":"Point","coordinates":[28.883578,41.074757]},"properties":{"osm_id":"node/8972804259","kategori":"trafik_isigi","ad":null}},{"type":"Feature","geometry":{"type":"Point","coordinates":[28.886256,41.066366]},"properties":{"osm_id":"node/8972804305","kategori":"trafik_isigi","ad":null}},{"type":"Feature","geometry":{"type":"Point","coordinates":[28.886072,41.066551]},"properties":{"osm_id":"node/8972804306","kategori":"trafik_isigi","ad":null}},{"type":"Feature","geometry":{"type":"Point","coordinates":[28.829918,41.053047]},"properties":{"osm_id":"node/8976822854","kategori":"trafik_isigi","ad":null}},{"type":"Feature","geometry":{"type":"Point","coordinates":[28.892976,41.058155]},"properties":{"osm_id":"node/8978161972","kategori":"trafik_isigi","ad":null}},{"type":"Feature","geometry":{"type":"Point","coordinates":[28.892779,41.058197]},"properties":{"osm_id":"node/8978161974","kategori":"trafik_isigi","ad":null}},{"type":"Feature","geometry":{"type":"Point","coordinates":[28.892977,41.058339]},"properties":{"osm_id":"node/8978161976","kategori":"trafik_isigi","ad":null}},{"type":"Feature","geometry":{"type":"Point","coordinates":[28.892847,41.058364]},"properties":{"osm_id":"node/8978161977","kategori":"trafik_isigi","ad":null}},{"type":"Feature","geometry":{"type":"Point","coordinates":[28.882801,41.090965]},"properties":{"osm_id":"node/8978174779","kategori":"trafik_isigi","ad":null}},{"type":"Feature","geometry":{"type":"Point","coordinates":[28.889824,41.091421]},"properties":{"osm_id":"node/8978186862","kategori":"trafik_isigi","ad":null}},{"type":"Feature","geometry":{"type":"Point","coordinates":[28.890132,41.091311]},"properties":{"osm_id":"node/8978186864","kategori":"trafik_isigi","ad":null}},{"type":"Feature","geometry":{"type":"Point","coordinates":[28.891556,41.063626]},"properties":{"osm_id":"node/8981460953","kategori":"trafik_isigi","ad":null}},{"type":"Feature","geometry":{"type":"Point","coordinates":[28.891491,41.063639]},"properties":{"osm_id":"node/8981460957","kategori":"trafik_isigi","ad":null}},{"type":"Feature","geometry":{"type":"Point","coordinates":[28.890246,41.071334]},"properties":{"osm_id":"node/8983961226","kategori":"trafik_isigi","ad":null}},{"type":"Feature","geometry":{"type":"Point","coordinates":[28.88996,41.071253]},"properties":{"osm_id":"node/8983961228","kategori":"trafik_isigi","ad":null}},{"type":"Feature","geometry":{"type":"Point","coordinates":[28.889868,41.071419]},"properties":{"osm_id":"node/8983961232","kategori":"trafik_isigi","ad":null}},{"type":"Feature","geometry":{"type":"Point","coordinates":[28.893058,41.070056]},"properties":{"osm_id":"node/8983961249","kategori":"trafik_isigi","ad":null}},{"type":"Feature","geometry":{"type":"Point","coordinates":[28.86977,41.104512]},"properties":{"osm_id":"node/8986364477","kategori":"trafik_isigi","ad":null}},{"type":"Feature","geometry":{"type":"Point","coordinates":[28.880632,41.093269]},"properties":{"osm_id":"node/8986364666","kategori":"trafik_isigi","ad":null}},{"type":"Feature","geometry":{"type":"Point","coordinates":[28.906988,41.069911]},"properties":{"osm_id":"node/8988352138","kategori":"trafik_isigi","ad":null}},{"type":"Feature","geometry":{"type":"Point","coordinates":[28.906911,41.070131]},"properties":{"osm_id":"node/8988352140","kategori":"trafik_isigi","ad":null}},{"type":"Feature","geometry":{"type":"Point","coordinates":[28.907181,41.06999]},"properties":{"osm_id":"node/8988352141","kategori":"trafik_isigi","ad":null}},{"type":"Feature","geometry":{"type":"Point","coordinates":[28.866811,41.105981]},"properties":{"osm_id":"node/8990567570","kategori":"trafik_isigi","ad":null}},{"type":"Feature","geometry":{"type":"Point","coordinates":[28.866828,41.105957]},"properties":{"osm_id":"node/8990567579","kategori":"trafik_isigi","ad":null}},{"type":"Feature","geometry":{"type":"Point","coordinates":[28.889078,41.098921]},"properties":{"osm_id":"node/8999479364","kategori":"trafik_isigi","ad":null}},{"type":"Feature","geometry":{"type":"Point","coordinates":[29.006706,41.042352]},"properties":{"osm_id":"node/9010737525","kategori":"trafik_isigi","ad":null}},{"type":"Feature","geometry":{"type":"Point","coordinates":[29.007157,41.043879]},"properties":{"osm_id":"node/9010737559","kategori":"trafik_isigi","ad":null}},{"type":"Feature","geometry":{"type":"Point","coordinates":[29.008111,41.042471]},"properties":{"osm_id":"node/9010737569","kategori":"trafik_isigi","ad":null}},{"type":"Feature","geometry":{"type":"Point","coordinates":[29.007855,41.042436]},"properties":{"osm_id":"node/9010737571","kategori":"trafik_isigi","ad":null}},{"type":"Feature","geometry":{"type":"Point","coordinates":[29.008051,41.04235]},"properties":{"osm_id":"node/9010737573","kategori":"trafik_isigi","ad":null}},{"type":"Feature","geometry":{"type":"Point","coordinates":[28.847143,41.001498]},"properties":{"osm_id":"node/9010995054","kategori":"trafik_isigi","ad":null}},{"type":"Feature","geometry":{"type":"Point","coordinates":[28.893339,41.070102]},"properties":{"osm_id":"node/9021226575","kategori":"trafik_isigi","ad":null}},{"type":"Feature","geometry":{"type":"Point","coordinates":[28.88687,41.073422]},"properties":{"osm_id":"node/9021391469","kategori":"trafik_isigi","ad":null}},{"type":"Feature","geometry":{"type":"Point","coordinates":[28.886557,41.073131]},"properties":{"osm_id":"node/9021391476","kategori":"trafik_isigi","ad":null}},{"type":"Feature","geometry":{"type":"Point","coordinates":[28.886835,41.073121]},"properties":{"osm_id":"node/9022574515","kategori":"trafik_isigi","ad":null}},{"type":"Feature","geometry":{"type":"Point","coordinates":[28.945427,41.01043]},"properties":{"osm_id":"node/9023659787","kategori":"trafik_isigi","ad":null}},{"type":"Feature","geometry":{"type":"Point","coordinates":[28.877388,41.078344]},"properties":{"osm_id":"node/9024963382","kategori":"trafik_isigi","ad":null}},{"type":"Feature","geometry":{"type":"Point","coordinates":[28.893191,41.0811]},"properties":{"osm_id":"node/9025585832","kategori":"trafik_isigi","ad":null}},{"type":"Feature","geometry":{"type":"Point","coordinates":[28.892755,41.079628]},"properties":{"osm_id":"node/9025585864","kategori":"trafik_isigi","ad":null}},{"type":"Feature","geometry":{"type":"Point","coordinates":[28.89252,41.079854]},"properties":{"osm_id":"node/9025585865","kategori":"trafik_isigi","ad":null}},{"type":"Feature","geometry":{"type":"Point","coordinates":[28.878564,41.077418]},"properties":{"osm_id":"node/9026703983","kategori":"trafik_isigi","ad":null}},{"type":"Feature","geometry":{"type":"Point","coordinates":[28.87885,41.077419]},"properties":{"osm_id":"node/9026703984","kategori":"trafik_isigi","ad":null}},{"type":"Feature","geometry":{"type":"Point","coordinates":[28.878995,41.077173]},"properties":{"osm_id":"node/9026703987","kategori":"trafik_isigi","ad":null}},{"type":"Feature","geometry":{"type":"Point","coordinates":[28.916171,41.018401]},"properties":{"osm_id":"node/9038926435","kategori":"trafik_isigi","ad":null}},{"type":"Feature","geometry":{"type":"Point","coordinates":[28.938717,41.012569]},"properties":{"osm_id":"node/9040236140","kategori":"trafik_isigi","ad":null}},{"type":"Feature","geometry":{"type":"Point","coordinates":[28.906954,41.004081]},"properties":{"osm_id":"node/9040236204","kategori":"trafik_isigi","ad":null}},{"type":"Feature","geometry":{"type":"Point","coordinates":[28.880596,41.011007]},"properties":{"osm_id":"node/9040308125","kategori":"trafik_isigi","ad":null}},{"type":"Feature","geometry":{"type":"Point","coordinates":[28.878256,41.014585]},"properties":{"osm_id":"node/9040308162","kategori":"trafik_isigi","ad":null}},{"type":"Feature","geometry":{"type":"Point","coordinates":[28.878481,41.014722]},"properties":{"osm_id":"node/9040308164","kategori":"trafik_isigi","ad":null}},{"type":"Feature","geometry":{"type":"Point","coordinates":[28.899296,41.081707]},"properties":{"osm_id":"node/9045487468","kategori":"trafik_isigi","ad":null}},{"type":"Feature","geometry":{"type":"Point","coordinates":[28.906194,41.078017]},"properties":{"osm_id":"node/9051062137","kategori":"trafik_isigi","ad":null}},{"type":"Feature","geometry":{"type":"Point","coordinates":[28.907598,41.075715]},"properties":{"osm_id":"node/9051730693","kategori":"trafik_isigi","ad":null}},{"type":"Feature","geometry":{"type":"Point","coordinates":[28.907778,41.075801]},"properties":{"osm_id":"node/9051730715","kategori":"trafik_isigi","ad":null}},{"type":"Feature","geometry":{"type":"Point","coordinates":[28.90664,41.075038]},"properties":{"osm_id":"node/9051766351","kategori":"trafik_isigi","ad":null}},{"type":"Feature","geometry":{"type":"Point","coordinates":[28.787168,41.153034]},"properties":{"osm_id":"node/9056996930","kategori":"trafik_isigi","ad":null}},{"type":"Feature","geometry":{"type":"Point","coordinates":[28.786946,41.153183]},"properties":{"osm_id":"node/9056996935","kategori":"trafik_isigi","ad":null}},{"type":"Feature","geometry":{"type":"Point","coordinates":[28.787067,41.152904]},"properties":{"osm_id":"node/9056996936","kategori":"trafik_isigi","ad":null}},{"type":"Feature","geometry":{"type":"Point","coordinates":[28.910661,41.069025]},"properties":{"osm_id":"node/9062726539","kategori":"trafik_isigi","ad":null}},{"type":"Feature","geometry":{"type":"Point","coordinates":[28.915017,41.069302]},"properties":{"osm_id":"node/9062734440","kategori":"trafik_isigi","ad":null}},{"type":"Feature","geometry":{"type":"Point","coordinates":[28.919891,41.067454]},"properties":{"osm_id":"node/9064357292","kategori":"trafik_isigi","ad":null}},{"type":"Feature","geometry":{"type":"Point","coordinates":[28.920362,41.067662]},"properties":{"osm_id":"node/9064357299","kategori":"trafik_isigi","ad":null}},{"type":"Feature","geometry":{"type":"Point","coordinates":[28.905261,41.066651]},"properties":{"osm_id":"node/9067963890","kategori":"trafik_isigi","ad":null}},{"type":"Feature","geometry":{"type":"Point","coordinates":[28.905403,41.066536]},"properties":{"osm_id":"node/9067963893","kategori":"trafik_isigi","ad":null}},{"type":"Feature","geometry":{"type":"Point","coordinates":[28.905385,41.066747]},"properties":{"osm_id":"node/9067963897","kategori":"trafik_isigi","ad":null}},{"type":"Feature","geometry":{"type":"Point","coordinates":[28.908187,41.067109]},"properties":{"osm_id":"node/9067963898","kategori":"trafik_isigi","ad":null}},{"type":"Feature","geometry":{"type":"Point","coordinates":[28.914996,41.047268]},"properties":{"osm_id":"node/9074128200","kategori":"trafik_isigi","ad":null}},{"type":"Feature","geometry":{"type":"Point","coordinates":[28.915454,41.046639]},"properties":{"osm_id":"node/9074128203","kategori":"trafik_isigi","ad":null}},{"type":"Feature","geometry":{"type":"Point","coordinates":[28.91546,41.046475]},"properties":{"osm_id":"node/9074128208","kategori":"trafik_isigi","ad":null}},{"type":"Feature","geometry":{"type":"Point","coordinates":[28.916108,41.045884]},"properties":{"osm_id":"node/9074128214","kategori":"trafik_isigi","ad":null}},{"type":"Feature","geometry":{"type":"Point","coordinates":[28.916445,41.045242]},"properties":{"osm_id":"node/9074129220","kategori":"trafik_isigi","ad":null}},{"type":"Feature","geometry":{"type":"Point","coordinates":[28.918197,41.042593]},"properties":{"osm_id":"node/9074129241","kategori":"trafik_isigi","ad":null}},{"type":"Feature","geometry":{"type":"Point","coordinates":[28.919042,41.041896]},"properties":{"osm_id":"node/9074129247","kategori":"trafik_isigi","ad":null}},{"type":"Feature","geometry":{"type":"Point","coordinates":[29.253287,40.969394]},"properties":{"osm_id":"node/9076701267","kategori":"trafik_isigi","ad":null}},{"type":"Feature","geometry":{"type":"Point","coordinates":[28.916285,41.058227]},"properties":{"osm_id":"node/9077651061","kategori":"trafik_isigi","ad":null}},{"type":"Feature","geometry":{"type":"Point","coordinates":[28.921104,41.057908]},"properties":{"osm_id":"node/9084912219","kategori":"trafik_isigi","ad":null}},{"type":"Feature","geometry":{"type":"Point","coordinates":[28.921192,41.05799]},"properties":{"osm_id":"node/9084912220","kategori":"trafik_isigi","ad":null}},{"type":"Feature","geometry":{"type":"Point","coordinates":[28.884694,41.091771]},"properties":{"osm_id":"node/9089448869","kategori":"trafik_isigi","ad":null}},{"type":"Feature","geometry":{"type":"Point","coordinates":[28.672069,41.019148]},"properties":{"osm_id":"node/9109042499","kategori":"trafik_isigi","ad":null}},{"type":"Feature","geometry":{"type":"Point","coordinates":[28.67006,41.020573]},"properties":{"osm_id":"node/9109042500","kategori":"trafik_isigi","ad":null}},{"type":"Feature","geometry":{"type":"Point","coordinates":[28.623141,41.034969]},"properties":{"osm_id":"node/9111113565","kategori":"trafik_isigi","ad":null}},{"type":"Feature","geometry":{"type":"Point","coordinates":[28.623334,41.034964]},"properties":{"osm_id":"node/9111113566","kategori":"trafik_isigi","ad":null}},{"type":"Feature","geometry":{"type":"Point","coordinates":[28.623499,41.034023]},"properties":{"osm_id":"node/9111113567","kategori":"trafik_isigi","ad":null}},{"type":"Feature","geometry":{"type":"Point","coordinates":[28.625493,41.12159]},"properties":{"osm_id":"node/9111113590","kategori":"trafik_isigi","ad":null}},{"type":"Feature","geometry":{"type":"Point","coordinates":[28.625558,41.122197]},"properties":{"osm_id":"node/9111113596","kategori":"trafik_isigi","ad":null}},{"type":"Feature","geometry":{"type":"Point","coordinates":[28.625781,41.121451]},"properties":{"osm_id":"node/9111113606","kategori":"trafik_isigi","ad":null}},{"type":"Feature","geometry":{"type":"Point","coordinates":[28.625379,41.122474]},"properties":{"osm_id":"node/9111113607","kategori":"trafik_isigi","ad":null}},{"type":"Feature","geometry":{"type":"Point","coordinates":[28.625271,41.122372]},"properties":{"osm_id":"node/9111113608","kategori":"trafik_isigi","ad":null}},{"type":"Feature","geometry":{"type":"Point","coordinates":[28.625886,41.121477]},"properties":{"osm_id":"node/9111113609","kategori":"trafik_isigi","ad":null}},{"type":"Feature","geometry":{"type":"Point","coordinates":[28.625968,41.121498]},"properties":{"osm_id":"node/9111113610","kategori":"trafik_isigi","ad":null}},{"type":"Feature","geometry":{"type":"Point","coordinates":[28.618115,41.151486]},"properties":{"osm_id":"node/9111188957","kategori":"trafik_isigi","ad":null}},{"type":"Feature","geometry":{"type":"Point","coordinates":[28.928163,41.058918]},"properties":{"osm_id":"node/9117098204","kategori":"trafik_isigi","ad":null}},{"type":"Feature","geometry":{"type":"Point","coordinates":[28.790135,41.148445]},"properties":{"osm_id":"node/9120889566","kategori":"trafik_isigi","ad":null}},{"type":"Feature","geometry":{"type":"Point","coordinates":[28.790686,41.148196]},"properties":{"osm_id":"node/9120889567","kategori":"trafik_isigi","ad":null}},{"type":"Feature","geometry":{"type":"Point","coordinates":[29.165992,41.066983]},"properties":{"osm_id":"node/9142506241","kategori":"trafik_isigi","ad":null}},{"type":"Feature","geometry":{"type":"Point","coordinates":[28.792109,41.011539]},"properties":{"osm_id":"node/9155425570","kategori":"trafik_isigi","ad":null}},{"type":"Feature","geometry":{"type":"Point","coordinates":[28.798469,41.009675]},"properties":{"osm_id":"node/9155425572","kategori":"trafik_isigi","ad":null}},{"type":"Feature","geometry":{"type":"Point","coordinates":[28.798713,41.009533]},"properties":{"osm_id":"node/9155425573","kategori":"trafik_isigi","ad":null}},{"type":"Feature","geometry":{"type":"Point","coordinates":[28.800655,41.009524]},"properties":{"osm_id":"node/9155425574","kategori":"trafik_isigi","ad":null}},{"type":"Feature","geometry":{"type":"Point","coordinates":[28.801026,41.009611]},"properties":{"osm_id":"node/9155425575","kategori":"trafik_isigi","ad":null}},{"type":"Feature","geometry":{"type":"Point","coordinates":[28.801484,41.009346]},"properties":{"osm_id":"node/9155425576","kategori":"trafik_isigi","ad":null}},{"type":"Feature","geometry":{"type":"Point","coordinates":[28.801399,41.009343]},"properties":{"osm_id":"node/9155425577","kategori":"trafik_isigi","ad":null}},{"type":"Feature","geometry":{"type":"Point","coordinates":[28.804558,41.008787]},"properties":{"osm_id":"node/9155425578","kategori":"trafik_isigi","ad":null}},{"type":"Feature","geometry":{"type":"Point","coordinates":[28.804251,41.008769]},"properties":{"osm_id":"node/9155425579","kategori":"trafik_isigi","ad":null}},{"type":"Feature","geometry":{"type":"Point","coordinates":[28.790538,41.02654]},"properties":{"osm_id":"node/9155425582","kategori":"trafik_isigi","ad":null}},{"type":"Feature","geometry":{"type":"Point","coordinates":[28.790454,41.026965]},"properties":{"osm_id":"node/9155425583","kategori":"trafik_isigi","ad":null}},{"type":"Feature","geometry":{"type":"Point","coordinates":[28.790602,41.027174]},"properties":{"osm_id":"node/9155425584","kategori":"trafik_isigi","ad":null}},{"type":"Feature","geometry":{"type":"Point","coordinates":[28.789591,41.032931]},"properties":{"osm_id":"node/9155425585","kategori":"trafik_isigi","ad":null}},{"type":"Feature","geometry":{"type":"Point","coordinates":[28.789356,41.033287]},"properties":{"osm_id":"node/9155425586","kategori":"trafik_isigi","ad":null}},{"type":"Feature","geometry":{"type":"Point","coordinates":[28.790797,41.033328]},"properties":{"osm_id":"node/9155425587","kategori":"trafik_isigi","ad":null}},{"type":"Feature","geometry":{"type":"Point","coordinates":[28.789798,41.035411]},"properties":{"osm_id":"node/9155425588","kategori":"trafik_isigi","ad":null}},{"type":"Feature","geometry":{"type":"Point","coordinates":[28.789849,41.035551]},"properties":{"osm_id":"node/9155425589","kategori":"trafik_isigi","ad":null}},{"type":"Feature","geometry":{"type":"Point","coordinates":[28.788579,41.035352]},"properties":{"osm_id":"node/9155425590","kategori":"trafik_isigi","ad":null}},{"type":"Feature","geometry":{"type":"Point","coordinates":[28.78704,41.03543]},"properties":{"osm_id":"node/9155425591","kategori":"trafik_isigi","ad":null}},{"type":"Feature","geometry":{"type":"Point","coordinates":[28.787078,41.035351]},"properties":{"osm_id":"node/9155425592","kategori":"trafik_isigi","ad":null}},{"type":"Feature","geometry":{"type":"Point","coordinates":[28.788232,41.035206]},"properties":{"osm_id":"node/9155425593","kategori":"trafik_isigi","ad":null}},{"type":"Feature","geometry":{"type":"Point","coordinates":[28.795426,41.02955]},"properties":{"osm_id":"node/9155425594","kategori":"trafik_isigi","ad":null}},{"type":"Feature","geometry":{"type":"Point","coordinates":[28.795602,41.029768]},"properties":{"osm_id":"node/9155425595","kategori":"trafik_isigi","ad":null}},{"type":"Feature","geometry":{"type":"Point","coordinates":[28.797826,41.029491]},"properties":{"osm_id":"node/9155425596","kategori":"trafik_isigi","ad":null}},{"type":"Feature","geometry":{"type":"Point","coordinates":[28.798085,41.029576]},"properties":{"osm_id":"node/9155425597","kategori":"trafik_isigi","ad":null}},{"type":"Feature","geometry":{"type":"Point","coordinates":[28.801425,41.028886]},"properties":{"osm_id":"node/9155425598","kategori":"trafik_isigi","ad":null}},{"type":"Feature","geometry":{"type":"Point","coordinates":[28.776786,41.179039]},"properties":{"osm_id":"node/9160335032","kategori":"trafik_isigi","ad":null}},{"type":"Feature","geometry":{"type":"Point","coordinates":[28.777,41.17906]},"properties":{"osm_id":"node/9160335043","kategori":"trafik_isigi","ad":null}},{"type":"Feature","geometry":{"type":"Point","coordinates":[28.776938,41.179133]},"properties":{"osm_id":"node/9160335063","kategori":"trafik_isigi","ad":null}},{"type":"Feature","geometry":{"type":"Point","coordinates":[28.777161,41.178883]},"properties":{"osm_id":"node/9160335064","kategori":"trafik_isigi","ad":null}},{"type":"Feature","geometry":{"type":"Point","coordinates":[28.777052,41.178488]},"properties":{"osm_id":"node/9160335065","kategori":"trafik_isigi","ad":null}},{"type":"Feature","geometry":{"type":"Point","coordinates":[28.772053,41.184187]},"properties":{"osm_id":"node/9160335092","kategori":"trafik_isigi","ad":null}},{"type":"Feature","geometry":{"type":"Point","coordinates":[28.77214,41.184078]},"properties":{"osm_id":"node/9160335093","kategori":"trafik_isigi","ad":null}},{"type":"Feature","geometry":{"type":"Point","coordinates":[28.795492,41.230848]},"properties":{"osm_id":"node/9160345606","kategori":"trafik_isigi","ad":null}},{"type":"Feature","geometry":{"type":"Point","coordinates":[28.833296,41.133741]},"properties":{"osm_id":"node/9162657556","kategori":"trafik_isigi","ad":null}},{"type":"Feature","geometry":{"type":"Point","coordinates":[28.833441,41.133571]},"properties":{"osm_id":"node/9162657560","kategori":"trafik_isigi","ad":null}},{"type":"Feature","geometry":{"type":"Point","coordinates":[28.833055,41.133703]},"properties":{"osm_id":"node/9162657561","kategori":"trafik_isigi","ad":null}},{"type":"Feature","geometry":{"type":"Point","coordinates":[28.833073,41.133709]},"properties":{"osm_id":"node/9162657629","kategori":"trafik_isigi","ad":null}},{"type":"Feature","geometry":{"type":"Point","coordinates":[28.835834,41.131222]},"properties":{"osm_id":"node/9162657633","kategori":"trafik_isigi","ad":null}},{"type":"Feature","geometry":{"type":"Point","coordinates":[28.838064,41.129252]},"properties":{"osm_id":"node/9162657634","kategori":"trafik_isigi","ad":null}},{"type":"Feature","geometry":{"type":"Point","coordinates":[28.753585,41.173944]},"properties":{"osm_id":"node/9162657768","kategori":"trafik_isigi","ad":null}},{"type":"Feature","geometry":{"type":"Point","coordinates":[28.753561,41.174308]},"properties":{"osm_id":"node/9162657775","kategori":"trafik_isigi","ad":null}},{"type":"Feature","geometry":{"type":"Point","coordinates":[28.75394,41.174119]},"properties":{"osm_id":"node/9162657791","kategori":"trafik_isigi","ad":null}},{"type":"Feature","geometry":{"type":"Point","coordinates":[28.773469,41.162021]},"properties":{"osm_id":"node/9162657822","kategori":"trafik_isigi","ad":null}},{"type":"Feature","geometry":{"type":"Point","coordinates":[28.773203,41.162307]},"properties":{"osm_id":"node/9162657844","kategori":"trafik_isigi","ad":null}},{"type":"Feature","geometry":{"type":"Point","coordinates":[28.753324,41.174085]},"properties":{"osm_id":"node/9162657877","kategori":"trafik_isigi","ad":null}},{"type":"Feature","geometry":{"type":"Point","coordinates":[29.225516,40.988313]},"properties":{"osm_id":"node/9174334372","kategori":"trafik_isigi","ad":null}},{"type":"Feature","geometry":{"type":"Point","coordinates":[28.996019,41.066417]},"properties":{"osm_id":"node/9191645061","kategori":"trafik_isigi","ad":null}},{"type":"Feature","geometry":{"type":"Point","coordinates":[28.994836,41.066184]},"properties":{"osm_id":"node/9191645108","kategori":"trafik_isigi","ad":null}},{"type":"Feature","geometry":{"type":"Point","coordinates":[29.215498,40.963678]},"properties":{"osm_id":"node/9193007781","kategori":"trafik_isigi","ad":null}},{"type":"Feature","geometry":{"type":"Point","coordinates":[29.215662,40.963498]},"properties":{"osm_id":"node/9193007782","kategori":"trafik_isigi","ad":null}},{"type":"Feature","geometry":{"type":"Point","coordinates":[28.877503,41.078423]},"properties":{"osm_id":"node/9205758997","kategori":"trafik_isigi","ad":null}},{"type":"Feature","geometry":{"type":"Point","coordinates":[28.923488,41.03665]},"properties":{"osm_id":"node/9218503933","kategori":"trafik_isigi","ad":null}},{"type":"Feature","geometry":{"type":"Point","coordinates":[28.923763,41.036591]},"properties":{"osm_id":"node/9218530171","kategori":"trafik_isigi","ad":null}},{"type":"Feature","geometry":{"type":"Point","coordinates":[28.671513,41.063536]},"properties":{"osm_id":"node/9229654090","kategori":"trafik_isigi","ad":null}},{"type":"Feature","geometry":{"type":"Point","coordinates":[28.974144,41.079808]},"properties":{"osm_id":"node/9230312067","kategori":"trafik_isigi","ad":null}},{"type":"Feature","geometry":{"type":"Point","coordinates":[28.798706,41.009704]},"properties":{"osm_id":"node/9234655679","kategori":"trafik_isigi","ad":null}},{"type":"Feature","geometry":{"type":"Point","coordinates":[29.02921,41.108789]},"properties":{"osm_id":"node/9237358524","kategori":"trafik_isigi","ad":null}},{"type":"Feature","geometry":{"type":"Point","coordinates":[28.786738,41.152122]},"properties":{"osm_id":"node/9258056845","kategori":"trafik_isigi","ad":null}},{"type":"Feature","geometry":{"type":"Point","coordinates":[28.783035,41.150376]},"properties":{"osm_id":"node/9258056870","kategori":"trafik_isigi","ad":null}},{"type":"Feature","geometry":{"type":"Point","coordinates":[28.783153,41.150384]},"properties":{"osm_id":"node/9258056871","kategori":"trafik_isigi","ad":null}},{"type":"Feature","geometry":{"type":"Point","coordinates":[28.783079,41.150174]},"properties":{"osm_id":"node/9258056872","kategori":"trafik_isigi","ad":null}},{"type":"Feature","geometry":{"type":"Point","coordinates":[28.781419,41.149157]},"properties":{"osm_id":"node/9258056881","kategori":"trafik_isigi","ad":null}},{"type":"Feature","geometry":{"type":"Point","coordinates":[28.781275,41.149174]},"properties":{"osm_id":"node/9258056886","kategori":"trafik_isigi","ad":null}},{"type":"Feature","geometry":{"type":"Point","coordinates":[28.781304,41.149361]},"properties":{"osm_id":"node/9258056887","kategori":"trafik_isigi","ad":null}},{"type":"Feature","geometry":{"type":"Point","coordinates":[29.104108,41.061093]},"properties":{"osm_id":"node/9264481185","kategori":"trafik_isigi","ad":null}},{"type":"Feature","geometry":{"type":"Point","coordinates":[29.308548,40.916694]},"properties":{"osm_id":"node/9285887598","kategori":"trafik_isigi","ad":null}},{"type":"Feature","geometry":{"type":"Point","coordinates":[29.31164,40.918189]},"properties":{"osm_id":"node/9285887603","kategori":"trafik_isigi","ad":null}},{"type":"Feature","geometry":{"type":"Point","coordinates":[29.312066,40.919289]},"properties":{"osm_id":"node/9285887604","kategori":"trafik_isigi","ad":null}},{"type":"Feature","geometry":{"type":"Point","coordinates":[29.311925,40.919454]},"properties":{"osm_id":"node/9285887605","kategori":"trafik_isigi","ad":null}},{"type":"Feature","geometry":{"type":"Point","coordinates":[28.926123,41.038146]},"properties":{"osm_id":"node/9296415275","kategori":"trafik_isigi","ad":null}},{"type":"Feature","geometry":{"type":"Point","coordinates":[28.925566,41.037707]},"properties":{"osm_id":"node/9296415284","kategori":"trafik_isigi","ad":null}},{"type":"Feature","geometry":{"type":"Point","coordinates":[28.925872,41.038084]},"properties":{"osm_id":"node/9296415289","kategori":"trafik_isigi","ad":null}},{"type":"Feature","geometry":{"type":"Point","coordinates":[28.929788,41.048472]},"properties":{"osm_id":"node/9308077343","kategori":"trafik_isigi","ad":null}},{"type":"Feature","geometry":{"type":"Point","coordinates":[28.929799,41.048283]},"properties":{"osm_id":"node/9308077345","kategori":"trafik_isigi","ad":null}},{"type":"Feature","geometry":{"type":"Point","coordinates":[28.906565,41.041582]},"properties":{"osm_id":"node/9310771398","kategori":"trafik_isigi","ad":null}},{"type":"Feature","geometry":{"type":"Point","coordinates":[28.906531,41.041671]},"properties":{"osm_id":"node/9310771400","kategori":"trafik_isigi","ad":null}},{"type":"Feature","geometry":{"type":"Point","coordinates":[28.906764,41.041663]},"properties":{"osm_id":"node/9310771401","kategori":"trafik_isigi","ad":null}},{"type":"Feature","geometry":{"type":"Point","coordinates":[28.894744,41.050212]},"properties":{"osm_id":"node/9312322157","kategori":"trafik_isigi","ad":null}},{"type":"Feature","geometry":{"type":"Point","coordinates":[28.898144,41.019023]},"properties":{"osm_id":"node/9330931112","kategori":"trafik_isigi","ad":null}},{"type":"Feature","geometry":{"type":"Point","coordinates":[28.897739,41.018879]},"properties":{"osm_id":"node/9330931113","kategori":"trafik_isigi","ad":null}},{"type":"Feature","geometry":{"type":"Point","coordinates":[28.95101,41.03085]},"properties":{"osm_id":"node/9336729827","kategori":"trafik_isigi","ad":null}},{"type":"Feature","geometry":{"type":"Point","coordinates":[28.901707,41.062344]},"properties":{"osm_id":"node/9348190105","kategori":"trafik_isigi","ad":null}},{"type":"Feature","geometry":{"type":"Point","coordinates":[28.901932,41.062329]},"properties":{"osm_id":"node/9348190106","kategori":"trafik_isigi","ad":null}},{"type":"Feature","geometry":{"type":"Point","coordinates":[28.900553,41.064939]},"properties":{"osm_id":"node/9348190113","kategori":"trafik_isigi","ad":null}},{"type":"Feature","geometry":{"type":"Point","coordinates":[28.675685,41.020104]},"properties":{"osm_id":"node/9349471027","kategori":"trafik_isigi","ad":null}},{"type":"Feature","geometry":{"type":"Point","coordinates":[28.67544,41.020053]},"properties":{"osm_id":"node/9349471028","kategori":"trafik_isigi","ad":null}},{"type":"Feature","geometry":{"type":"Point","coordinates":[28.670355,41.020548]},"properties":{"osm_id":"node/9349525874","kategori":"trafik_isigi","ad":null}},{"type":"Feature","geometry":{"type":"Point","coordinates":[28.90075,41.017234]},"properties":{"osm_id":"node/9353349557","kategori":"trafik_isigi","ad":null}},{"type":"Feature","geometry":{"type":"Point","coordinates":[29.027122,41.077479]},"properties":{"osm_id":"node/9359396498","kategori":"trafik_isigi","ad":null}},{"type":"Feature","geometry":{"type":"Point","coordinates":[29.027133,41.077415]},"properties":{"osm_id":"node/9359396499","kategori":"trafik_isigi","ad":null}},{"type":"Feature","geometry":{"type":"Point","coordinates":[29.027502,41.077588]},"properties":{"osm_id":"node/9359396500","kategori":"trafik_isigi","ad":null}},{"type":"Feature","geometry":{"type":"Point","coordinates":[29.028509,41.077669]},"properties":{"osm_id":"node/9359467225","kategori":"trafik_isigi","ad":null}},{"type":"Feature","geometry":{"type":"Point","coordinates":[29.028478,41.077492]},"properties":{"osm_id":"node/9359467239","kategori":"trafik_isigi","ad":null}},{"type":"Feature","geometry":{"type":"Point","coordinates":[29.028337,41.077471]},"properties":{"osm_id":"node/9359467240","kategori":"trafik_isigi","ad":null}},{"type":"Feature","geometry":{"type":"Point","coordinates":[29.028056,41.077544]},"properties":{"osm_id":"node/9359467241","kategori":"trafik_isigi","ad":null}},{"type":"Feature","geometry":{"type":"Point","coordinates":[29.026408,41.076395]},"properties":{"osm_id":"node/9359467249","kategori":"trafik_isigi","ad":null}},{"type":"Feature","geometry":{"type":"Point","coordinates":[29.02642,41.076275]},"properties":{"osm_id":"node/9359467251","kategori":"trafik_isigi","ad":null}},{"type":"Feature","geometry":{"type":"Point","coordinates":[29.027137,41.075273]},"properties":{"osm_id":"node/9360219721","kategori":"trafik_isigi","ad":null}},{"type":"Feature","geometry":{"type":"Point","coordinates":[29.022642,41.077208]},"properties":{"osm_id":"node/9363359994","kategori":"trafik_isigi","ad":null}},{"type":"Feature","geometry":{"type":"Point","coordinates":[29.022408,41.077262]},"properties":{"osm_id":"node/9363360007","kategori":"trafik_isigi","ad":null}},{"type":"Feature","geometry":{"type":"Point","coordinates":[29.022338,41.077225]},"properties":{"osm_id":"node/9363360015","kategori":"trafik_isigi","ad":null}},{"type":"Feature","geometry":{"type":"Point","coordinates":[29.022612,41.079639]},"properties":{"osm_id":"node/9363373621","kategori":"trafik_isigi","ad":null}},{"type":"Feature","geometry":{"type":"Point","coordinates":[29.022459,41.079522]},"properties":{"osm_id":"node/9363373624","kategori":"trafik_isigi","ad":null}},{"type":"Feature","geometry":{"type":"Point","coordinates":[29.022787,41.079397]},"properties":{"osm_id":"node/9363373632","kategori":"trafik_isigi","ad":null}},{"type":"Feature","geometry":{"type":"Point","coordinates":[28.825219,41.062824]},"properties":{"osm_id":"node/9364201689","kategori":"trafik_isigi","ad":null}},{"type":"Feature","geometry":{"type":"Point","coordinates":[28.80369,41.064578]},"properties":{"osm_id":"node/9366824802","kategori":"trafik_isigi","ad":null}},{"type":"Feature","geometry":{"type":"Point","coordinates":[28.950084,41.076752]},"properties":{"osm_id":"node/9368241017","kategori":"trafik_isigi","ad":null}},{"type":"Feature","geometry":{"type":"Point","coordinates":[28.897441,41.059337]},"properties":{"osm_id":"node/9368571491","kategori":"trafik_isigi","ad":null}},{"type":"Feature","geometry":{"type":"Point","coordinates":[28.89766,41.059438]},"properties":{"osm_id":"node/9368571492","kategori":"trafik_isigi","ad":null}},{"type":"Feature","geometry":{"type":"Point","coordinates":[28.897456,41.059498]},"properties":{"osm_id":"node/9368571495","kategori":"trafik_isigi","ad":null}},{"type":"Feature","geometry":{"type":"Point","coordinates":[28.897566,41.059252]},"properties":{"osm_id":"node/9368571498","kategori":"trafik_isigi","ad":null}},{"type":"Feature","geometry":{"type":"Point","coordinates":[28.944204,41.04525]},"properties":{"osm_id":"node/9379350372","kategori":"trafik_isigi","ad":null}},{"type":"Feature","geometry":{"type":"Point","coordinates":[28.896157,41.067973]},"properties":{"osm_id":"node/9384248400","kategori":"trafik_isigi","ad":null}},{"type":"Feature","geometry":{"type":"Point","coordinates":[28.891264,41.063839]},"properties":{"osm_id":"node/9384248414","kategori":"trafik_isigi","ad":null}},{"type":"Feature","geometry":{"type":"Point","coordinates":[28.891538,41.063924]},"properties":{"osm_id":"node/9384248415","kategori":"trafik_isigi","ad":null}},{"type":"Feature","geometry":{"type":"Point","coordinates":[28.886271,41.066459]},"properties":{"osm_id":"node/9384252056","kategori":"trafik_isigi","ad":null}},{"type":"Feature","geometry":{"type":"Point","coordinates":[28.885417,41.067757]},"properties":{"osm_id":"node/9384252077","kategori":"trafik_isigi","ad":null}},{"type":"Feature","geometry":{"type":"Point","coordinates":[28.88656,41.068748]},"properties":{"osm_id":"node/9384314797","kategori":"trafik_isigi","ad":null}},{"type":"Feature","geometry":{"type":"Point","coordinates":[28.886361,41.068508]},"properties":{"osm_id":"node/9384314800","kategori":"trafik_isigi","ad":null}},{"type":"Feature","geometry":{"type":"Point","coordinates":[29.024179,41.119821]},"properties":{"osm_id":"node/9384897895","kategori":"trafik_isigi","ad":null}},{"type":"Feature","geometry":{"type":"Point","coordinates":[29.023954,41.126829]},"properties":{"osm_id":"node/9384897902","kategori":"trafik_isigi","ad":null}},{"type":"Feature","geometry":{"type":"Point","coordinates":[29.024439,41.130194]},"properties":{"osm_id":"node/9384897904","kategori":"trafik_isigi","ad":null}},{"type":"Feature","geometry":{"type":"Point","coordinates":[29.02435,41.129975]},"properties":{"osm_id":"node/9384897905","kategori":"trafik_isigi","ad":null}},{"type":"Feature","geometry":{"type":"Point","coordinates":[29.025166,41.134737]},"properties":{"osm_id":"node/9384906749","kategori":"trafik_isigi","ad":null}},{"type":"Feature","geometry":{"type":"Point","coordinates":[28.920208,41.041072]},"properties":{"osm_id":"node/9385532757","kategori":"trafik_isigi","ad":null}},{"type":"Feature","geometry":{"type":"Point","coordinates":[28.922963,41.037441]},"properties":{"osm_id":"node/9385532767","kategori":"trafik_isigi","ad":null}},{"type":"Feature","geometry":{"type":"Point","coordinates":[28.923205,41.037433]},"properties":{"osm_id":"node/9385532768","kategori":"trafik_isigi","ad":null}},{"type":"Feature","geometry":{"type":"Point","coordinates":[28.926941,41.051419]},"properties":{"osm_id":"node/9393846198","kategori":"trafik_isigi","ad":null}},{"type":"Feature","geometry":{"type":"Point","coordinates":[28.927065,41.051406]},"properties":{"osm_id":"node/9393846200","kategori":"trafik_isigi","ad":null}},{"type":"Feature","geometry":{"type":"Point","coordinates":[28.906531,41.057455]},"properties":{"osm_id":"node/9395290320","kategori":"trafik_isigi","ad":null}},{"type":"Feature","geometry":{"type":"Point","coordinates":[28.899988,41.049918]},"properties":{"osm_id":"node/9404456690","kategori":"trafik_isigi","ad":null}},{"type":"Feature","geometry":{"type":"Point","coordinates":[28.900126,41.049722]},"properties":{"osm_id":"node/9404456693","kategori":"trafik_isigi","ad":null}},{"type":"Feature","geometry":{"type":"Point","coordinates":[28.899912,41.049683]},"properties":{"osm_id":"node/9404456694","kategori":"trafik_isigi","ad":null}},{"type":"Feature","geometry":{"type":"Point","coordinates":[28.893663,41.044495]},"properties":{"osm_id":"node/9404529704","kategori":"trafik_isigi","ad":null}},{"type":"Feature","geometry":{"type":"Point","coordinates":[29.024907,40.99132]},"properties":{"osm_id":"node/9412569818","kategori":"trafik_isigi","ad":null}},{"type":"Feature","geometry":{"type":"Point","coordinates":[29.024886,40.991259]},"properties":{"osm_id":"node/9412569819","kategori":"trafik_isigi","ad":null}},{"type":"Feature","geometry":{"type":"Point","coordinates":[28.944573,41.088286]},"properties":{"osm_id":"node/9414899642","kategori":"trafik_isigi","ad":null}},{"type":"Feature","geometry":{"type":"Point","coordinates":[28.944401,41.088336]},"properties":{"osm_id":"node/9414899653","kategori":"trafik_isigi","ad":null}},{"type":"Feature","geometry":{"type":"Point","coordinates":[28.939817,41.056759]},"properties":{"osm_id":"node/9437990578","kategori":"trafik_isigi","ad":null}},{"type":"Feature","geometry":{"type":"Point","coordinates":[28.939989,41.056736]},"properties":{"osm_id":"node/9437990587","kategori":"trafik_isigi","ad":null}},{"type":"Feature","geometry":{"type":"Point","coordinates":[28.940659,41.056821]},"properties":{"osm_id":"node/9437990590","kategori":"trafik_isigi","ad":null}},{"type":"Feature","geometry":{"type":"Point","coordinates":[28.940744,41.056916]},"properties":{"osm_id":"node/9437990594","kategori":"trafik_isigi","ad":null}},{"type":"Feature","geometry":{"type":"Point","coordinates":[28.941994,41.057269]},"properties":{"osm_id":"node/9437990604","kategori":"trafik_isigi","ad":null}},{"type":"Feature","geometry":{"type":"Point","coordinates":[28.942189,41.057443]},"properties":{"osm_id":"node/9437990605","kategori":"trafik_isigi","ad":null}},{"type":"Feature","geometry":{"type":"Point","coordinates":[28.911646,41.042272]},"properties":{"osm_id":"node/9438226946","kategori":"trafik_isigi","ad":null}},{"type":"Feature","geometry":{"type":"Point","coordinates":[28.89561,41.03394]},"properties":{"osm_id":"node/9438292380","kategori":"trafik_isigi","ad":null}},{"type":"Feature","geometry":{"type":"Point","coordinates":[28.895709,41.034122]},"properties":{"osm_id":"node/9438292384","kategori":"trafik_isigi","ad":null}},{"type":"Feature","geometry":{"type":"Point","coordinates":[28.895953,41.034155]},"properties":{"osm_id":"node/9438292385","kategori":"trafik_isigi","ad":null}},{"type":"Feature","geometry":{"type":"Point","coordinates":[28.895601,41.034011]},"properties":{"osm_id":"node/9438292397","kategori":"trafik_isigi","ad":null}},{"type":"Feature","geometry":{"type":"Point","coordinates":[28.901123,41.027716]},"properties":{"osm_id":"node/9439879654","kategori":"trafik_isigi","ad":null}},{"type":"Feature","geometry":{"type":"Point","coordinates":[28.885979,41.036888]},"properties":{"osm_id":"node/9444237514","kategori":"trafik_isigi","ad":null}},{"type":"Feature","geometry":{"type":"Point","coordinates":[28.886022,41.036934]},"properties":{"osm_id":"node/9444237515","kategori":"trafik_isigi","ad":null}},{"type":"Feature","geometry":{"type":"Point","coordinates":[28.886195,41.036911]},"properties":{"osm_id":"node/9444237516","kategori":"trafik_isigi","ad":null}},{"type":"Feature","geometry":{"type":"Point","coordinates":[28.889211,41.035641]},"properties":{"osm_id":"node/9445202033","kategori":"trafik_isigi","ad":null}},{"type":"Feature","geometry":{"type":"Point","coordinates":[29.106587,40.966685]},"properties":{"osm_id":"node/9445744394","kategori":"trafik_isigi","ad":null}},{"type":"Feature","geometry":{"type":"Point","coordinates":[29.106694,40.966652]},"properties":{"osm_id":"node/9445744395","kategori":"trafik_isigi","ad":null}},{"type":"Feature","geometry":{"type":"Point","coordinates":[28.872425,41.055027]},"properties":{"osm_id":"node/9447535942","kategori":"trafik_isigi","ad":null}},{"type":"Feature","geometry":{"type":"Point","coordinates":[28.82503,41.062723]},"properties":{"osm_id":"node/9448554082","kategori":"trafik_isigi","ad":null}},{"type":"Feature","geometry":{"type":"Point","coordinates":[28.875463,41.080551]},"properties":{"osm_id":"node/9449746816","kategori":"trafik_isigi","ad":null}},{"type":"Feature","geometry":{"type":"Point","coordinates":[28.875196,41.080513]},"properties":{"osm_id":"node/9449754517","kategori":"trafik_isigi","ad":null}},{"type":"Feature","geometry":{"type":"Point","coordinates":[28.849288,41.055831]},"properties":{"osm_id":"node/9453239144","kategori":"trafik_isigi","ad":null}},{"type":"Feature","geometry":{"type":"Point","coordinates":[28.849416,41.055925]},"properties":{"osm_id":"node/9453239145","kategori":"trafik_isigi","ad":null}},{"type":"Feature","geometry":{"type":"Point","coordinates":[28.849487,41.055701]},"properties":{"osm_id":"node/9453239146","kategori":"trafik_isigi","ad":null}},{"type":"Feature","geometry":{"type":"Point","coordinates":[28.894612,41.080127]},"properties":{"osm_id":"node/9455005271","kategori":"trafik_isigi","ad":null}},{"type":"Feature","geometry":{"type":"Point","coordinates":[28.89433,41.080249]},"properties":{"osm_id":"node/9455005272","kategori":"trafik_isigi","ad":null}},{"type":"Feature","geometry":{"type":"Point","coordinates":[28.79246,41.054977]},"properties":{"osm_id":"node/9455564114","kategori":"trafik_isigi","ad":null}},{"type":"Feature","geometry":{"type":"Point","coordinates":[28.907433,41.059554]},"properties":{"osm_id":"node/9461713335","kategori":"trafik_isigi","ad":null}},{"type":"Feature","geometry":{"type":"Point","coordinates":[28.932364,41.046423]},"properties":{"osm_id":"node/9463396721","kategori":"trafik_isigi","ad":null}},{"type":"Feature","geometry":{"type":"Point","coordinates":[28.932292,41.046099]},"properties":{"osm_id":"node/9463396772","kategori":"trafik_isigi","ad":null}},{"type":"Feature","geometry":{"type":"Point","coordinates":[28.932338,41.046191]},"properties":{"osm_id":"node/9463396775","kategori":"trafik_isigi","ad":null}},{"type":"Feature","geometry":{"type":"Point","coordinates":[28.932164,41.046362]},"properties":{"osm_id":"node/9463396779","kategori":"trafik_isigi","ad":null}},{"type":"Feature","geometry":{"type":"Point","coordinates":[28.93292,41.045992]},"properties":{"osm_id":"node/9463396788","kategori":"trafik_isigi","ad":null}},{"type":"Feature","geometry":{"type":"Point","coordinates":[28.934435,41.046029]},"properties":{"osm_id":"node/9464494868","kategori":"trafik_isigi","ad":null}},{"type":"Feature","geometry":{"type":"Point","coordinates":[28.928675,41.042783]},"properties":{"osm_id":"node/9464549378","kategori":"trafik_isigi","ad":null}},{"type":"Feature","geometry":{"type":"Point","coordinates":[28.928642,41.042942]},"properties":{"osm_id":"node/9464549379","kategori":"trafik_isigi","ad":null}},{"type":"Feature","geometry":{"type":"Point","coordinates":[28.92875,41.042962]},"properties":{"osm_id":"node/9465371628","kategori":"trafik_isigi","ad":null}},{"type":"Feature","geometry":{"type":"Point","coordinates":[28.934106,41.038064]},"properties":{"osm_id":"node/9465844947","kategori":"trafik_isigi","ad":null}},{"type":"Feature","geometry":{"type":"Point","coordinates":[28.739154,41.094229]},"properties":{"osm_id":"node/9472508848","kategori":"trafik_isigi","ad":null}},{"type":"Feature","geometry":{"type":"Point","coordinates":[28.738349,41.093303]},"properties":{"osm_id":"node/9472508868","kategori":"trafik_isigi","ad":null}},{"type":"Feature","geometry":{"type":"Point","coordinates":[28.738408,41.093272]},"properties":{"osm_id":"node/9472508873","kategori":"trafik_isigi","ad":null}},{"type":"Feature","geometry":{"type":"Point","coordinates":[28.949514,41.063695]},"properties":{"osm_id":"node/9482142304","kategori":"trafik_isigi","ad":null}},{"type":"Feature","geometry":{"type":"Point","coordinates":[28.949277,41.063514]},"properties":{"osm_id":"node/9482156585","kategori":"trafik_isigi","ad":null}},{"type":"Feature","geometry":{"type":"Point","coordinates":[28.949023,41.063382]},"properties":{"osm_id":"node/9482156586","kategori":"trafik_isigi","ad":null}},{"type":"Feature","geometry":{"type":"Point","coordinates":[28.949479,41.063145]},"properties":{"osm_id":"node/9482156587","kategori":"trafik_isigi","ad":null}},{"type":"Feature","geometry":{"type":"Point","coordinates":[28.494407,41.120216]},"properties":{"osm_id":"node/9489193783","kategori":"trafik_isigi","ad":null}},{"type":"Feature","geometry":{"type":"Point","coordinates":[28.49405,41.120475]},"properties":{"osm_id":"node/9489193814","kategori":"trafik_isigi","ad":null}},{"type":"Feature","geometry":{"type":"Point","coordinates":[28.797775,41.048932]},"properties":{"osm_id":"node/9511213225","kategori":"trafik_isigi","ad":null}},{"type":"Feature","geometry":{"type":"Point","coordinates":[28.797782,41.049025]},"properties":{"osm_id":"node/9511213226","kategori":"trafik_isigi","ad":null}},{"type":"Feature","geometry":{"type":"Point","coordinates":[28.797519,41.048915]},"properties":{"osm_id":"node/9511213227","kategori":"trafik_isigi","ad":null}},{"type":"Feature","geometry":{"type":"Point","coordinates":[28.927093,41.040429]},"properties":{"osm_id":"node/9512208465","kategori":"trafik_isigi","ad":null}},{"type":"Feature","geometry":{"type":"Point","coordinates":[28.927459,41.040329]},"properties":{"osm_id":"node/9512208467","kategori":"trafik_isigi","ad":null}},{"type":"Feature","geometry":{"type":"Point","coordinates":[28.927249,41.040263]},"properties":{"osm_id":"node/9512208469","kategori":"trafik_isigi","ad":null}},{"type":"Feature","geometry":{"type":"Point","coordinates":[28.927273,41.040552]},"properties":{"osm_id":"node/9512208471","kategori":"trafik_isigi","ad":null}},{"type":"Feature","geometry":{"type":"Point","coordinates":[28.884163,41.104269]},"properties":{"osm_id":"node/9519382783","kategori":"trafik_isigi","ad":null}},{"type":"Feature","geometry":{"type":"Point","coordinates":[28.884497,41.104352]},"properties":{"osm_id":"node/9519382784","kategori":"trafik_isigi","ad":null}},{"type":"Feature","geometry":{"type":"Point","coordinates":[28.87558,41.098139]},"properties":{"osm_id":"node/9519382797","kategori":"trafik_isigi","ad":null}},{"type":"Feature","geometry":{"type":"Point","coordinates":[28.876017,41.097665]},"properties":{"osm_id":"node/9519382799","kategori":"trafik_isigi","ad":null}},{"type":"Feature","geometry":{"type":"Point","coordinates":[28.876128,41.097253]},"properties":{"osm_id":"node/9519382804","kategori":"trafik_isigi","ad":null}},{"type":"Feature","geometry":{"type":"Point","coordinates":[28.875818,41.098125]},"properties":{"osm_id":"node/9519382805","kategori":"trafik_isigi","ad":null}},{"type":"Feature","geometry":{"type":"Point","coordinates":[28.785745,41.001721]},"properties":{"osm_id":"node/9530113253","kategori":"trafik_isigi","ad":null}},{"type":"Feature","geometry":{"type":"Point","coordinates":[28.797025,41.000118]},"properties":{"osm_id":"node/9530113257","kategori":"trafik_isigi","ad":null}},{"type":"Feature","geometry":{"type":"Point","coordinates":[28.797078,40.99999]},"properties":{"osm_id":"node/9530113258","kategori":"trafik_isigi","ad":null}},{"type":"Feature","geometry":{"type":"Point","coordinates":[28.791365,40.995404]},"properties":{"osm_id":"node/9530113259","kategori":"trafik_isigi","ad":null}},{"type":"Feature","geometry":{"type":"Point","coordinates":[28.790043,40.993005]},"properties":{"osm_id":"node/9530113260","kategori":"trafik_isigi","ad":null}},{"type":"Feature","geometry":{"type":"Point","coordinates":[28.775742,40.996731]},"properties":{"osm_id":"node/9530113267","kategori":"trafik_isigi","ad":null}},{"type":"Feature","geometry":{"type":"Point","coordinates":[28.778635,40.993953]},"properties":{"osm_id":"node/9530113268","kategori":"trafik_isigi","ad":null}},{"type":"Feature","geometry":{"type":"Point","coordinates":[28.778385,40.993997]},"properties":{"osm_id":"node/9530113269","kategori":"trafik_isigi","ad":null}},{"type":"Feature","geometry":{"type":"Point","coordinates":[28.778677,40.994376]},"properties":{"osm_id":"node/9530113270","kategori":"trafik_isigi","ad":null}},{"type":"Feature","geometry":{"type":"Point","coordinates":[28.626817,41.041676]},"properties":{"osm_id":"node/9541569378","kategori":"trafik_isigi","ad":null}},{"type":"Feature","geometry":{"type":"Point","coordinates":[28.627074,41.041464]},"properties":{"osm_id":"node/9541569382","kategori":"trafik_isigi","ad":null}},{"type":"Feature","geometry":{"type":"Point","coordinates":[28.623235,41.034141]},"properties":{"osm_id":"node/9541569411","kategori":"trafik_isigi","ad":null}},{"type":"Feature","geometry":{"type":"Point","coordinates":[28.628111,41.047404]},"properties":{"osm_id":"node/9542744432","kategori":"trafik_isigi","ad":null}},{"type":"Feature","geometry":{"type":"Point","coordinates":[28.627992,41.0471]},"properties":{"osm_id":"node/9542744464","kategori":"trafik_isigi","ad":null}},{"type":"Feature","geometry":{"type":"Point","coordinates":[28.627894,41.047638]},"properties":{"osm_id":"node/9542744465","kategori":"trafik_isigi","ad":null}},{"type":"Feature","geometry":{"type":"Point","coordinates":[28.627923,41.053454]},"properties":{"osm_id":"node/9542744472","kategori":"trafik_isigi","ad":null}},{"type":"Feature","geometry":{"type":"Point","coordinates":[28.628097,41.053295]},"properties":{"osm_id":"node/9542744473","kategori":"trafik_isigi","ad":null}},{"type":"Feature","geometry":{"type":"Point","coordinates":[28.627836,41.053317]},"properties":{"osm_id":"node/9542744475","kategori":"trafik_isigi","ad":null}},{"type":"Feature","geometry":{"type":"Point","coordinates":[28.627856,41.053223]},"properties":{"osm_id":"node/9542744479","kategori":"trafik_isigi","ad":null}},{"type":"Feature","geometry":{"type":"Point","coordinates":[28.620696,41.06708]},"properties":{"osm_id":"node/9542744520","kategori":"trafik_isigi","ad":null}},{"type":"Feature","geometry":{"type":"Point","coordinates":[28.620998,41.066706]},"properties":{"osm_id":"node/9542744521","kategori":"trafik_isigi","ad":null}},{"type":"Feature","geometry":{"type":"Point","coordinates":[28.623506,41.075317]},"properties":{"osm_id":"node/9542744533","kategori":"trafik_isigi","ad":null}},{"type":"Feature","geometry":{"type":"Point","coordinates":[28.623488,41.075009]},"properties":{"osm_id":"node/9542744534","kategori":"trafik_isigi","ad":null}},{"type":"Feature","geometry":{"type":"Point","coordinates":[28.635836,41.100462]},"properties":{"osm_id":"node/9542744552","kategori":"trafik_isigi","ad":null}},{"type":"Feature","geometry":{"type":"Point","coordinates":[28.635734,41.100278]},"properties":{"osm_id":"node/9542744560","kategori":"trafik_isigi","ad":null}},{"type":"Feature","geometry":{"type":"Point","coordinates":[29.007605,41.04546]},"properties":{"osm_id":"node/9554926662","kategori":"trafik_isigi","ad":null}},{"type":"Feature","geometry":{"type":"Point","coordinates":[29.176225,41.007142]},"properties":{"osm_id":"node/9556089147","kategori":"trafik_isigi","ad":null}},{"type":"Feature","geometry":{"type":"Point","coordinates":[29.25204,40.913032]},"properties":{"osm_id":"node/9563398792","kategori":"trafik_isigi","ad":null}},{"type":"Feature","geometry":{"type":"Point","coordinates":[29.25262,40.91331]},"properties":{"osm_id":"node/9563405636","kategori":"trafik_isigi","ad":null}},{"type":"Feature","geometry":{"type":"Point","coordinates":[29.252918,40.913074]},"properties":{"osm_id":"node/9563405637","kategori":"trafik_isigi","ad":null}},{"type":"Feature","geometry":{"type":"Point","coordinates":[29.252803,40.912989]},"properties":{"osm_id":"node/9563405638","kategori":"trafik_isigi","ad":null}},{"type":"Feature","geometry":{"type":"Point","coordinates":[29.252405,40.912812]},"properties":{"osm_id":"node/9563405639","kategori":"trafik_isigi","ad":null}},{"type":"Feature","geometry":{"type":"Point","coordinates":[29.252108,40.913068]},"properties":{"osm_id":"node/9563405640","kategori":"trafik_isigi","ad":null}},{"type":"Feature","geometry":{"type":"Point","coordinates":[29.38833,40.876805]},"properties":{"osm_id":"node/9592549969","kategori":"trafik_isigi","ad":null}},{"type":"Feature","geometry":{"type":"Point","coordinates":[29.388024,40.876246]},"properties":{"osm_id":"node/9592549974","kategori":"trafik_isigi","ad":null}},{"type":"Feature","geometry":{"type":"Point","coordinates":[29.387861,40.876209]},"properties":{"osm_id":"node/9592549992","kategori":"trafik_isigi","ad":null}},{"type":"Feature","geometry":{"type":"Point","coordinates":[28.982439,41.069593]},"properties":{"osm_id":"node/9608340514","kategori":"trafik_isigi","ad":null}},{"type":"Feature","geometry":{"type":"Point","coordinates":[28.982125,41.069448]},"properties":{"osm_id":"node/9608340515","kategori":"trafik_isigi","ad":null}},{"type":"Feature","geometry":{"type":"Point","coordinates":[28.982405,41.069478]},"properties":{"osm_id":"node/9608340516","kategori":"trafik_isigi","ad":null}},{"type":"Feature","geometry":{"type":"Point","coordinates":[28.983603,41.068533]},"properties":{"osm_id":"node/9608340607","kategori":"trafik_isigi","ad":null}},{"type":"Feature","geometry":{"type":"Point","coordinates":[29.038079,40.992642]},"properties":{"osm_id":"node/9610671055","kategori":"trafik_isigi","ad":null}},{"type":"Feature","geometry":{"type":"Point","coordinates":[29.039429,40.991515]},"properties":{"osm_id":"node/9610671072","kategori":"trafik_isigi","ad":null}},{"type":"Feature","geometry":{"type":"Point","coordinates":[28.960291,41.100746]},"properties":{"osm_id":"node/9610710871","kategori":"trafik_isigi","ad":null}},{"type":"Feature","geometry":{"type":"Point","coordinates":[28.962599,41.079143]},"properties":{"osm_id":"node/9611454342","kategori":"trafik_isigi","ad":null}},{"type":"Feature","geometry":{"type":"Point","coordinates":[29.232298,40.987574]},"properties":{"osm_id":"node/9631037882","kategori":"trafik_isigi","ad":null}},{"type":"Feature","geometry":{"type":"Point","coordinates":[29.232343,40.987752]},"properties":{"osm_id":"node/9631037883","kategori":"trafik_isigi","ad":null}},{"type":"Feature","geometry":{"type":"Point","coordinates":[28.770578,41.021626]},"properties":{"osm_id":"node/9641624170","kategori":"trafik_isigi","ad":null}},{"type":"Feature","geometry":{"type":"Point","coordinates":[28.857195,41.112965]},"properties":{"osm_id":"node/9654484351","kategori":"trafik_isigi","ad":null}},{"type":"Feature","geometry":{"type":"Point","coordinates":[28.85755,41.112961]},"properties":{"osm_id":"node/9654484352","kategori":"trafik_isigi","ad":null}},{"type":"Feature","geometry":{"type":"Point","coordinates":[28.857485,41.112789]},"properties":{"osm_id":"node/9654484353","kategori":"trafik_isigi","ad":null}},{"type":"Feature","geometry":{"type":"Point","coordinates":[28.86023,41.107473]},"properties":{"osm_id":"node/9654484379","kategori":"trafik_isigi","ad":null}},{"type":"Feature","geometry":{"type":"Point","coordinates":[28.859899,41.107453]},"properties":{"osm_id":"node/9654484380","kategori":"trafik_isigi","ad":null}},{"type":"Feature","geometry":{"type":"Point","coordinates":[28.85986,41.107334]},"properties":{"osm_id":"node/9654484384","kategori":"trafik_isigi","ad":null}},{"type":"Feature","geometry":{"type":"Point","coordinates":[28.862395,41.102619]},"properties":{"osm_id":"node/9654484412","kategori":"trafik_isigi","ad":null}},{"type":"Feature","geometry":{"type":"Point","coordinates":[28.863968,41.093726]},"properties":{"osm_id":"node/9654484436","kategori":"trafik_isigi","ad":null}},{"type":"Feature","geometry":{"type":"Point","coordinates":[28.8639,41.092858]},"properties":{"osm_id":"node/9654484453","kategori":"trafik_isigi","ad":null}},{"type":"Feature","geometry":{"type":"Point","coordinates":[28.864146,41.092819]},"properties":{"osm_id":"node/9654484454","kategori":"trafik_isigi","ad":null}},{"type":"Feature","geometry":{"type":"Point","coordinates":[28.864336,41.091857]},"properties":{"osm_id":"node/9654484459","kategori":"trafik_isigi","ad":null}},{"type":"Feature","geometry":{"type":"Point","coordinates":[28.864072,41.091973]},"properties":{"osm_id":"node/9654484460","kategori":"trafik_isigi","ad":null}},{"type":"Feature","geometry":{"type":"Point","coordinates":[28.886581,41.073305]},"properties":{"osm_id":"node/9654484470","kategori":"trafik_isigi","ad":null}},{"type":"Feature","geometry":{"type":"Point","coordinates":[28.887005,41.073163]},"properties":{"osm_id":"node/9654484471","kategori":"trafik_isigi","ad":null}},{"type":"Feature","geometry":{"type":"Point","coordinates":[28.999958,41.111215]},"properties":{"osm_id":"node/9654677572","kategori":"trafik_isigi","ad":null}},{"type":"Feature","geometry":{"type":"Point","coordinates":[29.000071,41.111236]},"properties":{"osm_id":"node/9654677573","kategori":"trafik_isigi","ad":null}},{"type":"Feature","geometry":{"type":"Point","coordinates":[29.015204,41.026662]},"properties":{"osm_id":"node/9661462380","kategori":"trafik_isigi","ad":null}},{"type":"Feature","geometry":{"type":"Point","coordinates":[29.01511,41.026584]},"properties":{"osm_id":"node/9661462381","kategori":"trafik_isigi","ad":null}},{"type":"Feature","geometry":{"type":"Point","coordinates":[29.039797,40.994864]},"properties":{"osm_id":"node/9662367783","kategori":"trafik_isigi","ad":null}},{"type":"Feature","geometry":{"type":"Point","coordinates":[29.053129,40.984654]},"properties":{"osm_id":"node/9691326100","kategori":"trafik_isigi","ad":null}},{"type":"Feature","geometry":{"type":"Point","coordinates":[29.052272,40.984778]},"properties":{"osm_id":"node/9691326104","kategori":"trafik_isigi","ad":null}},{"type":"Feature","geometry":{"type":"Point","coordinates":[29.052472,40.984837]},"properties":{"osm_id":"node/9691326109","kategori":"trafik_isigi","ad":null}},{"type":"Feature","geometry":{"type":"Point","coordinates":[29.053391,40.984741]},"properties":{"osm_id":"node/9691326110","kategori":"trafik_isigi","ad":null}},{"type":"Feature","geometry":{"type":"Point","coordinates":[29.053392,40.984709]},"properties":{"osm_id":"node/9691326112","kategori":"trafik_isigi","ad":null}},{"type":"Feature","geometry":{"type":"Point","coordinates":[28.933558,41.021625]},"properties":{"osm_id":"node/9697608677","kategori":"trafik_isigi","ad":null}},{"type":"Feature","geometry":{"type":"Point","coordinates":[28.834147,41.031168]},"properties":{"osm_id":"node/9699632293","kategori":"trafik_isigi","ad":null}},{"type":"Feature","geometry":{"type":"Point","coordinates":[28.94059,41.072744]},"properties":{"osm_id":"node/9718931656","kategori":"trafik_isigi","ad":null}},{"type":"Feature","geometry":{"type":"Point","coordinates":[28.94241,41.071323]},"properties":{"osm_id":"node/9718931659","kategori":"trafik_isigi","ad":null}},{"type":"Feature","geometry":{"type":"Point","coordinates":[28.942474,41.071115]},"properties":{"osm_id":"node/9718931678","kategori":"trafik_isigi","ad":null}},{"type":"Feature","geometry":{"type":"Point","coordinates":[29.01176,41.063507]},"properties":{"osm_id":"node/9719094554","kategori":"trafik_isigi","ad":null}},{"type":"Feature","geometry":{"type":"Point","coordinates":[29.011731,41.062861]},"properties":{"osm_id":"node/9719094555","kategori":"trafik_isigi","ad":null}},{"type":"Feature","geometry":{"type":"Point","coordinates":[29.011871,41.06274]},"properties":{"osm_id":"node/9719094556","kategori":"trafik_isigi","ad":null}},{"type":"Feature","geometry":{"type":"Point","coordinates":[28.995149,41.037726]},"properties":{"osm_id":"node/9722668800","kategori":"trafik_isigi","ad":null}},{"type":"Feature","geometry":{"type":"Point","coordinates":[28.944325,41.048853]},"properties":{"osm_id":"node/9724325373","kategori":"trafik_isigi","ad":null}},{"type":"Feature","geometry":{"type":"Point","coordinates":[28.944734,41.049093]},"properties":{"osm_id":"node/9724325374","kategori":"trafik_isigi","ad":null}},{"type":"Feature","geometry":{"type":"Point","coordinates":[28.947906,41.052405]},"properties":{"osm_id":"node/9724325395","kategori":"trafik_isigi","ad":null}},{"type":"Feature","geometry":{"type":"Point","coordinates":[28.957195,41.05339]},"properties":{"osm_id":"node/9724325415","kategori":"trafik_isigi","ad":null}},{"type":"Feature","geometry":{"type":"Point","coordinates":[28.957388,41.053631]},"properties":{"osm_id":"node/9724325416","kategori":"trafik_isigi","ad":null}},{"type":"Feature","geometry":{"type":"Point","coordinates":[28.960236,41.05296]},"properties":{"osm_id":"node/9724337729","kategori":"trafik_isigi","ad":null}},{"type":"Feature","geometry":{"type":"Point","coordinates":[28.959934,41.052901]},"properties":{"osm_id":"node/9724337730","kategori":"trafik_isigi","ad":null}},{"type":"Feature","geometry":{"type":"Point","coordinates":[28.960086,41.052782]},"properties":{"osm_id":"node/9724337731","kategori":"trafik_isigi","ad":null}},{"type":"Feature","geometry":{"type":"Point","coordinates":[28.965087,41.058335]},"properties":{"osm_id":"node/9724337747","kategori":"trafik_isigi","ad":null}},{"type":"Feature","geometry":{"type":"Point","coordinates":[28.965095,41.058584]},"properties":{"osm_id":"node/9724337748","kategori":"trafik_isigi","ad":null}},{"type":"Feature","geometry":{"type":"Point","coordinates":[28.96542,41.058354]},"properties":{"osm_id":"node/9724337749","kategori":"trafik_isigi","ad":null}},{"type":"Feature","geometry":{"type":"Point","coordinates":[28.967175,41.061019]},"properties":{"osm_id":"node/9724337755","kategori":"trafik_isigi","ad":null}},{"type":"Feature","geometry":{"type":"Point","coordinates":[28.967937,41.061912]},"properties":{"osm_id":"node/9724337758","kategori":"trafik_isigi","ad":null}},{"type":"Feature","geometry":{"type":"Point","coordinates":[28.967955,41.061664]},"properties":{"osm_id":"node/9724337759","kategori":"trafik_isigi","ad":null}},{"type":"Feature","geometry":{"type":"Point","coordinates":[28.986349,41.066689]},"properties":{"osm_id":"node/9724337800","kategori":"trafik_isigi","ad":null}},{"type":"Feature","geometry":{"type":"Point","coordinates":[28.985856,41.066765]},"properties":{"osm_id":"node/9724337803","kategori":"trafik_isigi","ad":null}},{"type":"Feature","geometry":{"type":"Point","coordinates":[28.985941,41.066557]},"properties":{"osm_id":"node/9724337804","kategori":"trafik_isigi","ad":null}},{"type":"Feature","geometry":{"type":"Point","coordinates":[28.986244,41.066632]},"properties":{"osm_id":"node/9724337805","kategori":"trafik_isigi","ad":null}},{"type":"Feature","geometry":{"type":"Point","coordinates":[28.988427,41.067501]},"properties":{"osm_id":"node/9724337812","kategori":"trafik_isigi","ad":null}},{"type":"Feature","geometry":{"type":"Point","coordinates":[28.9882,41.067415]},"properties":{"osm_id":"node/9724337813","kategori":"trafik_isigi","ad":null}},{"type":"Feature","geometry":{"type":"Point","coordinates":[29.180418,41.015363]},"properties":{"osm_id":"node/9730910868","kategori":"trafik_isigi","ad":null}},{"type":"Feature","geometry":{"type":"Point","coordinates":[29.180942,41.015165]},"properties":{"osm_id":"node/9730910869","kategori":"trafik_isigi","ad":null}},{"type":"Feature","geometry":{"type":"Point","coordinates":[28.957691,41.027311]},"properties":{"osm_id":"node/9741820110","kategori":"trafik_isigi","ad":null}},{"type":"Feature","geometry":{"type":"Point","coordinates":[28.957841,41.027034]},"properties":{"osm_id":"node/9741820111","kategori":"trafik_isigi","ad":null}},{"type":"Feature","geometry":{"type":"Point","coordinates":[28.948546,41.083935]},"properties":{"osm_id":"node/9741870889","kategori":"trafik_isigi","ad":null}},{"type":"Feature","geometry":{"type":"Point","coordinates":[28.988146,41.029784]},"properties":{"osm_id":"node/9742991828","kategori":"trafik_isigi","ad":null}},{"type":"Feature","geometry":{"type":"Point","coordinates":[28.988193,41.02964]},"properties":{"osm_id":"node/9742991829","kategori":"trafik_isigi","ad":null}},{"type":"Feature","geometry":{"type":"Point","coordinates":[28.993143,41.035055]},"properties":{"osm_id":"node/9742991832","kategori":"trafik_isigi","ad":null}},{"type":"Feature","geometry":{"type":"Point","coordinates":[28.993233,41.034886]},"properties":{"osm_id":"node/9742991833","kategori":"trafik_isigi","ad":null}},{"type":"Feature","geometry":{"type":"Point","coordinates":[28.989227,41.030989]},"properties":{"osm_id":"node/9742991834","kategori":"trafik_isigi","ad":null}},{"type":"Feature","geometry":{"type":"Point","coordinates":[29.256019,40.899793]},"properties":{"osm_id":"node/9743221359","kategori":"trafik_isigi","ad":null}},{"type":"Feature","geometry":{"type":"Point","coordinates":[29.0273,41.003746]},"properties":{"osm_id":"node/9752031662","kategori":"trafik_isigi","ad":null}},{"type":"Feature","geometry":{"type":"Point","coordinates":[29.048456,40.985776]},"properties":{"osm_id":"node/9752043834","kategori":"trafik_isigi","ad":null}},{"type":"Feature","geometry":{"type":"Point","coordinates":[29.048627,40.985866]},"properties":{"osm_id":"node/9752043836","kategori":"trafik_isigi","ad":null}},{"type":"Feature","geometry":{"type":"Point","coordinates":[29.068571,40.981797]},"properties":{"osm_id":"node/9752043870","kategori":"trafik_isigi","ad":null}},{"type":"Feature","geometry":{"type":"Point","coordinates":[29.05398,41.099333]},"properties":{"osm_id":"node/9755327085","kategori":"trafik_isigi","ad":null}},{"type":"Feature","geometry":{"type":"Point","coordinates":[28.988829,41.107119]},"properties":{"osm_id":"node/9756895384","kategori":"trafik_isigi","ad":null}},{"type":"Feature","geometry":{"type":"Point","coordinates":[28.988949,41.106978]},"properties":{"osm_id":"node/9756895387","kategori":"trafik_isigi","ad":null}},{"type":"Feature","geometry":{"type":"Point","coordinates":[28.985799,41.103425]},"properties":{"osm_id":"node/9758974693","kategori":"trafik_isigi","ad":null}},{"type":"Feature","geometry":{"type":"Point","coordinates":[28.984848,41.103065]},"properties":{"osm_id":"node/9758974712","kategori":"trafik_isigi","ad":null}},{"type":"Feature","geometry":{"type":"Point","coordinates":[28.984616,41.103118]},"properties":{"osm_id":"node/9758982625","kategori":"trafik_isigi","ad":null}},{"type":"Feature","geometry":{"type":"Point","coordinates":[28.977888,41.099516]},"properties":{"osm_id":"node/9760165210","kategori":"trafik_isigi","ad":null}},{"type":"Feature","geometry":{"type":"Point","coordinates":[29.011954,41.108414]},"properties":{"osm_id":"node/9761396352","kategori":"trafik_isigi","ad":null}},{"type":"Feature","geometry":{"type":"Point","coordinates":[29.011967,41.108282]},"properties":{"osm_id":"node/9761396359","kategori":"trafik_isigi","ad":null}},{"type":"Feature","geometry":{"type":"Point","coordinates":[29.012005,41.108337]},"properties":{"osm_id":"node/9761396360","kategori":"trafik_isigi","ad":null}},{"type":"Feature","geometry":{"type":"Point","coordinates":[29.011668,41.108337]},"properties":{"osm_id":"node/9761396363","kategori":"trafik_isigi","ad":null}},{"type":"Feature","geometry":{"type":"Point","coordinates":[29.011622,41.108279]},"properties":{"osm_id":"node/9761396364","kategori":"trafik_isigi","ad":null}},{"type":"Feature","geometry":{"type":"Point","coordinates":[29.010912,41.108698]},"properties":{"osm_id":"node/9761437704","kategori":"trafik_isigi","ad":null}},{"type":"Feature","geometry":{"type":"Point","coordinates":[29.010578,41.108679]},"properties":{"osm_id":"node/9761452820","kategori":"trafik_isigi","ad":null}},{"type":"Feature","geometry":{"type":"Point","coordinates":[28.892803,41.002222]},"properties":{"osm_id":"node/9761483842","kategori":"trafik_isigi","ad":null}},{"type":"Feature","geometry":{"type":"Point","coordinates":[28.83465,41.030776]},"properties":{"osm_id":"node/9761579981","kategori":"trafik_isigi","ad":null}},{"type":"Feature","geometry":{"type":"Point","coordinates":[29.134533,40.949959]},"properties":{"osm_id":"node/9768783398","kategori":"trafik_isigi","ad":null}},{"type":"Feature","geometry":{"type":"Point","coordinates":[29.134504,40.95007]},"properties":{"osm_id":"node/9768796231","kategori":"trafik_isigi","ad":null}},{"type":"Feature","geometry":{"type":"Point","coordinates":[28.681898,41.031374]},"properties":{"osm_id":"node/9770085770","kategori":"trafik_isigi","ad":null}},{"type":"Feature","geometry":{"type":"Point","coordinates":[28.910136,41.029284]},"properties":{"osm_id":"node/9772867104","kategori":"trafik_isigi","ad":null}},{"type":"Feature","geometry":{"type":"Point","coordinates":[28.738901,41.186437]},"properties":{"osm_id":"node/9773508072","kategori":"trafik_isigi","ad":null}},{"type":"Feature","geometry":{"type":"Point","coordinates":[28.99953,41.05379]},"properties":{"osm_id":"node/9776603342","kategori":"trafik_isigi","ad":null}},{"type":"Feature","geometry":{"type":"Point","coordinates":[28.999738,41.053872]},"properties":{"osm_id":"node/9776603343","kategori":"trafik_isigi","ad":null}},{"type":"Feature","geometry":{"type":"Point","coordinates":[29.010919,41.060116]},"properties":{"osm_id":"node/9776603416","kategori":"trafik_isigi","ad":null}},{"type":"Feature","geometry":{"type":"Point","coordinates":[28.986702,41.040657]},"properties":{"osm_id":"node/9779035117","kategori":"trafik_isigi","ad":null}},{"type":"Feature","geometry":{"type":"Point","coordinates":[29.034856,40.992698]},"properties":{"osm_id":"node/9806726950","kategori":"trafik_isigi","ad":null}},{"type":"Feature","geometry":{"type":"Point","coordinates":[29.035075,40.992523]},"properties":{"osm_id":"node/9806726951","kategori":"trafik_isigi","ad":null}},{"type":"Feature","geometry":{"type":"Point","coordinates":[28.90638,41.077925]},"properties":{"osm_id":"node/9813330587","kategori":"trafik_isigi","ad":null}},{"type":"Feature","geometry":{"type":"Point","coordinates":[28.869701,41.10465]},"properties":{"osm_id":"node/9823343127","kategori":"trafik_isigi","ad":null}},{"type":"Feature","geometry":{"type":"Point","coordinates":[28.870093,41.104624]},"properties":{"osm_id":"node/9823343130","kategori":"trafik_isigi","ad":null}},{"type":"Feature","geometry":{"type":"Point","coordinates":[28.967366,41.061014]},"properties":{"osm_id":"node/9840950854","kategori":"trafik_isigi","ad":null}},{"type":"Feature","geometry":{"type":"Point","coordinates":[28.97849,41.066225]},"properties":{"osm_id":"node/9841016074","kategori":"trafik_isigi","ad":null}},{"type":"Feature","geometry":{"type":"Point","coordinates":[28.77274,41.123219]},"properties":{"osm_id":"node/9841191922","kategori":"trafik_isigi","ad":null}},{"type":"Feature","geometry":{"type":"Point","coordinates":[28.88449,41.104243]},"properties":{"osm_id":"node/9847648188","kategori":"trafik_isigi","ad":null}},{"type":"Feature","geometry":{"type":"Point","coordinates":[28.848123,41.234877]},"properties":{"osm_id":"node/9848808270","kategori":"trafik_isigi","ad":null}},{"type":"Feature","geometry":{"type":"Point","coordinates":[28.848213,41.23462]},"properties":{"osm_id":"node/9848808271","kategori":"trafik_isigi","ad":null}},{"type":"Feature","geometry":{"type":"Point","coordinates":[28.848389,41.234735]},"properties":{"osm_id":"node/9848808272","kategori":"trafik_isigi","ad":null}},{"type":"Feature","geometry":{"type":"Point","coordinates":[29.1994,41.008044]},"properties":{"osm_id":"node/9855608613","kategori":"trafik_isigi","ad":null}},{"type":"Feature","geometry":{"type":"Point","coordinates":[29.199176,41.007913]},"properties":{"osm_id":"node/9855608614","kategori":"trafik_isigi","ad":null}},{"type":"Feature","geometry":{"type":"Point","coordinates":[28.910536,41.05367]},"properties":{"osm_id":"node/9855765969","kategori":"trafik_isigi","ad":null}},{"type":"Feature","geometry":{"type":"Point","coordinates":[28.934296,41.050607]},"properties":{"osm_id":"node/9855862979","kategori":"trafik_isigi","ad":null}},{"type":"Feature","geometry":{"type":"Point","coordinates":[28.935719,41.053602]},"properties":{"osm_id":"node/9855862992","kategori":"trafik_isigi","ad":null}},{"type":"Feature","geometry":{"type":"Point","coordinates":[28.942374,41.061618]},"properties":{"osm_id":"node/9855866013","kategori":"trafik_isigi","ad":null}},{"type":"Feature","geometry":{"type":"Point","coordinates":[28.942242,41.061685]},"properties":{"osm_id":"node/9855866014","kategori":"trafik_isigi","ad":null}},{"type":"Feature","geometry":{"type":"Point","coordinates":[28.941854,41.063829]},"properties":{"osm_id":"node/9857720024","kategori":"trafik_isigi","ad":null}},{"type":"Feature","geometry":{"type":"Point","coordinates":[28.936723,41.062377]},"properties":{"osm_id":"node/9857720054","kategori":"trafik_isigi","ad":null}},{"type":"Feature","geometry":{"type":"Point","coordinates":[28.936779,41.062594]},"properties":{"osm_id":"node/9857720073","kategori":"trafik_isigi","ad":null}},{"type":"Feature","geometry":{"type":"Point","coordinates":[28.936948,41.062578]},"properties":{"osm_id":"node/9857720077","kategori":"trafik_isigi","ad":null}},{"type":"Feature","geometry":{"type":"Point","coordinates":[28.942035,41.063695]},"properties":{"osm_id":"node/9859932076","kategori":"trafik_isigi","ad":null}},{"type":"Feature","geometry":{"type":"Point","coordinates":[28.94201,41.063961]},"properties":{"osm_id":"node/9859932081","kategori":"trafik_isigi","ad":null}},{"type":"Feature","geometry":{"type":"Point","coordinates":[28.943194,41.068186]},"properties":{"osm_id":"node/9859932121","kategori":"trafik_isigi","ad":null}},{"type":"Feature","geometry":{"type":"Point","coordinates":[28.940291,41.072717]},"properties":{"osm_id":"node/9859932178","kategori":"trafik_isigi","ad":null}},{"type":"Feature","geometry":{"type":"Point","coordinates":[28.940303,41.072657]},"properties":{"osm_id":"node/9859932179","kategori":"trafik_isigi","ad":null}},{"type":"Feature","geometry":{"type":"Point","coordinates":[28.944575,41.072712]},"properties":{"osm_id":"node/9860038998","kategori":"trafik_isigi","ad":null}},{"type":"Feature","geometry":{"type":"Point","coordinates":[28.94515,41.073059]},"properties":{"osm_id":"node/9860039010","kategori":"trafik_isigi","ad":null}},{"type":"Feature","geometry":{"type":"Point","coordinates":[28.946099,41.070499]},"properties":{"osm_id":"node/9860048360","kategori":"trafik_isigi","ad":null}},{"type":"Feature","geometry":{"type":"Point","coordinates":[28.946002,41.070345]},"properties":{"osm_id":"node/9860048366","kategori":"trafik_isigi","ad":null}},{"type":"Feature","geometry":{"type":"Point","coordinates":[29.114499,41.058329]},"properties":{"osm_id":"node/9865415330","kategori":"trafik_isigi","ad":null}},{"type":"Feature","geometry":{"type":"Point","coordinates":[29.114172,41.058322]},"properties":{"osm_id":"node/9865415331","kategori":"trafik_isigi","ad":null}},{"type":"Feature","geometry":{"type":"Point","coordinates":[28.917688,41.057889]},"properties":{"osm_id":"node/9867589407","kategori":"trafik_isigi","ad":null}},{"type":"Feature","geometry":{"type":"Point","coordinates":[28.94071,41.040448]},"properties":{"osm_id":"node/9868151635","kategori":"trafik_isigi","ad":null}},{"type":"Feature","geometry":{"type":"Point","coordinates":[28.941051,41.04046]},"properties":{"osm_id":"node/9868151642","kategori":"trafik_isigi","ad":null}},{"type":"Feature","geometry":{"type":"Point","coordinates":[28.941013,41.040401]},"properties":{"osm_id":"node/9868151643","kategori":"trafik_isigi","ad":null}},{"type":"Feature","geometry":{"type":"Point","coordinates":[28.863285,41.105052]},"properties":{"osm_id":"node/9872866218","kategori":"trafik_isigi","ad":null}},{"type":"Feature","geometry":{"type":"Point","coordinates":[29.12915,40.980112]},"properties":{"osm_id":"node/9887626484","kategori":"trafik_isigi","ad":null}},{"type":"Feature","geometry":{"type":"Point","coordinates":[29.129519,40.979246]},"properties":{"osm_id":"node/9887626491","kategori":"trafik_isigi","ad":null}},{"type":"Feature","geometry":{"type":"Point","coordinates":[29.129455,40.980132]},"properties":{"osm_id":"node/9887626498","kategori":"trafik_isigi","ad":null}},{"type":"Feature","geometry":{"type":"Point","coordinates":[28.922589,41.093187]},"properties":{"osm_id":"node/9892942425","kategori":"trafik_isigi","ad":null}},{"type":"Feature","geometry":{"type":"Point","coordinates":[28.922367,41.093092]},"properties":{"osm_id":"node/9892942426","kategori":"trafik_isigi","ad":null}},{"type":"Feature","geometry":{"type":"Point","coordinates":[28.922294,41.093247]},"properties":{"osm_id":"node/9892942427","kategori":"trafik_isigi","ad":null}},{"type":"Feature","geometry":{"type":"Point","coordinates":[28.922509,41.092987]},"properties":{"osm_id":"node/9892942428","kategori":"trafik_isigi","ad":null}},{"type":"Feature","geometry":{"type":"Point","coordinates":[28.881565,41.178011]},"properties":{"osm_id":"node/9898416447","kategori":"trafik_isigi","ad":null}},{"type":"Feature","geometry":{"type":"Point","coordinates":[28.883542,41.17895]},"properties":{"osm_id":"node/9898416465","kategori":"trafik_isigi","ad":null}},{"type":"Feature","geometry":{"type":"Point","coordinates":[28.883415,41.179344]},"properties":{"osm_id":"node/9898416476","kategori":"trafik_isigi","ad":null}},{"type":"Feature","geometry":{"type":"Point","coordinates":[28.883853,41.178899]},"properties":{"osm_id":"node/9898416482","kategori":"trafik_isigi","ad":null}},{"type":"Feature","geometry":{"type":"Point","coordinates":[28.90082,41.087764]},"properties":{"osm_id":"node/9901946623","kategori":"trafik_isigi","ad":null}},{"type":"Feature","geometry":{"type":"Point","coordinates":[28.902724,41.086507]},"properties":{"osm_id":"node/9901946626","kategori":"trafik_isigi","ad":null}},{"type":"Feature","geometry":{"type":"Point","coordinates":[28.902454,41.086473]},"properties":{"osm_id":"node/9901946627","kategori":"trafik_isigi","ad":null}},{"type":"Feature","geometry":{"type":"Point","coordinates":[28.959788,41.097054]},"properties":{"osm_id":"node/9905031051","kategori":"trafik_isigi","ad":null}},{"type":"Feature","geometry":{"type":"Point","coordinates":[29.245006,40.970438]},"properties":{"osm_id":"node/9907193344","kategori":"trafik_isigi","ad":null}},{"type":"Feature","geometry":{"type":"Point","coordinates":[29.011318,41.063018]},"properties":{"osm_id":"node/9910585209","kategori":"trafik_isigi","ad":null}},{"type":"Feature","geometry":{"type":"Point","coordinates":[29.008837,41.065424]},"properties":{"osm_id":"node/9910585215","kategori":"trafik_isigi","ad":null}},{"type":"Feature","geometry":{"type":"Point","coordinates":[29.007768,41.066056]},"properties":{"osm_id":"node/9910585246","kategori":"trafik_isigi","ad":null}},{"type":"Feature","geometry":{"type":"Point","coordinates":[29.004424,41.066915]},"properties":{"osm_id":"node/9913418007","kategori":"trafik_isigi","ad":null}},{"type":"Feature","geometry":{"type":"Point","coordinates":[29.004196,41.067144]},"properties":{"osm_id":"node/9913418825","kategori":"trafik_isigi","ad":null}},{"type":"Feature","geometry":{"type":"Point","coordinates":[29.004137,41.066929]},"properties":{"osm_id":"node/9913418833","kategori":"trafik_isigi","ad":null}},{"type":"Feature","geometry":{"type":"Point","coordinates":[29.00667,41.068031]},"properties":{"osm_id":"node/9915909548","kategori":"trafik_isigi","ad":null}},{"type":"Feature","geometry":{"type":"Point","coordinates":[29.009504,41.068538]},"properties":{"osm_id":"node/9915909554","kategori":"trafik_isigi","ad":null}},{"type":"Feature","geometry":{"type":"Point","coordinates":[29.01052,41.068809]},"properties":{"osm_id":"node/9915909555","kategori":"trafik_isigi","ad":null}},{"type":"Feature","geometry":{"type":"Point","coordinates":[29.010382,41.069005]},"properties":{"osm_id":"node/9915909563","kategori":"trafik_isigi","ad":null}},{"type":"Feature","geometry":{"type":"Point","coordinates":[29.010444,41.069019]},"properties":{"osm_id":"node/9915909581","kategori":"trafik_isigi","ad":null}},{"type":"Feature","geometry":{"type":"Point","coordinates":[29.017661,41.074192]},"properties":{"osm_id":"node/9915936896","kategori":"trafik_isigi","ad":null}},{"type":"Feature","geometry":{"type":"Point","coordinates":[29.017477,41.074247]},"properties":{"osm_id":"node/9915936901","kategori":"trafik_isigi","ad":null}},{"type":"Feature","geometry":{"type":"Point","coordinates":[29.019654,41.075828]},"properties":{"osm_id":"node/9915936905","kategori":"trafik_isigi","ad":null}},{"type":"Feature","geometry":{"type":"Point","coordinates":[29.009819,41.057403]},"properties":{"osm_id":"node/9917120840","kategori":"trafik_isigi","ad":null}},{"type":"Feature","geometry":{"type":"Point","coordinates":[29.009847,41.057443]},"properties":{"osm_id":"node/9917120841","kategori":"trafik_isigi","ad":null}},{"type":"Feature","geometry":{"type":"Point","coordinates":[29.009637,41.055908]},"properties":{"osm_id":"node/9917120871","kategori":"trafik_isigi","ad":null}},{"type":"Feature","geometry":{"type":"Point","coordinates":[29.009705,41.055745]},"properties":{"osm_id":"node/9917120988","kategori":"trafik_isigi","ad":null}},{"type":"Feature","geometry":{"type":"Point","coordinates":[29.009534,41.05586]},"properties":{"osm_id":"node/9917120989","kategori":"trafik_isigi","ad":null}},{"type":"Feature","geometry":{"type":"Point","coordinates":[28.869094,41.103668]},"properties":{"osm_id":"node/9917474254","kategori":"trafik_isigi","ad":null}},{"type":"Feature","geometry":{"type":"Point","coordinates":[28.951439,41.064194]},"properties":{"osm_id":"node/9919962750","kategori":"trafik_isigi","ad":null}},{"type":"Feature","geometry":{"type":"Point","coordinates":[28.951694,41.06393]},"properties":{"osm_id":"node/9919962751","kategori":"trafik_isigi","ad":null}},{"type":"Feature","geometry":{"type":"Point","coordinates":[28.951637,41.064105]},"properties":{"osm_id":"node/9919962782","kategori":"trafik_isigi","ad":null}},{"type":"Feature","geometry":{"type":"Point","coordinates":[29.155268,40.911411]},"properties":{"osm_id":"node/9920910175","kategori":"trafik_isigi","ad":null}},{"type":"Feature","geometry":{"type":"Point","coordinates":[28.949608,41.063347]},"properties":{"osm_id":"node/9921283474","kategori":"trafik_isigi","ad":null}},{"type":"Feature","geometry":{"type":"Point","coordinates":[28.949511,41.06328]},"properties":{"osm_id":"node/9921283478","kategori":"trafik_isigi","ad":null}},{"type":"Feature","geometry":{"type":"Point","coordinates":[28.951511,41.063767]},"properties":{"osm_id":"node/9921283509","kategori":"trafik_isigi","ad":null}},{"type":"Feature","geometry":{"type":"Point","coordinates":[29.032705,40.994696]},"properties":{"osm_id":"node/9922764862","kategori":"trafik_isigi","ad":null}},{"type":"Feature","geometry":{"type":"Point","coordinates":[28.944366,41.045468]},"properties":{"osm_id":"node/9928130213","kategori":"trafik_isigi","ad":null}},{"type":"Feature","geometry":{"type":"Point","coordinates":[28.944461,41.045295]},"properties":{"osm_id":"node/9928142025","kategori":"trafik_isigi","ad":null}},{"type":"Feature","geometry":{"type":"Point","coordinates":[28.944124,41.045335]},"properties":{"osm_id":"node/9928142026","kategori":"trafik_isigi","ad":null}},{"type":"Feature","geometry":{"type":"Point","coordinates":[29.053159,41.098698]},"properties":{"osm_id":"node/9950221252","kategori":"trafik_isigi","ad":null}},{"type":"Feature","geometry":{"type":"Point","coordinates":[28.885088,40.980262]},"properties":{"osm_id":"node/9954310020","kategori":"trafik_isigi","ad":null}},{"type":"Feature","geometry":{"type":"Point","coordinates":[28.884292,40.988242]},"properties":{"osm_id":"node/9954310048","kategori":"trafik_isigi","ad":null}},{"type":"Feature","geometry":{"type":"Point","coordinates":[28.884704,40.988152]},"properties":{"osm_id":"node/9954310049","kategori":"trafik_isigi","ad":null}},{"type":"Feature","geometry":{"type":"Point","coordinates":[28.884912,40.988554]},"properties":{"osm_id":"node/9954310050","kategori":"trafik_isigi","ad":null}},{"type":"Feature","geometry":{"type":"Point","coordinates":[28.887996,40.994373]},"properties":{"osm_id":"node/9954310073","kategori":"trafik_isigi","ad":null}},{"type":"Feature","geometry":{"type":"Point","coordinates":[28.88749,40.996021]},"properties":{"osm_id":"node/9954310084","kategori":"trafik_isigi","ad":null}},{"type":"Feature","geometry":{"type":"Point","coordinates":[28.887891,40.995961]},"properties":{"osm_id":"node/9954310085","kategori":"trafik_isigi","ad":null}},{"type":"Feature","geometry":{"type":"Point","coordinates":[28.887638,40.995915]},"properties":{"osm_id":"node/9954310086","kategori":"trafik_isigi","ad":null}},{"type":"Feature","geometry":{"type":"Point","coordinates":[28.887425,40.997011]},"properties":{"osm_id":"node/9954310094","kategori":"trafik_isigi","ad":null}},{"type":"Feature","geometry":{"type":"Point","coordinates":[29.126873,41.026914]},"properties":{"osm_id":"node/9955519301","kategori":"trafik_isigi","ad":null}},{"type":"Feature","geometry":{"type":"Point","coordinates":[29.126682,41.027078]},"properties":{"osm_id":"node/9955519302","kategori":"trafik_isigi","ad":null}},{"type":"Feature","geometry":{"type":"Point","coordinates":[29.136921,40.932843]},"properties":{"osm_id":"node/9960804054","kategori":"trafik_isigi","ad":null}},{"type":"Feature","geometry":{"type":"Point","coordinates":[29.136829,40.932859]},"properties":{"osm_id":"node/9960804055","kategori":"trafik_isigi","ad":null}},{"type":"Feature","geometry":{"type":"Point","coordinates":[29.133486,40.944121]},"properties":{"osm_id":"node/9962153054","kategori":"trafik_isigi","ad":null}},{"type":"Feature","geometry":{"type":"Point","coordinates":[29.133874,40.944581]},"properties":{"osm_id":"node/9962153055","kategori":"trafik_isigi","ad":null}},{"type":"Feature","geometry":{"type":"Point","coordinates":[29.133978,40.944329]},"properties":{"osm_id":"node/9962153056","kategori":"trafik_isigi","ad":null}},{"type":"Feature","geometry":{"type":"Point","coordinates":[28.915222,41.047186]},"properties":{"osm_id":"node/9991730719","kategori":"trafik_isigi","ad":null}},{"type":"Feature","geometry":{"type":"Point","coordinates":[29.206459,41.014279]},"properties":{"osm_id":"node/9999351645","kategori":"trafik_isigi","ad":null}},{"type":"Feature","geometry":{"type":"Point","coordinates":[29.047427,41.16187]},"properties":{"osm_id":"node/10003181190","kategori":"trafik_isigi","ad":null}},{"type":"Feature","geometry":{"type":"Point","coordinates":[29.12932,40.98033]},"properties":{"osm_id":"node/10011664992","kategori":"trafik_isigi","ad":null}},{"type":"Feature","geometry":{"type":"Point","coordinates":[29.129223,40.979232]},"properties":{"osm_id":"node/10011665005","kategori":"trafik_isigi","ad":null}},{"type":"Feature","geometry":{"type":"Point","coordinates":[29.129309,40.979097]},"properties":{"osm_id":"node/10011665006","kategori":"trafik_isigi","ad":null}},{"type":"Feature","geometry":{"type":"Point","coordinates":[29.176013,41.007015]},"properties":{"osm_id":"node/10011665509","kategori":"trafik_isigi","ad":null}},{"type":"Feature","geometry":{"type":"Point","coordinates":[29.174744,41.006883]},"properties":{"osm_id":"node/10011669033","kategori":"trafik_isigi","ad":null}},{"type":"Feature","geometry":{"type":"Point","coordinates":[28.812382,41.105896]},"properties":{"osm_id":"node/10050929233","kategori":"trafik_isigi","ad":null}},{"type":"Feature","geometry":{"type":"Point","coordinates":[28.812183,41.106088]},"properties":{"osm_id":"node/10050929234","kategori":"trafik_isigi","ad":null}},{"type":"Feature","geometry":{"type":"Point","coordinates":[28.812289,41.10578]},"properties":{"osm_id":"node/10050929236","kategori":"trafik_isigi","ad":null}},{"type":"Feature","geometry":{"type":"Point","coordinates":[28.803939,41.064481]},"properties":{"osm_id":"node/10053184409","kategori":"trafik_isigi","ad":null}},{"type":"Feature","geometry":{"type":"Point","coordinates":[28.667425,41.029139]},"properties":{"osm_id":"node/10053367344","kategori":"trafik_isigi","ad":null}},{"type":"Feature","geometry":{"type":"Point","coordinates":[28.66743,41.029025]},"properties":{"osm_id":"node/10053367345","kategori":"trafik_isigi","ad":null}},{"type":"Feature","geometry":{"type":"Point","coordinates":[28.675151,41.032384]},"properties":{"osm_id":"node/10053367391","kategori":"trafik_isigi","ad":null}},{"type":"Feature","geometry":{"type":"Point","coordinates":[28.675317,41.032059]},"properties":{"osm_id":"node/10053367394","kategori":"trafik_isigi","ad":null}},{"type":"Feature","geometry":{"type":"Point","coordinates":[28.681859,41.031174]},"properties":{"osm_id":"node/10054425772","kategori":"trafik_isigi","ad":null}},{"type":"Feature","geometry":{"type":"Point","coordinates":[29.269975,40.966276]},"properties":{"osm_id":"node/10056821587","kategori":"trafik_isigi","ad":null}},{"type":"Feature","geometry":{"type":"Point","coordinates":[28.683557,41.027915]},"properties":{"osm_id":"node/10056991640","kategori":"trafik_isigi","ad":null}},{"type":"Feature","geometry":{"type":"Point","coordinates":[28.683799,41.028007]},"properties":{"osm_id":"node/10056991644","kategori":"trafik_isigi","ad":null}},{"type":"Feature","geometry":{"type":"Point","coordinates":[28.689243,41.040505]},"properties":{"osm_id":"node/10058131105","kategori":"trafik_isigi","ad":null}},{"type":"Feature","geometry":{"type":"Point","coordinates":[28.625901,41.012376]},"properties":{"osm_id":"node/10059464900","kategori":"trafik_isigi","ad":null}},{"type":"Feature","geometry":{"type":"Point","coordinates":[28.626002,41.012301]},"properties":{"osm_id":"node/10059464904","kategori":"trafik_isigi","ad":null}},{"type":"Feature","geometry":{"type":"Point","coordinates":[28.625864,41.009591]},"properties":{"osm_id":"node/10059464906","kategori":"trafik_isigi","ad":null}},{"type":"Feature","geometry":{"type":"Point","coordinates":[28.62597,41.009312]},"properties":{"osm_id":"node/10059464938","kategori":"trafik_isigi","ad":null}},{"type":"Feature","geometry":{"type":"Point","coordinates":[28.6256,40.995029]},"properties":{"osm_id":"node/10061968593","kategori":"trafik_isigi","ad":null}},{"type":"Feature","geometry":{"type":"Point","coordinates":[28.621892,41.005878]},"properties":{"osm_id":"node/10062261065","kategori":"trafik_isigi","ad":null}},{"type":"Feature","geometry":{"type":"Point","coordinates":[28.621731,41.005565]},"properties":{"osm_id":"node/10062261075","kategori":"trafik_isigi","ad":null}},{"type":"Feature","geometry":{"type":"Point","coordinates":[28.951223,41.009228]},"properties":{"osm_id":"node/10068618004","kategori":"trafik_isigi","ad":null}},{"type":"Feature","geometry":{"type":"Point","coordinates":[28.618383,41.001378]},"properties":{"osm_id":"node/10069563068","kategori":"trafik_isigi","ad":null}},{"type":"Feature","geometry":{"type":"Point","coordinates":[28.618585,41.001565]},"properties":{"osm_id":"node/10069563108","kategori":"trafik_isigi","ad":null}},{"type":"Feature","geometry":{"type":"Point","coordinates":[28.953479,41.009482]},"properties":{"osm_id":"node/10073446489","kategori":"trafik_isigi","ad":null}},{"type":"Feature","geometry":{"type":"Point","coordinates":[28.956573,41.013179]},"properties":{"osm_id":"node/10073978930","kategori":"trafik_isigi","ad":null}},{"type":"Feature","geometry":{"type":"Point","coordinates":[28.956588,41.01333]},"properties":{"osm_id":"node/10073978935","kategori":"trafik_isigi","ad":null}},{"type":"Feature","geometry":{"type":"Point","coordinates":[28.956861,41.013311]},"properties":{"osm_id":"node/10073978944","kategori":"trafik_isigi","ad":null}},{"type":"Feature","geometry":{"type":"Point","coordinates":[28.95688,41.01339]},"properties":{"osm_id":"node/10073978952","kategori":"trafik_isigi","ad":null}},{"type":"Feature","geometry":{"type":"Point","coordinates":[28.954429,41.01433]},"properties":{"osm_id":"node/10073979004","kategori":"trafik_isigi","ad":null}},{"type":"Feature","geometry":{"type":"Point","coordinates":[28.882213,41.075237]},"properties":{"osm_id":"node/10076267396","kategori":"trafik_isigi","ad":null}},{"type":"Feature","geometry":{"type":"Point","coordinates":[28.882405,41.075291]},"properties":{"osm_id":"node/10076267397","kategori":"trafik_isigi","ad":null}},{"type":"Feature","geometry":{"type":"Point","coordinates":[28.881585,41.075614]},"properties":{"osm_id":"node/10076267412","kategori":"trafik_isigi","ad":null}},{"type":"Feature","geometry":{"type":"Point","coordinates":[28.881407,41.075559]},"properties":{"osm_id":"node/10076267413","kategori":"trafik_isigi","ad":null}},{"type":"Feature","geometry":{"type":"Point","coordinates":[28.954442,41.014604]},"properties":{"osm_id":"node/10080735899","kategori":"trafik_isigi","ad":null}},{"type":"Feature","geometry":{"type":"Point","coordinates":[28.953029,41.015197]},"properties":{"osm_id":"node/10080770693","kategori":"trafik_isigi","ad":null}},{"type":"Feature","geometry":{"type":"Point","coordinates":[28.953105,41.015146]},"properties":{"osm_id":"node/10080770700","kategori":"trafik_isigi","ad":null}},{"type":"Feature","geometry":{"type":"Point","coordinates":[28.955291,41.009416]},"properties":{"osm_id":"node/10080802261","kategori":"trafik_isigi","ad":null}},{"type":"Feature","geometry":{"type":"Point","coordinates":[28.959354,41.009531]},"properties":{"osm_id":"node/10080802288","kategori":"trafik_isigi","ad":null}},{"type":"Feature","geometry":{"type":"Point","coordinates":[28.959356,41.009695]},"properties":{"osm_id":"node/10080802290","kategori":"trafik_isigi","ad":null}},{"type":"Feature","geometry":{"type":"Point","coordinates":[28.952952,41.015392]},"properties":{"osm_id":"node/10080802298","kategori":"trafik_isigi","ad":null}},{"type":"Feature","geometry":{"type":"Point","coordinates":[28.953313,41.015326]},"properties":{"osm_id":"node/10080802299","kategori":"trafik_isigi","ad":null}},{"type":"Feature","geometry":{"type":"Point","coordinates":[28.953385,41.007134]},"properties":{"osm_id":"node/10082522250","kategori":"trafik_isigi","ad":null}},{"type":"Feature","geometry":{"type":"Point","coordinates":[28.953586,41.007101]},"properties":{"osm_id":"node/10082522263","kategori":"trafik_isigi","ad":null}},{"type":"Feature","geometry":{"type":"Point","coordinates":[28.953385,41.011909]},"properties":{"osm_id":"node/10082522289","kategori":"trafik_isigi","ad":null}},{"type":"Feature","geometry":{"type":"Point","coordinates":[28.9532,41.01207]},"properties":{"osm_id":"node/10082522290","kategori":"trafik_isigi","ad":null}},{"type":"Feature","geometry":{"type":"Point","coordinates":[29.037407,40.998236]},"properties":{"osm_id":"node/10083028427","kategori":"trafik_isigi","ad":null}},{"type":"Feature","geometry":{"type":"Point","coordinates":[29.037459,40.998215]},"properties":{"osm_id":"node/10083028428","kategori":"trafik_isigi","ad":null}},{"type":"Feature","geometry":{"type":"Point","coordinates":[29.0373,40.998338]},"properties":{"osm_id":"node/10083028429","kategori":"trafik_isigi","ad":null}},{"type":"Feature","geometry":{"type":"Point","coordinates":[29.037543,40.998489]},"properties":{"osm_id":"node/10083028430","kategori":"trafik_isigi","ad":null}},{"type":"Feature","geometry":{"type":"Point","coordinates":[28.920352,41.024502]},"properties":{"osm_id":"node/10087710882","kategori":"trafik_isigi","ad":null}},{"type":"Feature","geometry":{"type":"Point","coordinates":[28.920621,41.024421]},"properties":{"osm_id":"node/10087710898","kategori":"trafik_isigi","ad":null}},{"type":"Feature","geometry":{"type":"Point","coordinates":[28.92032,41.024234]},"properties":{"osm_id":"node/10087710908","kategori":"trafik_isigi","ad":null}},{"type":"Feature","geometry":{"type":"Point","coordinates":[28.918619,41.027069]},"properties":{"osm_id":"node/10087710913","kategori":"trafik_isigi","ad":null}},{"type":"Feature","geometry":{"type":"Point","coordinates":[28.941448,41.016092]},"properties":{"osm_id":"node/10090682082","kategori":"trafik_isigi","ad":null}},{"type":"Feature","geometry":{"type":"Point","coordinates":[28.941205,41.016151]},"properties":{"osm_id":"node/10090682100","kategori":"trafik_isigi","ad":null}},{"type":"Feature","geometry":{"type":"Point","coordinates":[28.942056,41.015917]},"properties":{"osm_id":"node/10090683818","kategori":"trafik_isigi","ad":null}},{"type":"Feature","geometry":{"type":"Point","coordinates":[28.947953,41.01201]},"properties":{"osm_id":"node/10090683861","kategori":"trafik_isigi","ad":null}},{"type":"Feature","geometry":{"type":"Point","coordinates":[28.94795,41.01165]},"properties":{"osm_id":"node/10090683870","kategori":"trafik_isigi","ad":null}},{"type":"Feature","geometry":{"type":"Point","coordinates":[28.947756,41.011774]},"properties":{"osm_id":"node/10090683880","kategori":"trafik_isigi","ad":null}},{"type":"Feature","geometry":{"type":"Point","coordinates":[28.947797,41.011431]},"properties":{"osm_id":"node/10090683893","kategori":"trafik_isigi","ad":null}},{"type":"Feature","geometry":{"type":"Point","coordinates":[28.947843,41.011394]},"properties":{"osm_id":"node/10090683895","kategori":"trafik_isigi","ad":null}},{"type":"Feature","geometry":{"type":"Point","coordinates":[28.940772,41.015411]},"properties":{"osm_id":"node/10091713588","kategori":"trafik_isigi","ad":null}},{"type":"Feature","geometry":{"type":"Point","coordinates":[28.935989,41.020075]},"properties":{"osm_id":"node/10091713615","kategori":"trafik_isigi","ad":null}},{"type":"Feature","geometry":{"type":"Point","coordinates":[28.935811,41.020082]},"properties":{"osm_id":"node/10091718820","kategori":"trafik_isigi","ad":null}},{"type":"Feature","geometry":{"type":"Point","coordinates":[28.933855,41.02135]},"properties":{"osm_id":"node/10091718833","kategori":"trafik_isigi","ad":null}},{"type":"Feature","geometry":{"type":"Point","coordinates":[28.967299,41.018374]},"properties":{"osm_id":"node/10091718896","kategori":"trafik_isigi","ad":null}},{"type":"Feature","geometry":{"type":"Point","coordinates":[28.938496,41.01228]},"properties":{"osm_id":"node/10093528198","kategori":"trafik_isigi","ad":null}},{"type":"Feature","geometry":{"type":"Point","coordinates":[28.939198,41.012513]},"properties":{"osm_id":"node/10093528209","kategori":"trafik_isigi","ad":null}},{"type":"Feature","geometry":{"type":"Point","coordinates":[28.939238,41.012668]},"properties":{"osm_id":"node/10093559833","kategori":"trafik_isigi","ad":null}},{"type":"Feature","geometry":{"type":"Point","coordinates":[28.941467,41.01571]},"properties":{"osm_id":"node/10096231011","kategori":"trafik_isigi","ad":null}},{"type":"Feature","geometry":{"type":"Point","coordinates":[28.941719,41.016159]},"properties":{"osm_id":"node/10096231012","kategori":"trafik_isigi","ad":null}},{"type":"Feature","geometry":{"type":"Point","coordinates":[28.938381,41.01252]},"properties":{"osm_id":"node/10096318328","kategori":"trafik_isigi","ad":null}},{"type":"Feature","geometry":{"type":"Point","coordinates":[28.933822,41.015138]},"properties":{"osm_id":"node/10096318333","kategori":"trafik_isigi","ad":null}},{"type":"Feature","geometry":{"type":"Point","coordinates":[28.936182,41.013733]},"properties":{"osm_id":"node/10096318334","kategori":"trafik_isigi","ad":null}},{"type":"Feature","geometry":{"type":"Point","coordinates":[28.936468,41.013845]},"properties":{"osm_id":"node/10096318335","kategori":"trafik_isigi","ad":null}},{"type":"Feature","geometry":{"type":"Point","coordinates":[28.93115,41.016377]},"properties":{"osm_id":"node/10096318366","kategori":"trafik_isigi","ad":null}},{"type":"Feature","geometry":{"type":"Point","coordinates":[28.930788,41.01643]},"properties":{"osm_id":"node/10096318368","kategori":"trafik_isigi","ad":null}},{"type":"Feature","geometry":{"type":"Point","coordinates":[28.930768,41.016357]},"properties":{"osm_id":"node/10096318371","kategori":"trafik_isigi","ad":null}},{"type":"Feature","geometry":{"type":"Point","coordinates":[28.927822,41.0182]},"properties":{"osm_id":"node/10096318399","kategori":"trafik_isigi","ad":null}},{"type":"Feature","geometry":{"type":"Point","coordinates":[28.927371,41.018023]},"properties":{"osm_id":"node/10096318402","kategori":"trafik_isigi","ad":null}},{"type":"Feature","geometry":{"type":"Point","coordinates":[28.882267,41.07547]},"properties":{"osm_id":"node/10098013083","kategori":"trafik_isigi","ad":null}},{"type":"Feature","geometry":{"type":"Point","coordinates":[28.933777,41.078379]},"properties":{"osm_id":"node/10104719876","kategori":"trafik_isigi","ad":null}},{"type":"Feature","geometry":{"type":"Point","coordinates":[28.924478,41.080557]},"properties":{"osm_id":"node/10104719916","kategori":"trafik_isigi","ad":null}},{"type":"Feature","geometry":{"type":"Point","coordinates":[28.922529,41.034845]},"properties":{"osm_id":"node/10110169744","kategori":"trafik_isigi","ad":null}},{"type":"Feature","geometry":{"type":"Point","coordinates":[28.922485,41.034879]},"properties":{"osm_id":"node/10110169745","kategori":"trafik_isigi","ad":null}},{"type":"Feature","geometry":{"type":"Point","coordinates":[29.040837,41.064482]},"properties":{"osm_id":"node/10117397387","kategori":"trafik_isigi","ad":null}},{"type":"Feature","geometry":{"type":"Point","coordinates":[29.040906,41.064334]},"properties":{"osm_id":"node/10117397388","kategori":"trafik_isigi","ad":null}},{"type":"Feature","geometry":{"type":"Point","coordinates":[29.033289,41.052058]},"properties":{"osm_id":"node/10117403203","kategori":"trafik_isigi","ad":null}},{"type":"Feature","geometry":{"type":"Point","coordinates":[29.033422,41.052472]},"properties":{"osm_id":"node/10117403204","kategori":"trafik_isigi","ad":null}},{"type":"Feature","geometry":{"type":"Point","coordinates":[29.034803,41.057052]},"properties":{"osm_id":"node/10117403208","kategori":"trafik_isigi","ad":null}},{"type":"Feature","geometry":{"type":"Point","coordinates":[29.034933,41.057335]},"properties":{"osm_id":"node/10117403209","kategori":"trafik_isigi","ad":null}},{"type":"Feature","geometry":{"type":"Point","coordinates":[28.995097,41.037672]},"properties":{"osm_id":"node/10117452602","kategori":"trafik_isigi","ad":null}},{"type":"Feature","geometry":{"type":"Point","coordinates":[28.995368,41.037829]},"properties":{"osm_id":"node/10117452607","kategori":"trafik_isigi","ad":null}},{"type":"Feature","geometry":{"type":"Point","coordinates":[28.995207,41.037403]},"properties":{"osm_id":"node/10117495818","kategori":"trafik_isigi","ad":null}},{"type":"Feature","geometry":{"type":"Point","coordinates":[28.996156,41.038613]},"properties":{"osm_id":"node/10117495828","kategori":"trafik_isigi","ad":null}},{"type":"Feature","geometry":{"type":"Point","coordinates":[29.007797,41.042466]},"properties":{"osm_id":"node/10117495866","kategori":"trafik_isigi","ad":null}},{"type":"Feature","geometry":{"type":"Point","coordinates":[28.910003,41.054814]},"properties":{"osm_id":"node/10118917324","kategori":"trafik_isigi","ad":null}},{"type":"Feature","geometry":{"type":"Point","coordinates":[28.90982,41.05487]},"properties":{"osm_id":"node/10118917326","kategori":"trafik_isigi","ad":null}},{"type":"Feature","geometry":{"type":"Point","coordinates":[28.882313,41.075453]},"properties":{"osm_id":"node/10118942792","kategori":"trafik_isigi","ad":null}},{"type":"Feature","geometry":{"type":"Point","coordinates":[29.041946,41.06639]},"properties":{"osm_id":"node/10119944961","kategori":"trafik_isigi","ad":null}},{"type":"Feature","geometry":{"type":"Point","coordinates":[29.041902,41.066581]},"properties":{"osm_id":"node/10119944969","kategori":"trafik_isigi","ad":null}},{"type":"Feature","geometry":{"type":"Point","coordinates":[29.045648,41.067648]},"properties":{"osm_id":"node/10119945002","kategori":"trafik_isigi","ad":null}},{"type":"Feature","geometry":{"type":"Point","coordinates":[29.045534,41.067478]},"properties":{"osm_id":"node/10119945003","kategori":"trafik_isigi","ad":null}},{"type":"Feature","geometry":{"type":"Point","coordinates":[29.045943,41.067939]},"properties":{"osm_id":"node/10119945011","kategori":"trafik_isigi","ad":null}},{"type":"Feature","geometry":{"type":"Point","coordinates":[29.045905,41.067849]},"properties":{"osm_id":"node/10119945012","kategori":"trafik_isigi","ad":null}},{"type":"Feature","geometry":{"type":"Point","coordinates":[29.045581,41.067769]},"properties":{"osm_id":"node/10119964322","kategori":"trafik_isigi","ad":null}},{"type":"Feature","geometry":{"type":"Point","coordinates":[29.026625,41.048955]},"properties":{"osm_id":"node/10119964376","kategori":"trafik_isigi","ad":null}},{"type":"Feature","geometry":{"type":"Point","coordinates":[28.790886,41.023702]},"properties":{"osm_id":"node/10127503656","kategori":"trafik_isigi","ad":null}},{"type":"Feature","geometry":{"type":"Point","coordinates":[28.976816,41.016352]},"properties":{"osm_id":"node/10132350318","kategori":"trafik_isigi","ad":null}},{"type":"Feature","geometry":{"type":"Point","coordinates":[28.974829,41.022758]},"properties":{"osm_id":"node/10132350393","kategori":"trafik_isigi","ad":null}},{"type":"Feature","geometry":{"type":"Point","coordinates":[28.880483,41.093169]},"properties":{"osm_id":"node/10133758468","kategori":"trafik_isigi","ad":null}},{"type":"Feature","geometry":{"type":"Point","coordinates":[28.880683,41.093063]},"properties":{"osm_id":"node/10133758469","kategori":"trafik_isigi","ad":null}},{"type":"Feature","geometry":{"type":"Point","coordinates":[28.889373,41.094108]},"properties":{"osm_id":"node/10133758520","kategori":"trafik_isigi","ad":null}},{"type":"Feature","geometry":{"type":"Point","coordinates":[28.889252,41.093841]},"properties":{"osm_id":"node/10133758536","kategori":"trafik_isigi","ad":null}},{"type":"Feature","geometry":{"type":"Point","coordinates":[28.645324,40.984547]},"properties":{"osm_id":"node/10136056148","kategori":"trafik_isigi","ad":null}},{"type":"Feature","geometry":{"type":"Point","coordinates":[28.645256,40.984379]},"properties":{"osm_id":"node/10136056149","kategori":"trafik_isigi","ad":null}},{"type":"Feature","geometry":{"type":"Point","coordinates":[28.645087,40.984422]},"properties":{"osm_id":"node/10136056150","kategori":"trafik_isigi","ad":null}},{"type":"Feature","geometry":{"type":"Point","coordinates":[28.896545,41.033862]},"properties":{"osm_id":"node/10137949337","kategori":"trafik_isigi","ad":null}},{"type":"Feature","geometry":{"type":"Point","coordinates":[28.896582,41.03394]},"properties":{"osm_id":"node/10137949338","kategori":"trafik_isigi","ad":null}},{"type":"Feature","geometry":{"type":"Point","coordinates":[28.895959,41.034062]},"properties":{"osm_id":"node/10137949339","kategori":"trafik_isigi","ad":null}},{"type":"Feature","geometry":{"type":"Point","coordinates":[28.896401,41.034097]},"properties":{"osm_id":"node/10137949380","kategori":"trafik_isigi","ad":null}},{"type":"Feature","geometry":{"type":"Point","coordinates":[28.889684,41.091218]},"properties":{"osm_id":"node/10138277166","kategori":"trafik_isigi","ad":null}},{"type":"Feature","geometry":{"type":"Point","coordinates":[28.906386,41.091578]},"properties":{"osm_id":"node/10138277744","kategori":"trafik_isigi","ad":null}},{"type":"Feature","geometry":{"type":"Point","coordinates":[28.906654,41.091488]},"properties":{"osm_id":"node/10138277748","kategori":"trafik_isigi","ad":null}},{"type":"Feature","geometry":{"type":"Point","coordinates":[28.987907,41.066844]},"properties":{"osm_id":"node/10140418026","kategori":"trafik_isigi","ad":null}},{"type":"Feature","geometry":{"type":"Point","coordinates":[28.906528,41.091291]},"properties":{"osm_id":"node/10144907468","kategori":"trafik_isigi","ad":null}},{"type":"Feature","geometry":{"type":"Point","coordinates":[29.170927,40.892988]},"properties":{"osm_id":"node/10151469154","kategori":"trafik_isigi","ad":null}},{"type":"Feature","geometry":{"type":"Point","coordinates":[29.171211,40.892993]},"properties":{"osm_id":"node/10151469155","kategori":"trafik_isigi","ad":null}},{"type":"Feature","geometry":{"type":"Point","coordinates":[29.175084,40.890161]},"properties":{"osm_id":"node/10151469157","kategori":"trafik_isigi","ad":null}},{"type":"Feature","geometry":{"type":"Point","coordinates":[29.175407,40.890027]},"properties":{"osm_id":"node/10151469158","kategori":"trafik_isigi","ad":null}},{"type":"Feature","geometry":{"type":"Point","coordinates":[29.175395,40.89029]},"properties":{"osm_id":"node/10151469166","kategori":"trafik_isigi","ad":null}},{"type":"Feature","geometry":{"type":"Point","coordinates":[29.18471,40.886114]},"properties":{"osm_id":"node/10151469200","kategori":"trafik_isigi","ad":null}},{"type":"Feature","geometry":{"type":"Point","coordinates":[29.184947,40.886066]},"properties":{"osm_id":"node/10151469201","kategori":"trafik_isigi","ad":null}},{"type":"Feature","geometry":{"type":"Point","coordinates":[29.189135,40.887312]},"properties":{"osm_id":"node/10151469226","kategori":"trafik_isigi","ad":null}},{"type":"Feature","geometry":{"type":"Point","coordinates":[29.189327,40.887561]},"properties":{"osm_id":"node/10151469227","kategori":"trafik_isigi","ad":null}},{"type":"Feature","geometry":{"type":"Point","coordinates":[28.786539,41.048648]},"properties":{"osm_id":"node/10154252650","kategori":"trafik_isigi","ad":null}},{"type":"Feature","geometry":{"type":"Point","coordinates":[28.785972,41.048522]},"properties":{"osm_id":"node/10154252651","kategori":"trafik_isigi","ad":null}},{"type":"Feature","geometry":{"type":"Point","coordinates":[28.786639,41.048424]},"properties":{"osm_id":"node/10154252652","kategori":"trafik_isigi","ad":null}},{"type":"Feature","geometry":{"type":"Point","coordinates":[28.786274,41.048347]},"properties":{"osm_id":"node/10154252653","kategori":"trafik_isigi","ad":null}},{"type":"Feature","geometry":{"type":"Point","coordinates":[28.781403,41.044132]},"properties":{"osm_id":"node/10154252671","kategori":"trafik_isigi","ad":null}},{"type":"Feature","geometry":{"type":"Point","coordinates":[28.77861,41.041956]},"properties":{"osm_id":"node/10154252674","kategori":"trafik_isigi","ad":null}},{"type":"Feature","geometry":{"type":"Point","coordinates":[28.778466,41.0417]},"properties":{"osm_id":"node/10154252681","kategori":"trafik_isigi","ad":null}},{"type":"Feature","geometry":{"type":"Point","coordinates":[29.036426,41.060015]},"properties":{"osm_id":"node/10155546606","kategori":"trafik_isigi","ad":null}},{"type":"Feature","geometry":{"type":"Point","coordinates":[29.036588,41.060186]},"properties":{"osm_id":"node/10155546607","kategori":"trafik_isigi","ad":null}},{"type":"Feature","geometry":{"type":"Point","coordinates":[29.054414,41.081213]},"properties":{"osm_id":"node/10155591807","kategori":"trafik_isigi","ad":null}},{"type":"Feature","geometry":{"type":"Point","coordinates":[29.056809,41.088413]},"properties":{"osm_id":"node/10155624987","kategori":"trafik_isigi","ad":null}},{"type":"Feature","geometry":{"type":"Point","coordinates":[29.056835,41.088492]},"properties":{"osm_id":"node/10155624988","kategori":"trafik_isigi","ad":null}},{"type":"Feature","geometry":{"type":"Point","coordinates":[29.053149,41.096599]},"properties":{"osm_id":"node/10155624995","kategori":"trafik_isigi","ad":null}},{"type":"Feature","geometry":{"type":"Point","coordinates":[29.053052,41.096841]},"properties":{"osm_id":"node/10155624999","kategori":"trafik_isigi","ad":null}},{"type":"Feature","geometry":{"type":"Point","coordinates":[29.052918,41.096689]},"properties":{"osm_id":"node/10155625009","kategori":"trafik_isigi","ad":null}},{"type":"Feature","geometry":{"type":"Point","coordinates":[29.012293,41.078993]},"properties":{"osm_id":"node/10155688944","kategori":"trafik_isigi","ad":null}},{"type":"Feature","geometry":{"type":"Point","coordinates":[29.01249,41.078964]},"properties":{"osm_id":"node/10155688947","kategori":"trafik_isigi","ad":null}},{"type":"Feature","geometry":{"type":"Point","coordinates":[29.012431,41.078724]},"properties":{"osm_id":"node/10155688948","kategori":"trafik_isigi","ad":null}},{"type":"Feature","geometry":{"type":"Point","coordinates":[28.626007,41.004871]},"properties":{"osm_id":"node/10156409564","kategori":"trafik_isigi","ad":null}},{"type":"Feature","geometry":{"type":"Point","coordinates":[28.6259,41.004717]},"properties":{"osm_id":"node/10156409565","kategori":"trafik_isigi","ad":null}},{"type":"Feature","geometry":{"type":"Point","coordinates":[28.625785,41.005003]},"properties":{"osm_id":"node/10156409567","kategori":"trafik_isigi","ad":null}},{"type":"Feature","geometry":{"type":"Point","coordinates":[28.645777,41.000273]},"properties":{"osm_id":"node/10156410192","kategori":"trafik_isigi","ad":null}},{"type":"Feature","geometry":{"type":"Point","coordinates":[28.645822,41.000327]},"properties":{"osm_id":"node/10156410193","kategori":"trafik_isigi","ad":null}},{"type":"Feature","geometry":{"type":"Point","coordinates":[28.625705,40.997466]},"properties":{"osm_id":"node/10156439893","kategori":"trafik_isigi","ad":null}},{"type":"Feature","geometry":{"type":"Point","coordinates":[28.646231,41.000534]},"properties":{"osm_id":"node/10163828698","kategori":"trafik_isigi","ad":null}},{"type":"Feature","geometry":{"type":"Point","coordinates":[29.053091,41.098731]},"properties":{"osm_id":"node/10168465731","kategori":"trafik_isigi","ad":null}},{"type":"Feature","geometry":{"type":"Point","coordinates":[29.053258,41.098904]},"properties":{"osm_id":"node/10168465732","kategori":"trafik_isigi","ad":null}},{"type":"Feature","geometry":{"type":"Point","coordinates":[29.053867,41.09928]},"properties":{"osm_id":"node/10168465771","kategori":"trafik_isigi","ad":null}},{"type":"Feature","geometry":{"type":"Point","coordinates":[29.054993,41.10142]},"properties":{"osm_id":"node/10168465784","kategori":"trafik_isigi","ad":null}},{"type":"Feature","geometry":{"type":"Point","coordinates":[29.055001,41.101497]},"properties":{"osm_id":"node/10168465785","kategori":"trafik_isigi","ad":null}},{"type":"Feature","geometry":{"type":"Point","coordinates":[29.056571,41.104737]},"properties":{"osm_id":"node/10168465804","kategori":"trafik_isigi","ad":null}},{"type":"Feature","geometry":{"type":"Point","coordinates":[29.056608,41.104807]},"properties":{"osm_id":"node/10168465805","kategori":"trafik_isigi","ad":null}},{"type":"Feature","geometry":{"type":"Point","coordinates":[29.055929,41.112292]},"properties":{"osm_id":"node/10168465847","kategori":"trafik_isigi","ad":null}},{"type":"Feature","geometry":{"type":"Point","coordinates":[28.893522,41.081102]},"properties":{"osm_id":"node/10173099348","kategori":"trafik_isigi","ad":null}},{"type":"Feature","geometry":{"type":"Point","coordinates":[28.89256,41.082312]},"properties":{"osm_id":"node/10173099378","kategori":"trafik_isigi","ad":null}},{"type":"Feature","geometry":{"type":"Point","coordinates":[28.883538,41.089628]},"properties":{"osm_id":"node/10176585923","kategori":"trafik_isigi","ad":null}},{"type":"Feature","geometry":{"type":"Point","coordinates":[28.928713,41.033945]},"properties":{"osm_id":"node/10176585948","kategori":"trafik_isigi","ad":null}},{"type":"Feature","geometry":{"type":"Point","coordinates":[28.969482,41.024827]},"properties":{"osm_id":"node/10176882491","kategori":"trafik_isigi","ad":null}},{"type":"Feature","geometry":{"type":"Point","coordinates":[28.969646,41.02478]},"properties":{"osm_id":"node/10176882494","kategori":"trafik_isigi","ad":null}},{"type":"Feature","geometry":{"type":"Point","coordinates":[28.970892,41.023298]},"properties":{"osm_id":"node/10176882499","kategori":"trafik_isigi","ad":null}},{"type":"Feature","geometry":{"type":"Point","coordinates":[28.971299,41.023175]},"properties":{"osm_id":"node/10176882505","kategori":"trafik_isigi","ad":null}},{"type":"Feature","geometry":{"type":"Point","coordinates":[28.971105,41.023188]},"properties":{"osm_id":"node/10176882506","kategori":"trafik_isigi","ad":null}},{"type":"Feature","geometry":{"type":"Point","coordinates":[28.650121,40.980055]},"properties":{"osm_id":"node/10181296475","kategori":"trafik_isigi","ad":null}},{"type":"Feature","geometry":{"type":"Point","coordinates":[28.650098,40.98019]},"properties":{"osm_id":"node/10181296476","kategori":"trafik_isigi","ad":null}},{"type":"Feature","geometry":{"type":"Point","coordinates":[28.650383,40.980224]},"properties":{"osm_id":"node/10181296477","kategori":"trafik_isigi","ad":null}},{"type":"Feature","geometry":{"type":"Point","coordinates":[28.907307,41.080384]},"properties":{"osm_id":"node/10188224116","kategori":"trafik_isigi","ad":null}},{"type":"Feature","geometry":{"type":"Point","coordinates":[28.907208,41.07998]},"properties":{"osm_id":"node/10188258224","kategori":"trafik_isigi","ad":null}},{"type":"Feature","geometry":{"type":"Point","coordinates":[28.908126,41.082579]},"properties":{"osm_id":"node/10188258230","kategori":"trafik_isigi","ad":null}},{"type":"Feature","geometry":{"type":"Point","coordinates":[28.908269,41.082369]},"properties":{"osm_id":"node/10188258231","kategori":"trafik_isigi","ad":null}},{"type":"Feature","geometry":{"type":"Point","coordinates":[28.903726,41.073347]},"properties":{"osm_id":"node/10188258373","kategori":"trafik_isigi","ad":null}},{"type":"Feature","geometry":{"type":"Point","coordinates":[28.901066,41.087813]},"properties":{"osm_id":"node/10195641950","kategori":"trafik_isigi","ad":null}},{"type":"Feature","geometry":{"type":"Point","coordinates":[28.904287,41.085497]},"properties":{"osm_id":"node/10195641952","kategori":"trafik_isigi","ad":null}},{"type":"Feature","geometry":{"type":"Point","coordinates":[28.904517,41.085588]},"properties":{"osm_id":"node/10195641953","kategori":"trafik_isigi","ad":null}},{"type":"Feature","geometry":{"type":"Point","coordinates":[28.911952,41.084126]},"properties":{"osm_id":"node/10209372029","kategori":"trafik_isigi","ad":null}},{"type":"Feature","geometry":{"type":"Point","coordinates":[28.911716,41.095005]},"properties":{"osm_id":"node/10209372165","kategori":"trafik_isigi","ad":null}},{"type":"Feature","geometry":{"type":"Point","coordinates":[28.911865,41.084294]},"properties":{"osm_id":"node/10209372226","kategori":"trafik_isigi","ad":null}},{"type":"Feature","geometry":{"type":"Point","coordinates":[28.911919,41.084272]},"properties":{"osm_id":"node/10209372233","kategori":"trafik_isigi","ad":null}},{"type":"Feature","geometry":{"type":"Point","coordinates":[28.916703,41.073363]},"properties":{"osm_id":"node/10212739029","kategori":"trafik_isigi","ad":null}},{"type":"Feature","geometry":{"type":"Point","coordinates":[28.927656,41.069383]},"properties":{"osm_id":"node/10213872779","kategori":"trafik_isigi","ad":null}},{"type":"Feature","geometry":{"type":"Point","coordinates":[28.88516,41.069576]},"properties":{"osm_id":"node/10228753858","kategori":"trafik_isigi","ad":null}},{"type":"Feature","geometry":{"type":"Point","coordinates":[28.885078,41.069664]},"properties":{"osm_id":"node/10228753859","kategori":"trafik_isigi","ad":null}},{"type":"Feature","geometry":{"type":"Point","coordinates":[28.890187,41.071407]},"properties":{"osm_id":"node/10228753908","kategori":"trafik_isigi","ad":null}},{"type":"Feature","geometry":{"type":"Point","coordinates":[28.98861,41.061824]},"properties":{"osm_id":"node/10231955429","kategori":"trafik_isigi","ad":null}},{"type":"Feature","geometry":{"type":"Point","coordinates":[28.987036,41.060314]},"properties":{"osm_id":"node/10231955431","kategori":"trafik_isigi","ad":null}},{"type":"Feature","geometry":{"type":"Point","coordinates":[28.987373,41.059968]},"properties":{"osm_id":"node/10231955441","kategori":"trafik_isigi","ad":null}},{"type":"Feature","geometry":{"type":"Point","coordinates":[28.988604,41.061945]},"properties":{"osm_id":"node/10231955465","kategori":"trafik_isigi","ad":null}},{"type":"Feature","geometry":{"type":"Point","coordinates":[28.990516,41.063019]},"properties":{"osm_id":"node/10231955476","kategori":"trafik_isigi","ad":null}},{"type":"Feature","geometry":{"type":"Point","coordinates":[28.990541,41.062998]},"properties":{"osm_id":"node/10231955480","kategori":"trafik_isigi","ad":null}},{"type":"Feature","geometry":{"type":"Point","coordinates":[28.99276,41.06467]},"properties":{"osm_id":"node/10231955502","kategori":"trafik_isigi","ad":null}},{"type":"Feature","geometry":{"type":"Point","coordinates":[28.987471,41.060129]},"properties":{"osm_id":"node/10231955503","kategori":"trafik_isigi","ad":null}},{"type":"Feature","geometry":{"type":"Point","coordinates":[28.994891,41.065842]},"properties":{"osm_id":"node/10231979135","kategori":"trafik_isigi","ad":null}},{"type":"Feature","geometry":{"type":"Point","coordinates":[28.8931,41.052657]},"properties":{"osm_id":"node/10236183755","kategori":"trafik_isigi","ad":null}},{"type":"Feature","geometry":{"type":"Point","coordinates":[28.893079,41.052697]},"properties":{"osm_id":"node/10236183756","kategori":"trafik_isigi","ad":null}},{"type":"Feature","geometry":{"type":"Point","coordinates":[28.888385,41.0633]},"properties":{"osm_id":"node/10236183781","kategori":"trafik_isigi","ad":null}},{"type":"Feature","geometry":{"type":"Point","coordinates":[28.888482,41.06322]},"properties":{"osm_id":"node/10236183782","kategori":"trafik_isigi","ad":null}},{"type":"Feature","geometry":{"type":"Point","coordinates":[28.889931,41.059881]},"properties":{"osm_id":"node/10236183788","kategori":"trafik_isigi","ad":null}},{"type":"Feature","geometry":{"type":"Point","coordinates":[29.156812,41.001505]},"properties":{"osm_id":"node/10251304586","kategori":"trafik_isigi","ad":null}},{"type":"Feature","geometry":{"type":"Point","coordinates":[28.938726,41.07241]},"properties":{"osm_id":"node/10255332285","kategori":"trafik_isigi","ad":null}},{"type":"Feature","geometry":{"type":"Point","coordinates":[28.938818,41.072421]},"properties":{"osm_id":"node/10255332287","kategori":"trafik_isigi","ad":null}},{"type":"Feature","geometry":{"type":"Point","coordinates":[28.935608,41.071321]},"properties":{"osm_id":"node/10255340227","kategori":"trafik_isigi","ad":null}},{"type":"Feature","geometry":{"type":"Point","coordinates":[28.927562,41.069423]},"properties":{"osm_id":"node/10255340292","kategori":"trafik_isigi","ad":null}},{"type":"Feature","geometry":{"type":"Point","coordinates":[28.813715,41.136306]},"properties":{"osm_id":"node/10268939449","kategori":"trafik_isigi","ad":null}},{"type":"Feature","geometry":{"type":"Point","coordinates":[28.976904,41.083448]},"properties":{"osm_id":"node/10268946825","kategori":"trafik_isigi","ad":null}},{"type":"Feature","geometry":{"type":"Point","coordinates":[28.977079,41.083284]},"properties":{"osm_id":"node/10268946826","kategori":"trafik_isigi","ad":null}},{"type":"Feature","geometry":{"type":"Point","coordinates":[28.980977,41.070558]},"properties":{"osm_id":"node/10268946903","kategori":"trafik_isigi","ad":null}},{"type":"Feature","geometry":{"type":"Point","coordinates":[28.69861,40.985025]},"properties":{"osm_id":"node/10269681311","kategori":"trafik_isigi","ad":null}},{"type":"Feature","geometry":{"type":"Point","coordinates":[29.048866,41.11073]},"properties":{"osm_id":"node/10271367184","kategori":"trafik_isigi","ad":null}},{"type":"Feature","geometry":{"type":"Point","coordinates":[29.048657,41.110583]},"properties":{"osm_id":"node/10271367194","kategori":"trafik_isigi","ad":null}},{"type":"Feature","geometry":{"type":"Point","coordinates":[29.039746,41.111825]},"properties":{"osm_id":"node/10271394552","kategori":"trafik_isigi","ad":null}},{"type":"Feature","geometry":{"type":"Point","coordinates":[29.040149,41.111982]},"properties":{"osm_id":"node/10271394557","kategori":"trafik_isigi","ad":null}},{"type":"Feature","geometry":{"type":"Point","coordinates":[29.039899,41.112049]},"properties":{"osm_id":"node/10271394570","kategori":"trafik_isigi","ad":null}},{"type":"Feature","geometry":{"type":"Point","coordinates":[29.039815,41.112047]},"properties":{"osm_id":"node/10271394571","kategori":"trafik_isigi","ad":null}},{"type":"Feature","geometry":{"type":"Point","coordinates":[29.0291,41.108857]},"properties":{"osm_id":"node/10271394637","kategori":"trafik_isigi","ad":null}},{"type":"Feature","geometry":{"type":"Point","coordinates":[29.0292,41.108684]},"properties":{"osm_id":"node/10271394643","kategori":"trafik_isigi","ad":null}},{"type":"Feature","geometry":{"type":"Point","coordinates":[29.03001,41.108849]},"properties":{"osm_id":"node/10271394647","kategori":"trafik_isigi","ad":null}},{"type":"Feature","geometry":{"type":"Point","coordinates":[29.006357,41.109345]},"properties":{"osm_id":"node/10272099813","kategori":"trafik_isigi","ad":null}},{"type":"Feature","geometry":{"type":"Point","coordinates":[29.006284,41.109383]},"properties":{"osm_id":"node/10272099815","kategori":"trafik_isigi","ad":null}},{"type":"Feature","geometry":{"type":"Point","coordinates":[29.006161,41.109315]},"properties":{"osm_id":"node/10272099817","kategori":"trafik_isigi","ad":null}},{"type":"Feature","geometry":{"type":"Point","coordinates":[29.030185,41.109026]},"properties":{"osm_id":"node/10275257443","kategori":"trafik_isigi","ad":null}},{"type":"Feature","geometry":{"type":"Point","coordinates":[29.028968,41.1087]},"properties":{"osm_id":"node/10275257444","kategori":"trafik_isigi","ad":null}},{"type":"Feature","geometry":{"type":"Point","coordinates":[29.036372,41.111088]},"properties":{"osm_id":"node/10275257447","kategori":"trafik_isigi","ad":null}},{"type":"Feature","geometry":{"type":"Point","coordinates":[29.036322,41.110963]},"properties":{"osm_id":"node/10275257448","kategori":"trafik_isigi","ad":null}},{"type":"Feature","geometry":{"type":"Point","coordinates":[29.03667,41.111163]},"properties":{"osm_id":"node/10275257453","kategori":"trafik_isigi","ad":null}},{"type":"Feature","geometry":{"type":"Point","coordinates":[28.977043,41.083697]},"properties":{"osm_id":"node/10276103046","kategori":"trafik_isigi","ad":null}},{"type":"Feature","geometry":{"type":"Point","coordinates":[28.885587,41.10375]},"properties":{"osm_id":"node/10276216712","kategori":"trafik_isigi","ad":null}},{"type":"Feature","geometry":{"type":"Point","coordinates":[28.885183,41.103793]},"properties":{"osm_id":"node/10276216725","kategori":"trafik_isigi","ad":null}},{"type":"Feature","geometry":{"type":"Point","coordinates":[29.056862,41.085939]},"properties":{"osm_id":"node/10276525236","kategori":"trafik_isigi","ad":null}},{"type":"Feature","geometry":{"type":"Point","coordinates":[29.056858,41.086025]},"properties":{"osm_id":"node/10276525237","kategori":"trafik_isigi","ad":null}},{"type":"Feature","geometry":{"type":"Point","coordinates":[29.053212,41.095952]},"properties":{"osm_id":"node/10276525251","kategori":"trafik_isigi","ad":null}},{"type":"Feature","geometry":{"type":"Point","coordinates":[29.053208,41.096011]},"properties":{"osm_id":"node/10276525252","kategori":"trafik_isigi","ad":null}},{"type":"Feature","geometry":{"type":"Point","coordinates":[28.978356,41.086016]},"properties":{"osm_id":"node/10279664396","kategori":"trafik_isigi","ad":null}},{"type":"Feature","geometry":{"type":"Point","coordinates":[28.978239,41.085967]},"properties":{"osm_id":"node/10279664398","kategori":"trafik_isigi","ad":null}},{"type":"Feature","geometry":{"type":"Point","coordinates":[28.977955,41.085662]},"properties":{"osm_id":"node/10279664399","kategori":"trafik_isigi","ad":null}},{"type":"Feature","geometry":{"type":"Point","coordinates":[28.977177,41.083714]},"properties":{"osm_id":"node/10279664400","kategori":"trafik_isigi","ad":null}},{"type":"Feature","geometry":{"type":"Point","coordinates":[29.036437,41.060167]},"properties":{"osm_id":"node/10279864594","kategori":"trafik_isigi","ad":null}},{"type":"Feature","geometry":{"type":"Point","coordinates":[29.030678,41.064545]},"properties":{"osm_id":"node/10279865384","kategori":"trafik_isigi","ad":null}},{"type":"Feature","geometry":{"type":"Point","coordinates":[29.030646,41.064584]},"properties":{"osm_id":"node/10279865389","kategori":"trafik_isigi","ad":null}},{"type":"Feature","geometry":{"type":"Point","coordinates":[29.009581,41.068358]},"properties":{"osm_id":"node/10282040299","kategori":"trafik_isigi","ad":null}},{"type":"Feature","geometry":{"type":"Point","coordinates":[29.088824,40.964214]},"properties":{"osm_id":"node/10284398278","kategori":"trafik_isigi","ad":null}},{"type":"Feature","geometry":{"type":"Point","coordinates":[29.088369,40.964611]},"properties":{"osm_id":"node/10284398279","kategori":"trafik_isigi","ad":null}},{"type":"Feature","geometry":{"type":"Point","coordinates":[29.087441,40.965634]},"properties":{"osm_id":"node/10284398284","kategori":"trafik_isigi","ad":null}},{"type":"Feature","geometry":{"type":"Point","coordinates":[29.087522,40.965673]},"properties":{"osm_id":"node/10284398285","kategori":"trafik_isigi","ad":null}},{"type":"Feature","geometry":{"type":"Point","coordinates":[29.111805,40.971176]},"properties":{"osm_id":"node/10285745402","kategori":"trafik_isigi","ad":null}},{"type":"Feature","geometry":{"type":"Point","coordinates":[29.112082,40.971206]},"properties":{"osm_id":"node/10285745403","kategori":"trafik_isigi","ad":null}},{"type":"Feature","geometry":{"type":"Point","coordinates":[29.111854,40.971096]},"properties":{"osm_id":"node/10285745404","kategori":"trafik_isigi","ad":null}},{"type":"Feature","geometry":{"type":"Point","coordinates":[29.112036,40.971278]},"properties":{"osm_id":"node/10285745405","kategori":"trafik_isigi","ad":null}},{"type":"Feature","geometry":{"type":"Point","coordinates":[29.033685,40.993013]},"properties":{"osm_id":"node/10291329550","kategori":"trafik_isigi","ad":null}},{"type":"Feature","geometry":{"type":"Point","coordinates":[29.032869,40.99454]},"properties":{"osm_id":"node/10291346257","kategori":"trafik_isigi","ad":null}},{"type":"Feature","geometry":{"type":"Point","coordinates":[28.906656,41.09252]},"properties":{"osm_id":"node/10303125069","kategori":"trafik_isigi","ad":null}},{"type":"Feature","geometry":{"type":"Point","coordinates":[28.906129,41.093407]},"properties":{"osm_id":"node/10303125077","kategori":"trafik_isigi","ad":null}},{"type":"Feature","geometry":{"type":"Point","coordinates":[29.141396,40.938496]},"properties":{"osm_id":"node/10316636718","kategori":"trafik_isigi","ad":null}},{"type":"Feature","geometry":{"type":"Point","coordinates":[29.141328,40.938521]},"properties":{"osm_id":"node/10316636719","kategori":"trafik_isigi","ad":null}},{"type":"Feature","geometry":{"type":"Point","coordinates":[29.108094,41.03101]},"properties":{"osm_id":"node/10536368481","kategori":"trafik_isigi","ad":null}},{"type":"Feature","geometry":{"type":"Point","coordinates":[29.111276,41.034316]},"properties":{"osm_id":"node/10536368483","kategori":"trafik_isigi","ad":null}},{"type":"Feature","geometry":{"type":"Point","coordinates":[29.111393,41.033988]},"properties":{"osm_id":"node/10536464039","kategori":"trafik_isigi","ad":null}},{"type":"Feature","geometry":{"type":"Point","coordinates":[29.111181,41.033945]},"properties":{"osm_id":"node/10536467695","kategori":"trafik_isigi","ad":null}},{"type":"Feature","geometry":{"type":"Point","coordinates":[29.108147,41.031192]},"properties":{"osm_id":"node/10536495423","kategori":"trafik_isigi","ad":null}},{"type":"Feature","geometry":{"type":"Point","coordinates":[29.232407,40.871808]},"properties":{"osm_id":"node/10536736434","kategori":"trafik_isigi","ad":null}},{"type":"Feature","geometry":{"type":"Point","coordinates":[28.883612,41.091136]},"properties":{"osm_id":"node/10538812839","kategori":"trafik_isigi","ad":null}},{"type":"Feature","geometry":{"type":"Point","coordinates":[28.937398,41.043329]},"properties":{"osm_id":"node/10558365504","kategori":"trafik_isigi","ad":null}},{"type":"Feature","geometry":{"type":"Point","coordinates":[28.933087,41.046092]},"properties":{"osm_id":"node/10558369018","kategori":"trafik_isigi","ad":null}},{"type":"Feature","geometry":{"type":"Point","coordinates":[28.930008,41.0483]},"properties":{"osm_id":"node/10558369084","kategori":"trafik_isigi","ad":null}},{"type":"Feature","geometry":{"type":"Point","coordinates":[29.008114,41.050137]},"properties":{"osm_id":"node/10561696420","kategori":"trafik_isigi","ad":null}},{"type":"Feature","geometry":{"type":"Point","coordinates":[29.008488,41.050047]},"properties":{"osm_id":"node/10561696421","kategori":"trafik_isigi","ad":null}},{"type":"Feature","geometry":{"type":"Point","coordinates":[29.008704,41.050099]},"properties":{"osm_id":"node/10561696424","kategori":"trafik_isigi","ad":null}},{"type":"Feature","geometry":{"type":"Point","coordinates":[29.00832,41.050211]},"properties":{"osm_id":"node/10561696425","kategori":"trafik_isigi","ad":null}},{"type":"Feature","geometry":{"type":"Point","coordinates":[29.00855,41.051926]},"properties":{"osm_id":"node/10561696454","kategori":"trafik_isigi","ad":null}},{"type":"Feature","geometry":{"type":"Point","coordinates":[28.775324,41.099457]},"properties":{"osm_id":"node/10564508649","kategori":"trafik_isigi","ad":null}},{"type":"Feature","geometry":{"type":"Point","coordinates":[28.77566,41.099267]},"properties":{"osm_id":"node/10564508650","kategori":"trafik_isigi","ad":null}},{"type":"Feature","geometry":{"type":"Point","coordinates":[28.775751,41.099501]},"properties":{"osm_id":"node/10564508651","kategori":"trafik_isigi","ad":null}},{"type":"Feature","geometry":{"type":"Point","coordinates":[28.910989,41.158115]},"properties":{"osm_id":"node/10572408944","kategori":"trafik_isigi","ad":null}},{"type":"Feature","geometry":{"type":"Point","coordinates":[28.910437,41.158075]},"properties":{"osm_id":"node/10572408945","kategori":"trafik_isigi","ad":null}},{"type":"Feature","geometry":{"type":"Point","coordinates":[28.910797,41.15797]},"properties":{"osm_id":"node/10572408946","kategori":"trafik_isigi","ad":null}},{"type":"Feature","geometry":{"type":"Point","coordinates":[28.910991,41.158003]},"properties":{"osm_id":"node/10572408947","kategori":"trafik_isigi","ad":null}},{"type":"Feature","geometry":{"type":"Point","coordinates":[28.910055,41.159279]},"properties":{"osm_id":"node/10572408948","kategori":"trafik_isigi","ad":null}},{"type":"Feature","geometry":{"type":"Point","coordinates":[28.910215,41.159223]},"properties":{"osm_id":"node/10572408949","kategori":"trafik_isigi","ad":null}},{"type":"Feature","geometry":{"type":"Point","coordinates":[29.050397,40.998829]},"properties":{"osm_id":"node/10572474120","kategori":"trafik_isigi","ad":null}},{"type":"Feature","geometry":{"type":"Point","coordinates":[29.050439,40.998717]},"properties":{"osm_id":"node/10572474128","kategori":"trafik_isigi","ad":null}},{"type":"Feature","geometry":{"type":"Point","coordinates":[28.978677,41.085328]},"properties":{"osm_id":"node/10575306402","kategori":"trafik_isigi","ad":null}},{"type":"Feature","geometry":{"type":"Point","coordinates":[28.935016,41.031535]},"properties":{"osm_id":"node/10576180395","kategori":"trafik_isigi","ad":null}},{"type":"Feature","geometry":{"type":"Point","coordinates":[28.935815,41.031286]},"properties":{"osm_id":"node/10576180405","kategori":"trafik_isigi","ad":null}},{"type":"Feature","geometry":{"type":"Point","coordinates":[28.454916,41.219839]},"properties":{"osm_id":"node/10576325037","kategori":"trafik_isigi","ad":null}},{"type":"Feature","geometry":{"type":"Point","coordinates":[28.454941,41.219522]},"properties":{"osm_id":"node/10576325038","kategori":"trafik_isigi","ad":null}},{"type":"Feature","geometry":{"type":"Point","coordinates":[28.893427,41.069974]},"properties":{"osm_id":"node/10577765793","kategori":"trafik_isigi","ad":null}},{"type":"Feature","geometry":{"type":"Point","coordinates":[28.977115,41.083321]},"properties":{"osm_id":"node/10583640130","kategori":"trafik_isigi","ad":null}},{"type":"Feature","geometry":{"type":"Point","coordinates":[28.93687,41.029756]},"properties":{"osm_id":"node/10586461628","kategori":"trafik_isigi","ad":null}},{"type":"Feature","geometry":{"type":"Point","coordinates":[28.534505,41.059975]},"properties":{"osm_id":"node/10599459114","kategori":"trafik_isigi","ad":null}},{"type":"Feature","geometry":{"type":"Point","coordinates":[28.972679,41.079322]},"properties":{"osm_id":"node/10651515473","kategori":"trafik_isigi","ad":null}},{"type":"Feature","geometry":{"type":"Point","coordinates":[28.972705,41.079272]},"properties":{"osm_id":"node/10651515474","kategori":"trafik_isigi","ad":null}},{"type":"Feature","geometry":{"type":"Point","coordinates":[28.970341,41.077035]},"properties":{"osm_id":"node/10651515489","kategori":"trafik_isigi","ad":null}},{"type":"Feature","geometry":{"type":"Point","coordinates":[28.970544,41.077083]},"properties":{"osm_id":"node/10651515490","kategori":"trafik_isigi","ad":null}},{"type":"Feature","geometry":{"type":"Point","coordinates":[28.970434,41.077268]},"properties":{"osm_id":"node/10651515491","kategori":"trafik_isigi","ad":null}},{"type":"Feature","geometry":{"type":"Point","coordinates":[28.969529,41.075932]},"properties":{"osm_id":"node/10651515500","kategori":"trafik_isigi","ad":null}},{"type":"Feature","geometry":{"type":"Point","coordinates":[28.969428,41.075933]},"properties":{"osm_id":"node/10651515501","kategori":"trafik_isigi","ad":null}},{"type":"Feature","geometry":{"type":"Point","coordinates":[28.963648,41.068029]},"properties":{"osm_id":"node/10651546432","kategori":"trafik_isigi","ad":null}},{"type":"Feature","geometry":{"type":"Point","coordinates":[28.963265,41.067694]},"properties":{"osm_id":"node/10651546433","kategori":"trafik_isigi","ad":null}},{"type":"Feature","geometry":{"type":"Point","coordinates":[28.799633,41.104911]},"properties":{"osm_id":"node/10684041026","kategori":"trafik_isigi","ad":null}},{"type":"Feature","geometry":{"type":"Point","coordinates":[29.176206,41.040578]},"properties":{"osm_id":"node/10691879457","kategori":"trafik_isigi","ad":null}},{"type":"Feature","geometry":{"type":"Point","coordinates":[29.176237,41.040936]},"properties":{"osm_id":"node/10691879469","kategori":"trafik_isigi","ad":null}},{"type":"Feature","geometry":{"type":"Point","coordinates":[29.161928,41.00714]},"properties":{"osm_id":"node/10691903125","kategori":"trafik_isigi","ad":null}},{"type":"Feature","geometry":{"type":"Point","coordinates":[29.161789,41.007208]},"properties":{"osm_id":"node/10691903126","kategori":"trafik_isigi","ad":null}},{"type":"Feature","geometry":{"type":"Point","coordinates":[28.945069,41.022177]},"properties":{"osm_id":"node/10694271472","kategori":"trafik_isigi","ad":null}},{"type":"Feature","geometry":{"type":"Point","coordinates":[28.944664,41.022355]},"properties":{"osm_id":"node/10694271473","kategori":"trafik_isigi","ad":null}},{"type":"Feature","geometry":{"type":"Point","coordinates":[28.943746,41.021649]},"properties":{"osm_id":"node/10694357409","kategori":"trafik_isigi","ad":null}},{"type":"Feature","geometry":{"type":"Point","coordinates":[28.947264,41.019807]},"properties":{"osm_id":"node/10694357412","kategori":"trafik_isigi","ad":null}},{"type":"Feature","geometry":{"type":"Point","coordinates":[28.947644,41.019612]},"properties":{"osm_id":"node/10694357413","kategori":"trafik_isigi","ad":null}},{"type":"Feature","geometry":{"type":"Point","coordinates":[28.947328,41.019608]},"properties":{"osm_id":"node/10694357414","kategori":"trafik_isigi","ad":null}},{"type":"Feature","geometry":{"type":"Point","coordinates":[28.94848,41.018615]},"properties":{"osm_id":"node/10694357432","kategori":"trafik_isigi","ad":null}},{"type":"Feature","geometry":{"type":"Point","coordinates":[28.948822,41.018467]},"properties":{"osm_id":"node/10694357433","kategori":"trafik_isigi","ad":null}},{"type":"Feature","geometry":{"type":"Point","coordinates":[28.948513,41.01842]},"properties":{"osm_id":"node/10694357434","kategori":"trafik_isigi","ad":null}},{"type":"Feature","geometry":{"type":"Point","coordinates":[29.108194,41.031115]},"properties":{"osm_id":"node/10707772569","kategori":"trafik_isigi","ad":null}},{"type":"Feature","geometry":{"type":"Point","coordinates":[29.027988,41.139651]},"properties":{"osm_id":"node/10710938266","kategori":"trafik_isigi","ad":null}},{"type":"Feature","geometry":{"type":"Point","coordinates":[28.987909,41.066815]},"properties":{"osm_id":"node/10716383175","kategori":"trafik_isigi","ad":null}},{"type":"Feature","geometry":{"type":"Point","coordinates":[28.987441,41.064798]},"properties":{"osm_id":"node/10716383180","kategori":"trafik_isigi","ad":null}},{"type":"Feature","geometry":{"type":"Point","coordinates":[28.716039,40.994774]},"properties":{"osm_id":"node/10723309341","kategori":"trafik_isigi","ad":null}},{"type":"Feature","geometry":{"type":"Point","coordinates":[28.712965,40.99329]},"properties":{"osm_id":"node/10727881854","kategori":"trafik_isigi","ad":null}},{"type":"Feature","geometry":{"type":"Point","coordinates":[28.71244,40.993616]},"properties":{"osm_id":"node/10727881856","kategori":"trafik_isigi","ad":null}},{"type":"Feature","geometry":{"type":"Point","coordinates":[29.007024,41.044033]},"properties":{"osm_id":"node/10729789924","kategori":"trafik_isigi","ad":null}},{"type":"Feature","geometry":{"type":"Point","coordinates":[29.007385,41.045735]},"properties":{"osm_id":"node/10729789937","kategori":"trafik_isigi","ad":null}},{"type":"Feature","geometry":{"type":"Point","coordinates":[28.956467,41.016787]},"properties":{"osm_id":"node/10739987128","kategori":"trafik_isigi","ad":null}},{"type":"Feature","geometry":{"type":"Point","coordinates":[28.956425,41.016948]},"properties":{"osm_id":"node/10739987129","kategori":"trafik_isigi","ad":null}},{"type":"Feature","geometry":{"type":"Point","coordinates":[29.326988,40.825305]},"properties":{"osm_id":"node/10761146133","kategori":"trafik_isigi","ad":null}},{"type":"Feature","geometry":{"type":"Point","coordinates":[29.074837,40.995749]},"properties":{"osm_id":"node/10765830639","kategori":"trafik_isigi","ad":null}},{"type":"Feature","geometry":{"type":"Point","coordinates":[28.872432,41.10317]},"properties":{"osm_id":"node/10768915028","kategori":"trafik_isigi","ad":null}},{"type":"Feature","geometry":{"type":"Point","coordinates":[28.87241,41.103071]},"properties":{"osm_id":"node/10768915029","kategori":"trafik_isigi","ad":null}},{"type":"Feature","geometry":{"type":"Point","coordinates":[28.872603,41.103093]},"properties":{"osm_id":"node/10768915030","kategori":"trafik_isigi","ad":null}},{"type":"Feature","geometry":{"type":"Point","coordinates":[28.87241,41.102884]},"properties":{"osm_id":"node/10768915031","kategori":"trafik_isigi","ad":null}},{"type":"Feature","geometry":{"type":"Point","coordinates":[28.978565,41.085219]},"properties":{"osm_id":"node/10790518084","kategori":"trafik_isigi","ad":null}},{"type":"Feature","geometry":{"type":"Point","coordinates":[28.90442,41.059129]},"properties":{"osm_id":"node/10810732319","kategori":"trafik_isigi","ad":null}},{"type":"Feature","geometry":{"type":"Point","coordinates":[28.90422,41.05908]},"properties":{"osm_id":"node/10810732320","kategori":"trafik_isigi","ad":null}},{"type":"Feature","geometry":{"type":"Point","coordinates":[28.906087,41.093254]},"properties":{"osm_id":"node/10821776124","kategori":"trafik_isigi","ad":null}},{"type":"Feature","geometry":{"type":"Point","coordinates":[28.906847,41.092512]},"properties":{"osm_id":"node/10821776125","kategori":"trafik_isigi","ad":null}},{"type":"Feature","geometry":{"type":"Point","coordinates":[29.105495,41.002205]},"properties":{"osm_id":"node/10858147884","kategori":"trafik_isigi","ad":null}},{"type":"Feature","geometry":{"type":"Point","coordinates":[28.997706,41.11278]},"properties":{"osm_id":"node/10863322219","kategori":"trafik_isigi","ad":null}},{"type":"Feature","geometry":{"type":"Point","coordinates":[28.997724,41.112832]},"properties":{"osm_id":"node/10863322221","kategori":"trafik_isigi","ad":null}},{"type":"Feature","geometry":{"type":"Point","coordinates":[28.454238,41.166829]},"properties":{"osm_id":"node/10872916590","kategori":"trafik_isigi","ad":null}},{"type":"Feature","geometry":{"type":"Point","coordinates":[28.992952,41.104707]},"properties":{"osm_id":"node/10895009771","kategori":"trafik_isigi","ad":null}},{"type":"Feature","geometry":{"type":"Point","coordinates":[28.992965,41.104613]},"properties":{"osm_id":"node/10895009772","kategori":"trafik_isigi","ad":null}},{"type":"Feature","geometry":{"type":"Point","coordinates":[28.992754,41.104588]},"properties":{"osm_id":"node/10895009773","kategori":"trafik_isigi","ad":null}},{"type":"Feature","geometry":{"type":"Point","coordinates":[28.854883,40.996764]},"properties":{"osm_id":"node/10915834383","kategori":"trafik_isigi","ad":null}},{"type":"Feature","geometry":{"type":"Point","coordinates":[28.858985,40.999049]},"properties":{"osm_id":"node/10915866708","kategori":"trafik_isigi","ad":null}},{"type":"Feature","geometry":{"type":"Point","coordinates":[29.126347,40.97945]},"properties":{"osm_id":"node/10937914314","kategori":"trafik_isigi","ad":null}},{"type":"Feature","geometry":{"type":"Point","coordinates":[28.895119,41.092797]},"properties":{"osm_id":"node/10945166647","kategori":"trafik_isigi","ad":null}},{"type":"Feature","geometry":{"type":"Point","coordinates":[28.895239,41.092782]},"properties":{"osm_id":"node/10945166648","kategori":"trafik_isigi","ad":null}},{"type":"Feature","geometry":{"type":"Point","coordinates":[28.967201,41.060864]},"properties":{"osm_id":"node/10966439812","kategori":"trafik_isigi","ad":null}},{"type":"Feature","geometry":{"type":"Point","coordinates":[29.027881,41.14013]},"properties":{"osm_id":"node/10983248054","kategori":"trafik_isigi","ad":null}},{"type":"Feature","geometry":{"type":"Point","coordinates":[29.117245,41.055025]},"properties":{"osm_id":"node/11005588262","kategori":"trafik_isigi","ad":null}},{"type":"Feature","geometry":{"type":"Point","coordinates":[29.117255,41.05519]},"properties":{"osm_id":"node/11005588279","kategori":"trafik_isigi","ad":null}},{"type":"Feature","geometry":{"type":"Point","coordinates":[29.117526,41.055051]},"properties":{"osm_id":"node/11005588280","kategori":"trafik_isigi","ad":null}},{"type":"Feature","geometry":{"type":"Point","coordinates":[29.11757,41.055085]},"properties":{"osm_id":"node/11005588281","kategori":"trafik_isigi","ad":null}},{"type":"Feature","geometry":{"type":"Point","coordinates":[29.117206,41.055155]},"properties":{"osm_id":"node/11005588282","kategori":"trafik_isigi","ad":null}},{"type":"Feature","geometry":{"type":"Point","coordinates":[29.117934,41.054744]},"properties":{"osm_id":"node/11005588284","kategori":"trafik_isigi","ad":null}},{"type":"Feature","geometry":{"type":"Point","coordinates":[29.117902,41.054625]},"properties":{"osm_id":"node/11005588285","kategori":"trafik_isigi","ad":null}},{"type":"Feature","geometry":{"type":"Point","coordinates":[29.117879,41.054682]},"properties":{"osm_id":"node/11005588286","kategori":"trafik_isigi","ad":null}},{"type":"Feature","geometry":{"type":"Point","coordinates":[29.118197,41.054699]},"properties":{"osm_id":"node/11005588287","kategori":"trafik_isigi","ad":null}},{"type":"Feature","geometry":{"type":"Point","coordinates":[29.122985,40.926429]},"properties":{"osm_id":"node/11012948367","kategori":"trafik_isigi","ad":null}},{"type":"Feature","geometry":{"type":"Point","coordinates":[29.122745,40.926443]},"properties":{"osm_id":"node/11012948368","kategori":"trafik_isigi","ad":null}},{"type":"Feature","geometry":{"type":"Point","coordinates":[28.23975,41.080869]},"properties":{"osm_id":"node/11013835839","kategori":"trafik_isigi","ad":null}},{"type":"Feature","geometry":{"type":"Point","coordinates":[28.239715,41.081106]},"properties":{"osm_id":"node/11013835840","kategori":"trafik_isigi","ad":null}},{"type":"Feature","geometry":{"type":"Point","coordinates":[28.239623,41.080944]},"properties":{"osm_id":"node/11013835845","kategori":"trafik_isigi","ad":null}},{"type":"Feature","geometry":{"type":"Point","coordinates":[28.787378,40.972693]},"properties":{"osm_id":"node/11018213035","kategori":"trafik_isigi","ad":null}},{"type":"Feature","geometry":{"type":"Point","coordinates":[28.787661,40.972599]},"properties":{"osm_id":"node/11018213036","kategori":"trafik_isigi","ad":null}},{"type":"Feature","geometry":{"type":"Point","coordinates":[28.789844,40.971861]},"properties":{"osm_id":"node/11018213039","kategori":"trafik_isigi","ad":null}},{"type":"Feature","geometry":{"type":"Point","coordinates":[29.107741,40.944198]},"properties":{"osm_id":"node/11018933704","kategori":"trafik_isigi","ad":null}},{"type":"Feature","geometry":{"type":"Point","coordinates":[28.66843,41.104169]},"properties":{"osm_id":"node/11022933443","kategori":"trafik_isigi","ad":null}},{"type":"Feature","geometry":{"type":"Point","coordinates":[29.111121,41.136419]},"properties":{"osm_id":"node/11035314259","kategori":"trafik_isigi","ad":null}},{"type":"Feature","geometry":{"type":"Point","coordinates":[29.111363,41.136341]},"properties":{"osm_id":"node/11035314260","kategori":"trafik_isigi","ad":null}},{"type":"Feature","geometry":{"type":"Point","coordinates":[28.967994,41.078803]},"properties":{"osm_id":"node/11043676777","kategori":"trafik_isigi","ad":null}},{"type":"Feature","geometry":{"type":"Point","coordinates":[28.946437,41.076119]},"properties":{"osm_id":"node/11053937566","kategori":"trafik_isigi","ad":null}},{"type":"Feature","geometry":{"type":"Point","coordinates":[28.946787,41.076298]},"properties":{"osm_id":"node/11053937583","kategori":"trafik_isigi","ad":null}},{"type":"Feature","geometry":{"type":"Point","coordinates":[28.946662,41.076016]},"properties":{"osm_id":"node/11053937595","kategori":"trafik_isigi","ad":null}},{"type":"Feature","geometry":{"type":"Point","coordinates":[28.742752,40.976426]},"properties":{"osm_id":"node/11055437528","kategori":"trafik_isigi","ad":null}},{"type":"Feature","geometry":{"type":"Point","coordinates":[28.77839,40.987695]},"properties":{"osm_id":"node/11055557164","kategori":"trafik_isigi","ad":null}},{"type":"Feature","geometry":{"type":"Point","coordinates":[28.723957,40.985857]},"properties":{"osm_id":"node/11055708052","kategori":"trafik_isigi","ad":null}},{"type":"Feature","geometry":{"type":"Point","coordinates":[28.792595,41.035569]},"properties":{"osm_id":"node/11057205336","kategori":"trafik_isigi","ad":null}},{"type":"Feature","geometry":{"type":"Point","coordinates":[28.722774,40.979653]},"properties":{"osm_id":"node/11057650602","kategori":"trafik_isigi","ad":null}},{"type":"Feature","geometry":{"type":"Point","coordinates":[28.722877,40.979672]},"properties":{"osm_id":"node/11057650603","kategori":"trafik_isigi","ad":null}},{"type":"Feature","geometry":{"type":"Point","coordinates":[28.722714,40.979703]},"properties":{"osm_id":"node/11057650604","kategori":"trafik_isigi","ad":null}},{"type":"Feature","geometry":{"type":"Point","coordinates":[29.042474,41.136376]},"properties":{"osm_id":"node/11059614607","kategori":"trafik_isigi","ad":null}},{"type":"Feature","geometry":{"type":"Point","coordinates":[29.042112,41.13638]},"properties":{"osm_id":"node/11059614634","kategori":"trafik_isigi","ad":null}},{"type":"Feature","geometry":{"type":"Point","coordinates":[29.041975,41.136473]},"properties":{"osm_id":"node/11059614639","kategori":"trafik_isigi","ad":null}},{"type":"Feature","geometry":{"type":"Point","coordinates":[29.038874,41.137504]},"properties":{"osm_id":"node/11059614644","kategori":"trafik_isigi","ad":null}},{"type":"Feature","geometry":{"type":"Point","coordinates":[29.036372,41.137952]},"properties":{"osm_id":"node/11059614651","kategori":"trafik_isigi","ad":null}},{"type":"Feature","geometry":{"type":"Point","coordinates":[28.774263,41.006051]},"properties":{"osm_id":"node/11063199497","kategori":"trafik_isigi","ad":null}},{"type":"Feature","geometry":{"type":"Point","coordinates":[29.310459,40.825729]},"properties":{"osm_id":"node/11064574268","kategori":"trafik_isigi","ad":null}},{"type":"Feature","geometry":{"type":"Point","coordinates":[28.937314,41.047184]},"properties":{"osm_id":"node/11066729451","kategori":"trafik_isigi","ad":null}},{"type":"Feature","geometry":{"type":"Point","coordinates":[28.937186,41.047244]},"properties":{"osm_id":"node/11066729452","kategori":"trafik_isigi","ad":null}},{"type":"Feature","geometry":{"type":"Point","coordinates":[28.934418,41.050682]},"properties":{"osm_id":"node/11066729459","kategori":"trafik_isigi","ad":null}},{"type":"Feature","geometry":{"type":"Point","coordinates":[28.937202,41.05523]},"properties":{"osm_id":"node/11066729495","kategori":"trafik_isigi","ad":null}},{"type":"Feature","geometry":{"type":"Point","coordinates":[28.81362,41.13636]},"properties":{"osm_id":"node/11069824149","kategori":"trafik_isigi","ad":null}},{"type":"Feature","geometry":{"type":"Point","coordinates":[29.131826,40.919536]},"properties":{"osm_id":"node/11070135069","kategori":"trafik_isigi","ad":null}},{"type":"Feature","geometry":{"type":"Point","coordinates":[29.131631,40.919657]},"properties":{"osm_id":"node/11070135078","kategori":"trafik_isigi","ad":null}},{"type":"Feature","geometry":{"type":"Point","coordinates":[29.131798,40.919729]},"properties":{"osm_id":"node/11070135082","kategori":"trafik_isigi","ad":null}},{"type":"Feature","geometry":{"type":"Point","coordinates":[29.131653,40.919449]},"properties":{"osm_id":"node/11070135086","kategori":"trafik_isigi","ad":null}},{"type":"Feature","geometry":{"type":"Point","coordinates":[29.130368,40.917821]},"properties":{"osm_id":"node/11070135090","kategori":"trafik_isigi","ad":null}},{"type":"Feature","geometry":{"type":"Point","coordinates":[29.130034,40.917934]},"properties":{"osm_id":"node/11070135091","kategori":"trafik_isigi","ad":null}},{"type":"Feature","geometry":{"type":"Point","coordinates":[29.120923,40.928885]},"properties":{"osm_id":"node/11070135177","kategori":"trafik_isigi","ad":null}},{"type":"Feature","geometry":{"type":"Point","coordinates":[29.120556,40.928992]},"properties":{"osm_id":"node/11070135178","kategori":"trafik_isigi","ad":null}},{"type":"Feature","geometry":{"type":"Point","coordinates":[29.114384,40.936032]},"properties":{"osm_id":"node/11070135197","kategori":"trafik_isigi","ad":null}},{"type":"Feature","geometry":{"type":"Point","coordinates":[28.949462,41.063526]},"properties":{"osm_id":"node/11074220381","kategori":"trafik_isigi","ad":null}},{"type":"Feature","geometry":{"type":"Point","coordinates":[28.978271,41.098342]},"properties":{"osm_id":"node/11085091090","kategori":"trafik_isigi","ad":null}},{"type":"Feature","geometry":{"type":"Point","coordinates":[28.947208,41.066357]},"properties":{"osm_id":"node/11087069683","kategori":"trafik_isigi","ad":null}},{"type":"Feature","geometry":{"type":"Point","coordinates":[28.966341,41.072024]},"properties":{"osm_id":"node/11087438741","kategori":"trafik_isigi","ad":null}},{"type":"Feature","geometry":{"type":"Point","coordinates":[28.959243,41.066662]},"properties":{"osm_id":"node/11088652338","kategori":"trafik_isigi","ad":null}},{"type":"Feature","geometry":{"type":"Point","coordinates":[28.959373,41.066356]},"properties":{"osm_id":"node/11088652353","kategori":"trafik_isigi","ad":null}},{"type":"Feature","geometry":{"type":"Point","coordinates":[28.96635,41.072195]},"properties":{"osm_id":"node/11088666328","kategori":"trafik_isigi","ad":null}},{"type":"Feature","geometry":{"type":"Point","coordinates":[28.968954,41.07425]},"properties":{"osm_id":"node/11089028337","kategori":"trafik_isigi","ad":null}},{"type":"Feature","geometry":{"type":"Point","coordinates":[28.968881,41.074436]},"properties":{"osm_id":"node/11089028346","kategori":"trafik_isigi","ad":null}},{"type":"Feature","geometry":{"type":"Point","coordinates":[28.968863,41.074263]},"properties":{"osm_id":"node/11089028347","kategori":"trafik_isigi","ad":null}},{"type":"Feature","geometry":{"type":"Point","coordinates":[28.970912,41.076541]},"properties":{"osm_id":"node/11089028395","kategori":"trafik_isigi","ad":null}},{"type":"Feature","geometry":{"type":"Point","coordinates":[28.977132,41.083525]},"properties":{"osm_id":"node/11089286431","kategori":"trafik_isigi","ad":null}},{"type":"Feature","geometry":{"type":"Point","coordinates":[28.980066,41.095466]},"properties":{"osm_id":"node/11089610714","kategori":"trafik_isigi","ad":null}},{"type":"Feature","geometry":{"type":"Point","coordinates":[28.979992,41.095608]},"properties":{"osm_id":"node/11089610715","kategori":"trafik_isigi","ad":null}},{"type":"Feature","geometry":{"type":"Point","coordinates":[28.979839,41.095518]},"properties":{"osm_id":"node/11089610720","kategori":"trafik_isigi","ad":null}},{"type":"Feature","geometry":{"type":"Point","coordinates":[28.982557,41.091092]},"properties":{"osm_id":"node/11089610758","kategori":"trafik_isigi","ad":null}},{"type":"Feature","geometry":{"type":"Point","coordinates":[28.98504,41.090988]},"properties":{"osm_id":"node/11089610771","kategori":"trafik_isigi","ad":null}},{"type":"Feature","geometry":{"type":"Point","coordinates":[28.984941,41.091069]},"properties":{"osm_id":"node/11089610791","kategori":"trafik_isigi","ad":null}},{"type":"Feature","geometry":{"type":"Point","coordinates":[28.983505,41.088787]},"properties":{"osm_id":"node/11089610814","kategori":"trafik_isigi","ad":null}},{"type":"Feature","geometry":{"type":"Point","coordinates":[28.949037,41.072025]},"properties":{"osm_id":"node/11098965902","kategori":"trafik_isigi","ad":null}},{"type":"Feature","geometry":{"type":"Point","coordinates":[28.949828,41.073831]},"properties":{"osm_id":"node/11098977109","kategori":"trafik_isigi","ad":null}},{"type":"Feature","geometry":{"type":"Point","coordinates":[28.947136,41.074732]},"properties":{"osm_id":"node/11098977119","kategori":"trafik_isigi","ad":null}},{"type":"Feature","geometry":{"type":"Point","coordinates":[28.947151,41.074702]},"properties":{"osm_id":"node/11098977120","kategori":"trafik_isigi","ad":null}},{"type":"Feature","geometry":{"type":"Point","coordinates":[28.949827,41.074034]},"properties":{"osm_id":"node/11100262305","kategori":"trafik_isigi","ad":null}},{"type":"Feature","geometry":{"type":"Point","coordinates":[29.054111,41.113839]},"properties":{"osm_id":"node/11103355260","kategori":"trafik_isigi","ad":null}},{"type":"Feature","geometry":{"type":"Point","coordinates":[29.053953,41.113689]},"properties":{"osm_id":"node/11103355286","kategori":"trafik_isigi","ad":null}},{"type":"Feature","geometry":{"type":"Point","coordinates":[29.05164,41.115181]},"properties":{"osm_id":"node/11103355288","kategori":"trafik_isigi","ad":null}},{"type":"Feature","geometry":{"type":"Point","coordinates":[29.050702,41.116289]},"properties":{"osm_id":"node/11103367336","kategori":"trafik_isigi","ad":null}},{"type":"Feature","geometry":{"type":"Point","coordinates":[29.054221,41.113616]},"properties":{"osm_id":"node/11103367349","kategori":"trafik_isigi","ad":null}},{"type":"Feature","geometry":{"type":"Point","coordinates":[29.038328,41.121136]},"properties":{"osm_id":"node/11103367438","kategori":"trafik_isigi","ad":null}},{"type":"Feature","geometry":{"type":"Point","coordinates":[29.036047,41.118329]},"properties":{"osm_id":"node/11105073167","kategori":"trafik_isigi","ad":null}},{"type":"Feature","geometry":{"type":"Point","coordinates":[29.104341,41.06119]},"properties":{"osm_id":"node/11109174699","kategori":"trafik_isigi","ad":null}},{"type":"Feature","geometry":{"type":"Point","coordinates":[29.104171,41.061234]},"properties":{"osm_id":"node/11109174700","kategori":"trafik_isigi","ad":null}},{"type":"Feature","geometry":{"type":"Point","coordinates":[29.038175,41.1214]},"properties":{"osm_id":"node/11112533929","kategori":"trafik_isigi","ad":null}},{"type":"Feature","geometry":{"type":"Point","coordinates":[29.03844,41.121442]},"properties":{"osm_id":"node/11112533934","kategori":"trafik_isigi","ad":null}},{"type":"Feature","geometry":{"type":"Point","coordinates":[29.037866,41.120996]},"properties":{"osm_id":"node/11112533949","kategori":"trafik_isigi","ad":null}},{"type":"Feature","geometry":{"type":"Point","coordinates":[29.037716,41.120643]},"properties":{"osm_id":"node/11112533950","kategori":"trafik_isigi","ad":null}},{"type":"Feature","geometry":{"type":"Point","coordinates":[28.251317,41.080138]},"properties":{"osm_id":"node/11121795987","kategori":"trafik_isigi","ad":null}},{"type":"Feature","geometry":{"type":"Point","coordinates":[28.251267,41.080326]},"properties":{"osm_id":"node/11121795993","kategori":"trafik_isigi","ad":null}},{"type":"Feature","geometry":{"type":"Point","coordinates":[29.036038,41.13794]},"properties":{"osm_id":"node/11123570500","kategori":"trafik_isigi","ad":null}},{"type":"Feature","geometry":{"type":"Point","coordinates":[29.038798,41.137374]},"properties":{"osm_id":"node/11123570617","kategori":"trafik_isigi","ad":null}},{"type":"Feature","geometry":{"type":"Point","coordinates":[29.038691,41.137379]},"properties":{"osm_id":"node/11123570618","kategori":"trafik_isigi","ad":null}},{"type":"Feature","geometry":{"type":"Point","coordinates":[29.031337,41.139867]},"properties":{"osm_id":"node/11123570644","kategori":"trafik_isigi","ad":null}},{"type":"Feature","geometry":{"type":"Point","coordinates":[29.03096,41.139974]},"properties":{"osm_id":"node/11123570657","kategori":"trafik_isigi","ad":null}},{"type":"Feature","geometry":{"type":"Point","coordinates":[29.030025,41.140422]},"properties":{"osm_id":"node/11123570660","kategori":"trafik_isigi","ad":null}},{"type":"Feature","geometry":{"type":"Point","coordinates":[29.006793,41.08688]},"properties":{"osm_id":"node/11124472160","kategori":"trafik_isigi","ad":null}},{"type":"Feature","geometry":{"type":"Point","coordinates":[29.014047,41.07937]},"properties":{"osm_id":"node/11126518868","kategori":"trafik_isigi","ad":null}},{"type":"Feature","geometry":{"type":"Point","coordinates":[29.013875,41.079541]},"properties":{"osm_id":"node/11126518903","kategori":"trafik_isigi","ad":null}},{"type":"Feature","geometry":{"type":"Point","coordinates":[28.916693,41.081994]},"properties":{"osm_id":"node/11130743685","kategori":"trafik_isigi","ad":null}},{"type":"Feature","geometry":{"type":"Point","coordinates":[28.920238,41.082105]},"properties":{"osm_id":"node/11131148214","kategori":"trafik_isigi","ad":null}},{"type":"Feature","geometry":{"type":"Point","coordinates":[28.919946,41.082033]},"properties":{"osm_id":"node/11131148215","kategori":"trafik_isigi","ad":null}},{"type":"Feature","geometry":{"type":"Point","coordinates":[28.923919,41.080824]},"properties":{"osm_id":"node/11131476623","kategori":"trafik_isigi","ad":null}},{"type":"Feature","geometry":{"type":"Point","coordinates":[28.924733,41.0805]},"properties":{"osm_id":"node/11131476639","kategori":"trafik_isigi","ad":null}},{"type":"Feature","geometry":{"type":"Point","coordinates":[28.927287,41.079492]},"properties":{"osm_id":"node/11131476732","kategori":"trafik_isigi","ad":null}},{"type":"Feature","geometry":{"type":"Point","coordinates":[28.926978,41.07928]},"properties":{"osm_id":"node/11131878645","kategori":"trafik_isigi","ad":null}},{"type":"Feature","geometry":{"type":"Point","coordinates":[28.931758,41.079958]},"properties":{"osm_id":"node/11132382375","kategori":"trafik_isigi","ad":null}},{"type":"Feature","geometry":{"type":"Point","coordinates":[28.932019,41.07989]},"properties":{"osm_id":"node/11132382394","kategori":"trafik_isigi","ad":null}},{"type":"Feature","geometry":{"type":"Point","coordinates":[28.933929,41.080286]},"properties":{"osm_id":"node/11132382399","kategori":"trafik_isigi","ad":null}},{"type":"Feature","geometry":{"type":"Point","coordinates":[28.933834,41.080091]},"properties":{"osm_id":"node/11132389816","kategori":"trafik_isigi","ad":null}},{"type":"Feature","geometry":{"type":"Point","coordinates":[28.934026,41.078233]},"properties":{"osm_id":"node/11133503529","kategori":"trafik_isigi","ad":null}},{"type":"Feature","geometry":{"type":"Point","coordinates":[28.949533,41.076885]},"properties":{"osm_id":"node/11134905692","kategori":"trafik_isigi","ad":null}},{"type":"Feature","geometry":{"type":"Point","coordinates":[28.950036,41.076981]},"properties":{"osm_id":"node/11134905697","kategori":"trafik_isigi","ad":null}},{"type":"Feature","geometry":{"type":"Point","coordinates":[28.950156,41.076821]},"properties":{"osm_id":"node/11134905699","kategori":"trafik_isigi","ad":null}},{"type":"Feature","geometry":{"type":"Point","coordinates":[29.007009,41.08682]},"properties":{"osm_id":"node/11137847447","kategori":"trafik_isigi","ad":null}},{"type":"Feature","geometry":{"type":"Point","coordinates":[29.025069,41.110645]},"properties":{"osm_id":"node/11139108062","kategori":"trafik_isigi","ad":null}},{"type":"Feature","geometry":{"type":"Point","coordinates":[29.025214,41.110751]},"properties":{"osm_id":"node/11139108064","kategori":"trafik_isigi","ad":null}},{"type":"Feature","geometry":{"type":"Point","coordinates":[29.02411,41.119813]},"properties":{"osm_id":"node/11139108093","kategori":"trafik_isigi","ad":null}},{"type":"Feature","geometry":{"type":"Point","coordinates":[29.023813,41.126737]},"properties":{"osm_id":"node/11139156934","kategori":"trafik_isigi","ad":null}},{"type":"Feature","geometry":{"type":"Point","coordinates":[29.023981,41.12688]},"properties":{"osm_id":"node/11139156954","kategori":"trafik_isigi","ad":null}},{"type":"Feature","geometry":{"type":"Point","coordinates":[29.00646,41.067949]},"properties":{"osm_id":"node/11146010648","kategori":"trafik_isigi","ad":null}},{"type":"Feature","geometry":{"type":"Point","coordinates":[28.959271,41.066239]},"properties":{"osm_id":"node/11147124565","kategori":"trafik_isigi","ad":null}},{"type":"Feature","geometry":{"type":"Point","coordinates":[28.951863,41.083584]},"properties":{"osm_id":"node/11149218768","kategori":"trafik_isigi","ad":null}},{"type":"Feature","geometry":{"type":"Point","coordinates":[28.948474,41.083218]},"properties":{"osm_id":"node/11149218791","kategori":"trafik_isigi","ad":null}},{"type":"Feature","geometry":{"type":"Point","coordinates":[28.948298,41.084007]},"properties":{"osm_id":"node/11149218796","kategori":"trafik_isigi","ad":null}},{"type":"Feature","geometry":{"type":"Point","coordinates":[28.933913,41.091653]},"properties":{"osm_id":"node/11153677000","kategori":"trafik_isigi","ad":null}},{"type":"Feature","geometry":{"type":"Point","coordinates":[28.923961,41.092552]},"properties":{"osm_id":"node/11153702448","kategori":"trafik_isigi","ad":null}},{"type":"Feature","geometry":{"type":"Point","coordinates":[28.93383,41.091791]},"properties":{"osm_id":"node/11153896563","kategori":"trafik_isigi","ad":null}},{"type":"Feature","geometry":{"type":"Point","coordinates":[28.93417,41.091581]},"properties":{"osm_id":"node/11153896570","kategori":"trafik_isigi","ad":null}},{"type":"Feature","geometry":{"type":"Point","coordinates":[28.923943,41.092529]},"properties":{"osm_id":"node/11154125413","kategori":"trafik_isigi","ad":null}},{"type":"Feature","geometry":{"type":"Point","coordinates":[28.92429,41.092453]},"properties":{"osm_id":"node/11154125414","kategori":"trafik_isigi","ad":null}},{"type":"Feature","geometry":{"type":"Point","coordinates":[28.94091,41.088489]},"properties":{"osm_id":"node/11155055579","kategori":"trafik_isigi","ad":null}},{"type":"Feature","geometry":{"type":"Point","coordinates":[28.941026,41.088548]},"properties":{"osm_id":"node/11155055580","kategori":"trafik_isigi","ad":null}},{"type":"Feature","geometry":{"type":"Point","coordinates":[28.960467,41.100779]},"properties":{"osm_id":"node/11157751098","kategori":"trafik_isigi","ad":null}},{"type":"Feature","geometry":{"type":"Point","coordinates":[28.99307,41.038861]},"properties":{"osm_id":"node/11162065311","kategori":"trafik_isigi","ad":null}},{"type":"Feature","geometry":{"type":"Point","coordinates":[28.994289,41.040854]},"properties":{"osm_id":"node/11162065354","kategori":"trafik_isigi","ad":null}},{"type":"Feature","geometry":{"type":"Point","coordinates":[28.992806,41.039179]},"properties":{"osm_id":"node/11162065392","kategori":"trafik_isigi","ad":null}},{"type":"Feature","geometry":{"type":"Point","coordinates":[28.992948,41.039294]},"properties":{"osm_id":"node/11162065396","kategori":"trafik_isigi","ad":null}},{"type":"Feature","geometry":{"type":"Point","coordinates":[28.959267,41.053094]},"properties":{"osm_id":"node/11165835706","kategori":"trafik_isigi","ad":null}},{"type":"Feature","geometry":{"type":"Point","coordinates":[28.959119,41.053058]},"properties":{"osm_id":"node/11165835707","kategori":"trafik_isigi","ad":null}},{"type":"Feature","geometry":{"type":"Point","coordinates":[28.940803,41.040282]},"properties":{"osm_id":"node/11167588206","kategori":"trafik_isigi","ad":null}},{"type":"Feature","geometry":{"type":"Point","coordinates":[28.943503,41.039588]},"properties":{"osm_id":"node/11167588247","kategori":"trafik_isigi","ad":null}},{"type":"Feature","geometry":{"type":"Point","coordinates":[28.967198,41.018616]},"properties":{"osm_id":"node/11169273528","kategori":"trafik_isigi","ad":null}},{"type":"Feature","geometry":{"type":"Point","coordinates":[28.713885,40.997538]},"properties":{"osm_id":"node/11170457338","kategori":"trafik_isigi","ad":null}},{"type":"Feature","geometry":{"type":"Point","coordinates":[28.713634,40.997834]},"properties":{"osm_id":"node/11170457342","kategori":"trafik_isigi","ad":null}},{"type":"Feature","geometry":{"type":"Point","coordinates":[28.715796,40.994601]},"properties":{"osm_id":"node/11170457620","kategori":"trafik_isigi","ad":null}},{"type":"Feature","geometry":{"type":"Point","coordinates":[28.716015,40.994586]},"properties":{"osm_id":"node/11170457621","kategori":"trafik_isigi","ad":null}},{"type":"Feature","geometry":{"type":"Point","coordinates":[28.715703,40.994846]},"properties":{"osm_id":"node/11170457628","kategori":"trafik_isigi","ad":null}},{"type":"Feature","geometry":{"type":"Point","coordinates":[28.716079,40.994408]},"properties":{"osm_id":"node/11170457643","kategori":"trafik_isigi","ad":null}},{"type":"Feature","geometry":{"type":"Point","coordinates":[28.717243,40.992794]},"properties":{"osm_id":"node/11170457671","kategori":"trafik_isigi","ad":null}},{"type":"Feature","geometry":{"type":"Point","coordinates":[28.717585,40.992628]},"properties":{"osm_id":"node/11170457672","kategori":"trafik_isigi","ad":null}},{"type":"Feature","geometry":{"type":"Point","coordinates":[28.718962,40.990688]},"properties":{"osm_id":"node/11170457731","kategori":"trafik_isigi","ad":null}},{"type":"Feature","geometry":{"type":"Point","coordinates":[28.719126,40.990734]},"properties":{"osm_id":"node/11170457732","kategori":"trafik_isigi","ad":null}},{"type":"Feature","geometry":{"type":"Point","coordinates":[28.699081,40.984859]},"properties":{"osm_id":"node/11170707550","kategori":"trafik_isigi","ad":null}},{"type":"Feature","geometry":{"type":"Point","coordinates":[28.698741,40.985195]},"properties":{"osm_id":"node/11170707551","kategori":"trafik_isigi","ad":null}},{"type":"Feature","geometry":{"type":"Point","coordinates":[28.988477,41.067545]},"properties":{"osm_id":"node/11175226084","kategori":"trafik_isigi","ad":null}},{"type":"Feature","geometry":{"type":"Point","coordinates":[28.942562,41.046345]},"properties":{"osm_id":"node/11177826698","kategori":"trafik_isigi","ad":null}},{"type":"Feature","geometry":{"type":"Point","coordinates":[28.942456,41.046401]},"properties":{"osm_id":"node/11177826699","kategori":"trafik_isigi","ad":null}},{"type":"Feature","geometry":{"type":"Point","coordinates":[28.953577,41.052133]},"properties":{"osm_id":"node/11179689712","kategori":"trafik_isigi","ad":null}},{"type":"Feature","geometry":{"type":"Point","coordinates":[28.961757,41.053458]},"properties":{"osm_id":"node/11179692359","kategori":"trafik_isigi","ad":null}},{"type":"Feature","geometry":{"type":"Point","coordinates":[28.961926,41.053288]},"properties":{"osm_id":"node/11181081811","kategori":"trafik_isigi","ad":null}},{"type":"Feature","geometry":{"type":"Point","coordinates":[28.96496,41.058417]},"properties":{"osm_id":"node/11181081829","kategori":"trafik_isigi","ad":null}},{"type":"Feature","geometry":{"type":"Point","coordinates":[28.966252,41.059987]},"properties":{"osm_id":"node/11181111855","kategori":"trafik_isigi","ad":null}},{"type":"Feature","geometry":{"type":"Point","coordinates":[28.969209,41.063152]},"properties":{"osm_id":"node/11181111901","kategori":"trafik_isigi","ad":null}},{"type":"Feature","geometry":{"type":"Point","coordinates":[28.970454,41.064376]},"properties":{"osm_id":"node/11181111909","kategori":"trafik_isigi","ad":null}},{"type":"Feature","geometry":{"type":"Point","coordinates":[28.970283,41.064299]},"properties":{"osm_id":"node/11181111910","kategori":"trafik_isigi","ad":null}},{"type":"Feature","geometry":{"type":"Point","coordinates":[28.969091,41.063299]},"properties":{"osm_id":"node/11181111917","kategori":"trafik_isigi","ad":null}},{"type":"Feature","geometry":{"type":"Point","coordinates":[28.973541,41.065751]},"properties":{"osm_id":"node/11181111946","kategori":"trafik_isigi","ad":null}},{"type":"Feature","geometry":{"type":"Point","coordinates":[28.972324,41.065169]},"properties":{"osm_id":"node/11181111948","kategori":"trafik_isigi","ad":null}},{"type":"Feature","geometry":{"type":"Point","coordinates":[28.973442,41.066343]},"properties":{"osm_id":"node/11181890494","kategori":"trafik_isigi","ad":null}},{"type":"Feature","geometry":{"type":"Point","coordinates":[28.978111,41.065248]},"properties":{"osm_id":"node/11181890506","kategori":"trafik_isigi","ad":null}},{"type":"Feature","geometry":{"type":"Point","coordinates":[28.978449,41.065155]},"properties":{"osm_id":"node/11181890510","kategori":"trafik_isigi","ad":null}},{"type":"Feature","geometry":{"type":"Point","coordinates":[28.97825,41.065249]},"properties":{"osm_id":"node/11181890520","kategori":"trafik_isigi","ad":null}},{"type":"Feature","geometry":{"type":"Point","coordinates":[28.980414,41.064462]},"properties":{"osm_id":"node/11181890528","kategori":"trafik_isigi","ad":null}},{"type":"Feature","geometry":{"type":"Point","coordinates":[28.980518,41.064288]},"properties":{"osm_id":"node/11181890534","kategori":"trafik_isigi","ad":null}},{"type":"Feature","geometry":{"type":"Point","coordinates":[28.980725,41.064357]},"properties":{"osm_id":"node/11181890535","kategori":"trafik_isigi","ad":null}},{"type":"Feature","geometry":{"type":"Point","coordinates":[28.984953,41.065275]},"properties":{"osm_id":"node/11181898405","kategori":"trafik_isigi","ad":null}},{"type":"Feature","geometry":{"type":"Point","coordinates":[28.984959,41.065387]},"properties":{"osm_id":"node/11181898406","kategori":"trafik_isigi","ad":null}},{"type":"Feature","geometry":{"type":"Point","coordinates":[28.985991,41.066483]},"properties":{"osm_id":"node/11181898410","kategori":"trafik_isigi","ad":null}},{"type":"Feature","geometry":{"type":"Point","coordinates":[28.986927,41.06586]},"properties":{"osm_id":"node/11181898418","kategori":"trafik_isigi","ad":null}},{"type":"Feature","geometry":{"type":"Point","coordinates":[28.987648,41.062876]},"properties":{"osm_id":"node/11182127295","kategori":"trafik_isigi","ad":null}},{"type":"Feature","geometry":{"type":"Point","coordinates":[28.987497,41.060473]},"properties":{"osm_id":"node/11182127312","kategori":"trafik_isigi","ad":null}},{"type":"Feature","geometry":{"type":"Point","coordinates":[28.986995,41.058024]},"properties":{"osm_id":"node/11183353713","kategori":"trafik_isigi","ad":null}},{"type":"Feature","geometry":{"type":"Point","coordinates":[28.983166,41.068549]},"properties":{"osm_id":"node/11183392564","kategori":"trafik_isigi","ad":null}},{"type":"Feature","geometry":{"type":"Point","coordinates":[28.98207,41.069417]},"properties":{"osm_id":"node/11183392565","kategori":"trafik_isigi","ad":null}},{"type":"Feature","geometry":{"type":"Point","coordinates":[28.988158,41.066867]},"properties":{"osm_id":"node/11183392636","kategori":"trafik_isigi","ad":null}},{"type":"Feature","geometry":{"type":"Point","coordinates":[28.983895,41.068411]},"properties":{"osm_id":"node/11183392640","kategori":"trafik_isigi","ad":null}},{"type":"Feature","geometry":{"type":"Point","coordinates":[28.978361,41.066213]},"properties":{"osm_id":"node/11183802069","kategori":"trafik_isigi","ad":null}},{"type":"Feature","geometry":{"type":"Point","coordinates":[28.938086,41.038682]},"properties":{"osm_id":"node/11191305176","kategori":"trafik_isigi","ad":null}},{"type":"Feature","geometry":{"type":"Point","coordinates":[28.952289,41.083828]},"properties":{"osm_id":"node/11196751698","kategori":"trafik_isigi","ad":null}},{"type":"Feature","geometry":{"type":"Point","coordinates":[28.937627,41.028311]},"properties":{"osm_id":"node/11197263577","kategori":"trafik_isigi","ad":null}},{"type":"Feature","geometry":{"type":"Point","coordinates":[28.937056,41.029593]},"properties":{"osm_id":"node/11197263583","kategori":"trafik_isigi","ad":null}},{"type":"Feature","geometry":{"type":"Point","coordinates":[28.937727,41.033752]},"properties":{"osm_id":"node/11199649470","kategori":"trafik_isigi","ad":null}},{"type":"Feature","geometry":{"type":"Point","coordinates":[28.88979,41.098811]},"properties":{"osm_id":"node/11203481017","kategori":"trafik_isigi","ad":null}},{"type":"Feature","geometry":{"type":"Point","coordinates":[28.919707,40.999935]},"properties":{"osm_id":"node/11203560266","kategori":"trafik_isigi","ad":null}},{"type":"Feature","geometry":{"type":"Point","coordinates":[28.9197,41.000297]},"properties":{"osm_id":"node/11203560275","kategori":"trafik_isigi","ad":null}},{"type":"Feature","geometry":{"type":"Point","coordinates":[28.91978,41.000157]},"properties":{"osm_id":"node/11203560280","kategori":"trafik_isigi","ad":null}},{"type":"Feature","geometry":{"type":"Point","coordinates":[28.919853,40.999688]},"properties":{"osm_id":"node/11203560300","kategori":"trafik_isigi","ad":null}},{"type":"Feature","geometry":{"type":"Point","coordinates":[28.920647,41.004032]},"properties":{"osm_id":"node/11203560313","kategori":"trafik_isigi","ad":null}},{"type":"Feature","geometry":{"type":"Point","coordinates":[28.907206,41.010825]},"properties":{"osm_id":"node/11210083949","kategori":"trafik_isigi","ad":null}},{"type":"Feature","geometry":{"type":"Point","coordinates":[28.907366,41.010809]},"properties":{"osm_id":"node/11210084109","kategori":"trafik_isigi","ad":null}},{"type":"Feature","geometry":{"type":"Point","coordinates":[28.907387,41.010826]},"properties":{"osm_id":"node/11210084110","kategori":"trafik_isigi","ad":null}},{"type":"Feature","geometry":{"type":"Point","coordinates":[28.907517,41.010151]},"properties":{"osm_id":"node/11210084146","kategori":"trafik_isigi","ad":null}},{"type":"Feature","geometry":{"type":"Point","coordinates":[28.899994,41.013659]},"properties":{"osm_id":"node/11215402597","kategori":"trafik_isigi","ad":null}},{"type":"Feature","geometry":{"type":"Point","coordinates":[28.908817,41.006539]},"properties":{"osm_id":"node/11215413506","kategori":"trafik_isigi","ad":null}},{"type":"Feature","geometry":{"type":"Point","coordinates":[28.910799,41.007036]},"properties":{"osm_id":"node/11215413524","kategori":"trafik_isigi","ad":null}},{"type":"Feature","geometry":{"type":"Point","coordinates":[28.910705,41.007143]},"properties":{"osm_id":"node/11215413525","kategori":"trafik_isigi","ad":null}},{"type":"Feature","geometry":{"type":"Point","coordinates":[28.910168,41.008908]},"properties":{"osm_id":"node/11215413536","kategori":"trafik_isigi","ad":null}},{"type":"Feature","geometry":{"type":"Point","coordinates":[28.921343,41.014317]},"properties":{"osm_id":"node/11215565446","kategori":"trafik_isigi","ad":null}},{"type":"Feature","geometry":{"type":"Point","coordinates":[28.921112,41.013579]},"properties":{"osm_id":"node/11215565451","kategori":"trafik_isigi","ad":null}},{"type":"Feature","geometry":{"type":"Point","coordinates":[28.92111,41.013611]},"properties":{"osm_id":"node/11215565452","kategori":"trafik_isigi","ad":null}},{"type":"Feature","geometry":{"type":"Point","coordinates":[28.921253,41.013797]},"properties":{"osm_id":"node/11215565455","kategori":"trafik_isigi","ad":null}},{"type":"Feature","geometry":{"type":"Point","coordinates":[28.920584,41.00413]},"properties":{"osm_id":"node/11215565488","kategori":"trafik_isigi","ad":null}},{"type":"Feature","geometry":{"type":"Point","coordinates":[28.919705,40.992277]},"properties":{"osm_id":"node/11215578378","kategori":"trafik_isigi","ad":null}},{"type":"Feature","geometry":{"type":"Point","coordinates":[28.919618,40.992369]},"properties":{"osm_id":"node/11215578379","kategori":"trafik_isigi","ad":null}},{"type":"Feature","geometry":{"type":"Point","coordinates":[28.915206,40.994922]},"properties":{"osm_id":"node/11215578382","kategori":"trafik_isigi","ad":null}},{"type":"Feature","geometry":{"type":"Point","coordinates":[28.920506,40.993783]},"properties":{"osm_id":"node/11218810336","kategori":"trafik_isigi","ad":null}},{"type":"Feature","geometry":{"type":"Point","coordinates":[28.912698,40.994843]},"properties":{"osm_id":"node/11218879967","kategori":"trafik_isigi","ad":null}},{"type":"Feature","geometry":{"type":"Point","coordinates":[28.912778,40.994941]},"properties":{"osm_id":"node/11218879968","kategori":"trafik_isigi","ad":null}},{"type":"Feature","geometry":{"type":"Point","coordinates":[28.914773,40.99491]},"properties":{"osm_id":"node/11218879994","kategori":"trafik_isigi","ad":null}},{"type":"Feature","geometry":{"type":"Point","coordinates":[28.916164,41.018357]},"properties":{"osm_id":"node/11219392168","kategori":"trafik_isigi","ad":null}},{"type":"Feature","geometry":{"type":"Point","coordinates":[28.901455,41.095711]},"properties":{"osm_id":"node/11219822108","kategori":"trafik_isigi","ad":null}},{"type":"Feature","geometry":{"type":"Point","coordinates":[28.901586,41.095644]},"properties":{"osm_id":"node/11219822109","kategori":"trafik_isigi","ad":null}},{"type":"Feature","geometry":{"type":"Point","coordinates":[28.888524,41.072152]},"properties":{"osm_id":"node/11220841470","kategori":"trafik_isigi","ad":null}},{"type":"Feature","geometry":{"type":"Point","coordinates":[28.888339,41.072118]},"properties":{"osm_id":"node/11220841472","kategori":"trafik_isigi","ad":null}},{"type":"Feature","geometry":{"type":"Point","coordinates":[28.894918,41.069046]},"properties":{"osm_id":"node/11220841486","kategori":"trafik_isigi","ad":null}},{"type":"Feature","geometry":{"type":"Point","coordinates":[28.894755,41.069015]},"properties":{"osm_id":"node/11220841487","kategori":"trafik_isigi","ad":null}},{"type":"Feature","geometry":{"type":"Point","coordinates":[28.896338,41.067988]},"properties":{"osm_id":"node/11220841492","kategori":"trafik_isigi","ad":null}},{"type":"Feature","geometry":{"type":"Point","coordinates":[28.902151,41.061469]},"properties":{"osm_id":"node/11220841509","kategori":"trafik_isigi","ad":null}},{"type":"Feature","geometry":{"type":"Point","coordinates":[29.055369,41.114701]},"properties":{"osm_id":"node/11228045026","kategori":"trafik_isigi","ad":null}},{"type":"Feature","geometry":{"type":"Point","coordinates":[29.055552,41.114761]},"properties":{"osm_id":"node/11228045027","kategori":"trafik_isigi","ad":null}},{"type":"Feature","geometry":{"type":"Point","coordinates":[29.047496,41.162107]},"properties":{"osm_id":"node/11228055076","kategori":"trafik_isigi","ad":null}},{"type":"Feature","geometry":{"type":"Point","coordinates":[29.047544,41.161986]},"properties":{"osm_id":"node/11228055077","kategori":"trafik_isigi","ad":null}},{"type":"Feature","geometry":{"type":"Point","coordinates":[29.04243,41.15943]},"properties":{"osm_id":"node/11228055088","kategori":"trafik_isigi","ad":null}},{"type":"Feature","geometry":{"type":"Point","coordinates":[29.042104,41.159262]},"properties":{"osm_id":"node/11228055089","kategori":"trafik_isigi","ad":null}},{"type":"Feature","geometry":{"type":"Point","coordinates":[29.042114,41.159449]},"properties":{"osm_id":"node/11228055097","kategori":"trafik_isigi","ad":null}},{"type":"Feature","geometry":{"type":"Point","coordinates":[29.035774,41.155868]},"properties":{"osm_id":"node/11228055126","kategori":"trafik_isigi","ad":null}},{"type":"Feature","geometry":{"type":"Point","coordinates":[29.036076,41.155759]},"properties":{"osm_id":"node/11228055142","kategori":"trafik_isigi","ad":null}},{"type":"Feature","geometry":{"type":"Point","coordinates":[28.912297,41.040478]},"properties":{"osm_id":"node/11247056384","kategori":"trafik_isigi","ad":null}},{"type":"Feature","geometry":{"type":"Point","coordinates":[28.912469,41.040345]},"properties":{"osm_id":"node/11247056391","kategori":"trafik_isigi","ad":null}},{"type":"Feature","geometry":{"type":"Point","coordinates":[28.909744,41.054656]},"properties":{"osm_id":"node/11249235867","kategori":"trafik_isigi","ad":null}},{"type":"Feature","geometry":{"type":"Point","coordinates":[28.874576,41.100152]},"properties":{"osm_id":"node/11268034070","kategori":"trafik_isigi","ad":null}},{"type":"Feature","geometry":{"type":"Point","coordinates":[28.874592,41.09995]},"properties":{"osm_id":"node/11268034071","kategori":"trafik_isigi","ad":null}},{"type":"Feature","geometry":{"type":"Point","coordinates":[28.874377,41.10014]},"properties":{"osm_id":"node/11268034072","kategori":"trafik_isigi","ad":null}},{"type":"Feature","geometry":{"type":"Point","coordinates":[29.039974,40.98361]},"properties":{"osm_id":"node/11270465717","kategori":"trafik_isigi","ad":null}},{"type":"Feature","geometry":{"type":"Point","coordinates":[29.040082,40.983644]},"properties":{"osm_id":"node/11270465718","kategori":"trafik_isigi","ad":null}},{"type":"Feature","geometry":{"type":"Point","coordinates":[29.055462,40.973957]},"properties":{"osm_id":"node/11270465761","kategori":"trafik_isigi","ad":null}},{"type":"Feature","geometry":{"type":"Point","coordinates":[29.055487,40.973887]},"properties":{"osm_id":"node/11270465764","kategori":"trafik_isigi","ad":null}},{"type":"Feature","geometry":{"type":"Point","coordinates":[29.055381,40.973786]},"properties":{"osm_id":"node/11270465765","kategori":"trafik_isigi","ad":null}},{"type":"Feature","geometry":{"type":"Point","coordinates":[28.94467,41.073221]},"properties":{"osm_id":"node/11271103438","kategori":"trafik_isigi","ad":null}},{"type":"Feature","geometry":{"type":"Point","coordinates":[28.994457,41.066858]},"properties":{"osm_id":"node/11315121714","kategori":"trafik_isigi","ad":null}},{"type":"Feature","geometry":{"type":"Point","coordinates":[29.126899,41.026975]},"properties":{"osm_id":"node/11333003368","kategori":"trafik_isigi","ad":null}},{"type":"Feature","geometry":{"type":"Point","coordinates":[29.126563,41.027134]},"properties":{"osm_id":"node/11333060369","kategori":"trafik_isigi","ad":null}},{"type":"Feature","geometry":{"type":"Point","coordinates":[28.848789,41.243237]},"properties":{"osm_id":"node/11338221128","kategori":"trafik_isigi","ad":null}},{"type":"Feature","geometry":{"type":"Point","coordinates":[28.848804,41.243523]},"properties":{"osm_id":"node/11338221129","kategori":"trafik_isigi","ad":null}},{"type":"Feature","geometry":{"type":"Point","coordinates":[28.848531,41.243485]},"properties":{"osm_id":"node/11338221130","kategori":"trafik_isigi","ad":null}},{"type":"Feature","geometry":{"type":"Point","coordinates":[28.626035,41.000973]},"properties":{"osm_id":"node/11388703106","kategori":"trafik_isigi","ad":null}},{"type":"Feature","geometry":{"type":"Point","coordinates":[28.884994,41.091805]},"properties":{"osm_id":"node/11403638887","kategori":"trafik_isigi","ad":null}},{"type":"Feature","geometry":{"type":"Point","coordinates":[29.310651,40.825878]},"properties":{"osm_id":"node/11406398458","kategori":"trafik_isigi","ad":null}},{"type":"Feature","geometry":{"type":"Point","coordinates":[29.310589,40.825696]},"properties":{"osm_id":"node/11406398460","kategori":"trafik_isigi","ad":null}},{"type":"Feature","geometry":{"type":"Point","coordinates":[28.99461,41.066948]},"properties":{"osm_id":"node/11436705368","kategori":"trafik_isigi","ad":null}},{"type":"Feature","geometry":{"type":"Point","coordinates":[28.878591,41.108198]},"properties":{"osm_id":"node/11443850006","kategori":"trafik_isigi","ad":null}},{"type":"Feature","geometry":{"type":"Point","coordinates":[28.878336,41.108238]},"properties":{"osm_id":"node/11443850007","kategori":"trafik_isigi","ad":null}},{"type":"Feature","geometry":{"type":"Point","coordinates":[28.878344,41.108305]},"properties":{"osm_id":"node/11443850008","kategori":"trafik_isigi","ad":null}},{"type":"Feature","geometry":{"type":"Point","coordinates":[28.879721,41.106645]},"properties":{"osm_id":"node/11443850011","kategori":"trafik_isigi","ad":null}},{"type":"Feature","geometry":{"type":"Point","coordinates":[28.884977,41.092104]},"properties":{"osm_id":"node/11455486886","kategori":"trafik_isigi","ad":null}},{"type":"Feature","geometry":{"type":"Point","coordinates":[28.887376,41.093223]},"properties":{"osm_id":"node/11455486892","kategori":"trafik_isigi","ad":null}},{"type":"Feature","geometry":{"type":"Point","coordinates":[28.887648,41.093209]},"properties":{"osm_id":"node/11455486893","kategori":"trafik_isigi","ad":null}},{"type":"Feature","geometry":{"type":"Point","coordinates":[28.88741,41.092998]},"properties":{"osm_id":"node/11455486894","kategori":"trafik_isigi","ad":null}},{"type":"Feature","geometry":{"type":"Point","coordinates":[28.951425,41.079622]},"properties":{"osm_id":"node/11459961268","kategori":"trafik_isigi","ad":null}},{"type":"Feature","geometry":{"type":"Point","coordinates":[29.031771,41.218199]},"properties":{"osm_id":"node/11473094862","kategori":"trafik_isigi","ad":null}},{"type":"Feature","geometry":{"type":"Point","coordinates":[29.031864,41.21813]},"properties":{"osm_id":"node/11473094866","kategori":"trafik_isigi","ad":null}},{"type":"Feature","geometry":{"type":"Point","coordinates":[29.265589,40.872422]},"properties":{"osm_id":"node/11474739774","kategori":"trafik_isigi","ad":null}},{"type":"Feature","geometry":{"type":"Point","coordinates":[29.237322,40.963511]},"properties":{"osm_id":"node/11485695909","kategori":"trafik_isigi","ad":null}},{"type":"Feature","geometry":{"type":"Point","coordinates":[29.237358,40.963595]},"properties":{"osm_id":"node/11485695910","kategori":"trafik_isigi","ad":null}},{"type":"Feature","geometry":{"type":"Point","coordinates":[29.163967,41.01635]},"properties":{"osm_id":"node/11488657612","kategori":"trafik_isigi","ad":null}},{"type":"Feature","geometry":{"type":"Point","coordinates":[28.945544,41.037074]},"properties":{"osm_id":"node/11491671375","kategori":"trafik_isigi","ad":null}},{"type":"Feature","geometry":{"type":"Point","coordinates":[28.945392,41.037113]},"properties":{"osm_id":"node/11491671376","kategori":"trafik_isigi","ad":null}},{"type":"Feature","geometry":{"type":"Point","coordinates":[28.945348,41.037237]},"properties":{"osm_id":"node/11491671383","kategori":"trafik_isigi","ad":null}},{"type":"Feature","geometry":{"type":"Point","coordinates":[29.130792,40.945668]},"properties":{"osm_id":"node/11507589532","kategori":"trafik_isigi","ad":null}},{"type":"Feature","geometry":{"type":"Point","coordinates":[29.131102,40.945877]},"properties":{"osm_id":"node/11507589534","kategori":"trafik_isigi","ad":null}},{"type":"Feature","geometry":{"type":"Point","coordinates":[29.131082,40.945897]},"properties":{"osm_id":"node/11507589535","kategori":"trafik_isigi","ad":null}},{"type":"Feature","geometry":{"type":"Point","coordinates":[29.159107,40.949873]},"properties":{"osm_id":"node/11508607087","kategori":"trafik_isigi","ad":null}},{"type":"Feature","geometry":{"type":"Point","coordinates":[28.910328,41.053794]},"properties":{"osm_id":"node/11521987177","kategori":"trafik_isigi","ad":null}},{"type":"Feature","geometry":{"type":"Point","coordinates":[29.101323,40.970127]},"properties":{"osm_id":"node/11522127952","kategori":"trafik_isigi","ad":null}},{"type":"Feature","geometry":{"type":"Point","coordinates":[29.101643,40.970031]},"properties":{"osm_id":"node/11522127953","kategori":"trafik_isigi","ad":null}},{"type":"Feature","geometry":{"type":"Point","coordinates":[29.101476,40.970329]},"properties":{"osm_id":"node/11522127954","kategori":"trafik_isigi","ad":null}},{"type":"Feature","geometry":{"type":"Point","coordinates":[29.103751,40.964415]},"properties":{"osm_id":"node/11522144725","kategori":"trafik_isigi","ad":null}},{"type":"Feature","geometry":{"type":"Point","coordinates":[29.103886,40.964274]},"properties":{"osm_id":"node/11522144729","kategori":"trafik_isigi","ad":null}},{"type":"Feature","geometry":{"type":"Point","coordinates":[29.103731,40.964109]},"properties":{"osm_id":"node/11522144730","kategori":"trafik_isigi","ad":null}},{"type":"Feature","geometry":{"type":"Point","coordinates":[28.671341,41.056725]},"properties":{"osm_id":"node/11528220168","kategori":"trafik_isigi","ad":null}},{"type":"Feature","geometry":{"type":"Point","coordinates":[28.671565,41.056951]},"properties":{"osm_id":"node/11528233371","kategori":"trafik_isigi","ad":null}},{"type":"Feature","geometry":{"type":"Point","coordinates":[28.671549,41.056913]},"properties":{"osm_id":"node/11528233372","kategori":"trafik_isigi","ad":null}},{"type":"Feature","geometry":{"type":"Point","coordinates":[29.137996,40.985897]},"properties":{"osm_id":"node/11528588235","kategori":"trafik_isigi","ad":null}},{"type":"Feature","geometry":{"type":"Point","coordinates":[28.897014,41.089715]},"properties":{"osm_id":"node/11534225348","kategori":"trafik_isigi","ad":null}},{"type":"Feature","geometry":{"type":"Point","coordinates":[28.897173,41.08968]},"properties":{"osm_id":"node/11534225349","kategori":"trafik_isigi","ad":null}},{"type":"Feature","geometry":{"type":"Point","coordinates":[28.90691,41.092396]},"properties":{"osm_id":"node/11544838349","kategori":"trafik_isigi","ad":null}},{"type":"Feature","geometry":{"type":"Point","coordinates":[28.887166,41.085684]},"properties":{"osm_id":"node/11544838415","kategori":"trafik_isigi","ad":null}},{"type":"Feature","geometry":{"type":"Point","coordinates":[28.898974,41.041975]},"properties":{"osm_id":"node/11549704195","kategori":"trafik_isigi","ad":null}},{"type":"Feature","geometry":{"type":"Point","coordinates":[28.898964,41.04224]},"properties":{"osm_id":"node/11549704201","kategori":"trafik_isigi","ad":null}},{"type":"Feature","geometry":{"type":"Point","coordinates":[28.900199,41.049927]},"properties":{"osm_id":"node/11549704277","kategori":"trafik_isigi","ad":null}},{"type":"Feature","geometry":{"type":"Point","coordinates":[28.870093,40.991903]},"properties":{"osm_id":"node/11563720224","kategori":"trafik_isigi","ad":null}},{"type":"Feature","geometry":{"type":"Point","coordinates":[28.797563,40.987029]},"properties":{"osm_id":"node/11575208061","kategori":"trafik_isigi","ad":null}},{"type":"Feature","geometry":{"type":"Point","coordinates":[28.896623,41.008663]},"properties":{"osm_id":"node/11579908995","kategori":"trafik_isigi","ad":null}},{"type":"Feature","geometry":{"type":"Point","coordinates":[29.031047,40.997847]},"properties":{"osm_id":"node/11581046328","kategori":"trafik_isigi","ad":null}},{"type":"Feature","geometry":{"type":"Point","coordinates":[29.02718,41.075264]},"properties":{"osm_id":"node/11635345238","kategori":"trafik_isigi","ad":null}},{"type":"Feature","geometry":{"type":"Point","coordinates":[28.900906,41.027647]},"properties":{"osm_id":"node/11641988750","kategori":"trafik_isigi","ad":null}},{"type":"Feature","geometry":{"type":"Point","coordinates":[28.901303,41.027504]},"properties":{"osm_id":"node/11641988756","kategori":"trafik_isigi","ad":null}},{"type":"Feature","geometry":{"type":"Point","coordinates":[28.901167,41.027505]},"properties":{"osm_id":"node/11641988758","kategori":"trafik_isigi","ad":null}},{"type":"Feature","geometry":{"type":"Point","coordinates":[28.920301,41.024275]},"properties":{"osm_id":"node/11642003123","kategori":"trafik_isigi","ad":null}},{"type":"Feature","geometry":{"type":"Point","coordinates":[28.919255,41.023328]},"properties":{"osm_id":"node/11642029274","kategori":"trafik_isigi","ad":null}},{"type":"Feature","geometry":{"type":"Point","coordinates":[28.919195,41.023365]},"properties":{"osm_id":"node/11642029276","kategori":"trafik_isigi","ad":null}},{"type":"Feature","geometry":{"type":"Point","coordinates":[28.9191,41.023505]},"properties":{"osm_id":"node/11642029277","kategori":"trafik_isigi","ad":null}},{"type":"Feature","geometry":{"type":"Point","coordinates":[28.919285,41.023619]},"properties":{"osm_id":"node/11642029278","kategori":"trafik_isigi","ad":null}},{"type":"Feature","geometry":{"type":"Point","coordinates":[29.342105,40.91801]},"properties":{"osm_id":"node/11654382262","kategori":"trafik_isigi","ad":null}},{"type":"Feature","geometry":{"type":"Point","coordinates":[29.341925,40.917949]},"properties":{"osm_id":"node/11654382263","kategori":"trafik_isigi","ad":null}},{"type":"Feature","geometry":{"type":"Point","coordinates":[29.141296,41.123156]},"properties":{"osm_id":"node/11655250123","kategori":"trafik_isigi","ad":null}},{"type":"Feature","geometry":{"type":"Point","coordinates":[29.141351,41.123172]},"properties":{"osm_id":"node/11655250148","kategori":"trafik_isigi","ad":null}},{"type":"Feature","geometry":{"type":"Point","coordinates":[29.141239,41.123026]},"properties":{"osm_id":"node/11655250149","kategori":"trafik_isigi","ad":null}},{"type":"Feature","geometry":{"type":"Point","coordinates":[29.142893,41.124541]},"properties":{"osm_id":"node/11655250339","kategori":"trafik_isigi","ad":null}},{"type":"Feature","geometry":{"type":"Point","coordinates":[29.142745,41.124514]},"properties":{"osm_id":"node/11655250365","kategori":"trafik_isigi","ad":null}},{"type":"Feature","geometry":{"type":"Point","coordinates":[29.142812,41.1244]},"properties":{"osm_id":"node/11655250366","kategori":"trafik_isigi","ad":null}},{"type":"Feature","geometry":{"type":"Point","coordinates":[29.142963,41.124426]},"properties":{"osm_id":"node/11655250368","kategori":"trafik_isigi","ad":null}},{"type":"Feature","geometry":{"type":"Point","coordinates":[29.360995,40.897787]},"properties":{"osm_id":"node/11659811332","kategori":"trafik_isigi","ad":null}},{"type":"Feature","geometry":{"type":"Point","coordinates":[29.361052,40.89771]},"properties":{"osm_id":"node/11659811333","kategori":"trafik_isigi","ad":null}},{"type":"Feature","geometry":{"type":"Point","coordinates":[28.863757,41.008503]},"properties":{"osm_id":"node/11659843572","kategori":"trafik_isigi","ad":null}},{"type":"Feature","geometry":{"type":"Point","coordinates":[28.909067,40.997928]},"properties":{"osm_id":"node/11659952875","kategori":"trafik_isigi","ad":null}},{"type":"Feature","geometry":{"type":"Point","coordinates":[28.909123,40.998086]},"properties":{"osm_id":"node/11659952876","kategori":"trafik_isigi","ad":null}},{"type":"Feature","geometry":{"type":"Point","coordinates":[28.909308,40.998045]},"properties":{"osm_id":"node/11659952877","kategori":"trafik_isigi","ad":null}},{"type":"Feature","geometry":{"type":"Point","coordinates":[28.902139,41.003465]},"properties":{"osm_id":"node/11659991771","kategori":"trafik_isigi","ad":null}},{"type":"Feature","geometry":{"type":"Point","coordinates":[28.902226,41.00355]},"properties":{"osm_id":"node/11659991772","kategori":"trafik_isigi","ad":null}},{"type":"Feature","geometry":{"type":"Point","coordinates":[28.902162,41.00356]},"properties":{"osm_id":"node/11659991773","kategori":"trafik_isigi","ad":null}},{"type":"Feature","geometry":{"type":"Point","coordinates":[28.901802,41.003525]},"properties":{"osm_id":"node/11659991774","kategori":"trafik_isigi","ad":null}},{"type":"Feature","geometry":{"type":"Point","coordinates":[28.901732,41.003461]},"properties":{"osm_id":"node/11659991775","kategori":"trafik_isigi","ad":null}},{"type":"Feature","geometry":{"type":"Point","coordinates":[28.896069,41.00203]},"properties":{"osm_id":"node/11659991776","kategori":"trafik_isigi","ad":null}},{"type":"Feature","geometry":{"type":"Point","coordinates":[28.896002,41.002074]},"properties":{"osm_id":"node/11659991777","kategori":"trafik_isigi","ad":null}},{"type":"Feature","geometry":{"type":"Point","coordinates":[28.895899,41.001911]},"properties":{"osm_id":"node/11659991778","kategori":"trafik_isigi","ad":null}},{"type":"Feature","geometry":{"type":"Point","coordinates":[28.894227,41.001669]},"properties":{"osm_id":"node/11659991779","kategori":"trafik_isigi","ad":null}},{"type":"Feature","geometry":{"type":"Point","coordinates":[28.894378,41.001856]},"properties":{"osm_id":"node/11659991780","kategori":"trafik_isigi","ad":null}},{"type":"Feature","geometry":{"type":"Point","coordinates":[28.894855,41.001704]},"properties":{"osm_id":"node/11659991781","kategori":"trafik_isigi","ad":null}},{"type":"Feature","geometry":{"type":"Point","coordinates":[28.890583,41.001352]},"properties":{"osm_id":"node/11659991783","kategori":"trafik_isigi","ad":null}},{"type":"Feature","geometry":{"type":"Point","coordinates":[28.772183,41.14002]},"properties":{"osm_id":"node/11690034601","kategori":"trafik_isigi","ad":null}},{"type":"Feature","geometry":{"type":"Point","coordinates":[28.772235,41.140245]},"properties":{"osm_id":"node/11690034602","kategori":"trafik_isigi","ad":null}},{"type":"Feature","geometry":{"type":"Point","coordinates":[29.242907,40.878794]},"properties":{"osm_id":"node/11718197877","kategori":"trafik_isigi","ad":null}},{"type":"Feature","geometry":{"type":"Point","coordinates":[29.097037,40.951813]},"properties":{"osm_id":"node/11736312882","kategori":"trafik_isigi","ad":null}},{"type":"Feature","geometry":{"type":"Point","coordinates":[29.097115,40.951877]},"properties":{"osm_id":"node/11736312935","kategori":"trafik_isigi","ad":null}},{"type":"Feature","geometry":{"type":"Point","coordinates":[29.291662,40.82642]},"properties":{"osm_id":"node/11780240944","kategori":"trafik_isigi","ad":null}},{"type":"Feature","geometry":{"type":"Point","coordinates":[29.291693,40.826304]},"properties":{"osm_id":"node/11780240945","kategori":"trafik_isigi","ad":null}},{"type":"Feature","geometry":{"type":"Point","coordinates":[29.094568,40.952385]},"properties":{"osm_id":"node/11781298764","kategori":"trafik_isigi","ad":null}},{"type":"Feature","geometry":{"type":"Point","coordinates":[29.034711,41.004347]},"properties":{"osm_id":"node/11811627699","kategori":"trafik_isigi","ad":null}},{"type":"Feature","geometry":{"type":"Point","coordinates":[28.960623,41.023894]},"properties":{"osm_id":"node/11812527464","kategori":"trafik_isigi","ad":null}},{"type":"Feature","geometry":{"type":"Point","coordinates":[28.960559,41.023914]},"properties":{"osm_id":"node/11812527466","kategori":"trafik_isigi","ad":null}},{"type":"Feature","geometry":{"type":"Point","coordinates":[29.044741,41.004212]},"properties":{"osm_id":"node/11824653702","kategori":"trafik_isigi","ad":null}},{"type":"Feature","geometry":{"type":"Point","coordinates":[29.044468,41.004226]},"properties":{"osm_id":"node/11824653703","kategori":"trafik_isigi","ad":null}},{"type":"Feature","geometry":{"type":"Point","coordinates":[29.044619,41.0043]},"properties":{"osm_id":"node/11824653704","kategori":"trafik_isigi","ad":null}},{"type":"Feature","geometry":{"type":"Point","coordinates":[29.044625,41.004177]},"properties":{"osm_id":"node/11824653705","kategori":"trafik_isigi","ad":null}},{"type":"Feature","geometry":{"type":"Point","coordinates":[29.046872,41.006517]},"properties":{"osm_id":"node/11824809278","kategori":"trafik_isigi","ad":null}},{"type":"Feature","geometry":{"type":"Point","coordinates":[29.046916,41.00624]},"properties":{"osm_id":"node/11824809284","kategori":"trafik_isigi","ad":null}},{"type":"Feature","geometry":{"type":"Point","coordinates":[28.975961,41.082849]},"properties":{"osm_id":"node/11832871605","kategori":"trafik_isigi","ad":null}},{"type":"Feature","geometry":{"type":"Point","coordinates":[28.943247,41.039547]},"properties":{"osm_id":"node/11885150349","kategori":"trafik_isigi","ad":null}},{"type":"Feature","geometry":{"type":"Point","coordinates":[28.943551,41.039458]},"properties":{"osm_id":"node/11885150368","kategori":"trafik_isigi","ad":null}},{"type":"Feature","geometry":{"type":"Point","coordinates":[28.950602,41.03052]},"properties":{"osm_id":"node/11885165091","kategori":"trafik_isigi","ad":null}},{"type":"Feature","geometry":{"type":"Point","coordinates":[28.951738,41.029894]},"properties":{"osm_id":"node/11885165097","kategori":"trafik_isigi","ad":null}},{"type":"Feature","geometry":{"type":"Point","coordinates":[28.951855,41.029892]},"properties":{"osm_id":"node/11885165098","kategori":"trafik_isigi","ad":null}},{"type":"Feature","geometry":{"type":"Point","coordinates":[28.956763,41.027789]},"properties":{"osm_id":"node/11885165173","kategori":"trafik_isigi","ad":null}},{"type":"Feature","geometry":{"type":"Point","coordinates":[28.956625,41.027835]},"properties":{"osm_id":"node/11885165182","kategori":"trafik_isigi","ad":null}},{"type":"Feature","geometry":{"type":"Point","coordinates":[28.958303,41.026807]},"properties":{"osm_id":"node/11885165187","kategori":"trafik_isigi","ad":null}},{"type":"Feature","geometry":{"type":"Point","coordinates":[28.964359,41.01974]},"properties":{"osm_id":"node/11889111256","kategori":"trafik_isigi","ad":null}},{"type":"Feature","geometry":{"type":"Point","coordinates":[28.964532,41.019729]},"properties":{"osm_id":"node/11889111257","kategori":"trafik_isigi","ad":null}},{"type":"Feature","geometry":{"type":"Point","coordinates":[28.804543,40.977144]},"properties":{"osm_id":"node/11889209217","kategori":"trafik_isigi","ad":null}},{"type":"Feature","geometry":{"type":"Point","coordinates":[28.845278,40.971634]},"properties":{"osm_id":"node/11889214416","kategori":"trafik_isigi","ad":null}},{"type":"Feature","geometry":{"type":"Point","coordinates":[28.845358,40.9719]},"properties":{"osm_id":"node/11889214417","kategori":"trafik_isigi","ad":null}},{"type":"Feature","geometry":{"type":"Point","coordinates":[28.982263,41.016158]},"properties":{"osm_id":"node/11889671346","kategori":"trafik_isigi","ad":null}},{"type":"Feature","geometry":{"type":"Point","coordinates":[28.976165,41.016428]},"properties":{"osm_id":"node/11889671364","kategori":"trafik_isigi","ad":null}},{"type":"Feature","geometry":{"type":"Point","coordinates":[28.982511,41.01627]},"properties":{"osm_id":"node/11889671366","kategori":"trafik_isigi","ad":null}},{"type":"Feature","geometry":{"type":"Point","coordinates":[28.985705,41.016303]},"properties":{"osm_id":"node/11889671368","kategori":"trafik_isigi","ad":null}},{"type":"Feature","geometry":{"type":"Point","coordinates":[28.805009,40.973591]},"properties":{"osm_id":"node/11889829260","kategori":"trafik_isigi","ad":null}},{"type":"Feature","geometry":{"type":"Point","coordinates":[28.981079,41.002807]},"properties":{"osm_id":"node/11889950879","kategori":"trafik_isigi","ad":null}},{"type":"Feature","geometry":{"type":"Point","coordinates":[28.868764,40.977264]},"properties":{"osm_id":"node/11905082924","kategori":"trafik_isigi","ad":null}},{"type":"Feature","geometry":{"type":"Point","coordinates":[28.974402,41.033507]},"properties":{"osm_id":"node/11927124677","kategori":"trafik_isigi","ad":null}},{"type":"Feature","geometry":{"type":"Point","coordinates":[28.97451,41.033569]},"properties":{"osm_id":"node/11927124684","kategori":"trafik_isigi","ad":null}},{"type":"Feature","geometry":{"type":"Point","coordinates":[28.709556,41.217197]},"properties":{"osm_id":"node/11947972177","kategori":"trafik_isigi","ad":null}},{"type":"Feature","geometry":{"type":"Point","coordinates":[28.709536,41.216879]},"properties":{"osm_id":"node/11947972178","kategori":"trafik_isigi","ad":null}},{"type":"Feature","geometry":{"type":"Point","coordinates":[28.968569,41.035432]},"properties":{"osm_id":"node/11948206925","kategori":"trafik_isigi","ad":null}},{"type":"Feature","geometry":{"type":"Point","coordinates":[28.968627,41.03545]},"properties":{"osm_id":"node/11948206926","kategori":"trafik_isigi","ad":null}},{"type":"Feature","geometry":{"type":"Point","coordinates":[28.968565,41.035514]},"properties":{"osm_id":"node/11948206927","kategori":"trafik_isigi","ad":null}},{"type":"Feature","geometry":{"type":"Point","coordinates":[28.968526,41.035482]},"properties":{"osm_id":"node/11948206928","kategori":"trafik_isigi","ad":null}},{"type":"Feature","geometry":{"type":"Point","coordinates":[29.288656,40.90645]},"properties":{"osm_id":"node/11955733692","kategori":"trafik_isigi","ad":null}},{"type":"Feature","geometry":{"type":"Point","coordinates":[28.69869,40.992608]},"properties":{"osm_id":"node/11970189722","kategori":"trafik_isigi","ad":null}},{"type":"Feature","geometry":{"type":"Point","coordinates":[28.698738,40.99232]},"properties":{"osm_id":"node/11970189723","kategori":"trafik_isigi","ad":null}},{"type":"Feature","geometry":{"type":"Point","coordinates":[28.698391,40.98903]},"properties":{"osm_id":"node/11970189732","kategori":"trafik_isigi","ad":null}},{"type":"Feature","geometry":{"type":"Point","coordinates":[28.698317,40.988913]},"properties":{"osm_id":"node/11970189733","kategori":"trafik_isigi","ad":null}},{"type":"Feature","geometry":{"type":"Point","coordinates":[28.698587,40.988637]},"properties":{"osm_id":"node/11970189743","kategori":"trafik_isigi","ad":null}},{"type":"Feature","geometry":{"type":"Point","coordinates":[28.797152,40.999951]},"properties":{"osm_id":"node/11987798211","kategori":"trafik_isigi","ad":null}},{"type":"Feature","geometry":{"type":"Point","coordinates":[28.835263,40.994352]},"properties":{"osm_id":"node/12020633927","kategori":"trafik_isigi","ad":null}},{"type":"Feature","geometry":{"type":"Point","coordinates":[28.835315,40.994447]},"properties":{"osm_id":"node/12020633928","kategori":"trafik_isigi","ad":null}},{"type":"Feature","geometry":{"type":"Point","coordinates":[28.878677,41.077174]},"properties":{"osm_id":"node/12021067064","kategori":"trafik_isigi","ad":null}},{"type":"Feature","geometry":{"type":"Point","coordinates":[28.902997,41.019783]},"properties":{"osm_id":"node/12026970369","kategori":"trafik_isigi","ad":null}},{"type":"Feature","geometry":{"type":"Point","coordinates":[28.898083,41.018781]},"properties":{"osm_id":"node/12026970483","kategori":"trafik_isigi","ad":null}},{"type":"Feature","geometry":{"type":"Point","coordinates":[28.189935,41.164088]},"properties":{"osm_id":"node/12040811402","kategori":"trafik_isigi","ad":null}},{"type":"Feature","geometry":{"type":"Point","coordinates":[28.115548,41.229777]},"properties":{"osm_id":"node/12040811475","kategori":"trafik_isigi","ad":null}},{"type":"Feature","geometry":{"type":"Point","coordinates":[28.115284,41.229552]},"properties":{"osm_id":"node/12040811476","kategori":"trafik_isigi","ad":null}},{"type":"Feature","geometry":{"type":"Point","coordinates":[28.115269,41.229698]},"properties":{"osm_id":"node/12040811477","kategori":"trafik_isigi","ad":null}},{"type":"Feature","geometry":{"type":"Point","coordinates":[28.661424,41.068524]},"properties":{"osm_id":"node/12119171399","kategori":"trafik_isigi","ad":null}},{"type":"Feature","geometry":{"type":"Point","coordinates":[28.661416,41.068354]},"properties":{"osm_id":"node/12119171400","kategori":"trafik_isigi","ad":null}},{"type":"Feature","geometry":{"type":"Point","coordinates":[29.248622,41.006866]},"properties":{"osm_id":"node/12125080626","kategori":"trafik_isigi","ad":null}},{"type":"Feature","geometry":{"type":"Point","coordinates":[28.960421,41.09672]},"properties":{"osm_id":"node/12143174880","kategori":"trafik_isigi","ad":null}},{"type":"Feature","geometry":{"type":"Point","coordinates":[29.259954,40.880002]},"properties":{"osm_id":"node/12146915608","kategori":"trafik_isigi","ad":null}},{"type":"Feature","geometry":{"type":"Point","coordinates":[29.241648,40.880258]},"properties":{"osm_id":"node/12146915616","kategori":"trafik_isigi","ad":null}},{"type":"Feature","geometry":{"type":"Point","coordinates":[29.24149,40.8802]},"properties":{"osm_id":"node/12146915617","kategori":"trafik_isigi","ad":null}},{"type":"Feature","geometry":{"type":"Point","coordinates":[29.241487,40.880159]},"properties":{"osm_id":"node/12146915618","kategori":"trafik_isigi","ad":null}},{"type":"Feature","geometry":{"type":"Point","coordinates":[28.846842,40.999179]},"properties":{"osm_id":"node/12149549282","kategori":"trafik_isigi","ad":null}},{"type":"Feature","geometry":{"type":"Point","coordinates":[28.709026,41.064769]},"properties":{"osm_id":"node/12152124701","kategori":"trafik_isigi","ad":null}},{"type":"Feature","geometry":{"type":"Point","coordinates":[28.708932,41.065128]},"properties":{"osm_id":"node/12152124708","kategori":"trafik_isigi","ad":null}},{"type":"Feature","geometry":{"type":"Point","coordinates":[28.709505,41.064272]},"properties":{"osm_id":"node/12152124721","kategori":"trafik_isigi","ad":null}},{"type":"Feature","geometry":{"type":"Point","coordinates":[28.723384,41.084901]},"properties":{"osm_id":"node/12163628903","kategori":"trafik_isigi","ad":null}},{"type":"Feature","geometry":{"type":"Point","coordinates":[28.894045,41.044595]},"properties":{"osm_id":"node/12166230852","kategori":"trafik_isigi","ad":null}},{"type":"Feature","geometry":{"type":"Point","coordinates":[29.343679,40.929839]},"properties":{"osm_id":"node/12178358878","kategori":"trafik_isigi","ad":null}},{"type":"Feature","geometry":{"type":"Point","coordinates":[28.626692,41.016579]},"properties":{"osm_id":"node/12182904598","kategori":"trafik_isigi","ad":null}},{"type":"Feature","geometry":{"type":"Point","coordinates":[28.626249,41.014687]},"properties":{"osm_id":"node/12182904615","kategori":"trafik_isigi","ad":null}},{"type":"Feature","geometry":{"type":"Point","coordinates":[28.625909,41.014764]},"properties":{"osm_id":"node/12182904654","kategori":"trafik_isigi","ad":null}},{"type":"Feature","geometry":{"type":"Point","coordinates":[28.626031,41.014667]},"properties":{"osm_id":"node/12182904655","kategori":"trafik_isigi","ad":null}},{"type":"Feature","geometry":{"type":"Point","coordinates":[28.797856,41.048856]},"properties":{"osm_id":"node/12192612303","kategori":"trafik_isigi","ad":null}},{"type":"Feature","geometry":{"type":"Point","coordinates":[28.982569,41.004332]},"properties":{"osm_id":"node/12198945776","kategori":"trafik_isigi","ad":null}},{"type":"Feature","geometry":{"type":"Point","coordinates":[28.251084,41.080183]},"properties":{"osm_id":"node/12229064969","kategori":"trafik_isigi","ad":null}},{"type":"Feature","geometry":{"type":"Point","coordinates":[28.77221,41.184132]},"properties":{"osm_id":"node/12238600611","kategori":"trafik_isigi","ad":null}},{"type":"Feature","geometry":{"type":"Point","coordinates":[28.795726,41.23084]},"properties":{"osm_id":"node/12238600711","kategori":"trafik_isigi","ad":null}},{"type":"Feature","geometry":{"type":"Point","coordinates":[28.79564,41.230809]},"properties":{"osm_id":"node/12238600714","kategori":"trafik_isigi","ad":null}},{"type":"Feature","geometry":{"type":"Point","coordinates":[28.902636,41.171346]},"properties":{"osm_id":"node/12239712778","kategori":"trafik_isigi","ad":null}},{"type":"Feature","geometry":{"type":"Point","coordinates":[28.902371,41.171429]},"properties":{"osm_id":"node/12239712779","kategori":"trafik_isigi","ad":null}},{"type":"Feature","geometry":{"type":"Point","coordinates":[29.336581,40.875409]},"properties":{"osm_id":"node/12241728415","kategori":"trafik_isigi","ad":null}},{"type":"Feature","geometry":{"type":"Point","coordinates":[29.336488,40.875593]},"properties":{"osm_id":"node/12241728426","kategori":"trafik_isigi","ad":null}},{"type":"Feature","geometry":{"type":"Point","coordinates":[29.336558,40.874465]},"properties":{"osm_id":"node/12241728427","kategori":"trafik_isigi","ad":null}},{"type":"Feature","geometry":{"type":"Point","coordinates":[29.336662,40.875492]},"properties":{"osm_id":"node/12241728437","kategori":"trafik_isigi","ad":null}},{"type":"Feature","geometry":{"type":"Point","coordinates":[29.34455,40.880657]},"properties":{"osm_id":"node/12241728457","kategori":"trafik_isigi","ad":null}},{"type":"Feature","geometry":{"type":"Point","coordinates":[29.344625,40.880454]},"properties":{"osm_id":"node/12241728459","kategori":"trafik_isigi","ad":null}},{"type":"Feature","geometry":{"type":"Point","coordinates":[29.344547,40.880537]},"properties":{"osm_id":"node/12241728460","kategori":"trafik_isigi","ad":null}},{"type":"Feature","geometry":{"type":"Point","coordinates":[28.870043,40.992283]},"properties":{"osm_id":"node/12246600564","kategori":"trafik_isigi","ad":null}},{"type":"Feature","geometry":{"type":"Point","coordinates":[28.832512,41.06216]},"properties":{"osm_id":"node/12253738181","kategori":"trafik_isigi","ad":null}},{"type":"Feature","geometry":{"type":"Point","coordinates":[28.832619,41.062059]},"properties":{"osm_id":"node/12253738182","kategori":"trafik_isigi","ad":null}},{"type":"Feature","geometry":{"type":"Point","coordinates":[28.367312,41.056509]},"properties":{"osm_id":"node/12282494935","kategori":"trafik_isigi","ad":null}},{"type":"Feature","geometry":{"type":"Point","coordinates":[28.368133,41.056701]},"properties":{"osm_id":"node/12282494936","kategori":"trafik_isigi","ad":null}},{"type":"Feature","geometry":{"type":"Point","coordinates":[28.878475,41.095052]},"properties":{"osm_id":"node/12292577078","kategori":"trafik_isigi","ad":null}},{"type":"Feature","geometry":{"type":"Point","coordinates":[28.878499,41.095061]},"properties":{"osm_id":"node/12292577079","kategori":"trafik_isigi","ad":null}},{"type":"Feature","geometry":{"type":"Point","coordinates":[28.851055,41.113938]},"properties":{"osm_id":"node/12294109869","kategori":"trafik_isigi","ad":null}},{"type":"Feature","geometry":{"type":"Point","coordinates":[28.85125,41.113982]},"properties":{"osm_id":"node/12294109870","kategori":"trafik_isigi","ad":null}},{"type":"Feature","geometry":{"type":"Point","coordinates":[28.851268,41.113734]},"properties":{"osm_id":"node/12294109871","kategori":"trafik_isigi","ad":null}},{"type":"Feature","geometry":{"type":"Point","coordinates":[28.772917,41.162122]},"properties":{"osm_id":"node/12294150047","kategori":"trafik_isigi","ad":null}},{"type":"Feature","geometry":{"type":"Point","coordinates":[29.102535,41.026653]},"properties":{"osm_id":"node/12299537455","kategori":"trafik_isigi","ad":null}},{"type":"Feature","geometry":{"type":"Point","coordinates":[29.093205,41.031558]},"properties":{"osm_id":"node/12299537475","kategori":"trafik_isigi","ad":null}},{"type":"Feature","geometry":{"type":"Point","coordinates":[29.085714,41.028754]},"properties":{"osm_id":"node/12299537488","kategori":"trafik_isigi","ad":null}},{"type":"Feature","geometry":{"type":"Point","coordinates":[29.085602,41.02884]},"properties":{"osm_id":"node/12299537489","kategori":"trafik_isigi","ad":null}},{"type":"Feature","geometry":{"type":"Point","coordinates":[29.085515,41.028745]},"properties":{"osm_id":"node/12299537491","kategori":"trafik_isigi","ad":null}},{"type":"Feature","geometry":{"type":"Point","coordinates":[29.085664,41.028619]},"properties":{"osm_id":"node/12299537492","kategori":"trafik_isigi","ad":null}},{"type":"Feature","geometry":{"type":"Point","coordinates":[29.083113,41.025946]},"properties":{"osm_id":"node/12299537498","kategori":"trafik_isigi","ad":null}},{"type":"Feature","geometry":{"type":"Point","coordinates":[29.082726,41.025974]},"properties":{"osm_id":"node/12299537499","kategori":"trafik_isigi","ad":null}},{"type":"Feature","geometry":{"type":"Point","coordinates":[29.082823,41.025771]},"properties":{"osm_id":"node/12299537500","kategori":"trafik_isigi","ad":null}},{"type":"Feature","geometry":{"type":"Point","coordinates":[29.084559,41.024607]},"properties":{"osm_id":"node/12299539303","kategori":"trafik_isigi","ad":null}},{"type":"Feature","geometry":{"type":"Point","coordinates":[29.243882,40.893341]},"properties":{"osm_id":"node/12307520889","kategori":"trafik_isigi","ad":null}},{"type":"Feature","geometry":{"type":"Point","coordinates":[29.244068,40.893401]},"properties":{"osm_id":"node/12307520890","kategori":"trafik_isigi","ad":null}},{"type":"Feature","geometry":{"type":"Point","coordinates":[29.023886,41.013496]},"properties":{"osm_id":"node/12309338298","kategori":"trafik_isigi","ad":null}},{"type":"Feature","geometry":{"type":"Point","coordinates":[29.023862,41.013554]},"properties":{"osm_id":"node/12309338299","kategori":"trafik_isigi","ad":null}},{"type":"Feature","geometry":{"type":"Point","coordinates":[29.023546,41.013526]},"properties":{"osm_id":"node/12309338300","kategori":"trafik_isigi","ad":null}},{"type":"Feature","geometry":{"type":"Point","coordinates":[29.02367,41.013555]},"properties":{"osm_id":"node/12309392701","kategori":"trafik_isigi","ad":null}},{"type":"Feature","geometry":{"type":"Point","coordinates":[29.0244,41.013619]},"properties":{"osm_id":"node/12309392703","kategori":"trafik_isigi","ad":null}},{"type":"Feature","geometry":{"type":"Point","coordinates":[28.625796,40.996363]},"properties":{"osm_id":"node/12319662932","kategori":"trafik_isigi","ad":null}},{"type":"Feature","geometry":{"type":"Point","coordinates":[28.625459,40.996495]},"properties":{"osm_id":"node/12319662944","kategori":"trafik_isigi","ad":null}},{"type":"Feature","geometry":{"type":"Point","coordinates":[28.625651,40.996598]},"properties":{"osm_id":"node/12319662947","kategori":"trafik_isigi","ad":null}},{"type":"Feature","geometry":{"type":"Point","coordinates":[29.201314,40.96687]},"properties":{"osm_id":"node/12329363179","kategori":"trafik_isigi","ad":null}},{"type":"Feature","geometry":{"type":"Point","coordinates":[29.201529,40.966783]},"properties":{"osm_id":"node/12329363183","kategori":"trafik_isigi","ad":null}},{"type":"Feature","geometry":{"type":"Point","coordinates":[29.004249,41.066917]},"properties":{"osm_id":"node/12365644800","kategori":"trafik_isigi","ad":null}},{"type":"Feature","geometry":{"type":"Point","coordinates":[29.004165,41.066905]},"properties":{"osm_id":"node/12365653001","kategori":"trafik_isigi","ad":null}},{"type":"Feature","geometry":{"type":"Point","coordinates":[29.000997,41.06673]},"properties":{"osm_id":"node/12365653007","kategori":"trafik_isigi","ad":null}},{"type":"Feature","geometry":{"type":"Point","coordinates":[29.02457,40.996123]},"properties":{"osm_id":"node/12377642698","kategori":"trafik_isigi","ad":null}},{"type":"Feature","geometry":{"type":"Point","coordinates":[29.244874,40.970474]},"properties":{"osm_id":"node/12386192465","kategori":"trafik_isigi","ad":null}},{"type":"Feature","geometry":{"type":"Point","coordinates":[29.095658,40.953092]},"properties":{"osm_id":"node/12412952197","kategori":"trafik_isigi","ad":null}},{"type":"Feature","geometry":{"type":"Point","coordinates":[28.625861,41.009384]},"properties":{"osm_id":"node/12479477109","kategori":"trafik_isigi","ad":null}},{"type":"Feature","geometry":{"type":"Point","coordinates":[28.625637,41.009653]},"properties":{"osm_id":"node/12479477110","kategori":"trafik_isigi","ad":null}},{"type":"Feature","geometry":{"type":"Point","coordinates":[28.894482,41.006856]},"properties":{"osm_id":"node/12489015264","kategori":"trafik_isigi","ad":null}},{"type":"Feature","geometry":{"type":"Point","coordinates":[29.010025,41.057524]},"properties":{"osm_id":"node/12493203757","kategori":"trafik_isigi","ad":null}},{"type":"Feature","geometry":{"type":"Point","coordinates":[28.696985,41.012478]},"properties":{"osm_id":"node/12553889282","kategori":"trafik_isigi","ad":null}},{"type":"Feature","geometry":{"type":"Point","coordinates":[28.710898,40.981378]},"properties":{"osm_id":"node/12563626269","kategori":"trafik_isigi","ad":null}},{"type":"Feature","geometry":{"type":"Point","coordinates":[28.710941,40.981443]},"properties":{"osm_id":"node/12563626270","kategori":"trafik_isigi","ad":null}},{"type":"Feature","geometry":{"type":"Point","coordinates":[28.742715,40.976341]},"properties":{"osm_id":"node/12569252817","kategori":"trafik_isigi","ad":null}},{"type":"Feature","geometry":{"type":"Point","coordinates":[28.979803,41.026659]},"properties":{"osm_id":"node/12569540876","kategori":"trafik_isigi","ad":null}},{"type":"Feature","geometry":{"type":"Point","coordinates":[28.979936,41.026335]},"properties":{"osm_id":"node/12569540886","kategori":"trafik_isigi","ad":null}},{"type":"Feature","geometry":{"type":"Point","coordinates":[28.979828,41.02643]},"properties":{"osm_id":"node/12569540887","kategori":"trafik_isigi","ad":null}},{"type":"Feature","geometry":{"type":"Point","coordinates":[28.988771,41.04018]},"properties":{"osm_id":"node/12569631090","kategori":"trafik_isigi","ad":null}},{"type":"Feature","geometry":{"type":"Point","coordinates":[28.98884,41.040381]},"properties":{"osm_id":"node/12569631091","kategori":"trafik_isigi","ad":null}},{"type":"Feature","geometry":{"type":"Point","coordinates":[28.989031,41.040252]},"properties":{"osm_id":"node/12569631092","kategori":"trafik_isigi","ad":null}},{"type":"Feature","geometry":{"type":"Point","coordinates":[28.988873,41.040099]},"properties":{"osm_id":"node/12569631095","kategori":"trafik_isigi","ad":null}},{"type":"Feature","geometry":{"type":"Point","coordinates":[29.297348,40.831577]},"properties":{"osm_id":"node/12582205097","kategori":"trafik_isigi","ad":null}},{"type":"Feature","geometry":{"type":"Point","coordinates":[29.29718,40.831688]},"properties":{"osm_id":"node/12582205098","kategori":"trafik_isigi","ad":null}},{"type":"Feature","geometry":{"type":"Point","coordinates":[29.297559,40.831448]},"properties":{"osm_id":"node/12582205099","kategori":"trafik_isigi","ad":null}},{"type":"Feature","geometry":{"type":"Point","coordinates":[28.986407,41.040943]},"properties":{"osm_id":"node/12613130096","kategori":"trafik_isigi","ad":null}},{"type":"Feature","geometry":{"type":"Point","coordinates":[28.84598,41.122211]},"properties":{"osm_id":"node/12618952232","kategori":"trafik_isigi","ad":null}},{"type":"Feature","geometry":{"type":"Point","coordinates":[28.815751,41.136291]},"properties":{"osm_id":"node/12618972477","kategori":"trafik_isigi","ad":null}},{"type":"Feature","geometry":{"type":"Point","coordinates":[28.815869,41.136412]},"properties":{"osm_id":"node/12618972478","kategori":"trafik_isigi","ad":null}},{"type":"Feature","geometry":{"type":"Point","coordinates":[28.812372,41.102054]},"properties":{"osm_id":"node/12629029148","kategori":"trafik_isigi","ad":null}},{"type":"Feature","geometry":{"type":"Point","coordinates":[28.812385,41.090166]},"properties":{"osm_id":"node/12629029186","kategori":"trafik_isigi","ad":null}},{"type":"Feature","geometry":{"type":"Point","coordinates":[28.923883,41.147258]},"properties":{"osm_id":"node/12637017207","kategori":"trafik_isigi","ad":null}},{"type":"Feature","geometry":{"type":"Point","coordinates":[28.923821,41.147261]},"properties":{"osm_id":"node/12638158037","kategori":"trafik_isigi","ad":null}},{"type":"Feature","geometry":{"type":"Point","coordinates":[28.923933,41.147401]},"properties":{"osm_id":"node/12638158038","kategori":"trafik_isigi","ad":null}},{"type":"Feature","geometry":{"type":"Point","coordinates":[28.92364,41.147329]},"properties":{"osm_id":"node/12638158039","kategori":"trafik_isigi","ad":null}},{"type":"Feature","geometry":{"type":"Point","coordinates":[28.455122,41.219952]},"properties":{"osm_id":"node/12638158062","kategori":"trafik_isigi","ad":null}},{"type":"Feature","geometry":{"type":"Point","coordinates":[28.982208,41.003745]},"properties":{"osm_id":"node/12639490709","kategori":"trafik_isigi","ad":null}},{"type":"Feature","geometry":{"type":"Point","coordinates":[28.830075,41.052905]},"properties":{"osm_id":"node/12732942249","kategori":"trafik_isigi","ad":null}},{"type":"Feature","geometry":{"type":"Point","coordinates":[29.006369,41.081996]},"properties":{"osm_id":"node/12747174227","kategori":"trafik_isigi","ad":null}},{"type":"Feature","geometry":{"type":"Point","coordinates":[29.222741,40.914606]},"properties":{"osm_id":"node/12766573867","kategori":"trafik_isigi","ad":null}},{"type":"Feature","geometry":{"type":"Point","coordinates":[29.054817,40.968108]},"properties":{"osm_id":"node/12772018230","kategori":"trafik_isigi","ad":null}},{"type":"Feature","geometry":{"type":"Point","coordinates":[28.847169,41.000597]},"properties":{"osm_id":"node/12777951600","kategori":"trafik_isigi","ad":null}},{"type":"Feature","geometry":{"type":"Point","coordinates":[28.980742,41.086543]},"properties":{"osm_id":"node/12796106713","kategori":"trafik_isigi","ad":null}},{"type":"Feature","geometry":{"type":"Point","coordinates":[28.88371,41.089586]},"properties":{"osm_id":"node/12797105283","kategori":"trafik_isigi","ad":null}},{"type":"Feature","geometry":{"type":"Point","coordinates":[28.884897,41.091764]},"properties":{"osm_id":"node/12797105292","kategori":"trafik_isigi","ad":null}},{"type":"Feature","geometry":{"type":"Point","coordinates":[29.223586,40.921863]},"properties":{"osm_id":"node/12813801377","kategori":"trafik_isigi","ad":null}},{"type":"Feature","geometry":{"type":"Point","coordinates":[29.220256,40.93161]},"properties":{"osm_id":"node/12813801378","kategori":"trafik_isigi","ad":null}},{"type":"Feature","geometry":{"type":"Point","coordinates":[29.220295,40.931626]},"properties":{"osm_id":"node/12813801379","kategori":"trafik_isigi","ad":null}},{"type":"Feature","geometry":{"type":"Point","coordinates":[29.22,40.931625]},"properties":{"osm_id":"node/12813801380","kategori":"trafik_isigi","ad":null}},{"type":"Feature","geometry":{"type":"Point","coordinates":[29.171025,41.028314]},"properties":{"osm_id":"node/12816509397","kategori":"trafik_isigi","ad":null}},{"type":"Feature","geometry":{"type":"Point","coordinates":[29.171097,41.028295]},"properties":{"osm_id":"node/12816509398","kategori":"trafik_isigi","ad":null}},{"type":"Feature","geometry":{"type":"Point","coordinates":[29.171207,41.028267]},"properties":{"osm_id":"node/12816509399","kategori":"trafik_isigi","ad":null}},{"type":"Feature","geometry":{"type":"Point","coordinates":[28.967594,41.060965]},"properties":{"osm_id":"node/12824763140","kategori":"trafik_isigi","ad":null}},{"type":"Feature","geometry":{"type":"Point","coordinates":[28.367766,41.056803]},"properties":{"osm_id":"node/12847392749","kategori":"trafik_isigi","ad":null}},{"type":"Feature","geometry":{"type":"Point","coordinates":[28.36771,41.056905]},"properties":{"osm_id":"node/12847392789","kategori":"trafik_isigi","ad":null}},{"type":"Feature","geometry":{"type":"Point","coordinates":[28.846935,40.998902]},"properties":{"osm_id":"node/12861080295","kategori":"trafik_isigi","ad":null}},{"type":"Feature","geometry":{"type":"Point","coordinates":[28.847133,40.998924]},"properties":{"osm_id":"node/12861080296","kategori":"trafik_isigi","ad":null}},{"type":"Feature","geometry":{"type":"Point","coordinates":[28.847227,40.999141]},"properties":{"osm_id":"node/12861080297","kategori":"trafik_isigi","ad":null}},{"type":"Feature","geometry":{"type":"Point","coordinates":[28.847239,40.999051]},"properties":{"osm_id":"node/12861080298","kategori":"trafik_isigi","ad":null}},{"type":"Feature","geometry":{"type":"Point","coordinates":[28.846855,40.999013]},"properties":{"osm_id":"node/12861080299","kategori":"trafik_isigi","ad":null}},{"type":"Feature","geometry":{"type":"Point","coordinates":[29.168348,41.018467]},"properties":{"osm_id":"node/12861095624","kategori":"trafik_isigi","ad":null}},{"type":"Feature","geometry":{"type":"Point","coordinates":[29.216397,41.004533]},"properties":{"osm_id":"node/12878646474","kategori":"trafik_isigi","ad":null}},{"type":"Feature","geometry":{"type":"Point","coordinates":[29.23332,40.981]},"properties":{"osm_id":"node/12878673409","kategori":"trafik_isigi","ad":null}},{"type":"Feature","geometry":{"type":"Point","coordinates":[29.233125,40.980967]},"properties":{"osm_id":"node/12878673410","kategori":"trafik_isigi","ad":null}},{"type":"Feature","geometry":{"type":"Point","coordinates":[29.216835,41.00334]},"properties":{"osm_id":"node/12878673411","kategori":"trafik_isigi","ad":null}},{"type":"Feature","geometry":{"type":"Point","coordinates":[29.015783,41.025941]},"properties":{"osm_id":"node/12891062496","kategori":"trafik_isigi","ad":null}},{"type":"Feature","geometry":{"type":"Point","coordinates":[29.015449,41.025954]},"properties":{"osm_id":"node/12891062497","kategori":"trafik_isigi","ad":null}},{"type":"Feature","geometry":{"type":"Point","coordinates":[29.077571,41.022874]},"properties":{"osm_id":"node/12891081560","kategori":"trafik_isigi","ad":null}},{"type":"Feature","geometry":{"type":"Point","coordinates":[29.077663,41.022786]},"properties":{"osm_id":"node/12891081564","kategori":"trafik_isigi","ad":null}},{"type":"Feature","geometry":{"type":"Point","coordinates":[29.167896,41.018569]},"properties":{"osm_id":"node/12891081624","kategori":"trafik_isigi","ad":null}},{"type":"Feature","geometry":{"type":"Point","coordinates":[28.773669,41.044675]},"properties":{"osm_id":"node/12913153449","kategori":"trafik_isigi","ad":null}},{"type":"Feature","geometry":{"type":"Point","coordinates":[29.231578,41.008886]},"properties":{"osm_id":"node/12947327283","kategori":"trafik_isigi","ad":null}},{"type":"Feature","geometry":{"type":"Point","coordinates":[29.306216,40.940863]},"properties":{"osm_id":"node/12960566087","kategori":"trafik_isigi","ad":null}},{"type":"Feature","geometry":{"type":"Point","coordinates":[28.803241,41.001282]},"properties":{"osm_id":"node/12962078612","kategori":"trafik_isigi","ad":null}},{"type":"Feature","geometry":{"type":"Point","coordinates":[28.803082,41.001447]},"properties":{"osm_id":"node/12962078613","kategori":"trafik_isigi","ad":null}},{"type":"Feature","geometry":{"type":"Point","coordinates":[28.847345,41.000582]},"properties":{"osm_id":"node/12962153417","kategori":"trafik_isigi","ad":null}},{"type":"Feature","geometry":{"type":"Point","coordinates":[29.56842,41.162637]},"properties":{"osm_id":"node/12965565909","kategori":"trafik_isigi","ad":null}},{"type":"Feature","geometry":{"type":"Point","coordinates":[29.568784,41.162819]},"properties":{"osm_id":"node/12965565910","kategori":"trafik_isigi","ad":null}},{"type":"Feature","geometry":{"type":"Point","coordinates":[29.569046,41.162661]},"properties":{"osm_id":"node/12965565911","kategori":"trafik_isigi","ad":null}},{"type":"Feature","geometry":{"type":"Point","coordinates":[29.568932,41.162668]},"properties":{"osm_id":"node/12965565912","kategori":"trafik_isigi","ad":null}},{"type":"Feature","geometry":{"type":"Point","coordinates":[29.568742,41.162447]},"properties":{"osm_id":"node/12965565913","kategori":"trafik_isigi","ad":null}},{"type":"Feature","geometry":{"type":"Point","coordinates":[28.808215,41.00698]},"properties":{"osm_id":"node/12971722268","kategori":"trafik_isigi","ad":null}},{"type":"Feature","geometry":{"type":"Point","coordinates":[29.000972,41.049901]},"properties":{"osm_id":"node/12971727373","kategori":"trafik_isigi","ad":null}},{"type":"Feature","geometry":{"type":"Point","coordinates":[29.002667,41.050838]},"properties":{"osm_id":"node/12971727383","kategori":"trafik_isigi","ad":null}},{"type":"Feature","geometry":{"type":"Point","coordinates":[29.002927,41.051072]},"properties":{"osm_id":"node/12971727386","kategori":"trafik_isigi","ad":null}},{"type":"Feature","geometry":{"type":"Point","coordinates":[29.002433,41.051379]},"properties":{"osm_id":"node/12971727411","kategori":"trafik_isigi","ad":null}},{"type":"Feature","geometry":{"type":"Point","coordinates":[29.002326,41.051328]},"properties":{"osm_id":"node/12971727412","kategori":"trafik_isigi","ad":null}},{"type":"Feature","geometry":{"type":"Point","coordinates":[29.297277,40.831623]},"properties":{"osm_id":"node/12981689216","kategori":"trafik_isigi","ad":null}},{"type":"Feature","geometry":{"type":"Point","coordinates":[29.297479,40.831498]},"properties":{"osm_id":"node/12981689217","kategori":"trafik_isigi","ad":null}},{"type":"Feature","geometry":{"type":"Point","coordinates":[29.34486,40.880697]},"properties":{"osm_id":"node/13001712479","kategori":"trafik_isigi","ad":null}},{"type":"Feature","geometry":{"type":"Point","coordinates":[28.985558,41.016207]},"properties":{"osm_id":"node/13004337896","kategori":"trafik_isigi","ad":null}},{"type":"Feature","geometry":{"type":"Point","coordinates":[28.977007,41.023853]},"properties":{"osm_id":"node/13004337898","kategori":"trafik_isigi","ad":null}},{"type":"Feature","geometry":{"type":"Point","coordinates":[28.6477,41.051888]},"properties":{"osm_id":"node/13009709869","kategori":"trafik_isigi","ad":null}},{"type":"Feature","geometry":{"type":"Point","coordinates":[29.327123,40.825181]},"properties":{"osm_id":"node/13009787829","kategori":"trafik_isigi","ad":null}},{"type":"Feature","geometry":{"type":"Point","coordinates":[29.32706,40.825187]},"properties":{"osm_id":"node/13009787839","kategori":"trafik_isigi","ad":null}},{"type":"Feature","geometry":{"type":"Point","coordinates":[29.314202,40.853986]},"properties":{"osm_id":"node/13011783420","kategori":"trafik_isigi","ad":null}},{"type":"Feature","geometry":{"type":"Point","coordinates":[29.314481,40.854064]},"properties":{"osm_id":"node/13011783435","kategori":"trafik_isigi","ad":null}},{"type":"Feature","geometry":{"type":"Point","coordinates":[29.314336,40.854223]},"properties":{"osm_id":"node/13011783456","kategori":"trafik_isigi","ad":null}},{"type":"Feature","geometry":{"type":"Point","coordinates":[29.3141,40.854206]},"properties":{"osm_id":"node/13011783457","kategori":"trafik_isigi","ad":null}},{"type":"Feature","geometry":{"type":"Point","coordinates":[29.115078,40.992722]},"properties":{"osm_id":"node/13021107784","kategori":"trafik_isigi","ad":null}},{"type":"Feature","geometry":{"type":"Point","coordinates":[28.970883,41.076407]},"properties":{"osm_id":"node/13043116619","kategori":"trafik_isigi","ad":null}},{"type":"Feature","geometry":{"type":"Point","coordinates":[28.971103,41.076315]},"properties":{"osm_id":"node/13043116630","kategori":"trafik_isigi","ad":null}},{"type":"Feature","geometry":{"type":"Point","coordinates":[28.881011,41.011196]},"properties":{"osm_id":"node/13054591972","kategori":"trafik_isigi","ad":null}},{"type":"Feature","geometry":{"type":"Point","coordinates":[28.909975,41.013078]},"properties":{"osm_id":"node/13055137597","kategori":"trafik_isigi","ad":null}},{"type":"Feature","geometry":{"type":"Point","coordinates":[29.056444,40.967288]},"properties":{"osm_id":"node/13058045842","kategori":"trafik_isigi","ad":null}},{"type":"Feature","geometry":{"type":"Point","coordinates":[29.069576,40.962515]},"properties":{"osm_id":"node/13058087532","kategori":"trafik_isigi","ad":null}},{"type":"Feature","geometry":{"type":"Point","coordinates":[28.849192,41.046814]},"properties":{"osm_id":"node/13059679131","kategori":"trafik_isigi","ad":null}},{"type":"Feature","geometry":{"type":"Point","coordinates":[28.849068,41.046941]},"properties":{"osm_id":"node/13059679152","kategori":"trafik_isigi","ad":null}},{"type":"Feature","geometry":{"type":"Point","coordinates":[28.848848,41.048532]},"properties":{"osm_id":"node/13059679178","kategori":"trafik_isigi","ad":null}},{"type":"Feature","geometry":{"type":"Point","coordinates":[28.848705,41.048462]},"properties":{"osm_id":"node/13059679179","kategori":"trafik_isigi","ad":null}},{"type":"Feature","geometry":{"type":"Point","coordinates":[28.876556,41.031755]},"properties":{"osm_id":"node/13059962526","kategori":"trafik_isigi","ad":null}},{"type":"Feature","geometry":{"type":"Point","coordinates":[28.876359,41.032036]},"properties":{"osm_id":"node/13059962527","kategori":"trafik_isigi","ad":null}},{"type":"Feature","geometry":{"type":"Point","coordinates":[28.876634,41.031964]},"properties":{"osm_id":"node/13059962528","kategori":"trafik_isigi","ad":null}},{"type":"Feature","geometry":{"type":"Point","coordinates":[28.877898,41.028037]},"properties":{"osm_id":"node/13059962533","kategori":"trafik_isigi","ad":null}},{"type":"Feature","geometry":{"type":"Point","coordinates":[28.878178,41.027763]},"properties":{"osm_id":"node/13059962534","kategori":"trafik_isigi","ad":null}},{"type":"Feature","geometry":{"type":"Point","coordinates":[28.884131,41.025808]},"properties":{"osm_id":"node/13061015319","kategori":"trafik_isigi","ad":null}},{"type":"Feature","geometry":{"type":"Point","coordinates":[28.885505,41.022697]},"properties":{"osm_id":"node/13061015322","kategori":"trafik_isigi","ad":null}},{"type":"Feature","geometry":{"type":"Point","coordinates":[28.885317,41.022755]},"properties":{"osm_id":"node/13061015323","kategori":"trafik_isigi","ad":null}},{"type":"Feature","geometry":{"type":"Point","coordinates":[28.883437,41.033649]},"properties":{"osm_id":"node/13061015360","kategori":"trafik_isigi","ad":null}},{"type":"Feature","geometry":{"type":"Point","coordinates":[28.883687,41.033616]},"properties":{"osm_id":"node/13061015364","kategori":"trafik_isigi","ad":null}},{"type":"Feature","geometry":{"type":"Point","coordinates":[28.883718,41.033773]},"properties":{"osm_id":"node/13061015369","kategori":"trafik_isigi","ad":null}},{"type":"Feature","geometry":{"type":"Point","coordinates":[29.075661,40.957479]},"properties":{"osm_id":"node/13064167586","kategori":"trafik_isigi","ad":null}},{"type":"Feature","geometry":{"type":"Point","coordinates":[28.853825,40.995602]},"properties":{"osm_id":"node/13064443805","kategori":"trafik_isigi","ad":null}},{"type":"Feature","geometry":{"type":"Point","coordinates":[28.85379,40.99547]},"properties":{"osm_id":"node/13064443806","kategori":"trafik_isigi","ad":null}},{"type":"Feature","geometry":{"type":"Point","coordinates":[28.852119,40.99402]},"properties":{"osm_id":"node/13064443816","kategori":"trafik_isigi","ad":null}},{"type":"Feature","geometry":{"type":"Point","coordinates":[28.858263,40.998872]},"properties":{"osm_id":"node/13064443944","kategori":"trafik_isigi","ad":null}},{"type":"Feature","geometry":{"type":"Point","coordinates":[28.858947,40.999133]},"properties":{"osm_id":"node/13064443945","kategori":"trafik_isigi","ad":null}},{"type":"Feature","geometry":{"type":"Point","coordinates":[28.858918,40.999267]},"properties":{"osm_id":"node/13064443946","kategori":"trafik_isigi","ad":null}},{"type":"Feature","geometry":{"type":"Point","coordinates":[28.864043,41.008435]},"properties":{"osm_id":"node/13064498334","kategori":"trafik_isigi","ad":null}},{"type":"Feature","geometry":{"type":"Point","coordinates":[28.799612,41.105018]},"properties":{"osm_id":"node/13078718809","kategori":"trafik_isigi","ad":null}},{"type":"Feature","geometry":{"type":"Point","coordinates":[28.812262,41.090474]},"properties":{"osm_id":"node/13081569192","kategori":"trafik_isigi","ad":null}},{"type":"Feature","geometry":{"type":"Point","coordinates":[28.812195,41.090308]},"properties":{"osm_id":"node/13081569193","kategori":"trafik_isigi","ad":null}},{"type":"Feature","geometry":{"type":"Point","coordinates":[28.811984,41.087119]},"properties":{"osm_id":"node/13081569194","kategori":"trafik_isigi","ad":null}},{"type":"Feature","geometry":{"type":"Point","coordinates":[28.811944,41.087318]},"properties":{"osm_id":"node/13081569195","kategori":"trafik_isigi","ad":null}},{"type":"Feature","geometry":{"type":"Point","coordinates":[28.812096,41.087201]},"properties":{"osm_id":"node/13081569196","kategori":"trafik_isigi","ad":null}},{"type":"Feature","geometry":{"type":"Point","coordinates":[28.79981,41.10423]},"properties":{"osm_id":"node/13081570623","kategori":"trafik_isigi","ad":null}},{"type":"Feature","geometry":{"type":"Point","coordinates":[28.799986,41.104244]},"properties":{"osm_id":"node/13081570624","kategori":"trafik_isigi","ad":null}},{"type":"Feature","geometry":{"type":"Point","coordinates":[28.800002,41.104152]},"properties":{"osm_id":"node/13081570625","kategori":"trafik_isigi","ad":null}},{"type":"Feature","geometry":{"type":"Point","coordinates":[28.799723,41.104216]},"properties":{"osm_id":"node/13081570626","kategori":"trafik_isigi","ad":null}},{"type":"Feature","geometry":{"type":"Point","coordinates":[28.799933,41.104033]},"properties":{"osm_id":"node/13081570627","kategori":"trafik_isigi","ad":null}},{"type":"Feature","geometry":{"type":"Point","coordinates":[28.801547,41.097373]},"properties":{"osm_id":"node/13081570634","kategori":"trafik_isigi","ad":null}},{"type":"Feature","geometry":{"type":"Point","coordinates":[28.801371,41.097656]},"properties":{"osm_id":"node/13081570635","kategori":"trafik_isigi","ad":null}},{"type":"Feature","geometry":{"type":"Point","coordinates":[28.804928,41.083935]},"properties":{"osm_id":"node/13081570687","kategori":"trafik_isigi","ad":null}},{"type":"Feature","geometry":{"type":"Point","coordinates":[28.793355,41.094752]},"properties":{"osm_id":"node/13081570735","kategori":"trafik_isigi","ad":null}},{"type":"Feature","geometry":{"type":"Point","coordinates":[28.794401,41.091874]},"properties":{"osm_id":"node/13081570742","kategori":"trafik_isigi","ad":null}},{"type":"Feature","geometry":{"type":"Point","coordinates":[28.720182,40.992669]},"properties":{"osm_id":"node/13092559073","kategori":"trafik_isigi","ad":null}},{"type":"Feature","geometry":{"type":"Point","coordinates":[28.720361,40.992437]},"properties":{"osm_id":"node/13092559074","kategori":"trafik_isigi","ad":null}},{"type":"Feature","geometry":{"type":"Point","coordinates":[29.068392,40.963455]},"properties":{"osm_id":"node/13100623103","kategori":"trafik_isigi","ad":null}},{"type":"Feature","geometry":{"type":"Point","coordinates":[29.068271,40.9634]},"properties":{"osm_id":"node/13100623104","kategori":"trafik_isigi","ad":null}},{"type":"Feature","geometry":{"type":"Point","coordinates":[29.128885,40.986556]},"properties":{"osm_id":"node/13103460592","kategori":"trafik_isigi","ad":null}},{"type":"Feature","geometry":{"type":"Point","coordinates":[28.634355,41.104526]},"properties":{"osm_id":"node/13110488312","kategori":"trafik_isigi","ad":null}},{"type":"Feature","geometry":{"type":"Point","coordinates":[28.634581,41.104757]},"properties":{"osm_id":"node/13110488324","kategori":"trafik_isigi","ad":null}},{"type":"Feature","geometry":{"type":"Point","coordinates":[28.81753,41.03094]},"properties":{"osm_id":"node/13122736909","kategori":"trafik_isigi","ad":null}},{"type":"Feature","geometry":{"type":"Point","coordinates":[28.820332,41.031567]},"properties":{"osm_id":"node/13122736946","kategori":"trafik_isigi","ad":null}},{"type":"Feature","geometry":{"type":"Point","coordinates":[28.820391,41.031567]},"properties":{"osm_id":"node/13122736947","kategori":"trafik_isigi","ad":null}},{"type":"Feature","geometry":{"type":"Point","coordinates":[29.207157,40.887533]},"properties":{"osm_id":"node/13142689395","kategori":"trafik_isigi","ad":null}},{"type":"Feature","geometry":{"type":"Point","coordinates":[29.292922,40.852038]},"properties":{"osm_id":"node/13158426512","kategori":"trafik_isigi","ad":null}},{"type":"Feature","geometry":{"type":"Point","coordinates":[29.288649,40.855993]},"properties":{"osm_id":"node/13158426513","kategori":"trafik_isigi","ad":null}},{"type":"Feature","geometry":{"type":"Point","coordinates":[29.294233,40.848437]},"properties":{"osm_id":"node/13158426515","kategori":"trafik_isigi","ad":null}},{"type":"Feature","geometry":{"type":"Point","coordinates":[29.29409,40.848658]},"properties":{"osm_id":"node/13158426517","kategori":"trafik_isigi","ad":null}},{"type":"Feature","geometry":{"type":"Point","coordinates":[29.294469,40.848514]},"properties":{"osm_id":"node/13158426518","kategori":"trafik_isigi","ad":null}},{"type":"Feature","geometry":{"type":"Point","coordinates":[29.294343,40.848726]},"properties":{"osm_id":"node/13158426519","kategori":"trafik_isigi","ad":null}},{"type":"Feature","geometry":{"type":"Point","coordinates":[29.307239,40.827727]},"properties":{"osm_id":"node/13158426520","kategori":"trafik_isigi","ad":null}},{"type":"Feature","geometry":{"type":"Point","coordinates":[29.293553,40.845668]},"properties":{"osm_id":"node/13158426523","kategori":"trafik_isigi","ad":null}},{"type":"Feature","geometry":{"type":"Point","coordinates":[29.288482,40.856124]},"properties":{"osm_id":"node/13158426524","kategori":"trafik_isigi","ad":null}},{"type":"Feature","geometry":{"type":"Point","coordinates":[29.276923,40.85666]},"properties":{"osm_id":"node/13158426525","kategori":"trafik_isigi","ad":null}},{"type":"Feature","geometry":{"type":"Point","coordinates":[29.274025,40.857686]},"properties":{"osm_id":"node/13158426526","kategori":"trafik_isigi","ad":null}},{"type":"Feature","geometry":{"type":"Point","coordinates":[29.285361,40.855621]},"properties":{"osm_id":"node/13158426527","kategori":"trafik_isigi","ad":null}},{"type":"Feature","geometry":{"type":"Point","coordinates":[29.307384,40.827686]},"properties":{"osm_id":"node/13158426528","kategori":"trafik_isigi","ad":null}},{"type":"Feature","geometry":{"type":"Point","coordinates":[29.280276,40.856101]},"properties":{"osm_id":"node/13158426529","kategori":"trafik_isigi","ad":null}},{"type":"Feature","geometry":{"type":"Point","coordinates":[29.276847,40.856761]},"properties":{"osm_id":"node/13158426532","kategori":"trafik_isigi","ad":null}},{"type":"Feature","geometry":{"type":"Point","coordinates":[29.296856,40.846397]},"properties":{"osm_id":"node/13158426536","kategori":"trafik_isigi","ad":null}},{"type":"Feature","geometry":{"type":"Point","coordinates":[29.279915,40.856248]},"properties":{"osm_id":"node/13158426538","kategori":"trafik_isigi","ad":null}},{"type":"Feature","geometry":{"type":"Point","coordinates":[29.294122,40.850505]},"properties":{"osm_id":"node/13158426540","kategori":"trafik_isigi","ad":null}},{"type":"Feature","geometry":{"type":"Point","coordinates":[29.296575,40.846545]},"properties":{"osm_id":"node/13158426542","kategori":"trafik_isigi","ad":null}},{"type":"Feature","geometry":{"type":"Point","coordinates":[29.27374,40.857807]},"properties":{"osm_id":"node/13158426543","kategori":"trafik_isigi","ad":null}},{"type":"Feature","geometry":{"type":"Point","coordinates":[29.29442,40.850267]},"properties":{"osm_id":"node/13158426544","kategori":"trafik_isigi","ad":null}},{"type":"Feature","geometry":{"type":"Point","coordinates":[29.296879,40.846449]},"properties":{"osm_id":"node/13158426545","kategori":"trafik_isigi","ad":null}},{"type":"Feature","geometry":{"type":"Point","coordinates":[29.306251,40.833997]},"properties":{"osm_id":"node/13158426546","kategori":"trafik_isigi","ad":null}},{"type":"Feature","geometry":{"type":"Point","coordinates":[29.293112,40.851942]},"properties":{"osm_id":"node/13158426547","kategori":"trafik_isigi","ad":null}},{"type":"Feature","geometry":{"type":"Point","coordinates":[29.285297,40.855533]},"properties":{"osm_id":"node/13158426550","kategori":"trafik_isigi","ad":null}},{"type":"Feature","geometry":{"type":"Point","coordinates":[29.293465,40.845799]},"properties":{"osm_id":"node/13158426552","kategori":"trafik_isigi","ad":null}},{"type":"Feature","geometry":{"type":"Point","coordinates":[29.280399,40.856234]},"properties":{"osm_id":"node/13158426553","kategori":"trafik_isigi","ad":null}},{"type":"Feature","geometry":{"type":"Point","coordinates":[29.2967,40.846318]},"properties":{"osm_id":"node/13158426554","kategori":"trafik_isigi","ad":null}},{"type":"Feature","geometry":{"type":"Point","coordinates":[29.276646,40.856612]},"properties":{"osm_id":"node/13158426556","kategori":"trafik_isigi","ad":null}},{"type":"Feature","geometry":{"type":"Point","coordinates":[29.071594,40.960571]},"properties":{"osm_id":"node/13183662295","kategori":"trafik_isigi","ad":null}},{"type":"Feature","geometry":{"type":"Point","coordinates":[29.359846,40.923791]},"properties":{"osm_id":"node/13240948785","kategori":"trafik_isigi","ad":null}},{"type":"Feature","geometry":{"type":"Point","coordinates":[29.35963,40.923963]},"properties":{"osm_id":"node/13240948786","kategori":"trafik_isigi","ad":null}},{"type":"Feature","geometry":{"type":"Point","coordinates":[29.359596,40.923765]},"properties":{"osm_id":"node/13240948787","kategori":"trafik_isigi","ad":null}},{"type":"Feature","geometry":{"type":"Point","coordinates":[29.207253,40.88755]},"properties":{"osm_id":"node/13284035079","kategori":"trafik_isigi","ad":null}},{"type":"Feature","geometry":{"type":"Point","coordinates":[28.78598,41.015468]},"properties":{"osm_id":"node/13287988246","kategori":"trafik_isigi","ad":null}},{"type":"Feature","geometry":{"type":"Point","coordinates":[28.785813,41.015181]},"properties":{"osm_id":"node/13287988251","kategori":"trafik_isigi","ad":null}},{"type":"Feature","geometry":{"type":"Point","coordinates":[28.805901,40.967028]},"properties":{"osm_id":"node/13288785245","kategori":"trafik_isigi","ad":null}},{"type":"Feature","geometry":{"type":"Point","coordinates":[29.209198,41.011241]},"properties":{"osm_id":"node/13288979762","kategori":"trafik_isigi","ad":null}},{"type":"Feature","geometry":{"type":"Point","coordinates":[28.849293,41.043455]},"properties":{"osm_id":"node/13290751234","kategori":"trafik_isigi","ad":null}},{"type":"Feature","geometry":{"type":"Point","coordinates":[28.848855,41.04353]},"properties":{"osm_id":"node/13290751241","kategori":"trafik_isigi","ad":null}},{"type":"Feature","geometry":{"type":"Point","coordinates":[28.848929,41.042988]},"properties":{"osm_id":"node/13290751242","kategori":"trafik_isigi","ad":null}},{"type":"Feature","geometry":{"type":"Point","coordinates":[28.8489,41.043057]},"properties":{"osm_id":"node/13290751243","kategori":"trafik_isigi","ad":null}},{"type":"Feature","geometry":{"type":"Point","coordinates":[28.849473,41.04306]},"properties":{"osm_id":"node/13290751244","kategori":"trafik_isigi","ad":null}},{"type":"Feature","geometry":{"type":"Point","coordinates":[28.849548,41.043023]},"properties":{"osm_id":"node/13290751245","kategori":"trafik_isigi","ad":null}},{"type":"Feature","geometry":{"type":"Point","coordinates":[29.126743,40.978927]},"properties":{"osm_id":"node/13305171280","kategori":"trafik_isigi","ad":null}},{"type":"Feature","geometry":{"type":"Point","coordinates":[28.712749,41.07803]},"properties":{"osm_id":"node/13328532185","kategori":"trafik_isigi","ad":null}},{"type":"Feature","geometry":{"type":"Point","coordinates":[28.71264,41.078015]},"properties":{"osm_id":"node/13328536568","kategori":"trafik_isigi","ad":null}},{"type":"Feature","geometry":{"type":"Point","coordinates":[28.71267,41.07786]},"properties":{"osm_id":"node/13328536569","kategori":"trafik_isigi","ad":null}},{"type":"Feature","geometry":{"type":"Point","coordinates":[28.708968,41.076473]},"properties":{"osm_id":"node/13328536614","kategori":"trafik_isigi","ad":null}},{"type":"Feature","geometry":{"type":"Point","coordinates":[28.709051,41.076063]},"properties":{"osm_id":"node/13328536615","kategori":"trafik_isigi","ad":null}},{"type":"Feature","geometry":{"type":"Point","coordinates":[28.708773,41.076194]},"properties":{"osm_id":"node/13328536616","kategori":"trafik_isigi","ad":null}},{"type":"Feature","geometry":{"type":"Point","coordinates":[28.709272,41.076421]},"properties":{"osm_id":"node/13328536617","kategori":"trafik_isigi","ad":null}},{"type":"Feature","geometry":{"type":"Point","coordinates":[28.710842,41.067781]},"properties":{"osm_id":"node/13328536887","kategori":"trafik_isigi","ad":null}},{"type":"Feature","geometry":{"type":"Point","coordinates":[28.797065,40.986642]},"properties":{"osm_id":"node/13341096913","kategori":"trafik_isigi","ad":null}},{"type":"Feature","geometry":{"type":"Point","coordinates":[28.987243,41.065161]},"properties":{"osm_id":"node/13347838589","kategori":"trafik_isigi","ad":null}},{"type":"Feature","geometry":{"type":"Point","coordinates":[28.988286,41.067597]},"properties":{"osm_id":"node/13347838595","kategori":"trafik_isigi","ad":null}},{"type":"Feature","geometry":{"type":"Point","coordinates":[28.988363,41.067597]},"properties":{"osm_id":"node/13347838596","kategori":"trafik_isigi","ad":null}},{"type":"Feature","geometry":{"type":"Point","coordinates":[29.086907,40.979656]},"properties":{"osm_id":"node/13350631651","kategori":"trafik_isigi","ad":null}},{"type":"Feature","geometry":{"type":"Point","coordinates":[29.086834,40.979844]},"properties":{"osm_id":"node/13350631652","kategori":"trafik_isigi","ad":null}},{"type":"Feature","geometry":{"type":"Point","coordinates":[28.984682,41.016627]},"properties":{"osm_id":"node/13357454605","kategori":"trafik_isigi","ad":null}},{"type":"Feature","geometry":{"type":"Point","coordinates":[28.988374,41.078461]},"properties":{"osm_id":"node/13370072215","kategori":"trafik_isigi","ad":null}},{"type":"Feature","geometry":{"type":"Point","coordinates":[28.983708,41.052966]},"properties":{"osm_id":"node/13370639875","kategori":"trafik_isigi","ad":null}},{"type":"Feature","geometry":{"type":"Point","coordinates":[28.983907,41.052984]},"properties":{"osm_id":"node/13370639876","kategori":"trafik_isigi","ad":null}},{"type":"Feature","geometry":{"type":"Point","coordinates":[28.997358,41.056371]},"properties":{"osm_id":"node/13375965746","kategori":"trafik_isigi","ad":null}},{"type":"Feature","geometry":{"type":"Point","coordinates":[28.997057,41.056401]},"properties":{"osm_id":"node/13375965747","kategori":"trafik_isigi","ad":null}},{"type":"Feature","geometry":{"type":"Point","coordinates":[28.997079,41.056454]},"properties":{"osm_id":"node/13375965748","kategori":"trafik_isigi","ad":null}},{"type":"Feature","geometry":{"type":"Point","coordinates":[28.997145,41.056502]},"properties":{"osm_id":"node/13375965751","kategori":"trafik_isigi","ad":null}},{"type":"Feature","geometry":{"type":"Point","coordinates":[28.997222,41.056478]},"properties":{"osm_id":"node/13375965752","kategori":"trafik_isigi","ad":null}},{"type":"Feature","geometry":{"type":"Point","coordinates":[28.998806,41.055633]},"properties":{"osm_id":"node/13375965754","kategori":"trafik_isigi","ad":null}},{"type":"Feature","geometry":{"type":"Point","coordinates":[28.998743,41.055633]},"properties":{"osm_id":"node/13375965756","kategori":"trafik_isigi","ad":null}},{"type":"Feature","geometry":{"type":"Point","coordinates":[28.998666,41.055589]},"properties":{"osm_id":"node/13375965757","kategori":"trafik_isigi","ad":null}},{"type":"Feature","geometry":{"type":"Point","coordinates":[28.99969,41.053912]},"properties":{"osm_id":"node/13375965761","kategori":"trafik_isigi","ad":null}},{"type":"Feature","geometry":{"type":"Point","coordinates":[28.999659,41.053739]},"properties":{"osm_id":"node/13375965766","kategori":"trafik_isigi","ad":null}},{"type":"Feature","geometry":{"type":"Point","coordinates":[29.002982,41.050991]},"properties":{"osm_id":"node/13375965787","kategori":"trafik_isigi","ad":null}},{"type":"Feature","geometry":{"type":"Point","coordinates":[28.882772,41.090882]},"properties":{"osm_id":"node/13376307233","kategori":"trafik_isigi","ad":null}},{"type":"Feature","geometry":{"type":"Point","coordinates":[28.948556,41.083821]},"properties":{"osm_id":"node/13378101581","kategori":"trafik_isigi","ad":null}},{"type":"Feature","geometry":{"type":"Point","coordinates":[28.824804,41.064096]},"properties":{"osm_id":"node/13380979255","kategori":"trafik_isigi","ad":null}},{"type":"Feature","geometry":{"type":"Point","coordinates":[29.063022,40.969799]},"properties":{"osm_id":"node/13385631876","kategori":"trafik_isigi","ad":null}},{"type":"Feature","geometry":{"type":"Point","coordinates":[29.003092,41.066586]},"properties":{"osm_id":"node/13386876680","kategori":"trafik_isigi","ad":null}},{"type":"Feature","geometry":{"type":"Point","coordinates":[29.000818,41.066438]},"properties":{"osm_id":"node/13386876695","kategori":"trafik_isigi","ad":null}},{"type":"Feature","geometry":{"type":"Point","coordinates":[29.000814,41.06657]},"properties":{"osm_id":"node/13386876696","kategori":"trafik_isigi","ad":null}},{"type":"Feature","geometry":{"type":"Point","coordinates":[29.009504,41.068336]},"properties":{"osm_id":"node/13386877403","kategori":"trafik_isigi","ad":null}},{"type":"Feature","geometry":{"type":"Point","coordinates":[29.000277,41.045697]},"properties":{"osm_id":"node/13387187766","kategori":"trafik_isigi","ad":null}},{"type":"Feature","geometry":{"type":"Point","coordinates":[29.000256,41.045761]},"properties":{"osm_id":"node/13387187767","kategori":"trafik_isigi","ad":null}},{"type":"Feature","geometry":{"type":"Point","coordinates":[28.772427,41.123061]},"properties":{"osm_id":"node/13388352709","kategori":"trafik_isigi","ad":null}},{"type":"Feature","geometry":{"type":"Point","coordinates":[28.772671,41.123116]},"properties":{"osm_id":"node/13388352719","kategori":"trafik_isigi","ad":null}},{"type":"Feature","geometry":{"type":"Point","coordinates":[28.709014,41.064692]},"properties":{"osm_id":"node/13395046746","kategori":"trafik_isigi","ad":null}},{"type":"Feature","geometry":{"type":"Point","coordinates":[28.709226,41.064917]},"properties":{"osm_id":"node/13395046747","kategori":"trafik_isigi","ad":null}},{"type":"Feature","geometry":{"type":"Point","coordinates":[28.478767,41.127054]},"properties":{"osm_id":"node/13397589096","kategori":"trafik_isigi","ad":null}},{"type":"Feature","geometry":{"type":"Point","coordinates":[28.479025,41.126759]},"properties":{"osm_id":"node/13397589099","kategori":"trafik_isigi","ad":null}},{"type":"Feature","geometry":{"type":"Point","coordinates":[28.47885,41.126996]},"properties":{"osm_id":"node/13397612416","kategori":"trafik_isigi","ad":null}},{"type":"Feature","geometry":{"type":"Point","coordinates":[28.478652,41.126874]},"properties":{"osm_id":"node/13397612417","kategori":"trafik_isigi","ad":null}},{"type":"Feature","geometry":{"type":"Point","coordinates":[28.998163,41.056053]},"properties":{"osm_id":"node/13398863508","kategori":"trafik_isigi","ad":null}},{"type":"Feature","geometry":{"type":"Point","coordinates":[28.997995,41.056064]},"properties":{"osm_id":"node/13398863510","kategori":"trafik_isigi","ad":null}},{"type":"Feature","geometry":{"type":"Point","coordinates":[28.998035,41.055954]},"properties":{"osm_id":"node/13398863511","kategori":"trafik_isigi","ad":null}},{"type":"Feature","geometry":{"type":"Point","coordinates":[28.990255,41.05264]},"properties":{"osm_id":"node/13398908797","kategori":"trafik_isigi","ad":null}},{"type":"Feature","geometry":{"type":"Point","coordinates":[28.990255,41.052722]},"properties":{"osm_id":"node/13398908798","kategori":"trafik_isigi","ad":null}},{"type":"Feature","geometry":{"type":"Point","coordinates":[28.99666,41.096365]},"properties":{"osm_id":"node/13399052928","kategori":"trafik_isigi","ad":null}},{"type":"Feature","geometry":{"type":"Point","coordinates":[28.996626,41.096234]},"properties":{"osm_id":"node/13399052929","kategori":"trafik_isigi","ad":null}},{"type":"Feature","geometry":{"type":"Point","coordinates":[28.735008,40.98112]},"properties":{"osm_id":"node/13408820407","kategori":"trafik_isigi","ad":null}},{"type":"Feature","geometry":{"type":"Point","coordinates":[29.04832,40.985796]},"properties":{"osm_id":"node/13413501828","kategori":"trafik_isigi","ad":null}},{"type":"Feature","geometry":{"type":"Point","coordinates":[29.04346,41.084898]},"properties":{"osm_id":"node/13413611472","kategori":"trafik_isigi","ad":null}},{"type":"Feature","geometry":{"type":"Point","coordinates":[29.043824,41.085]},"properties":{"osm_id":"node/13413611473","kategori":"trafik_isigi","ad":null}},{"type":"Feature","geometry":{"type":"Point","coordinates":[29.043687,41.08506]},"properties":{"osm_id":"node/13413611474","kategori":"trafik_isigi","ad":null}},{"type":"Feature","geometry":{"type":"Point","coordinates":[29.045844,41.085347]},"properties":{"osm_id":"node/13413624719","kategori":"trafik_isigi","ad":null}},{"type":"Feature","geometry":{"type":"Point","coordinates":[29.036651,41.092223]},"properties":{"osm_id":"node/13413624901","kategori":"trafik_isigi","ad":null}},{"type":"Feature","geometry":{"type":"Point","coordinates":[29.036299,41.092252]},"properties":{"osm_id":"node/13413624902","kategori":"trafik_isigi","ad":null}},{"type":"Feature","geometry":{"type":"Point","coordinates":[28.67207,40.981648]},"properties":{"osm_id":"node/13427220705","kategori":"trafik_isigi","ad":null}},{"type":"Feature","geometry":{"type":"Point","coordinates":[28.671688,40.981768]},"properties":{"osm_id":"node/13427220711","kategori":"trafik_isigi","ad":null}},{"type":"Feature","geometry":{"type":"Point","coordinates":[28.67182,40.982085]},"properties":{"osm_id":"node/13427220712","kategori":"trafik_isigi","ad":null}},{"type":"Feature","geometry":{"type":"Point","coordinates":[28.672206,40.981945]},"properties":{"osm_id":"node/13427220713","kategori":"trafik_isigi","ad":null}},{"type":"Feature","geometry":{"type":"Point","coordinates":[28.675235,40.981923]},"properties":{"osm_id":"node/13427220742","kategori":"trafik_isigi","ad":null}},{"type":"Feature","geometry":{"type":"Point","coordinates":[28.675642,40.981972]},"properties":{"osm_id":"node/13427220743","kategori":"trafik_isigi","ad":null}},{"type":"Feature","geometry":{"type":"Point","coordinates":[28.698926,40.992486]},"properties":{"osm_id":"node/13427220818","kategori":"trafik_isigi","ad":null}},{"type":"Feature","geometry":{"type":"Point","coordinates":[28.9716,41.008428]},"properties":{"osm_id":"node/13431435309","kategori":"trafik_isigi","ad":null}},{"type":"Feature","geometry":{"type":"Point","coordinates":[28.97342,41.008335]},"properties":{"osm_id":"node/13431435315","kategori":"trafik_isigi","ad":null}},{"type":"Feature","geometry":{"type":"Point","coordinates":[28.973411,41.008246]},"properties":{"osm_id":"node/13431435316","kategori":"trafik_isigi","ad":null}},{"type":"Feature","geometry":{"type":"Point","coordinates":[28.973454,41.008271]},"properties":{"osm_id":"node/13431435317","kategori":"trafik_isigi","ad":null}},{"type":"Feature","geometry":{"type":"Point","coordinates":[28.972358,41.008283]},"properties":{"osm_id":"node/13431435336","kategori":"trafik_isigi","ad":null}},{"type":"Feature","geometry":{"type":"Point","coordinates":[28.972323,41.008338]},"properties":{"osm_id":"node/13431435337","kategori":"trafik_isigi","ad":null}},{"type":"Feature","geometry":{"type":"Point","coordinates":[28.978324,41.01187]},"properties":{"osm_id":"node/13433942487","kategori":"trafik_isigi","ad":null}},{"type":"Feature","geometry":{"type":"Point","coordinates":[28.978285,41.008033]},"properties":{"osm_id":"node/13433994403","kategori":"trafik_isigi","ad":null}},{"type":"Feature","geometry":{"type":"Point","coordinates":[28.975553,41.01489]},"properties":{"osm_id":"node/13433994427","kategori":"trafik_isigi","ad":null}},{"type":"Feature","geometry":{"type":"Point","coordinates":[28.976639,41.014133]},"properties":{"osm_id":"node/13433994442","kategori":"trafik_isigi","ad":null}},{"type":"Feature","geometry":{"type":"Point","coordinates":[28.622518,41.155719]},"properties":{"osm_id":"node/13446196582","kategori":"trafik_isigi","ad":null}},{"type":"Feature","geometry":{"type":"Point","coordinates":[28.622246,41.155683]},"properties":{"osm_id":"node/13446196583","kategori":"trafik_isigi","ad":null}},{"type":"Feature","geometry":{"type":"Point","coordinates":[28.618157,41.150894]},"properties":{"osm_id":"node/13446196718","kategori":"trafik_isigi","ad":null}},{"type":"Feature","geometry":{"type":"Point","coordinates":[28.618435,41.150984]},"properties":{"osm_id":"node/13446196725","kategori":"trafik_isigi","ad":null}},{"type":"Feature","geometry":{"type":"Point","coordinates":[28.617937,41.151319]},"properties":{"osm_id":"node/13446196726","kategori":"trafik_isigi","ad":null}},{"type":"Feature","geometry":{"type":"Point","coordinates":[28.623298,41.075221]},"properties":{"osm_id":"node/13446639984","kategori":"trafik_isigi","ad":null}},{"type":"Feature","geometry":{"type":"Point","coordinates":[28.969945,41.034697]},"properties":{"osm_id":"node/13448808387","kategori":"trafik_isigi","ad":null}},{"type":"Feature","geometry":{"type":"Point","coordinates":[28.734654,41.184142]},"properties":{"osm_id":"node/13450153867","kategori":"trafik_isigi","ad":null}},{"type":"Feature","geometry":{"type":"Point","coordinates":[29.006515,41.081966]},"properties":{"osm_id":"node/13461446175","kategori":"trafik_isigi","ad":null}},{"type":"Feature","geometry":{"type":"Point","coordinates":[29.006375,41.082082]},"properties":{"osm_id":"node/13461446177","kategori":"trafik_isigi","ad":null}},{"type":"Feature","geometry":{"type":"Point","coordinates":[29.014709,41.079596]},"properties":{"osm_id":"node/13462340821","kategori":"trafik_isigi","ad":null}},{"type":"Feature","geometry":{"type":"Point","coordinates":[29.014619,41.079846]},"properties":{"osm_id":"node/13462340824","kategori":"trafik_isigi","ad":null}},{"type":"Feature","geometry":{"type":"Point","coordinates":[29.014629,41.079555]},"properties":{"osm_id":"node/13462340825","kategori":"trafik_isigi","ad":null}},{"type":"Feature","geometry":{"type":"Point","coordinates":[28.901235,41.020792]},"properties":{"osm_id":"node/13464983080","kategori":"trafik_isigi","ad":null}},{"type":"Feature","geometry":{"type":"Point","coordinates":[28.901152,41.020697]},"properties":{"osm_id":"node/13464983084","kategori":"trafik_isigi","ad":null}},{"type":"Feature","geometry":{"type":"Point","coordinates":[28.901379,41.020774]},"properties":{"osm_id":"node/13464983085","kategori":"trafik_isigi","ad":null}},{"type":"Feature","geometry":{"type":"Point","coordinates":[29.03209,41.218089]},"properties":{"osm_id":"node/13465288475","kategori":"trafik_isigi","ad":null}},{"type":"Feature","geometry":{"type":"Point","coordinates":[29.031962,41.218112]},"properties":{"osm_id":"node/13465288476","kategori":"trafik_isigi","ad":null}},{"type":"Feature","geometry":{"type":"Point","coordinates":[28.951286,41.009319]},"properties":{"osm_id":"node/13478051080","kategori":"trafik_isigi","ad":null}},{"type":"Feature","geometry":{"type":"Point","coordinates":[29.244625,41.007382]},"properties":{"osm_id":"node/13482145933","kategori":"trafik_isigi","ad":null}},{"type":"Feature","geometry":{"type":"Point","coordinates":[29.245211,41.007364]},"properties":{"osm_id":"node/13482145934","kategori":"trafik_isigi","ad":null}},{"type":"Feature","geometry":{"type":"Point","coordinates":[29.248723,41.006717]},"properties":{"osm_id":"node/13482145935","kategori":"trafik_isigi","ad":null}},{"type":"Feature","geometry":{"type":"Point","coordinates":[29.248284,41.006717]},"properties":{"osm_id":"node/13482145936","kategori":"trafik_isigi","ad":null}},{"type":"Feature","geometry":{"type":"Point","coordinates":[29.251685,41.006065]},"properties":{"osm_id":"node/13482145937","kategori":"trafik_isigi","ad":null}},{"type":"Feature","geometry":{"type":"Point","coordinates":[29.252132,41.006084]},"properties":{"osm_id":"node/13482145938","kategori":"trafik_isigi","ad":null}},{"type":"Feature","geometry":{"type":"Point","coordinates":[29.253956,41.005639]},"properties":{"osm_id":"node/13482145939","kategori":"trafik_isigi","ad":null}},{"type":"Feature","geometry":{"type":"Point","coordinates":[29.254477,41.005644]},"properties":{"osm_id":"node/13482145940","kategori":"trafik_isigi","ad":null}},{"type":"Feature","geometry":{"type":"Point","coordinates":[29.254744,41.005475]},"properties":{"osm_id":"node/13482145941","kategori":"trafik_isigi","ad":null}},{"type":"Feature","geometry":{"type":"Point","coordinates":[29.254838,41.00537]},"properties":{"osm_id":"node/13482145942","kategori":"trafik_isigi","ad":null}},{"type":"Feature","geometry":{"type":"Point","coordinates":[29.255227,41.005483]},"properties":{"osm_id":"node/13482145943","kategori":"trafik_isigi","ad":null}},{"type":"Feature","geometry":{"type":"Point","coordinates":[28.63458,41.104239]},"properties":{"osm_id":"node/13520013270","kategori":"trafik_isigi","ad":null}},{"type":"Feature","geometry":{"type":"Point","coordinates":[28.634633,41.104615]},"properties":{"osm_id":"node/13520013271","kategori":"trafik_isigi","ad":null}},{"type":"Feature","geometry":{"type":"Point","coordinates":[28.628393,41.117877]},"properties":{"osm_id":"node/13520013272","kategori":"trafik_isigi","ad":null}},{"type":"Feature","geometry":{"type":"Point","coordinates":[28.628565,41.117846]},"properties":{"osm_id":"node/13520013273","kategori":"trafik_isigi","ad":null}},{"type":"Feature","geometry":{"type":"Point","coordinates":[28.625544,41.121457]},"properties":{"osm_id":"node/13520013286","kategori":"trafik_isigi","ad":null}},{"type":"Feature","geometry":{"type":"Point","coordinates":[28.625643,41.122414]},"properties":{"osm_id":"node/13520013288","kategori":"trafik_isigi","ad":null}},{"type":"Feature","geometry":{"type":"Point","coordinates":[28.945267,41.010248]},"properties":{"osm_id":"node/13530207309","kategori":"trafik_isigi","ad":null}},{"type":"Feature","geometry":{"type":"Point","coordinates":[28.939642,41.012108]},"properties":{"osm_id":"node/13530207316","kategori":"trafik_isigi","ad":null}},{"type":"Feature","geometry":{"type":"Point","coordinates":[28.945142,41.010438]},"properties":{"osm_id":"node/13530207317","kategori":"trafik_isigi","ad":null}},{"type":"Feature","geometry":{"type":"Point","coordinates":[28.945494,41.010393]},"properties":{"osm_id":"node/13530207318","kategori":"trafik_isigi","ad":null}},{"type":"Feature","geometry":{"type":"Point","coordinates":[28.95293,41.009565]},"properties":{"osm_id":"node/13530207341","kategori":"trafik_isigi","ad":null}},{"type":"Feature","geometry":{"type":"Point","coordinates":[28.953064,41.009546]},"properties":{"osm_id":"node/13530207346","kategori":"trafik_isigi","ad":null}},{"type":"Feature","geometry":{"type":"Point","coordinates":[28.95359,41.00961]},"properties":{"osm_id":"node/13530207348","kategori":"trafik_isigi","ad":null}},{"type":"Feature","geometry":{"type":"Point","coordinates":[28.668456,41.104277]},"properties":{"osm_id":"node/13532380780","kategori":"trafik_isigi","ad":null}},{"type":"Feature","geometry":{"type":"Point","coordinates":[28.667454,41.098312]},"properties":{"osm_id":"node/13532380786","kategori":"trafik_isigi","ad":null}},{"type":"Feature","geometry":{"type":"Point","coordinates":[29.111033,41.028956]},"properties":{"osm_id":"node/13539232306","kategori":"trafik_isigi","ad":null}},{"type":"Feature","geometry":{"type":"Point","coordinates":[29.111039,41.029125]},"properties":{"osm_id":"node/13539232307","kategori":"trafik_isigi","ad":null}},{"type":"Feature","geometry":{"type":"Point","coordinates":[29.102411,41.026783]},"properties":{"osm_id":"node/13539232316","kategori":"trafik_isigi","ad":null}},{"type":"Feature","geometry":{"type":"Point","coordinates":[29.10228,41.026796]},"properties":{"osm_id":"node/13539232317","kategori":"trafik_isigi","ad":null}},{"type":"Feature","geometry":{"type":"Point","coordinates":[29.108035,41.03106]},"properties":{"osm_id":"node/13539232319","kategori":"trafik_isigi","ad":null}},{"type":"Feature","geometry":{"type":"Point","coordinates":[29.113608,41.037995]},"properties":{"osm_id":"node/13539232347","kategori":"trafik_isigi","ad":null}},{"type":"Feature","geometry":{"type":"Point","coordinates":[29.113685,41.038026]},"properties":{"osm_id":"node/13539232349","kategori":"trafik_isigi","ad":null}},{"type":"Feature","geometry":{"type":"Point","coordinates":[29.113955,41.037797]},"properties":{"osm_id":"node/13539232350","kategori":"trafik_isigi","ad":null}},{"type":"Feature","geometry":{"type":"Point","coordinates":[29.115654,41.042244]},"properties":{"osm_id":"node/13539232355","kategori":"trafik_isigi","ad":null}},{"type":"Feature","geometry":{"type":"Point","coordinates":[29.115795,41.042386]},"properties":{"osm_id":"node/13539232356","kategori":"trafik_isigi","ad":null}},{"type":"Feature","geometry":{"type":"Point","coordinates":[29.114438,41.058202]},"properties":{"osm_id":"node/13539232375","kategori":"trafik_isigi","ad":null}},{"type":"Feature","geometry":{"type":"Point","coordinates":[28.638967,41.190761]},"properties":{"osm_id":"node/13541490670","kategori":"trafik_isigi","ad":null}},{"type":"Feature","geometry":{"type":"Point","coordinates":[28.63901,41.190542]},"properties":{"osm_id":"node/13541490682","kategori":"trafik_isigi","ad":null}},{"type":"Feature","geometry":{"type":"Point","coordinates":[28.639287,41.190721]},"properties":{"osm_id":"node/13541490683","kategori":"trafik_isigi","ad":null}},{"type":"Feature","geometry":{"type":"Point","coordinates":[28.63879,41.190579]},"properties":{"osm_id":"node/13541490684","kategori":"trafik_isigi","ad":null}},{"type":"Feature","geometry":{"type":"Point","coordinates":[28.624423,41.076911]},"properties":{"osm_id":"node/13542915541","kategori":"trafik_isigi","ad":null}},{"type":"Feature","geometry":{"type":"Point","coordinates":[28.624497,41.077342]},"properties":{"osm_id":"node/13542915542","kategori":"trafik_isigi","ad":null}},{"type":"Feature","geometry":{"type":"Point","coordinates":[28.77056,41.021372]},"properties":{"osm_id":"node/13567303148","kategori":"trafik_isigi","ad":null}},{"type":"Feature","geometry":{"type":"Point","coordinates":[28.80441,41.008674]},"properties":{"osm_id":"node/13579803402","kategori":"trafik_isigi","ad":null}},{"type":"Feature","geometry":{"type":"Point","coordinates":[28.804411,41.008872]},"properties":{"osm_id":"node/13579803403","kategori":"trafik_isigi","ad":null}},{"type":"Feature","geometry":{"type":"Point","coordinates":[28.800844,41.009121]},"properties":{"osm_id":"node/13579803404","kategori":"trafik_isigi","ad":null}},{"type":"Feature","geometry":{"type":"Point","coordinates":[28.800789,41.00899]},"properties":{"osm_id":"node/13579803405","kategori":"trafik_isigi","ad":null}},{"type":"Feature","geometry":{"type":"Point","coordinates":[28.807814,41.006923]},"properties":{"osm_id":"node/13579803406","kategori":"trafik_isigi","ad":null}},{"type":"Feature","geometry":{"type":"Point","coordinates":[28.807801,41.006812]},"properties":{"osm_id":"node/13579803407","kategori":"trafik_isigi","ad":null}},{"type":"Feature","geometry":{"type":"Point","coordinates":[28.625269,41.058799]},"properties":{"osm_id":"node/13593494061","kategori":"trafik_isigi","ad":null}},{"type":"Feature","geometry":{"type":"Point","coordinates":[28.624923,41.059193]},"properties":{"osm_id":"node/13593494062","kategori":"trafik_isigi","ad":null}},{"type":"Feature","geometry":{"type":"Point","coordinates":[28.624863,41.058738]},"properties":{"osm_id":"node/13593494063","kategori":"trafik_isigi","ad":null}},{"type":"Feature","geometry":{"type":"Point","coordinates":[28.625271,41.059067]},"properties":{"osm_id":"node/13593494064","kategori":"trafik_isigi","ad":null}},{"type":"Feature","geometry":{"type":"Point","coordinates":[28.62107,41.070365]},"properties":{"osm_id":"node/13593494071","kategori":"trafik_isigi","ad":null}},{"type":"Feature","geometry":{"type":"Point","coordinates":[28.621179,41.070318]},"properties":{"osm_id":"node/13593494072","kategori":"trafik_isigi","ad":null}},{"type":"Feature","geometry":{"type":"Point","coordinates":[28.635531,41.100572]},"properties":{"osm_id":"node/13593494074","kategori":"trafik_isigi","ad":null}},{"type":"Feature","geometry":{"type":"Point","coordinates":[28.628105,41.118331]},"properties":{"osm_id":"node/13593494083","kategori":"trafik_isigi","ad":null}},{"type":"Feature","geometry":{"type":"Point","coordinates":[28.931284,41.008425]},"properties":{"osm_id":"node/13596768618","kategori":"trafik_isigi","ad":null}},{"type":"Feature","geometry":{"type":"Point","coordinates":[28.956578,41.027835]},"properties":{"osm_id":"node/13602762086","kategori":"trafik_isigi","ad":null}},{"type":"Feature","geometry":{"type":"Point","coordinates":[28.951672,41.030028]},"properties":{"osm_id":"node/13602762099","kategori":"trafik_isigi","ad":null}},{"type":"Feature","geometry":{"type":"Point","coordinates":[28.907867,40.987499]},"properties":{"osm_id":"node/13619226871","kategori":"trafik_isigi","ad":null}},{"type":"Feature","geometry":{"type":"Point","coordinates":[28.904323,40.985394]},"properties":{"osm_id":"node/13619228503","kategori":"trafik_isigi","ad":null}},{"type":"Feature","geometry":{"type":"Point","coordinates":[28.904427,40.985423]},"properties":{"osm_id":"node/13619228504","kategori":"trafik_isigi","ad":null}},{"type":"Feature","geometry":{"type":"Point","coordinates":[29.092362,40.954625]},"properties":{"osm_id":"node/13621834241","kategori":"trafik_isigi","ad":null}},{"type":"Feature","geometry":{"type":"Point","coordinates":[29.107589,40.944049]},"properties":{"osm_id":"node/13621834255","kategori":"trafik_isigi","ad":null}},{"type":"Feature","geometry":{"type":"Point","coordinates":[29.107786,40.944162]},"properties":{"osm_id":"node/13621834257","kategori":"trafik_isigi","ad":null}},{"type":"Feature","geometry":{"type":"Point","coordinates":[29.107551,40.944003]},"properties":{"osm_id":"node/13621834258","kategori":"trafik_isigi","ad":null}},{"type":"Feature","geometry":{"type":"Point","coordinates":[28.639519,41.007194]},"properties":{"osm_id":"node/13622724938","kategori":"trafik_isigi","ad":null}},{"type":"Feature","geometry":{"type":"Point","coordinates":[28.639475,41.007306]},"properties":{"osm_id":"node/13622724939","kategori":"trafik_isigi","ad":null}},{"type":"Feature","geometry":{"type":"Point","coordinates":[28.641107,41.009862]},"properties":{"osm_id":"node/13622724948","kategori":"trafik_isigi","ad":null}},{"type":"Feature","geometry":{"type":"Point","coordinates":[28.642979,41.012443]},"properties":{"osm_id":"node/13622724998","kategori":"trafik_isigi","ad":null}},{"type":"Feature","geometry":{"type":"Point","coordinates":[28.642924,41.012463]},"properties":{"osm_id":"node/13622724999","kategori":"trafik_isigi","ad":null}},{"type":"Feature","geometry":{"type":"Point","coordinates":[28.846117,41.122368]},"properties":{"osm_id":"node/13624562176","kategori":"trafik_isigi","ad":null}},{"type":"Feature","geometry":{"type":"Point","coordinates":[29.272167,41.036194]},"properties":{"osm_id":"node/13663841707","kategori":"trafik_isigi","ad":null}},{"type":"Feature","geometry":{"type":"Point","coordinates":[28.668425,41.009539]},"properties":{"osm_id":"node/13668864037","kategori":"trafik_isigi","ad":null}},{"type":"Feature","geometry":{"type":"Point","coordinates":[28.668548,41.00949]},"properties":{"osm_id":"node/13668864042","kategori":"trafik_isigi","ad":null}},{"type":"Feature","geometry":{"type":"Point","coordinates":[28.876371,41.112175]},"properties":{"osm_id":"node/13669710653","kategori":"trafik_isigi","ad":null}},{"type":"Feature","geometry":{"type":"Point","coordinates":[28.882065,41.091723]},"properties":{"osm_id":"node/13677956730","kategori":"trafik_isigi","ad":null}},{"type":"Feature","geometry":{"type":"Point","coordinates":[28.882105,41.091748]},"properties":{"osm_id":"node/13677956731","kategori":"trafik_isigi","ad":null}},{"type":"Feature","geometry":{"type":"Point","coordinates":[28.881807,41.09189]},"properties":{"osm_id":"node/13677956732","kategori":"trafik_isigi","ad":null}},{"type":"Feature","geometry":{"type":"Point","coordinates":[28.881906,41.091709]},"properties":{"osm_id":"node/13677956733","kategori":"trafik_isigi","ad":null}},{"type":"Feature","geometry":{"type":"Point","coordinates":[28.681886,41.164549]},"properties":{"osm_id":"node/13684299715","kategori":"trafik_isigi","ad":null}},{"type":"Feature","geometry":{"type":"Point","coordinates":[28.681843,41.164581]},"properties":{"osm_id":"node/13684299781","kategori":"trafik_isigi","ad":null}},{"type":"Feature","geometry":{"type":"Point","coordinates":[28.659264,41.006495]},"properties":{"osm_id":"node/13686256179","kategori":"trafik_isigi","ad":null}},{"type":"Feature","geometry":{"type":"Point","coordinates":[28.659413,41.006409]},"properties":{"osm_id":"node/13686256180","kategori":"trafik_isigi","ad":null}},{"type":"Feature","geometry":{"type":"Point","coordinates":[28.659609,41.006431]},"properties":{"osm_id":"node/13686256186","kategori":"trafik_isigi","ad":null}},{"type":"Feature","geometry":{"type":"Point","coordinates":[28.659354,41.006759]},"properties":{"osm_id":"node/13686256190","kategori":"trafik_isigi","ad":null}},{"type":"Feature","geometry":{"type":"Point","coordinates":[28.667564,41.004686]},"properties":{"osm_id":"node/13686256196","kategori":"trafik_isigi","ad":null}},{"type":"Feature","geometry":{"type":"Point","coordinates":[28.667621,41.004581]},"properties":{"osm_id":"node/13686256197","kategori":"trafik_isigi","ad":null}},{"type":"Feature","geometry":{"type":"Point","coordinates":[28.770028,40.986019]},"properties":{"osm_id":"node/13686256385","kategori":"trafik_isigi","ad":null}},{"type":"Feature","geometry":{"type":"Point","coordinates":[28.773726,41.006573]},"properties":{"osm_id":"node/13686415242","kategori":"trafik_isigi","ad":null}},{"type":"Feature","geometry":{"type":"Point","coordinates":[28.77369,41.006499]},"properties":{"osm_id":"node/13686415245","kategori":"trafik_isigi","ad":null}},{"type":"Feature","geometry":{"type":"Point","coordinates":[28.774105,41.009292]},"properties":{"osm_id":"node/13686415271","kategori":"trafik_isigi","ad":null}},{"type":"Feature","geometry":{"type":"Point","coordinates":[28.774133,41.009222]},"properties":{"osm_id":"node/13686415272","kategori":"trafik_isigi","ad":null}},{"type":"Feature","geometry":{"type":"Point","coordinates":[28.773978,41.010215]},"properties":{"osm_id":"node/13686415277","kategori":"trafik_isigi","ad":null}},{"type":"Feature","geometry":{"type":"Point","coordinates":[28.773918,41.010272]},"properties":{"osm_id":"node/13686415278","kategori":"trafik_isigi","ad":null}},{"type":"Feature","geometry":{"type":"Point","coordinates":[28.768523,41.019437]},"properties":{"osm_id":"node/13686415291","kategori":"trafik_isigi","ad":null}},{"type":"Feature","geometry":{"type":"Point","coordinates":[28.771458,41.022939]},"properties":{"osm_id":"node/13686415308","kategori":"trafik_isigi","ad":null}},{"type":"Feature","geometry":{"type":"Point","coordinates":[28.771694,41.02307]},"properties":{"osm_id":"node/13686415309","kategori":"trafik_isigi","ad":null}},{"type":"Feature","geometry":{"type":"Point","coordinates":[28.773027,41.024871]},"properties":{"osm_id":"node/13686415330","kategori":"trafik_isigi","ad":null}},{"type":"Feature","geometry":{"type":"Point","coordinates":[28.773027,41.024761]},"properties":{"osm_id":"node/13686415331","kategori":"trafik_isigi","ad":null}},{"type":"Feature","geometry":{"type":"Point","coordinates":[28.770761,41.02183]},"properties":{"osm_id":"node/13686415356","kategori":"trafik_isigi","ad":null}},{"type":"Feature","geometry":{"type":"Point","coordinates":[28.770648,41.021496]},"properties":{"osm_id":"node/13686415435","kategori":"trafik_isigi","ad":null}},{"type":"Feature","geometry":{"type":"Point","coordinates":[28.768118,41.019324]},"properties":{"osm_id":"node/13686415439","kategori":"trafik_isigi","ad":null}},{"type":"Feature","geometry":{"type":"Point","coordinates":[28.7679,41.029586]},"properties":{"osm_id":"node/13686415462","kategori":"trafik_isigi","ad":null}},{"type":"Feature","geometry":{"type":"Point","coordinates":[28.768053,41.029355]},"properties":{"osm_id":"node/13686415463","kategori":"trafik_isigi","ad":null}},{"type":"Feature","geometry":{"type":"Point","coordinates":[28.76807,41.031542]},"properties":{"osm_id":"node/13686415468","kategori":"trafik_isigi","ad":null}},{"type":"Feature","geometry":{"type":"Point","coordinates":[28.76821,41.031447]},"properties":{"osm_id":"node/13686415469","kategori":"trafik_isigi","ad":null}},{"type":"Feature","geometry":{"type":"Point","coordinates":[28.776947,41.034627]},"properties":{"osm_id":"node/13686504084","kategori":"trafik_isigi","ad":null}},{"type":"Feature","geometry":{"type":"Point","coordinates":[28.787014,41.035337]},"properties":{"osm_id":"node/13686504188","kategori":"trafik_isigi","ad":null}},{"type":"Feature","geometry":{"type":"Point","coordinates":[28.782404,41.036999]},"properties":{"osm_id":"node/13686504301","kategori":"trafik_isigi","ad":null}},{"type":"Feature","geometry":{"type":"Point","coordinates":[28.782263,41.036975]},"properties":{"osm_id":"node/13686504326","kategori":"trafik_isigi","ad":null}},{"type":"Feature","geometry":{"type":"Point","coordinates":[28.759261,41.042968]},"properties":{"osm_id":"node/13686548845","kategori":"trafik_isigi","ad":null}},{"type":"Feature","geometry":{"type":"Point","coordinates":[28.761763,41.038792]},"properties":{"osm_id":"node/13686572158","kategori":"trafik_isigi","ad":null}},{"type":"Feature","geometry":{"type":"Point","coordinates":[28.762043,41.038734]},"properties":{"osm_id":"node/13686572159","kategori":"trafik_isigi","ad":null}},{"type":"Feature","geometry":{"type":"Point","coordinates":[28.763318,41.037159]},"properties":{"osm_id":"node/13686572160","kategori":"trafik_isigi","ad":null}},{"type":"Feature","geometry":{"type":"Point","coordinates":[28.763614,41.03707]},"properties":{"osm_id":"node/13686572162","kategori":"trafik_isigi","ad":null}},{"type":"Feature","geometry":{"type":"Point","coordinates":[28.771444,41.036958]},"properties":{"osm_id":"node/13686572206","kategori":"trafik_isigi","ad":null}},{"type":"Feature","geometry":{"type":"Point","coordinates":[28.771383,41.037086]},"properties":{"osm_id":"node/13686572207","kategori":"trafik_isigi","ad":null}},{"type":"Feature","geometry":{"type":"Point","coordinates":[28.773872,41.044376]},"properties":{"osm_id":"node/13686572226","kategori":"trafik_isigi","ad":null}},{"type":"Feature","geometry":{"type":"Point","coordinates":[28.773588,41.044485]},"properties":{"osm_id":"node/13686572235","kategori":"trafik_isigi","ad":null}},{"type":"Feature","geometry":{"type":"Point","coordinates":[28.773556,41.044334]},"properties":{"osm_id":"node/13686572251","kategori":"trafik_isigi","ad":null}},{"type":"Feature","geometry":{"type":"Point","coordinates":[28.774321,41.046683]},"properties":{"osm_id":"node/13686572259","kategori":"trafik_isigi","ad":null}},{"type":"Feature","geometry":{"type":"Point","coordinates":[28.774058,41.046988]},"properties":{"osm_id":"node/13686572267","kategori":"trafik_isigi","ad":null}},{"type":"Feature","geometry":{"type":"Point","coordinates":[28.774311,41.046886]},"properties":{"osm_id":"node/13686572278","kategori":"trafik_isigi","ad":null}},{"type":"Feature","geometry":{"type":"Point","coordinates":[28.77437,41.046975]},"properties":{"osm_id":"node/13686572283","kategori":"trafik_isigi","ad":null}},{"type":"Feature","geometry":{"type":"Point","coordinates":[28.773974,41.046992]},"properties":{"osm_id":"node/13686572289","kategori":"trafik_isigi","ad":null}},{"type":"Feature","geometry":{"type":"Point","coordinates":[28.774367,41.049914]},"properties":{"osm_id":"node/13686572304","kategori":"trafik_isigi","ad":null}},{"type":"Feature","geometry":{"type":"Point","coordinates":[28.774212,41.050017]},"properties":{"osm_id":"node/13686572305","kategori":"trafik_isigi","ad":null}},{"type":"Feature","geometry":{"type":"Point","coordinates":[29.182723,40.901672]},"properties":{"osm_id":"node/13690730240","kategori":"trafik_isigi","ad":null}},{"type":"Feature","geometry":{"type":"Point","coordinates":[29.182656,40.901632]},"properties":{"osm_id":"node/13690730244","kategori":"trafik_isigi","ad":null}},{"type":"Feature","geometry":{"type":"Point","coordinates":[28.681416,41.164269]},"properties":{"osm_id":"node/13695889173","kategori":"trafik_isigi","ad":null}},{"type":"Feature","geometry":{"type":"Point","coordinates":[28.681359,41.164258]},"properties":{"osm_id":"node/13695889175","kategori":"trafik_isigi","ad":null}},{"type":"Feature","geometry":{"type":"Point","coordinates":[28.775403,41.116025]},"properties":{"osm_id":"node/13698638014","kategori":"trafik_isigi","ad":null}},{"type":"Feature","geometry":{"type":"Point","coordinates":[28.772215,41.097813]},"properties":{"osm_id":"node/13698638033","kategori":"trafik_isigi","ad":null}},{"type":"Feature","geometry":{"type":"Point","coordinates":[28.772265,41.098289]},"properties":{"osm_id":"node/13698638034","kategori":"trafik_isigi","ad":null}},{"type":"Feature","geometry":{"type":"Point","coordinates":[28.775354,41.093685]},"properties":{"osm_id":"node/13698638035","kategori":"trafik_isigi","ad":null}},{"type":"Feature","geometry":{"type":"Point","coordinates":[28.775316,41.093592]},"properties":{"osm_id":"node/13698638036","kategori":"trafik_isigi","ad":null}},{"type":"Feature","geometry":{"type":"Point","coordinates":[28.775497,41.093734]},"properties":{"osm_id":"node/13698638037","kategori":"trafik_isigi","ad":null}},{"type":"Feature","geometry":{"type":"Point","coordinates":[28.586687,41.022087]},"properties":{"osm_id":"node/13704459600","kategori":"trafik_isigi","ad":null}},{"type":"Feature","geometry":{"type":"Point","coordinates":[28.586719,41.022134]},"properties":{"osm_id":"node/13704493101","kategori":"trafik_isigi","ad":null}},{"type":"Feature","geometry":{"type":"Point","coordinates":[28.587261,41.02204]},"properties":{"osm_id":"node/13704493110","kategori":"trafik_isigi","ad":null}},{"type":"Feature","geometry":{"type":"Point","coordinates":[28.587048,41.022292]},"properties":{"osm_id":"node/13704493121","kategori":"trafik_isigi","ad":null}},{"type":"Feature","geometry":{"type":"Point","coordinates":[28.586882,41.021859]},"properties":{"osm_id":"node/13704493142","kategori":"trafik_isigi","ad":null}},{"type":"Feature","geometry":{"type":"Point","coordinates":[28.683753,41.028195]},"properties":{"osm_id":"node/13705495013","kategori":"trafik_isigi","ad":null}},{"type":"Feature","geometry":{"type":"Point","coordinates":[28.683565,41.028231]},"properties":{"osm_id":"node/13705495014","kategori":"trafik_isigi","ad":null}},{"type":"Feature","geometry":{"type":"Point","coordinates":[28.684971,41.025386]},"properties":{"osm_id":"node/13705495022","kategori":"trafik_isigi","ad":null}},{"type":"Feature","geometry":{"type":"Point","coordinates":[28.685126,41.025342]},"properties":{"osm_id":"node/13705495023","kategori":"trafik_isigi","ad":null}},{"type":"Feature","geometry":{"type":"Point","coordinates":[28.696924,41.012432]},"properties":{"osm_id":"node/13705495033","kategori":"trafik_isigi","ad":null}},{"type":"Feature","geometry":{"type":"Point","coordinates":[28.696761,41.012391]},"properties":{"osm_id":"node/13705495034","kategori":"trafik_isigi","ad":null}},{"type":"Feature","geometry":{"type":"Point","coordinates":[28.698976,41.011334]},"properties":{"osm_id":"node/13705495041","kategori":"trafik_isigi","ad":null}},{"type":"Feature","geometry":{"type":"Point","coordinates":[28.69914,41.011352]},"properties":{"osm_id":"node/13705495042","kategori":"trafik_isigi","ad":null}},{"type":"Feature","geometry":{"type":"Point","coordinates":[28.701551,41.009732]},"properties":{"osm_id":"node/13705495061","kategori":"trafik_isigi","ad":null}},{"type":"Feature","geometry":{"type":"Point","coordinates":[28.701266,41.0099]},"properties":{"osm_id":"node/13705495077","kategori":"trafik_isigi","ad":null}},{"type":"Feature","geometry":{"type":"Point","coordinates":[28.701219,41.009857]},"properties":{"osm_id":"node/13705495078","kategori":"trafik_isigi","ad":null}},{"type":"Feature","geometry":{"type":"Point","coordinates":[28.704347,41.007509]},"properties":{"osm_id":"node/13705495081","kategori":"trafik_isigi","ad":null}},{"type":"Feature","geometry":{"type":"Point","coordinates":[28.704341,41.007662]},"properties":{"osm_id":"node/13705495082","kategori":"trafik_isigi","ad":null}},{"type":"Feature","geometry":{"type":"Point","coordinates":[28.704026,41.007587]},"properties":{"osm_id":"node/13705495083","kategori":"trafik_isigi","ad":null}},{"type":"Feature","geometry":{"type":"Point","coordinates":[28.705037,41.006847]},"properties":{"osm_id":"node/13705495093","kategori":"trafik_isigi","ad":null}},{"type":"Feature","geometry":{"type":"Point","coordinates":[28.705082,41.006875]},"properties":{"osm_id":"node/13705509402","kategori":"trafik_isigi","ad":null}},{"type":"Feature","geometry":{"type":"Point","coordinates":[28.704617,41.007047]},"properties":{"osm_id":"node/13705509403","kategori":"trafik_isigi","ad":null}},{"type":"Feature","geometry":{"type":"Point","coordinates":[28.704747,41.006779]},"properties":{"osm_id":"node/13705509405","kategori":"trafik_isigi","ad":null}},{"type":"Feature","geometry":{"type":"Point","coordinates":[28.706467,41.005509]},"properties":{"osm_id":"node/13705509415","kategori":"trafik_isigi","ad":null}},{"type":"Feature","geometry":{"type":"Point","coordinates":[28.706678,41.005554]},"properties":{"osm_id":"node/13705509416","kategori":"trafik_isigi","ad":null}},{"type":"Feature","geometry":{"type":"Point","coordinates":[28.706764,41.005372]},"properties":{"osm_id":"node/13705509417","kategori":"trafik_isigi","ad":null}},{"type":"Feature","geometry":{"type":"Point","coordinates":[28.707686,41.004679]},"properties":{"osm_id":"node/13705509429","kategori":"trafik_isigi","ad":null}},{"type":"Feature","geometry":{"type":"Point","coordinates":[28.707394,41.004807]},"properties":{"osm_id":"node/13705509434","kategori":"trafik_isigi","ad":null}},{"type":"Feature","geometry":{"type":"Point","coordinates":[28.709789,41.002743]},"properties":{"osm_id":"node/13705509435","kategori":"trafik_isigi","ad":null}},{"type":"Feature","geometry":{"type":"Point","coordinates":[28.711527,41.001265]},"properties":{"osm_id":"node/13705509449","kategori":"trafik_isigi","ad":null}},{"type":"Feature","geometry":{"type":"Point","coordinates":[28.711879,41.001091]},"properties":{"osm_id":"node/13705509450","kategori":"trafik_isigi","ad":null}},{"type":"Feature","geometry":{"type":"Point","coordinates":[28.717513,40.992623]},"properties":{"osm_id":"node/13705509468","kategori":"trafik_isigi","ad":null}},{"type":"Feature","geometry":{"type":"Point","coordinates":[28.721838,41.053967]},"properties":{"osm_id":"node/13705667186","kategori":"trafik_isigi","ad":null}},{"type":"Feature","geometry":{"type":"Point","coordinates":[28.721863,41.053778]},"properties":{"osm_id":"node/13705667187","kategori":"trafik_isigi","ad":null}},{"type":"Feature","geometry":{"type":"Point","coordinates":[28.720776,41.054979]},"properties":{"osm_id":"node/13705741015","kategori":"trafik_isigi","ad":null}},{"type":"Feature","geometry":{"type":"Point","coordinates":[28.720896,41.055054]},"properties":{"osm_id":"node/13705741018","kategori":"trafik_isigi","ad":null}},{"type":"Feature","geometry":{"type":"Point","coordinates":[28.710521,41.067856]},"properties":{"osm_id":"node/13705741104","kategori":"trafik_isigi","ad":null}},{"type":"Feature","geometry":{"type":"Point","coordinates":[28.710585,41.067837]},"properties":{"osm_id":"node/13705741105","kategori":"trafik_isigi","ad":null}},{"type":"Feature","geometry":{"type":"Point","coordinates":[28.709034,41.064564]},"properties":{"osm_id":"node/13705741146","kategori":"trafik_isigi","ad":null}},{"type":"Feature","geometry":{"type":"Point","coordinates":[28.709356,41.064364]},"properties":{"osm_id":"node/13705741154","kategori":"trafik_isigi","ad":null}},{"type":"Feature","geometry":{"type":"Point","coordinates":[28.712925,41.077911]},"properties":{"osm_id":"node/13705741217","kategori":"trafik_isigi","ad":null}},{"type":"Feature","geometry":{"type":"Point","coordinates":[28.723338,41.084844]},"properties":{"osm_id":"node/13705741399","kategori":"trafik_isigi","ad":null}},{"type":"Feature","geometry":{"type":"Point","coordinates":[28.723034,41.084981]},"properties":{"osm_id":"node/13705741400","kategori":"trafik_isigi","ad":null}},{"type":"Feature","geometry":{"type":"Point","coordinates":[28.723054,41.084687]},"properties":{"osm_id":"node/13705741401","kategori":"trafik_isigi","ad":null}},{"type":"Feature","geometry":{"type":"Point","coordinates":[28.746841,41.06324]},"properties":{"osm_id":"node/13705741473","kategori":"trafik_isigi","ad":null}},{"type":"Feature","geometry":{"type":"Point","coordinates":[28.752984,41.062006]},"properties":{"osm_id":"node/13705741484","kategori":"trafik_isigi","ad":null}},{"type":"Feature","geometry":{"type":"Point","coordinates":[29.063218,40.964928]},"properties":{"osm_id":"node/13705805808","kategori":"trafik_isigi","ad":null}},{"type":"Feature","geometry":{"type":"Point","coordinates":[28.631981,40.985575]},"properties":{"osm_id":"node/13708365078","kategori":"trafik_isigi","ad":null}},{"type":"Feature","geometry":{"type":"Point","coordinates":[29.176119,40.905706]},"properties":{"osm_id":"node/13711557763","kategori":"trafik_isigi","ad":null}},{"type":"Feature","geometry":{"type":"Point","coordinates":[29.025833,41.016313]},"properties":{"osm_id":"node/13714921449","kategori":"trafik_isigi","ad":null}},{"type":"Feature","geometry":{"type":"Point","coordinates":[28.955418,41.009572]},"properties":{"osm_id":"node/13716723440","kategori":"trafik_isigi","ad":null}},{"type":"Feature","geometry":{"type":"Point","coordinates":[28.955433,41.009597]},"properties":{"osm_id":"node/13716723441","kategori":"trafik_isigi","ad":null}},{"type":"Feature","geometry":{"type":"Point","coordinates":[28.902228,41.003544]},"properties":{"osm_id":"node/13718830277","kategori":"trafik_isigi","ad":null}},{"type":"Feature","geometry":{"type":"Point","coordinates":[28.901804,41.003513]},"properties":{"osm_id":"node/13718830281","kategori":"trafik_isigi","ad":null}},{"type":"Feature","geometry":{"type":"Point","coordinates":[28.990334,41.174017]},"properties":{"osm_id":"node/13719204039","kategori":"trafik_isigi","ad":null}},{"type":"Feature","geometry":{"type":"Point","coordinates":[28.678009,41.085732]},"properties":{"osm_id":"node/13720545881","kategori":"trafik_isigi","ad":null}},{"type":"Feature","geometry":{"type":"Point","coordinates":[28.678341,41.08558]},"properties":{"osm_id":"node/13720545882","kategori":"trafik_isigi","ad":null}},{"type":"Feature","geometry":{"type":"Point","coordinates":[28.6783,41.085788]},"properties":{"osm_id":"node/13720545883","kategori":"trafik_isigi","ad":null}},{"type":"Feature","geometry":{"type":"Point","coordinates":[28.683359,41.082032]},"properties":{"osm_id":"node/13720561735","kategori":"trafik_isigi","ad":null}},{"type":"Feature","geometry":{"type":"Point","coordinates":[28.683164,41.081827]},"properties":{"osm_id":"node/13720561745","kategori":"trafik_isigi","ad":null}},{"type":"Feature","geometry":{"type":"Point","coordinates":[28.683459,41.081758]},"properties":{"osm_id":"node/13720561746","kategori":"trafik_isigi","ad":null}},{"type":"Feature","geometry":{"type":"Point","coordinates":[28.685327,41.080267]},"properties":{"osm_id":"node/13720561803","kategori":"trafik_isigi","ad":null}},{"type":"Feature","geometry":{"type":"Point","coordinates":[28.675101,41.089357]},"properties":{"osm_id":"node/13720561828","kategori":"trafik_isigi","ad":null}},{"type":"Feature","geometry":{"type":"Point","coordinates":[28.675433,41.089145]},"properties":{"osm_id":"node/13720561829","kategori":"trafik_isigi","ad":null}},{"type":"Feature","geometry":{"type":"Point","coordinates":[28.672986,41.092347]},"properties":{"osm_id":"node/13720561840","kategori":"trafik_isigi","ad":null}},{"type":"Feature","geometry":{"type":"Point","coordinates":[28.673308,41.092128]},"properties":{"osm_id":"node/13720561841","kategori":"trafik_isigi","ad":null}},{"type":"Feature","geometry":{"type":"Point","coordinates":[28.668771,41.09653]},"properties":{"osm_id":"node/13720561862","kategori":"trafik_isigi","ad":null}},{"type":"Feature","geometry":{"type":"Point","coordinates":[28.667161,41.098283]},"properties":{"osm_id":"node/13720561888","kategori":"trafik_isigi","ad":null}},{"type":"Feature","geometry":{"type":"Point","coordinates":[28.667466,41.098145]},"properties":{"osm_id":"node/13720561889","kategori":"trafik_isigi","ad":null}},{"type":"Feature","geometry":{"type":"Point","coordinates":[28.653004,41.109369]},"properties":{"osm_id":"node/13720561904","kategori":"trafik_isigi","ad":null}},{"type":"Feature","geometry":{"type":"Point","coordinates":[28.652585,41.109436]},"properties":{"osm_id":"node/13720561912","kategori":"trafik_isigi","ad":null}},{"type":"Feature","geometry":{"type":"Point","coordinates":[29.091341,40.975287]},"properties":{"osm_id":"node/13723492567","kategori":"trafik_isigi","ad":null}},{"type":"Feature","geometry":{"type":"Point","coordinates":[29.093337,40.974289]},"properties":{"osm_id":"node/13723700487","kategori":"trafik_isigi","ad":null}},{"type":"Feature","geometry":{"type":"Point","coordinates":[29.091741,40.975257]},"properties":{"osm_id":"node/13723700498","kategori":"trafik_isigi","ad":null}},{"type":"Feature","geometry":{"type":"Point","coordinates":[28.739233,41.094256]},"properties":{"osm_id":"node/13724835128","kategori":"trafik_isigi","ad":null}},{"type":"Feature","geometry":{"type":"Point","coordinates":[28.75665,41.076611]},"properties":{"osm_id":"node/13724835289","kategori":"trafik_isigi","ad":null}},{"type":"Feature","geometry":{"type":"Point","coordinates":[29.093406,40.974188]},"properties":{"osm_id":"node/13734129075","kategori":"trafik_isigi","ad":null}},{"type":"Feature","geometry":{"type":"Point","coordinates":[29.093577,40.974267]},"properties":{"osm_id":"node/13734153424","kategori":"trafik_isigi","ad":null}},{"type":"Feature","geometry":{"type":"Point","coordinates":[28.876113,41.097155]},"properties":{"osm_id":"node/13734688963","kategori":"trafik_isigi","ad":null}},{"type":"Feature","geometry":{"type":"Point","coordinates":[28.959488,41.012155]},"properties":{"osm_id":"node/13745067611","kategori":"trafik_isigi","ad":null}},{"type":"Feature","geometry":{"type":"Point","coordinates":[28.978256,41.00825]},"properties":{"osm_id":"node/13745067649","kategori":"trafik_isigi","ad":null}},{"type":"Feature","geometry":{"type":"Point","coordinates":[29.083411,40.979722]},"properties":{"osm_id":"node/13754437201","kategori":"trafik_isigi","ad":null}},{"type":"Feature","geometry":{"type":"Point","coordinates":[29.083411,40.979627]},"properties":{"osm_id":"node/13754437205","kategori":"trafik_isigi","ad":null}},{"type":"Feature","geometry":{"type":"Point","coordinates":[29.353356,40.927292]},"properties":{"osm_id":"node/13755463347","kategori":"trafik_isigi","ad":null}},{"type":"Feature","geometry":{"type":"Point","coordinates":[29.353534,40.927217]},"properties":{"osm_id":"node/13755463362","kategori":"trafik_isigi","ad":null}},{"type":"Feature","geometry":{"type":"Point","coordinates":[28.718627,40.976091]},"properties":{"osm_id":"node/13767735485","kategori":"trafik_isigi","ad":null}},{"type":"Feature","geometry":{"type":"Point","coordinates":[28.718583,40.976041]},"properties":{"osm_id":"node/13767735486","kategori":"trafik_isigi","ad":null}},{"type":"Feature","geometry":{"type":"Point","coordinates":[28.837308,40.973591]},"properties":{"osm_id":"node/13790927010","kategori":"trafik_isigi","ad":null}},{"type":"Feature","geometry":{"type":"Point","coordinates":[28.837309,40.973865]},"properties":{"osm_id":"node/13790927011","kategori":"trafik_isigi","ad":null}},{"type":"Feature","geometry":{"type":"Point","coordinates":[28.747145,41.178569]},"properties":{"osm_id":"node/13793992879","kategori":"trafik_isigi","ad":null}},{"type":"Feature","geometry":{"type":"Point","coordinates":[28.746738,41.178531]},"properties":{"osm_id":"node/13793992882","kategori":"trafik_isigi","ad":null}},{"type":"Feature","geometry":{"type":"Point","coordinates":[28.74711,41.178423]},"properties":{"osm_id":"node/13793992889","kategori":"trafik_isigi","ad":null}},{"type":"Feature","geometry":{"type":"Point","coordinates":[28.746738,41.178717]},"properties":{"osm_id":"node/13793992890","kategori":"trafik_isigi","ad":null}},{"type":"Feature","geometry":{"type":"Point","coordinates":[28.646311,41.063344]},"properties":{"osm_id":"node/13798263088","kategori":"trafik_isigi","ad":null}},{"type":"Feature","geometry":{"type":"Point","coordinates":[28.673419,41.050029]},"properties":{"osm_id":"node/13798293993","kategori":"trafik_isigi","ad":null}},{"type":"Feature","geometry":{"type":"Point","coordinates":[28.674592,41.045926]},"properties":{"osm_id":"node/13798367988","kategori":"trafik_isigi","ad":null}},{"type":"Feature","geometry":{"type":"Point","coordinates":[28.67477,41.045808]},"properties":{"osm_id":"node/13798367989","kategori":"trafik_isigi","ad":null}},{"type":"Feature","geometry":{"type":"Point","coordinates":[28.777245,41.17898]},"properties":{"osm_id":"node/13805218268","kategori":"trafik_isigi","ad":null}},{"type":"Feature","geometry":{"type":"Point","coordinates":[28.634991,41.00345]},"properties":{"osm_id":"node/13806389084","kategori":"trafik_isigi","ad":null}},{"type":"Feature","geometry":{"type":"Point","coordinates":[28.634824,41.003392]},"properties":{"osm_id":"node/13806389088","kategori":"trafik_isigi","ad":null}},{"type":"Feature","geometry":{"type":"Point","coordinates":[28.649459,41.008529]},"properties":{"osm_id":"node/13806391936","kategori":"trafik_isigi","ad":null}},{"type":"Feature","geometry":{"type":"Point","coordinates":[28.649666,41.008711]},"properties":{"osm_id":"node/13806391937","kategori":"trafik_isigi","ad":null}},{"type":"Feature","geometry":{"type":"Point","coordinates":[28.649153,41.008745]},"properties":{"osm_id":"node/13806391979","kategori":"trafik_isigi","ad":null}},{"type":"Feature","geometry":{"type":"Point","coordinates":[28.649415,41.008872]},"properties":{"osm_id":"node/13806391980","kategori":"trafik_isigi","ad":null}},{"type":"Feature","geometry":{"type":"Point","coordinates":[28.671902,41.019273]},"properties":{"osm_id":"node/13815151362","kategori":"trafik_isigi","ad":null}},{"type":"Feature","geometry":{"type":"Point","coordinates":[28.66876,41.025927]},"properties":{"osm_id":"node/13815152217","kategori":"trafik_isigi","ad":null}},{"type":"Feature","geometry":{"type":"Point","coordinates":[28.668392,41.026154]},"properties":{"osm_id":"node/13815152222","kategori":"trafik_isigi","ad":null}},{"type":"Feature","geometry":{"type":"Point","coordinates":[28.665981,41.028246]},"properties":{"osm_id":"node/13815304780","kategori":"trafik_isigi","ad":null}},{"type":"Feature","geometry":{"type":"Point","coordinates":[28.664565,41.029366]},"properties":{"osm_id":"node/13815304782","kategori":"trafik_isigi","ad":null}},{"type":"Feature","geometry":{"type":"Point","coordinates":[28.665324,41.028265]},"properties":{"osm_id":"node/13815304783","kategori":"trafik_isigi","ad":null}},{"type":"Feature","geometry":{"type":"Point","coordinates":[28.663539,41.030394]},"properties":{"osm_id":"node/13815331615","kategori":"trafik_isigi","ad":null}},{"type":"Feature","geometry":{"type":"Point","coordinates":[28.663142,41.030328]},"properties":{"osm_id":"node/13815331627","kategori":"trafik_isigi","ad":null}},{"type":"Feature","geometry":{"type":"Point","coordinates":[28.663166,41.030496]},"properties":{"osm_id":"node/13815331628","kategori":"trafik_isigi","ad":null}},{"type":"Feature","geometry":{"type":"Point","coordinates":[28.675391,41.032377]},"properties":{"osm_id":"node/13815876842","kategori":"trafik_isigi","ad":null}},{"type":"Feature","geometry":{"type":"Point","coordinates":[28.677101,41.033393]},"properties":{"osm_id":"node/13815876846","kategori":"trafik_isigi","ad":null}},{"type":"Feature","geometry":{"type":"Point","coordinates":[28.67708,41.03327]},"properties":{"osm_id":"node/13815876847","kategori":"trafik_isigi","ad":null}},{"type":"Feature","geometry":{"type":"Point","coordinates":[28.678419,41.037847]},"properties":{"osm_id":"node/13815876920","kategori":"trafik_isigi","ad":null}},{"type":"Feature","geometry":{"type":"Point","coordinates":[28.678608,41.037732]},"properties":{"osm_id":"node/13815876921","kategori":"trafik_isigi","ad":null}},{"type":"Feature","geometry":{"type":"Point","coordinates":[28.676527,41.041699]},"properties":{"osm_id":"node/13815876977","kategori":"trafik_isigi","ad":null}},{"type":"Feature","geometry":{"type":"Point","coordinates":[28.672839,41.049985]},"properties":{"osm_id":"node/13815877046","kategori":"trafik_isigi","ad":null}},{"type":"Feature","geometry":{"type":"Point","coordinates":[28.672907,41.050124]},"properties":{"osm_id":"node/13816150947","kategori":"trafik_isigi","ad":null}},{"type":"Feature","geometry":{"type":"Point","coordinates":[28.672928,41.050348]},"properties":{"osm_id":"node/13816150952","kategori":"trafik_isigi","ad":null}},{"type":"Feature","geometry":{"type":"Point","coordinates":[28.67279,41.050373]},"properties":{"osm_id":"node/13816150953","kategori":"trafik_isigi","ad":null}},{"type":"Feature","geometry":{"type":"Point","coordinates":[28.673304,41.050098]},"properties":{"osm_id":"node/13816150967","kategori":"trafik_isigi","ad":null}},{"type":"Feature","geometry":{"type":"Point","coordinates":[28.658982,41.040638]},"properties":{"osm_id":"node/13816150993","kategori":"trafik_isigi","ad":null}},{"type":"Feature","geometry":{"type":"Point","coordinates":[28.658801,41.040728]},"properties":{"osm_id":"node/13816150994","kategori":"trafik_isigi","ad":null}},{"type":"Feature","geometry":{"type":"Point","coordinates":[28.653036,41.039086]},"properties":{"osm_id":"node/13816173167","kategori":"trafik_isigi","ad":null}},{"type":"Feature","geometry":{"type":"Point","coordinates":[28.652954,41.039152]},"properties":{"osm_id":"node/13816173168","kategori":"trafik_isigi","ad":null}},{"type":"Feature","geometry":{"type":"Point","coordinates":[28.628153,41.047063]},"properties":{"osm_id":"node/13816173292","kategori":"trafik_isigi","ad":null}},{"type":"Feature","geometry":{"type":"Point","coordinates":[28.627775,41.044793]},"properties":{"osm_id":"node/13816173312","kategori":"trafik_isigi","ad":null}},{"type":"Feature","geometry":{"type":"Point","coordinates":[28.627899,41.044763]},"properties":{"osm_id":"node/13816173313","kategori":"trafik_isigi","ad":null}},{"type":"Feature","geometry":{"type":"Point","coordinates":[28.625297,41.059263]},"properties":{"osm_id":"node/13816173374","kategori":"trafik_isigi","ad":null}},{"type":"Feature","geometry":{"type":"Point","coordinates":[28.627076,41.041596]},"properties":{"osm_id":"node/13816213238","kategori":"trafik_isigi","ad":null}},{"type":"Feature","geometry":{"type":"Point","coordinates":[28.626861,41.04167]},"properties":{"osm_id":"node/13816213247","kategori":"trafik_isigi","ad":null}},{"type":"Feature","geometry":{"type":"Point","coordinates":[28.62927,41.037264]},"properties":{"osm_id":"node/13816257336","kategori":"trafik_isigi","ad":null}},{"type":"Feature","geometry":{"type":"Point","coordinates":[28.629381,41.037281]},"properties":{"osm_id":"node/13816257337","kategori":"trafik_isigi","ad":null}},{"type":"Feature","geometry":{"type":"Point","coordinates":[28.665998,41.029494]},"properties":{"osm_id":"node/13816257462","kategori":"trafik_isigi","ad":null}},{"type":"Feature","geometry":{"type":"Point","coordinates":[29.097525,40.976951]},"properties":{"osm_id":"node/13817868789","kategori":"trafik_isigi","ad":null}},{"type":"Feature","geometry":{"type":"Point","coordinates":[29.091684,40.975392]},"properties":{"osm_id":"node/13817898265","kategori":"trafik_isigi","ad":null}},{"type":"Feature","geometry":{"type":"Point","coordinates":[29.04267,40.975577]},"properties":{"osm_id":"node/13818245613","kategori":"trafik_isigi","ad":null}},{"type":"Feature","geometry":{"type":"Point","coordinates":[29.042927,40.975588]},"properties":{"osm_id":"node/13818245626","kategori":"trafik_isigi","ad":null}},{"type":"Feature","geometry":{"type":"Point","coordinates":[28.658517,41.024008]},"properties":{"osm_id":"node/13819481601","kategori":"trafik_isigi","ad":null}},{"type":"Feature","geometry":{"type":"Point","coordinates":[28.658488,41.024151]},"properties":{"osm_id":"node/13819481611","kategori":"trafik_isigi","ad":null}},{"type":"Feature","geometry":{"type":"Point","coordinates":[28.663557,41.026567]},"properties":{"osm_id":"node/13819481776","kategori":"trafik_isigi","ad":null}},{"type":"Feature","geometry":{"type":"Point","coordinates":[28.663561,41.026451]},"properties":{"osm_id":"node/13819481780","kategori":"trafik_isigi","ad":null}},{"type":"Feature","geometry":{"type":"Point","coordinates":[28.682059,41.014588]},"properties":{"osm_id":"node/13819481886","kategori":"trafik_isigi","ad":null}},{"type":"Feature","geometry":{"type":"Point","coordinates":[28.682212,41.014702]},"properties":{"osm_id":"node/13819481929","kategori":"trafik_isigi","ad":null}},{"type":"Feature","geometry":{"type":"Point","coordinates":[28.62366,41.03488]},"properties":{"osm_id":"node/13829275652","kategori":"trafik_isigi","ad":null}},{"type":"Feature","geometry":{"type":"Point","coordinates":[28.624262,41.016945]},"properties":{"osm_id":"node/13831587343","kategori":"trafik_isigi","ad":null}},{"type":"Feature","geometry":{"type":"Point","coordinates":[28.624259,41.016872]},"properties":{"osm_id":"node/13831587692","kategori":"trafik_isigi","ad":null}},{"type":"Feature","geometry":{"type":"Point","coordinates":[28.626904,41.016749]},"properties":{"osm_id":"node/13831587715","kategori":"trafik_isigi","ad":null}},{"type":"Feature","geometry":{"type":"Point","coordinates":[28.626541,41.016703]},"properties":{"osm_id":"node/13831587716","kategori":"trafik_isigi","ad":null}},{"type":"Feature","geometry":{"type":"Point","coordinates":[28.951296,41.01658]},"properties":{"osm_id":"node/13832139422","kategori":"trafik_isigi","ad":null}},{"type":"Feature","geometry":{"type":"Point","coordinates":[28.971674,41.03857]},"properties":{"osm_id":"node/13850312952","kategori":"trafik_isigi","ad":null}},{"type":"Feature","geometry":{"type":"Point","coordinates":[28.976858,41.040072]},"properties":{"osm_id":"node/13850312969","kategori":"trafik_isigi","ad":null}},{"type":"Feature","geometry":{"type":"Point","coordinates":[28.976893,41.039819]},"properties":{"osm_id":"node/13850312970","kategori":"trafik_isigi","ad":null}},{"type":"Feature","geometry":{"type":"Point","coordinates":[28.973123,41.038734]},"properties":{"osm_id":"node/13850312984","kategori":"trafik_isigi","ad":null}},{"type":"Feature","geometry":{"type":"Point","coordinates":[28.979031,41.040728]},"properties":{"osm_id":"node/13850312988","kategori":"trafik_isigi","ad":null}},{"type":"Feature","geometry":{"type":"Point","coordinates":[28.97903,41.040583]},"properties":{"osm_id":"node/13850312989","kategori":"trafik_isigi","ad":null}},{"type":"Feature","geometry":{"type":"Point","coordinates":[28.981107,41.042392]},"properties":{"osm_id":"node/13850343132","kategori":"trafik_isigi","ad":null}},{"type":"Feature","geometry":{"type":"Point","coordinates":[28.981266,41.042458]},"properties":{"osm_id":"node/13850343143","kategori":"trafik_isigi","ad":null}},{"type":"Feature","geometry":{"type":"Point","coordinates":[28.98149,41.042549]},"properties":{"osm_id":"node/13850343144","kategori":"trafik_isigi","ad":null}},{"type":"Feature","geometry":{"type":"Point","coordinates":[28.981184,41.042678]},"properties":{"osm_id":"node/13850343153","kategori":"trafik_isigi","ad":null}},{"type":"Feature","geometry":{"type":"Point","coordinates":[28.981412,41.042487]},"properties":{"osm_id":"node/13850343163","kategori":"trafik_isigi","ad":null}},{"type":"Feature","geometry":{"type":"Point","coordinates":[28.981109,41.042312]},"properties":{"osm_id":"node/13850343164","kategori":"trafik_isigi","ad":null}},{"type":"Feature","geometry":{"type":"Point","coordinates":[28.98119,41.042572]},"properties":{"osm_id":"node/13850343165","kategori":"trafik_isigi","ad":null}},{"type":"Feature","geometry":{"type":"Point","coordinates":[29.00456,41.04175]},"properties":{"osm_id":"node/13856897133","kategori":"trafik_isigi","ad":null}},{"type":"Feature","geometry":{"type":"Point","coordinates":[29.006994,41.042369]},"properties":{"osm_id":"node/13856897181","kategori":"trafik_isigi","ad":null}},{"type":"Feature","geometry":{"type":"Point","coordinates":[29.007034,41.04408]},"properties":{"osm_id":"node/13856897182","kategori":"trafik_isigi","ad":null}},{"type":"Feature","geometry":{"type":"Point","coordinates":[28.99558,41.043594]},"properties":{"osm_id":"node/13856981983","kategori":"trafik_isigi","ad":null}},{"type":"Feature","geometry":{"type":"Point","coordinates":[28.99551,41.043398]},"properties":{"osm_id":"node/13856981984","kategori":"trafik_isigi","ad":null}},{"type":"Feature","geometry":{"type":"Point","coordinates":[28.772122,41.183749]},"properties":{"osm_id":"node/13858283357","kategori":"trafik_isigi","ad":null}},{"type":"Feature","geometry":{"type":"Point","coordinates":[29.069462,41.080349]},"properties":{"osm_id":"node/13887499087","kategori":"trafik_isigi","ad":null}},{"type":"Feature","geometry":{"type":"Point","coordinates":[29.0681,41.08156]},"properties":{"osm_id":"node/13887504316","kategori":"trafik_isigi","ad":null}},{"type":"Feature","geometry":{"type":"Point","coordinates":[29.06819,41.075733]},"properties":{"osm_id":"node/13887504317","kategori":"trafik_isigi","ad":null}},{"type":"Feature","geometry":{"type":"Point","coordinates":[28.82781,41.135645]},"properties":{"osm_id":"node/13889806632","kategori":"trafik_isigi","ad":null}},{"type":"Feature","geometry":{"type":"Point","coordinates":[28.828179,41.135672]},"properties":{"osm_id":"node/13889806633","kategori":"trafik_isigi","ad":null}},{"type":"Feature","geometry":{"type":"Point","coordinates":[29.085815,40.977525]},"properties":{"osm_id":"node/13891065349","kategori":"trafik_isigi","ad":null}},{"type":"Feature","geometry":{"type":"Point","coordinates":[28.866777,40.993962]},"properties":{"osm_id":"node/13891516109","kategori":"trafik_isigi","ad":null}},{"type":"Feature","geometry":{"type":"Point","coordinates":[28.86643,40.993918]},"properties":{"osm_id":"node/13891516119","kategori":"trafik_isigi","ad":null}},{"type":"Feature","geometry":{"type":"Point","coordinates":[28.866813,40.994165]},"properties":{"osm_id":"node/13891516124","kategori":"trafik_isigi","ad":null}},{"type":"Feature","geometry":{"type":"Point","coordinates":[28.867753,40.993697]},"properties":{"osm_id":"node/13891516135","kategori":"trafik_isigi","ad":null}},{"type":"Feature","geometry":{"type":"Point","coordinates":[28.869784,40.992364]},"properties":{"osm_id":"node/13891516141","kategori":"trafik_isigi","ad":null}},{"type":"Feature","geometry":{"type":"Point","coordinates":[28.869948,40.992091]},"properties":{"osm_id":"node/13891516164","kategori":"trafik_isigi","ad":null}},{"type":"Feature","geometry":{"type":"Point","coordinates":[28.867562,40.993474]},"properties":{"osm_id":"node/13891516165","kategori":"trafik_isigi","ad":null}},{"type":"Feature","geometry":{"type":"Point","coordinates":[28.867019,40.99378]},"properties":{"osm_id":"node/13891516172","kategori":"trafik_isigi","ad":null}},{"type":"Feature","geometry":{"type":"Point","coordinates":[28.867241,40.992811]},"properties":{"osm_id":"node/13891516199","kategori":"trafik_isigi","ad":null}},{"type":"Feature","geometry":{"type":"Point","coordinates":[28.867228,40.992772]},"properties":{"osm_id":"node/13891532702","kategori":"trafik_isigi","ad":null}},{"type":"Feature","geometry":{"type":"Point","coordinates":[28.867455,40.992675]},"properties":{"osm_id":"node/13891532704","kategori":"trafik_isigi","ad":null}},{"type":"Feature","geometry":{"type":"Point","coordinates":[28.867378,40.992867]},"properties":{"osm_id":"node/13891532705","kategori":"trafik_isigi","ad":null}},{"type":"Feature","geometry":{"type":"Point","coordinates":[28.867637,40.992771]},"properties":{"osm_id":"node/13891532706","kategori":"trafik_isigi","ad":null}},{"type":"Feature","geometry":{"type":"Point","coordinates":[28.868305,40.982756]},"properties":{"osm_id":"node/13891532723","kategori":"trafik_isigi","ad":null}},{"type":"Feature","geometry":{"type":"Point","coordinates":[28.868209,40.982701]},"properties":{"osm_id":"node/13891532724","kategori":"trafik_isigi","ad":null}},{"type":"Feature","geometry":{"type":"Point","coordinates":[28.776787,40.991537]},"properties":{"osm_id":"node/13891613599","kategori":"trafik_isigi","ad":null}},{"type":"Feature","geometry":{"type":"Point","coordinates":[28.776959,40.991853]},"properties":{"osm_id":"node/13891662318","kategori":"trafik_isigi","ad":null}},{"type":"Feature","geometry":{"type":"Point","coordinates":[28.776746,40.992287]},"properties":{"osm_id":"node/13891662330","kategori":"trafik_isigi","ad":null}},{"type":"Feature","geometry":{"type":"Point","coordinates":[28.776949,40.992088]},"properties":{"osm_id":"node/13891662343","kategori":"trafik_isigi","ad":null}},{"type":"Feature","geometry":{"type":"Point","coordinates":[28.778755,40.994079]},"properties":{"osm_id":"node/13891662443","kategori":"trafik_isigi","ad":null}},{"type":"Feature","geometry":{"type":"Point","coordinates":[28.761368,41.16951]},"properties":{"osm_id":"node/13894331094","kategori":"trafik_isigi","ad":null}},{"type":"Feature","geometry":{"type":"Point","coordinates":[28.761642,41.169391]},"properties":{"osm_id":"node/13894332062","kategori":"trafik_isigi","ad":null}},{"type":"Feature","geometry":{"type":"Point","coordinates":[29.028369,41.015203]},"properties":{"osm_id":"node/13898206876","kategori":"trafik_isigi","ad":null}},{"type":"Feature","geometry":{"type":"Point","coordinates":[29.028294,41.015032]},"properties":{"osm_id":"node/13898206877","kategori":"trafik_isigi","ad":null}},{"type":"Feature","geometry":{"type":"Point","coordinates":[29.028206,41.015178]},"properties":{"osm_id":"node/13898206878","kategori":"trafik_isigi","ad":null}},{"type":"Feature","geometry":{"type":"Point","coordinates":[29.088571,40.976428]},"properties":{"osm_id":"node/13898951773","kategori":"trafik_isigi","ad":null}},{"type":"Feature","geometry":{"type":"Point","coordinates":[29.085245,41.092594]},"properties":{"osm_id":"node/13899771396","kategori":"trafik_isigi","ad":null}},{"type":"Feature","geometry":{"type":"Point","coordinates":[29.084973,41.092586]},"properties":{"osm_id":"node/13899771397","kategori":"trafik_isigi","ad":null}},{"type":"Feature","geometry":{"type":"Point","coordinates":[28.625849,41.000822]},"properties":{"osm_id":"node/13900127684","kategori":"trafik_isigi","ad":null}},{"type":"Feature","geometry":{"type":"Point","coordinates":[28.625728,41.001058]},"properties":{"osm_id":"node/13900127686","kategori":"trafik_isigi","ad":null}},{"type":"Feature","geometry":{"type":"Point","coordinates":[28.631935,40.985275]},"properties":{"osm_id":"node/13901923535","kategori":"trafik_isigi","ad":null}},{"type":"Feature","geometry":{"type":"Point","coordinates":[28.621862,40.988623]},"properties":{"osm_id":"node/13901923565","kategori":"trafik_isigi","ad":null}},{"type":"Feature","geometry":{"type":"Point","coordinates":[28.622326,40.988537]},"properties":{"osm_id":"node/13901923566","kategori":"trafik_isigi","ad":null}},{"type":"Feature","geometry":{"type":"Point","coordinates":[28.621935,40.988402]},"properties":{"osm_id":"node/13901923570","kategori":"trafik_isigi","ad":null}},{"type":"Feature","geometry":{"type":"Point","coordinates":[28.967431,41.018574]},"properties":{"osm_id":"node/13906613086","kategori":"trafik_isigi","ad":null}},{"type":"Feature","geometry":{"type":"Point","coordinates":[28.966858,41.018705]},"properties":{"osm_id":"node/13906613095","kategori":"trafik_isigi","ad":null}},{"type":"Feature","geometry":{"type":"Point","coordinates":[28.966562,41.018702]},"properties":{"osm_id":"node/13906613096","kategori":"trafik_isigi","ad":null}},{"type":"Feature","geometry":{"type":"Point","coordinates":[28.694462,41.013479]},"properties":{"osm_id":"node/13906670346","kategori":"trafik_isigi","ad":null}},{"type":"Feature","geometry":{"type":"Point","coordinates":[28.866587,41.105731]},"properties":{"osm_id":"node/13910132144","kategori":"trafik_isigi","ad":null}},{"type":"Feature","geometry":{"type":"Point","coordinates":[28.779788,40.974956]},"properties":{"osm_id":"node/13921153536","kategori":"trafik_isigi","ad":null}},{"type":"Feature","geometry":{"type":"Point","coordinates":[28.780127,40.974879]},"properties":{"osm_id":"node/13921153537","kategori":"trafik_isigi","ad":null}},{"type":"Feature","geometry":{"type":"Point","coordinates":[28.782233,40.97497]},"properties":{"osm_id":"node/13921153552","kategori":"trafik_isigi","ad":null}},{"type":"Feature","geometry":{"type":"Point","coordinates":[28.980603,41.027138]},"properties":{"osm_id":"node/13929969113","kategori":"trafik_isigi","ad":null}},{"type":"Feature","geometry":{"type":"Point","coordinates":[28.984328,41.028229]},"properties":{"osm_id":"node/13929969136","kategori":"trafik_isigi","ad":null}},{"type":"Feature","geometry":{"type":"Point","coordinates":[28.984265,41.028057]},"properties":{"osm_id":"node/13929969146","kategori":"trafik_isigi","ad":null}},{"type":"Feature","geometry":{"type":"Point","coordinates":[28.984401,41.028224]},"properties":{"osm_id":"node/13929969159","kategori":"trafik_isigi","ad":null}},{"type":"Feature","geometry":{"type":"Point","coordinates":[28.984384,41.028106]},"properties":{"osm_id":"node/13929969165","kategori":"trafik_isigi","ad":null}},{"type":"Feature","geometry":{"type":"Point","coordinates":[28.989003,41.031171]},"properties":{"osm_id":"node/13929987177","kategori":"trafik_isigi","ad":null}},{"type":"Feature","geometry":{"type":"Point","coordinates":[28.989811,41.031705]},"properties":{"osm_id":"node/13929987224","kategori":"trafik_isigi","ad":null}},{"type":"Feature","geometry":{"type":"Point","coordinates":[28.989751,41.031982]},"properties":{"osm_id":"node/13929987243","kategori":"trafik_isigi","ad":null}},{"type":"Feature","geometry":{"type":"Point","coordinates":[28.982265,41.027578]},"properties":{"osm_id":"node/13929987281","kategori":"trafik_isigi","ad":null}},{"type":"Feature","geometry":{"type":"Point","coordinates":[28.982278,41.027431]},"properties":{"osm_id":"node/13929987282","kategori":"trafik_isigi","ad":null}},{"type":"Feature","geometry":{"type":"Point","coordinates":[29.069775,41.080188]},"properties":{"osm_id":"node/13936882831","kategori":"trafik_isigi","ad":null}},{"type":"Feature","geometry":{"type":"Point","coordinates":[29.089379,40.980984]},"properties":{"osm_id":"node/13937995337","kategori":"trafik_isigi","ad":null}},{"type":"Feature","geometry":{"type":"Point","coordinates":[29.08356,40.979861]},"properties":{"osm_id":"node/13945808033","kategori":"trafik_isigi","ad":null}},{"type":"Feature","geometry":{"type":"Point","coordinates":[28.664761,41.06502]},"properties":{"osm_id":"node/13946251009","kategori":"trafik_isigi","ad":null}},{"type":"Feature","geometry":{"type":"Point","coordinates":[28.791096,41.058303]},"properties":{"osm_id":"node/13952213408","kategori":"trafik_isigi","ad":null}},{"type":"Feature","geometry":{"type":"Point","coordinates":[28.790828,41.058563]},"properties":{"osm_id":"node/13952213409","kategori":"trafik_isigi","ad":null}},{"type":"Feature","geometry":{"type":"Point","coordinates":[28.790799,41.058487]},"properties":{"osm_id":"node/13952213410","kategori":"trafik_isigi","ad":null}},{"type":"Feature","geometry":{"type":"Point","coordinates":[29.08979,40.981081]},"properties":{"osm_id":"node/13956206481","kategori":"trafik_isigi","ad":null}},{"type":"Feature","geometry":{"type":"Point","coordinates":[28.980701,41.086509]},"properties":{"osm_id":"node/13956286433","kategori":"trafik_isigi","ad":null}},{"type":"Feature","geometry":{"type":"Point","coordinates":[28.978468,41.085227]},"properties":{"osm_id":"node/13956286466","kategori":"trafik_isigi","ad":null}},{"type":"Feature","geometry":{"type":"Point","coordinates":[29.350267,40.926639]},"properties":{"osm_id":"node/13956292658","kategori":"trafik_isigi","ad":null}},{"type":"Feature","geometry":{"type":"Point","coordinates":[29.015434,41.025069]},"properties":{"osm_id":"node/13982950951","kategori":"trafik_isigi","ad":null}},{"type":"Feature","geometry":{"type":"Point","coordinates":[28.929784,41.016837]},"properties":{"osm_id":"node/13992992581","kategori":"trafik_isigi","ad":null}},{"type":"Feature","geometry":{"type":"Point","coordinates":[28.929774,41.016771]},"properties":{"osm_id":"node/13992992582","kategori":"trafik_isigi","ad":null}},{"type":"Feature","geometry":{"type":"Point","coordinates":[28.941754,41.016368]},"properties":{"osm_id":"node/13993032406","kategori":"trafik_isigi","ad":null}},{"type":"Feature","geometry":{"type":"Point","coordinates":[28.945037,41.022351]},"properties":{"osm_id":"node/13993032430","kategori":"trafik_isigi","ad":null}},{"type":"Feature","geometry":{"type":"Point","coordinates":[29.090753,40.952568]},"properties":{"osm_id":"node/13995594765","kategori":"trafik_isigi","ad":null}},{"type":"Feature","geometry":{"type":"Point","coordinates":[29.041851,40.98106]},"properties":{"osm_id":"node/14007936316","kategori":"trafik_isigi","ad":null}},{"type":"Feature","geometry":{"type":"Point","coordinates":[29.051678,40.971949]},"properties":{"osm_id":"node/14014880345","kategori":"trafik_isigi","ad":null}},{"type":"Feature","geometry":{"type":"Point","coordinates":[29.057791,40.972582]},"properties":{"osm_id":"node/14015608140","kategori":"trafik_isigi","ad":null}},{"type":"Feature","geometry":{"type":"Point","coordinates":[28.699351,40.99497]},"properties":{"osm_id":"node/14018173601","kategori":"trafik_isigi","ad":null}},{"type":"Feature","geometry":{"type":"Point","coordinates":[28.699287,40.995121]},"properties":{"osm_id":"node/14018173602","kategori":"trafik_isigi","ad":null}},{"type":"Feature","geometry":{"type":"Point","coordinates":[29.046326,40.978361]},"properties":{"osm_id":"node/14018537744","kategori":"trafik_isigi","ad":null}},{"type":"Feature","geometry":{"type":"Point","coordinates":[29.215807,40.878555]},"properties":{"osm_id":"node/14026145655","kategori":"trafik_isigi","ad":null}},{"type":"Feature","geometry":{"type":"Point","coordinates":[29.216165,40.878465]},"properties":{"osm_id":"node/14026145656","kategori":"trafik_isigi","ad":null}},{"type":"Feature","geometry":{"type":"Point","coordinates":[29.215867,40.878599]},"properties":{"osm_id":"node/14026145657","kategori":"trafik_isigi","ad":null}},{"type":"Feature","geometry":{"type":"Point","coordinates":[29.195843,40.885125]},"properties":{"osm_id":"node/14026145668","kategori":"trafik_isigi","ad":null}},{"type":"Feature","geometry":{"type":"Point","coordinates":[29.224036,40.875203]},"properties":{"osm_id":"node/14026145678","kategori":"trafik_isigi","ad":null}},{"type":"Feature","geometry":{"type":"Point","coordinates":[29.223753,40.875207]},"properties":{"osm_id":"node/14026145679","kategori":"trafik_isigi","ad":null}},{"type":"Feature","geometry":{"type":"Point","coordinates":[29.223704,40.875174]},"properties":{"osm_id":"node/14026145680","kategori":"trafik_isigi","ad":null}},{"type":"Feature","geometry":{"type":"Point","coordinates":[29.224268,40.874736]},"properties":{"osm_id":"node/14026145681","kategori":"trafik_isigi","ad":null}},{"type":"Feature","geometry":{"type":"Point","coordinates":[29.232578,40.871849]},"properties":{"osm_id":"node/14026145689","kategori":"trafik_isigi","ad":null}},{"type":"Feature","geometry":{"type":"Point","coordinates":[29.232498,40.871592]},"properties":{"osm_id":"node/14026145690","kategori":"trafik_isigi","ad":null}},{"type":"Feature","geometry":{"type":"Point","coordinates":[28.604607,40.997715]},"properties":{"osm_id":"node/14026361578","kategori":"trafik_isigi","ad":null}},{"type":"Feature","geometry":{"type":"Point","coordinates":[28.604761,40.99746]},"properties":{"osm_id":"node/14026361579","kategori":"trafik_isigi","ad":null}},{"type":"Feature","geometry":{"type":"Point","coordinates":[28.604902,40.997301]},"properties":{"osm_id":"node/14026361580","kategori":"trafik_isigi","ad":null}},{"type":"Feature","geometry":{"type":"Point","coordinates":[28.605162,40.997352]},"properties":{"osm_id":"node/14026361581","kategori":"trafik_isigi","ad":null}},{"type":"Feature","geometry":{"type":"Point","coordinates":[29.095982,41.158359]},"properties":{"osm_id":"node/14057939698","kategori":"trafik_isigi","ad":null}},{"type":"Feature","geometry":{"type":"Point","coordinates":[29.343391,40.929949]},"properties":{"osm_id":"node/14061618816","kategori":"trafik_isigi","ad":null}},{"type":"Feature","geometry":{"type":"Point","coordinates":[29.217408,40.912423]},"properties":{"osm_id":"node/14071165876","kategori":"trafik_isigi","ad":null}},{"type":"Feature","geometry":{"type":"Point","coordinates":[28.628839,41.117278]},"properties":{"osm_id":"node/14077391705","kategori":"trafik_isigi","ad":null}},{"type":"Feature","geometry":{"type":"Point","coordinates":[28.634007,41.10561]},"properties":{"osm_id":"node/14077391848","kategori":"trafik_isigi","ad":null}},{"type":"Feature","geometry":{"type":"Point","coordinates":[28.634195,41.105403]},"properties":{"osm_id":"node/14077391849","kategori":"trafik_isigi","ad":null}},{"type":"Feature","geometry":{"type":"Point","coordinates":[28.635839,41.093914]},"properties":{"osm_id":"node/14077391921","kategori":"trafik_isigi","ad":null}},{"type":"Feature","geometry":{"type":"Point","coordinates":[28.635669,41.094158]},"properties":{"osm_id":"node/14077391943","kategori":"trafik_isigi","ad":null}},{"type":"Feature","geometry":{"type":"Point","coordinates":[28.635501,41.09403]},"properties":{"osm_id":"node/14077391944","kategori":"trafik_isigi","ad":null}},{"type":"Feature","geometry":{"type":"Point","coordinates":[28.650268,41.087401]},"properties":{"osm_id":"node/14077391947","kategori":"trafik_isigi","ad":null}},{"type":"Feature","geometry":{"type":"Point","coordinates":[28.650586,41.087236]},"properties":{"osm_id":"node/14077391948","kategori":"trafik_isigi","ad":null}},{"type":"Feature","geometry":{"type":"Point","coordinates":[28.650287,41.087226]},"properties":{"osm_id":"node/14077391952","kategori":"trafik_isigi","ad":null}},{"type":"Feature","geometry":{"type":"Point","coordinates":[28.623887,41.133946]},"properties":{"osm_id":"node/14077391990","kategori":"trafik_isigi","ad":null}},{"type":"Feature","geometry":{"type":"Point","coordinates":[28.623937,41.133862]},"properties":{"osm_id":"node/14077391991","kategori":"trafik_isigi","ad":null}},{"type":"Feature","geometry":{"type":"Point","coordinates":[29.389664,40.945129]},"properties":{"osm_id":"node/14079155499","kategori":"trafik_isigi","ad":null}},{"type":"Feature","geometry":{"type":"Point","coordinates":[28.827806,41.135703]},"properties":{"osm_id":"node/14081687523","kategori":"trafik_isigi","ad":null}},{"type":"Feature","geometry":{"type":"Point","coordinates":[28.839049,41.128385]},"properties":{"osm_id":"node/14081687526","kategori":"trafik_isigi","ad":null}},{"type":"Feature","geometry":{"type":"Point","coordinates":[28.838808,41.128437]},"properties":{"osm_id":"node/14081687527","kategori":"trafik_isigi","ad":null}},{"type":"Feature","geometry":{"type":"Point","coordinates":[28.825805,40.981589]},"properties":{"osm_id":"node/14085895631","kategori":"trafik_isigi","ad":null}},{"type":"Feature","geometry":{"type":"Point","coordinates":[28.834388,40.96901]},"properties":{"osm_id":"node/14085910420","kategori":"trafik_isigi","ad":null}},{"type":"Feature","geometry":{"type":"Point","coordinates":[28.834309,40.969024]},"properties":{"osm_id":"node/14085910424","kategori":"trafik_isigi","ad":null}},{"type":"Feature","geometry":{"type":"Point","coordinates":[28.837248,40.973626]},"properties":{"osm_id":"node/14085910441","kategori":"trafik_isigi","ad":null}},{"type":"Feature","geometry":{"type":"Point","coordinates":[28.722822,41.194558]},"properties":{"osm_id":"node/14087708834","kategori":"trafik_isigi","ad":null}},{"type":"Feature","geometry":{"type":"Point","coordinates":[28.722826,41.194463]},"properties":{"osm_id":"node/14087708835","kategori":"trafik_isigi","ad":null}},{"type":"Feature","geometry":{"type":"Point","coordinates":[28.726441,41.198598]},"properties":{"osm_id":"node/14087708889","kategori":"trafik_isigi","ad":null}},{"type":"Feature","geometry":{"type":"Point","coordinates":[28.726692,41.198377]},"properties":{"osm_id":"node/14087708890","kategori":"trafik_isigi","ad":null}},{"type":"Feature","geometry":{"type":"Point","coordinates":[28.72666,41.198614]},"properties":{"osm_id":"node/14087708891","kategori":"trafik_isigi","ad":null}},{"type":"Feature","geometry":{"type":"Point","coordinates":[28.729292,41.195709]},"properties":{"osm_id":"node/14087708894","kategori":"trafik_isigi","ad":null}},{"type":"Feature","geometry":{"type":"Point","coordinates":[28.728998,41.195707]},"properties":{"osm_id":"node/14087708895","kategori":"trafik_isigi","ad":null}},{"type":"Feature","geometry":{"type":"Point","coordinates":[28.730652,41.1862]},"properties":{"osm_id":"node/14087709847","kategori":"trafik_isigi","ad":null}},{"type":"Feature","geometry":{"type":"Point","coordinates":[28.730772,41.186251]},"properties":{"osm_id":"node/14087709848","kategori":"trafik_isigi","ad":null}},{"type":"Feature","geometry":{"type":"Point","coordinates":[28.768901,41.138848]},"properties":{"osm_id":"node/14090416560","kategori":"trafik_isigi","ad":null}},{"type":"Feature","geometry":{"type":"Point","coordinates":[28.768769,41.138624]},"properties":{"osm_id":"node/14090416561","kategori":"trafik_isigi","ad":null}},{"type":"Feature","geometry":{"type":"Point","coordinates":[28.776445,41.144824]},"properties":{"osm_id":"node/14090416564","kategori":"trafik_isigi","ad":null}},{"type":"Feature","geometry":{"type":"Point","coordinates":[28.776514,41.144627]},"properties":{"osm_id":"node/14090416565","kategori":"trafik_isigi","ad":null}},{"type":"Feature","geometry":{"type":"Point","coordinates":[29.083687,40.981382]},"properties":{"osm_id":"node/14092328907","kategori":"trafik_isigi","ad":null}},{"type":"Feature","geometry":{"type":"Point","coordinates":[29.080691,40.979885]},"properties":{"osm_id":"node/14093878095","kategori":"trafik_isigi","ad":null}},{"type":"Feature","geometry":{"type":"Point","coordinates":[28.626057,41.057348]},"properties":{"osm_id":"node/14096258349","kategori":"trafik_isigi","ad":null}},{"type":"Feature","geometry":{"type":"Point","coordinates":[29.146347,40.97126]},"properties":{"osm_id":"node/14098504074","kategori":"trafik_isigi","ad":null}},{"type":"Feature","geometry":{"type":"Point","coordinates":[28.650536,41.087423]},"properties":{"osm_id":"node/14102721807","kategori":"trafik_isigi","ad":null}},{"type":"Feature","geometry":{"type":"Point","coordinates":[28.682862,41.062531]},"properties":{"osm_id":"node/14104792881","kategori":"trafik_isigi","ad":null}},{"type":"Feature","geometry":{"type":"Point","coordinates":[28.682277,41.062543]},"properties":{"osm_id":"node/14104802538","kategori":"trafik_isigi","ad":null}},{"type":"Feature","geometry":{"type":"Point","coordinates":[28.662753,41.066846]},"properties":{"osm_id":"node/14104802839","kategori":"trafik_isigi","ad":null}},{"type":"Feature","geometry":{"type":"Point","coordinates":[28.659834,41.070183]},"properties":{"osm_id":"node/14104802858","kategori":"trafik_isigi","ad":null}},{"type":"Feature","geometry":{"type":"Point","coordinates":[28.660151,41.069987]},"properties":{"osm_id":"node/14104802859","kategori":"trafik_isigi","ad":null}},{"type":"Feature","geometry":{"type":"Point","coordinates":[28.662962,41.066802]},"properties":{"osm_id":"node/14104803001","kategori":"trafik_isigi","ad":null}},{"type":"Feature","geometry":{"type":"Point","coordinates":[28.642063,41.096938]},"properties":{"osm_id":"node/14104803043","kategori":"trafik_isigi","ad":null}},{"type":"Feature","geometry":{"type":"Point","coordinates":[28.645544,41.092018]},"properties":{"osm_id":"node/14104803071","kategori":"trafik_isigi","ad":null}},{"type":"Feature","geometry":{"type":"Point","coordinates":[29.072428,40.958975]},"properties":{"osm_id":"node/14111801585","kategori":"trafik_isigi","ad":null}},{"type":"Feature","geometry":{"type":"Point","coordinates":[28.883202,41.074843]},"properties":{"osm_id":"node/14121565203","kategori":"trafik_isigi","ad":null}},{"type":"Feature","geometry":{"type":"Point","coordinates":[28.883366,41.074918]},"properties":{"osm_id":"node/14121565204","kategori":"trafik_isigi","ad":null}},{"type":"Feature","geometry":{"type":"Point","coordinates":[28.817661,41.030958]},"properties":{"osm_id":"node/14123365285","kategori":"trafik_isigi","ad":null}},{"type":"Feature","geometry":{"type":"Point","coordinates":[28.817739,41.031074]},"properties":{"osm_id":"node/14123365286","kategori":"trafik_isigi","ad":null}},{"type":"Feature","geometry":{"type":"Point","coordinates":[28.820584,41.031476]},"properties":{"osm_id":"node/14123365288","kategori":"trafik_isigi","ad":null}},{"type":"Feature","geometry":{"type":"Point","coordinates":[28.823653,41.031712]},"properties":{"osm_id":"node/14123365294","kategori":"trafik_isigi","ad":null}},{"type":"Feature","geometry":{"type":"Point","coordinates":[28.823753,41.031613]},"properties":{"osm_id":"node/14123365298","kategori":"trafik_isigi","ad":null}},{"type":"Feature","geometry":{"type":"Point","coordinates":[28.824423,41.031665]},"properties":{"osm_id":"node/14123376902","kategori":"trafik_isigi","ad":null}},{"type":"Feature","geometry":{"type":"Point","coordinates":[28.831744,41.031106]},"properties":{"osm_id":"node/14123672232","kategori":"trafik_isigi","ad":null}},{"type":"Feature","geometry":{"type":"Point","coordinates":[28.831624,41.031024]},"properties":{"osm_id":"node/14123672233","kategori":"trafik_isigi","ad":null}},{"type":"Feature","geometry":{"type":"Point","coordinates":[28.834902,41.03014]},"properties":{"osm_id":"node/14123672282","kategori":"trafik_isigi","ad":null}},{"type":"Feature","geometry":{"type":"Point","coordinates":[28.834687,41.030943]},"properties":{"osm_id":"node/14123672287","kategori":"trafik_isigi","ad":null}},{"type":"Feature","geometry":{"type":"Point","coordinates":[28.834392,41.031149]},"properties":{"osm_id":"node/14123672296","kategori":"trafik_isigi","ad":null}},{"type":"Feature","geometry":{"type":"Point","coordinates":[28.834358,41.031147]},"properties":{"osm_id":"node/14123672299","kategori":"trafik_isigi","ad":null}},{"type":"Feature","geometry":{"type":"Point","coordinates":[28.834193,41.031373]},"properties":{"osm_id":"node/14123672314","kategori":"trafik_isigi","ad":null}},{"type":"Feature","geometry":{"type":"Point","coordinates":[28.833429,41.034393]},"properties":{"osm_id":"node/14123672338","kategori":"trafik_isigi","ad":null}},{"type":"Feature","geometry":{"type":"Point","coordinates":[28.833319,41.034228]},"properties":{"osm_id":"node/14123672343","kategori":"trafik_isigi","ad":null}},{"type":"Feature","geometry":{"type":"Point","coordinates":[28.833323,41.03419]},"properties":{"osm_id":"node/14123672345","kategori":"trafik_isigi","ad":null}},{"type":"Feature","geometry":{"type":"Point","coordinates":[28.834484,41.037968]},"properties":{"osm_id":"node/14123672374","kategori":"trafik_isigi","ad":null}},{"type":"Feature","geometry":{"type":"Point","coordinates":[28.83419,41.038115]},"properties":{"osm_id":"node/14123672401","kategori":"trafik_isigi","ad":null}},{"type":"Feature","geometry":{"type":"Point","coordinates":[28.829975,41.045259]},"properties":{"osm_id":"node/14123672438","kategori":"trafik_isigi","ad":null}},{"type":"Feature","geometry":{"type":"Point","coordinates":[28.830146,41.045339]},"properties":{"osm_id":"node/14123672445","kategori":"trafik_isigi","ad":null}},{"type":"Feature","geometry":{"type":"Point","coordinates":[28.83042,41.045251]},"properties":{"osm_id":"node/14123672454","kategori":"trafik_isigi","ad":null}},{"type":"Feature","geometry":{"type":"Point","coordinates":[28.830607,41.045465]},"properties":{"osm_id":"node/14123672467","kategori":"trafik_isigi","ad":null}},{"type":"Feature","geometry":{"type":"Point","coordinates":[28.829435,41.047093]},"properties":{"osm_id":"node/14123672524","kategori":"trafik_isigi","ad":null}},{"type":"Feature","geometry":{"type":"Point","coordinates":[28.830185,41.048355]},"properties":{"osm_id":"node/14123672537","kategori":"trafik_isigi","ad":null}},{"type":"Feature","geometry":{"type":"Point","coordinates":[28.83033,41.048169]},"properties":{"osm_id":"node/14123672578","kategori":"trafik_isigi","ad":null}},{"type":"Feature","geometry":{"type":"Point","coordinates":[28.83004,41.045088]},"properties":{"osm_id":"node/14123672579","kategori":"trafik_isigi","ad":null}},{"type":"Feature","geometry":{"type":"Point","coordinates":[28.91537,41.030752]},"properties":{"osm_id":"node/14124048017","kategori":"trafik_isigi","ad":null}},{"type":"Feature","geometry":{"type":"Point","coordinates":[28.915321,41.030671]},"properties":{"osm_id":"node/14124048018","kategori":"trafik_isigi","ad":null}},{"type":"Feature","geometry":{"type":"Point","coordinates":[28.829916,41.053165]},"properties":{"osm_id":"node/14124085726","kategori":"trafik_isigi","ad":null}},{"type":"Feature","geometry":{"type":"Point","coordinates":[28.829858,41.052965]},"properties":{"osm_id":"node/14124085729","kategori":"trafik_isigi","ad":null}},{"type":"Feature","geometry":{"type":"Point","coordinates":[28.831643,41.059551]},"properties":{"osm_id":"node/14124085777","kategori":"trafik_isigi","ad":null}},{"type":"Feature","geometry":{"type":"Point","coordinates":[28.83157,41.059661]},"properties":{"osm_id":"node/14124085778","kategori":"trafik_isigi","ad":null}},{"type":"Feature","geometry":{"type":"Point","coordinates":[28.800934,41.009692]},"properties":{"osm_id":"node/14129465958","kategori":"trafik_isigi","ad":null}},{"type":"Feature","geometry":{"type":"Point","coordinates":[28.801966,41.011233]},"properties":{"osm_id":"node/14129482146","kategori":"trafik_isigi","ad":null}},{"type":"Feature","geometry":{"type":"Point","coordinates":[28.973444,41.002024]},"properties":{"osm_id":"node/14130198583","kategori":"trafik_isigi","ad":null}},{"type":"Feature","geometry":{"type":"Point","coordinates":[28.973689,41.002133]},"properties":{"osm_id":"node/14130198584","kategori":"trafik_isigi","ad":null}},{"type":"Feature","geometry":{"type":"Point","coordinates":[28.975311,41.002201]},"properties":{"osm_id":"node/14130198586","kategori":"trafik_isigi","ad":null}},{"type":"Feature","geometry":{"type":"Point","coordinates":[28.769734,40.987922]},"properties":{"osm_id":"node/14135608625","kategori":"trafik_isigi","ad":null}},{"type":"Feature","geometry":{"type":"Point","coordinates":[28.878802,41.077137]},"properties":{"osm_id":"node/14138410514","kategori":"trafik_isigi","ad":null}},{"type":"Feature","geometry":{"type":"Point","coordinates":[28.942781,41.046152]},"properties":{"osm_id":"node/14138476157","kategori":"trafik_isigi","ad":null}},{"type":"Feature","geometry":{"type":"Point","coordinates":[28.942882,41.053485]},"properties":{"osm_id":"node/14138476187","kategori":"trafik_isigi","ad":null}},{"type":"Feature","geometry":{"type":"Point","coordinates":[28.942779,41.053208]},"properties":{"osm_id":"node/14138476188","kategori":"trafik_isigi","ad":null}},{"type":"Feature","geometry":{"type":"Point","coordinates":[28.775139,41.211168]},"properties":{"osm_id":"node/14138717673","kategori":"trafik_isigi","ad":null}},{"type":"Feature","geometry":{"type":"Point","coordinates":[28.775188,41.211134]},"properties":{"osm_id":"node/14138717674","kategori":"trafik_isigi","ad":null}},{"type":"Feature","geometry":{"type":"Point","coordinates":[28.775109,41.210915]},"properties":{"osm_id":"node/14138717675","kategori":"trafik_isigi","ad":null}},{"type":"Feature","geometry":{"type":"Point","coordinates":[28.969195,41.079546]},"properties":{"osm_id":"node/14143222678","kategori":"trafik_isigi","ad":null}},{"type":"Feature","geometry":{"type":"Point","coordinates":[28.96917,41.079563]},"properties":{"osm_id":"node/14143222679","kategori":"trafik_isigi","ad":null}},{"type":"Feature","geometry":{"type":"Point","coordinates":[28.805028,41.120208]},"properties":{"osm_id":"node/14145236409","kategori":"trafik_isigi","ad":null}},{"type":"Feature","geometry":{"type":"Point","coordinates":[28.805045,41.120361]},"properties":{"osm_id":"node/14145236410","kategori":"trafik_isigi","ad":null}},{"type":"Feature","geometry":{"type":"Point","coordinates":[28.680125,41.042895]},"properties":{"osm_id":"node/14152704039","kategori":"trafik_isigi","ad":null}},{"type":"Feature","geometry":{"type":"Point","coordinates":[28.680204,41.042894]},"properties":{"osm_id":"node/14152704040","kategori":"trafik_isigi","ad":null}},{"type":"Feature","geometry":{"type":"Point","coordinates":[28.689201,41.040515]},"properties":{"osm_id":"node/14152704044","kategori":"trafik_isigi","ad":null}},{"type":"Feature","geometry":{"type":"Point","coordinates":[28.689819,41.040246]},"properties":{"osm_id":"node/14152704045","kategori":"trafik_isigi","ad":null}},{"type":"Feature","geometry":{"type":"Point","coordinates":[28.68406,41.033472]},"properties":{"osm_id":"node/14152704083","kategori":"trafik_isigi","ad":null}},{"type":"Feature","geometry":{"type":"Point","coordinates":[28.683992,41.033539]},"properties":{"osm_id":"node/14152704084","kategori":"trafik_isigi","ad":null}},{"type":"Feature","geometry":{"type":"Point","coordinates":[28.684185,41.033629]},"properties":{"osm_id":"node/14152704085","kategori":"trafik_isigi","ad":null}},{"type":"Feature","geometry":{"type":"Point","coordinates":[28.680246,41.021749]},"properties":{"osm_id":"node/14154058668","kategori":"trafik_isigi","ad":null}},{"type":"Feature","geometry":{"type":"Point","coordinates":[28.929348,41.058982]},"properties":{"osm_id":"node/14161818703","kategori":"trafik_isigi","ad":null}},{"type":"Feature","geometry":{"type":"Point","coordinates":[28.929246,41.059098]},"properties":{"osm_id":"node/14161818705","kategori":"trafik_isigi","ad":null}},{"type":"Feature","geometry":{"type":"Point","coordinates":[28.990208,41.17429]},"properties":{"osm_id":"node/14175268648","kategori":"trafik_isigi","ad":null}},{"type":"Feature","geometry":{"type":"Point","coordinates":[28.990091,41.174071]},"properties":{"osm_id":"node/14175268660","kategori":"trafik_isigi","ad":null}},{"type":"Feature","geometry":{"type":"Point","coordinates":[28.992634,41.179159]},"properties":{"osm_id":"node/14175327931","kategori":"trafik_isigi","ad":null}},{"type":"Feature","geometry":{"type":"Point","coordinates":[28.960242,41.10053]},"properties":{"osm_id":"node/14181051806","kategori":"trafik_isigi","ad":null}},{"type":"Feature","geometry":{"type":"Point","coordinates":[28.795313,41.007831]},"properties":{"osm_id":"node/14183445089","kategori":"trafik_isigi","ad":null}}]}