{"type":"FeatureCollection","kaynak":"OpenStreetMap katkıcıları, ODbL 1.0, Overpass API ile çekildi","cekim_tarihi":"2026-09-18","features":[{"type":"Feature","geometry":{"type":"Point","coordinates":[28.702044,40.977939]},"properties":{"osm_id":"node/292568789","kategori":"atm","ad":null}},{"type":"Feature","geometry":{"type":"Point","coordinates":[28.977441,41.007635]},"properties":{"osm_id":"node/415158577","kategori":"atm","ad":"Türkiye Bankasi"}},{"type":"Feature","geometry":{"type":"Point","coordinates":[29.044208,41.085093]},"properties":{"osm_id":"node/538394065","kategori":"atm","ad":null}},{"type":"Feature","geometry":{"type":"Point","coordinates":[28.845919,40.988685]},"properties":{"osm_id":"node/795612976","kategori":"atm","ad":"Atrium AVM"}},{"type":"Feature","geometry":{"type":"Point","coordinates":[29.021722,40.991338]},"properties":{"osm_id":"node/1179391414","kategori":"atm","ad":null}},{"type":"Feature","geometry":{"type":"Point","coordinates":[29.049311,41.00742]},"properties":{"osm_id":"node/1436025862","kategori":"atm","ad":null}},{"type":"Feature","geometry":{"type":"Point","coordinates":[28.740862,40.979747]},"properties":{"osm_id":"node/1654299806","kategori":"atm","ad":null}},{"type":"Feature","geometry":{"type":"Point","coordinates":[29.038314,40.992559]},"properties":{"osm_id":"node/1755940796","kategori":"atm","ad":"Denizbank"}},{"type":"Feature","geometry":{"type":"Point","coordinates":[28.976135,41.014358]},"properties":{"osm_id":"node/1839047369","kategori":"atm","ad":null}},{"type":"Feature","geometry":{"type":"Point","coordinates":[28.979654,41.007195]},"properties":{"osm_id":"node/1908677155","kategori":"atm","ad":null}},{"type":"Feature","geometry":{"type":"Point","coordinates":[28.97815,41.011692]},"properties":{"osm_id":"node/1909211029","kategori":"atm","ad":"Garanti Bankası"}},{"type":"Feature","geometry":{"type":"Point","coordinates":[28.983103,41.032155]},"properties":{"osm_id":"node/1909933165","kategori":"atm","ad":null}},{"type":"Feature","geometry":{"type":"Point","coordinates":[28.983583,41.032988]},"properties":{"osm_id":"node/1909933166","kategori":"atm","ad":null}},{"type":"Feature","geometry":{"type":"Point","coordinates":[28.97678,41.033972]},"properties":{"osm_id":"node/1912249112","kategori":"atm","ad":"Denizbank"}},{"type":"Feature","geometry":{"type":"Point","coordinates":[29.248216,40.895263]},"properties":{"osm_id":"node/1914344841","kategori":"atm","ad":"Akbank"}},{"type":"Feature","geometry":{"type":"Point","coordinates":[28.975914,41.033693]},"properties":{"osm_id":"node/1915390156","kategori":"atm","ad":"TEB"}},{"type":"Feature","geometry":{"type":"Point","coordinates":[29.043932,41.043906]},"properties":{"osm_id":"node/1964721544","kategori":"atm","ad":"Garanti Bankası"}},{"type":"Feature","geometry":{"type":"Point","coordinates":[29.164985,40.911231]},"properties":{"osm_id":"node/1989573687","kategori":"atm","ad":null}},{"type":"Feature","geometry":{"type":"Point","coordinates":[29.163021,40.910599]},"properties":{"osm_id":"node/1989573693","kategori":"atm","ad":"HSBC"}},{"type":"Feature","geometry":{"type":"Point","coordinates":[29.160457,40.908158]},"properties":{"osm_id":"node/1989573694","kategori":"atm","ad":"TEB"}},{"type":"Feature","geometry":{"type":"Point","coordinates":[29.053369,41.096047]},"properties":{"osm_id":"node/1990132909","kategori":"atm","ad":null}},{"type":"Feature","geometry":{"type":"Point","coordinates":[29.051724,41.083795]},"properties":{"osm_id":"node/2245028875","kategori":"atm","ad":null}},{"type":"Feature","geometry":{"type":"Point","coordinates":[28.99719,41.066843]},"properties":{"osm_id":"node/2261194427","kategori":"atm","ad":null}},{"type":"Feature","geometry":{"type":"Point","coordinates":[28.625624,41.004069]},"properties":{"osm_id":"node/2278156998","kategori":"atm","ad":"Ziraat Bankası"}},{"type":"Feature","geometry":{"type":"Point","coordinates":[28.625624,41.004176]},"properties":{"osm_id":"node/2278157191","kategori":"atm","ad":"Türkiye İş Bankası"}},{"type":"Feature","geometry":{"type":"Point","coordinates":[28.62564,41.00398]},"properties":{"osm_id":"node/2278157633","kategori":"atm","ad":"TEB"}},{"type":"Feature","geometry":{"type":"Point","coordinates":[28.62556,41.004263]},"properties":{"osm_id":"node/2278157649","kategori":"atm","ad":"HSBC"}},{"type":"Feature","geometry":{"type":"Point","coordinates":[28.655794,41.011309]},"properties":{"osm_id":"node/2282172081","kategori":"atm","ad":"QNB Finansbank"}},{"type":"Feature","geometry":{"type":"Point","coordinates":[28.655845,41.011372]},"properties":{"osm_id":"node/2282172168","kategori":"atm","ad":"HSBC"}},{"type":"Feature","geometry":{"type":"Point","coordinates":[28.655897,41.011442]},"properties":{"osm_id":"node/2282172196","kategori":"atm","ad":"Yapı Kredi"}},{"type":"Feature","geometry":{"type":"Point","coordinates":[28.655939,41.011492]},"properties":{"osm_id":"node/2282172541","kategori":"atm","ad":"TEB"}},{"type":"Feature","geometry":{"type":"Point","coordinates":[28.655979,41.011544]},"properties":{"osm_id":"node/2282172590","kategori":"atm","ad":"Denizbank"}},{"type":"Feature","geometry":{"type":"Point","coordinates":[28.655762,41.011271]},"properties":{"osm_id":"node/2282172686","kategori":"atm","ad":null}},{"type":"Feature","geometry":{"type":"Point","coordinates":[28.656007,41.011577]},"properties":{"osm_id":"node/2282172885","kategori":"atm","ad":null}},{"type":"Feature","geometry":{"type":"Point","coordinates":[28.656033,41.011618]},"properties":{"osm_id":"node/2282172896","kategori":"atm","ad":"Türkiye İş Bankası"}},{"type":"Feature","geometry":{"type":"Point","coordinates":[29.180354,41.011219]},"properties":{"osm_id":"node/2340479897","kategori":"atm","ad":null}},{"type":"Feature","geometry":{"type":"Point","coordinates":[29.073481,41.204987]},"properties":{"osm_id":"node/2355900667","kategori":"atm","ad":null}},{"type":"Feature","geometry":{"type":"Point","coordinates":[29.068935,40.966639]},"properties":{"osm_id":"node/2434635733","kategori":"atm","ad":"Denizbank"}},{"type":"Feature","geometry":{"type":"Point","coordinates":[29.068592,40.966544]},"properties":{"osm_id":"node/2434635734","kategori":"atm","ad":"Türkiye İş Bankası"}},{"type":"Feature","geometry":{"type":"Point","coordinates":[29.068979,40.96662]},"properties":{"osm_id":"node/2434635735","kategori":"atm","ad":"Garanti Bankası"}},{"type":"Feature","geometry":{"type":"Point","coordinates":[29.035078,40.987356]},"properties":{"osm_id":"node/2437124334","kategori":"atm","ad":"Denizbank"}},{"type":"Feature","geometry":{"type":"Point","coordinates":[29.065562,40.963567]},"properties":{"osm_id":"node/2437539141","kategori":"atm","ad":null}},{"type":"Feature","geometry":{"type":"Point","coordinates":[29.065535,40.96358]},"properties":{"osm_id":"node/2437539142","kategori":"atm","ad":null}},{"type":"Feature","geometry":{"type":"Point","coordinates":[29.065507,40.963589]},"properties":{"osm_id":"node/2437539144","kategori":"atm","ad":null}},{"type":"Feature","geometry":{"type":"Point","coordinates":[29.065483,40.963598]},"properties":{"osm_id":"node/2437539145","kategori":"atm","ad":null}},{"type":"Feature","geometry":{"type":"Point","coordinates":[29.059196,40.971703]},"properties":{"osm_id":"node/2449011846","kategori":"atm","ad":null}},{"type":"Feature","geometry":{"type":"Point","coordinates":[29.05915,40.971727]},"properties":{"osm_id":"node/2449011850","kategori":"atm","ad":null}},{"type":"Feature","geometry":{"type":"Point","coordinates":[29.059097,40.971748]},"properties":{"osm_id":"node/2449011852","kategori":"atm","ad":null}},{"type":"Feature","geometry":{"type":"Point","coordinates":[29.029826,40.990033]},"properties":{"osm_id":"node/2450075092","kategori":"atm","ad":null}},{"type":"Feature","geometry":{"type":"Point","coordinates":[29.029812,40.990035]},"properties":{"osm_id":"node/2450075093","kategori":"atm","ad":null}},{"type":"Feature","geometry":{"type":"Point","coordinates":[29.029802,40.990035]},"properties":{"osm_id":"node/2450075094","kategori":"atm","ad":null}},{"type":"Feature","geometry":{"type":"Point","coordinates":[29.029791,40.990035]},"properties":{"osm_id":"node/2450075095","kategori":"atm","ad":null}},{"type":"Feature","geometry":{"type":"Point","coordinates":[29.068341,40.981436]},"properties":{"osm_id":"node/2451348631","kategori":"atm","ad":null}},{"type":"Feature","geometry":{"type":"Point","coordinates":[29.068347,40.981449]},"properties":{"osm_id":"node/2451348634","kategori":"atm","ad":null}},{"type":"Feature","geometry":{"type":"Point","coordinates":[29.068437,40.981617]},"properties":{"osm_id":"node/2451348636","kategori":"atm","ad":null}},{"type":"Feature","geometry":{"type":"Point","coordinates":[29.068446,40.981632]},"properties":{"osm_id":"node/2451348638","kategori":"atm","ad":null}},{"type":"Feature","geometry":{"type":"Point","coordinates":[29.068456,40.981651]},"properties":{"osm_id":"node/2451348641","kategori":"atm","ad":null}},{"type":"Feature","geometry":{"type":"Point","coordinates":[29.068465,40.981668]},"properties":{"osm_id":"node/2451348643","kategori":"atm","ad":null}},{"type":"Feature","geometry":{"type":"Point","coordinates":[29.038834,40.980472]},"properties":{"osm_id":"node/2456302498","kategori":"atm","ad":"Türkiye İş Bankası"}},{"type":"Feature","geometry":{"type":"Point","coordinates":[29.039257,40.971794]},"properties":{"osm_id":"node/2464107177","kategori":"atm","ad":null}},{"type":"Feature","geometry":{"type":"Point","coordinates":[29.03916,40.971665]},"properties":{"osm_id":"node/2464107183","kategori":"atm","ad":null}},{"type":"Feature","geometry":{"type":"Point","coordinates":[29.039206,40.971727]},"properties":{"osm_id":"node/2464107186","kategori":"atm","ad":null}},{"type":"Feature","geometry":{"type":"Point","coordinates":[29.039123,40.971612]},"properties":{"osm_id":"node/2464107192","kategori":"atm","ad":null}},{"type":"Feature","geometry":{"type":"Point","coordinates":[29.03914,40.971632]},"properties":{"osm_id":"node/2464107204","kategori":"atm","ad":null}},{"type":"Feature","geometry":{"type":"Point","coordinates":[29.039185,40.971698]},"properties":{"osm_id":"node/2464107206","kategori":"atm","ad":null}},{"type":"Feature","geometry":{"type":"Point","coordinates":[29.093947,40.952643]},"properties":{"osm_id":"node/2469134344","kategori":"atm","ad":null}},{"type":"Feature","geometry":{"type":"Point","coordinates":[29.093925,40.952648]},"properties":{"osm_id":"node/2469162840","kategori":"atm","ad":null}},{"type":"Feature","geometry":{"type":"Point","coordinates":[29.093907,40.952652]},"properties":{"osm_id":"node/2469162842","kategori":"atm","ad":null}},{"type":"Feature","geometry":{"type":"Point","coordinates":[29.093889,40.952655]},"properties":{"osm_id":"node/2469162845","kategori":"atm","ad":null}},{"type":"Feature","geometry":{"type":"Point","coordinates":[29.095186,40.953261]},"properties":{"osm_id":"node/2469886162","kategori":"atm","ad":null}},{"type":"Feature","geometry":{"type":"Point","coordinates":[29.025522,40.986857]},"properties":{"osm_id":"node/2500767425","kategori":"atm","ad":"Akbank"}},{"type":"Feature","geometry":{"type":"Point","coordinates":[29.020031,41.104655]},"properties":{"osm_id":"node/2534917086","kategori":"atm","ad":"Türkiye İş Bankası"}},{"type":"Feature","geometry":{"type":"Point","coordinates":[29.020131,41.104664]},"properties":{"osm_id":"node/2534917098","kategori":"atm","ad":"TAM - Vakıfbank"}},{"type":"Feature","geometry":{"type":"Point","coordinates":[29.022031,41.208251]},"properties":{"osm_id":"node/2795544970","kategori":"atm","ad":"Finansbank"}},{"type":"Feature","geometry":{"type":"Point","coordinates":[29.186456,40.959715]},"properties":{"osm_id":"node/2850968170","kategori":"atm","ad":"Türkiye İş Bankası"}},{"type":"Feature","geometry":{"type":"Point","coordinates":[29.031468,40.987076]},"properties":{"osm_id":"node/2990375622","kategori":"atm","ad":"Ziraat Bankası"}},{"type":"Feature","geometry":{"type":"Point","coordinates":[28.975466,41.003842]},"properties":{"osm_id":"node/3112296355","kategori":"atm","ad":"ATM DenizBank"}},{"type":"Feature","geometry":{"type":"Point","coordinates":[28.98336,41.040037]},"properties":{"osm_id":"node/3153530361","kategori":"atm","ad":"deniz"}},{"type":"Feature","geometry":{"type":"Point","coordinates":[29.015185,41.027359]},"properties":{"osm_id":"node/3154749018","kategori":"atm","ad":null}},{"type":"Feature","geometry":{"type":"Point","coordinates":[28.970459,41.013276]},"properties":{"osm_id":"node/3188737189","kategori":"atm","ad":"Garanti Bankası"}},{"type":"Feature","geometry":{"type":"Point","coordinates":[28.969603,41.011201]},"properties":{"osm_id":"node/3188738221","kategori":"atm","ad":"Tyrkiye Finans"}},{"type":"Feature","geometry":{"type":"Point","coordinates":[28.970842,41.01535]},"properties":{"osm_id":"node/3188739869","kategori":"atm","ad":"Western Union"}},{"type":"Feature","geometry":{"type":"Point","coordinates":[28.973399,41.026399]},"properties":{"osm_id":"node/3190071724","kategori":"atm","ad":"Akbank"}},{"type":"Feature","geometry":{"type":"Point","coordinates":[28.973315,41.026439]},"properties":{"osm_id":"node/3190088289","kategori":"atm","ad":"Denizbank"}},{"type":"Feature","geometry":{"type":"Point","coordinates":[28.973939,41.026001]},"properties":{"osm_id":"node/3190088684","kategori":"atm","ad":"Tüm"}},{"type":"Feature","geometry":{"type":"Point","coordinates":[28.976226,41.031884]},"properties":{"osm_id":"node/3194950366","kategori":"atm","ad":"Ziraat Bankası"}},{"type":"Feature","geometry":{"type":"Point","coordinates":[28.984834,41.035496]},"properties":{"osm_id":"node/3194950862","kategori":"atm","ad":"Halkbank"}},{"type":"Feature","geometry":{"type":"Point","coordinates":[28.97587,41.031571]},"properties":{"osm_id":"node/3194950864","kategori":"atm","ad":"Türkiye İş Bankası"}},{"type":"Feature","geometry":{"type":"Point","coordinates":[28.870477,41.001154]},"properties":{"osm_id":"node/3195164121","kategori":"atm","ad":"TEB"}},{"type":"Feature","geometry":{"type":"Point","coordinates":[28.789715,41.040542]},"properties":{"osm_id":"node/3280225763","kategori":"atm","ad":null}},{"type":"Feature","geometry":{"type":"Point","coordinates":[28.931006,41.049284]},"properties":{"osm_id":"node/3305604963","kategori":"atm","ad":"Kuveyt Türk"}},{"type":"Feature","geometry":{"type":"Point","coordinates":[28.9309,41.049384]},"properties":{"osm_id":"node/3305658162","kategori":"atm","ad":"Al Baraka"}},{"type":"Feature","geometry":{"type":"Point","coordinates":[28.931312,41.049184]},"properties":{"osm_id":"node/3305663161","kategori":"atm","ad":"HSBC"}},{"type":"Feature","geometry":{"type":"Point","coordinates":[28.931405,41.048783]},"properties":{"osm_id":"node/3305665962","kategori":"atm","ad":"Vakıfbank"}},{"type":"Feature","geometry":{"type":"Point","coordinates":[29.031063,40.99143]},"properties":{"osm_id":"node/3335136103","kategori":"atm","ad":"Ziraat Bankası"}},{"type":"Feature","geometry":{"type":"Point","coordinates":[29.030916,40.991376]},"properties":{"osm_id":"node/3335136593","kategori":"atm","ad":null}},{"type":"Feature","geometry":{"type":"Point","coordinates":[28.972859,41.018013]},"properties":{"osm_id":"node/3457445316","kategori":"atm","ad":"Denizbank"}},{"type":"Feature","geometry":{"type":"Point","coordinates":[28.97288,41.018016]},"properties":{"osm_id":"node/3457445318","kategori":"atm","ad":"Vakıfbank"}},{"type":"Feature","geometry":{"type":"Point","coordinates":[28.978249,41.033999]},"properties":{"osm_id":"node/3459046133","kategori":"atm","ad":"Vakıfbank"}},{"type":"Feature","geometry":{"type":"Point","coordinates":[28.970693,41.01824]},"properties":{"osm_id":"node/3461548559","kategori":"atm","ad":"Akbank"}},{"type":"Feature","geometry":{"type":"Point","coordinates":[28.970704,41.018228]},"properties":{"osm_id":"node/3461548560","kategori":"atm","ad":"Garanti Bankası"}},{"type":"Feature","geometry":{"type":"Point","coordinates":[28.970683,41.018252]},"properties":{"osm_id":"node/3461548561","kategori":"atm","ad":"HSBC"}},{"type":"Feature","geometry":{"type":"Point","coordinates":[28.970386,41.017128]},"properties":{"osm_id":"node/3461609137","kategori":"atm","ad":"Akbank"}},{"type":"Feature","geometry":{"type":"Point","coordinates":[28.970366,41.017144]},"properties":{"osm_id":"node/3461609139","kategori":"atm","ad":"Garanti BBVA"}},{"type":"Feature","geometry":{"type":"Point","coordinates":[28.938773,41.026896]},"properties":{"osm_id":"node/3499007598","kategori":"atm","ad":null}},{"type":"Feature","geometry":{"type":"Point","coordinates":[28.968982,41.008508]},"properties":{"osm_id":"node/3499036525","kategori":"atm","ad":"TEB"}},{"type":"Feature","geometry":{"type":"Point","coordinates":[29.078498,40.991876]},"properties":{"osm_id":"node/3657211662","kategori":"atm","ad":"Yapı Kredi"}},{"type":"Feature","geometry":{"type":"Point","coordinates":[29.041406,41.010292]},"properties":{"osm_id":"node/3657241281","kategori":"atm","ad":"Akbank"}},{"type":"Feature","geometry":{"type":"Point","coordinates":[28.978721,41.009243]},"properties":{"osm_id":"node/3749310743","kategori":"atm","ad":"Denizbank"}},{"type":"Feature","geometry":{"type":"Point","coordinates":[28.977457,41.007646]},"properties":{"osm_id":"node/3749802284","kategori":"atm","ad":"Garanti Bankası"}},{"type":"Feature","geometry":{"type":"Point","coordinates":[28.977471,41.007654]},"properties":{"osm_id":"node/3749802285","kategori":"atm","ad":"Akbank"}},{"type":"Feature","geometry":{"type":"Point","coordinates":[29.093625,40.978122]},"properties":{"osm_id":"node/3793785623","kategori":"atm","ad":"Türkiye İş Bankası"}},{"type":"Feature","geometry":{"type":"Point","coordinates":[29.093666,40.978117]},"properties":{"osm_id":"node/3793785624","kategori":"atm","ad":"Akbank"}},{"type":"Feature","geometry":{"type":"Point","coordinates":[29.093695,40.978107]},"properties":{"osm_id":"node/3793785625","kategori":"atm","ad":"Halkbank"}},{"type":"Feature","geometry":{"type":"Point","coordinates":[29.093726,40.978099]},"properties":{"osm_id":"node/3793785626","kategori":"atm","ad":"Garanti Bankası"}},{"type":"Feature","geometry":{"type":"Point","coordinates":[29.093757,40.978095]},"properties":{"osm_id":"node/3793785627","kategori":"atm","ad":"QNB Finansbank"}},{"type":"Feature","geometry":{"type":"Point","coordinates":[29.093789,40.978093]},"properties":{"osm_id":"node/3793785628","kategori":"atm","ad":"TEB"}},{"type":"Feature","geometry":{"type":"Point","coordinates":[29.014579,41.094938]},"properties":{"osm_id":"node/3809007157","kategori":"atm","ad":"Türkiye İş Bankası"}},{"type":"Feature","geometry":{"type":"Point","coordinates":[28.982552,41.030963]},"properties":{"osm_id":"node/3878368528","kategori":"atm","ad":"Akbank"}},{"type":"Feature","geometry":{"type":"Point","coordinates":[28.971046,41.015348]},"properties":{"osm_id":"node/3880194244","kategori":"atm","ad":"Akbank"}},{"type":"Feature","geometry":{"type":"Point","coordinates":[28.973851,41.028269]},"properties":{"osm_id":"node/3880272992","kategori":"atm","ad":"Vakıfbank"}},{"type":"Feature","geometry":{"type":"Point","coordinates":[28.970214,41.011349]},"properties":{"osm_id":"node/3880273363","kategori":"atm","ad":"Akbank"}},{"type":"Feature","geometry":{"type":"Point","coordinates":[28.970959,41.014342]},"properties":{"osm_id":"node/3880273558","kategori":"atm","ad":"Zirat"}},{"type":"Feature","geometry":{"type":"Point","coordinates":[28.970131,41.011407]},"properties":{"osm_id":"node/3880273568","kategori":"atm","ad":"Türkiye Bank"}},{"type":"Feature","geometry":{"type":"Point","coordinates":[28.974508,41.031624]},"properties":{"osm_id":"node/3880755192","kategori":"atm","ad":"ING"}},{"type":"Feature","geometry":{"type":"Point","coordinates":[28.974482,41.031586]},"properties":{"osm_id":"node/3880776312","kategori":"atm","ad":"Akbank"}},{"type":"Feature","geometry":{"type":"Point","coordinates":[29.129394,40.874705]},"properties":{"osm_id":"node/4040300212","kategori":"atm","ad":"Ziraat ATM"}},{"type":"Feature","geometry":{"type":"Point","coordinates":[29.129667,40.874593]},"properties":{"osm_id":"node/4040300213","kategori":"atm","ad":"Halkbank"}},{"type":"Feature","geometry":{"type":"Point","coordinates":[28.836456,40.964108]},"properties":{"osm_id":"node/4114125890","kategori":"atm","ad":null}},{"type":"Feature","geometry":{"type":"Point","coordinates":[28.837911,40.964426]},"properties":{"osm_id":"node/4114125891","kategori":"atm","ad":"Yapı Kredi"}},{"type":"Feature","geometry":{"type":"Point","coordinates":[28.838657,40.963743]},"properties":{"osm_id":"node/4114125894","kategori":"atm","ad":"Burgan Bank"}},{"type":"Feature","geometry":{"type":"Point","coordinates":[28.838014,40.964374]},"properties":{"osm_id":"node/4114125895","kategori":"atm","ad":null}},{"type":"Feature","geometry":{"type":"Point","coordinates":[28.841288,40.962134]},"properties":{"osm_id":"node/4114125897","kategori":"atm","ad":null}},{"type":"Feature","geometry":{"type":"Point","coordinates":[28.838125,40.964317]},"properties":{"osm_id":"node/4114125898","kategori":"atm","ad":null}},{"type":"Feature","geometry":{"type":"Point","coordinates":[28.837181,40.964586]},"properties":{"osm_id":"node/4114125899","kategori":"atm","ad":"Bankamatik"}},{"type":"Feature","geometry":{"type":"Point","coordinates":[28.839319,40.963535]},"properties":{"osm_id":"node/4114125900","kategori":"atm","ad":"QNB Finansbank"}},{"type":"Feature","geometry":{"type":"Point","coordinates":[28.838412,40.963894]},"properties":{"osm_id":"node/4114125902","kategori":"atm","ad":"Akbank"}},{"type":"Feature","geometry":{"type":"Point","coordinates":[28.649724,41.011697]},"properties":{"osm_id":"node/4146392290","kategori":"atm","ad":null}},{"type":"Feature","geometry":{"type":"Point","coordinates":[29.029881,41.036568]},"properties":{"osm_id":"node/4161745115","kategori":"atm","ad":null}},{"type":"Feature","geometry":{"type":"Point","coordinates":[28.97932,41.058719]},"properties":{"osm_id":"node/4213379598","kategori":"atm","ad":null}},{"type":"Feature","geometry":{"type":"Point","coordinates":[28.983495,41.03242]},"properties":{"osm_id":"node/4228231891","kategori":"atm","ad":"Türkiye İş Bankası"}},{"type":"Feature","geometry":{"type":"Point","coordinates":[28.885448,41.031831]},"properties":{"osm_id":"node/4303108299","kategori":"atm","ad":"Ziraat Bankası"}},{"type":"Feature","geometry":{"type":"Point","coordinates":[28.975103,41.028665]},"properties":{"osm_id":"node/4346009692","kategori":"atm","ad":"Akbank"}},{"type":"Feature","geometry":{"type":"Point","coordinates":[28.959624,41.012583]},"properties":{"osm_id":"node/4349322490","kategori":"atm","ad":null}},{"type":"Feature","geometry":{"type":"Point","coordinates":[28.978595,41.034819]},"properties":{"osm_id":"node/4351252489","kategori":"atm","ad":null}},{"type":"Feature","geometry":{"type":"Point","coordinates":[28.873988,41.015832]},"properties":{"osm_id":"node/4388338289","kategori":"atm","ad":"Türkiye İş Bankası"}},{"type":"Feature","geometry":{"type":"Point","coordinates":[28.874159,41.015752]},"properties":{"osm_id":"node/4389256489","kategori":"atm","ad":"ING"}},{"type":"Feature","geometry":{"type":"Point","coordinates":[28.871025,41.005361]},"properties":{"osm_id":"node/4391333594","kategori":"atm","ad":"Ziraat ATM"}},{"type":"Feature","geometry":{"type":"Point","coordinates":[29.099622,40.877625]},"properties":{"osm_id":"node/4395574190","kategori":"atm","ad":"Akbank"}},{"type":"Feature","geometry":{"type":"Point","coordinates":[29.09036,40.881649]},"properties":{"osm_id":"node/4395605489","kategori":"atm","ad":"Denizbank ATM"}},{"type":"Feature","geometry":{"type":"Point","coordinates":[29.60988,41.175789]},"properties":{"osm_id":"node/4397187589","kategori":"atm","ad":null}},{"type":"Feature","geometry":{"type":"Point","coordinates":[28.584963,41.022506]},"properties":{"osm_id":"node/4508588284","kategori":"atm","ad":"QNB Finansbank"}},{"type":"Feature","geometry":{"type":"Point","coordinates":[28.585382,41.022385]},"properties":{"osm_id":"node/4508655302","kategori":"atm","ad":"Türkiye İş Bankası"}},{"type":"Feature","geometry":{"type":"Point","coordinates":[29.249866,40.895804]},"properties":{"osm_id":"node/4549087793","kategori":"atm","ad":"Garanti Bankası"}},{"type":"Feature","geometry":{"type":"Point","coordinates":[29.173399,41.032025]},"properties":{"osm_id":"node/4551322850","kategori":"atm","ad":"QNB Finansbank"}},{"type":"Feature","geometry":{"type":"Point","coordinates":[29.173417,41.032057]},"properties":{"osm_id":"node/4551323613","kategori":"atm","ad":"Yapı Kredi"}},{"type":"Feature","geometry":{"type":"Point","coordinates":[29.173439,41.032094]},"properties":{"osm_id":"node/4551323795","kategori":"atm","ad":"Akbank"}},{"type":"Feature","geometry":{"type":"Point","coordinates":[29.127067,40.932923]},"properties":{"osm_id":"node/4552358748","kategori":"atm","ad":"Türkiye İş Bankası"}},{"type":"Feature","geometry":{"type":"Point","coordinates":[29.184867,40.90025]},"properties":{"osm_id":"node/4555937555","kategori":"atm","ad":"Türkiye İş Bankası"}},{"type":"Feature","geometry":{"type":"Point","coordinates":[29.215979,41.009755]},"properties":{"osm_id":"node/4563871246","kategori":"atm","ad":"Garanti Bankası ATM"}},{"type":"Feature","geometry":{"type":"Point","coordinates":[29.215957,41.009781]},"properties":{"osm_id":"node/4563871815","kategori":"atm","ad":"Yapı Kredi ATM"}},{"type":"Feature","geometry":{"type":"Point","coordinates":[29.154333,40.941178]},"properties":{"osm_id":"node/4566434143","kategori":"atm","ad":"Türkiye İş Bankası"}},{"type":"Feature","geometry":{"type":"Point","coordinates":[29.141182,40.938444]},"properties":{"osm_id":"node/4570029722","kategori":"atm","ad":"Türkiye İş Bankası"}},{"type":"Feature","geometry":{"type":"Point","coordinates":[29.141212,40.938466]},"properties":{"osm_id":"node/4570029723","kategori":"atm","ad":"Denizbank"}},{"type":"Feature","geometry":{"type":"Point","coordinates":[29.210566,41.009788]},"properties":{"osm_id":"node/4571551856","kategori":"atm","ad":"Akbank"}},{"type":"Feature","geometry":{"type":"Point","coordinates":[29.122506,40.936679]},"properties":{"osm_id":"node/4571600215","kategori":"atm","ad":"Akbank"}},{"type":"Feature","geometry":{"type":"Point","coordinates":[29.166264,40.95331]},"properties":{"osm_id":"node/4573821483","kategori":"atm","ad":"Türkiye İş Bankası"}},{"type":"Feature","geometry":{"type":"Point","coordinates":[28.861746,41.104243]},"properties":{"osm_id":"node/4576829845","kategori":"atm","ad":"Ziraat ATM"}},{"type":"Feature","geometry":{"type":"Point","coordinates":[28.861791,41.104256]},"properties":{"osm_id":"node/4576829846","kategori":"atm","ad":"Yapı Kredi"}},{"type":"Feature","geometry":{"type":"Point","coordinates":[28.861845,41.10427]},"properties":{"osm_id":"node/4576829847","kategori":"atm","ad":"Türkiye İş Bankası"}},{"type":"Feature","geometry":{"type":"Point","coordinates":[28.861902,41.104286]},"properties":{"osm_id":"node/4576829848","kategori":"atm","ad":"Akbank"}},{"type":"Feature","geometry":{"type":"Point","coordinates":[29.091335,41.094405]},"properties":{"osm_id":"node/4691931877","kategori":"atm","ad":null}},{"type":"Feature","geometry":{"type":"Point","coordinates":[29.091366,41.094367]},"properties":{"osm_id":"node/4691931879","kategori":"atm","ad":null}},{"type":"Feature","geometry":{"type":"Point","coordinates":[29.044246,41.085096]},"properties":{"osm_id":"node/4725680007","kategori":"atm","ad":"Garanti Bankası"}},{"type":"Feature","geometry":{"type":"Point","coordinates":[28.967074,41.034888]},"properties":{"osm_id":"node/4739924121","kategori":"atm","ad":"Türkiye İş Bankası"}},{"type":"Feature","geometry":{"type":"Point","coordinates":[28.975604,41.008139]},"properties":{"osm_id":"node/4747710924","kategori":"atm","ad":"Denizbank"}},{"type":"Feature","geometry":{"type":"Point","coordinates":[28.975556,41.00814]},"properties":{"osm_id":"node/4747710925","kategori":"atm","ad":"Akbank"}},{"type":"Feature","geometry":{"type":"Point","coordinates":[28.975575,41.00814]},"properties":{"osm_id":"node/4747734122","kategori":"atm","ad":"ING"}},{"type":"Feature","geometry":{"type":"Point","coordinates":[29.042022,40.995199]},"properties":{"osm_id":"node/4781113322","kategori":"atm","ad":"Vakıfbank"}},{"type":"Feature","geometry":{"type":"Point","coordinates":[28.952203,41.015664]},"properties":{"osm_id":"node/4786907749","kategori":"atm","ad":"Denizbank"}},{"type":"Feature","geometry":{"type":"Point","coordinates":[28.646523,41.042494]},"properties":{"osm_id":"node/4828476530","kategori":"atm","ad":null}},{"type":"Feature","geometry":{"type":"Point","coordinates":[28.646091,41.041813]},"properties":{"osm_id":"node/4828476531","kategori":"atm","ad":"Garanti Bankası"}},{"type":"Feature","geometry":{"type":"Point","coordinates":[29.027873,40.987229]},"properties":{"osm_id":"node/4833359926","kategori":"atm","ad":"Garanti BBVA"}},{"type":"Feature","geometry":{"type":"Point","coordinates":[29.018769,41.112193]},"properties":{"osm_id":"node/4833547029","kategori":"atm","ad":"Garanti Bankası"}},{"type":"Feature","geometry":{"type":"Point","coordinates":[29.115847,41.009534]},"properties":{"osm_id":"node/4845231824","kategori":"atm","ad":null}},{"type":"Feature","geometry":{"type":"Point","coordinates":[28.789509,41.055322]},"properties":{"osm_id":"node/4852800568","kategori":"atm","ad":null}},{"type":"Feature","geometry":{"type":"Point","coordinates":[28.907834,41.039007]},"properties":{"osm_id":"node/4878464124","kategori":"atm","ad":"Garanti Bankası, İş Bankası"}},{"type":"Feature","geometry":{"type":"Point","coordinates":[28.981993,41.031525]},"properties":{"osm_id":"node/4887115921","kategori":"atm","ad":"ING"}},{"type":"Feature","geometry":{"type":"Point","coordinates":[28.786411,41.055513]},"properties":{"osm_id":"node/4890150631","kategori":"atm","ad":null}},{"type":"Feature","geometry":{"type":"Point","coordinates":[28.782223,41.044798]},"properties":{"osm_id":"node/4895705717","kategori":"atm","ad":null}},{"type":"Feature","geometry":{"type":"Point","coordinates":[28.813309,41.030566]},"properties":{"osm_id":"node/4902467989","kategori":"atm","ad":"Türkiye İş Bankası"}},{"type":"Feature","geometry":{"type":"Point","coordinates":[28.791194,41.053948]},"properties":{"osm_id":"node/4920335547","kategori":"atm","ad":null}},{"type":"Feature","geometry":{"type":"Point","coordinates":[28.932685,41.006792]},"properties":{"osm_id":"node/4942286618","kategori":"atm","ad":"Ziraat Bankası"}},{"type":"Feature","geometry":{"type":"Point","coordinates":[28.802619,41.000751]},"properties":{"osm_id":"node/4943336511","kategori":"atm","ad":"Garanti Bankası"}},{"type":"Feature","geometry":{"type":"Point","coordinates":[28.799707,41.00159]},"properties":{"osm_id":"node/4945688049","kategori":"atm","ad":"Halkbank"}},{"type":"Feature","geometry":{"type":"Point","coordinates":[28.799714,41.001615]},"properties":{"osm_id":"node/4945688050","kategori":"atm","ad":"Şekerbank"}},{"type":"Feature","geometry":{"type":"Point","coordinates":[28.799717,41.00164]},"properties":{"osm_id":"node/4945688051","kategori":"atm","ad":"QNB Finansbank"}},{"type":"Feature","geometry":{"type":"Point","coordinates":[28.799719,41.001674]},"properties":{"osm_id":"node/4945688052","kategori":"atm","ad":"Akbank"}},{"type":"Feature","geometry":{"type":"Point","coordinates":[28.799525,41.000779]},"properties":{"osm_id":"node/4949635263","kategori":"atm","ad":"Ziraat Bankası"}},{"type":"Feature","geometry":{"type":"Point","coordinates":[29.022217,41.003495]},"properties":{"osm_id":"node/4952032274","kategori":"atm","ad":"Türkiye İş Bankası"}},{"type":"Feature","geometry":{"type":"Point","coordinates":[28.799021,41.000385]},"properties":{"osm_id":"node/4954042231","kategori":"atm","ad":"HSBC"}},{"type":"Feature","geometry":{"type":"Point","coordinates":[28.799078,41.000374]},"properties":{"osm_id":"node/4954042232","kategori":"atm","ad":"ING"}},{"type":"Feature","geometry":{"type":"Point","coordinates":[28.813316,41.030569]},"properties":{"osm_id":"node/4956536925","kategori":"atm","ad":"HSBC"}},{"type":"Feature","geometry":{"type":"Point","coordinates":[28.813328,41.030572]},"properties":{"osm_id":"node/4956536926","kategori":"atm","ad":null}},{"type":"Feature","geometry":{"type":"Point","coordinates":[28.898323,41.045958]},"properties":{"osm_id":"node/4961053499","kategori":"atm","ad":"Türkiye İş Bankası"}},{"type":"Feature","geometry":{"type":"Point","coordinates":[28.898324,41.045934]},"properties":{"osm_id":"node/4961053500","kategori":"atm","ad":"HSBC"}},{"type":"Feature","geometry":{"type":"Point","coordinates":[28.898241,41.047151]},"properties":{"osm_id":"node/4961053501","kategori":"atm","ad":"Garanti Bankası"}},{"type":"Feature","geometry":{"type":"Point","coordinates":[28.898241,41.047192]},"properties":{"osm_id":"node/4961053502","kategori":"atm","ad":"Ziraat Bankası"}},{"type":"Feature","geometry":{"type":"Point","coordinates":[28.813322,41.03057]},"properties":{"osm_id":"node/4963632800","kategori":"atm","ad":"QNB Finansbank"}},{"type":"Feature","geometry":{"type":"Point","coordinates":[29.130067,40.990215]},"properties":{"osm_id":"node/4978809595","kategori":"atm","ad":"Garanti Bankası"}},{"type":"Feature","geometry":{"type":"Point","coordinates":[29.130038,40.99022]},"properties":{"osm_id":"node/4978809596","kategori":"atm","ad":"Türkiye İş Bankası"}},{"type":"Feature","geometry":{"type":"Point","coordinates":[28.895809,41.048288]},"properties":{"osm_id":"node/4982504955","kategori":"atm","ad":"Garanti Bankası"}},{"type":"Feature","geometry":{"type":"Point","coordinates":[28.89579,41.048284]},"properties":{"osm_id":"node/4982504956","kategori":"atm","ad":"Türkiye İş Bankası"}},{"type":"Feature","geometry":{"type":"Point","coordinates":[28.85894,41.008655]},"properties":{"osm_id":"node/5024263225","kategori":"atm","ad":null}},{"type":"Feature","geometry":{"type":"Point","coordinates":[28.89577,41.048278]},"properties":{"osm_id":"node/5036070436","kategori":"atm","ad":"Halkbank"}},{"type":"Feature","geometry":{"type":"Point","coordinates":[28.895831,41.048295]},"properties":{"osm_id":"node/5036070437","kategori":"atm","ad":"Denizbank"}},{"type":"Feature","geometry":{"type":"Point","coordinates":[28.895749,41.048272]},"properties":{"osm_id":"node/5037239425","kategori":"atm","ad":null}},{"type":"Feature","geometry":{"type":"Point","coordinates":[28.952178,41.015714]},"properties":{"osm_id":"node/5075960980","kategori":"atm","ad":"Denizbank"}},{"type":"Feature","geometry":{"type":"Point","coordinates":[28.949559,41.016856]},"properties":{"osm_id":"node/5075961006","kategori":"atm","ad":"Garanti Bankası"}},{"type":"Feature","geometry":{"type":"Point","coordinates":[28.958137,41.023939]},"properties":{"osm_id":"node/5081442441","kategori":"atm","ad":"Garanti Bankası"}},{"type":"Feature","geometry":{"type":"Point","coordinates":[28.959394,41.021355]},"properties":{"osm_id":"node/5081442478","kategori":"atm","ad":"Vakıfbank"}},{"type":"Feature","geometry":{"type":"Point","coordinates":[28.955127,41.027614]},"properties":{"osm_id":"node/5081445034","kategori":"atm","ad":"Türkiye İş Bankası"}},{"type":"Feature","geometry":{"type":"Point","coordinates":[28.955247,41.027552]},"properties":{"osm_id":"node/5081445035","kategori":"atm","ad":"Garanti Bankası"}},{"type":"Feature","geometry":{"type":"Point","coordinates":[28.955051,41.027413]},"properties":{"osm_id":"node/5081445038","kategori":"atm","ad":"Akbank"}},{"type":"Feature","geometry":{"type":"Point","coordinates":[28.955043,41.027404]},"properties":{"osm_id":"node/5081445039","kategori":"atm","ad":"Yapı Kredi"}},{"type":"Feature","geometry":{"type":"Point","coordinates":[28.954594,41.027076]},"properties":{"osm_id":"node/5081445041","kategori":"atm","ad":"Ziraat Bankası"}},{"type":"Feature","geometry":{"type":"Point","coordinates":[29.016486,41.108425]},"properties":{"osm_id":"node/5083490057","kategori":"atm","ad":"ING"}},{"type":"Feature","geometry":{"type":"Point","coordinates":[28.926877,40.996038]},"properties":{"osm_id":"node/5087172323","kategori":"atm","ad":"Akbank"}},{"type":"Feature","geometry":{"type":"Point","coordinates":[28.927031,40.995886]},"properties":{"osm_id":"node/5087179455","kategori":"atm","ad":"Türkiye İş Bankası"}},{"type":"Feature","geometry":{"type":"Point","coordinates":[28.927131,40.995975]},"properties":{"osm_id":"node/5087179458","kategori":"atm","ad":"ING"}},{"type":"Feature","geometry":{"type":"Point","coordinates":[28.934105,41.004619]},"properties":{"osm_id":"node/5088190895","kategori":"atm","ad":"24/7"}},{"type":"Feature","geometry":{"type":"Point","coordinates":[28.932548,41.000684]},"properties":{"osm_id":"node/5088192738","kategori":"atm","ad":"24/7"}},{"type":"Feature","geometry":{"type":"Point","coordinates":[28.934654,41.001496]},"properties":{"osm_id":"node/5088192798","kategori":"atm","ad":"Halkbank"}},{"type":"Feature","geometry":{"type":"Point","coordinates":[28.934625,41.001486]},"properties":{"osm_id":"node/5088192799","kategori":"atm","ad":"FinanseBank ATM"}},{"type":"Feature","geometry":{"type":"Point","coordinates":[28.929114,40.997235]},"properties":{"osm_id":"node/5088192809","kategori":"atm","ad":"T.C. Ziraat Bankası ATM"}},{"type":"Feature","geometry":{"type":"Point","coordinates":[28.931183,40.999461]},"properties":{"osm_id":"node/5088194832","kategori":"atm","ad":"Vakıfbank"}},{"type":"Feature","geometry":{"type":"Point","coordinates":[28.93116,40.999614]},"properties":{"osm_id":"node/5088194862","kategori":"atm","ad":"Garanti ATM"}},{"type":"Feature","geometry":{"type":"Point","coordinates":[28.931188,40.999668]},"properties":{"osm_id":"node/5088194863","kategori":"atm","ad":"DenizBank ATM"}},{"type":"Feature","geometry":{"type":"Point","coordinates":[28.931747,41.00007]},"properties":{"osm_id":"node/5088194870","kategori":"atm","ad":"ING"}},{"type":"Feature","geometry":{"type":"Point","coordinates":[28.931773,41.000078]},"properties":{"osm_id":"node/5088194871","kategori":"atm","ad":"İş Bankası ATM"}},{"type":"Feature","geometry":{"type":"Point","coordinates":[28.895509,41.049705]},"properties":{"osm_id":"node/5088870828","kategori":"atm","ad":"Denizbank"}},{"type":"Feature","geometry":{"type":"Point","coordinates":[29.017767,41.108648]},"properties":{"osm_id":"node/5095215662","kategori":"atm","ad":"Garanti Bankası"}},{"type":"Feature","geometry":{"type":"Point","coordinates":[28.950253,41.007871]},"properties":{"osm_id":"node/5099062121","kategori":"atm","ad":"Yapı Kredi"}},{"type":"Feature","geometry":{"type":"Point","coordinates":[28.950073,41.007875]},"properties":{"osm_id":"node/5099065425","kategori":"atm","ad":"Denizbank"}},{"type":"Feature","geometry":{"type":"Point","coordinates":[28.939997,41.025696]},"properties":{"osm_id":"node/5106123765","kategori":"atm","ad":"Akbank"}},{"type":"Feature","geometry":{"type":"Point","coordinates":[28.940027,41.025645]},"properties":{"osm_id":"node/5106123766","kategori":"atm","ad":"Ziraat Bankası"}},{"type":"Feature","geometry":{"type":"Point","coordinates":[28.943007,41.021236]},"properties":{"osm_id":"node/5106123810","kategori":"atm","ad":"Akbank"}},{"type":"Feature","geometry":{"type":"Point","coordinates":[28.942355,41.024229]},"properties":{"osm_id":"node/5106127818","kategori":"atm","ad":"Halkbank"}},{"type":"Feature","geometry":{"type":"Point","coordinates":[28.942564,41.024119]},"properties":{"osm_id":"node/5106129522","kategori":"atm","ad":"Denizbank"}},{"type":"Feature","geometry":{"type":"Point","coordinates":[28.937245,41.013041]},"properties":{"osm_id":"node/5106132745","kategori":"atm","ad":"Ziraat Bankası"}},{"type":"Feature","geometry":{"type":"Point","coordinates":[28.931179,41.016025]},"properties":{"osm_id":"node/5106132780","kategori":"atm","ad":"Halkbank"}},{"type":"Feature","geometry":{"type":"Point","coordinates":[28.938507,41.011254]},"properties":{"osm_id":"node/5106134524","kategori":"atm","ad":"ING"}},{"type":"Feature","geometry":{"type":"Point","coordinates":[28.929259,41.015018]},"properties":{"osm_id":"node/5106135544","kategori":"atm","ad":"Yapı Kredi"}},{"type":"Feature","geometry":{"type":"Point","coordinates":[28.929266,41.015034]},"properties":{"osm_id":"node/5106135545","kategori":"atm","ad":"Halkbank"}},{"type":"Feature","geometry":{"type":"Point","coordinates":[28.929251,41.015]},"properties":{"osm_id":"node/5106135546","kategori":"atm","ad":"Akbank"}},{"type":"Feature","geometry":{"type":"Point","coordinates":[28.929212,41.014867]},"properties":{"osm_id":"node/5106135548","kategori":"atm","ad":"Denizbank"}},{"type":"Feature","geometry":{"type":"Point","coordinates":[28.928579,41.014723]},"properties":{"osm_id":"node/5106135549","kategori":"atm","ad":"Ziraat Bankası"}},{"type":"Feature","geometry":{"type":"Point","coordinates":[28.965133,41.004821]},"properties":{"osm_id":"node/5106523032","kategori":"atm","ad":"Yapı Kredi"}},{"type":"Feature","geometry":{"type":"Point","coordinates":[28.932699,41.006703]},"properties":{"osm_id":"node/5107245376","kategori":"atm","ad":"Ziraat Bankası"}},{"type":"Feature","geometry":{"type":"Point","coordinates":[28.932624,41.006691]},"properties":{"osm_id":"node/5107245377","kategori":"atm","ad":"Halkbank"}},{"type":"Feature","geometry":{"type":"Point","coordinates":[28.932784,41.006696]},"properties":{"osm_id":"node/5107245378","kategori":"atm","ad":"Türkiye İş Bankası"}},{"type":"Feature","geometry":{"type":"Point","coordinates":[28.929573,41.004137]},"properties":{"osm_id":"node/5107247556","kategori":"atm","ad":"Vakıfbank"}},{"type":"Feature","geometry":{"type":"Point","coordinates":[28.977983,41.012807]},"properties":{"osm_id":"node/5108828003","kategori":"atm","ad":"Akbank"}},{"type":"Feature","geometry":{"type":"Point","coordinates":[28.976608,41.011445]},"properties":{"osm_id":"node/5108838366","kategori":"atm","ad":"Vakıfbank"}},{"type":"Feature","geometry":{"type":"Point","coordinates":[28.97813,41.011672]},"properties":{"osm_id":"node/5108838369","kategori":"atm","ad":"Denizbank"}},{"type":"Feature","geometry":{"type":"Point","coordinates":[28.978171,41.011712]},"properties":{"osm_id":"node/5108838370","kategori":"atm","ad":"Akbank"}},{"type":"Feature","geometry":{"type":"Point","coordinates":[28.975526,41.008144]},"properties":{"osm_id":"node/5108843038","kategori":"atm","ad":"Vakıfbank"}},{"type":"Feature","geometry":{"type":"Point","coordinates":[28.975541,41.008165]},"properties":{"osm_id":"node/5108843039","kategori":"atm","ad":"Türkiye İş Bankası"}},{"type":"Feature","geometry":{"type":"Point","coordinates":[28.975581,41.008135]},"properties":{"osm_id":"node/5108843040","kategori":"atm","ad":"Denizbank"}},{"type":"Feature","geometry":{"type":"Point","coordinates":[28.974618,41.010417]},"properties":{"osm_id":"node/5108843345","kategori":"atm","ad":null}},{"type":"Feature","geometry":{"type":"Point","coordinates":[28.974386,41.010411]},"properties":{"osm_id":"node/5108843347","kategori":"atm","ad":"Türkiye İş Bankası"}},{"type":"Feature","geometry":{"type":"Point","coordinates":[28.974594,41.010753]},"properties":{"osm_id":"node/5108843352","kategori":"atm","ad":"Garanti Bankası"}},{"type":"Feature","geometry":{"type":"Point","coordinates":[28.974933,41.011023]},"properties":{"osm_id":"node/5108843355","kategori":"atm","ad":"Ziraat Bankası"}},{"type":"Feature","geometry":{"type":"Point","coordinates":[28.976428,41.011444]},"properties":{"osm_id":"node/5108843371","kategori":"atm","ad":"Garanti Bankası"}},{"type":"Feature","geometry":{"type":"Point","coordinates":[28.977443,41.008872]},"properties":{"osm_id":"node/5108843559","kategori":"atm","ad":"Denizbank"}},{"type":"Feature","geometry":{"type":"Point","coordinates":[28.931774,41.015456]},"properties":{"osm_id":"node/5109654702","kategori":"atm","ad":"ING"}},{"type":"Feature","geometry":{"type":"Point","coordinates":[28.931763,41.01548]},"properties":{"osm_id":"node/5109654703","kategori":"atm","ad":"TEB"}},{"type":"Feature","geometry":{"type":"Point","coordinates":[28.970904,41.014507]},"properties":{"osm_id":"node/5111211799","kategori":"atm","ad":"Ziraat bank"}},{"type":"Feature","geometry":{"type":"Point","coordinates":[28.970389,41.01462]},"properties":{"osm_id":"node/5111211803","kategori":"atm","ad":"Kuveyt Türk"}},{"type":"Feature","geometry":{"type":"Point","coordinates":[28.970464,41.013252]},"properties":{"osm_id":"node/5111212226","kategori":"atm","ad":"gatanti"}},{"type":"Feature","geometry":{"type":"Point","coordinates":[28.93581,41.00516]},"properties":{"osm_id":"node/5111215122","kategori":"atm","ad":"Denizbank"}},{"type":"Feature","geometry":{"type":"Point","coordinates":[28.942419,41.007257]},"properties":{"osm_id":"node/5111215177","kategori":"atm","ad":"Yapı Kredi"}},{"type":"Feature","geometry":{"type":"Point","coordinates":[28.942805,41.007427]},"properties":{"osm_id":"node/5111215182","kategori":"atm","ad":"Denizbank"}},{"type":"Feature","geometry":{"type":"Point","coordinates":[28.942805,41.007419]},"properties":{"osm_id":"node/5111215183","kategori":"atm","ad":"ziraat bank"}},{"type":"Feature","geometry":{"type":"Point","coordinates":[28.936411,41.00597]},"properties":{"osm_id":"node/5111215211","kategori":"atm","ad":"Akbank"}},{"type":"Feature","geometry":{"type":"Point","coordinates":[28.93639,41.00584]},"properties":{"osm_id":"node/5111215213","kategori":"atm","ad":"Yapı Kredi"}},{"type":"Feature","geometry":{"type":"Point","coordinates":[28.936068,41.005435]},"properties":{"osm_id":"node/5111215220","kategori":"atm","ad":"Türkiye İş Bankası"}},{"type":"Feature","geometry":{"type":"Point","coordinates":[28.958907,41.011914]},"properties":{"osm_id":"node/5112728858","kategori":"atm","ad":"TEB"}},{"type":"Feature","geometry":{"type":"Point","coordinates":[28.958944,41.011922]},"properties":{"osm_id":"node/5112728859","kategori":"atm","ad":"Akbank"}},{"type":"Feature","geometry":{"type":"Point","coordinates":[28.958982,41.011933]},"properties":{"osm_id":"node/5112728860","kategori":"atm","ad":"ING"}},{"type":"Feature","geometry":{"type":"Point","coordinates":[28.95902,41.011936]},"properties":{"osm_id":"node/5112728861","kategori":"atm","ad":"Halkbank"}},{"type":"Feature","geometry":{"type":"Point","coordinates":[28.961122,41.010858]},"properties":{"osm_id":"node/5112732255","kategori":"atm","ad":"Akbank"}},{"type":"Feature","geometry":{"type":"Point","coordinates":[28.961136,41.010843]},"properties":{"osm_id":"node/5112732256","kategori":"atm","ad":"Türkiye İş Bankası"}},{"type":"Feature","geometry":{"type":"Point","coordinates":[28.96115,41.01083]},"properties":{"osm_id":"node/5112732257","kategori":"atm","ad":"Garanti Bankası"}},{"type":"Feature","geometry":{"type":"Point","coordinates":[28.966723,41.012823]},"properties":{"osm_id":"node/5112737096","kategori":"atm","ad":"Garanti Bankası"}},{"type":"Feature","geometry":{"type":"Point","coordinates":[28.967642,41.013202]},"properties":{"osm_id":"node/5112739265","kategori":"atm","ad":"Akbank"}},{"type":"Feature","geometry":{"type":"Point","coordinates":[28.950516,41.009201]},"properties":{"osm_id":"node/5112834109","kategori":"atm","ad":"Garanti Bankası"}},{"type":"Feature","geometry":{"type":"Point","coordinates":[28.929432,41.00398]},"properties":{"osm_id":"node/5113125932","kategori":"atm","ad":"Finansbank"}},{"type":"Feature","geometry":{"type":"Point","coordinates":[28.931702,41.00396]},"properties":{"osm_id":"node/5113126639","kategori":"atm","ad":"Denizbank"}},{"type":"Feature","geometry":{"type":"Point","coordinates":[28.931674,41.004015]},"properties":{"osm_id":"node/5113126640","kategori":"atm","ad":"Kuveyt Türk"}},{"type":"Feature","geometry":{"type":"Point","coordinates":[28.93167,41.004289]},"properties":{"osm_id":"node/5113126649","kategori":"atm","ad":"Akbank"}},{"type":"Feature","geometry":{"type":"Point","coordinates":[28.931476,41.004371]},"properties":{"osm_id":"node/5113126655","kategori":"atm","ad":"Türkiye İş Bankası"}},{"type":"Feature","geometry":{"type":"Point","coordinates":[28.931453,41.004466]},"properties":{"osm_id":"node/5113126656","kategori":"atm","ad":"QNB Finansbank ATM"}},{"type":"Feature","geometry":{"type":"Point","coordinates":[28.931456,41.004497]},"properties":{"osm_id":"node/5113126657","kategori":"atm","ad":"Garanti Bankası"}},{"type":"Feature","geometry":{"type":"Point","coordinates":[28.931207,41.004147]},"properties":{"osm_id":"node/5113127737","kategori":"atm","ad":"Garanti Bankası"}},{"type":"Feature","geometry":{"type":"Point","coordinates":[28.948581,41.020773]},"properties":{"osm_id":"node/5113483625","kategori":"atm","ad":"Ziraat Bankası"}},{"type":"Feature","geometry":{"type":"Point","coordinates":[28.948039,41.02152]},"properties":{"osm_id":"node/5113486733","kategori":"atm","ad":"Akbank"}},{"type":"Feature","geometry":{"type":"Point","coordinates":[28.948045,41.02151]},"properties":{"osm_id":"node/5113486734","kategori":"atm","ad":"Türkiye İş Bankası"}},{"type":"Feature","geometry":{"type":"Point","coordinates":[28.948051,41.021499]},"properties":{"osm_id":"node/5113486735","kategori":"atm","ad":"Kuveyt Türk"}},{"type":"Feature","geometry":{"type":"Point","coordinates":[28.948057,41.021487]},"properties":{"osm_id":"node/5113486736","kategori":"atm","ad":"Yapı Kredi"}},{"type":"Feature","geometry":{"type":"Point","coordinates":[28.936624,41.029058]},"properties":{"osm_id":"node/5113486742","kategori":"atm","ad":"QNB Finansbank"}},{"type":"Feature","geometry":{"type":"Point","coordinates":[28.936643,41.029048]},"properties":{"osm_id":"node/5113486743","kategori":"atm","ad":"Yapı Kredi"}},{"type":"Feature","geometry":{"type":"Point","coordinates":[28.936655,41.029039]},"properties":{"osm_id":"node/5113486744","kategori":"atm","ad":"Halkbank"}},{"type":"Feature","geometry":{"type":"Point","coordinates":[28.936671,41.029028]},"properties":{"osm_id":"node/5113486745","kategori":"atm","ad":"Türkiye İş Bankası"}},{"type":"Feature","geometry":{"type":"Point","coordinates":[28.938784,41.026967]},"properties":{"osm_id":"node/5113486769","kategori":"atm","ad":"Denizbank"}},{"type":"Feature","geometry":{"type":"Point","coordinates":[28.938815,41.026944]},"properties":{"osm_id":"node/5113486770","kategori":"atm","ad":"TEB"}},{"type":"Feature","geometry":{"type":"Point","coordinates":[28.97465,41.007635]},"properties":{"osm_id":"node/5113500255","kategori":"atm","ad":"Vakıfbank"}},{"type":"Feature","geometry":{"type":"Point","coordinates":[28.939017,41.011706]},"properties":{"osm_id":"node/5113592180","kategori":"atm","ad":"Akbank"}},{"type":"Feature","geometry":{"type":"Point","coordinates":[28.97874,41.008888]},"properties":{"osm_id":"node/5113620615","kategori":"atm","ad":"Denizbank"}},{"type":"Feature","geometry":{"type":"Point","coordinates":[29.307384,40.928347]},"properties":{"osm_id":"node/5113654763","kategori":"atm","ad":"Garanti Bankası"}},{"type":"Feature","geometry":{"type":"Point","coordinates":[28.931735,41.000063]},"properties":{"osm_id":"node/5115927783","kategori":"atm","ad":"İş Bankası ATM"}},{"type":"Feature","geometry":{"type":"Point","coordinates":[28.966146,41.00963]},"properties":{"osm_id":"node/5115929108","kategori":"atm","ad":"Türkiye İş Bankası"}},{"type":"Feature","geometry":{"type":"Point","coordinates":[28.966417,41.009487]},"properties":{"osm_id":"node/5115929114","kategori":"atm","ad":"Denizbank"}},{"type":"Feature","geometry":{"type":"Point","coordinates":[28.931354,41.007486]},"properties":{"osm_id":"node/5115937186","kategori":"atm","ad":"Yapı Kredi"}},{"type":"Feature","geometry":{"type":"Point","coordinates":[28.931354,41.007454]},"properties":{"osm_id":"node/5115937187","kategori":"atm","ad":"Garanti Bankası"}},{"type":"Feature","geometry":{"type":"Point","coordinates":[28.931351,41.007516]},"properties":{"osm_id":"node/5115937188","kategori":"atm","ad":"HSBC"}},{"type":"Feature","geometry":{"type":"Point","coordinates":[28.929703,41.011223]},"properties":{"osm_id":"node/5115937847","kategori":"atm","ad":"Garanti Bankası"}},{"type":"Feature","geometry":{"type":"Point","coordinates":[28.931136,41.009539]},"properties":{"osm_id":"node/5115938006","kategori":"atm","ad":"Garanti Bankası"}},{"type":"Feature","geometry":{"type":"Point","coordinates":[28.888289,41.026591]},"properties":{"osm_id":"node/5117958947","kategori":"atm","ad":"Ziraat Bankası"}},{"type":"Feature","geometry":{"type":"Point","coordinates":[28.888269,41.026572]},"properties":{"osm_id":"node/5117958948","kategori":"atm","ad":"Türkiye İş Bankası"}},{"type":"Feature","geometry":{"type":"Point","coordinates":[28.842492,41.031118]},"properties":{"osm_id":"node/5127927627","kategori":"atm","ad":null}},{"type":"Feature","geometry":{"type":"Point","coordinates":[28.842467,41.031103]},"properties":{"osm_id":"node/5127955422","kategori":"atm","ad":null}},{"type":"Feature","geometry":{"type":"Point","coordinates":[28.954272,41.007344]},"properties":{"osm_id":"node/5130434823","kategori":"atm","ad":"Akbank"}},{"type":"Feature","geometry":{"type":"Point","coordinates":[29.020162,41.104666]},"properties":{"osm_id":"node/5135995922","kategori":"atm","ad":"TAM - Ziraat Bankası"}},{"type":"Feature","geometry":{"type":"Point","coordinates":[28.930538,41.022975]},"properties":{"osm_id":"node/5194478721","kategori":"atm","ad":null}},{"type":"Feature","geometry":{"type":"Point","coordinates":[29.229973,40.877178]},"properties":{"osm_id":"node/5229666422","kategori":"atm","ad":null}},{"type":"Feature","geometry":{"type":"Point","coordinates":[28.89427,41.039828]},"properties":{"osm_id":"node/5239183521","kategori":"atm","ad":null}},{"type":"Feature","geometry":{"type":"Point","coordinates":[28.894733,41.040062]},"properties":{"osm_id":"node/5242730211","kategori":"atm","ad":"Türkiye İş Bankası"}},{"type":"Feature","geometry":{"type":"Point","coordinates":[28.8947,41.040062]},"properties":{"osm_id":"node/5242730212","kategori":"atm","ad":"Garanti Bankası"}},{"type":"Feature","geometry":{"type":"Point","coordinates":[28.94415,41.017879]},"properties":{"osm_id":"node/5243950179","kategori":"atm","ad":"Denizbankası"}},{"type":"Feature","geometry":{"type":"Point","coordinates":[28.96819,41.016888]},"properties":{"osm_id":"node/5244795868","kategori":"atm","ad":"TEB"}},{"type":"Feature","geometry":{"type":"Point","coordinates":[28.969687,41.015661]},"properties":{"osm_id":"node/5244795890","kategori":"atm","ad":"Garanti Bankası"}},{"type":"Feature","geometry":{"type":"Point","coordinates":[28.969655,41.01568]},"properties":{"osm_id":"node/5244795894","kategori":"atm","ad":"Akbank"}},{"type":"Feature","geometry":{"type":"Point","coordinates":[28.969723,41.015633]},"properties":{"osm_id":"node/5244795895","kategori":"atm","ad":"Türkiye İş Bankası"}},{"type":"Feature","geometry":{"type":"Point","coordinates":[28.967576,41.015169]},"properties":{"osm_id":"node/5244796141","kategori":"atm","ad":"Türkiye İş Bankası"}},{"type":"Feature","geometry":{"type":"Point","coordinates":[28.967672,41.015347]},"properties":{"osm_id":"node/5244796142","kategori":"atm","ad":"Vakıfbank"}},{"type":"Feature","geometry":{"type":"Point","coordinates":[28.970264,41.011386]},"properties":{"osm_id":"node/5244807412","kategori":"atm","ad":"Denizbank"}},{"type":"Feature","geometry":{"type":"Point","coordinates":[28.970375,41.0115]},"properties":{"osm_id":"node/5244807414","kategori":"atm","ad":"Akbank"}},{"type":"Feature","geometry":{"type":"Point","coordinates":[28.972886,41.01031]},"properties":{"osm_id":"node/5244807637","kategori":"atm","ad":"TEB"}},{"type":"Feature","geometry":{"type":"Point","coordinates":[28.96566,41.018903]},"properties":{"osm_id":"node/5244812079","kategori":"atm","ad":"Yapı Kredi"}},{"type":"Feature","geometry":{"type":"Point","coordinates":[28.965583,41.01892]},"properties":{"osm_id":"node/5244812080","kategori":"atm","ad":"QNB Finansbank"}},{"type":"Feature","geometry":{"type":"Point","coordinates":[28.971489,41.02794]},"properties":{"osm_id":"node/5250025290","kategori":"atm","ad":"Türkiye İş Bankası"}},{"type":"Feature","geometry":{"type":"Point","coordinates":[28.971484,41.027999]},"properties":{"osm_id":"node/5250025291","kategori":"atm","ad":"Ziraat Bankası"}},{"type":"Feature","geometry":{"type":"Point","coordinates":[28.902903,40.997503]},"properties":{"osm_id":"node/5256633169","kategori":"atm","ad":"Yapı Kredi"}},{"type":"Feature","geometry":{"type":"Point","coordinates":[28.901072,40.995862]},"properties":{"osm_id":"node/5256637275","kategori":"atm","ad":"Ziraat Bankası"}},{"type":"Feature","geometry":{"type":"Point","coordinates":[28.902828,40.997496]},"properties":{"osm_id":"node/5256637887","kategori":"atm","ad":"Akbank"}},{"type":"Feature","geometry":{"type":"Point","coordinates":[28.902978,40.997492]},"properties":{"osm_id":"node/5256639301","kategori":"atm","ad":null}},{"type":"Feature","geometry":{"type":"Point","coordinates":[28.893934,40.991644]},"properties":{"osm_id":"node/5259333821","kategori":"atm","ad":null}},{"type":"Feature","geometry":{"type":"Point","coordinates":[28.893838,40.991393]},"properties":{"osm_id":"node/5259333822","kategori":"atm","ad":"Vakıfbank"}},{"type":"Feature","geometry":{"type":"Point","coordinates":[28.893902,40.991538]},"properties":{"osm_id":"node/5259336761","kategori":"atm","ad":null}},{"type":"Feature","geometry":{"type":"Point","coordinates":[28.900068,40.994963]},"properties":{"osm_id":"node/5264342886","kategori":"atm","ad":"Kuveyt Türk"}},{"type":"Feature","geometry":{"type":"Point","coordinates":[28.896212,40.997116]},"properties":{"osm_id":"node/5266688084","kategori":"atm","ad":"Yapı Kredi"}},{"type":"Feature","geometry":{"type":"Point","coordinates":[28.896167,40.99714]},"properties":{"osm_id":"node/5266690075","kategori":"atm","ad":"Akbank"}},{"type":"Feature","geometry":{"type":"Point","coordinates":[28.902007,40.999712]},"properties":{"osm_id":"node/5266691816","kategori":"atm","ad":"Yapı Kredi"}},{"type":"Feature","geometry":{"type":"Point","coordinates":[28.896252,40.997105]},"properties":{"osm_id":"node/5266691852","kategori":"atm","ad":null}},{"type":"Feature","geometry":{"type":"Point","coordinates":[28.901883,40.999822]},"properties":{"osm_id":"node/5266694058","kategori":"atm","ad":"Akbank"}},{"type":"Feature","geometry":{"type":"Point","coordinates":[28.901922,40.999859]},"properties":{"osm_id":"node/5266695593","kategori":"atm","ad":"ING"}},{"type":"Feature","geometry":{"type":"Point","coordinates":[28.90161,41.000303]},"properties":{"osm_id":"node/5266695657","kategori":"atm","ad":"Türkiye İş Bankası"}},{"type":"Feature","geometry":{"type":"Point","coordinates":[28.903969,40.997518]},"properties":{"osm_id":"node/5266729399","kategori":"atm","ad":"Halkbank"}},{"type":"Feature","geometry":{"type":"Point","coordinates":[29.094779,40.959103]},"properties":{"osm_id":"node/5274062014","kategori":"atm","ad":"Garanti BBVA"}},{"type":"Feature","geometry":{"type":"Point","coordinates":[29.094807,40.959095]},"properties":{"osm_id":"node/5274062015","kategori":"atm","ad":"Denizbank"}},{"type":"Feature","geometry":{"type":"Point","coordinates":[29.181651,41.031979]},"properties":{"osm_id":"node/5279924943","kategori":"atm","ad":"Yapı Kredi"}},{"type":"Feature","geometry":{"type":"Point","coordinates":[29.181654,41.031961]},"properties":{"osm_id":"node/5279924944","kategori":"atm","ad":"Denizbank"}},{"type":"Feature","geometry":{"type":"Point","coordinates":[29.181914,41.031954]},"properties":{"osm_id":"node/5279924949","kategori":"atm","ad":"Akbank"}},{"type":"Feature","geometry":{"type":"Point","coordinates":[29.181938,41.031964]},"properties":{"osm_id":"node/5279924950","kategori":"atm","ad":"ING"}},{"type":"Feature","geometry":{"type":"Point","coordinates":[29.090273,40.955698]},"properties":{"osm_id":"node/5280587269","kategori":"atm","ad":null}},{"type":"Feature","geometry":{"type":"Point","coordinates":[29.09942,40.956376]},"properties":{"osm_id":"node/5280587276","kategori":"atm","ad":"Denizbank"}},{"type":"Feature","geometry":{"type":"Point","coordinates":[29.099138,40.956193]},"properties":{"osm_id":"node/5280587284","kategori":"atm","ad":"Garanti Bankası"}},{"type":"Feature","geometry":{"type":"Point","coordinates":[29.099193,40.95616]},"properties":{"osm_id":"node/5280587286","kategori":"atm","ad":"Akbank"}},{"type":"Feature","geometry":{"type":"Point","coordinates":[29.099235,40.956142]},"properties":{"osm_id":"node/5280587287","kategori":"atm","ad":"QNB Finansbank"}},{"type":"Feature","geometry":{"type":"Point","coordinates":[29.023272,40.990448]},"properties":{"osm_id":"node/5283617723","kategori":"atm","ad":null}},{"type":"Feature","geometry":{"type":"Point","coordinates":[28.860973,41.105921]},"properties":{"osm_id":"node/5285760863","kategori":"atm","ad":null}},{"type":"Feature","geometry":{"type":"Point","coordinates":[29.173131,41.032036]},"properties":{"osm_id":"node/5289858053","kategori":"atm","ad":"Garanti Bankası"}},{"type":"Feature","geometry":{"type":"Point","coordinates":[29.173122,41.032021]},"properties":{"osm_id":"node/5289858054","kategori":"atm","ad":"TEB"}},{"type":"Feature","geometry":{"type":"Point","coordinates":[29.172997,41.031826]},"properties":{"osm_id":"node/5289858055","kategori":"atm","ad":"Halkbank"}},{"type":"Feature","geometry":{"type":"Point","coordinates":[29.176111,41.028211]},"properties":{"osm_id":"node/5289858056","kategori":"atm","ad":"Türkiye İş Bankası"}},{"type":"Feature","geometry":{"type":"Point","coordinates":[29.176133,41.028188]},"properties":{"osm_id":"node/5289858057","kategori":"atm","ad":"Akbank"}},{"type":"Feature","geometry":{"type":"Point","coordinates":[29.193635,41.007195]},"properties":{"osm_id":"node/5290533603","kategori":"atm","ad":"Türkiye İş Bankası"}},{"type":"Feature","geometry":{"type":"Point","coordinates":[28.895123,41.049539]},"properties":{"osm_id":"node/5293044463","kategori":"atm","ad":null}},{"type":"Feature","geometry":{"type":"Point","coordinates":[29.142481,40.981215]},"properties":{"osm_id":"node/5293642913","kategori":"atm","ad":"Kuveyt Türk"}},{"type":"Feature","geometry":{"type":"Point","coordinates":[29.08493,40.962467]},"properties":{"osm_id":"node/5294681279","kategori":"atm","ad":"Garanti Bankası"}},{"type":"Feature","geometry":{"type":"Point","coordinates":[28.85863,41.110681]},"properties":{"osm_id":"node/5295857869","kategori":"atm","ad":"Akbank"}},{"type":"Feature","geometry":{"type":"Point","coordinates":[28.833318,41.133419]},"properties":{"osm_id":"node/5295857893","kategori":"atm","ad":"Denizbank"}},{"type":"Feature","geometry":{"type":"Point","coordinates":[28.833225,41.133475]},"properties":{"osm_id":"node/5295857894","kategori":"atm","ad":"Türkiye İş Bankası"}},{"type":"Feature","geometry":{"type":"Point","coordinates":[28.833252,41.133459]},"properties":{"osm_id":"node/5295857895","kategori":"atm","ad":"Akbank"}},{"type":"Feature","geometry":{"type":"Point","coordinates":[28.833199,41.133491]},"properties":{"osm_id":"node/5295857909","kategori":"atm","ad":"Halkbank"}},{"type":"Feature","geometry":{"type":"Point","coordinates":[28.833276,41.133445]},"properties":{"osm_id":"node/5295857910","kategori":"atm","ad":"Yapı Kredi"}},{"type":"Feature","geometry":{"type":"Point","coordinates":[28.833296,41.133432]},"properties":{"osm_id":"node/5295857911","kategori":"atm","ad":"ING"}},{"type":"Feature","geometry":{"type":"Point","coordinates":[29.085368,40.962681]},"properties":{"osm_id":"node/5296377618","kategori":"atm","ad":"QNB Finansbank"}},{"type":"Feature","geometry":{"type":"Point","coordinates":[29.085429,40.962697]},"properties":{"osm_id":"node/5296377619","kategori":"atm","ad":"Türkiye İş Bankası"}},{"type":"Feature","geometry":{"type":"Point","coordinates":[29.085201,40.962486]},"properties":{"osm_id":"node/5296377628","kategori":"atm","ad":"Denizbank"}},{"type":"Feature","geometry":{"type":"Point","coordinates":[29.02484,40.991909]},"properties":{"osm_id":"node/5299938024","kategori":"atm","ad":"Ziraat Bankası"}},{"type":"Feature","geometry":{"type":"Point","coordinates":[29.221153,40.90764]},"properties":{"osm_id":"node/5300946962","kategori":"atm","ad":"Türkiye İş Bankası"}},{"type":"Feature","geometry":{"type":"Point","coordinates":[29.214916,40.934851]},"properties":{"osm_id":"node/5300978608","kategori":"atm","ad":null}},{"type":"Feature","geometry":{"type":"Point","coordinates":[29.212888,40.933145]},"properties":{"osm_id":"node/5300993706","kategori":"atm","ad":"Türkiye İş Bankası"}},{"type":"Feature","geometry":{"type":"Point","coordinates":[28.96717,41.009951]},"properties":{"osm_id":"node/5302097621","kategori":"atm","ad":null}},{"type":"Feature","geometry":{"type":"Point","coordinates":[29.0979,41.008228]},"properties":{"osm_id":"node/5303352242","kategori":"atm","ad":"Akbank"}},{"type":"Feature","geometry":{"type":"Point","coordinates":[29.097985,41.008611]},"properties":{"osm_id":"node/5303352274","kategori":"atm","ad":null}},{"type":"Feature","geometry":{"type":"Point","coordinates":[29.098035,41.008654]},"properties":{"osm_id":"node/5303372145","kategori":"atm","ad":"QNB Finansbank"}},{"type":"Feature","geometry":{"type":"Point","coordinates":[29.226882,40.904591]},"properties":{"osm_id":"node/5303724432","kategori":"atm","ad":"Türkiye İş Bankası"}},{"type":"Feature","geometry":{"type":"Point","coordinates":[28.984153,41.061082]},"properties":{"osm_id":"node/5311712754","kategori":"atm","ad":null}},{"type":"Feature","geometry":{"type":"Point","coordinates":[28.984151,41.061107]},"properties":{"osm_id":"node/5311712755","kategori":"atm","ad":"Denizbank"}},{"type":"Feature","geometry":{"type":"Point","coordinates":[28.98415,41.061132]},"properties":{"osm_id":"node/5311712756","kategori":"atm","ad":"ING"}},{"type":"Feature","geometry":{"type":"Point","coordinates":[29.305309,40.819536]},"properties":{"osm_id":"node/5313431485","kategori":"atm","ad":null}},{"type":"Feature","geometry":{"type":"Point","coordinates":[28.907372,41.040959]},"properties":{"osm_id":"node/5317775533","kategori":"atm","ad":null}},{"type":"Feature","geometry":{"type":"Point","coordinates":[29.274262,40.973278]},"properties":{"osm_id":"node/5329311711","kategori":"atm","ad":"Akbank"}},{"type":"Feature","geometry":{"type":"Point","coordinates":[29.264397,40.954068]},"properties":{"osm_id":"node/5329337930","kategori":"atm","ad":"Akbank"}},{"type":"Feature","geometry":{"type":"Point","coordinates":[29.265578,40.967708]},"properties":{"osm_id":"node/5329337940","kategori":"atm","ad":"ING"}},{"type":"Feature","geometry":{"type":"Point","coordinates":[29.264548,40.958682]},"properties":{"osm_id":"node/5329337945","kategori":"atm","ad":"Akbank"}},{"type":"Feature","geometry":{"type":"Point","coordinates":[29.265149,40.967821]},"properties":{"osm_id":"node/5329337956","kategori":"atm","ad":"QNB Finansbank"}},{"type":"Feature","geometry":{"type":"Point","coordinates":[29.265084,40.967837]},"properties":{"osm_id":"node/5329337963","kategori":"atm","ad":"Türkiye İş Bankası"}},{"type":"Feature","geometry":{"type":"Point","coordinates":[29.129479,40.937103]},"properties":{"osm_id":"node/5379225725","kategori":"atm","ad":"Türkiye İş Bankası"}},{"type":"Feature","geometry":{"type":"Point","coordinates":[29.1295,40.937069]},"properties":{"osm_id":"node/5379226121","kategori":"atm","ad":"Ziraat Bankası"}},{"type":"Feature","geometry":{"type":"Point","coordinates":[28.972281,41.028647]},"properties":{"osm_id":"node/5444387130","kategori":"atm","ad":null}},{"type":"Feature","geometry":{"type":"Point","coordinates":[28.978869,41.034253]},"properties":{"osm_id":"node/5478145624","kategori":"atm","ad":"Halkbank"}},{"type":"Feature","geometry":{"type":"Point","coordinates":[28.974439,41.028686]},"properties":{"osm_id":"node/5478162928","kategori":"atm","ad":null}},{"type":"Feature","geometry":{"type":"Point","coordinates":[28.976838,41.033135]},"properties":{"osm_id":"node/5478350521","kategori":"atm","ad":null}},{"type":"Feature","geometry":{"type":"Point","coordinates":[28.930335,41.016447]},"properties":{"osm_id":"node/5481070224","kategori":"atm","ad":"Vakıfbank"}},{"type":"Feature","geometry":{"type":"Point","coordinates":[28.966944,41.008784]},"properties":{"osm_id":"node/5481073726","kategori":"atm","ad":"Denizbank"}},{"type":"Feature","geometry":{"type":"Point","coordinates":[28.944076,41.045518]},"properties":{"osm_id":"node/5482975822","kategori":"atm","ad":"Vakıfbank"}},{"type":"Feature","geometry":{"type":"Point","coordinates":[28.970393,41.016838]},"properties":{"osm_id":"node/5482975825","kategori":"atm","ad":null}},{"type":"Feature","geometry":{"type":"Point","coordinates":[28.963831,41.005085]},"properties":{"osm_id":"node/5483159122","kategori":"atm","ad":"Denizbank"}},{"type":"Feature","geometry":{"type":"Point","coordinates":[28.96743,41.004878]},"properties":{"osm_id":"node/5483159123","kategori":"atm","ad":"Garanti Bankası"}},{"type":"Feature","geometry":{"type":"Point","coordinates":[28.963781,41.005096]},"properties":{"osm_id":"node/5483182921","kategori":"atm","ad":"TEB"}},{"type":"Feature","geometry":{"type":"Point","coordinates":[29.030221,41.000547]},"properties":{"osm_id":"node/5486021721","kategori":"atm","ad":null}},{"type":"Feature","geometry":{"type":"Point","coordinates":[28.973711,41.010322]},"properties":{"osm_id":"node/5489256635","kategori":"atm","ad":"Vakıfbank"}},{"type":"Feature","geometry":{"type":"Point","coordinates":[28.969351,41.008501]},"properties":{"osm_id":"node/5489351728","kategori":"atm","ad":"Şekerbank"}},{"type":"Feature","geometry":{"type":"Point","coordinates":[28.973538,41.008174]},"properties":{"osm_id":"node/5489388121","kategori":"atm","ad":"Yapı Kredi"}},{"type":"Feature","geometry":{"type":"Point","coordinates":[29.190277,41.014738]},"properties":{"osm_id":"node/5489409856","kategori":"atm","ad":null}},{"type":"Feature","geometry":{"type":"Point","coordinates":[29.190275,41.014712]},"properties":{"osm_id":"node/5489409857","kategori":"atm","ad":"HSBC"}},{"type":"Feature","geometry":{"type":"Point","coordinates":[29.190273,41.014689]},"properties":{"osm_id":"node/5489409858","kategori":"atm","ad":"Akbank"}},{"type":"Feature","geometry":{"type":"Point","coordinates":[29.007627,41.085441]},"properties":{"osm_id":"node/5491544225","kategori":"atm","ad":null}},{"type":"Feature","geometry":{"type":"Point","coordinates":[28.985374,41.038229]},"properties":{"osm_id":"node/5493379037","kategori":"atm","ad":"Garanti Bankası"}},{"type":"Feature","geometry":{"type":"Point","coordinates":[28.985411,41.038388]},"properties":{"osm_id":"node/5493395824","kategori":"atm","ad":null}},{"type":"Feature","geometry":{"type":"Point","coordinates":[29.265462,40.977625]},"properties":{"osm_id":"node/5542883188","kategori":"atm","ad":"TEB"}},{"type":"Feature","geometry":{"type":"Point","coordinates":[29.256227,40.959451]},"properties":{"osm_id":"node/5542883191","kategori":"atm","ad":"Garanti Bankası"}},{"type":"Feature","geometry":{"type":"Point","coordinates":[29.265427,40.977509]},"properties":{"osm_id":"node/5542883193","kategori":"atm","ad":"ING"}},{"type":"Feature","geometry":{"type":"Point","coordinates":[29.262341,40.968865]},"properties":{"osm_id":"node/5542883196","kategori":"atm","ad":"ING"}},{"type":"Feature","geometry":{"type":"Point","coordinates":[29.301396,40.941766]},"properties":{"osm_id":"node/5542883198","kategori":"atm","ad":"Ziraat Bankası"}},{"type":"Feature","geometry":{"type":"Point","coordinates":[29.275629,40.965626]},"properties":{"osm_id":"node/5542883199","kategori":"atm","ad":"Yapı Kredi"}},{"type":"Feature","geometry":{"type":"Point","coordinates":[29.265386,40.977387]},"properties":{"osm_id":"node/5542883202","kategori":"atm","ad":"Halkbank"}},{"type":"Feature","geometry":{"type":"Point","coordinates":[29.263366,40.968307]},"properties":{"osm_id":"node/5542883205","kategori":"atm","ad":"Garanti Bankası"}},{"type":"Feature","geometry":{"type":"Point","coordinates":[29.261935,40.969797]},"properties":{"osm_id":"node/5542883209","kategori":"atm","ad":"Türkiye İş Bankası"}},{"type":"Feature","geometry":{"type":"Point","coordinates":[29.288379,40.942066]},"properties":{"osm_id":"node/5542883217","kategori":"atm","ad":"Türkiye işbankesı"}},{"type":"Feature","geometry":{"type":"Point","coordinates":[29.265468,40.977638]},"properties":{"osm_id":"node/5542883220","kategori":"atm","ad":"Denizbank"}},{"type":"Feature","geometry":{"type":"Point","coordinates":[29.265455,40.97761]},"properties":{"osm_id":"node/5542883330","kategori":"atm","ad":"Türkiye İş Bankası"}},{"type":"Feature","geometry":{"type":"Point","coordinates":[29.265441,40.977583]},"properties":{"osm_id":"node/5542883332","kategori":"atm","ad":"Yapı Kredi"}},{"type":"Feature","geometry":{"type":"Point","coordinates":[29.265432,40.977565]},"properties":{"osm_id":"node/5542883334","kategori":"atm","ad":"Akbank"}},{"type":"Feature","geometry":{"type":"Point","coordinates":[29.275599,40.965636]},"properties":{"osm_id":"node/5542883337","kategori":"atm","ad":"Akbank"}},{"type":"Feature","geometry":{"type":"Point","coordinates":[29.261022,40.970648]},"properties":{"osm_id":"node/5542883338","kategori":"atm","ad":"Garanti Bankası"}},{"type":"Feature","geometry":{"type":"Point","coordinates":[29.301534,40.941905]},"properties":{"osm_id":"node/5542883341","kategori":"atm","ad":"Eşref bitlis isbank atn"}},{"type":"Feature","geometry":{"type":"Point","coordinates":[29.260563,40.969749]},"properties":{"osm_id":"node/5542883343","kategori":"atm","ad":"Garanti Bankası"}},{"type":"Feature","geometry":{"type":"Point","coordinates":[29.262326,40.969062]},"properties":{"osm_id":"node/5542883353","kategori":"atm","ad":"Vakıfbank"}},{"type":"Feature","geometry":{"type":"Point","coordinates":[28.974874,41.025346]},"properties":{"osm_id":"node/5552581525","kategori":"atm","ad":"Akbank"}},{"type":"Feature","geometry":{"type":"Point","coordinates":[28.974874,41.025362]},"properties":{"osm_id":"node/5552583190","kategori":"atm","ad":"TEB"}},{"type":"Feature","geometry":{"type":"Point","coordinates":[28.974986,41.025484]},"properties":{"osm_id":"node/5552596851","kategori":"atm","ad":"Yapı Kredi"}},{"type":"Feature","geometry":{"type":"Point","coordinates":[29.05257,41.082814]},"properties":{"osm_id":"node/5581166436","kategori":"atm","ad":"Garanti Bankası"}},{"type":"Feature","geometry":{"type":"Point","coordinates":[28.91063,41.017038]},"properties":{"osm_id":"node/5667618135","kategori":"atm","ad":"QNB Finansbank"}},{"type":"Feature","geometry":{"type":"Point","coordinates":[28.910645,41.017061]},"properties":{"osm_id":"node/5667618145","kategori":"atm","ad":"Akbank"}},{"type":"Feature","geometry":{"type":"Point","coordinates":[28.912586,41.02992]},"properties":{"osm_id":"node/5667618153","kategori":"atm","ad":"Denizbank"}},{"type":"Feature","geometry":{"type":"Point","coordinates":[28.918916,41.023693]},"properties":{"osm_id":"node/5667618376","kategori":"atm","ad":"Denizbank"}},{"type":"Feature","geometry":{"type":"Point","coordinates":[28.918933,41.023751]},"properties":{"osm_id":"node/5667618662","kategori":"atm","ad":"Garanti Bankası"}},{"type":"Feature","geometry":{"type":"Point","coordinates":[28.899264,41.010202]},"properties":{"osm_id":"node/5667618673","kategori":"atm","ad":"Denizbank"}},{"type":"Feature","geometry":{"type":"Point","coordinates":[28.918916,41.023719]},"properties":{"osm_id":"node/5667618737","kategori":"atm","ad":"ING"}},{"type":"Feature","geometry":{"type":"Point","coordinates":[28.910598,41.017014]},"properties":{"osm_id":"node/5667618815","kategori":"atm","ad":"Garanti Bankası"}},{"type":"Feature","geometry":{"type":"Point","coordinates":[28.896239,40.997107]},"properties":{"osm_id":"node/5667638780","kategori":"atm","ad":"Akbank"}},{"type":"Feature","geometry":{"type":"Point","coordinates":[28.896198,40.997117]},"properties":{"osm_id":"node/5667640799","kategori":"atm","ad":"Yapı Kredi"}},{"type":"Feature","geometry":{"type":"Point","coordinates":[28.915783,41.002576]},"properties":{"osm_id":"node/5667641522","kategori":"atm","ad":"Ziraat Bankası"}},{"type":"Feature","geometry":{"type":"Point","coordinates":[28.910962,40.998937]},"properties":{"osm_id":"node/5667641528","kategori":"atm","ad":"ING"}},{"type":"Feature","geometry":{"type":"Point","coordinates":[28.91754,40.999314]},"properties":{"osm_id":"node/5667641538","kategori":"atm","ad":"Türkiye İş Bankası"}},{"type":"Feature","geometry":{"type":"Point","coordinates":[28.910949,40.998927]},"properties":{"osm_id":"node/5667641560","kategori":"atm","ad":"Halkbank ATM"}},{"type":"Feature","geometry":{"type":"Point","coordinates":[28.920551,41.004461]},"properties":{"osm_id":"node/5667641570","kategori":"atm","ad":"Türkiye İş Bankası"}},{"type":"Feature","geometry":{"type":"Point","coordinates":[28.916261,41.000343]},"properties":{"osm_id":"node/5667641584","kategori":"atm","ad":"Yapı Kredi"}},{"type":"Feature","geometry":{"type":"Point","coordinates":[28.910975,40.998937]},"properties":{"osm_id":"node/5667641586","kategori":"atm","ad":"TEB BANK ATM"}},{"type":"Feature","geometry":{"type":"Point","coordinates":[28.91347,40.99962]},"properties":{"osm_id":"node/5667642054","kategori":"atm","ad":null}},{"type":"Feature","geometry":{"type":"Point","coordinates":[28.911083,40.998957]},"properties":{"osm_id":"node/5667642943","kategori":"atm","ad":"Akbank"}},{"type":"Feature","geometry":{"type":"Point","coordinates":[28.904361,40.989656]},"properties":{"osm_id":"node/5667655682","kategori":"atm","ad":"ING"}},{"type":"Feature","geometry":{"type":"Point","coordinates":[28.902383,40.994579]},"properties":{"osm_id":"node/5667658270","kategori":"atm","ad":"Ziraat Bankası"}},{"type":"Feature","geometry":{"type":"Point","coordinates":[28.902244,40.994693]},"properties":{"osm_id":"node/5667659249","kategori":"atm","ad":"QNB Finansbank"}},{"type":"Feature","geometry":{"type":"Point","coordinates":[28.904537,40.989685]},"properties":{"osm_id":"node/5667659691","kategori":"atm","ad":"Akbank"}},{"type":"Feature","geometry":{"type":"Point","coordinates":[28.902217,40.994686]},"properties":{"osm_id":"node/5667660821","kategori":"atm","ad":"ING"}},{"type":"Feature","geometry":{"type":"Point","coordinates":[28.903873,40.994438]},"properties":{"osm_id":"node/5667662124","kategori":"atm","ad":"Garanti Bankası"}},{"type":"Feature","geometry":{"type":"Point","coordinates":[28.903987,40.994546]},"properties":{"osm_id":"node/5667662141","kategori":"atm","ad":"Halkbank"}},{"type":"Feature","geometry":{"type":"Point","coordinates":[28.90551,40.993674]},"properties":{"osm_id":"node/5667662186","kategori":"atm","ad":"Yapı Kredi"}},{"type":"Feature","geometry":{"type":"Point","coordinates":[28.901523,40.994152]},"properties":{"osm_id":"node/5667662661","kategori":"atm","ad":"Türkiye İş Bankası"}},{"type":"Feature","geometry":{"type":"Point","coordinates":[28.901541,40.994111]},"properties":{"osm_id":"node/5667662669","kategori":"atm","ad":"Türkiye Finans ATM"}},{"type":"Feature","geometry":{"type":"Point","coordinates":[28.845698,41.047626]},"properties":{"osm_id":"node/5667668995","kategori":"atm","ad":"Türkiye İş Bankası"}},{"type":"Feature","geometry":{"type":"Point","coordinates":[28.845666,41.047638]},"properties":{"osm_id":"node/5667670090","kategori":"atm","ad":"Akbank"}},{"type":"Feature","geometry":{"type":"Point","coordinates":[28.845992,41.049577]},"properties":{"osm_id":"node/5667672271","kategori":"atm","ad":"Halkbank"}},{"type":"Feature","geometry":{"type":"Point","coordinates":[28.846368,41.052449]},"properties":{"osm_id":"node/5667672285","kategori":"atm","ad":"QNB Finansbank"}},{"type":"Feature","geometry":{"type":"Point","coordinates":[28.846351,41.052264]},"properties":{"osm_id":"node/5667672290","kategori":"atm","ad":"Yapı Kredi"}},{"type":"Feature","geometry":{"type":"Point","coordinates":[28.84631,41.051308]},"properties":{"osm_id":"node/5667672295","kategori":"atm","ad":"Akbank"}},{"type":"Feature","geometry":{"type":"Point","coordinates":[28.84631,41.051319]},"properties":{"osm_id":"node/5667672298","kategori":"atm","ad":"Denizbank"}},{"type":"Feature","geometry":{"type":"Point","coordinates":[28.846449,41.052861]},"properties":{"osm_id":"node/5667672312","kategori":"atm","ad":"Ziraat Bankası"}},{"type":"Feature","geometry":{"type":"Point","coordinates":[28.83794,41.054471]},"properties":{"osm_id":"node/5667672643","kategori":"atm","ad":"Ziraat Bankası"}},{"type":"Feature","geometry":{"type":"Point","coordinates":[28.837932,41.054491]},"properties":{"osm_id":"node/5667672651","kategori":"atm","ad":"Halkbank"}},{"type":"Feature","geometry":{"type":"Point","coordinates":[28.846368,41.052417]},"properties":{"osm_id":"node/5667672691","kategori":"atm","ad":"TEB"}},{"type":"Feature","geometry":{"type":"Point","coordinates":[28.84631,41.05134]},"properties":{"osm_id":"node/5667673331","kategori":"atm","ad":"Garanti Bankası"}},{"type":"Feature","geometry":{"type":"Point","coordinates":[28.855256,41.063252]},"properties":{"osm_id":"node/5667673335","kategori":"atm","ad":"Türkiye İş Bankası"}},{"type":"Feature","geometry":{"type":"Point","coordinates":[28.850016,41.047724]},"properties":{"osm_id":"node/5667673370","kategori":"atm","ad":null}},{"type":"Feature","geometry":{"type":"Point","coordinates":[28.845992,41.049485]},"properties":{"osm_id":"node/5667673378","kategori":"atm","ad":"Türkiye finans bank ATM"}},{"type":"Feature","geometry":{"type":"Point","coordinates":[28.837945,41.054453]},"properties":{"osm_id":"node/5667673415","kategori":"atm","ad":"ING"}},{"type":"Feature","geometry":{"type":"Point","coordinates":[28.846351,41.052251]},"properties":{"osm_id":"node/5667673435","kategori":"atm","ad":"Türkiye İş Bankası"}},{"type":"Feature","geometry":{"type":"Point","coordinates":[28.84631,41.051298]},"properties":{"osm_id":"node/5667673467","kategori":"atm","ad":"Vakıfbank"}},{"type":"Feature","geometry":{"type":"Point","coordinates":[28.859821,41.046631]},"properties":{"osm_id":"node/5667673468","kategori":"atm","ad":"Bankamatik"}},{"type":"Feature","geometry":{"type":"Point","coordinates":[28.859837,41.047685]},"properties":{"osm_id":"node/5667673559","kategori":"atm","ad":"Ziraat Bankası"}},{"type":"Feature","geometry":{"type":"Point","coordinates":[28.854934,41.06838]},"properties":{"osm_id":"node/5667673618","kategori":"atm","ad":"Ziraat Bankası"}},{"type":"Feature","geometry":{"type":"Point","coordinates":[28.853472,41.069649]},"properties":{"osm_id":"node/5667673953","kategori":"atm","ad":"Denizbank"}},{"type":"Feature","geometry":{"type":"Point","coordinates":[28.855454,41.049417]},"properties":{"osm_id":"node/5667673956","kategori":"atm","ad":"Vakıfbank"}},{"type":"Feature","geometry":{"type":"Point","coordinates":[28.854918,41.068345]},"properties":{"osm_id":"node/5667673962","kategori":"atm","ad":"Yapı Kredi"}},{"type":"Feature","geometry":{"type":"Point","coordinates":[28.853455,41.069621]},"properties":{"osm_id":"node/5667673996","kategori":"atm","ad":"Garanti Bankası"}},{"type":"Feature","geometry":{"type":"Point","coordinates":[28.855122,41.068419]},"properties":{"osm_id":"node/5667673999","kategori":"atm","ad":"QNB Finansbank"}},{"type":"Feature","geometry":{"type":"Point","coordinates":[28.854934,41.068414]},"properties":{"osm_id":"node/5667674004","kategori":"atm","ad":"Akbank"}},{"type":"Feature","geometry":{"type":"Point","coordinates":[28.854934,41.068437]},"properties":{"osm_id":"node/5667674438","kategori":"atm","ad":"Türkiye İş Bankası"}},{"type":"Feature","geometry":{"type":"Point","coordinates":[28.836394,41.052205]},"properties":{"osm_id":"node/5667674508","kategori":"atm","ad":"Denizbank"}},{"type":"Feature","geometry":{"type":"Point","coordinates":[28.859837,41.047648]},"properties":{"osm_id":"node/5667674511","kategori":"atm","ad":"QNB Finansbank"}},{"type":"Feature","geometry":{"type":"Point","coordinates":[28.859837,41.047588]},"properties":{"osm_id":"node/5667674934","kategori":"atm","ad":"Garanti Bankası"}},{"type":"Feature","geometry":{"type":"Point","coordinates":[28.859837,41.047539]},"properties":{"osm_id":"node/5667674957","kategori":"atm","ad":"Akbank"}},{"type":"Feature","geometry":{"type":"Point","coordinates":[28.838096,41.05308]},"properties":{"osm_id":"node/5667674991","kategori":"atm","ad":"ING"}},{"type":"Feature","geometry":{"type":"Point","coordinates":[28.828486,41.030949]},"properties":{"osm_id":"node/5667684463","kategori":"atm","ad":"Yapı Kredi"}},{"type":"Feature","geometry":{"type":"Point","coordinates":[28.830589,41.025698]},"properties":{"osm_id":"node/5667684494","kategori":"atm","ad":"Denizbank"}},{"type":"Feature","geometry":{"type":"Point","coordinates":[28.830567,41.026202]},"properties":{"osm_id":"node/5667684509","kategori":"atm","ad":"TEB"}},{"type":"Feature","geometry":{"type":"Point","coordinates":[28.830567,41.026222]},"properties":{"osm_id":"node/5667686323","kategori":"atm","ad":"ING"}},{"type":"Feature","geometry":{"type":"Point","coordinates":[28.830592,41.026444]},"properties":{"osm_id":"node/5667686328","kategori":"atm","ad":"Garanti Bankası"}},{"type":"Feature","geometry":{"type":"Point","coordinates":[28.830589,41.025627]},"properties":{"osm_id":"node/5667686360","kategori":"atm","ad":"Türkiye İş Bankası"}},{"type":"Feature","geometry":{"type":"Point","coordinates":[28.830592,41.026473]},"properties":{"osm_id":"node/5667686393","kategori":"atm","ad":"Vakıfbank"}},{"type":"Feature","geometry":{"type":"Point","coordinates":[28.830809,41.027483]},"properties":{"osm_id":"node/5667686405","kategori":"atm","ad":"QNB Finansbank"}},{"type":"Feature","geometry":{"type":"Point","coordinates":[28.830809,41.027507]},"properties":{"osm_id":"node/5667687555","kategori":"atm","ad":"Halkbank"}},{"type":"Feature","geometry":{"type":"Point","coordinates":[28.842487,41.031112]},"properties":{"osm_id":"node/5667687605","kategori":"atm","ad":"Albaraka Türk"}},{"type":"Feature","geometry":{"type":"Point","coordinates":[28.842451,41.031092]},"properties":{"osm_id":"node/5667689772","kategori":"atm","ad":"Denizbank"}},{"type":"Feature","geometry":{"type":"Point","coordinates":[28.814646,41.026521]},"properties":{"osm_id":"node/5667689818","kategori":"atm","ad":"Denizbank"}},{"type":"Feature","geometry":{"type":"Point","coordinates":[28.842469,41.031106]},"properties":{"osm_id":"node/5667691035","kategori":"atm","ad":"Yapı Kredi"}},{"type":"Feature","geometry":{"type":"Point","coordinates":[28.830579,41.026424]},"properties":{"osm_id":"node/5667691054","kategori":"atm","ad":"Yapı Kredi"}},{"type":"Feature","geometry":{"type":"Point","coordinates":[28.830589,41.025674]},"properties":{"osm_id":"node/5667691073","kategori":"atm","ad":"Türkiye Finansbank"}},{"type":"Feature","geometry":{"type":"Point","coordinates":[28.814603,41.026513]},"properties":{"osm_id":"node/5667691082","kategori":"atm","ad":"Akbank"}},{"type":"Feature","geometry":{"type":"Point","coordinates":[28.830567,41.026241]},"properties":{"osm_id":"node/5667691117","kategori":"atm","ad":"Akbank"}},{"type":"Feature","geometry":{"type":"Point","coordinates":[28.828486,41.030923]},"properties":{"osm_id":"node/5667692646","kategori":"atm","ad":"Vakıfbank"}},{"type":"Feature","geometry":{"type":"Point","coordinates":[28.830589,41.02565]},"properties":{"osm_id":"node/5667692653","kategori":"atm","ad":"T.C. Ziraat Bankası"}},{"type":"Feature","geometry":{"type":"Point","coordinates":[28.844595,41.038186]},"properties":{"osm_id":"node/5667699707","kategori":"atm","ad":"Türkiye İş Bankası"}},{"type":"Feature","geometry":{"type":"Point","coordinates":[28.844185,41.040233]},"properties":{"osm_id":"node/5667701527","kategori":"atm","ad":"Yapı Kredi"}},{"type":"Feature","geometry":{"type":"Point","coordinates":[28.844206,41.04022]},"properties":{"osm_id":"node/5667701558","kategori":"atm","ad":"Garanti Bankası"}},{"type":"Feature","geometry":{"type":"Point","coordinates":[28.844126,41.040224]},"properties":{"osm_id":"node/5667701570","kategori":"atm","ad":"Garanti Bankası"}},{"type":"Feature","geometry":{"type":"Point","coordinates":[28.844507,41.038499]},"properties":{"osm_id":"node/5667701575","kategori":"atm","ad":"Albaraka Türk"}},{"type":"Feature","geometry":{"type":"Point","coordinates":[28.836163,41.041093]},"properties":{"osm_id":"node/5667701599","kategori":"atm","ad":"Yapı Kredi"}},{"type":"Feature","geometry":{"type":"Point","coordinates":[28.836181,41.041011]},"properties":{"osm_id":"node/5667701603","kategori":"atm","ad":"Vakıfbank"}},{"type":"Feature","geometry":{"type":"Point","coordinates":[28.844141,41.040318]},"properties":{"osm_id":"node/5667702731","kategori":"atm","ad":"Akbank"}},{"type":"Feature","geometry":{"type":"Point","coordinates":[28.844507,41.038489]},"properties":{"osm_id":"node/5667702740","kategori":"atm","ad":"Ziraat Bankası"}},{"type":"Feature","geometry":{"type":"Point","coordinates":[28.830639,41.044239]},"properties":{"osm_id":"node/5667702779","kategori":"atm","ad":"Kuveyt Türk"}},{"type":"Feature","geometry":{"type":"Point","coordinates":[28.84418,41.040267]},"properties":{"osm_id":"node/5667702781","kategori":"atm","ad":"Akbank"}},{"type":"Feature","geometry":{"type":"Point","coordinates":[28.824317,41.03763]},"properties":{"osm_id":"node/5667703927","kategori":"atm","ad":"Denizbank"}},{"type":"Feature","geometry":{"type":"Point","coordinates":[28.836199,41.040983]},"properties":{"osm_id":"node/5667703971","kategori":"atm","ad":"Albaraka Türk"}},{"type":"Feature","geometry":{"type":"Point","coordinates":[28.830659,41.044216]},"properties":{"osm_id":"node/5667703995","kategori":"atm","ad":"Halkbank"}},{"type":"Feature","geometry":{"type":"Point","coordinates":[28.844581,41.038115]},"properties":{"osm_id":"node/5667705370","kategori":"atm","ad":"Halkbank"}},{"type":"Feature","geometry":{"type":"Point","coordinates":[28.836163,41.041058]},"properties":{"osm_id":"node/5667706133","kategori":"atm","ad":"Garanti Bankası"}},{"type":"Feature","geometry":{"type":"Point","coordinates":[28.844106,41.039681]},"properties":{"osm_id":"node/5667706142","kategori":"atm","ad":"Vakıfbank"}},{"type":"Feature","geometry":{"type":"Point","coordinates":[28.843892,41.043182]},"properties":{"osm_id":"node/5667706152","kategori":"atm","ad":"Denizbank"}},{"type":"Feature","geometry":{"type":"Point","coordinates":[28.844482,41.038621]},"properties":{"osm_id":"node/5667706176","kategori":"atm","ad":"QNB Finansbank"}},{"type":"Feature","geometry":{"type":"Point","coordinates":[28.844126,41.040188]},"properties":{"osm_id":"node/5667706182","kategori":"atm","ad":"Yapı Kredi"}},{"type":"Feature","geometry":{"type":"Point","coordinates":[28.863615,41.033088]},"properties":{"osm_id":"node/5667719074","kategori":"atm","ad":"QNB Finansbank"}},{"type":"Feature","geometry":{"type":"Point","coordinates":[28.863646,41.033218]},"properties":{"osm_id":"node/5667719095","kategori":"atm","ad":"Halkbank"}},{"type":"Feature","geometry":{"type":"Point","coordinates":[28.85909,41.033615]},"properties":{"osm_id":"node/5667719105","kategori":"atm","ad":"Akbank"}},{"type":"Feature","geometry":{"type":"Point","coordinates":[28.859153,41.033603]},"properties":{"osm_id":"node/5667719107","kategori":"atm","ad":"Vakıfbank"}},{"type":"Feature","geometry":{"type":"Point","coordinates":[28.863646,41.033171]},"properties":{"osm_id":"node/5667719120","kategori":"atm","ad":"Akbank"}},{"type":"Feature","geometry":{"type":"Point","coordinates":[28.859121,41.033615]},"properties":{"osm_id":"node/5667722024","kategori":"atm","ad":"Halkbank"}},{"type":"Feature","geometry":{"type":"Point","coordinates":[28.850784,41.04326]},"properties":{"osm_id":"node/5667722042","kategori":"atm","ad":"Ziraat Bankası"}},{"type":"Feature","geometry":{"type":"Point","coordinates":[28.858978,41.033615]},"properties":{"osm_id":"node/5667722057","kategori":"atm","ad":"Garanti Bankası"}},{"type":"Feature","geometry":{"type":"Point","coordinates":[28.863646,41.033206]},"properties":{"osm_id":"node/5667722095","kategori":"atm","ad":"Kuveyt Türk"}},{"type":"Feature","geometry":{"type":"Point","coordinates":[28.859621,41.033472]},"properties":{"osm_id":"node/5667722103","kategori":"atm","ad":"Türkiye İş Bankası"}},{"type":"Feature","geometry":{"type":"Point","coordinates":[28.859568,41.033498]},"properties":{"osm_id":"node/5667723827","kategori":"atm","ad":"QNB Finansbank"}},{"type":"Feature","geometry":{"type":"Point","coordinates":[28.853248,41.042383]},"properties":{"osm_id":"node/5667723840","kategori":"atm","ad":"Denizbank"}},{"type":"Feature","geometry":{"type":"Point","coordinates":[28.863405,41.039684]},"properties":{"osm_id":"node/5667723869","kategori":"atm","ad":"Akbank"}},{"type":"Feature","geometry":{"type":"Point","coordinates":[28.863648,41.033231]},"properties":{"osm_id":"node/5667723908","kategori":"atm","ad":"ING"}},{"type":"Feature","geometry":{"type":"Point","coordinates":[28.85075,41.043276]},"properties":{"osm_id":"node/5667723917","kategori":"atm","ad":"Şekerbank"}},{"type":"Feature","geometry":{"type":"Point","coordinates":[28.866996,41.034507]},"properties":{"osm_id":"node/5667725821","kategori":"atm","ad":"Vakıfbank"}},{"type":"Feature","geometry":{"type":"Point","coordinates":[28.868339,41.032542]},"properties":{"osm_id":"node/5667725826","kategori":"atm","ad":"Garanti Bankası"}},{"type":"Feature","geometry":{"type":"Point","coordinates":[28.863646,41.033183]},"properties":{"osm_id":"node/5667725844","kategori":"atm","ad":"Şekerbank"}},{"type":"Feature","geometry":{"type":"Point","coordinates":[28.866971,41.034542]},"properties":{"osm_id":"node/5667725850","kategori":"atm","ad":"Akbank"}},{"type":"Feature","geometry":{"type":"Point","coordinates":[28.859642,41.033491]},"properties":{"osm_id":"node/5667725884","kategori":"atm","ad":"Yapı Kredi"}},{"type":"Feature","geometry":{"type":"Point","coordinates":[28.863635,41.033139]},"properties":{"osm_id":"node/5667725889","kategori":"atm","ad":"Garanti Bankası"}},{"type":"Feature","geometry":{"type":"Point","coordinates":[28.859185,41.033603]},"properties":{"osm_id":"node/5667725904","kategori":"atm","ad":"TEB"}},{"type":"Feature","geometry":{"type":"Point","coordinates":[28.859026,41.033615]},"properties":{"osm_id":"node/5667725917","kategori":"atm","ad":"Odeabank"}},{"type":"Feature","geometry":{"type":"Point","coordinates":[28.863647,41.033162]},"properties":{"osm_id":"node/5667727247","kategori":"atm","ad":"Türkiye İş Bankası"}},{"type":"Feature","geometry":{"type":"Point","coordinates":[28.863615,41.033112]},"properties":{"osm_id":"node/5667727258","kategori":"atm","ad":"Denizbank"}},{"type":"Feature","geometry":{"type":"Point","coordinates":[28.859623,41.033491]},"properties":{"osm_id":"node/5667728726","kategori":"atm","ad":"Akbank"}},{"type":"Feature","geometry":{"type":"Point","coordinates":[28.868381,41.032501]},"properties":{"osm_id":"node/5667728727","kategori":"atm","ad":"Denizbank"}},{"type":"Feature","geometry":{"type":"Point","coordinates":[28.86106,41.040212]},"properties":{"osm_id":"node/5667728740","kategori":"atm","ad":"Yapı Kredi"}},{"type":"Feature","geometry":{"type":"Point","coordinates":[28.8479,41.032322]},"properties":{"osm_id":"node/5667747294","kategori":"atm","ad":"Türkiye İş Bankası"}},{"type":"Feature","geometry":{"type":"Point","coordinates":[28.847185,41.032173]},"properties":{"osm_id":"node/5667747951","kategori":"atm","ad":"Halkbank"}},{"type":"Feature","geometry":{"type":"Point","coordinates":[28.847903,41.032307]},"properties":{"osm_id":"node/5667747954","kategori":"atm","ad":"TEB"}},{"type":"Feature","geometry":{"type":"Point","coordinates":[28.847155,41.032174]},"properties":{"osm_id":"node/5667747970","kategori":"atm","ad":"Akbank"}},{"type":"Feature","geometry":{"type":"Point","coordinates":[29.098053,40.957082]},"properties":{"osm_id":"node/5669148893","kategori":"atm","ad":null}},{"type":"Feature","geometry":{"type":"Point","coordinates":[28.90103,41.0383]},"properties":{"osm_id":"node/5695536923","kategori":"atm","ad":null}},{"type":"Feature","geometry":{"type":"Point","coordinates":[28.971999,41.025296]},"properties":{"osm_id":"node/5710046227","kategori":"atm","ad":null}},{"type":"Feature","geometry":{"type":"Point","coordinates":[28.896459,41.046658]},"properties":{"osm_id":"node/5748453457","kategori":"atm","ad":"Garanti Bankası"}},{"type":"Feature","geometry":{"type":"Point","coordinates":[28.896522,41.04666]},"properties":{"osm_id":"node/5748453458","kategori":"atm","ad":"Vakıfbank"}},{"type":"Feature","geometry":{"type":"Point","coordinates":[29.310591,40.841428]},"properties":{"osm_id":"node/5766327155","kategori":"atm","ad":null}},{"type":"Feature","geometry":{"type":"Point","coordinates":[29.135998,40.921918]},"properties":{"osm_id":"node/5768683353","kategori":"atm","ad":null}},{"type":"Feature","geometry":{"type":"Point","coordinates":[28.977338,41.034418]},"properties":{"osm_id":"node/5810657754","kategori":"atm","ad":"HSBC"}},{"type":"Feature","geometry":{"type":"Point","coordinates":[28.976933,41.033935]},"properties":{"osm_id":"node/5810661655","kategori":"atm","ad":null}},{"type":"Feature","geometry":{"type":"Point","coordinates":[29.334007,40.862696]},"properties":{"osm_id":"node/5900418468","kategori":"atm","ad":"Denizbank"}},{"type":"Feature","geometry":{"type":"Point","coordinates":[29.328269,40.86849]},"properties":{"osm_id":"node/5903191081","kategori":"atm","ad":"Denizbank"}},{"type":"Feature","geometry":{"type":"Point","coordinates":[29.328255,40.868469]},"properties":{"osm_id":"node/5903191082","kategori":"atm","ad":"Vakıfbank"}},{"type":"Feature","geometry":{"type":"Point","coordinates":[29.328256,40.868452]},"properties":{"osm_id":"node/5903191083","kategori":"atm","ad":"Türkiye İş Bankası"}},{"type":"Feature","geometry":{"type":"Point","coordinates":[29.328241,40.868423]},"properties":{"osm_id":"node/5903191084","kategori":"atm","ad":"TEB"}},{"type":"Feature","geometry":{"type":"Point","coordinates":[29.328222,40.868351]},"properties":{"osm_id":"node/5903195085","kategori":"atm","ad":"Halkbank"}},{"type":"Feature","geometry":{"type":"Point","coordinates":[29.328217,40.868372]},"properties":{"osm_id":"node/5903195086","kategori":"atm","ad":"Akbank"}},{"type":"Feature","geometry":{"type":"Point","coordinates":[29.328235,40.868409]},"properties":{"osm_id":"node/5903195087","kategori":"atm","ad":"QNB Finansbank"}},{"type":"Feature","geometry":{"type":"Point","coordinates":[29.328249,40.868441]},"properties":{"osm_id":"node/5903195089","kategori":"atm","ad":"Yapı Kredi"}},{"type":"Feature","geometry":{"type":"Point","coordinates":[29.339056,40.864052]},"properties":{"osm_id":"node/5905724553","kategori":"atm","ad":"Akbank"}},{"type":"Feature","geometry":{"type":"Point","coordinates":[29.339088,40.864053]},"properties":{"osm_id":"node/5905724554","kategori":"atm","ad":"Türkiye İş Bankası"}},{"type":"Feature","geometry":{"type":"Point","coordinates":[29.339226,40.863989]},"properties":{"osm_id":"node/5905724555","kategori":"atm","ad":"Garanti Bankası"}},{"type":"Feature","geometry":{"type":"Point","coordinates":[28.81117,41.06813]},"properties":{"osm_id":"node/5910277497","kategori":"atm","ad":null}},{"type":"Feature","geometry":{"type":"Point","coordinates":[29.228608,40.902003]},"properties":{"osm_id":"node/5951615507","kategori":"atm","ad":"Ziraat Bankası"}},{"type":"Feature","geometry":{"type":"Point","coordinates":[29.029337,40.992036]},"properties":{"osm_id":"node/6006005885","kategori":"atm","ad":"Yapı Kredi"}},{"type":"Feature","geometry":{"type":"Point","coordinates":[29.224481,40.919161]},"properties":{"osm_id":"node/6080394560","kategori":"atm","ad":"Denizbank"}},{"type":"Feature","geometry":{"type":"Point","coordinates":[29.224449,40.919171]},"properties":{"osm_id":"node/6080394561","kategori":"atm","ad":"ING"}},{"type":"Feature","geometry":{"type":"Point","coordinates":[29.224416,40.919178]},"properties":{"osm_id":"node/6080394562","kategori":"atm","ad":"TEB"}},{"type":"Feature","geometry":{"type":"Point","coordinates":[29.101687,40.99775]},"properties":{"osm_id":"node/6089536354","kategori":"atm","ad":"Garanti Bankası"}},{"type":"Feature","geometry":{"type":"Point","coordinates":[29.101656,40.99773]},"properties":{"osm_id":"node/6089536356","kategori":"atm","ad":"Türkiye İş Bankası"}},{"type":"Feature","geometry":{"type":"Point","coordinates":[28.985895,41.039873]},"properties":{"osm_id":"node/6100641288","kategori":"atm","ad":null}},{"type":"Feature","geometry":{"type":"Point","coordinates":[28.985988,41.040125]},"properties":{"osm_id":"node/6100647185","kategori":"atm","ad":null}},{"type":"Feature","geometry":{"type":"Point","coordinates":[29.030147,40.993974]},"properties":{"osm_id":"node/6116710189","kategori":"atm","ad":"Denizbank"}},{"type":"Feature","geometry":{"type":"Point","coordinates":[29.001087,41.044097]},"properties":{"osm_id":"node/6141956711","kategori":"atm","ad":null}},{"type":"Feature","geometry":{"type":"Point","coordinates":[28.635835,41.022007]},"properties":{"osm_id":"node/6152367740","kategori":"atm","ad":"Vakıfbank ATM"}},{"type":"Feature","geometry":{"type":"Point","coordinates":[29.082864,41.004812]},"properties":{"osm_id":"node/6172027507","kategori":"atm","ad":null}},{"type":"Feature","geometry":{"type":"Point","coordinates":[28.907686,41.069853]},"properties":{"osm_id":"node/6174403740","kategori":"atm","ad":"HSBC"}},{"type":"Feature","geometry":{"type":"Point","coordinates":[28.907833,41.069798]},"properties":{"osm_id":"node/6174403741","kategori":"atm","ad":"Türkiye İş Bankası"}},{"type":"Feature","geometry":{"type":"Point","coordinates":[29.035304,41.025181]},"properties":{"osm_id":"node/6190440028","kategori":"atm","ad":"Vakıfbank"}},{"type":"Feature","geometry":{"type":"Point","coordinates":[28.793079,41.001658]},"properties":{"osm_id":"node/6261499587","kategori":"atm","ad":null}},{"type":"Feature","geometry":{"type":"Point","coordinates":[28.992412,41.103018]},"properties":{"osm_id":"node/6261922385","kategori":"atm","ad":null}},{"type":"Feature","geometry":{"type":"Point","coordinates":[28.911167,41.015533]},"properties":{"osm_id":"node/6262666185","kategori":"atm","ad":null}},{"type":"Feature","geometry":{"type":"Point","coordinates":[28.808439,40.960502]},"properties":{"osm_id":"node/6263783289","kategori":"atm","ad":null}},{"type":"Feature","geometry":{"type":"Point","coordinates":[28.840615,40.992272]},"properties":{"osm_id":"node/6284642188","kategori":"atm","ad":null}},{"type":"Feature","geometry":{"type":"Point","coordinates":[28.901124,41.032258]},"properties":{"osm_id":"node/6308058695","kategori":"atm","ad":null}},{"type":"Feature","geometry":{"type":"Point","coordinates":[28.791183,41.058331]},"properties":{"osm_id":"node/6308074288","kategori":"atm","ad":null}},{"type":"Feature","geometry":{"type":"Point","coordinates":[29.221148,40.907628]},"properties":{"osm_id":"node/6321841030","kategori":"atm","ad":"Akbank"}},{"type":"Feature","geometry":{"type":"Point","coordinates":[29.221158,40.907653]},"properties":{"osm_id":"node/6321841031","kategori":"atm","ad":"Halkbank"}},{"type":"Feature","geometry":{"type":"Point","coordinates":[29.069876,41.027756]},"properties":{"osm_id":"node/6329680518","kategori":"atm","ad":"Vakıfbank"}},{"type":"Feature","geometry":{"type":"Point","coordinates":[28.873587,40.980765]},"properties":{"osm_id":"node/6383666316","kategori":"atm","ad":"Halkbank"}},{"type":"Feature","geometry":{"type":"Point","coordinates":[28.873611,40.980765]},"properties":{"osm_id":"node/6383668430","kategori":"atm","ad":"Garanti Bankası"}},{"type":"Feature","geometry":{"type":"Point","coordinates":[28.873673,40.980768]},"properties":{"osm_id":"node/6383668824","kategori":"atm","ad":"Ziraat Bankası"}},{"type":"Feature","geometry":{"type":"Point","coordinates":[28.873642,40.980767]},"properties":{"osm_id":"node/6383669332","kategori":"atm","ad":"ING"}},{"type":"Feature","geometry":{"type":"Point","coordinates":[28.873701,40.980768]},"properties":{"osm_id":"node/6383669388","kategori":"atm","ad":"Vakıfbank"}},{"type":"Feature","geometry":{"type":"Point","coordinates":[28.978125,41.012834]},"properties":{"osm_id":"node/6389240387","kategori":"atm","ad":null}},{"type":"Feature","geometry":{"type":"Point","coordinates":[28.979199,41.026108]},"properties":{"osm_id":"node/6389943385","kategori":"atm","ad":null}},{"type":"Feature","geometry":{"type":"Point","coordinates":[29.021632,41.013134]},"properties":{"osm_id":"node/6403900886","kategori":"atm","ad":"Garanti Bankası"}},{"type":"Feature","geometry":{"type":"Point","coordinates":[29.263715,40.892159]},"properties":{"osm_id":"node/6422670906","kategori":"atm","ad":"Vakıfbank"}},{"type":"Feature","geometry":{"type":"Point","coordinates":[29.277977,40.896559]},"properties":{"osm_id":"node/6424992783","kategori":"atm","ad":"Vakıfbank"}},{"type":"Feature","geometry":{"type":"Point","coordinates":[28.699561,41.06451]},"properties":{"osm_id":"node/6437117174","kategori":"atm","ad":null}},{"type":"Feature","geometry":{"type":"Point","coordinates":[28.655609,41.01108]},"properties":{"osm_id":"node/6439828285","kategori":"atm","ad":"Akbank"}},{"type":"Feature","geometry":{"type":"Point","coordinates":[28.655972,41.011511]},"properties":{"osm_id":"node/6439828385","kategori":"atm","ad":"ING"}},{"type":"Feature","geometry":{"type":"Point","coordinates":[29.789783,41.141446]},"properties":{"osm_id":"node/6443549985","kategori":"atm","ad":null}},{"type":"Feature","geometry":{"type":"Point","coordinates":[28.944658,41.068261]},"properties":{"osm_id":"node/6452642568","kategori":"atm","ad":"Yapı Kredi ATM"}},{"type":"Feature","geometry":{"type":"Point","coordinates":[29.227754,40.876743]},"properties":{"osm_id":"node/6478604328","kategori":"atm","ad":"QNB Finansbank"}},{"type":"Feature","geometry":{"type":"Point","coordinates":[29.28363,40.914069]},"properties":{"osm_id":"node/6478604330","kategori":"atm","ad":"Vakıfbank"}},{"type":"Feature","geometry":{"type":"Point","coordinates":[29.283589,40.914072]},"properties":{"osm_id":"node/6478604331","kategori":"atm","ad":"Garanti Bankası"}},{"type":"Feature","geometry":{"type":"Point","coordinates":[29.283549,40.914076]},"properties":{"osm_id":"node/6478604332","kategori":"atm","ad":"Akbank"}},{"type":"Feature","geometry":{"type":"Point","coordinates":[29.252923,40.907138]},"properties":{"osm_id":"node/6479093519","kategori":"atm","ad":"TEB"}},{"type":"Feature","geometry":{"type":"Point","coordinates":[29.252971,40.907118]},"properties":{"osm_id":"node/6479097821","kategori":"atm","ad":"Garanti Bankası"}},{"type":"Feature","geometry":{"type":"Point","coordinates":[29.253047,40.907045]},"properties":{"osm_id":"node/6479100995","kategori":"atm","ad":"Vakıfbank"}},{"type":"Feature","geometry":{"type":"Point","coordinates":[29.253081,40.907019]},"properties":{"osm_id":"node/6479101365","kategori":"atm","ad":"T.C Ziraat Bankası"}},{"type":"Feature","geometry":{"type":"Point","coordinates":[29.253013,40.907094]},"properties":{"osm_id":"node/6479101366","kategori":"atm","ad":"Türkiye İş Bankası"}},{"type":"Feature","geometry":{"type":"Point","coordinates":[29.253111,40.906983]},"properties":{"osm_id":"node/6479101424","kategori":"atm","ad":"Denizbank"}},{"type":"Feature","geometry":{"type":"Point","coordinates":[28.975824,41.021907]},"properties":{"osm_id":"node/6491341985","kategori":"atm","ad":"ING"}},{"type":"Feature","geometry":{"type":"Point","coordinates":[29.309956,40.868479]},"properties":{"osm_id":"node/6494968881","kategori":"atm","ad":"Akbank"}},{"type":"Feature","geometry":{"type":"Point","coordinates":[29.230255,40.879565]},"properties":{"osm_id":"node/6510640092","kategori":"atm","ad":"Denizbank"}},{"type":"Feature","geometry":{"type":"Point","coordinates":[29.230482,40.879598]},"properties":{"osm_id":"node/6510640093","kategori":"atm","ad":"Yapı Kredi"}},{"type":"Feature","geometry":{"type":"Point","coordinates":[29.230509,40.879601]},"properties":{"osm_id":"node/6510640094","kategori":"atm","ad":"Akbank"}},{"type":"Feature","geometry":{"type":"Point","coordinates":[29.309842,40.928108]},"properties":{"osm_id":"node/6510656834","kategori":"atm","ad":"Yapı Kredi"}},{"type":"Feature","geometry":{"type":"Point","coordinates":[29.309854,40.928091]},"properties":{"osm_id":"node/6510656835","kategori":"atm","ad":"Akbank"}},{"type":"Feature","geometry":{"type":"Point","coordinates":[29.309869,40.928075]},"properties":{"osm_id":"node/6510656836","kategori":"atm","ad":"QNB Finansbank"}},{"type":"Feature","geometry":{"type":"Point","coordinates":[29.310285,40.927763]},"properties":{"osm_id":"node/6510656837","kategori":"atm","ad":"ING"}},{"type":"Feature","geometry":{"type":"Point","coordinates":[29.309893,40.928041]},"properties":{"osm_id":"node/6510656838","kategori":"atm","ad":"Vakıfbank"}},{"type":"Feature","geometry":{"type":"Point","coordinates":[29.309904,40.928025]},"properties":{"osm_id":"node/6510656839","kategori":"atm","ad":"Türkiye İş Bankası"}},{"type":"Feature","geometry":{"type":"Point","coordinates":[29.285281,40.916182]},"properties":{"osm_id":"node/6518159853","kategori":"atm","ad":"Türkiye İş Bankası"}},{"type":"Feature","geometry":{"type":"Point","coordinates":[29.292498,40.917922]},"properties":{"osm_id":"node/6518159857","kategori":"atm","ad":"Garanti Bankası"}},{"type":"Feature","geometry":{"type":"Point","coordinates":[29.023904,40.990322]},"properties":{"osm_id":"node/6524678105","kategori":"atm","ad":"Türkiye İş Bankası"}},{"type":"Feature","geometry":{"type":"Point","coordinates":[29.023758,40.983014]},"properties":{"osm_id":"node/6525324632","kategori":"atm","ad":"Yapı Kredi"}},{"type":"Feature","geometry":{"type":"Point","coordinates":[29.284423,40.905456]},"properties":{"osm_id":"node/6531649053","kategori":"atm","ad":"Halkbank"}},{"type":"Feature","geometry":{"type":"Point","coordinates":[29.298264,40.913655]},"properties":{"osm_id":"node/6532153498","kategori":"atm","ad":"Türkiye İş Bankası"}},{"type":"Feature","geometry":{"type":"Point","coordinates":[29.298338,40.913681]},"properties":{"osm_id":"node/6532153499","kategori":"atm","ad":"TEB"}},{"type":"Feature","geometry":{"type":"Point","coordinates":[29.298559,40.913752]},"properties":{"osm_id":"node/6532153500","kategori":"atm","ad":"Denizbank"}},{"type":"Feature","geometry":{"type":"Point","coordinates":[29.303594,40.915079]},"properties":{"osm_id":"node/6532153527","kategori":"atm","ad":"Türkiye İş Bankası"}},{"type":"Feature","geometry":{"type":"Point","coordinates":[29.305532,40.930083]},"properties":{"osm_id":"node/6532153568","kategori":"atm","ad":"Denizbank"}},{"type":"Feature","geometry":{"type":"Point","coordinates":[29.221237,40.908296]},"properties":{"osm_id":"node/6533457393","kategori":"atm","ad":"TEB"}},{"type":"Feature","geometry":{"type":"Point","coordinates":[29.221239,40.908107]},"properties":{"osm_id":"node/6533457394","kategori":"atm","ad":"Yapı Kredi"}},{"type":"Feature","geometry":{"type":"Point","coordinates":[29.121545,41.020952]},"properties":{"osm_id":"node/6557711065","kategori":"atm","ad":"Yapı Kredi"}},{"type":"Feature","geometry":{"type":"Point","coordinates":[28.747109,41.251743]},"properties":{"osm_id":"node/6592115587","kategori":"atm","ad":null}},{"type":"Feature","geometry":{"type":"Point","coordinates":[28.943243,41.021811]},"properties":{"osm_id":"node/6609340686","kategori":"atm","ad":null}},{"type":"Feature","geometry":{"type":"Point","coordinates":[28.625359,40.996336]},"properties":{"osm_id":"node/6642219135","kategori":"atm","ad":"Garanti Bankası"}},{"type":"Feature","geometry":{"type":"Point","coordinates":[28.625345,40.996337]},"properties":{"osm_id":"node/6642219136","kategori":"atm","ad":"Türkiye İş Bankası"}},{"type":"Feature","geometry":{"type":"Point","coordinates":[28.625326,40.996339]},"properties":{"osm_id":"node/6642219137","kategori":"atm","ad":"Akbank"}},{"type":"Feature","geometry":{"type":"Point","coordinates":[28.625312,40.996341]},"properties":{"osm_id":"node/6642219138","kategori":"atm","ad":"Yapı Kredi"}},{"type":"Feature","geometry":{"type":"Point","coordinates":[28.978863,41.030704]},"properties":{"osm_id":"node/6726114287","kategori":"atm","ad":null}},{"type":"Feature","geometry":{"type":"Point","coordinates":[28.811495,41.040437]},"properties":{"osm_id":"node/6752587258","kategori":"atm","ad":null}},{"type":"Feature","geometry":{"type":"Point","coordinates":[28.811478,41.047549]},"properties":{"osm_id":"node/6754151955","kategori":"atm","ad":"ING"}},{"type":"Feature","geometry":{"type":"Point","coordinates":[28.817257,41.045026]},"properties":{"osm_id":"node/6758776150","kategori":"atm","ad":null}},{"type":"Feature","geometry":{"type":"Point","coordinates":[29.105408,40.949163]},"properties":{"osm_id":"node/6765954299","kategori":"atm","ad":"Denizbank"}},{"type":"Feature","geometry":{"type":"Point","coordinates":[28.813713,41.039013]},"properties":{"osm_id":"node/6774521323","kategori":"atm","ad":null}},{"type":"Feature","geometry":{"type":"Point","coordinates":[28.807676,41.048789]},"properties":{"osm_id":"node/6774521353","kategori":"atm","ad":null}},{"type":"Feature","geometry":{"type":"Point","coordinates":[29.070039,41.015292]},"properties":{"osm_id":"node/6784348572","kategori":"atm","ad":null}},{"type":"Feature","geometry":{"type":"Point","coordinates":[29.314426,40.919792]},"properties":{"osm_id":"node/6828675491","kategori":"atm","ad":"Türkiye İş Bankası"}},{"type":"Feature","geometry":{"type":"Point","coordinates":[29.314456,40.919807]},"properties":{"osm_id":"node/6828675492","kategori":"atm","ad":"Akbank"}},{"type":"Feature","geometry":{"type":"Point","coordinates":[29.314511,40.919835]},"properties":{"osm_id":"node/6828675493","kategori":"atm","ad":"Garanti Bankası"}},{"type":"Feature","geometry":{"type":"Point","coordinates":[29.314543,40.919857]},"properties":{"osm_id":"node/6828675494","kategori":"atm","ad":null}},{"type":"Feature","geometry":{"type":"Point","coordinates":[29.074282,41.003309]},"properties":{"osm_id":"node/6897371181","kategori":"atm","ad":"Yapı Kredi"}},{"type":"Feature","geometry":{"type":"Point","coordinates":[29.074268,41.003279]},"properties":{"osm_id":"node/6897371182","kategori":"atm","ad":"QNB Finansbank"}},{"type":"Feature","geometry":{"type":"Point","coordinates":[29.074247,41.003255]},"properties":{"osm_id":"node/6897371183","kategori":"atm","ad":"Türkiye İş Bankası"}},{"type":"Feature","geometry":{"type":"Point","coordinates":[29.074236,41.003245]},"properties":{"osm_id":"node/6897371184","kategori":"atm","ad":"Denizbank"}},{"type":"Feature","geometry":{"type":"Point","coordinates":[29.087132,41.136604]},"properties":{"osm_id":"node/6900069860","kategori":"atm","ad":"Türkiye İş Bankası"}},{"type":"Feature","geometry":{"type":"Point","coordinates":[29.087076,41.136625]},"properties":{"osm_id":"node/6900069862","kategori":"atm","ad":"QNB Finansbank"}},{"type":"Feature","geometry":{"type":"Point","coordinates":[29.089041,41.135501]},"properties":{"osm_id":"node/6903770399","kategori":"atm","ad":"TEB"}},{"type":"Feature","geometry":{"type":"Point","coordinates":[29.08281,41.106445]},"properties":{"osm_id":"node/6926183784","kategori":"atm","ad":"Denizbank"}},{"type":"Feature","geometry":{"type":"Point","coordinates":[29.082827,41.106444]},"properties":{"osm_id":"node/6926191685","kategori":"atm","ad":"Vakıfbank"}},{"type":"Feature","geometry":{"type":"Point","coordinates":[29.082838,41.106443]},"properties":{"osm_id":"node/6926191686","kategori":"atm","ad":"Yapı Kredi"}},{"type":"Feature","geometry":{"type":"Point","coordinates":[29.082855,41.106444]},"properties":{"osm_id":"node/6926191687","kategori":"atm","ad":"Halkbank"}},{"type":"Feature","geometry":{"type":"Point","coordinates":[29.082878,41.106445]},"properties":{"osm_id":"node/6926191688","kategori":"atm","ad":"Türkiye İş Bankası"}},{"type":"Feature","geometry":{"type":"Point","coordinates":[29.082907,41.106422]},"properties":{"osm_id":"node/6926191689","kategori":"atm","ad":"Halkbank"}},{"type":"Feature","geometry":{"type":"Point","coordinates":[29.082994,41.106405]},"properties":{"osm_id":"node/6926191690","kategori":"atm","ad":"TC Ziraat Bankası"}},{"type":"Feature","geometry":{"type":"Point","coordinates":[29.09648,41.127563]},"properties":{"osm_id":"node/6926792319","kategori":"atm","ad":"Yapı Kredi"}},{"type":"Feature","geometry":{"type":"Point","coordinates":[29.096473,41.127568]},"properties":{"osm_id":"node/6926792320","kategori":"atm","ad":"Garanti Bankası"}},{"type":"Feature","geometry":{"type":"Point","coordinates":[29.096467,41.127573]},"properties":{"osm_id":"node/6926792321","kategori":"atm","ad":"Ziraat Bankası"}},{"type":"Feature","geometry":{"type":"Point","coordinates":[29.09646,41.127579]},"properties":{"osm_id":"node/6926792322","kategori":"atm","ad":"Denizbank"}},{"type":"Feature","geometry":{"type":"Point","coordinates":[28.589379,41.017994]},"properties":{"osm_id":"node/6961577869","kategori":"atm","ad":"Türkiye İş Bankası"}},{"type":"Feature","geometry":{"type":"Point","coordinates":[28.589501,41.017941]},"properties":{"osm_id":"node/6961577875","kategori":"atm","ad":null}},{"type":"Feature","geometry":{"type":"Point","coordinates":[28.58935,41.018006]},"properties":{"osm_id":"node/6961631295","kategori":"atm","ad":"TEB"}},{"type":"Feature","geometry":{"type":"Point","coordinates":[28.583791,41.02163]},"properties":{"osm_id":"node/6961657763","kategori":"atm","ad":"Vakıfbank"}},{"type":"Feature","geometry":{"type":"Point","coordinates":[28.583803,41.02164]},"properties":{"osm_id":"node/6961657764","kategori":"atm","ad":"Türkiye İş Bankası"}},{"type":"Feature","geometry":{"type":"Point","coordinates":[28.58376,41.02161]},"properties":{"osm_id":"node/6961657767","kategori":"atm","ad":"Yapı Kredi"}},{"type":"Feature","geometry":{"type":"Point","coordinates":[28.583774,41.02162]},"properties":{"osm_id":"node/6961657768","kategori":"atm","ad":null}},{"type":"Feature","geometry":{"type":"Point","coordinates":[29.004781,41.042011]},"properties":{"osm_id":"node/6977392172","kategori":"atm","ad":null}},{"type":"Feature","geometry":{"type":"Point","coordinates":[29.004877,41.042035]},"properties":{"osm_id":"node/6977399212","kategori":"atm","ad":null}},{"type":"Feature","geometry":{"type":"Point","coordinates":[29.004962,41.041943]},"properties":{"osm_id":"node/6977408830","kategori":"atm","ad":null}},{"type":"Feature","geometry":{"type":"Point","coordinates":[29.003932,41.041657]},"properties":{"osm_id":"node/6977419699","kategori":"atm","ad":null}},{"type":"Feature","geometry":{"type":"Point","coordinates":[29.005312,41.042067]},"properties":{"osm_id":"node/6977426427","kategori":"atm","ad":"Denizbank"}},{"type":"Feature","geometry":{"type":"Point","coordinates":[29.040042,40.98399]},"properties":{"osm_id":"node/6980192486","kategori":"atm","ad":"Garanti Bankası"}},{"type":"Feature","geometry":{"type":"Point","coordinates":[28.676921,41.060974]},"properties":{"osm_id":"node/7001085081","kategori":"atm","ad":"Ziraat Bankası"}},{"type":"Feature","geometry":{"type":"Point","coordinates":[28.676906,41.060958]},"properties":{"osm_id":"node/7001085082","kategori":"atm","ad":"QNB Finansbank"}},{"type":"Feature","geometry":{"type":"Point","coordinates":[28.676887,41.060941]},"properties":{"osm_id":"node/7001085083","kategori":"atm","ad":"ING"}},{"type":"Feature","geometry":{"type":"Point","coordinates":[28.675221,41.059608]},"properties":{"osm_id":"node/7001101495","kategori":"atm","ad":"Türkiye İş Bankası"}},{"type":"Feature","geometry":{"type":"Point","coordinates":[28.675061,41.059518]},"properties":{"osm_id":"node/7001101496","kategori":"atm","ad":"Yapı Kredi"}},{"type":"Feature","geometry":{"type":"Point","coordinates":[28.673627,41.05832]},"properties":{"osm_id":"node/7001199237","kategori":"atm","ad":"Akbank"}},{"type":"Feature","geometry":{"type":"Point","coordinates":[28.67361,41.058305]},"properties":{"osm_id":"node/7001199238","kategori":"atm","ad":"Halkbank"}},{"type":"Feature","geometry":{"type":"Point","coordinates":[28.67343,41.058029]},"properties":{"osm_id":"node/7001199240","kategori":"atm","ad":"Denizbank"}},{"type":"Feature","geometry":{"type":"Point","coordinates":[28.672616,41.058103]},"properties":{"osm_id":"node/7001199243","kategori":"atm","ad":"Vakıfbank"}},{"type":"Feature","geometry":{"type":"Point","coordinates":[29.052526,41.082827]},"properties":{"osm_id":"node/7004214744","kategori":"atm","ad":null}},{"type":"Feature","geometry":{"type":"Point","coordinates":[28.671956,41.060334]},"properties":{"osm_id":"node/7055067685","kategori":"atm","ad":null}},{"type":"Feature","geometry":{"type":"Point","coordinates":[28.912998,41.159712]},"properties":{"osm_id":"node/7074170485","kategori":"atm","ad":"Akbank"}},{"type":"Feature","geometry":{"type":"Point","coordinates":[28.91301,41.159736]},"properties":{"osm_id":"node/7074170486","kategori":"atm","ad":"QNB Finansbank"}},{"type":"Feature","geometry":{"type":"Point","coordinates":[28.912987,41.159688]},"properties":{"osm_id":"node/7074170585","kategori":"atm","ad":"Yapı Kredi"}},{"type":"Feature","geometry":{"type":"Point","coordinates":[28.987785,41.050636]},"properties":{"osm_id":"node/7109436585","kategori":"atm","ad":"ICBC"}},{"type":"Feature","geometry":{"type":"Point","coordinates":[29.063389,41.063535]},"properties":{"osm_id":"node/7445036143","kategori":"atm","ad":"Garanti Bankası"}},{"type":"Feature","geometry":{"type":"Point","coordinates":[29.253127,40.90696]},"properties":{"osm_id":"node/7566699340","kategori":"atm","ad":"Akbank"}},{"type":"Feature","geometry":{"type":"Point","coordinates":[28.686712,41.064247]},"properties":{"osm_id":"node/7581309675","kategori":"atm","ad":"QNB Finansbank"}},{"type":"Feature","geometry":{"type":"Point","coordinates":[28.986534,41.036356]},"properties":{"osm_id":"node/7625975345","kategori":"atm","ad":"TEB"}},{"type":"Feature","geometry":{"type":"Point","coordinates":[29.039572,40.983775]},"properties":{"osm_id":"node/7626261304","kategori":"atm","ad":"Halkbank"}},{"type":"Feature","geometry":{"type":"Point","coordinates":[29.115157,40.979688]},"properties":{"osm_id":"node/7628729522","kategori":"atm","ad":"Garanti Bankası"}},{"type":"Feature","geometry":{"type":"Point","coordinates":[28.586258,41.018898]},"properties":{"osm_id":"node/7651602429","kategori":"atm","ad":"Yapı Kredi"}},{"type":"Feature","geometry":{"type":"Point","coordinates":[28.580419,41.021534]},"properties":{"osm_id":"node/7651656283","kategori":"atm","ad":"QNB Finansbank"}},{"type":"Feature","geometry":{"type":"Point","coordinates":[29.025249,40.991354]},"properties":{"osm_id":"node/7652665258","kategori":"atm","ad":"Garanti Bankası"}},{"type":"Feature","geometry":{"type":"Point","coordinates":[29.031127,40.991454]},"properties":{"osm_id":"node/7652694335","kategori":"atm","ad":"ING"}},{"type":"Feature","geometry":{"type":"Point","coordinates":[28.647848,41.011652]},"properties":{"osm_id":"node/7695484885","kategori":"atm","ad":null}},{"type":"Feature","geometry":{"type":"Point","coordinates":[28.647867,41.011696]},"properties":{"osm_id":"node/7695484927","kategori":"atm","ad":"ING"}},{"type":"Feature","geometry":{"type":"Point","coordinates":[29.11216,40.975107]},"properties":{"osm_id":"node/7743067656","kategori":"atm","ad":"Yapı Kredi"}},{"type":"Feature","geometry":{"type":"Point","coordinates":[29.023804,40.992734]},"properties":{"osm_id":"node/7789509845","kategori":"atm","ad":"Akbank"}},{"type":"Feature","geometry":{"type":"Point","coordinates":[29.023798,40.992723]},"properties":{"osm_id":"node/7789580794","kategori":"atm","ad":"QNB Finansbank"}},{"type":"Feature","geometry":{"type":"Point","coordinates":[29.023811,40.992744]},"properties":{"osm_id":"node/7789605194","kategori":"atm","ad":"Yapı Kredi"}},{"type":"Feature","geometry":{"type":"Point","coordinates":[29.023792,40.992712]},"properties":{"osm_id":"node/7789606511","kategori":"atm","ad":"Garanti BBVA"}},{"type":"Feature","geometry":{"type":"Point","coordinates":[29.015164,41.027341]},"properties":{"osm_id":"node/7813094323","kategori":"atm","ad":null}},{"type":"Feature","geometry":{"type":"Point","coordinates":[29.015138,41.02732]},"properties":{"osm_id":"node/7813094324","kategori":"atm","ad":null}},{"type":"Feature","geometry":{"type":"Point","coordinates":[29.015113,41.027298]},"properties":{"osm_id":"node/7813094325","kategori":"atm","ad":null}},{"type":"Feature","geometry":{"type":"Point","coordinates":[29.015082,41.027273]},"properties":{"osm_id":"node/7813094327","kategori":"atm","ad":null}},{"type":"Feature","geometry":{"type":"Point","coordinates":[29.015059,41.027254]},"properties":{"osm_id":"node/7813094328","kategori":"atm","ad":null}},{"type":"Feature","geometry":{"type":"Point","coordinates":[29.014926,41.02728]},"properties":{"osm_id":"node/7813094329","kategori":"atm","ad":null}},{"type":"Feature","geometry":{"type":"Point","coordinates":[29.014974,41.027247]},"properties":{"osm_id":"node/7813094331","kategori":"atm","ad":null}},{"type":"Feature","geometry":{"type":"Point","coordinates":[28.585911,41.018565]},"properties":{"osm_id":"node/7889133726","kategori":"atm","ad":"QNB Finansbank"}},{"type":"Feature","geometry":{"type":"Point","coordinates":[29.135949,40.92195]},"properties":{"osm_id":"node/7958783925","kategori":"atm","ad":null}},{"type":"Feature","geometry":{"type":"Point","coordinates":[29.139652,40.997656]},"properties":{"osm_id":"node/7973630992","kategori":"atm","ad":"Türkiye İş Bankası"}},{"type":"Feature","geometry":{"type":"Point","coordinates":[29.132713,41.018647]},"properties":{"osm_id":"node/7994807881","kategori":"atm","ad":"Halkbank"}},{"type":"Feature","geometry":{"type":"Point","coordinates":[29.010542,41.010688]},"properties":{"osm_id":"node/7994868899","kategori":"atm","ad":"Türkiye İş Bankası"}},{"type":"Feature","geometry":{"type":"Point","coordinates":[29.139317,41.009939]},"properties":{"osm_id":"node/7995041070","kategori":"atm","ad":"ING"}},{"type":"Feature","geometry":{"type":"Point","coordinates":[28.977341,41.024984]},"properties":{"osm_id":"node/8058776785","kategori":"atm","ad":"Anadolubank"}},{"type":"Feature","geometry":{"type":"Point","coordinates":[28.971373,41.076735]},"properties":{"osm_id":"node/8068883688","kategori":"atm","ad":"QNB Finansbank"}},{"type":"Feature","geometry":{"type":"Point","coordinates":[29.025804,40.986956]},"properties":{"osm_id":"node/8223752621","kategori":"atm","ad":"Türkiye İş Bankası"}},{"type":"Feature","geometry":{"type":"Point","coordinates":[29.0258,40.986906]},"properties":{"osm_id":"node/8223783235","kategori":"atm","ad":"Garanti BBVA"}},{"type":"Feature","geometry":{"type":"Point","coordinates":[28.635847,41.02202]},"properties":{"osm_id":"node/8258453727","kategori":"atm","ad":"Akbank ATM"}},{"type":"Feature","geometry":{"type":"Point","coordinates":[28.63584,41.022013]},"properties":{"osm_id":"node/8258453728","kategori":"atm","ad":"İş Bankası ATM"}},{"type":"Feature","geometry":{"type":"Point","coordinates":[28.872473,40.986108]},"properties":{"osm_id":"node/8310458213","kategori":"atm","ad":"Halkbank"}},{"type":"Feature","geometry":{"type":"Point","coordinates":[28.872481,40.986062]},"properties":{"osm_id":"node/8310466945","kategori":"atm","ad":"TEB"}},{"type":"Feature","geometry":{"type":"Point","coordinates":[28.774467,41.09397]},"properties":{"osm_id":"node/8316248107","kategori":"atm","ad":null}},{"type":"Feature","geometry":{"type":"Point","coordinates":[28.774547,41.093966]},"properties":{"osm_id":"node/8316248108","kategori":"atm","ad":null}},{"type":"Feature","geometry":{"type":"Point","coordinates":[28.773838,41.093877]},"properties":{"osm_id":"node/8316248109","kategori":"atm","ad":null}},{"type":"Feature","geometry":{"type":"Point","coordinates":[28.773792,41.093894]},"properties":{"osm_id":"node/8316248110","kategori":"atm","ad":null}},{"type":"Feature","geometry":{"type":"Point","coordinates":[28.773872,41.093875]},"properties":{"osm_id":"node/8316248111","kategori":"atm","ad":null}},{"type":"Feature","geometry":{"type":"Point","coordinates":[28.81053,41.100798]},"properties":{"osm_id":"node/8319639867","kategori":"atm","ad":"Garanti Bankası"}},{"type":"Feature","geometry":{"type":"Point","coordinates":[28.810522,41.100768]},"properties":{"osm_id":"node/8319639868","kategori":"atm","ad":null}},{"type":"Feature","geometry":{"type":"Point","coordinates":[28.810496,41.100671]},"properties":{"osm_id":"node/8319639877","kategori":"atm","ad":null}},{"type":"Feature","geometry":{"type":"Point","coordinates":[29.006819,41.043219]},"properties":{"osm_id":"node/8319691850","kategori":"atm","ad":null}},{"type":"Feature","geometry":{"type":"Point","coordinates":[29.006819,41.043209]},"properties":{"osm_id":"node/8319691851","kategori":"atm","ad":"Türkiye İş Bankası"}},{"type":"Feature","geometry":{"type":"Point","coordinates":[29.006841,41.04324]},"properties":{"osm_id":"node/8319691852","kategori":"atm","ad":null}},{"type":"Feature","geometry":{"type":"Point","coordinates":[29.115542,40.979566]},"properties":{"osm_id":"node/8489080414","kategori":"atm","ad":"Ziraat Bankası"}},{"type":"Feature","geometry":{"type":"Point","coordinates":[29.115505,40.979578]},"properties":{"osm_id":"node/8489123818","kategori":"atm","ad":"QNB Finansbank"}},{"type":"Feature","geometry":{"type":"Point","coordinates":[29.115456,40.979597]},"properties":{"osm_id":"node/8489123829","kategori":"atm","ad":"Yapı Kredi"}},{"type":"Feature","geometry":{"type":"Point","coordinates":[28.876867,41.048768]},"properties":{"osm_id":"node/8504482196","kategori":"atm","ad":"Ziraat Bankası"}},{"type":"Feature","geometry":{"type":"Point","coordinates":[28.880087,41.043249]},"properties":{"osm_id":"node/8504512508","kategori":"atm","ad":"Türkiye İş Bankası"}},{"type":"Feature","geometry":{"type":"Point","coordinates":[28.880099,41.043229]},"properties":{"osm_id":"node/8504512509","kategori":"atm","ad":"ING"}},{"type":"Feature","geometry":{"type":"Point","coordinates":[28.880103,41.043222]},"properties":{"osm_id":"node/8504512510","kategori":"atm","ad":"TEB"}},{"type":"Feature","geometry":{"type":"Point","coordinates":[28.920613,41.048319]},"properties":{"osm_id":"node/8576178525","kategori":"atm","ad":"Yapı Kredi"}},{"type":"Feature","geometry":{"type":"Point","coordinates":[28.920632,41.048323]},"properties":{"osm_id":"node/8576178526","kategori":"atm","ad":"Vakıfbank"}},{"type":"Feature","geometry":{"type":"Point","coordinates":[28.92065,41.048327]},"properties":{"osm_id":"node/8576178527","kategori":"atm","ad":"Türkiye İş Bankası"}},{"type":"Feature","geometry":{"type":"Point","coordinates":[28.920675,41.048336]},"properties":{"osm_id":"node/8576178528","kategori":"atm","ad":"Garanti Bankası"}},{"type":"Feature","geometry":{"type":"Point","coordinates":[28.978144,41.012826]},"properties":{"osm_id":"node/8702493522","kategori":"atm","ad":"TEB"}},{"type":"Feature","geometry":{"type":"Point","coordinates":[28.671363,41.064788]},"properties":{"osm_id":"node/8722121598","kategori":"atm","ad":null}},{"type":"Feature","geometry":{"type":"Point","coordinates":[28.671362,41.064804]},"properties":{"osm_id":"node/8722306682","kategori":"atm","ad":"Denizbank"}},{"type":"Feature","geometry":{"type":"Point","coordinates":[28.672115,41.064744]},"properties":{"osm_id":"node/8722306683","kategori":"atm","ad":"Ziraat Bankası"}},{"type":"Feature","geometry":{"type":"Point","coordinates":[28.672097,41.064759]},"properties":{"osm_id":"node/8722306684","kategori":"atm","ad":"Türkiye İş Bankası"}},{"type":"Feature","geometry":{"type":"Point","coordinates":[28.975097,41.028676]},"properties":{"osm_id":"node/8724307967","kategori":"atm","ad":"Garanti Bankası"}},{"type":"Feature","geometry":{"type":"Point","coordinates":[28.975092,41.02867]},"properties":{"osm_id":"node/8724307968","kategori":"atm","ad":"ING"}},{"type":"Feature","geometry":{"type":"Point","coordinates":[28.975095,41.028668]},"properties":{"osm_id":"node/8724307969","kategori":"atm","ad":"Yapı Kredi"}},{"type":"Feature","geometry":{"type":"Point","coordinates":[28.975103,41.028673]},"properties":{"osm_id":"node/8724307970","kategori":"atm","ad":"Akbank"}},{"type":"Feature","geometry":{"type":"Point","coordinates":[28.975099,41.028666]},"properties":{"osm_id":"node/8724307971","kategori":"atm","ad":"Denizbank"}},{"type":"Feature","geometry":{"type":"Point","coordinates":[28.975109,41.02867]},"properties":{"osm_id":"node/8724307972","kategori":"atm","ad":"Halkbank"}},{"type":"Feature","geometry":{"type":"Point","coordinates":[29.193633,41.007243]},"properties":{"osm_id":"node/8726128654","kategori":"atm","ad":"ING"}},{"type":"Feature","geometry":{"type":"Point","coordinates":[29.193632,41.007272]},"properties":{"osm_id":"node/8726128655","kategori":"atm","ad":"Garanti Bankası"}},{"type":"Feature","geometry":{"type":"Point","coordinates":[29.193635,41.007218]},"properties":{"osm_id":"node/8726128656","kategori":"atm","ad":"Akbank"}},{"type":"Feature","geometry":{"type":"Point","coordinates":[28.671363,41.06482]},"properties":{"osm_id":"node/8727619053","kategori":"atm","ad":"Garanti Bankası"}},{"type":"Feature","geometry":{"type":"Point","coordinates":[28.671364,41.064772]},"properties":{"osm_id":"node/8727619054","kategori":"atm","ad":"Akbank"}},{"type":"Feature","geometry":{"type":"Point","coordinates":[28.672127,41.064725]},"properties":{"osm_id":"node/8727619055","kategori":"atm","ad":"Vakıfbank"}},{"type":"Feature","geometry":{"type":"Point","coordinates":[28.672077,41.064777]},"properties":{"osm_id":"node/8727619056","kategori":"atm","ad":"Halkbank"}},{"type":"Feature","geometry":{"type":"Point","coordinates":[28.672056,41.064794]},"properties":{"osm_id":"node/8727619057","kategori":"atm","ad":"Yapı Kredi"}},{"type":"Feature","geometry":{"type":"Point","coordinates":[29.093972,40.954662]},"properties":{"osm_id":"node/8738648077","kategori":"atm","ad":"Denizbank"}},{"type":"Feature","geometry":{"type":"Point","coordinates":[29.093967,40.954643]},"properties":{"osm_id":"node/8738648869","kategori":"atm","ad":"QNB Finansbank"}},{"type":"Feature","geometry":{"type":"Point","coordinates":[28.623445,41.024494]},"properties":{"osm_id":"node/8739742070","kategori":"atm","ad":"Türkiye İş Bankası"}},{"type":"Feature","geometry":{"type":"Point","coordinates":[28.593993,41.016785]},"properties":{"osm_id":"node/8759350859","kategori":"atm","ad":"Akbank"}},{"type":"Feature","geometry":{"type":"Point","coordinates":[28.917839,41.051327]},"properties":{"osm_id":"node/8776769467","kategori":"atm","ad":"Garanti Bankası"}},{"type":"Feature","geometry":{"type":"Point","coordinates":[28.917854,41.051319]},"properties":{"osm_id":"node/8776769468","kategori":"atm","ad":"Türkiye İş Bankası"}},{"type":"Feature","geometry":{"type":"Point","coordinates":[28.900159,41.077494]},"properties":{"osm_id":"node/8779934374","kategori":"atm","ad":"Vakıfbank"}},{"type":"Feature","geometry":{"type":"Point","coordinates":[28.862022,41.104316]},"properties":{"osm_id":"node/8814597065","kategori":"atm","ad":null}},{"type":"Feature","geometry":{"type":"Point","coordinates":[28.862059,41.104328]},"properties":{"osm_id":"node/8814597066","kategori":"atm","ad":"Akbank"}},{"type":"Feature","geometry":{"type":"Point","coordinates":[28.862106,41.104342]},"properties":{"osm_id":"node/8814597067","kategori":"atm","ad":"QNB Finansbank"}},{"type":"Feature","geometry":{"type":"Point","coordinates":[28.862126,41.10435]},"properties":{"osm_id":"node/8814597068","kategori":"atm","ad":"Halkbank"}},{"type":"Feature","geometry":{"type":"Point","coordinates":[29.125033,40.978915]},"properties":{"osm_id":"node/8871767986","kategori":"atm","ad":"Ziraat Bankası"}},{"type":"Feature","geometry":{"type":"Point","coordinates":[28.917919,41.051265]},"properties":{"osm_id":"node/8901918548","kategori":"atm","ad":"Yapı Kredi"}},{"type":"Feature","geometry":{"type":"Point","coordinates":[28.790689,40.993125]},"properties":{"osm_id":"node/8906836900","kategori":"atm","ad":"Garanti Bankası"}},{"type":"Feature","geometry":{"type":"Point","coordinates":[29.214369,40.927687]},"properties":{"osm_id":"node/8964109226","kategori":"atm","ad":"Vakıfbank"}},{"type":"Feature","geometry":{"type":"Point","coordinates":[29.214363,40.927694]},"properties":{"osm_id":"node/8964109227","kategori":"atm","ad":"Denizbank"}},{"type":"Feature","geometry":{"type":"Point","coordinates":[29.214357,40.9277]},"properties":{"osm_id":"node/8964109228","kategori":"atm","ad":"Yapı Kredi"}},{"type":"Feature","geometry":{"type":"Point","coordinates":[29.214352,40.927704]},"properties":{"osm_id":"node/8964109229","kategori":"atm","ad":"Ziraat Bankası"}},{"type":"Feature","geometry":{"type":"Point","coordinates":[29.214345,40.927709]},"properties":{"osm_id":"node/8964109230","kategori":"atm","ad":"Türkiye İş Bankası"}},{"type":"Feature","geometry":{"type":"Point","coordinates":[29.214339,40.927714]},"properties":{"osm_id":"node/8964109231","kategori":"atm","ad":"Akbank"}},{"type":"Feature","geometry":{"type":"Point","coordinates":[28.905058,41.052434]},"properties":{"osm_id":"node/8979990855","kategori":"atm","ad":"Akbank"}},{"type":"Feature","geometry":{"type":"Point","coordinates":[28.972673,41.022963]},"properties":{"osm_id":"node/9044979217","kategori":"atm","ad":null}},{"type":"Feature","geometry":{"type":"Point","coordinates":[28.974272,41.022769]},"properties":{"osm_id":"node/9044983717","kategori":"atm","ad":"Garanti Bankası"}},{"type":"Feature","geometry":{"type":"Point","coordinates":[28.977209,41.022244]},"properties":{"osm_id":"node/9045001118","kategori":"atm","ad":"Yapı Kredi"}},{"type":"Feature","geometry":{"type":"Point","coordinates":[28.976312,41.032092]},"properties":{"osm_id":"node/9045263318","kategori":"atm","ad":"Yapı Kredi"}},{"type":"Feature","geometry":{"type":"Point","coordinates":[28.981962,41.035497]},"properties":{"osm_id":"node/9045309717","kategori":"atm","ad":"TEB"}},{"type":"Feature","geometry":{"type":"Point","coordinates":[28.907481,41.069635]},"properties":{"osm_id":"node/9060510151","kategori":"atm","ad":"Denizbank"}},{"type":"Feature","geometry":{"type":"Point","coordinates":[29.043153,40.988323]},"properties":{"osm_id":"node/9108191599","kategori":"atm","ad":"Türkiye İş Bankası"}},{"type":"Feature","geometry":{"type":"Point","coordinates":[29.043193,40.988297]},"properties":{"osm_id":"node/9108211629","kategori":"atm","ad":"Akbank"}},{"type":"Feature","geometry":{"type":"Point","coordinates":[29.22907,40.901655]},"properties":{"osm_id":"node/9126625919","kategori":"atm","ad":"Türkiye İş Bankası"}},{"type":"Feature","geometry":{"type":"Point","coordinates":[29.229062,40.901649]},"properties":{"osm_id":"node/9126625920","kategori":"atm","ad":"Akbank"}},{"type":"Feature","geometry":{"type":"Point","coordinates":[29.229053,40.901642]},"properties":{"osm_id":"node/9126625921","kategori":"atm","ad":"Halkbank"}},{"type":"Feature","geometry":{"type":"Point","coordinates":[29.229042,40.901633]},"properties":{"osm_id":"node/9126625922","kategori":"atm","ad":"QNB Finansbank"}},{"type":"Feature","geometry":{"type":"Point","coordinates":[29.22903,40.901623]},"properties":{"osm_id":"node/9126625923","kategori":"atm","ad":"Garanti Bankası"}},{"type":"Feature","geometry":{"type":"Point","coordinates":[29.228971,40.901576]},"properties":{"osm_id":"node/9126625924","kategori":"atm","ad":"Yapı Kredi"}},{"type":"Feature","geometry":{"type":"Point","coordinates":[29.228985,40.901588]},"properties":{"osm_id":"node/9126625925","kategori":"atm","ad":"TEB"}},{"type":"Feature","geometry":{"type":"Point","coordinates":[29.228997,40.901597]},"properties":{"osm_id":"node/9126625926","kategori":"atm","ad":"Denizbank"}},{"type":"Feature","geometry":{"type":"Point","coordinates":[29.032487,41.07982]},"properties":{"osm_id":"node/9139811618","kategori":"atm","ad":null}},{"type":"Feature","geometry":{"type":"Point","coordinates":[29.032575,41.079888]},"properties":{"osm_id":"node/9139816017","kategori":"atm","ad":"HSBC"}},{"type":"Feature","geometry":{"type":"Point","coordinates":[28.998925,41.115378]},"properties":{"osm_id":"node/9166902310","kategori":"atm","ad":"Türkiye İş Bankası"}},{"type":"Feature","geometry":{"type":"Point","coordinates":[28.998899,41.115409]},"properties":{"osm_id":"node/9166902311","kategori":"atm","ad":null}},{"type":"Feature","geometry":{"type":"Point","coordinates":[28.99891,41.115393]},"properties":{"osm_id":"node/9166902312","kategori":"atm","ad":"Yapı Kredi"}},{"type":"Feature","geometry":{"type":"Point","coordinates":[28.99888,41.115428]},"properties":{"osm_id":"node/9166902313","kategori":"atm","ad":"Akbank"}},{"type":"Feature","geometry":{"type":"Point","coordinates":[28.998919,41.115385]},"properties":{"osm_id":"node/9166902314","kategori":"atm","ad":"Denizbank"}},{"type":"Feature","geometry":{"type":"Point","coordinates":[29.124709,40.925566]},"properties":{"osm_id":"node/9180064848","kategori":"atm","ad":"Türkiye İş Bankası"}},{"type":"Feature","geometry":{"type":"Point","coordinates":[29.124691,40.925578]},"properties":{"osm_id":"node/9180076681","kategori":"atm","ad":"Garanti BBVA"}},{"type":"Feature","geometry":{"type":"Point","coordinates":[29.124671,40.925591]},"properties":{"osm_id":"node/9180078655","kategori":"atm","ad":"Akbank"}},{"type":"Feature","geometry":{"type":"Point","coordinates":[29.124778,40.925506]},"properties":{"osm_id":"node/9180090433","kategori":"atm","ad":"Yapı Kredi"}},{"type":"Feature","geometry":{"type":"Point","coordinates":[29.124731,40.925545]},"properties":{"osm_id":"node/9180101564","kategori":"atm","ad":"Halkbank"}},{"type":"Feature","geometry":{"type":"Point","coordinates":[29.124757,40.925524]},"properties":{"osm_id":"node/9180111532","kategori":"atm","ad":"Denizbank"}},{"type":"Feature","geometry":{"type":"Point","coordinates":[29.116806,40.950581]},"properties":{"osm_id":"node/9190535785","kategori":"atm","ad":"Yapı Kredi"}},{"type":"Feature","geometry":{"type":"Point","coordinates":[28.739913,41.2595]},"properties":{"osm_id":"node/9195295117","kategori":"atm","ad":"TEB"}},{"type":"Feature","geometry":{"type":"Point","coordinates":[28.687342,41.063842]},"properties":{"osm_id":"node/9266276337","kategori":"atm","ad":"ING"}},{"type":"Feature","geometry":{"type":"Point","coordinates":[29.563916,41.168138]},"properties":{"osm_id":"node/9269571245","kategori":"atm","ad":"Yapı Kredi"}},{"type":"Feature","geometry":{"type":"Point","coordinates":[29.030112,40.993706]},"properties":{"osm_id":"node/9290353617","kategori":"atm","ad":"Halkbank"}},{"type":"Feature","geometry":{"type":"Point","coordinates":[28.916705,41.045418]},"properties":{"osm_id":"node/9312377100","kategori":"atm","ad":"Garanti Bankası"}},{"type":"Feature","geometry":{"type":"Point","coordinates":[29.025662,40.987671]},"properties":{"osm_id":"node/9318036518","kategori":"atm","ad":"Vakıfbank"}},{"type":"Feature","geometry":{"type":"Point","coordinates":[28.834482,41.066431]},"properties":{"osm_id":"node/9353423646","kategori":"atm","ad":"Denizbank"}},{"type":"Feature","geometry":{"type":"Point","coordinates":[29.02702,41.080206]},"properties":{"osm_id":"node/9363528214","kategori":"atm","ad":"Akbank"}},{"type":"Feature","geometry":{"type":"Point","coordinates":[29.026347,41.078656]},"properties":{"osm_id":"node/9363528254","kategori":"atm","ad":"Türkiye İş Bankası"}},{"type":"Feature","geometry":{"type":"Point","coordinates":[28.918501,41.042105]},"properties":{"osm_id":"node/9385532753","kategori":"atm","ad":"Türkiye İş Bankası"}},{"type":"Feature","geometry":{"type":"Point","coordinates":[28.88758,41.036541]},"properties":{"osm_id":"node/9444269437","kategori":"atm","ad":"Vakıfbank"}},{"type":"Feature","geometry":{"type":"Point","coordinates":[28.887607,41.036535]},"properties":{"osm_id":"node/9444269438","kategori":"atm","ad":"Yapı Kredi"}},{"type":"Feature","geometry":{"type":"Point","coordinates":[28.887617,41.036499]},"properties":{"osm_id":"node/9444269439","kategori":"atm","ad":"Ziraat Bankası"}},{"type":"Feature","geometry":{"type":"Point","coordinates":[28.88764,41.036493]},"properties":{"osm_id":"node/9444269440","kategori":"atm","ad":"Denizbank"}},{"type":"Feature","geometry":{"type":"Point","coordinates":[29.109907,40.966974]},"properties":{"osm_id":"node/9447320451","kategori":"atm","ad":"Bankamatik"}},{"type":"Feature","geometry":{"type":"Point","coordinates":[29.048323,40.986084]},"properties":{"osm_id":"node/9452894696","kategori":"atm","ad":"TEB"}},{"type":"Feature","geometry":{"type":"Point","coordinates":[28.721889,40.979793]},"properties":{"osm_id":"node/9455343432","kategori":"atm","ad":"Vakıfbank"}},{"type":"Feature","geometry":{"type":"Point","coordinates":[28.721744,40.979664]},"properties":{"osm_id":"node/9455353526","kategori":"atm","ad":"Halkbank"}},{"type":"Feature","geometry":{"type":"Point","coordinates":[28.721227,40.979352]},"properties":{"osm_id":"node/9455354929","kategori":"atm","ad":"Garanti BBVA"}},{"type":"Feature","geometry":{"type":"Point","coordinates":[28.721933,40.979785]},"properties":{"osm_id":"node/9455354930","kategori":"atm","ad":"Yapı Kredi"}},{"type":"Feature","geometry":{"type":"Point","coordinates":[28.721981,40.979776]},"properties":{"osm_id":"node/9455358456","kategori":"atm","ad":"Ziraat Bankası"}},{"type":"Feature","geometry":{"type":"Point","coordinates":[28.721292,40.979406]},"properties":{"osm_id":"node/9455359137","kategori":"atm","ad":"Yapı Kredi"}},{"type":"Feature","geometry":{"type":"Point","coordinates":[28.721764,40.979755]},"properties":{"osm_id":"node/9455368748","kategori":"atm","ad":"QNB Finansbank"}},{"type":"Feature","geometry":{"type":"Point","coordinates":[28.72202,40.979768]},"properties":{"osm_id":"node/9455373785","kategori":"atm","ad":"Yapı Kredi"}},{"type":"Feature","geometry":{"type":"Point","coordinates":[28.721322,40.97942]},"properties":{"osm_id":"node/9455375726","kategori":"atm","ad":"TEB"}},{"type":"Feature","geometry":{"type":"Point","coordinates":[28.721825,40.979805]},"properties":{"osm_id":"node/9455384617","kategori":"atm","ad":"Akbank"}},{"type":"Feature","geometry":{"type":"Point","coordinates":[28.921366,41.048947]},"properties":{"osm_id":"node/9461713315","kategori":"atm","ad":"Akbank"}},{"type":"Feature","geometry":{"type":"Point","coordinates":[28.921382,41.048955]},"properties":{"osm_id":"node/9461713316","kategori":"atm","ad":"TEB"}},{"type":"Feature","geometry":{"type":"Point","coordinates":[28.92061,41.048807]},"properties":{"osm_id":"node/9461713317","kategori":"atm","ad":"ING"}},{"type":"Feature","geometry":{"type":"Point","coordinates":[28.92062,41.048802]},"properties":{"osm_id":"node/9461713318","kategori":"atm","ad":"Halkbank"}},{"type":"Feature","geometry":{"type":"Point","coordinates":[29.02403,40.983714]},"properties":{"osm_id":"node/9463407819","kategori":"atm","ad":"TEB"}},{"type":"Feature","geometry":{"type":"Point","coordinates":[28.912698,41.05789]},"properties":{"osm_id":"node/9468028077","kategori":"atm","ad":"Yapı Kredi"}},{"type":"Feature","geometry":{"type":"Point","coordinates":[28.912719,41.057902]},"properties":{"osm_id":"node/9468028078","kategori":"atm","ad":"Garanti Bankası"}},{"type":"Feature","geometry":{"type":"Point","coordinates":[28.910219,41.053137]},"properties":{"osm_id":"node/9469078832","kategori":"atm","ad":null}},{"type":"Feature","geometry":{"type":"Point","coordinates":[28.910254,41.053146]},"properties":{"osm_id":"node/9469078833","kategori":"atm","ad":null}},{"type":"Feature","geometry":{"type":"Point","coordinates":[28.910238,41.053142]},"properties":{"osm_id":"node/9469078834","kategori":"atm","ad":null}},{"type":"Feature","geometry":{"type":"Point","coordinates":[28.243605,41.073902]},"properties":{"osm_id":"node/9473425748","kategori":"atm","ad":"Yapı Kredi"}},{"type":"Feature","geometry":{"type":"Point","coordinates":[28.243685,41.073575]},"properties":{"osm_id":"node/9473460513","kategori":"atm","ad":"Halkbank"}},{"type":"Feature","geometry":{"type":"Point","coordinates":[28.243696,41.073553]},"properties":{"osm_id":"node/9473463963","kategori":"atm","ad":"Türkiye İş Bankası"}},{"type":"Feature","geometry":{"type":"Point","coordinates":[28.243691,41.073564]},"properties":{"osm_id":"node/9473472476","kategori":"atm","ad":"Garanti BBVA"}},{"type":"Feature","geometry":{"type":"Point","coordinates":[29.131751,40.981768]},"properties":{"osm_id":"node/9498224952","kategori":"atm","ad":"Türkiye İş Bankası"}},{"type":"Feature","geometry":{"type":"Point","coordinates":[29.131784,40.981774]},"properties":{"osm_id":"node/9498224957","kategori":"atm","ad":"QNB Finansbank"}},{"type":"Feature","geometry":{"type":"Point","coordinates":[29.131777,40.981773]},"properties":{"osm_id":"node/9498224960","kategori":"atm","ad":"Denizbank"}},{"type":"Feature","geometry":{"type":"Point","coordinates":[29.131792,40.981775]},"properties":{"osm_id":"node/9498224964","kategori":"atm","ad":"Halkbank"}},{"type":"Feature","geometry":{"type":"Point","coordinates":[29.131729,40.981763]},"properties":{"osm_id":"node/9498224983","kategori":"atm","ad":"Garanti Bankası"}},{"type":"Feature","geometry":{"type":"Point","coordinates":[29.131807,40.981774]},"properties":{"osm_id":"node/9498225005","kategori":"atm","ad":"TEB"}},{"type":"Feature","geometry":{"type":"Point","coordinates":[29.131761,40.98177]},"properties":{"osm_id":"node/9498241822","kategori":"atm","ad":"Akbank"}},{"type":"Feature","geometry":{"type":"Point","coordinates":[29.131799,40.981775]},"properties":{"osm_id":"node/9498241834","kategori":"atm","ad":"Vakıfbank"}},{"type":"Feature","geometry":{"type":"Point","coordinates":[29.13174,40.981766]},"properties":{"osm_id":"node/9498241838","kategori":"atm","ad":"Yapı Kredi"}},{"type":"Feature","geometry":{"type":"Point","coordinates":[29.051381,40.986126]},"properties":{"osm_id":"node/9523516459","kategori":"atm","ad":"Türkiye İş Bankası"}},{"type":"Feature","geometry":{"type":"Point","coordinates":[28.984708,41.027915]},"properties":{"osm_id":"node/9549340917","kategori":"atm","ad":"QNB Finansbank"}},{"type":"Feature","geometry":{"type":"Point","coordinates":[28.843875,40.992467]},"properties":{"osm_id":"node/9550928874","kategori":"atm","ad":"Ziraat Bankası"}},{"type":"Feature","geometry":{"type":"Point","coordinates":[28.845066,40.992178]},"properties":{"osm_id":"node/9550928884","kategori":"atm","ad":"Halkbank"}},{"type":"Feature","geometry":{"type":"Point","coordinates":[28.845079,40.992175]},"properties":{"osm_id":"node/9550928889","kategori":"atm","ad":null}},{"type":"Feature","geometry":{"type":"Point","coordinates":[28.843643,40.99236]},"properties":{"osm_id":"node/9550928905","kategori":"atm","ad":"Denizbank"}},{"type":"Feature","geometry":{"type":"Point","coordinates":[28.843848,40.992468]},"properties":{"osm_id":"node/9550933517","kategori":"atm","ad":"QNB Finansbank"}},{"type":"Feature","geometry":{"type":"Point","coordinates":[28.843897,40.992464]},"properties":{"osm_id":"node/9550933529","kategori":"atm","ad":"Türkiye İş Bankası"}},{"type":"Feature","geometry":{"type":"Point","coordinates":[28.748065,41.259608]},"properties":{"osm_id":"node/9554351917","kategori":"atm","ad":null}},{"type":"Feature","geometry":{"type":"Point","coordinates":[28.742549,41.260385]},"properties":{"osm_id":"node/9554352017","kategori":"atm","ad":"Vakıfbank"}},{"type":"Feature","geometry":{"type":"Point","coordinates":[28.987825,41.040502]},"properties":{"osm_id":"node/9582676882","kategori":"atm","ad":"Garanti Bankası"}},{"type":"Feature","geometry":{"type":"Point","coordinates":[29.215858,41.005502]},"properties":{"osm_id":"node/9631017104","kategori":"atm","ad":"Garanti Bankası"}},{"type":"Feature","geometry":{"type":"Point","coordinates":[29.214959,41.008437]},"properties":{"osm_id":"node/9631017147","kategori":"atm","ad":"Türkiye İş Bankası"}},{"type":"Feature","geometry":{"type":"Point","coordinates":[28.773188,41.025114]},"properties":{"osm_id":"node/9643667444","kategori":"atm","ad":"Vakıfbank"}},{"type":"Feature","geometry":{"type":"Point","coordinates":[28.773191,41.025117]},"properties":{"osm_id":"node/9643667445","kategori":"atm","ad":"Türkiye İş Bankası"}},{"type":"Feature","geometry":{"type":"Point","coordinates":[29.053256,40.988123]},"properties":{"osm_id":"node/9667935649","kategori":"atm","ad":"PTT Bank"}},{"type":"Feature","geometry":{"type":"Point","coordinates":[29.028236,40.986607]},"properties":{"osm_id":"node/9697333817","kategori":"atm","ad":null}},{"type":"Feature","geometry":{"type":"Point","coordinates":[29.030346,40.993161]},"properties":{"osm_id":"node/9697376117","kategori":"atm","ad":"Garanti Bankası"}},{"type":"Feature","geometry":{"type":"Point","coordinates":[28.900373,41.02001]},"properties":{"osm_id":"node/9752350873","kategori":"atm","ad":"Türkiye İş Bankası"}},{"type":"Feature","geometry":{"type":"Point","coordinates":[28.901204,41.022973]},"properties":{"osm_id":"node/9752350874","kategori":"atm","ad":"Türkiye İş Bankası"}},{"type":"Feature","geometry":{"type":"Point","coordinates":[28.978112,41.011643]},"properties":{"osm_id":"node/9754756617","kategori":"atm","ad":null}},{"type":"Feature","geometry":{"type":"Point","coordinates":[29.007317,41.041194]},"properties":{"osm_id":"node/9785322480","kategori":"atm","ad":"Vakıfbank"}},{"type":"Feature","geometry":{"type":"Point","coordinates":[29.128588,40.874386]},"properties":{"osm_id":"node/9785322481","kategori":"atm","ad":"Garanti BBVA"}},{"type":"Feature","geometry":{"type":"Point","coordinates":[29.128532,40.873945]},"properties":{"osm_id":"node/9785340902","kategori":"atm","ad":"Ptt"}},{"type":"Feature","geometry":{"type":"Point","coordinates":[29.030309,40.993657]},"properties":{"osm_id":"node/9786517746","kategori":"atm","ad":null}},{"type":"Feature","geometry":{"type":"Point","coordinates":[29.030117,40.993692]},"properties":{"osm_id":"node/9786517752","kategori":"atm","ad":"Akbank"}},{"type":"Feature","geometry":{"type":"Point","coordinates":[29.10715,40.994582]},"properties":{"osm_id":"node/9806672869","kategori":"atm","ad":"Türkiye İş Bankası"}},{"type":"Feature","geometry":{"type":"Point","coordinates":[29.124554,40.977166]},"properties":{"osm_id":"node/9806735508","kategori":"atm","ad":"Denizbank"}},{"type":"Feature","geometry":{"type":"Point","coordinates":[29.107179,40.994619]},"properties":{"osm_id":"node/9807118031","kategori":"atm","ad":"Yapı Kredi"}},{"type":"Feature","geometry":{"type":"Point","coordinates":[29.10717,40.994605]},"properties":{"osm_id":"node/9807118032","kategori":"atm","ad":"Denizbank"}},{"type":"Feature","geometry":{"type":"Point","coordinates":[29.128566,40.874012]},"properties":{"osm_id":"node/9812528517","kategori":"atm","ad":null}},{"type":"Feature","geometry":{"type":"Point","coordinates":[29.307619,40.927583]},"properties":{"osm_id":"node/9841365618","kategori":"atm","ad":"Halkbank"}},{"type":"Feature","geometry":{"type":"Point","coordinates":[28.771423,41.023316]},"properties":{"osm_id":"node/9882886159","kategori":"atm","ad":"Akbank"}},{"type":"Feature","geometry":{"type":"Point","coordinates":[28.903624,41.098154]},"properties":{"osm_id":"node/9895759717","kategori":"atm","ad":"1."}},{"type":"Feature","geometry":{"type":"Point","coordinates":[28.902057,41.089432]},"properties":{"osm_id":"node/9901626769","kategori":"atm","ad":"Türkiye İş Bankası"}},{"type":"Feature","geometry":{"type":"Point","coordinates":[28.902057,41.089447]},"properties":{"osm_id":"node/9901626770","kategori":"atm","ad":"Akbank"}},{"type":"Feature","geometry":{"type":"Point","coordinates":[28.902056,41.089463]},"properties":{"osm_id":"node/9901626771","kategori":"atm","ad":"Garanti Bankası"}},{"type":"Feature","geometry":{"type":"Point","coordinates":[28.990868,41.032964]},"properties":{"osm_id":"node/9907802795","kategori":"atm","ad":"Türkiye İş Bankası"}},{"type":"Feature","geometry":{"type":"Point","coordinates":[28.297368,41.475728]},"properties":{"osm_id":"node/9908804452","kategori":"atm","ad":"Argent"}},{"type":"Feature","geometry":{"type":"Point","coordinates":[29.010788,41.069118]},"properties":{"osm_id":"node/9915909568","kategori":"atm","ad":null}},{"type":"Feature","geometry":{"type":"Point","coordinates":[28.991263,41.177709]},"properties":{"osm_id":"node/9939299557","kategori":"atm","ad":null}},{"type":"Feature","geometry":{"type":"Point","coordinates":[28.991456,41.177637]},"properties":{"osm_id":"node/9939299559","kategori":"atm","ad":null}},{"type":"Feature","geometry":{"type":"Point","coordinates":[28.991177,41.177685]},"properties":{"osm_id":"node/9939299565","kategori":"atm","ad":null}},{"type":"Feature","geometry":{"type":"Point","coordinates":[28.991192,41.17769]},"properties":{"osm_id":"node/9939299569","kategori":"atm","ad":null}},{"type":"Feature","geometry":{"type":"Point","coordinates":[29.042328,40.974226]},"properties":{"osm_id":"node/9953369436","kategori":"atm","ad":"QNB Finansbank"}},{"type":"Feature","geometry":{"type":"Point","coordinates":[28.297,41.476096]},"properties":{"osm_id":"node/9956749902","kategori":"atm","ad":"Bankamatik"}},{"type":"Feature","geometry":{"type":"Point","coordinates":[29.037212,40.992148]},"properties":{"osm_id":"node/9971100266","kategori":"atm","ad":"Akbank"}},{"type":"Feature","geometry":{"type":"Point","coordinates":[29.037216,40.992142]},"properties":{"osm_id":"node/9971100267","kategori":"atm","ad":"Garanti Bankası"}},{"type":"Feature","geometry":{"type":"Point","coordinates":[29.037219,40.992136]},"properties":{"osm_id":"node/9971100268","kategori":"atm","ad":"Türkiye İş Bankası"}},{"type":"Feature","geometry":{"type":"Point","coordinates":[29.037224,40.99213]},"properties":{"osm_id":"node/9971100269","kategori":"atm","ad":"Yapı Kredi"}},{"type":"Feature","geometry":{"type":"Point","coordinates":[29.037228,40.992123]},"properties":{"osm_id":"node/9971100270","kategori":"atm","ad":"QNB Finansbank"}},{"type":"Feature","geometry":{"type":"Point","coordinates":[29.12698,40.993048]},"properties":{"osm_id":"node/9983666553","kategori":"atm","ad":null}},{"type":"Feature","geometry":{"type":"Point","coordinates":[29.120335,40.99258]},"properties":{"osm_id":"node/9983666651","kategori":"atm","ad":"Türkiye İş Bankası"}},{"type":"Feature","geometry":{"type":"Point","coordinates":[29.12038,40.992585]},"properties":{"osm_id":"node/9983666652","kategori":"atm","ad":"Garanti BBVA ATM"}},{"type":"Feature","geometry":{"type":"Point","coordinates":[29.120424,40.99259]},"properties":{"osm_id":"node/9983666653","kategori":"atm","ad":null}},{"type":"Feature","geometry":{"type":"Point","coordinates":[29.120472,40.992595]},"properties":{"osm_id":"node/9983666654","kategori":"atm","ad":null}},{"type":"Feature","geometry":{"type":"Point","coordinates":[29.100849,40.876638]},"properties":{"osm_id":"node/9983876843","kategori":"atm","ad":"Türkiye Bankası"}},{"type":"Feature","geometry":{"type":"Point","coordinates":[29.099588,40.877611]},"properties":{"osm_id":"node/9990534063","kategori":"atm","ad":"Yapı Kredi"}},{"type":"Feature","geometry":{"type":"Point","coordinates":[29.100578,40.877123]},"properties":{"osm_id":"node/9995036017","kategori":"atm","ad":"Garanti Bankası"}},{"type":"Feature","geometry":{"type":"Point","coordinates":[29.116616,40.992361]},"properties":{"osm_id":"node/10004459872","kategori":"atm","ad":null}},{"type":"Feature","geometry":{"type":"Point","coordinates":[29.097597,40.971472]},"properties":{"osm_id":"node/10004487440","kategori":"atm","ad":"Garanti Bankası"}},{"type":"Feature","geometry":{"type":"Point","coordinates":[29.09758,40.97148]},"properties":{"osm_id":"node/10004487441","kategori":"atm","ad":"Akbank"}},{"type":"Feature","geometry":{"type":"Point","coordinates":[29.097564,40.971486]},"properties":{"osm_id":"node/10004487442","kategori":"atm","ad":"Halkbank"}},{"type":"Feature","geometry":{"type":"Point","coordinates":[29.097549,40.971492]},"properties":{"osm_id":"node/10004487443","kategori":"atm","ad":"QNB Finansbank"}},{"type":"Feature","geometry":{"type":"Point","coordinates":[29.097532,40.971499]},"properties":{"osm_id":"node/10004487444","kategori":"atm","ad":"TEB"}},{"type":"Feature","geometry":{"type":"Point","coordinates":[29.097615,40.971464]},"properties":{"osm_id":"node/10004531236","kategori":"atm","ad":"Türkiye İş Bankası"}},{"type":"Feature","geometry":{"type":"Point","coordinates":[29.097606,40.971415]},"properties":{"osm_id":"node/10004531237","kategori":"atm","ad":"Yapı Kredi"}},{"type":"Feature","geometry":{"type":"Point","coordinates":[29.097621,40.971432]},"properties":{"osm_id":"node/10004531238","kategori":"atm","ad":"Vakıfbank"}},{"type":"Feature","geometry":{"type":"Point","coordinates":[29.097592,40.971398]},"properties":{"osm_id":"node/10004531239","kategori":"atm","ad":"Denizbank"}},{"type":"Feature","geometry":{"type":"Point","coordinates":[29.093216,40.977108]},"properties":{"osm_id":"node/10017870066","kategori":"atm","ad":null}},{"type":"Feature","geometry":{"type":"Point","coordinates":[29.060501,40.970965]},"properties":{"osm_id":"node/10018584359","kategori":"atm","ad":"Garanti Bankası"}},{"type":"Feature","geometry":{"type":"Point","coordinates":[29.06048,40.970976]},"properties":{"osm_id":"node/10018584360","kategori":"atm","ad":"QNB Finansbank"}},{"type":"Feature","geometry":{"type":"Point","coordinates":[29.060458,40.970988]},"properties":{"osm_id":"node/10018584361","kategori":"atm","ad":"Akbank"}},{"type":"Feature","geometry":{"type":"Point","coordinates":[28.857765,40.998647]},"properties":{"osm_id":"node/10029201854","kategori":"atm","ad":"Denizbank"}},{"type":"Feature","geometry":{"type":"Point","coordinates":[28.857798,40.998669]},"properties":{"osm_id":"node/10029201878","kategori":"atm","ad":"Vakıfbank"}},{"type":"Feature","geometry":{"type":"Point","coordinates":[28.857749,40.998638]},"properties":{"osm_id":"node/10029201901","kategori":"atm","ad":"Türkiye İş Bankası"}},{"type":"Feature","geometry":{"type":"Point","coordinates":[28.857814,40.998677]},"properties":{"osm_id":"node/10029201903","kategori":"atm","ad":"QNB Finansbank"}},{"type":"Feature","geometry":{"type":"Point","coordinates":[28.857782,40.998659]},"properties":{"osm_id":"node/10029207119","kategori":"atm","ad":"Yapı Kredi"}},{"type":"Feature","geometry":{"type":"Point","coordinates":[28.85783,40.998684]},"properties":{"osm_id":"node/10029207131","kategori":"atm","ad":null}},{"type":"Feature","geometry":{"type":"Point","coordinates":[29.083974,40.970995]},"properties":{"osm_id":"node/10033230517","kategori":"atm","ad":"QNB Finansbank"}},{"type":"Feature","geometry":{"type":"Point","coordinates":[29.051452,40.98614]},"properties":{"osm_id":"node/10055923904","kategori":"atm","ad":"Denizbank"}},{"type":"Feature","geometry":{"type":"Point","coordinates":[29.051456,40.98616]},"properties":{"osm_id":"node/10055923907","kategori":"atm","ad":"PTT Bank"}},{"type":"Feature","geometry":{"type":"Point","coordinates":[29.051391,40.986226]},"properties":{"osm_id":"node/10055923909","kategori":"atm","ad":"TAM"}},{"type":"Feature","geometry":{"type":"Point","coordinates":[29.070708,40.96746]},"properties":{"osm_id":"node/10063086625","kategori":"atm","ad":"TEB"}},{"type":"Feature","geometry":{"type":"Point","coordinates":[29.124582,40.97747]},"properties":{"osm_id":"node/10064469417","kategori":"atm","ad":"Akbank"}},{"type":"Feature","geometry":{"type":"Point","coordinates":[28.955634,41.013118]},"properties":{"osm_id":"node/10074005021","kategori":"atm","ad":"Yapı Kredi"}},{"type":"Feature","geometry":{"type":"Point","coordinates":[28.955654,41.013135]},"properties":{"osm_id":"node/10074005022","kategori":"atm","ad":"Vakıfbank"}},{"type":"Feature","geometry":{"type":"Point","coordinates":[29.124208,41.00179]},"properties":{"osm_id":"node/10100852311","kategori":"atm","ad":"Garanti Bankası"}},{"type":"Feature","geometry":{"type":"Point","coordinates":[29.045107,40.979398]},"properties":{"osm_id":"node/10133269113","kategori":"atm","ad":"Garanti Bankası"}},{"type":"Feature","geometry":{"type":"Point","coordinates":[29.029347,40.990098]},"properties":{"osm_id":"node/10143132004","kategori":"atm","ad":"Yapı Kredi"}},{"type":"Feature","geometry":{"type":"Point","coordinates":[29.029369,40.990087]},"properties":{"osm_id":"node/10143161620","kategori":"atm","ad":"Denizbank"}},{"type":"Feature","geometry":{"type":"Point","coordinates":[29.122321,40.992695]},"properties":{"osm_id":"node/10144457873","kategori":"atm","ad":null}},{"type":"Feature","geometry":{"type":"Point","coordinates":[29.122294,40.992696]},"properties":{"osm_id":"node/10144457874","kategori":"atm","ad":null}},{"type":"Feature","geometry":{"type":"Point","coordinates":[29.12226,40.992695]},"properties":{"osm_id":"node/10144457875","kategori":"atm","ad":null}},{"type":"Feature","geometry":{"type":"Point","coordinates":[29.073893,40.972341]},"properties":{"osm_id":"node/10148000899","kategori":"atm","ad":null}},{"type":"Feature","geometry":{"type":"Point","coordinates":[29.073904,40.97237]},"properties":{"osm_id":"node/10148000900","kategori":"atm","ad":null}},{"type":"Feature","geometry":{"type":"Point","coordinates":[29.068776,40.981788]},"properties":{"osm_id":"node/10148862147","kategori":"atm","ad":null}},{"type":"Feature","geometry":{"type":"Point","coordinates":[29.174607,40.891444]},"properties":{"osm_id":"node/10151469150","kategori":"atm","ad":null}},{"type":"Feature","geometry":{"type":"Point","coordinates":[29.174696,40.891397]},"properties":{"osm_id":"node/10151469151","kategori":"atm","ad":null}},{"type":"Feature","geometry":{"type":"Point","coordinates":[29.125562,40.992699]},"properties":{"osm_id":"node/10155503640","kategori":"atm","ad":null}},{"type":"Feature","geometry":{"type":"Point","coordinates":[28.892834,41.082148]},"properties":{"osm_id":"node/10170078292","kategori":"atm","ad":null}},{"type":"Feature","geometry":{"type":"Point","coordinates":[28.977108,41.022326]},"properties":{"osm_id":"node/10178410580","kategori":"atm","ad":"QNB Finansbank"}},{"type":"Feature","geometry":{"type":"Point","coordinates":[28.977126,41.022308]},"properties":{"osm_id":"node/10178410581","kategori":"atm","ad":"Vakıfbank"}},{"type":"Feature","geometry":{"type":"Point","coordinates":[28.977195,41.022257]},"properties":{"osm_id":"node/10178410582","kategori":"atm","ad":"Akbank"}},{"type":"Feature","geometry":{"type":"Point","coordinates":[28.971025,41.008664]},"properties":{"osm_id":"node/10178410583","kategori":"atm","ad":"Garanti Bankası"}},{"type":"Feature","geometry":{"type":"Point","coordinates":[28.977173,41.022276]},"properties":{"osm_id":"node/10178410584","kategori":"atm","ad":"Türkiye İş Bankası"}},{"type":"Feature","geometry":{"type":"Point","coordinates":[28.977148,41.022292]},"properties":{"osm_id":"node/10178410585","kategori":"atm","ad":"Garanti Bankası"}},{"type":"Feature","geometry":{"type":"Point","coordinates":[28.966107,41.009615]},"properties":{"osm_id":"node/10178410591","kategori":"atm","ad":"Akbank"}},{"type":"Feature","geometry":{"type":"Point","coordinates":[28.97102,41.008701]},"properties":{"osm_id":"node/10178410592","kategori":"atm","ad":"QNB Finansbank"}},{"type":"Feature","geometry":{"type":"Point","coordinates":[28.971011,41.008715]},"properties":{"osm_id":"node/10178410593","kategori":"atm","ad":"Ziraat Bankası"}},{"type":"Feature","geometry":{"type":"Point","coordinates":[28.971003,41.008733]},"properties":{"osm_id":"node/10178410594","kategori":"atm","ad":"Yapı Kredi"}},{"type":"Feature","geometry":{"type":"Point","coordinates":[28.970993,41.008754]},"properties":{"osm_id":"node/10178410595","kategori":"atm","ad":"Akbank"}},{"type":"Feature","geometry":{"type":"Point","coordinates":[28.970982,41.008775]},"properties":{"osm_id":"node/10178410596","kategori":"atm","ad":"TEB"}},{"type":"Feature","geometry":{"type":"Point","coordinates":[28.971027,41.008684]},"properties":{"osm_id":"node/10178410597","kategori":"atm","ad":"Yapı Kredi"}},{"type":"Feature","geometry":{"type":"Point","coordinates":[28.971027,41.008644]},"properties":{"osm_id":"node/10178410599","kategori":"atm","ad":"Türkiye İş Bankası"}},{"type":"Feature","geometry":{"type":"Point","coordinates":[28.971028,41.008618]},"properties":{"osm_id":"node/10178410600","kategori":"atm","ad":"Akbank"}},{"type":"Feature","geometry":{"type":"Point","coordinates":[28.973213,41.009892]},"properties":{"osm_id":"node/10178410601","kategori":"atm","ad":"HSBC"}},{"type":"Feature","geometry":{"type":"Point","coordinates":[28.902377,41.061605]},"properties":{"osm_id":"node/10195642010","kategori":"atm","ad":null}},{"type":"Feature","geometry":{"type":"Point","coordinates":[28.902376,41.061618]},"properties":{"osm_id":"node/10195642011","kategori":"atm","ad":null}},{"type":"Feature","geometry":{"type":"Point","coordinates":[28.902377,41.061628]},"properties":{"osm_id":"node/10195642012","kategori":"atm","ad":null}},{"type":"Feature","geometry":{"type":"Point","coordinates":[28.916583,41.082605]},"properties":{"osm_id":"node/10209372096","kategori":"atm","ad":null}},{"type":"Feature","geometry":{"type":"Point","coordinates":[29.112901,40.945391]},"properties":{"osm_id":"node/10230521277","kategori":"atm","ad":null}},{"type":"Feature","geometry":{"type":"Point","coordinates":[29.112873,40.945371]},"properties":{"osm_id":"node/10230521278","kategori":"atm","ad":null}},{"type":"Feature","geometry":{"type":"Point","coordinates":[28.989035,41.031531]},"properties":{"osm_id":"node/10231078171","kategori":"atm","ad":null}},{"type":"Feature","geometry":{"type":"Point","coordinates":[28.889839,41.059852]},"properties":{"osm_id":"node/10236183798","kategori":"atm","ad":null}},{"type":"Feature","geometry":{"type":"Point","coordinates":[28.889814,41.059846]},"properties":{"osm_id":"node/10236183799","kategori":"atm","ad":null}},{"type":"Feature","geometry":{"type":"Point","coordinates":[28.941771,41.057538]},"properties":{"osm_id":"node/10238964737","kategori":"atm","ad":null}},{"type":"Feature","geometry":{"type":"Point","coordinates":[28.941754,41.057585]},"properties":{"osm_id":"node/10238964771","kategori":"atm","ad":null}},{"type":"Feature","geometry":{"type":"Point","coordinates":[29.112845,40.945354]},"properties":{"osm_id":"node/10262079594","kategori":"atm","ad":null}},{"type":"Feature","geometry":{"type":"Point","coordinates":[29.036094,41.059845]},"properties":{"osm_id":"node/10275286764","kategori":"atm","ad":null}},{"type":"Feature","geometry":{"type":"Point","coordinates":[29.036214,41.059621]},"properties":{"osm_id":"node/10283019301","kategori":"atm","ad":null}},{"type":"Feature","geometry":{"type":"Point","coordinates":[29.036195,41.059598]},"properties":{"osm_id":"node/10283019302","kategori":"atm","ad":null}},{"type":"Feature","geometry":{"type":"Point","coordinates":[29.307521,40.9299]},"properties":{"osm_id":"node/10286038296","kategori":"atm","ad":null}},{"type":"Feature","geometry":{"type":"Point","coordinates":[29.307495,40.929893]},"properties":{"osm_id":"node/10286038297","kategori":"atm","ad":null}},{"type":"Feature","geometry":{"type":"Point","coordinates":[29.307464,40.929882]},"properties":{"osm_id":"node/10286038298","kategori":"atm","ad":null}},{"type":"Feature","geometry":{"type":"Point","coordinates":[28.694199,41.000413]},"properties":{"osm_id":"node/10290264060","kategori":"atm","ad":"İşbankası"}},{"type":"Feature","geometry":{"type":"Point","coordinates":[28.694198,41.000428]},"properties":{"osm_id":"node/10290314220","kategori":"atm","ad":"Akbank"}},{"type":"Feature","geometry":{"type":"Point","coordinates":[28.6942,41.000385]},"properties":{"osm_id":"node/10290323763","kategori":"atm","ad":"Yapıkredi"}},{"type":"Feature","geometry":{"type":"Point","coordinates":[29.032448,40.989357]},"properties":{"osm_id":"node/10296439621","kategori":"atm","ad":null}},{"type":"Feature","geometry":{"type":"Point","coordinates":[29.032468,40.989351]},"properties":{"osm_id":"node/10296439622","kategori":"atm","ad":null}},{"type":"Feature","geometry":{"type":"Point","coordinates":[29.032486,40.989346]},"properties":{"osm_id":"node/10296439623","kategori":"atm","ad":null}},{"type":"Feature","geometry":{"type":"Point","coordinates":[28.694196,41.000364]},"properties":{"osm_id":"node/10297567534","kategori":"atm","ad":"QNB Finansbank"}},{"type":"Feature","geometry":{"type":"Point","coordinates":[29.076613,40.962275]},"properties":{"osm_id":"node/10298498676","kategori":"atm","ad":null}},{"type":"Feature","geometry":{"type":"Point","coordinates":[29.076591,40.962261]},"properties":{"osm_id":"node/10298498677","kategori":"atm","ad":null}},{"type":"Feature","geometry":{"type":"Point","coordinates":[29.07657,40.962248]},"properties":{"osm_id":"node/10298498678","kategori":"atm","ad":null}},{"type":"Feature","geometry":{"type":"Point","coordinates":[29.12528,41.019467]},"properties":{"osm_id":"node/10304490001","kategori":"atm","ad":"Garanti BBVA ATM"}},{"type":"Feature","geometry":{"type":"Point","coordinates":[29.109263,41.032252]},"properties":{"osm_id":"node/10316848986","kategori":"atm","ad":null}},{"type":"Feature","geometry":{"type":"Point","coordinates":[29.109185,41.032176]},"properties":{"osm_id":"node/10316848987","kategori":"atm","ad":null}},{"type":"Feature","geometry":{"type":"Point","coordinates":[29.048149,40.986177]},"properties":{"osm_id":"node/10538030248","kategori":"atm","ad":"Akbank"}},{"type":"Feature","geometry":{"type":"Point","coordinates":[29.048496,40.986021]},"properties":{"osm_id":"node/10538030249","kategori":"atm","ad":"QNB Finansbank"}},{"type":"Feature","geometry":{"type":"Point","coordinates":[29.048466,40.986032]},"properties":{"osm_id":"node/10538030250","kategori":"atm","ad":"Garanti BBVA"}},{"type":"Feature","geometry":{"type":"Point","coordinates":[29.048448,40.98604]},"properties":{"osm_id":"node/10538030251","kategori":"atm","ad":"VakıfBank"}},{"type":"Feature","geometry":{"type":"Point","coordinates":[29.048421,40.98605]},"properties":{"osm_id":"node/10538030252","kategori":"atm","ad":"Yapı Kredi"}},{"type":"Feature","geometry":{"type":"Point","coordinates":[29.048139,40.986152]},"properties":{"osm_id":"node/10538030253","kategori":"atm","ad":"Türkiye İş Bankası"}},{"type":"Feature","geometry":{"type":"Point","coordinates":[29.048197,40.986131]},"properties":{"osm_id":"node/10538030254","kategori":"atm","ad":"Denizbank"}},{"type":"Feature","geometry":{"type":"Point","coordinates":[29.04817,40.986142]},"properties":{"osm_id":"node/10538030255","kategori":"atm","ad":"TAM"}},{"type":"Feature","geometry":{"type":"Point","coordinates":[28.697549,41.00095]},"properties":{"osm_id":"node/10541522679","kategori":"atm","ad":null}},{"type":"Feature","geometry":{"type":"Point","coordinates":[28.475323,41.094269]},"properties":{"osm_id":"node/10570996009","kategori":"atm","ad":null}},{"type":"Feature","geometry":{"type":"Point","coordinates":[29.050653,40.976051]},"properties":{"osm_id":"node/10611820679","kategori":"atm","ad":"Türkiye İş Bankası"}},{"type":"Feature","geometry":{"type":"Point","coordinates":[28.747105,41.251871]},"properties":{"osm_id":"node/10670180706","kategori":"atm","ad":null}},{"type":"Feature","geometry":{"type":"Point","coordinates":[29.309178,40.904133]},"properties":{"osm_id":"node/10670574705","kategori":"atm","ad":null}},{"type":"Feature","geometry":{"type":"Point","coordinates":[28.667932,41.03918]},"properties":{"osm_id":"node/10681883106","kategori":"atm","ad":null}},{"type":"Feature","geometry":{"type":"Point","coordinates":[28.687589,41.021603]},"properties":{"osm_id":"node/10695491215","kategori":"atm","ad":"QNB Finansbank ATM"}},{"type":"Feature","geometry":{"type":"Point","coordinates":[28.687644,41.021622]},"properties":{"osm_id":"node/10695491216","kategori":"atm","ad":"Yapı Kredi ATM"}},{"type":"Feature","geometry":{"type":"Point","coordinates":[28.687532,41.021586]},"properties":{"osm_id":"node/10695491217","kategori":"atm","ad":"Garanti BBVA ATM"}},{"type":"Feature","geometry":{"type":"Point","coordinates":[29.160464,40.908781]},"properties":{"osm_id":"node/10697304608","kategori":"atm","ad":null}},{"type":"Feature","geometry":{"type":"Point","coordinates":[29.04307,40.988406]},"properties":{"osm_id":"node/10707691007","kategori":"atm","ad":null}},{"type":"Feature","geometry":{"type":"Point","coordinates":[29.043031,40.988437]},"properties":{"osm_id":"node/10707691008","kategori":"atm","ad":null}},{"type":"Feature","geometry":{"type":"Point","coordinates":[29.280706,40.85983]},"properties":{"osm_id":"node/10742906814","kategori":"atm","ad":"Ziraat Bankası"}},{"type":"Feature","geometry":{"type":"Point","coordinates":[29.096373,40.972474]},"properties":{"osm_id":"node/10761168575","kategori":"atm","ad":null}},{"type":"Feature","geometry":{"type":"Point","coordinates":[29.061621,40.970272]},"properties":{"osm_id":"node/10772997606","kategori":"atm","ad":null}},{"type":"Feature","geometry":{"type":"Point","coordinates":[29.061592,40.970285]},"properties":{"osm_id":"node/10772997705","kategori":"atm","ad":null}},{"type":"Feature","geometry":{"type":"Point","coordinates":[28.905063,41.045631]},"properties":{"osm_id":"node/10794831461","kategori":"atm","ad":null}},{"type":"Feature","geometry":{"type":"Point","coordinates":[28.906611,41.045247]},"properties":{"osm_id":"node/10794831462","kategori":"atm","ad":null}},{"type":"Feature","geometry":{"type":"Point","coordinates":[28.90664,41.045245]},"properties":{"osm_id":"node/10794831463","kategori":"atm","ad":null}},{"type":"Feature","geometry":{"type":"Point","coordinates":[29.101312,40.970377]},"properties":{"osm_id":"node/10832808731","kategori":"atm","ad":null}},{"type":"Feature","geometry":{"type":"Point","coordinates":[29.101276,40.970334]},"properties":{"osm_id":"node/10832808732","kategori":"atm","ad":null}},{"type":"Feature","geometry":{"type":"Point","coordinates":[29.029214,40.990693]},"properties":{"osm_id":"node/10864151409","kategori":"atm","ad":"Halkbank"}},{"type":"Feature","geometry":{"type":"Point","coordinates":[29.125015,40.977509]},"properties":{"osm_id":"node/10903231132","kategori":"atm","ad":null}},{"type":"Feature","geometry":{"type":"Point","coordinates":[29.024091,40.995298]},"properties":{"osm_id":"node/10963245607","kategori":"atm","ad":null}},{"type":"Feature","geometry":{"type":"Point","coordinates":[29.059317,40.983818]},"properties":{"osm_id":"node/10967644744","kategori":"atm","ad":null}},{"type":"Feature","geometry":{"type":"Point","coordinates":[29.059295,40.983823]},"properties":{"osm_id":"node/10967644745","kategori":"atm","ad":null}},{"type":"Feature","geometry":{"type":"Point","coordinates":[29.036713,41.02422]},"properties":{"osm_id":"node/10984315691","kategori":"atm","ad":null}},{"type":"Feature","geometry":{"type":"Point","coordinates":[29.036727,41.024206]},"properties":{"osm_id":"node/10984315692","kategori":"atm","ad":null}},{"type":"Feature","geometry":{"type":"Point","coordinates":[29.05026,41.00888]},"properties":{"osm_id":"node/10993220475","kategori":"atm","ad":null}},{"type":"Feature","geometry":{"type":"Point","coordinates":[29.050295,41.008914]},"properties":{"osm_id":"node/10993220486","kategori":"atm","ad":null}},{"type":"Feature","geometry":{"type":"Point","coordinates":[29.048267,41.007225]},"properties":{"osm_id":"node/10993220491","kategori":"atm","ad":null}},{"type":"Feature","geometry":{"type":"Point","coordinates":[29.04826,41.007222]},"properties":{"osm_id":"node/10993220492","kategori":"atm","ad":null}},{"type":"Feature","geometry":{"type":"Point","coordinates":[29.026044,40.991213]},"properties":{"osm_id":"node/10994335351","kategori":"atm","ad":null}},{"type":"Feature","geometry":{"type":"Point","coordinates":[29.026016,40.991217]},"properties":{"osm_id":"node/10994335352","kategori":"atm","ad":null}},{"type":"Feature","geometry":{"type":"Point","coordinates":[29.025993,40.991221]},"properties":{"osm_id":"node/10994335353","kategori":"atm","ad":null}},{"type":"Feature","geometry":{"type":"Point","coordinates":[28.71781,40.971275]},"properties":{"osm_id":"node/11004088049","kategori":"atm","ad":null}},{"type":"Feature","geometry":{"type":"Point","coordinates":[28.717797,40.971278]},"properties":{"osm_id":"node/11004088050","kategori":"atm","ad":null}},{"type":"Feature","geometry":{"type":"Point","coordinates":[28.974942,41.021995]},"properties":{"osm_id":"node/11011233466","kategori":"atm","ad":null}},{"type":"Feature","geometry":{"type":"Point","coordinates":[28.515347,41.050446]},"properties":{"osm_id":"node/11015743459","kategori":"atm","ad":null}},{"type":"Feature","geometry":{"type":"Point","coordinates":[28.927885,41.080082]},"properties":{"osm_id":"node/11022039178","kategori":"atm","ad":null}},{"type":"Feature","geometry":{"type":"Point","coordinates":[29.088721,40.956628]},"properties":{"osm_id":"node/11033266197","kategori":"atm","ad":null}},{"type":"Feature","geometry":{"type":"Point","coordinates":[29.049942,40.976356]},"properties":{"osm_id":"node/11034119218","kategori":"atm","ad":null}},{"type":"Feature","geometry":{"type":"Point","coordinates":[29.050187,40.976284]},"properties":{"osm_id":"node/11034119221","kategori":"atm","ad":null}},{"type":"Feature","geometry":{"type":"Point","coordinates":[29.050668,40.976043]},"properties":{"osm_id":"node/11034119223","kategori":"atm","ad":null}},{"type":"Feature","geometry":{"type":"Point","coordinates":[28.819493,41.036902]},"properties":{"osm_id":"node/11047003376","kategori":"atm","ad":null}},{"type":"Feature","geometry":{"type":"Point","coordinates":[28.993357,41.051899]},"properties":{"osm_id":"node/11050608651","kategori":"atm","ad":null}},{"type":"Feature","geometry":{"type":"Point","coordinates":[28.946812,41.075993]},"properties":{"osm_id":"node/11053937591","kategori":"atm","ad":null}},{"type":"Feature","geometry":{"type":"Point","coordinates":[28.946814,41.076004]},"properties":{"osm_id":"node/11053937592","kategori":"atm","ad":null}},{"type":"Feature","geometry":{"type":"Point","coordinates":[28.946818,41.076016]},"properties":{"osm_id":"node/11053937593","kategori":"atm","ad":null}},{"type":"Feature","geometry":{"type":"Point","coordinates":[28.946821,41.076028]},"properties":{"osm_id":"node/11053937594","kategori":"atm","ad":null}},{"type":"Feature","geometry":{"type":"Point","coordinates":[29.135883,40.921984]},"properties":{"osm_id":"node/11116184606","kategori":"atm","ad":null}},{"type":"Feature","geometry":{"type":"Point","coordinates":[29.1016,40.997696]},"properties":{"osm_id":"node/11127288365","kategori":"atm","ad":null}},{"type":"Feature","geometry":{"type":"Point","coordinates":[29.101622,40.997707]},"properties":{"osm_id":"node/11127288366","kategori":"atm","ad":null}},{"type":"Feature","geometry":{"type":"Point","coordinates":[29.101637,40.997721]},"properties":{"osm_id":"node/11127288367","kategori":"atm","ad":null}},{"type":"Feature","geometry":{"type":"Point","coordinates":[29.10167,40.997738]},"properties":{"osm_id":"node/11127288368","kategori":"atm","ad":null}},{"type":"Feature","geometry":{"type":"Point","coordinates":[29.101699,40.997761]},"properties":{"osm_id":"node/11127288369","kategori":"atm","ad":null}},{"type":"Feature","geometry":{"type":"Point","coordinates":[28.975368,41.014289]},"properties":{"osm_id":"node/11130582405","kategori":"atm","ad":null}},{"type":"Feature","geometry":{"type":"Point","coordinates":[28.930645,41.079605]},"properties":{"osm_id":"node/11132389873","kategori":"atm","ad":null}},{"type":"Feature","geometry":{"type":"Point","coordinates":[29.03972,40.983598]},"properties":{"osm_id":"node/11137286114","kategori":"atm","ad":null}},{"type":"Feature","geometry":{"type":"Point","coordinates":[28.977465,41.033294]},"properties":{"osm_id":"node/11138784104","kategori":"atm","ad":null}},{"type":"Feature","geometry":{"type":"Point","coordinates":[28.977456,41.033308]},"properties":{"osm_id":"node/11138784841","kategori":"atm","ad":null}},{"type":"Feature","geometry":{"type":"Point","coordinates":[28.977403,41.033392]},"properties":{"osm_id":"node/11138797500","kategori":"atm","ad":null}},{"type":"Feature","geometry":{"type":"Point","coordinates":[28.977438,41.033337]},"properties":{"osm_id":"node/11138809358","kategori":"atm","ad":null}},{"type":"Feature","geometry":{"type":"Point","coordinates":[28.977427,41.033355]},"properties":{"osm_id":"node/11138811160","kategori":"atm","ad":null}},{"type":"Feature","geometry":{"type":"Point","coordinates":[28.977415,41.033374]},"properties":{"osm_id":"node/11138816898","kategori":"atm","ad":null}},{"type":"Feature","geometry":{"type":"Point","coordinates":[28.977449,41.033322]},"properties":{"osm_id":"node/11138823844","kategori":"atm","ad":null}},{"type":"Feature","geometry":{"type":"Point","coordinates":[29.03511,40.987356]},"properties":{"osm_id":"node/11145976020","kategori":"atm","ad":"Denizbank"}},{"type":"Feature","geometry":{"type":"Point","coordinates":[28.982987,41.031971]},"properties":{"osm_id":"node/11161401214","kategori":"atm","ad":null}},{"type":"Feature","geometry":{"type":"Point","coordinates":[28.972914,41.01802]},"properties":{"osm_id":"node/11167178136","kategori":"atm","ad":"YapıKredi"}},{"type":"Feature","geometry":{"type":"Point","coordinates":[28.972899,41.018018]},"properties":{"osm_id":"node/11167178137","kategori":"atm","ad":"İşbank"}},{"type":"Feature","geometry":{"type":"Point","coordinates":[28.972839,41.018011]},"properties":{"osm_id":"node/11167178138","kategori":"atm","ad":"Akbank"}},{"type":"Feature","geometry":{"type":"Point","coordinates":[28.972818,41.018008]},"properties":{"osm_id":"node/11167178139","kategori":"atm","ad":"GarantiBBVA"}},{"type":"Feature","geometry":{"type":"Point","coordinates":[28.972799,41.018006]},"properties":{"osm_id":"node/11167178140","kategori":"atm","ad":"Ziraat"}},{"type":"Feature","geometry":{"type":"Point","coordinates":[28.712849,40.995565]},"properties":{"osm_id":"node/11170457539","kategori":"atm","ad":null}},{"type":"Feature","geometry":{"type":"Point","coordinates":[29.036295,41.024178]},"properties":{"osm_id":"node/11197840832","kategori":"atm","ad":null}},{"type":"Feature","geometry":{"type":"Point","coordinates":[29.036267,41.024188]},"properties":{"osm_id":"node/11197840833","kategori":"atm","ad":null}},{"type":"Feature","geometry":{"type":"Point","coordinates":[29.068335,40.981426]},"properties":{"osm_id":"node/11204598745","kategori":"atm","ad":null}},{"type":"Feature","geometry":{"type":"Point","coordinates":[29.068328,40.981414]},"properties":{"osm_id":"node/11204598746","kategori":"atm","ad":null}},{"type":"Feature","geometry":{"type":"Point","coordinates":[29.067373,40.979627]},"properties":{"osm_id":"node/11221830663","kategori":"atm","ad":null}},{"type":"Feature","geometry":{"type":"Point","coordinates":[28.907329,41.235943]},"properties":{"osm_id":"node/11228105361","kategori":"atm","ad":"Yapı Kredi ATM"}},{"type":"Feature","geometry":{"type":"Point","coordinates":[29.040024,40.983311]},"properties":{"osm_id":"node/11287045018","kategori":"atm","ad":null}},{"type":"Feature","geometry":{"type":"Point","coordinates":[28.814818,41.030797]},"properties":{"osm_id":"node/11343678441","kategori":"atm","ad":null}},{"type":"Feature","geometry":{"type":"Point","coordinates":[28.973216,41.010322]},"properties":{"osm_id":"node/11377595762","kategori":"atm","ad":null}},{"type":"Feature","geometry":{"type":"Point","coordinates":[28.654148,41.032539]},"properties":{"osm_id":"node/11387178069","kategori":"atm","ad":null}},{"type":"Feature","geometry":{"type":"Point","coordinates":[28.538211,41.006841]},"properties":{"osm_id":"node/11388689256","kategori":"atm","ad":null}},{"type":"Feature","geometry":{"type":"Point","coordinates":[28.538172,41.006832]},"properties":{"osm_id":"node/11388689257","kategori":"atm","ad":null}},{"type":"Feature","geometry":{"type":"Point","coordinates":[29.028493,40.987087]},"properties":{"osm_id":"node/11389552001","kategori":"atm","ad":null}},{"type":"Feature","geometry":{"type":"Point","coordinates":[29.028703,40.989075]},"properties":{"osm_id":"node/11389608392","kategori":"atm","ad":null}},{"type":"Feature","geometry":{"type":"Point","coordinates":[29.306415,40.832928]},"properties":{"osm_id":"node/11406398449","kategori":"atm","ad":null}},{"type":"Feature","geometry":{"type":"Point","coordinates":[29.30641,40.832899]},"properties":{"osm_id":"node/11406398450","kategori":"atm","ad":null}},{"type":"Feature","geometry":{"type":"Point","coordinates":[29.10151,41.143521]},"properties":{"osm_id":"node/11446464226","kategori":"atm","ad":null}},{"type":"Feature","geometry":{"type":"Point","coordinates":[29.099454,40.975567]},"properties":{"osm_id":"node/11499574571","kategori":"atm","ad":null}},{"type":"Feature","geometry":{"type":"Point","coordinates":[28.998791,41.115158]},"properties":{"osm_id":"node/11508453601","kategori":"atm","ad":null}},{"type":"Feature","geometry":{"type":"Point","coordinates":[28.998776,41.115176]},"properties":{"osm_id":"node/11508453602","kategori":"atm","ad":null}},{"type":"Feature","geometry":{"type":"Point","coordinates":[28.998765,41.11519]},"properties":{"osm_id":"node/11508453603","kategori":"atm","ad":null}},{"type":"Feature","geometry":{"type":"Point","coordinates":[28.999095,41.114988]},"properties":{"osm_id":"node/11508453649","kategori":"atm","ad":null}},{"type":"Feature","geometry":{"type":"Point","coordinates":[28.999067,41.114992]},"properties":{"osm_id":"node/11508453650","kategori":"atm","ad":null}},{"type":"Feature","geometry":{"type":"Point","coordinates":[29.024123,41.016551]},"properties":{"osm_id":"node/11519966055","kategori":"atm","ad":"Ziraat Bankası"}},{"type":"Feature","geometry":{"type":"Point","coordinates":[29.024013,41.01659]},"properties":{"osm_id":"node/11519966056","kategori":"atm","ad":null}},{"type":"Feature","geometry":{"type":"Point","coordinates":[29.153831,40.975105]},"properties":{"osm_id":"node/11534961448","kategori":"atm","ad":null}},{"type":"Feature","geometry":{"type":"Point","coordinates":[29.153806,40.975114]},"properties":{"osm_id":"node/11534961449","kategori":"atm","ad":null}},{"type":"Feature","geometry":{"type":"Point","coordinates":[29.153781,40.975125]},"properties":{"osm_id":"node/11534961450","kategori":"atm","ad":null}},{"type":"Feature","geometry":{"type":"Point","coordinates":[29.030761,40.999906]},"properties":{"osm_id":"node/11565346639","kategori":"atm","ad":null}},{"type":"Feature","geometry":{"type":"Point","coordinates":[29.030803,40.999902]},"properties":{"osm_id":"node/11565346640","kategori":"atm","ad":null}},{"type":"Feature","geometry":{"type":"Point","coordinates":[29.030719,40.999909]},"properties":{"osm_id":"node/11565346641","kategori":"atm","ad":null}},{"type":"Feature","geometry":{"type":"Point","coordinates":[29.036788,40.992841]},"properties":{"osm_id":"node/11565457140","kategori":"atm","ad":null}},{"type":"Feature","geometry":{"type":"Point","coordinates":[29.037721,40.998863]},"properties":{"osm_id":"node/11565524490","kategori":"atm","ad":null}},{"type":"Feature","geometry":{"type":"Point","coordinates":[29.037769,40.998912]},"properties":{"osm_id":"node/11565524491","kategori":"atm","ad":null}},{"type":"Feature","geometry":{"type":"Point","coordinates":[29.050379,41.008557]},"properties":{"osm_id":"node/11565524520","kategori":"atm","ad":null}},{"type":"Feature","geometry":{"type":"Point","coordinates":[29.088675,40.986587]},"properties":{"osm_id":"node/11589640452","kategori":"atm","ad":null}},{"type":"Feature","geometry":{"type":"Point","coordinates":[29.088676,40.98661]},"properties":{"osm_id":"node/11589640453","kategori":"atm","ad":null}},{"type":"Feature","geometry":{"type":"Point","coordinates":[28.745675,41.259817]},"properties":{"osm_id":"node/11607520614","kategori":"atm","ad":"Halkbank"}},{"type":"Feature","geometry":{"type":"Point","coordinates":[28.745675,41.259793]},"properties":{"osm_id":"node/11607520615","kategori":"atm","ad":"TEB"}},{"type":"Feature","geometry":{"type":"Point","coordinates":[28.744737,41.25974]},"properties":{"osm_id":"node/11607520616","kategori":"atm","ad":"Zirrat Bank"}},{"type":"Feature","geometry":{"type":"Point","coordinates":[28.743877,41.260249]},"properties":{"osm_id":"node/11607520617","kategori":"atm","ad":"QNB"}},{"type":"Feature","geometry":{"type":"Point","coordinates":[28.742981,41.260444]},"properties":{"osm_id":"node/11607520618","kategori":"atm","ad":"Vakifbank"}},{"type":"Feature","geometry":{"type":"Point","coordinates":[28.73679,41.258306]},"properties":{"osm_id":"node/11607520620","kategori":"atm","ad":"HSBC"}},{"type":"Feature","geometry":{"type":"Point","coordinates":[29.315106,40.90664]},"properties":{"osm_id":"node/11607563311","kategori":"atm","ad":"Garanti"}},{"type":"Feature","geometry":{"type":"Point","coordinates":[29.315384,40.906967]},"properties":{"osm_id":"node/11607563312","kategori":"atm","ad":"Yapikredi"}},{"type":"Feature","geometry":{"type":"Point","coordinates":[29.314848,40.907712]},"properties":{"osm_id":"node/11607563313","kategori":"atm","ad":"Halkbank"}},{"type":"Feature","geometry":{"type":"Point","coordinates":[29.314837,40.907704]},"properties":{"osm_id":"node/11607563314","kategori":"atm","ad":"Ziraat"}},{"type":"Feature","geometry":{"type":"Point","coordinates":[29.314832,40.9077]},"properties":{"osm_id":"node/11607563315","kategori":"atm","ad":"Sekerbank"}},{"type":"Feature","geometry":{"type":"Point","coordinates":[29.314966,40.907977]},"properties":{"osm_id":"node/11607563316","kategori":"atm","ad":"HSBC"}},{"type":"Feature","geometry":{"type":"Point","coordinates":[29.314847,40.908166]},"properties":{"osm_id":"node/11607563317","kategori":"atm","ad":"Bankasi Bankamatik"}},{"type":"Feature","geometry":{"type":"Point","coordinates":[29.31488,40.908337]},"properties":{"osm_id":"node/11607563318","kategori":"atm","ad":"Vakifbank ATM"}},{"type":"Feature","geometry":{"type":"Point","coordinates":[29.315487,40.908093]},"properties":{"osm_id":"node/11607563319","kategori":"atm","ad":"Finans Paratik Bank"}},{"type":"Feature","geometry":{"type":"Point","coordinates":[29.315698,40.9081]},"properties":{"osm_id":"node/11607563320","kategori":"atm","ad":"Denizbank"}},{"type":"Feature","geometry":{"type":"Point","coordinates":[29.315757,40.90804]},"properties":{"osm_id":"node/11607563321","kategori":"atm","ad":"Garanti"}},{"type":"Feature","geometry":{"type":"Point","coordinates":[29.315738,40.908032]},"properties":{"osm_id":"node/11607563322","kategori":"atm","ad":"QNB Finansbank"}},{"type":"Feature","geometry":{"type":"Point","coordinates":[29.315691,40.907815]},"properties":{"osm_id":"node/11607563323","kategori":"atm","ad":"Akbank"}},{"type":"Feature","geometry":{"type":"Point","coordinates":[29.316528,40.90829]},"properties":{"osm_id":"node/11607563324","kategori":"atm","ad":"ING ATM"}},{"type":"Feature","geometry":{"type":"Point","coordinates":[29.316105,40.90824]},"properties":{"osm_id":"node/11607563325","kategori":"atm","ad":"Yapikredi"}},{"type":"Feature","geometry":{"type":"Point","coordinates":[29.316085,40.908117]},"properties":{"osm_id":"node/11607563326","kategori":"atm","ad":"Yapi Kredi"}},{"type":"Feature","geometry":{"type":"Point","coordinates":[29.316128,40.908152]},"properties":{"osm_id":"node/11607563327","kategori":"atm","ad":"Bankasi Bankamatik"}},{"type":"Feature","geometry":{"type":"Point","coordinates":[29.316146,40.908146]},"properties":{"osm_id":"node/11607563328","kategori":"atm","ad":"IS Bankasi"}},{"type":"Feature","geometry":{"type":"Point","coordinates":[29.316422,40.908453]},"properties":{"osm_id":"node/11607563329","kategori":"atm","ad":"Halkbank"}},{"type":"Feature","geometry":{"type":"Point","coordinates":[29.316257,40.908348]},"properties":{"osm_id":"node/11607563330","kategori":"atm","ad":"TEB"}},{"type":"Feature","geometry":{"type":"Point","coordinates":[29.29841,40.913705]},"properties":{"osm_id":"node/11659710462","kategori":"atm","ad":null}},{"type":"Feature","geometry":{"type":"Point","coordinates":[29.046093,41.005529]},"properties":{"osm_id":"node/11690027740","kategori":"atm","ad":null}},{"type":"Feature","geometry":{"type":"Point","coordinates":[29.046112,41.005547]},"properties":{"osm_id":"node/11690027741","kategori":"atm","ad":null}},{"type":"Feature","geometry":{"type":"Point","coordinates":[29.046132,41.005564]},"properties":{"osm_id":"node/11690027742","kategori":"atm","ad":null}},{"type":"Feature","geometry":{"type":"Point","coordinates":[29.046328,41.005498]},"properties":{"osm_id":"node/11690027748","kategori":"atm","ad":null}},{"type":"Feature","geometry":{"type":"Point","coordinates":[29.046313,41.005486]},"properties":{"osm_id":"node/11690027749","kategori":"atm","ad":null}},{"type":"Feature","geometry":{"type":"Point","coordinates":[28.251379,41.076752]},"properties":{"osm_id":"node/11721888956","kategori":"atm","ad":"Vega AVM ATMLERİ"}},{"type":"Feature","geometry":{"type":"Point","coordinates":[29.105199,40.968682]},"properties":{"osm_id":"node/11744797932","kategori":"atm","ad":null}},{"type":"Feature","geometry":{"type":"Point","coordinates":[29.125829,40.985772]},"properties":{"osm_id":"node/11756760567","kategori":"atm","ad":null}},{"type":"Feature","geometry":{"type":"Point","coordinates":[29.02015,41.025449]},"properties":{"osm_id":"node/11793907347","kategori":"atm","ad":null}},{"type":"Feature","geometry":{"type":"Point","coordinates":[29.31804,40.930022]},"properties":{"osm_id":"node/11795094699","kategori":"atm","ad":null}},{"type":"Feature","geometry":{"type":"Point","coordinates":[29.031017,41.027509]},"properties":{"osm_id":"node/11795445314","kategori":"atm","ad":"Ziraat Bankası"}},{"type":"Feature","geometry":{"type":"Point","coordinates":[29.354234,40.917826]},"properties":{"osm_id":"node/11810348403","kategori":"atm","ad":null}},{"type":"Feature","geometry":{"type":"Point","coordinates":[28.917544,41.051336]},"properties":{"osm_id":"node/11816357125","kategori":"atm","ad":null}},{"type":"Feature","geometry":{"type":"Point","coordinates":[28.36812,41.055126]},"properties":{"osm_id":"node/11863239585","kategori":"atm","ad":null}},{"type":"Feature","geometry":{"type":"Point","coordinates":[29.30324,40.915094]},"properties":{"osm_id":"node/11868242036","kategori":"atm","ad":null}},{"type":"Feature","geometry":{"type":"Point","coordinates":[28.257605,41.081747]},"properties":{"osm_id":"node/11873038903","kategori":"atm","ad":"Halkbank"}},{"type":"Feature","geometry":{"type":"Point","coordinates":[29.098196,40.956941]},"properties":{"osm_id":"node/11877358069","kategori":"atm","ad":null}},{"type":"Feature","geometry":{"type":"Point","coordinates":[29.09382,40.978002]},"properties":{"osm_id":"node/11903775777","kategori":"atm","ad":"Yapı Kredi"}},{"type":"Feature","geometry":{"type":"Point","coordinates":[29.100025,40.974467]},"properties":{"osm_id":"node/11903775778","kategori":"atm","ad":"Yapı Kredi"}},{"type":"Feature","geometry":{"type":"Point","coordinates":[29.093506,40.985107]},"properties":{"osm_id":"node/11903775779","kategori":"atm","ad":"Yapı Kredi"}},{"type":"Feature","geometry":{"type":"Point","coordinates":[29.090616,40.984636]},"properties":{"osm_id":"node/11903775780","kategori":"atm","ad":"Yapı Kredi"}},{"type":"Feature","geometry":{"type":"Point","coordinates":[29.103695,40.968914]},"properties":{"osm_id":"node/11903775781","kategori":"atm","ad":"Yapı Kredi"}},{"type":"Feature","geometry":{"type":"Point","coordinates":[29.105274,40.992425]},"properties":{"osm_id":"node/11903775782","kategori":"atm","ad":"Yapı Kredi"}},{"type":"Feature","geometry":{"type":"Point","coordinates":[29.088349,40.985572]},"properties":{"osm_id":"node/11903775783","kategori":"atm","ad":"Yapı Kredi"}},{"type":"Feature","geometry":{"type":"Point","coordinates":[29.113894,40.948279]},"properties":{"osm_id":"node/11903775784","kategori":"atm","ad":"Yapı Kredi"}},{"type":"Feature","geometry":{"type":"Point","coordinates":[29.123218,40.969001]},"properties":{"osm_id":"node/11903775785","kategori":"atm","ad":"Yapı Kredi"}},{"type":"Feature","geometry":{"type":"Point","coordinates":[29.086487,40.987915]},"properties":{"osm_id":"node/11903775786","kategori":"atm","ad":"Yapı Kredi"}},{"type":"Feature","geometry":{"type":"Point","coordinates":[29.101074,40.974915]},"properties":{"osm_id":"node/11903775787","kategori":"atm","ad":"Yapı Kredi"}},{"type":"Feature","geometry":{"type":"Point","coordinates":[29.123558,40.953031]},"properties":{"osm_id":"node/11903775788","kategori":"atm","ad":"Yapı Kredi"}},{"type":"Feature","geometry":{"type":"Point","coordinates":[29.106879,40.984346]},"properties":{"osm_id":"node/11903775789","kategori":"atm","ad":"Yapı Kredi"}},{"type":"Feature","geometry":{"type":"Point","coordinates":[29.095397,40.953205]},"properties":{"osm_id":"node/11903775790","kategori":"atm","ad":"Yapı Kredi"}},{"type":"Feature","geometry":{"type":"Point","coordinates":[29.117041,40.95698]},"properties":{"osm_id":"node/11903775791","kategori":"atm","ad":"Yapı Kredi"}},{"type":"Feature","geometry":{"type":"Point","coordinates":[29.084844,40.987446]},"properties":{"osm_id":"node/11903775792","kategori":"atm","ad":"Yapı Kredi"}},{"type":"Feature","geometry":{"type":"Point","coordinates":[29.077524,40.990431]},"properties":{"osm_id":"node/11903775794","kategori":"atm","ad":"Yapı Kredi"}},{"type":"Feature","geometry":{"type":"Point","coordinates":[29.099304,40.979309]},"properties":{"osm_id":"node/11903775795","kategori":"atm","ad":"Yapı Kredi"}},{"type":"Feature","geometry":{"type":"Point","coordinates":[29.106162,40.965414]},"properties":{"osm_id":"node/11903775796","kategori":"atm","ad":"Yapı Kredi"}},{"type":"Feature","geometry":{"type":"Point","coordinates":[29.104564,40.964596]},"properties":{"osm_id":"node/11903775797","kategori":"atm","ad":"Yapı Kredi"}},{"type":"Feature","geometry":{"type":"Point","coordinates":[29.099466,40.956008]},"properties":{"osm_id":"node/11903775798","kategori":"atm","ad":"Yapı Kredi"}},{"type":"Feature","geometry":{"type":"Point","coordinates":[29.094581,40.95222]},"properties":{"osm_id":"node/11903775799","kategori":"atm","ad":"Yapı Kredi"}},{"type":"Feature","geometry":{"type":"Point","coordinates":[29.08178,40.959817]},"properties":{"osm_id":"node/11903775800","kategori":"atm","ad":"Yapı Kredi"}},{"type":"Feature","geometry":{"type":"Point","coordinates":[29.077498,40.990442]},"properties":{"osm_id":"node/11904798458","kategori":"atm","ad":null}},{"type":"Feature","geometry":{"type":"Point","coordinates":[29.077475,40.990451]},"properties":{"osm_id":"node/11904798459","kategori":"atm","ad":null}},{"type":"Feature","geometry":{"type":"Point","coordinates":[29.077454,40.99046]},"properties":{"osm_id":"node/11904798460","kategori":"atm","ad":null}},{"type":"Feature","geometry":{"type":"Point","coordinates":[29.040986,40.976096]},"properties":{"osm_id":"node/11904864564","kategori":"atm","ad":"Yapı Kredi"}},{"type":"Feature","geometry":{"type":"Point","coordinates":[29.056058,40.984691]},"properties":{"osm_id":"node/11904864565","kategori":"atm","ad":"Yapı Kredi"}},{"type":"Feature","geometry":{"type":"Point","coordinates":[29.057922,40.991089]},"properties":{"osm_id":"node/11904864566","kategori":"atm","ad":"Yapı Kredi"}},{"type":"Feature","geometry":{"type":"Point","coordinates":[29.062317,40.983276]},"properties":{"osm_id":"node/11904864567","kategori":"atm","ad":"Yapı Kredi"}},{"type":"Feature","geometry":{"type":"Point","coordinates":[29.028499,41.023508]},"properties":{"osm_id":"node/11908036082","kategori":"atm","ad":"Yapı Kredi"}},{"type":"Feature","geometry":{"type":"Point","coordinates":[29.053524,41.027788]},"properties":{"osm_id":"node/11908036083","kategori":"atm","ad":"Yapı Kredi"}},{"type":"Feature","geometry":{"type":"Point","coordinates":[29.065674,40.998901]},"properties":{"osm_id":"node/11908036084","kategori":"atm","ad":"Yapı Kredi"}},{"type":"Feature","geometry":{"type":"Point","coordinates":[29.061278,40.997795]},"properties":{"osm_id":"node/11908036085","kategori":"atm","ad":"Yapı Kredi"}},{"type":"Feature","geometry":{"type":"Point","coordinates":[28.9782,41.008137]},"properties":{"osm_id":"node/11908036086","kategori":"atm","ad":"Yapı Kredi"}},{"type":"Feature","geometry":{"type":"Point","coordinates":[28.977191,41.007825]},"properties":{"osm_id":"node/11908036087","kategori":"atm","ad":"Yapı Kredi"}},{"type":"Feature","geometry":{"type":"Point","coordinates":[29.056232,40.996308]},"properties":{"osm_id":"node/11908036088","kategori":"atm","ad":"Yapı Kredi"}},{"type":"Feature","geometry":{"type":"Point","coordinates":[29.031258,40.993801]},"properties":{"osm_id":"node/11908036089","kategori":"atm","ad":"Yapı Kredi"}},{"type":"Feature","geometry":{"type":"Point","coordinates":[29.031475,41.003931]},"properties":{"osm_id":"node/11908036090","kategori":"atm","ad":"Yapı Kredi"}},{"type":"Feature","geometry":{"type":"Point","coordinates":[29.015037,41.027234]},"properties":{"osm_id":"node/11908036091","kategori":"atm","ad":"Yapı Kredi"}},{"type":"Feature","geometry":{"type":"Point","coordinates":[29.014195,41.017769]},"properties":{"osm_id":"node/11908036092","kategori":"atm","ad":"Yapı Kredi"}},{"type":"Feature","geometry":{"type":"Point","coordinates":[29.018546,41.025032]},"properties":{"osm_id":"node/11908036093","kategori":"atm","ad":"Yapı Kredi"}},{"type":"Feature","geometry":{"type":"Point","coordinates":[29.03023,41.016609]},"properties":{"osm_id":"node/11908036094","kategori":"atm","ad":"Yapı Kredi"}},{"type":"Feature","geometry":{"type":"Point","coordinates":[29.015835,41.027699]},"properties":{"osm_id":"node/11908036095","kategori":"atm","ad":"Yapı Kredi"}},{"type":"Feature","geometry":{"type":"Point","coordinates":[28.977599,41.008917]},"properties":{"osm_id":"node/11908036096","kategori":"atm","ad":"Yapı Kredi"}},{"type":"Feature","geometry":{"type":"Point","coordinates":[28.977361,41.007565]},"properties":{"osm_id":"node/11908036098","kategori":"atm","ad":"Yapı Kredi"}},{"type":"Feature","geometry":{"type":"Point","coordinates":[29.073328,40.999577]},"properties":{"osm_id":"node/11908036099","kategori":"atm","ad":"Yapı Kredi"}},{"type":"Feature","geometry":{"type":"Point","coordinates":[29.041321,41.010315]},"properties":{"osm_id":"node/11908036100","kategori":"atm","ad":"Yapı Kredi"}},{"type":"Feature","geometry":{"type":"Point","coordinates":[29.078785,40.9955]},"properties":{"osm_id":"node/11908036101","kategori":"atm","ad":"Yapı Kredi"}},{"type":"Feature","geometry":{"type":"Point","coordinates":[29.031921,41.000305]},"properties":{"osm_id":"node/11908036102","kategori":"atm","ad":"Yapı Kredi"}},{"type":"Feature","geometry":{"type":"Point","coordinates":[29.073303,41.00708]},"properties":{"osm_id":"node/11908036103","kategori":"atm","ad":"Yapı Kredi"}},{"type":"Feature","geometry":{"type":"Point","coordinates":[29.025812,40.986951]},"properties":{"osm_id":"node/11908036104","kategori":"atm","ad":"Yapı Kredi"}},{"type":"Feature","geometry":{"type":"Point","coordinates":[29.024979,40.988104]},"properties":{"osm_id":"node/11908036105","kategori":"atm","ad":"Yapı Kredi"}},{"type":"Feature","geometry":{"type":"Point","coordinates":[29.021673,40.990677]},"properties":{"osm_id":"node/11908036106","kategori":"atm","ad":"Yapı Kredi"}},{"type":"Feature","geometry":{"type":"Point","coordinates":[29.039124,40.99231]},"properties":{"osm_id":"node/11908036107","kategori":"atm","ad":"Yapı Kredi"}},{"type":"Feature","geometry":{"type":"Point","coordinates":[29.021892,40.991211]},"properties":{"osm_id":"node/11908036108","kategori":"atm","ad":"Yapı Kredi"}},{"type":"Feature","geometry":{"type":"Point","coordinates":[29.028159,40.986429]},"properties":{"osm_id":"node/11908036109","kategori":"atm","ad":"Yapı Kredi"}},{"type":"Feature","geometry":{"type":"Point","coordinates":[29.028239,40.989309]},"properties":{"osm_id":"node/11908036110","kategori":"atm","ad":"Yapı Kredi"}},{"type":"Feature","geometry":{"type":"Point","coordinates":[29.036425,41.02145]},"properties":{"osm_id":"node/11908036111","kategori":"atm","ad":"Yapı Kredi"}},{"type":"Feature","geometry":{"type":"Point","coordinates":[29.010332,41.010798]},"properties":{"osm_id":"node/11908036112","kategori":"atm","ad":"Yapı Kredi"}},{"type":"Feature","geometry":{"type":"Point","coordinates":[29.070703,40.993908]},"properties":{"osm_id":"node/11908036113","kategori":"atm","ad":"Yapı Kredi"}},{"type":"Feature","geometry":{"type":"Point","coordinates":[29.068711,41.001791]},"properties":{"osm_id":"node/11908036114","kategori":"atm","ad":"Yapı Kredi"}},{"type":"Feature","geometry":{"type":"Point","coordinates":[29.038638,41.020822]},"properties":{"osm_id":"node/11908036115","kategori":"atm","ad":"Yapı Kredi"}},{"type":"Feature","geometry":{"type":"Point","coordinates":[29.044471,41.022126]},"properties":{"osm_id":"node/11908036117","kategori":"atm","ad":"Yapı Kredi"}},{"type":"Feature","geometry":{"type":"Point","coordinates":[29.029945,41.00016]},"properties":{"osm_id":"node/11908036118","kategori":"atm","ad":"Yapı Kredi"}},{"type":"Feature","geometry":{"type":"Point","coordinates":[29.082617,41.004681]},"properties":{"osm_id":"node/11908036119","kategori":"atm","ad":"Yapı Kredi"}},{"type":"Feature","geometry":{"type":"Point","coordinates":[29.054857,41.000654]},"properties":{"osm_id":"node/11908036120","kategori":"atm","ad":"Yapı Kredi"}},{"type":"Feature","geometry":{"type":"Point","coordinates":[29.230663,40.992487]},"properties":{"osm_id":"node/11928501701","kategori":"atm","ad":null}},{"type":"Feature","geometry":{"type":"Point","coordinates":[29.307411,40.928317]},"properties":{"osm_id":"node/11929982853","kategori":"atm","ad":null}},{"type":"Feature","geometry":{"type":"Point","coordinates":[29.307422,40.928306]},"properties":{"osm_id":"node/11929982854","kategori":"atm","ad":null}},{"type":"Feature","geometry":{"type":"Point","coordinates":[29.3074,40.928331]},"properties":{"osm_id":"node/11930001124","kategori":"atm","ad":"Yapı Kredi"}},{"type":"Feature","geometry":{"type":"Point","coordinates":[29.315288,40.929119]},"properties":{"osm_id":"node/11930001125","kategori":"atm","ad":"Yapı Kredi"}},{"type":"Feature","geometry":{"type":"Point","coordinates":[29.325928,40.936707]},"properties":{"osm_id":"node/11930001126","kategori":"atm","ad":"Yapı Kredi"}},{"type":"Feature","geometry":{"type":"Point","coordinates":[29.311752,40.906731]},"properties":{"osm_id":"node/11930001127","kategori":"atm","ad":"Yapı Kredi"}},{"type":"Feature","geometry":{"type":"Point","coordinates":[29.082082,40.959729]},"properties":{"osm_id":"node/11937376836","kategori":"atm","ad":null}},{"type":"Feature","geometry":{"type":"Point","coordinates":[29.082069,40.959737]},"properties":{"osm_id":"node/11937376837","kategori":"atm","ad":null}},{"type":"Feature","geometry":{"type":"Point","coordinates":[29.082053,40.959744]},"properties":{"osm_id":"node/11937376838","kategori":"atm","ad":null}},{"type":"Feature","geometry":{"type":"Point","coordinates":[29.082038,40.959751]},"properties":{"osm_id":"node/11937376839","kategori":"atm","ad":null}},{"type":"Feature","geometry":{"type":"Point","coordinates":[29.082022,40.959758]},"properties":{"osm_id":"node/11937376840","kategori":"atm","ad":null}},{"type":"Feature","geometry":{"type":"Point","coordinates":[29.072883,40.96453]},"properties":{"osm_id":"node/11937383101","kategori":"atm","ad":null}},{"type":"Feature","geometry":{"type":"Point","coordinates":[29.07285,40.964547]},"properties":{"osm_id":"node/11937383102","kategori":"atm","ad":null}},{"type":"Feature","geometry":{"type":"Point","coordinates":[29.072816,40.964563]},"properties":{"osm_id":"node/11937383103","kategori":"atm","ad":null}},{"type":"Feature","geometry":{"type":"Point","coordinates":[29.072784,40.964582]},"properties":{"osm_id":"node/11937383104","kategori":"atm","ad":null}},{"type":"Feature","geometry":{"type":"Point","coordinates":[29.06906,40.966583]},"properties":{"osm_id":"node/11942761350","kategori":"atm","ad":null}},{"type":"Feature","geometry":{"type":"Point","coordinates":[29.069043,40.966592]},"properties":{"osm_id":"node/11942761351","kategori":"atm","ad":null}},{"type":"Feature","geometry":{"type":"Point","coordinates":[29.069001,40.96661]},"properties":{"osm_id":"node/11942761352","kategori":"atm","ad":null}},{"type":"Feature","geometry":{"type":"Point","coordinates":[29.068959,40.966627]},"properties":{"osm_id":"node/11942761353","kategori":"atm","ad":null}},{"type":"Feature","geometry":{"type":"Point","coordinates":[29.068918,40.966649]},"properties":{"osm_id":"node/11942761354","kategori":"atm","ad":null}},{"type":"Feature","geometry":{"type":"Point","coordinates":[29.076269,40.96278]},"properties":{"osm_id":"node/11942799629","kategori":"atm","ad":null}},{"type":"Feature","geometry":{"type":"Point","coordinates":[29.076255,40.962788]},"properties":{"osm_id":"node/11942799630","kategori":"atm","ad":null}},{"type":"Feature","geometry":{"type":"Point","coordinates":[29.076239,40.962798]},"properties":{"osm_id":"node/11942799631","kategori":"atm","ad":null}},{"type":"Feature","geometry":{"type":"Point","coordinates":[29.076223,40.962807]},"properties":{"osm_id":"node/11942799632","kategori":"atm","ad":null}},{"type":"Feature","geometry":{"type":"Point","coordinates":[29.076207,40.962818]},"properties":{"osm_id":"node/11942799633","kategori":"atm","ad":null}},{"type":"Feature","geometry":{"type":"Point","coordinates":[29.118522,40.992775]},"properties":{"osm_id":"node/11950588002","kategori":"atm","ad":null}},{"type":"Feature","geometry":{"type":"Point","coordinates":[29.309876,40.928066]},"properties":{"osm_id":"node/11951784369","kategori":"atm","ad":null}},{"type":"Feature","geometry":{"type":"Point","coordinates":[29.309883,40.928057]},"properties":{"osm_id":"node/11951784370","kategori":"atm","ad":null}},{"type":"Feature","geometry":{"type":"Point","coordinates":[28.974832,41.008085]},"properties":{"osm_id":"node/11968976514","kategori":"atm","ad":null}},{"type":"Feature","geometry":{"type":"Point","coordinates":[29.087694,40.996343]},"properties":{"osm_id":"node/11974846010","kategori":"atm","ad":null}},{"type":"Feature","geometry":{"type":"Point","coordinates":[29.057423,40.991196]},"properties":{"osm_id":"node/11978891963","kategori":"atm","ad":null}},{"type":"Feature","geometry":{"type":"Point","coordinates":[29.068247,41.052483]},"properties":{"osm_id":"node/11987039828","kategori":"atm","ad":null}},{"type":"Feature","geometry":{"type":"Point","coordinates":[28.974405,41.028582]},"properties":{"osm_id":"node/11990912469","kategori":"atm","ad":null}},{"type":"Feature","geometry":{"type":"Point","coordinates":[28.976636,41.034222]},"properties":{"osm_id":"node/11992632369","kategori":"atm","ad":null}},{"type":"Feature","geometry":{"type":"Point","coordinates":[29.217314,40.912264]},"properties":{"osm_id":"node/12019728342","kategori":"atm","ad":null}},{"type":"Feature","geometry":{"type":"Point","coordinates":[29.166587,40.947211]},"properties":{"osm_id":"node/12019812381","kategori":"atm","ad":null}},{"type":"Feature","geometry":{"type":"Point","coordinates":[28.920275,41.081589]},"properties":{"osm_id":"node/12034925642","kategori":"atm","ad":null}},{"type":"Feature","geometry":{"type":"Point","coordinates":[29.106986,40.984974]},"properties":{"osm_id":"node/12043320026","kategori":"atm","ad":"Ataşehir Atatürk Mahallesi"}},{"type":"Feature","geometry":{"type":"Point","coordinates":[29.052437,41.03926]},"properties":{"osm_id":"node/12048822203","kategori":"atm","ad":null}},{"type":"Feature","geometry":{"type":"Point","coordinates":[29.054832,40.99194]},"properties":{"osm_id":"node/12051182881","kategori":"atm","ad":null}},{"type":"Feature","geometry":{"type":"Point","coordinates":[29.054869,40.991928]},"properties":{"osm_id":"node/12051182882","kategori":"atm","ad":null}},{"type":"Feature","geometry":{"type":"Point","coordinates":[29.854094,41.138667]},"properties":{"osm_id":"node/12051923569","kategori":"atm","ad":null}},{"type":"Feature","geometry":{"type":"Point","coordinates":[29.09149,41.025133]},"properties":{"osm_id":"node/12067076471","kategori":"atm","ad":null}},{"type":"Feature","geometry":{"type":"Point","coordinates":[29.091476,41.025132]},"properties":{"osm_id":"node/12067076472","kategori":"atm","ad":null}},{"type":"Feature","geometry":{"type":"Point","coordinates":[29.091463,41.02513]},"properties":{"osm_id":"node/12067076473","kategori":"atm","ad":null}},{"type":"Feature","geometry":{"type":"Point","coordinates":[29.091448,41.025129]},"properties":{"osm_id":"node/12067076474","kategori":"atm","ad":null}},{"type":"Feature","geometry":{"type":"Point","coordinates":[29.091434,41.025128]},"properties":{"osm_id":"node/12067076475","kategori":"atm","ad":null}},{"type":"Feature","geometry":{"type":"Point","coordinates":[29.091419,41.025127]},"properties":{"osm_id":"node/12067076476","kategori":"atm","ad":null}},{"type":"Feature","geometry":{"type":"Point","coordinates":[29.091377,41.025124]},"properties":{"osm_id":"node/12067076477","kategori":"atm","ad":null}},{"type":"Feature","geometry":{"type":"Point","coordinates":[29.091391,41.025125]},"properties":{"osm_id":"node/12067076478","kategori":"atm","ad":null}},{"type":"Feature","geometry":{"type":"Point","coordinates":[29.091404,41.025126]},"properties":{"osm_id":"node/12067076479","kategori":"atm","ad":null}},{"type":"Feature","geometry":{"type":"Point","coordinates":[29.107139,40.994565]},"properties":{"osm_id":"node/12135209390","kategori":"atm","ad":null}},{"type":"Feature","geometry":{"type":"Point","coordinates":[29.107145,40.994573]},"properties":{"osm_id":"node/12135209391","kategori":"atm","ad":null}},{"type":"Feature","geometry":{"type":"Point","coordinates":[29.107156,40.994592]},"properties":{"osm_id":"node/12135209392","kategori":"atm","ad":null}},{"type":"Feature","geometry":{"type":"Point","coordinates":[29.098527,40.97516]},"properties":{"osm_id":"node/12153063543","kategori":"atm","ad":null}},{"type":"Feature","geometry":{"type":"Point","coordinates":[29.098523,40.975169]},"properties":{"osm_id":"node/12153063544","kategori":"atm","ad":null}},{"type":"Feature","geometry":{"type":"Point","coordinates":[29.098517,40.975179]},"properties":{"osm_id":"node/12153063545","kategori":"atm","ad":null}},{"type":"Feature","geometry":{"type":"Point","coordinates":[29.098511,40.975188]},"properties":{"osm_id":"node/12153063546","kategori":"atm","ad":null}},{"type":"Feature","geometry":{"type":"Point","coordinates":[28.701031,41.003353]},"properties":{"osm_id":"node/12154724800","kategori":"atm","ad":"Halkabank ATM"}},{"type":"Feature","geometry":{"type":"Point","coordinates":[28.700974,41.003293]},"properties":{"osm_id":"node/12154729101","kategori":"atm","ad":"QNB Finansbank ATM"}},{"type":"Feature","geometry":{"type":"Point","coordinates":[28.701008,41.003321]},"properties":{"osm_id":"node/12154729102","kategori":"atm","ad":"Yapı Kredi ATM"}},{"type":"Feature","geometry":{"type":"Point","coordinates":[28.701435,41.003381]},"properties":{"osm_id":"node/12154729103","kategori":"atm","ad":"İş Bankası ATM"}},{"type":"Feature","geometry":{"type":"Point","coordinates":[28.701466,41.003421]},"properties":{"osm_id":"node/12154729104","kategori":"atm","ad":"Garanti BBVA ATM"}},{"type":"Feature","geometry":{"type":"Point","coordinates":[28.701496,41.003464]},"properties":{"osm_id":"node/12154729105","kategori":"atm","ad":"Akbank ATM"}},{"type":"Feature","geometry":{"type":"Point","coordinates":[28.706378,41.005387]},"properties":{"osm_id":"node/12154842380","kategori":"atm","ad":"Garanti BBVA ATM"}},{"type":"Feature","geometry":{"type":"Point","coordinates":[28.70636,41.00537]},"properties":{"osm_id":"node/12154842381","kategori":"atm","ad":null}},{"type":"Feature","geometry":{"type":"Point","coordinates":[28.623978,41.022114]},"properties":{"osm_id":"node/12182904726","kategori":"atm","ad":null}},{"type":"Feature","geometry":{"type":"Point","coordinates":[28.624015,41.0221]},"properties":{"osm_id":"node/12182904727","kategori":"atm","ad":null}},{"type":"Feature","geometry":{"type":"Point","coordinates":[28.624033,41.022093]},"properties":{"osm_id":"node/12182904728","kategori":"atm","ad":null}},{"type":"Feature","geometry":{"type":"Point","coordinates":[28.624052,41.022087]},"properties":{"osm_id":"node/12182904729","kategori":"atm","ad":null}},{"type":"Feature","geometry":{"type":"Point","coordinates":[28.624071,41.022079]},"properties":{"osm_id":"node/12182904730","kategori":"atm","ad":null}},{"type":"Feature","geometry":{"type":"Point","coordinates":[28.968135,41.061587]},"properties":{"osm_id":"node/12183001774","kategori":"atm","ad":null}},{"type":"Feature","geometry":{"type":"Point","coordinates":[28.968161,41.061575]},"properties":{"osm_id":"node/12183001775","kategori":"atm","ad":null}},{"type":"Feature","geometry":{"type":"Point","coordinates":[28.968184,41.061566]},"properties":{"osm_id":"node/12183001776","kategori":"atm","ad":null}},{"type":"Feature","geometry":{"type":"Point","coordinates":[28.968204,41.061559]},"properties":{"osm_id":"node/12183001777","kategori":"atm","ad":null}},{"type":"Feature","geometry":{"type":"Point","coordinates":[28.968242,41.061539]},"properties":{"osm_id":"node/12183001778","kategori":"atm","ad":null}},{"type":"Feature","geometry":{"type":"Point","coordinates":[28.96809,41.061565]},"properties":{"osm_id":"node/12183001779","kategori":"atm","ad":null}},{"type":"Feature","geometry":{"type":"Point","coordinates":[28.968081,41.061554]},"properties":{"osm_id":"node/12183001780","kategori":"atm","ad":null}},{"type":"Feature","geometry":{"type":"Point","coordinates":[28.968061,41.061533]},"properties":{"osm_id":"node/12183001781","kategori":"atm","ad":null}},{"type":"Feature","geometry":{"type":"Point","coordinates":[28.968052,41.061524]},"properties":{"osm_id":"node/12183001782","kategori":"atm","ad":null}},{"type":"Feature","geometry":{"type":"Point","coordinates":[28.96804,41.061512]},"properties":{"osm_id":"node/12183001783","kategori":"atm","ad":null}},{"type":"Feature","geometry":{"type":"Point","coordinates":[28.968028,41.061499]},"properties":{"osm_id":"node/12183001784","kategori":"atm","ad":null}},{"type":"Feature","geometry":{"type":"Point","coordinates":[28.782946,41.045273]},"properties":{"osm_id":"node/12188445502","kategori":"atm","ad":null}},{"type":"Feature","geometry":{"type":"Point","coordinates":[28.981762,41.003968]},"properties":{"osm_id":"node/12198945774","kategori":"atm","ad":null}},{"type":"Feature","geometry":{"type":"Point","coordinates":[29.157526,41.033673]},"properties":{"osm_id":"node/12213946429","kategori":"atm","ad":null}},{"type":"Feature","geometry":{"type":"Point","coordinates":[28.874449,40.99675]},"properties":{"osm_id":"node/12242089226","kategori":"atm","ad":null}},{"type":"Feature","geometry":{"type":"Point","coordinates":[28.87445,40.996737]},"properties":{"osm_id":"node/12242089227","kategori":"atm","ad":null}},{"type":"Feature","geometry":{"type":"Point","coordinates":[28.874451,40.996725]},"properties":{"osm_id":"node/12242089228","kategori":"atm","ad":null}},{"type":"Feature","geometry":{"type":"Point","coordinates":[28.874453,40.996712]},"properties":{"osm_id":"node/12242089229","kategori":"atm","ad":null}},{"type":"Feature","geometry":{"type":"Point","coordinates":[28.966342,41.009258]},"properties":{"osm_id":"node/12246343601","kategori":"atm","ad":null}},{"type":"Feature","geometry":{"type":"Point","coordinates":[28.974345,41.022771]},"properties":{"osm_id":"node/12298815089","kategori":"atm","ad":null}},{"type":"Feature","geometry":{"type":"Point","coordinates":[28.974377,41.022771]},"properties":{"osm_id":"node/12298827592","kategori":"atm","ad":null}},{"type":"Feature","geometry":{"type":"Point","coordinates":[28.917561,41.051324]},"properties":{"osm_id":"node/12324346869","kategori":"atm","ad":null}},{"type":"Feature","geometry":{"type":"Point","coordinates":[28.897682,41.030546]},"properties":{"osm_id":"node/12334649993","kategori":"atm","ad":null}},{"type":"Feature","geometry":{"type":"Point","coordinates":[28.976072,41.015044]},"properties":{"osm_id":"node/12347693523","kategori":"atm","ad":null}},{"type":"Feature","geometry":{"type":"Point","coordinates":[28.976084,41.015066]},"properties":{"osm_id":"node/12347693525","kategori":"atm","ad":null}},{"type":"Feature","geometry":{"type":"Point","coordinates":[28.97606,41.01502]},"properties":{"osm_id":"node/12347693526","kategori":"atm","ad":null}},{"type":"Feature","geometry":{"type":"Point","coordinates":[28.976049,41.015001]},"properties":{"osm_id":"node/12347693527","kategori":"atm","ad":null}},{"type":"Feature","geometry":{"type":"Point","coordinates":[29.392211,40.906214]},"properties":{"osm_id":"node/12349005416","kategori":"atm","ad":null}},{"type":"Feature","geometry":{"type":"Point","coordinates":[29.010805,41.069125]},"properties":{"osm_id":"node/12365644749","kategori":"atm","ad":null}},{"type":"Feature","geometry":{"type":"Point","coordinates":[28.910274,41.053168]},"properties":{"osm_id":"node/12372573195","kategori":"atm","ad":null}},{"type":"Feature","geometry":{"type":"Point","coordinates":[28.910272,41.053183]},"properties":{"osm_id":"node/12372573196","kategori":"atm","ad":null}},{"type":"Feature","geometry":{"type":"Point","coordinates":[28.910269,41.053196]},"properties":{"osm_id":"node/12372573197","kategori":"atm","ad":null}},{"type":"Feature","geometry":{"type":"Point","coordinates":[28.736424,41.189197]},"properties":{"osm_id":"node/12399639769","kategori":"atm","ad":null}},{"type":"Feature","geometry":{"type":"Point","coordinates":[28.736441,41.189173]},"properties":{"osm_id":"node/12399639779","kategori":"atm","ad":null}},{"type":"Feature","geometry":{"type":"Point","coordinates":[28.736458,41.18915]},"properties":{"osm_id":"node/12399639781","kategori":"atm","ad":null}},{"type":"Feature","geometry":{"type":"Point","coordinates":[29.015608,41.026647]},"properties":{"osm_id":"node/12400863628","kategori":"atm","ad":null}},{"type":"Feature","geometry":{"type":"Point","coordinates":[29.015741,41.026408]},"properties":{"osm_id":"node/12400867106","kategori":"atm","ad":null}},{"type":"Feature","geometry":{"type":"Point","coordinates":[29.015686,41.026467]},"properties":{"osm_id":"node/12400867763","kategori":"atm","ad":null}},{"type":"Feature","geometry":{"type":"Point","coordinates":[29.015672,41.026497]},"properties":{"osm_id":"node/12400882988","kategori":"atm","ad":null}},{"type":"Feature","geometry":{"type":"Point","coordinates":[29.015712,41.026436]},"properties":{"osm_id":"node/12400882989","kategori":"atm","ad":null}},{"type":"Feature","geometry":{"type":"Point","coordinates":[29.015608,41.026623]},"properties":{"osm_id":"node/12400889712","kategori":"atm","ad":null}},{"type":"Feature","geometry":{"type":"Point","coordinates":[29.015602,41.026672]},"properties":{"osm_id":"node/12400898750","kategori":"atm","ad":null}},{"type":"Feature","geometry":{"type":"Point","coordinates":[29.033852,40.988022]},"properties":{"osm_id":"node/12405480035","kategori":"atm","ad":null}},{"type":"Feature","geometry":{"type":"Point","coordinates":[29.025973,40.991224]},"properties":{"osm_id":"node/12437600127","kategori":"atm","ad":null}},{"type":"Feature","geometry":{"type":"Point","coordinates":[29.025952,40.991229]},"properties":{"osm_id":"node/12437600128","kategori":"atm","ad":null}},{"type":"Feature","geometry":{"type":"Point","coordinates":[29.024043,40.992198]},"properties":{"osm_id":"node/12443428444","kategori":"atm","ad":null}},{"type":"Feature","geometry":{"type":"Point","coordinates":[29.024054,40.992191]},"properties":{"osm_id":"node/12443428445","kategori":"atm","ad":null}},{"type":"Feature","geometry":{"type":"Point","coordinates":[29.024065,40.992183]},"properties":{"osm_id":"node/12443428446","kategori":"atm","ad":null}},{"type":"Feature","geometry":{"type":"Point","coordinates":[29.024075,40.992178]},"properties":{"osm_id":"node/12443428447","kategori":"atm","ad":null}},{"type":"Feature","geometry":{"type":"Point","coordinates":[29.024083,40.992171]},"properties":{"osm_id":"node/12443428448","kategori":"atm","ad":null}},{"type":"Feature","geometry":{"type":"Point","coordinates":[29.024096,40.992165]},"properties":{"osm_id":"node/12443428449","kategori":"atm","ad":null}},{"type":"Feature","geometry":{"type":"Point","coordinates":[29.325312,40.937547]},"properties":{"osm_id":"node/12444080404","kategori":"atm","ad":null}},{"type":"Feature","geometry":{"type":"Point","coordinates":[29.325268,40.937539]},"properties":{"osm_id":"node/12444080405","kategori":"atm","ad":null}},{"type":"Feature","geometry":{"type":"Point","coordinates":[29.325357,40.937549]},"properties":{"osm_id":"node/12444080406","kategori":"atm","ad":null}},{"type":"Feature","geometry":{"type":"Point","coordinates":[29.325405,40.937546]},"properties":{"osm_id":"node/12444080407","kategori":"atm","ad":null}},{"type":"Feature","geometry":{"type":"Point","coordinates":[29.325443,40.937541]},"properties":{"osm_id":"node/12444080408","kategori":"atm","ad":null}},{"type":"Feature","geometry":{"type":"Point","coordinates":[29.118545,40.992778]},"properties":{"osm_id":"node/12449871264","kategori":"atm","ad":null}},{"type":"Feature","geometry":{"type":"Point","coordinates":[29.118569,40.992779]},"properties":{"osm_id":"node/12449871265","kategori":"atm","ad":null}},{"type":"Feature","geometry":{"type":"Point","coordinates":[28.611385,40.991749]},"properties":{"osm_id":"node/12450040144","kategori":"atm","ad":null}},{"type":"Feature","geometry":{"type":"Point","coordinates":[28.612045,40.991838]},"properties":{"osm_id":"node/12450040145","kategori":"atm","ad":null}},{"type":"Feature","geometry":{"type":"Point","coordinates":[28.610694,40.992204]},"properties":{"osm_id":"node/12450040146","kategori":"atm","ad":null}},{"type":"Feature","geometry":{"type":"Point","coordinates":[29.139246,41.009887]},"properties":{"osm_id":"node/12450949001","kategori":"atm","ad":null}},{"type":"Feature","geometry":{"type":"Point","coordinates":[29.015999,41.021517]},"properties":{"osm_id":"node/12452627101","kategori":"atm","ad":null}},{"type":"Feature","geometry":{"type":"Point","coordinates":[29.140837,40.990518]},"properties":{"osm_id":"node/12453435330","kategori":"atm","ad":null}},{"type":"Feature","geometry":{"type":"Point","coordinates":[29.140874,40.990515]},"properties":{"osm_id":"node/12453435331","kategori":"atm","ad":null}},{"type":"Feature","geometry":{"type":"Point","coordinates":[29.140915,40.990512]},"properties":{"osm_id":"node/12453435332","kategori":"atm","ad":null}},{"type":"Feature","geometry":{"type":"Point","coordinates":[29.303601,40.915088]},"properties":{"osm_id":"node/12458769527","kategori":"atm","ad":null}},{"type":"Feature","geometry":{"type":"Point","coordinates":[29.303608,40.915097]},"properties":{"osm_id":"node/12458769528","kategori":"atm","ad":null}},{"type":"Feature","geometry":{"type":"Point","coordinates":[28.862083,41.104338]},"properties":{"osm_id":"node/12458918833","kategori":"atm","ad":null}},{"type":"Feature","geometry":{"type":"Point","coordinates":[28.722195,40.983174]},"properties":{"osm_id":"node/12473496896","kategori":"atm","ad":null}},{"type":"Feature","geometry":{"type":"Point","coordinates":[28.722165,40.983163]},"properties":{"osm_id":"node/12473496897","kategori":"atm","ad":null}},{"type":"Feature","geometry":{"type":"Point","coordinates":[28.72214,40.983156]},"properties":{"osm_id":"node/12473496898","kategori":"atm","ad":null}},{"type":"Feature","geometry":{"type":"Point","coordinates":[28.722122,40.983148]},"properties":{"osm_id":"node/12473496899","kategori":"atm","ad":"TAM ATM"}},{"type":"Feature","geometry":{"type":"Point","coordinates":[29.298094,40.913028]},"properties":{"osm_id":"node/12481001193","kategori":"atm","ad":null}},{"type":"Feature","geometry":{"type":"Point","coordinates":[29.298088,40.913049]},"properties":{"osm_id":"node/12481001194","kategori":"atm","ad":null}},{"type":"Feature","geometry":{"type":"Point","coordinates":[29.125357,40.979103]},"properties":{"osm_id":"node/12484239138","kategori":"atm","ad":null}},{"type":"Feature","geometry":{"type":"Point","coordinates":[29.298623,40.91378]},"properties":{"osm_id":"node/12492168398","kategori":"atm","ad":null}},{"type":"Feature","geometry":{"type":"Point","coordinates":[29.298662,40.913794]},"properties":{"osm_id":"node/12492168399","kategori":"atm","ad":null}},{"type":"Feature","geometry":{"type":"Point","coordinates":[28.984686,41.037988]},"properties":{"osm_id":"node/12510989063","kategori":"atm","ad":null}},{"type":"Feature","geometry":{"type":"Point","coordinates":[28.984695,41.038594]},"properties":{"osm_id":"node/12510989080","kategori":"atm","ad":null}},{"type":"Feature","geometry":{"type":"Point","coordinates":[28.975758,41.022854]},"properties":{"osm_id":"node/12512834702","kategori":"atm","ad":null}},{"type":"Feature","geometry":{"type":"Point","coordinates":[28.72136,40.982117]},"properties":{"osm_id":"node/12563626272","kategori":"atm","ad":null}},{"type":"Feature","geometry":{"type":"Point","coordinates":[28.721514,40.982089]},"properties":{"osm_id":"node/12563626273","kategori":"atm","ad":null}},{"type":"Feature","geometry":{"type":"Point","coordinates":[28.721554,40.982082]},"properties":{"osm_id":"node/12563626274","kategori":"atm","ad":null}},{"type":"Feature","geometry":{"type":"Point","coordinates":[29.322163,40.8297]},"properties":{"osm_id":"node/12578624506","kategori":"atm","ad":null}},{"type":"Feature","geometry":{"type":"Point","coordinates":[28.974819,41.027258]},"properties":{"osm_id":"node/12600657601","kategori":"atm","ad":null}},{"type":"Feature","geometry":{"type":"Point","coordinates":[29.043423,41.13028]},"properties":{"osm_id":"node/12644451701","kategori":"atm","ad":null}},{"type":"Feature","geometry":{"type":"Point","coordinates":[29.01571,41.027661]},"properties":{"osm_id":"node/12652474489","kategori":"atm","ad":null}},{"type":"Feature","geometry":{"type":"Point","coordinates":[28.623997,41.022107]},"properties":{"osm_id":"node/12655752143","kategori":"atm","ad":null}},{"type":"Feature","geometry":{"type":"Point","coordinates":[29.103016,41.027397]},"properties":{"osm_id":"node/12690649657","kategori":"atm","ad":null}},{"type":"Feature","geometry":{"type":"Point","coordinates":[29.102991,41.02738]},"properties":{"osm_id":"node/12690651066","kategori":"atm","ad":null}},{"type":"Feature","geometry":{"type":"Point","coordinates":[29.103037,41.027411]},"properties":{"osm_id":"node/12690661202","kategori":"atm","ad":null}},{"type":"Feature","geometry":{"type":"Point","coordinates":[29.099939,41.024912]},"properties":{"osm_id":"node/12690670096","kategori":"atm","ad":null}},{"type":"Feature","geometry":{"type":"Point","coordinates":[29.004131,41.062797]},"properties":{"osm_id":"node/12692137512","kategori":"atm","ad":null}},{"type":"Feature","geometry":{"type":"Point","coordinates":[28.786978,41.020947]},"properties":{"osm_id":"node/12710185646","kategori":"atm","ad":null}},{"type":"Feature","geometry":{"type":"Point","coordinates":[28.786968,41.020958]},"properties":{"osm_id":"node/12710251020","kategori":"atm","ad":null}},{"type":"Feature","geometry":{"type":"Point","coordinates":[28.786989,41.020936]},"properties":{"osm_id":"node/12710251021","kategori":"atm","ad":null}},{"type":"Feature","geometry":{"type":"Point","coordinates":[29.330972,41.083561]},"properties":{"osm_id":"node/12712427283","kategori":"atm","ad":null}},{"type":"Feature","geometry":{"type":"Point","coordinates":[29.331013,41.083592]},"properties":{"osm_id":"node/12712682006","kategori":"atm","ad":null}},{"type":"Feature","geometry":{"type":"Point","coordinates":[29.330998,41.083576]},"properties":{"osm_id":"node/12712687720","kategori":"atm","ad":null}},{"type":"Feature","geometry":{"type":"Point","coordinates":[28.982362,41.030795]},"properties":{"osm_id":"node/12719934738","kategori":"atm","ad":null}},{"type":"Feature","geometry":{"type":"Point","coordinates":[28.984835,41.028438]},"properties":{"osm_id":"node/12722587045","kategori":"atm","ad":null}},{"type":"Feature","geometry":{"type":"Point","coordinates":[28.98465,41.028361]},"properties":{"osm_id":"node/12722587046","kategori":"atm","ad":null}},{"type":"Feature","geometry":{"type":"Point","coordinates":[29.315555,40.907994]},"properties":{"osm_id":"node/12729141798","kategori":"atm","ad":"TEB"}},{"type":"Feature","geometry":{"type":"Point","coordinates":[28.787495,41.019575]},"properties":{"osm_id":"node/12738944949","kategori":"atm","ad":null}},{"type":"Feature","geometry":{"type":"Point","coordinates":[29.030943,40.991387]},"properties":{"osm_id":"node/12742426456","kategori":"atm","ad":null}},{"type":"Feature","geometry":{"type":"Point","coordinates":[29.031025,40.991416]},"properties":{"osm_id":"node/12742426457","kategori":"atm","ad":null}},{"type":"Feature","geometry":{"type":"Point","coordinates":[29.031048,40.991424]},"properties":{"osm_id":"node/12742426458","kategori":"atm","ad":null}},{"type":"Feature","geometry":{"type":"Point","coordinates":[29.031036,40.991421]},"properties":{"osm_id":"node/12742426459","kategori":"atm","ad":null}},{"type":"Feature","geometry":{"type":"Point","coordinates":[29.278808,40.91151]},"properties":{"osm_id":"node/12752743830","kategori":"atm","ad":null}},{"type":"Feature","geometry":{"type":"Point","coordinates":[29.278811,40.911499]},"properties":{"osm_id":"node/12752743831","kategori":"atm","ad":null}},{"type":"Feature","geometry":{"type":"Point","coordinates":[29.278814,40.911487]},"properties":{"osm_id":"node/12752743832","kategori":"atm","ad":null}},{"type":"Feature","geometry":{"type":"Point","coordinates":[29.278817,40.911474]},"properties":{"osm_id":"node/12752743833","kategori":"atm","ad":null}},{"type":"Feature","geometry":{"type":"Point","coordinates":[29.253094,40.907007]},"properties":{"osm_id":"node/12752748230","kategori":"atm","ad":null}},{"type":"Feature","geometry":{"type":"Point","coordinates":[29.235985,40.890291]},"properties":{"osm_id":"node/12752759221","kategori":"atm","ad":null}},{"type":"Feature","geometry":{"type":"Point","coordinates":[29.225264,40.8966]},"properties":{"osm_id":"node/12752773218","kategori":"atm","ad":null}},{"type":"Feature","geometry":{"type":"Point","coordinates":[29.236055,40.882174]},"properties":{"osm_id":"node/12752790329","kategori":"atm","ad":null}},{"type":"Feature","geometry":{"type":"Point","coordinates":[29.233912,40.876399]},"properties":{"osm_id":"node/12752793031","kategori":"atm","ad":null}},{"type":"Feature","geometry":{"type":"Point","coordinates":[29.231344,40.881299]},"properties":{"osm_id":"node/12752793225","kategori":"atm","ad":"Qnb"}},{"type":"Feature","geometry":{"type":"Point","coordinates":[29.231344,40.881306]},"properties":{"osm_id":"node/12752830806","kategori":"atm","ad":"Garanti BBVA"}},{"type":"Feature","geometry":{"type":"Point","coordinates":[29.231344,40.881292]},"properties":{"osm_id":"node/12752830807","kategori":"atm","ad":"Türkiye İş Bankası"}},{"type":"Feature","geometry":{"type":"Point","coordinates":[29.231345,40.881285]},"properties":{"osm_id":"node/12752830808","kategori":"atm","ad":"Vakıfbank"}},{"type":"Feature","geometry":{"type":"Point","coordinates":[29.254123,40.897408]},"properties":{"osm_id":"node/12759062462","kategori":"atm","ad":null}},{"type":"Feature","geometry":{"type":"Point","coordinates":[29.290138,40.924044]},"properties":{"osm_id":"node/12765550254","kategori":"atm","ad":"Türkiye İş Bankası"}},{"type":"Feature","geometry":{"type":"Point","coordinates":[28.983655,41.038697]},"properties":{"osm_id":"node/12768593699","kategori":"atm","ad":null}},{"type":"Feature","geometry":{"type":"Point","coordinates":[28.985647,41.040881]},"properties":{"osm_id":"node/12768664262","kategori":"atm","ad":null}},{"type":"Feature","geometry":{"type":"Point","coordinates":[28.985802,41.040847]},"properties":{"osm_id":"node/12768705252","kategori":"atm","ad":null}},{"type":"Feature","geometry":{"type":"Point","coordinates":[28.986207,41.039437]},"properties":{"osm_id":"node/12769080530","kategori":"atm","ad":null}},{"type":"Feature","geometry":{"type":"Point","coordinates":[29.006629,41.043343]},"properties":{"osm_id":"node/12771929556","kategori":"atm","ad":"TEB"}},{"type":"Feature","geometry":{"type":"Point","coordinates":[29.004988,41.042017]},"properties":{"osm_id":"node/12771948189","kategori":"atm","ad":"TEB"}},{"type":"Feature","geometry":{"type":"Point","coordinates":[28.983432,41.032592]},"properties":{"osm_id":"node/12772886059","kategori":"atm","ad":"TEB"}},{"type":"Feature","geometry":{"type":"Point","coordinates":[29.226886,40.904558]},"properties":{"osm_id":"node/12773140306","kategori":"atm","ad":"Garanti BBVA"}},{"type":"Feature","geometry":{"type":"Point","coordinates":[29.235195,40.884003]},"properties":{"osm_id":"node/12790185925","kategori":"atm","ad":"Halkbank"}},{"type":"Feature","geometry":{"type":"Point","coordinates":[29.007371,41.086899]},"properties":{"osm_id":"node/12791074732","kategori":"atm","ad":null}},{"type":"Feature","geometry":{"type":"Point","coordinates":[29.154276,40.90381]},"properties":{"osm_id":"node/12799750838","kategori":"atm","ad":null}},{"type":"Feature","geometry":{"type":"Point","coordinates":[28.740334,41.259459]},"properties":{"osm_id":"node/12802306313","kategori":"atm","ad":null}},{"type":"Feature","geometry":{"type":"Point","coordinates":[28.740394,41.259461]},"properties":{"osm_id":"node/12802306314","kategori":"atm","ad":null}},{"type":"Feature","geometry":{"type":"Point","coordinates":[28.740458,41.259463]},"properties":{"osm_id":"node/12802306315","kategori":"atm","ad":null}},{"type":"Feature","geometry":{"type":"Point","coordinates":[28.740519,41.259461]},"properties":{"osm_id":"node/12802306316","kategori":"atm","ad":null}},{"type":"Feature","geometry":{"type":"Point","coordinates":[28.740588,41.259464]},"properties":{"osm_id":"node/12802306317","kategori":"atm","ad":null}},{"type":"Feature","geometry":{"type":"Point","coordinates":[28.740637,41.259462]},"properties":{"osm_id":"node/12802306318","kategori":"atm","ad":null}},{"type":"Feature","geometry":{"type":"Point","coordinates":[29.104369,40.996688]},"properties":{"osm_id":"node/12806025630","kategori":"atm","ad":null}},{"type":"Feature","geometry":{"type":"Point","coordinates":[29.104342,40.996708]},"properties":{"osm_id":"node/12806025631","kategori":"atm","ad":null}},{"type":"Feature","geometry":{"type":"Point","coordinates":[29.104316,40.996727]},"properties":{"osm_id":"node/12806025632","kategori":"atm","ad":null}},{"type":"Feature","geometry":{"type":"Point","coordinates":[29.104286,40.996749]},"properties":{"osm_id":"node/12806025633","kategori":"atm","ad":null}},{"type":"Feature","geometry":{"type":"Point","coordinates":[29.104262,40.996769]},"properties":{"osm_id":"node/12806025634","kategori":"atm","ad":null}},{"type":"Feature","geometry":{"type":"Point","coordinates":[28.657394,40.986394]},"properties":{"osm_id":"node/12809155540","kategori":"atm","ad":null}},{"type":"Feature","geometry":{"type":"Point","coordinates":[28.657395,40.98638]},"properties":{"osm_id":"node/12809155541","kategori":"atm","ad":null}},{"type":"Feature","geometry":{"type":"Point","coordinates":[28.657395,40.986364]},"properties":{"osm_id":"node/12809155542","kategori":"atm","ad":null}},{"type":"Feature","geometry":{"type":"Point","coordinates":[28.657395,40.986345]},"properties":{"osm_id":"node/12809155543","kategori":"atm","ad":null}},{"type":"Feature","geometry":{"type":"Point","coordinates":[28.657395,40.986327]},"properties":{"osm_id":"node/12809155544","kategori":"atm","ad":null}},{"type":"Feature","geometry":{"type":"Point","coordinates":[28.657396,40.986311]},"properties":{"osm_id":"node/12809155545","kategori":"atm","ad":null}},{"type":"Feature","geometry":{"type":"Point","coordinates":[28.657396,40.986298]},"properties":{"osm_id":"node/12809155546","kategori":"atm","ad":null}},{"type":"Feature","geometry":{"type":"Point","coordinates":[29.084924,40.96246]},"properties":{"osm_id":"node/12810084785","kategori":"atm","ad":null}},{"type":"Feature","geometry":{"type":"Point","coordinates":[29.078693,41.017882]},"properties":{"osm_id":"node/12833326991","kategori":"atm","ad":null}},{"type":"Feature","geometry":{"type":"Point","coordinates":[29.078651,41.017857]},"properties":{"osm_id":"node/12833379656","kategori":"atm","ad":null}},{"type":"Feature","geometry":{"type":"Point","coordinates":[29.078742,41.017915]},"properties":{"osm_id":"node/12833383797","kategori":"atm","ad":null}},{"type":"Feature","geometry":{"type":"Point","coordinates":[29.078715,41.017896]},"properties":{"osm_id":"node/12833387679","kategori":"atm","ad":null}},{"type":"Feature","geometry":{"type":"Point","coordinates":[29.078674,41.017871]},"properties":{"osm_id":"node/12833395782","kategori":"atm","ad":null}},{"type":"Feature","geometry":{"type":"Point","coordinates":[29.286706,41.089949]},"properties":{"osm_id":"node/12843607291","kategori":"atm","ad":null}},{"type":"Feature","geometry":{"type":"Point","coordinates":[28.974921,41.021977]},"properties":{"osm_id":"node/12846797453","kategori":"atm","ad":null}},{"type":"Feature","geometry":{"type":"Point","coordinates":[29.023231,40.992657]},"properties":{"osm_id":"node/12848759593","kategori":"atm","ad":null}},{"type":"Feature","geometry":{"type":"Point","coordinates":[29.023278,40.992636]},"properties":{"osm_id":"node/12848759594","kategori":"atm","ad":null}},{"type":"Feature","geometry":{"type":"Point","coordinates":[29.023324,40.992695]},"properties":{"osm_id":"node/12848759595","kategori":"atm","ad":null}},{"type":"Feature","geometry":{"type":"Point","coordinates":[28.710835,40.992041]},"properties":{"osm_id":"node/12848800481","kategori":"atm","ad":null}},{"type":"Feature","geometry":{"type":"Point","coordinates":[29.22868,40.90153]},"properties":{"osm_id":"node/12851304979","kategori":"atm","ad":null}},{"type":"Feature","geometry":{"type":"Point","coordinates":[29.22869,40.901538]},"properties":{"osm_id":"node/12851304980","kategori":"atm","ad":null}},{"type":"Feature","geometry":{"type":"Point","coordinates":[29.328216,40.868212]},"properties":{"osm_id":"node/12866680705","kategori":"atm","ad":null}},{"type":"Feature","geometry":{"type":"Point","coordinates":[29.328215,40.868225]},"properties":{"osm_id":"node/12866680706","kategori":"atm","ad":null}},{"type":"Feature","geometry":{"type":"Point","coordinates":[29.328214,40.86824]},"properties":{"osm_id":"node/12866680707","kategori":"atm","ad":null}},{"type":"Feature","geometry":{"type":"Point","coordinates":[29.00757,41.086249]},"properties":{"osm_id":"node/12884011771","kategori":"atm","ad":null}},{"type":"Feature","geometry":{"type":"Point","coordinates":[29.007557,41.086243]},"properties":{"osm_id":"node/12884011772","kategori":"atm","ad":null}},{"type":"Feature","geometry":{"type":"Point","coordinates":[29.007544,41.086237]},"properties":{"osm_id":"node/12884011773","kategori":"atm","ad":null}},{"type":"Feature","geometry":{"type":"Point","coordinates":[29.095632,41.0158]},"properties":{"osm_id":"node/12888625998","kategori":"atm","ad":null}},{"type":"Feature","geometry":{"type":"Point","coordinates":[29.095635,41.015843]},"properties":{"osm_id":"node/12888718562","kategori":"atm","ad":null}},{"type":"Feature","geometry":{"type":"Point","coordinates":[29.106106,41.019159]},"properties":{"osm_id":"node/12888727680","kategori":"atm","ad":null}},{"type":"Feature","geometry":{"type":"Point","coordinates":[29.106033,41.019079]},"properties":{"osm_id":"node/12888753119","kategori":"atm","ad":null}},{"type":"Feature","geometry":{"type":"Point","coordinates":[29.106073,41.019118]},"properties":{"osm_id":"node/12888754336","kategori":"atm","ad":null}},{"type":"Feature","geometry":{"type":"Point","coordinates":[29.025059,41.015053]},"properties":{"osm_id":"node/12918359186","kategori":"atm","ad":null}},{"type":"Feature","geometry":{"type":"Point","coordinates":[28.948318,41.079115]},"properties":{"osm_id":"node/12949684858","kategori":"atm","ad":null}},{"type":"Feature","geometry":{"type":"Point","coordinates":[28.948315,41.079098]},"properties":{"osm_id":"node/12949684859","kategori":"atm","ad":null}},{"type":"Feature","geometry":{"type":"Point","coordinates":[28.3584,41.25462]},"properties":{"osm_id":"node/13090094664","kategori":"atm","ad":null}},{"type":"Feature","geometry":{"type":"Point","coordinates":[28.628385,40.999789]},"properties":{"osm_id":"node/13090630967","kategori":"atm","ad":null}},{"type":"Feature","geometry":{"type":"Point","coordinates":[28.628411,40.999797]},"properties":{"osm_id":"node/13090630968","kategori":"atm","ad":null}},{"type":"Feature","geometry":{"type":"Point","coordinates":[28.65849,41.006277]},"properties":{"osm_id":"node/13090631391","kategori":"atm","ad":null}},{"type":"Feature","geometry":{"type":"Point","coordinates":[28.658448,41.006234]},"properties":{"osm_id":"node/13090631392","kategori":"atm","ad":null}},{"type":"Feature","geometry":{"type":"Point","coordinates":[28.658504,41.006204]},"properties":{"osm_id":"node/13090631393","kategori":"atm","ad":null}},{"type":"Feature","geometry":{"type":"Point","coordinates":[28.658564,41.006186]},"properties":{"osm_id":"node/13090631394","kategori":"atm","ad":null}},{"type":"Feature","geometry":{"type":"Point","coordinates":[28.658622,41.006214]},"properties":{"osm_id":"node/13090631395","kategori":"atm","ad":null}},{"type":"Feature","geometry":{"type":"Point","coordinates":[28.65864,41.006256]},"properties":{"osm_id":"node/13090631396","kategori":"atm","ad":null}},{"type":"Feature","geometry":{"type":"Point","coordinates":[29.075648,41.0181]},"properties":{"osm_id":"node/13092263786","kategori":"atm","ad":null}},{"type":"Feature","geometry":{"type":"Point","coordinates":[28.635603,41.002921]},"properties":{"osm_id":"node/13092785677","kategori":"atm","ad":null}},{"type":"Feature","geometry":{"type":"Point","coordinates":[28.636865,41.003352]},"properties":{"osm_id":"node/13092785678","kategori":"atm","ad":null}},{"type":"Feature","geometry":{"type":"Point","coordinates":[28.646893,41.000254]},"properties":{"osm_id":"node/13092785679","kategori":"atm","ad":null}},{"type":"Feature","geometry":{"type":"Point","coordinates":[28.648183,40.996577]},"properties":{"osm_id":"node/13092785697","kategori":"atm","ad":null}},{"type":"Feature","geometry":{"type":"Point","coordinates":[28.97496,41.022009]},"properties":{"osm_id":"node/13202180194","kategori":"atm","ad":null}},{"type":"Feature","geometry":{"type":"Point","coordinates":[29.048888,40.996133]},"properties":{"osm_id":"node/13204711002","kategori":"atm","ad":null}},{"type":"Feature","geometry":{"type":"Point","coordinates":[28.968384,41.024468]},"properties":{"osm_id":"node/13228087601","kategori":"atm","ad":null}},{"type":"Feature","geometry":{"type":"Point","coordinates":[28.635852,41.022027]},"properties":{"osm_id":"node/13236107337","kategori":"atm","ad":null}},{"type":"Feature","geometry":{"type":"Point","coordinates":[29.096039,40.952978]},"properties":{"osm_id":"node/13255970614","kategori":"atm","ad":null}},{"type":"Feature","geometry":{"type":"Point","coordinates":[29.096051,40.953002]},"properties":{"osm_id":"node/13255970615","kategori":"atm","ad":null}},{"type":"Feature","geometry":{"type":"Point","coordinates":[29.096063,40.953025]},"properties":{"osm_id":"node/13255970616","kategori":"atm","ad":null}},{"type":"Feature","geometry":{"type":"Point","coordinates":[29.096074,40.953049]},"properties":{"osm_id":"node/13255970617","kategori":"atm","ad":null}},{"type":"Feature","geometry":{"type":"Point","coordinates":[29.096086,40.953073]},"properties":{"osm_id":"node/13255970618","kategori":"atm","ad":null}},{"type":"Feature","geometry":{"type":"Point","coordinates":[29.096096,40.953098]},"properties":{"osm_id":"node/13255970619","kategori":"atm","ad":null}},{"type":"Feature","geometry":{"type":"Point","coordinates":[29.096106,40.953124]},"properties":{"osm_id":"node/13255970620","kategori":"atm","ad":null}},{"type":"Feature","geometry":{"type":"Point","coordinates":[29.060437,40.970998]},"properties":{"osm_id":"node/13258927883","kategori":"atm","ad":"Yapıkredi"}},{"type":"Feature","geometry":{"type":"Point","coordinates":[28.62427,41.090589]},"properties":{"osm_id":"node/13265764215","kategori":"atm","ad":null}},{"type":"Feature","geometry":{"type":"Point","coordinates":[28.620437,41.090787]},"properties":{"osm_id":"node/13265764216","kategori":"atm","ad":null}},{"type":"Feature","geometry":{"type":"Point","coordinates":[28.620473,41.090819]},"properties":{"osm_id":"node/13265764217","kategori":"atm","ad":null}},{"type":"Feature","geometry":{"type":"Point","coordinates":[29.134772,40.936264]},"properties":{"osm_id":"node/13274621092","kategori":"atm","ad":null}},{"type":"Feature","geometry":{"type":"Point","coordinates":[28.782958,41.045286]},"properties":{"osm_id":"node/13274667463","kategori":"atm","ad":null}},{"type":"Feature","geometry":{"type":"Point","coordinates":[29.055999,40.998657]},"properties":{"osm_id":"node/13281500858","kategori":"atm","ad":null}},{"type":"Feature","geometry":{"type":"Point","coordinates":[29.055958,40.998621]},"properties":{"osm_id":"node/13281500859","kategori":"atm","ad":null}},{"type":"Feature","geometry":{"type":"Point","coordinates":[29.055924,40.998592]},"properties":{"osm_id":"node/13281500860","kategori":"atm","ad":null}},{"type":"Feature","geometry":{"type":"Point","coordinates":[29.055976,40.998638]},"properties":{"osm_id":"node/13281500861","kategori":"atm","ad":null}},{"type":"Feature","geometry":{"type":"Point","coordinates":[29.055945,40.998609]},"properties":{"osm_id":"node/13281500862","kategori":"atm","ad":null}},{"type":"Feature","geometry":{"type":"Point","coordinates":[29.069501,40.881421]},"properties":{"osm_id":"node/13316262506","kategori":"atm","ad":null}},{"type":"Feature","geometry":{"type":"Point","coordinates":[28.970334,41.017169]},"properties":{"osm_id":"node/13354394103","kategori":"atm","ad":null}},{"type":"Feature","geometry":{"type":"Point","coordinates":[28.992323,41.066585]},"properties":{"osm_id":"node/13359213905","kategori":"atm","ad":null}},{"type":"Feature","geometry":{"type":"Point","coordinates":[29.12773,41.009838]},"properties":{"osm_id":"node/13387854189","kategori":"atm","ad":null}},{"type":"Feature","geometry":{"type":"Point","coordinates":[29.129934,41.020174]},"properties":{"osm_id":"node/13387858116","kategori":"atm","ad":null}},{"type":"Feature","geometry":{"type":"Point","coordinates":[28.77352,41.119179]},"properties":{"osm_id":"node/13388352757","kategori":"atm","ad":null}},{"type":"Feature","geometry":{"type":"Point","coordinates":[28.866492,41.088486]},"properties":{"osm_id":"node/13394065714","kategori":"atm","ad":null}},{"type":"Feature","geometry":{"type":"Point","coordinates":[28.978601,41.045799]},"properties":{"osm_id":"node/13397300685","kategori":"atm","ad":null}},{"type":"Feature","geometry":{"type":"Point","coordinates":[28.712029,40.978788]},"properties":{"osm_id":"node/13420597587","kategori":"atm","ad":null}},{"type":"Feature","geometry":{"type":"Point","coordinates":[28.966482,41.009233]},"properties":{"osm_id":"node/13431433981","kategori":"atm","ad":null}},{"type":"Feature","geometry":{"type":"Point","coordinates":[28.989709,41.067471]},"properties":{"osm_id":"node/13437851693","kategori":"atm","ad":null}},{"type":"Feature","geometry":{"type":"Point","coordinates":[28.989694,41.067472]},"properties":{"osm_id":"node/13437851694","kategori":"atm","ad":null}},{"type":"Feature","geometry":{"type":"Point","coordinates":[28.989679,41.067472]},"properties":{"osm_id":"node/13437851695","kategori":"atm","ad":null}},{"type":"Feature","geometry":{"type":"Point","coordinates":[28.989664,41.067473]},"properties":{"osm_id":"node/13437851696","kategori":"atm","ad":null}},{"type":"Feature","geometry":{"type":"Point","coordinates":[28.989649,41.067473]},"properties":{"osm_id":"node/13437851697","kategori":"atm","ad":null}},{"type":"Feature","geometry":{"type":"Point","coordinates":[29.185483,40.898483]},"properties":{"osm_id":"node/13439186905","kategori":"atm","ad":null}},{"type":"Feature","geometry":{"type":"Point","coordinates":[29.185472,40.898501]},"properties":{"osm_id":"node/13439186906","kategori":"atm","ad":null}},{"type":"Feature","geometry":{"type":"Point","coordinates":[29.037827,40.992489]},"properties":{"osm_id":"node/13439890747","kategori":"atm","ad":null}},{"type":"Feature","geometry":{"type":"Point","coordinates":[29.037814,40.992483]},"properties":{"osm_id":"node/13439890748","kategori":"atm","ad":null}},{"type":"Feature","geometry":{"type":"Point","coordinates":[29.037801,40.992477]},"properties":{"osm_id":"node/13439890749","kategori":"atm","ad":null}},{"type":"Feature","geometry":{"type":"Point","coordinates":[29.037788,40.992472]},"properties":{"osm_id":"node/13439890750","kategori":"atm","ad":null}},{"type":"Feature","geometry":{"type":"Point","coordinates":[29.108745,40.990455]},"properties":{"osm_id":"node/13444868261","kategori":"atm","ad":null}},{"type":"Feature","geometry":{"type":"Point","coordinates":[28.953742,41.006945]},"properties":{"osm_id":"node/13467805200","kategori":"atm","ad":null}},{"type":"Feature","geometry":{"type":"Point","coordinates":[29.303615,40.915107]},"properties":{"osm_id":"node/13595342304","kategori":"atm","ad":null}},{"type":"Feature","geometry":{"type":"Point","coordinates":[29.303585,40.915069]},"properties":{"osm_id":"node/13595342305","kategori":"atm","ad":null}},{"type":"Feature","geometry":{"type":"Point","coordinates":[29.303574,40.915058]},"properties":{"osm_id":"node/13595342306","kategori":"atm","ad":null}},{"type":"Feature","geometry":{"type":"Point","coordinates":[28.863573,41.093756]},"properties":{"osm_id":"node/13596805915","kategori":"atm","ad":null}},{"type":"Feature","geometry":{"type":"Point","coordinates":[28.863541,41.093753]},"properties":{"osm_id":"node/13596805916","kategori":"atm","ad":null}},{"type":"Feature","geometry":{"type":"Point","coordinates":[28.863602,41.093759]},"properties":{"osm_id":"node/13596805917","kategori":"atm","ad":null}},{"type":"Feature","geometry":{"type":"Point","coordinates":[28.863509,41.09375]},"properties":{"osm_id":"node/13596805918","kategori":"atm","ad":null}},{"type":"Feature","geometry":{"type":"Point","coordinates":[29.096246,41.02363]},"properties":{"osm_id":"node/13598378777","kategori":"atm","ad":null}},{"type":"Feature","geometry":{"type":"Point","coordinates":[29.096255,41.023636]},"properties":{"osm_id":"node/13598378778","kategori":"atm","ad":null}},{"type":"Feature","geometry":{"type":"Point","coordinates":[29.096264,41.023642]},"properties":{"osm_id":"node/13598378779","kategori":"atm","ad":null}},{"type":"Feature","geometry":{"type":"Point","coordinates":[29.096274,41.023649]},"properties":{"osm_id":"node/13598378780","kategori":"atm","ad":null}},{"type":"Feature","geometry":{"type":"Point","coordinates":[29.096285,41.023657]},"properties":{"osm_id":"node/13598378781","kategori":"atm","ad":null}},{"type":"Feature","geometry":{"type":"Point","coordinates":[29.85418,41.138686]},"properties":{"osm_id":"node/13606093479","kategori":"atm","ad":null}},{"type":"Feature","geometry":{"type":"Point","coordinates":[29.031286,41.140083]},"properties":{"osm_id":"node/13609041445","kategori":"atm","ad":null}},{"type":"Feature","geometry":{"type":"Point","coordinates":[29.03129,41.140079]},"properties":{"osm_id":"node/13609041446","kategori":"atm","ad":null}},{"type":"Feature","geometry":{"type":"Point","coordinates":[29.031297,41.140072]},"properties":{"osm_id":"node/13609041447","kategori":"atm","ad":null}},{"type":"Feature","geometry":{"type":"Point","coordinates":[29.031303,41.140066]},"properties":{"osm_id":"node/13609041448","kategori":"atm","ad":null}},{"type":"Feature","geometry":{"type":"Point","coordinates":[29.031315,41.140055]},"properties":{"osm_id":"node/13609041449","kategori":"atm","ad":null}},{"type":"Feature","geometry":{"type":"Point","coordinates":[29.03132,41.140049]},"properties":{"osm_id":"node/13609041450","kategori":"atm","ad":null}},{"type":"Feature","geometry":{"type":"Point","coordinates":[29.031308,41.140061]},"properties":{"osm_id":"node/13609041451","kategori":"atm","ad":null}},{"type":"Feature","geometry":{"type":"Point","coordinates":[29.856051,41.136417]},"properties":{"osm_id":"node/13610827500","kategori":"atm","ad":null}},{"type":"Feature","geometry":{"type":"Point","coordinates":[29.856341,41.136556]},"properties":{"osm_id":"node/13610925201","kategori":"atm","ad":null}},{"type":"Feature","geometry":{"type":"Point","coordinates":[29.856569,41.137613]},"properties":{"osm_id":"node/13610925202","kategori":"atm","ad":null}},{"type":"Feature","geometry":{"type":"Point","coordinates":[28.706919,40.980741]},"properties":{"osm_id":"node/13618310233","kategori":"atm","ad":null}},{"type":"Feature","geometry":{"type":"Point","coordinates":[29.106534,41.019826]},"properties":{"osm_id":"node/13625658399","kategori":"atm","ad":null}},{"type":"Feature","geometry":{"type":"Point","coordinates":[29.106527,41.019809]},"properties":{"osm_id":"node/13625658400","kategori":"atm","ad":null}},{"type":"Feature","geometry":{"type":"Point","coordinates":[29.106192,41.019272]},"properties":{"osm_id":"node/13625658601","kategori":"atm","ad":null}},{"type":"Feature","geometry":{"type":"Point","coordinates":[28.953145,41.006475]},"properties":{"osm_id":"node/13635188835","kategori":"atm","ad":null}},{"type":"Feature","geometry":{"type":"Point","coordinates":[28.953154,41.006447]},"properties":{"osm_id":"node/13635188836","kategori":"atm","ad":null}},{"type":"Feature","geometry":{"type":"Point","coordinates":[28.953162,41.006419]},"properties":{"osm_id":"node/13635188837","kategori":"atm","ad":null}},{"type":"Feature","geometry":{"type":"Point","coordinates":[28.953172,41.006388]},"properties":{"osm_id":"node/13635188838","kategori":"atm","ad":null}},{"type":"Feature","geometry":{"type":"Point","coordinates":[29.09752,41.024263]},"properties":{"osm_id":"node/13638422833","kategori":"atm","ad":null}},{"type":"Feature","geometry":{"type":"Point","coordinates":[29.097646,41.024311]},"properties":{"osm_id":"node/13638422834","kategori":"atm","ad":null}},{"type":"Feature","geometry":{"type":"Point","coordinates":[29.099764,41.024963]},"properties":{"osm_id":"node/13640519198","kategori":"atm","ad":null}},{"type":"Feature","geometry":{"type":"Point","coordinates":[29.075196,41.022424]},"properties":{"osm_id":"node/13650330156","kategori":"atm","ad":null}},{"type":"Feature","geometry":{"type":"Point","coordinates":[29.358618,40.91712]},"properties":{"osm_id":"node/13673915886","kategori":"atm","ad":null}},{"type":"Feature","geometry":{"type":"Point","coordinates":[29.031279,41.14009]},"properties":{"osm_id":"node/13675085000","kategori":"atm","ad":null}},{"type":"Feature","geometry":{"type":"Point","coordinates":[29.021638,41.108285]},"properties":{"osm_id":"node/13683052644","kategori":"atm","ad":null}},{"type":"Feature","geometry":{"type":"Point","coordinates":[29.02162,41.108282]},"properties":{"osm_id":"node/13683052645","kategori":"atm","ad":null}},{"type":"Feature","geometry":{"type":"Point","coordinates":[29.021599,41.108279]},"properties":{"osm_id":"node/13683052646","kategori":"atm","ad":null}},{"type":"Feature","geometry":{"type":"Point","coordinates":[29.021579,41.108277]},"properties":{"osm_id":"node/13683052647","kategori":"atm","ad":null}},{"type":"Feature","geometry":{"type":"Point","coordinates":[29.021558,41.108274]},"properties":{"osm_id":"node/13683052648","kategori":"atm","ad":null}},{"type":"Feature","geometry":{"type":"Point","coordinates":[29.021537,41.108271]},"properties":{"osm_id":"node/13683052649","kategori":"atm","ad":null}},{"type":"Feature","geometry":{"type":"Point","coordinates":[28.7715,40.99123]},"properties":{"osm_id":"node/13686415204","kategori":"atm","ad":null}},{"type":"Feature","geometry":{"type":"Point","coordinates":[28.830406,41.053373]},"properties":{"osm_id":"node/13686440556","kategori":"atm","ad":null}},{"type":"Feature","geometry":{"type":"Point","coordinates":[29.191108,40.904656]},"properties":{"osm_id":"node/13691708315","kategori":"atm","ad":null}},{"type":"Feature","geometry":{"type":"Point","coordinates":[29.177543,40.898395]},"properties":{"osm_id":"node/13694554481","kategori":"atm","ad":null}},{"type":"Feature","geometry":{"type":"Point","coordinates":[29.177368,40.898543]},"properties":{"osm_id":"node/13694554485","kategori":"atm","ad":null}},{"type":"Feature","geometry":{"type":"Point","coordinates":[29.177337,40.898562]},"properties":{"osm_id":"node/13694554486","kategori":"atm","ad":null}},{"type":"Feature","geometry":{"type":"Point","coordinates":[29.178389,40.897836]},"properties":{"osm_id":"node/13694597143","kategori":"atm","ad":null}},{"type":"Feature","geometry":{"type":"Point","coordinates":[29.178375,40.897846]},"properties":{"osm_id":"node/13694597144","kategori":"atm","ad":null}},{"type":"Feature","geometry":{"type":"Point","coordinates":[29.178308,40.89788]},"properties":{"osm_id":"node/13694597146","kategori":"atm","ad":null}},{"type":"Feature","geometry":{"type":"Point","coordinates":[29.178319,40.897876]},"properties":{"osm_id":"node/13694597147","kategori":"atm","ad":null}},{"type":"Feature","geometry":{"type":"Point","coordinates":[29.185383,40.899186]},"properties":{"osm_id":"node/13697966742","kategori":"atm","ad":null}},{"type":"Feature","geometry":{"type":"Point","coordinates":[29.185145,40.899162]},"properties":{"osm_id":"node/13697966747","kategori":"atm","ad":null}},{"type":"Feature","geometry":{"type":"Point","coordinates":[29.185081,40.89924]},"properties":{"osm_id":"node/13697966749","kategori":"atm","ad":null}},{"type":"Feature","geometry":{"type":"Point","coordinates":[29.035533,41.155944]},"properties":{"osm_id":"node/13701963436","kategori":"atm","ad":null}},{"type":"Feature","geometry":{"type":"Point","coordinates":[29.223474,40.889545]},"properties":{"osm_id":"node/13703940404","kategori":"atm","ad":null}},{"type":"Feature","geometry":{"type":"Point","coordinates":[29.223474,40.889539]},"properties":{"osm_id":"node/13703940405","kategori":"atm","ad":null}},{"type":"Feature","geometry":{"type":"Point","coordinates":[29.223481,40.889513]},"properties":{"osm_id":"node/13703940406","kategori":"atm","ad":null}},{"type":"Feature","geometry":{"type":"Point","coordinates":[29.223482,40.889502]},"properties":{"osm_id":"node/13703940407","kategori":"atm","ad":null}},{"type":"Feature","geometry":{"type":"Point","coordinates":[29.223487,40.889389]},"properties":{"osm_id":"node/13703940409","kategori":"atm","ad":null}},{"type":"Feature","geometry":{"type":"Point","coordinates":[29.105931,41.018961]},"properties":{"osm_id":"node/13705326307","kategori":"atm","ad":null}},{"type":"Feature","geometry":{"type":"Point","coordinates":[29.105916,41.018946]},"properties":{"osm_id":"node/13705326308","kategori":"atm","ad":null}},{"type":"Feature","geometry":{"type":"Point","coordinates":[29.226823,40.900447]},"properties":{"osm_id":"node/13705336710","kategori":"atm","ad":null}},{"type":"Feature","geometry":{"type":"Point","coordinates":[29.286893,40.881182]},"properties":{"osm_id":"node/13705637427","kategori":"atm","ad":null}},{"type":"Feature","geometry":{"type":"Point","coordinates":[29.286894,40.881163]},"properties":{"osm_id":"node/13705637428","kategori":"atm","ad":null}},{"type":"Feature","geometry":{"type":"Point","coordinates":[29.181117,40.889312]},"properties":{"osm_id":"node/13706447318","kategori":"atm","ad":null}},{"type":"Feature","geometry":{"type":"Point","coordinates":[29.181111,40.889304]},"properties":{"osm_id":"node/13706447319","kategori":"atm","ad":null}},{"type":"Feature","geometry":{"type":"Point","coordinates":[29.181104,40.889294]},"properties":{"osm_id":"node/13706447320","kategori":"atm","ad":null}},{"type":"Feature","geometry":{"type":"Point","coordinates":[29.181096,40.889282]},"properties":{"osm_id":"node/13706447321","kategori":"atm","ad":null}},{"type":"Feature","geometry":{"type":"Point","coordinates":[28.953743,41.006971]},"properties":{"osm_id":"node/13731814426","kategori":"atm","ad":null}},{"type":"Feature","geometry":{"type":"Point","coordinates":[28.953743,41.006996]},"properties":{"osm_id":"node/13731814427","kategori":"atm","ad":null}},{"type":"Feature","geometry":{"type":"Point","coordinates":[28.953744,41.007023]},"properties":{"osm_id":"node/13731814428","kategori":"atm","ad":null}},{"type":"Feature","geometry":{"type":"Point","coordinates":[28.953744,41.007051]},"properties":{"osm_id":"node/13731814429","kategori":"atm","ad":null}},{"type":"Feature","geometry":{"type":"Point","coordinates":[29.111607,40.945432]},"properties":{"osm_id":"node/13733996101","kategori":"atm","ad":null}},{"type":"Feature","geometry":{"type":"Point","coordinates":[29.168397,40.911111]},"properties":{"osm_id":"node/13740232731","kategori":"atm","ad":null}},{"type":"Feature","geometry":{"type":"Point","coordinates":[29.168385,40.911108]},"properties":{"osm_id":"node/13740232732","kategori":"atm","ad":null}},{"type":"Feature","geometry":{"type":"Point","coordinates":[29.168373,40.911104]},"properties":{"osm_id":"node/13740232733","kategori":"atm","ad":null}},{"type":"Feature","geometry":{"type":"Point","coordinates":[29.168309,40.911087]},"properties":{"osm_id":"node/13740232735","kategori":"atm","ad":null}},{"type":"Feature","geometry":{"type":"Point","coordinates":[28.959243,41.012188]},"properties":{"osm_id":"node/13745067609","kategori":"atm","ad":null}},{"type":"Feature","geometry":{"type":"Point","coordinates":[28.959271,41.012182]},"properties":{"osm_id":"node/13745067610","kategori":"atm","ad":null}},{"type":"Feature","geometry":{"type":"Point","coordinates":[28.961109,41.010871]},"properties":{"osm_id":"node/13745067619","kategori":"atm","ad":null}},{"type":"Feature","geometry":{"type":"Point","coordinates":[29.216162,40.910725]},"properties":{"osm_id":"node/13745820080","kategori":"atm","ad":null}},{"type":"Feature","geometry":{"type":"Point","coordinates":[29.214953,40.934374]},"properties":{"osm_id":"node/13748897269","kategori":"atm","ad":null}},{"type":"Feature","geometry":{"type":"Point","coordinates":[29.209467,40.928643]},"properties":{"osm_id":"node/13753431327","kategori":"atm","ad":null}},{"type":"Feature","geometry":{"type":"Point","coordinates":[29.209467,40.928661]},"properties":{"osm_id":"node/13753431328","kategori":"atm","ad":null}},{"type":"Feature","geometry":{"type":"Point","coordinates":[29.214469,40.927583]},"properties":{"osm_id":"node/13754279497","kategori":"atm","ad":null}},{"type":"Feature","geometry":{"type":"Point","coordinates":[29.217101,40.919841]},"properties":{"osm_id":"node/13760822202","kategori":"atm","ad":null}},{"type":"Feature","geometry":{"type":"Point","coordinates":[29.225347,40.896589]},"properties":{"osm_id":"node/13761400732","kategori":"atm","ad":null}},{"type":"Feature","geometry":{"type":"Point","coordinates":[29.22533,40.896591]},"properties":{"osm_id":"node/13761400733","kategori":"atm","ad":null}},{"type":"Feature","geometry":{"type":"Point","coordinates":[29.225314,40.896593]},"properties":{"osm_id":"node/13761400734","kategori":"atm","ad":null}},{"type":"Feature","geometry":{"type":"Point","coordinates":[29.225278,40.896597]},"properties":{"osm_id":"node/13761400735","kategori":"atm","ad":null}},{"type":"Feature","geometry":{"type":"Point","coordinates":[29.225249,40.896603]},"properties":{"osm_id":"node/13761400736","kategori":"atm","ad":null}},{"type":"Feature","geometry":{"type":"Point","coordinates":[29.225236,40.896605]},"properties":{"osm_id":"node/13761400737","kategori":"atm","ad":null}},{"type":"Feature","geometry":{"type":"Point","coordinates":[29.225224,40.896608]},"properties":{"osm_id":"node/13761400738","kategori":"atm","ad":null}},{"type":"Feature","geometry":{"type":"Point","coordinates":[29.225212,40.89661]},"properties":{"osm_id":"node/13761400739","kategori":"atm","ad":null}},{"type":"Feature","geometry":{"type":"Point","coordinates":[29.2252,40.896613]},"properties":{"osm_id":"node/13761400740","kategori":"atm","ad":null}},{"type":"Feature","geometry":{"type":"Point","coordinates":[29.112139,40.979031]},"properties":{"osm_id":"node/13761774916","kategori":"atm","ad":null}},{"type":"Feature","geometry":{"type":"Point","coordinates":[29.112128,40.979032]},"properties":{"osm_id":"node/13761774917","kategori":"atm","ad":null}},{"type":"Feature","geometry":{"type":"Point","coordinates":[29.112116,40.979032]},"properties":{"osm_id":"node/13761774918","kategori":"atm","ad":null}},{"type":"Feature","geometry":{"type":"Point","coordinates":[29.112105,40.979033]},"properties":{"osm_id":"node/13761774919","kategori":"atm","ad":null}},{"type":"Feature","geometry":{"type":"Point","coordinates":[29.205753,40.917415]},"properties":{"osm_id":"node/13851534619","kategori":"atm","ad":null}},{"type":"Feature","geometry":{"type":"Point","coordinates":[29.20574,40.917422]},"properties":{"osm_id":"node/13851534620","kategori":"atm","ad":null}},{"type":"Feature","geometry":{"type":"Point","coordinates":[29.205729,40.917428]},"properties":{"osm_id":"node/13851534621","kategori":"atm","ad":null}},{"type":"Feature","geometry":{"type":"Point","coordinates":[29.027272,41.156384]},"properties":{"osm_id":"node/13858196948","kategori":"atm","ad":null}},{"type":"Feature","geometry":{"type":"Point","coordinates":[29.195572,40.917006]},"properties":{"osm_id":"node/13879089238","kategori":"atm","ad":null}},{"type":"Feature","geometry":{"type":"Point","coordinates":[29.195557,40.917004]},"properties":{"osm_id":"node/13879089239","kategori":"atm","ad":null}},{"type":"Feature","geometry":{"type":"Point","coordinates":[29.195543,40.917001]},"properties":{"osm_id":"node/13879089240","kategori":"atm","ad":null}},{"type":"Feature","geometry":{"type":"Point","coordinates":[29.195527,40.916999]},"properties":{"osm_id":"node/13879089241","kategori":"atm","ad":null}},{"type":"Feature","geometry":{"type":"Point","coordinates":[29.1955,40.916976]},"properties":{"osm_id":"node/13879089242","kategori":"atm","ad":null}},{"type":"Feature","geometry":{"type":"Point","coordinates":[29.195495,40.916966]},"properties":{"osm_id":"node/13879089243","kategori":"atm","ad":null}},{"type":"Feature","geometry":{"type":"Point","coordinates":[29.195488,40.916957]},"properties":{"osm_id":"node/13879089244","kategori":"atm","ad":null}},{"type":"Feature","geometry":{"type":"Point","coordinates":[29.08716,41.084526]},"properties":{"osm_id":"node/13903613582","kategori":"atm","ad":null}},{"type":"Feature","geometry":{"type":"Point","coordinates":[28.958276,41.048392]},"properties":{"osm_id":"node/13904906077","kategori":"atm","ad":null}},{"type":"Feature","geometry":{"type":"Point","coordinates":[28.958262,41.048375]},"properties":{"osm_id":"node/13904911127","kategori":"atm","ad":null}},{"type":"Feature","geometry":{"type":"Point","coordinates":[28.958262,41.048333]},"properties":{"osm_id":"node/13904911128","kategori":"atm","ad":null}},{"type":"Feature","geometry":{"type":"Point","coordinates":[28.958446,41.048521]},"properties":{"osm_id":"node/13904941167","kategori":"atm","ad":null}},{"type":"Feature","geometry":{"type":"Point","coordinates":[28.958257,41.048355]},"properties":{"osm_id":"node/13904989953","kategori":"atm","ad":null}},{"type":"Feature","geometry":{"type":"Point","coordinates":[28.875594,41.080554]},"properties":{"osm_id":"node/13913055660","kategori":"atm","ad":null}},{"type":"Feature","geometry":{"type":"Point","coordinates":[28.875585,41.080563]},"properties":{"osm_id":"node/13913055661","kategori":"atm","ad":null}},{"type":"Feature","geometry":{"type":"Point","coordinates":[28.875575,41.080574]},"properties":{"osm_id":"node/13913055662","kategori":"atm","ad":null}},{"type":"Feature","geometry":{"type":"Point","coordinates":[28.875567,41.080582]},"properties":{"osm_id":"node/13913055663","kategori":"atm","ad":null}},{"type":"Feature","geometry":{"type":"Point","coordinates":[28.992962,41.180495]},"properties":{"osm_id":"node/13926681962","kategori":"atm","ad":null}},{"type":"Feature","geometry":{"type":"Point","coordinates":[28.992963,41.18047]},"properties":{"osm_id":"node/13926681963","kategori":"atm","ad":null}},{"type":"Feature","geometry":{"type":"Point","coordinates":[28.992963,41.180444]},"properties":{"osm_id":"node/13926681964","kategori":"atm","ad":null}},{"type":"Feature","geometry":{"type":"Point","coordinates":[28.959249,41.008206]},"properties":{"osm_id":"node/13929686215","kategori":"atm","ad":null}},{"type":"Feature","geometry":{"type":"Point","coordinates":[28.948312,41.012485]},"properties":{"osm_id":"node/13935302712","kategori":"atm","ad":null}},{"type":"Feature","geometry":{"type":"Point","coordinates":[29.091363,41.094359]},"properties":{"osm_id":"node/13942664040","kategori":"atm","ad":null}},{"type":"Feature","geometry":{"type":"Point","coordinates":[29.0912,41.094415]},"properties":{"osm_id":"node/13942664042","kategori":"atm","ad":null}},{"type":"Feature","geometry":{"type":"Point","coordinates":[29.20146,41.004548]},"properties":{"osm_id":"node/13960732686","kategori":"atm","ad":null}},{"type":"Feature","geometry":{"type":"Point","coordinates":[28.921285,41.024302]},"properties":{"osm_id":"node/14028762598","kategori":"atm","ad":null}},{"type":"Feature","geometry":{"type":"Point","coordinates":[28.92747,41.020963]},"properties":{"osm_id":"node/14028784222","kategori":"atm","ad":null}},{"type":"Feature","geometry":{"type":"Point","coordinates":[29.355235,40.934378]},"properties":{"osm_id":"node/14061432298","kategori":"atm","ad":null}},{"type":"Feature","geometry":{"type":"Point","coordinates":[28.769976,41.055549]},"properties":{"osm_id":"node/14061510449","kategori":"atm","ad":null}},{"type":"Feature","geometry":{"type":"Point","coordinates":[28.770039,41.051019]},"properties":{"osm_id":"node/14061510560","kategori":"atm","ad":null}},{"type":"Feature","geometry":{"type":"Point","coordinates":[28.764433,41.055162]},"properties":{"osm_id":"node/14065120545","kategori":"atm","ad":null}},{"type":"Feature","geometry":{"type":"Point","coordinates":[29.266253,40.878634]},"properties":{"osm_id":"node/14065747156","kategori":"atm","ad":null}},{"type":"Feature","geometry":{"type":"Point","coordinates":[29.214993,41.008437]},"properties":{"osm_id":"node/14095371388","kategori":"atm","ad":null}},{"type":"Feature","geometry":{"type":"Point","coordinates":[29.214435,41.007889]},"properties":{"osm_id":"node/14095371389","kategori":"atm","ad":null}},{"type":"Feature","geometry":{"type":"Point","coordinates":[29.215859,41.00552]},"properties":{"osm_id":"node/14095371390","kategori":"atm","ad":null}},{"type":"Feature","geometry":{"type":"Point","coordinates":[29.21586,41.005495]},"properties":{"osm_id":"node/14095371391","kategori":"atm","ad":null}},{"type":"Feature","geometry":{"type":"Point","coordinates":[29.212044,41.008864]},"properties":{"osm_id":"node/14095371392","kategori":"atm","ad":null}},{"type":"Feature","geometry":{"type":"Point","coordinates":[29.212015,41.008872]},"properties":{"osm_id":"node/14095371393","kategori":"atm","ad":null}},{"type":"Feature","geometry":{"type":"Point","coordinates":[29.215964,41.00977]},"properties":{"osm_id":"node/14095371394","kategori":"atm","ad":null}},{"type":"Feature","geometry":{"type":"Point","coordinates":[29.215973,41.009763]},"properties":{"osm_id":"node/14095371395","kategori":"atm","ad":null}},{"type":"Feature","geometry":{"type":"Point","coordinates":[29.189719,41.014599]},"properties":{"osm_id":"node/14095371396","kategori":"atm","ad":null}},{"type":"Feature","geometry":{"type":"Point","coordinates":[29.189735,41.014599]},"properties":{"osm_id":"node/14095371397","kategori":"atm","ad":null}},{"type":"Feature","geometry":{"type":"Point","coordinates":[29.189748,41.014599]},"properties":{"osm_id":"node/14095371398","kategori":"atm","ad":null}},{"type":"Feature","geometry":{"type":"Point","coordinates":[29.18976,41.014598]},"properties":{"osm_id":"node/14095371399","kategori":"atm","ad":null}},{"type":"Feature","geometry":{"type":"Point","coordinates":[29.189774,41.014599]},"properties":{"osm_id":"node/14095371400","kategori":"atm","ad":null}},{"type":"Feature","geometry":{"type":"Point","coordinates":[28.728275,41.057632]},"properties":{"osm_id":"node/14105284872","kategori":"atm","ad":null}},{"type":"Feature","geometry":{"type":"Point","coordinates":[28.728258,41.057625]},"properties":{"osm_id":"node/14105284873","kategori":"atm","ad":null}},{"type":"Feature","geometry":{"type":"Point","coordinates":[29.02414,40.991337]},"properties":{"osm_id":"node/14107885915","kategori":"atm","ad":"ING"}},{"type":"Feature","geometry":{"type":"Point","coordinates":[29.024152,40.991325]},"properties":{"osm_id":"node/14107898428","kategori":"atm","ad":"AkBank"}},{"type":"Feature","geometry":{"type":"Point","coordinates":[29.024151,40.991327]},"properties":{"osm_id":"node/14107900119","kategori":"atm","ad":"Garanti BBVA"}},{"type":"Feature","geometry":{"type":"Point","coordinates":[29.024133,40.991342]},"properties":{"osm_id":"node/14107900162","kategori":"atm","ad":"Ziraat Bankasi"}},{"type":"Feature","geometry":{"type":"Point","coordinates":[28.979662,41.071279]},"properties":{"osm_id":"node/14109668189","kategori":"atm","ad":null}},{"type":"Feature","geometry":{"type":"Point","coordinates":[29.275584,40.894432]},"properties":{"osm_id":"node/14122395526","kategori":"atm","ad":null}},{"type":"Feature","geometry":{"type":"Point","coordinates":[29.275577,40.894444]},"properties":{"osm_id":"node/14122395527","kategori":"atm","ad":null}},{"type":"Feature","geometry":{"type":"Point","coordinates":[29.180352,41.011233]},"properties":{"osm_id":"node/14133779484","kategori":"atm","ad":null}},{"type":"Feature","geometry":{"type":"Point","coordinates":[29.180356,41.011196]},"properties":{"osm_id":"node/14133779485","kategori":"atm","ad":null}},{"type":"Feature","geometry":{"type":"Point","coordinates":[29.180354,41.011178]},"properties":{"osm_id":"node/14133779486","kategori":"atm","ad":null}},{"type":"Feature","geometry":{"type":"Point","coordinates":[29.180357,41.011158]},"properties":{"osm_id":"node/14133779487","kategori":"atm","ad":null}},{"type":"Feature","geometry":{"type":"Point","coordinates":[29.180358,41.01114]},"properties":{"osm_id":"node/14133779488","kategori":"atm","ad":null}},{"type":"Feature","geometry":{"type":"Point","coordinates":[29.172914,41.002657]},"properties":{"osm_id":"node/14138050288","kategori":"atm","ad":null}},{"type":"Feature","geometry":{"type":"Point","coordinates":[29.150917,40.989174]},"properties":{"osm_id":"node/14141928819","kategori":"atm","ad":null}},{"type":"Feature","geometry":{"type":"Point","coordinates":[29.150942,40.989186]},"properties":{"osm_id":"node/14141928820","kategori":"atm","ad":null}},{"type":"Feature","geometry":{"type":"Point","coordinates":[29.150966,40.989203]},"properties":{"osm_id":"node/14141928821","kategori":"atm","ad":null}},{"type":"Feature","geometry":{"type":"Point","coordinates":[29.151025,40.989238]},"properties":{"osm_id":"node/14141928822","kategori":"atm","ad":null}},{"type":"Feature","geometry":{"type":"Point","coordinates":[28.93282,41.046544]},"properties":{"osm_id":"node/14142115653","kategori":"atm","ad":null}},{"type":"Feature","geometry":{"type":"Point","coordinates":[28.929432,41.043536]},"properties":{"osm_id":"node/14142115654","kategori":"atm","ad":null}},{"type":"Feature","geometry":{"type":"Point","coordinates":[29.150786,40.988934]},"properties":{"osm_id":"node/14142412924","kategori":"atm","ad":null}},{"type":"Feature","geometry":{"type":"Point","coordinates":[29.150785,40.988985]},"properties":{"osm_id":"node/14142412925","kategori":"atm","ad":null}},{"type":"Feature","geometry":{"type":"Point","coordinates":[29.151293,40.988987]},"properties":{"osm_id":"node/14142412926","kategori":"atm","ad":null}},{"type":"Feature","geometry":{"type":"Point","coordinates":[29.151301,40.989008]},"properties":{"osm_id":"node/14142412927","kategori":"atm","ad":null}},{"type":"Feature","geometry":{"type":"Point","coordinates":[28.751905,41.072153]},"properties":{"osm_id":"node/14142717891","kategori":"atm","ad":null}},{"type":"Feature","geometry":{"type":"Point","coordinates":[28.751909,41.072145]},"properties":{"osm_id":"node/14142717892","kategori":"atm","ad":null}},{"type":"Feature","geometry":{"type":"Point","coordinates":[28.75191,41.072144]},"properties":{"osm_id":"node/14142717893","kategori":"atm","ad":null}},{"type":"Feature","geometry":{"type":"Point","coordinates":[28.750527,41.074137]},"properties":{"osm_id":"node/14143154243","kategori":"atm","ad":null}},{"type":"Feature","geometry":{"type":"Point","coordinates":[29.190113,41.013824]},"properties":{"osm_id":"node/14148624840","kategori":"atm","ad":null}},{"type":"Feature","geometry":{"type":"Point","coordinates":[29.190089,41.013828]},"properties":{"osm_id":"node/14148624841","kategori":"atm","ad":null}},{"type":"Feature","geometry":{"type":"Point","coordinates":[29.189644,41.01381]},"properties":{"osm_id":"node/14148624842","kategori":"atm","ad":null}},{"type":"Feature","geometry":{"type":"Point","coordinates":[28.787847,41.133101]},"properties":{"osm_id":"node/14151286089","kategori":"atm","ad":null}},{"type":"Feature","geometry":{"type":"Point","coordinates":[29.007587,41.085419]},"properties":{"osm_id":"node/14151301265","kategori":"atm","ad":null}},{"type":"Feature","geometry":{"type":"Point","coordinates":[29.007597,41.085425]},"properties":{"osm_id":"node/14151301266","kategori":"atm","ad":null}},{"type":"Feature","geometry":{"type":"Point","coordinates":[29.007608,41.085434]},"properties":{"osm_id":"node/14151301267","kategori":"atm","ad":null}},{"type":"Feature","geometry":{"type":"Point","coordinates":[29.007618,41.085438]},"properties":{"osm_id":"node/14151301268","kategori":"atm","ad":null}},{"type":"Feature","geometry":{"type":"Point","coordinates":[28.780414,41.131598]},"properties":{"osm_id":"node/14151305534","kategori":"atm","ad":null}},{"type":"Feature","geometry":{"type":"Point","coordinates":[28.780431,41.131597]},"properties":{"osm_id":"node/14151305535","kategori":"atm","ad":null}},{"type":"Feature","geometry":{"type":"Point","coordinates":[28.780448,41.131596]},"properties":{"osm_id":"node/14151305536","kategori":"atm","ad":null}},{"type":"Feature","geometry":{"type":"Point","coordinates":[28.747729,41.177966]},"properties":{"osm_id":"node/14151305556","kategori":"atm","ad":null}},{"type":"Feature","geometry":{"type":"Point","coordinates":[28.702697,41.179009]},"properties":{"osm_id":"node/14151305557","kategori":"atm","ad":null}},{"type":"Feature","geometry":{"type":"Point","coordinates":[28.702735,41.179028]},"properties":{"osm_id":"node/14151305558","kategori":"atm","ad":null}},{"type":"Feature","geometry":{"type":"Point","coordinates":[28.740524,41.185138]},"properties":{"osm_id":"node/14151305560","kategori":"atm","ad":null}},{"type":"Feature","geometry":{"type":"Point","coordinates":[28.740491,41.185169]},"properties":{"osm_id":"node/14151305561","kategori":"atm","ad":null}},{"type":"Feature","geometry":{"type":"Point","coordinates":[28.740464,41.185195]},"properties":{"osm_id":"node/14151305562","kategori":"atm","ad":null}},{"type":"Feature","geometry":{"type":"Point","coordinates":[28.740433,41.185223]},"properties":{"osm_id":"node/14151305563","kategori":"atm","ad":null}},{"type":"Feature","geometry":{"type":"Point","coordinates":[28.977418,41.033078]},"properties":{"osm_id":"node/14155848075","kategori":"atm","ad":null}}]}